onset	duration	nwb_table	event_type
7.664000000000001	0.10024999999999995	TimeIntervals	Lick
7.9975	0.10000000000000053	TimeIntervals	Lick
8.764500000000002	0.06649999999999778	TimeIntervals	Lick
11.8315	0.09999999999999964	TimeIntervals	Lick
12.4315	0.06675000000000075	TimeIntervals	Lick
12.665	0.20000000000000107	TimeIntervals	Lick
12.9315	0.06675000000000075	TimeIntervals	Lick
13.0315	0.10000000000000142	TimeIntervals	Lick
13.165	0.1000000000000032	TimeIntervals	Lick
13.298500000000002	0.06649999999999778	TimeIntervals	Lick
13.398500000000002	0.2332499999999964	TimeIntervals	Lick
13.665	0.06675000000000075	TimeIntervals	Lick
13.765000000000002	0.23349999999999937	TimeIntervals	Lick
14.065	0.06674999999999898	TimeIntervals	Lick
14.165	0.1000000000000032	TimeIntervals	Lick
14.298500000000002	0.09999999999999787	TimeIntervals	Lick
14.3985	0.09999999999999964	TimeIntervals	Reward
14.431999999999999	0.4000000000000039	TimeIntervals	Lick
14.865250000000003	0.1999999999999975	TimeIntervals	Lick
15.098500000000001	0.09999999999999964	TimeIntervals	Lick
15.232000000000001	0.10000000000000142	TimeIntervals	Lick
15.365500000000003	0.1999999999999975	TimeIntervals	Lick
15.598750000000003	0.09999999999999787	TimeIntervals	Lick
15.732000000000001	0.333499999999999	TimeIntervals	Lick
16.098750000000003	0.09999999999999787	TimeIntervals	Lick
16.232	0.10000000000000142	TimeIntervals	Lick
16.365499999999997	0.09999999999999787	TimeIntervals	Lick
16.499	0.06650000000000134	TimeIntervals	Lick
16.599	0.10000000000000142	TimeIntervals	Lick
16.732249999999997	0.10000000000000142	TimeIntervals	Lick
16.865499999999997	0.09999999999999787	TimeIntervals	Lick
16.999	0.10000000000000142	TimeIntervals	Lick
17.132250000000003	0.09999999999999787	TimeIntervals	Lick
17.2655	0.09999999999999787	TimeIntervals	Lick
17.399	0.09999999999999787	TimeIntervals	Lick
17.532249999999998	0.10025000000000261	TimeIntervals	Lick
17.66575	0.26675000000000537	TimeIntervals	Lick
17.965750000000003	0.2667499999999947	TimeIntervals	Lick
18.265749999999997	0.10000000000000142	TimeIntervals	Lick
18.399	0.09999999999999787	TimeIntervals	Lick
18.56575	0.20024999999999693	TimeIntervals	Lick
18.79925	0.13325000000000387	TimeIntervals	Lick
18.966000000000005	0.09999999999999432	TimeIntervals	Lick
19.09925	0.10000000000000142	TimeIntervals	Lick
19.2325	0.23350000000000293	TimeIntervals	Lick
19.532499999999995	0.06675000000000608	TimeIntervals	Lick
19.666	0.06650000000000134	TimeIntervals	Lick
19.7995	0.10000000000000142	TimeIntervals	Lick
19.932750000000002	0.06674999999999898	TimeIntervals	Lick
20.03275	0.10000000000000142	TimeIntervals	Lick
20.232750000000003	0.26674999999999827	TimeIntervals	Lick
20.566	0.09999999999999787	TimeIntervals	Lick
20.765999999999995	0.06675000000000253	TimeIntervals	Lick
20.966250000000002	0.06674999999999898	TimeIntervals	Lick
21.1995	0.6335000000000015	TimeIntervals	Lick
21.86625	0.10025000000000261	TimeIntervals	Lick
21.999750000000002	0.09999999999999787	TimeIntervals	Lick
22.333000000000002	0.1335000000000015	TimeIntervals	Lick
22.499750000000002	0.1667500000000004	TimeIntervals	Lick
22.69975	0.09999999999999432	TimeIntervals	Lick
22.999750000000002	0.06674999999999898	TimeIntervals	Lick
23.099999999999998	0.2665000000000006	TimeIntervals	Lick
23.43325	0.10000000000000142	TimeIntervals	Lick
23.766499999999997	0.10000000000000142	TimeIntervals	Lick
24.066499999999998	0.23349999999999937	TimeIntervals	Lick
24.36675	0.10000000000000142	TimeIntervals	Lick
24.66675	0.09999999999999787	TimeIntervals	Lick
24.900000000000002	0.06674999999999898	TimeIntervals	Lick
25.099999999999998	0.10000000000000497	TimeIntervals	Lick
25.367	0.29999999999999716	TimeIntervals	Lick
25.7335	0.06675000000000253	TimeIntervals	Lick
26.0335	0.3335000000000008	TimeIntervals	Lick
26.53375	0.23324999999999818	TimeIntervals	Lick
27.267	0.06675000000000253	TimeIntervals	Lick
27.800500000000003	0.16674999999999685	TimeIntervals	Lick
28.000500000000002	0.06674999999999542	TimeIntervals	Lick
28.46725	0.3335000000000008	TimeIntervals	Lick
28.8675	0.06650000000000134	TimeIntervals	Lick
29.40075	0.06675000000000253	TimeIntervals	Lick
29.634000000000004	0.06699999999998951	TimeIntervals	Lick
29.801000000000002	0.2664999999999935	TimeIntervals	Lick
30.1675	0.06675000000000253	TimeIntervals	Lick
30.63425	0.06674999999999187	TimeIntervals	Lick
32.467999999999996	0.06650000000000489	TimeIntervals	Lick
33.3015	0.10000000000000142	TimeIntervals	Lick
33.467999999999996	0.03350000000000364	TimeIntervals	Lick
34.635	0.06650000000000489	TimeIntervals	Lick
34.96825	0.09999999999999432	TimeIntervals	Lick
35.1015	0.06699999999999307	TimeIntervals	Lick
35.201750000000004	0.06674999999999187	TimeIntervals	Lick
35.33500000000001	0.06674999999999898	TimeIntervals	Lick
35.435	0.10000000000000142	TimeIntervals	Lick
35.56849999999999	0.10000000000000142	TimeIntervals	Lick
35.701750000000004	0.06674999999999187	TimeIntervals	Lick
35.80175	0.10000000000000853	TimeIntervals	Lick
35.935	0.10000000000000142	TimeIntervals	Lick
36.101749999999996	0.06674999999999898	TimeIntervals	Lick
36.23500000000001	0.06700000000000017	TimeIntervals	Lick
36.368500000000004	0.633499999999998	TimeIntervals	Lick
36.4685	0.06675000000000608	TimeIntervals	Reward
37.035250000000005	0.19999999999999574	TimeIntervals	Lick
37.268499999999996	0.20025000000000404	TimeIntervals	Lick
37.502	0.19999999999999574	TimeIntervals	Lick
37.7355	0.46649999999999636	TimeIntervals	Lick
38.2355	0.10000000000000142	TimeIntervals	Lick
38.368750000000006	0.1002499999999884	TimeIntervals	Lick
38.502250000000004	0.10000000000000142	TimeIntervals	Lick
38.6355	0.10000000000000142	TimeIntervals	Lick
38.769000000000005	0.09999999999999432	TimeIntervals	Lick
38.902249999999995	0.10000000000000853	TimeIntervals	Lick
39.0355	0.10000000000000142	TimeIntervals	Lick
39.169000000000004	0.10000000000000142	TimeIntervals	Lick
39.30225	0.09999999999999432	TimeIntervals	Lick
39.4355	0.267000000000003	TimeIntervals	Lick
39.735749999999996	0.10000000000000853	TimeIntervals	Lick
39.9025	0.09999999999999432	TimeIntervals	Lick
40.03575	0.3999999999999986	TimeIntervals	Lick
40.53575	0.23349999999999937	TimeIntervals	Lick
40.8025	0.10000000000000142	TimeIntervals	Lick
41.102500000000006	0.2667500000000089	TimeIntervals	Lick
41.56925	0.06675000000000608	TimeIntervals	Lick
41.736	0.2667499999999947	TimeIntervals	Lick
42.036	0.06674999999999898	TimeIntervals	Lick
42.136	0.09999999999999432	TimeIntervals	Lick
42.46949999999999	0.10000000000000853	TimeIntervals	Lick
42.736	0.13350000000001216	TimeIntervals	Lick
42.903	0.19999999999999574	TimeIntervals	Lick
43.236250000000005	0.2667499999999947	TimeIntervals	Lick
43.5695	0.03349999999999653	TimeIntervals	Lick
44.503	0.09999999999999432	TimeIntervals	Lick
44.66975000000001	0.06674999999999898	TimeIntervals	Lick
44.903	0.36700000000000443	TimeIntervals	Lick
45.3365	0.10000000000000142	TimeIntervals	Lick
46.6035	0.10000000000000142	TimeIntervals	Lick
46.77	0.06674999999999187	TimeIntervals	Lick
47.537	0.10000000000000142	TimeIntervals	Lick
47.737	0.3332499999999996	TimeIntervals	Lick
48.87049999999999	0.10000000000000853	TimeIntervals	Lick
49.50399999999999	0.10000000000001563	TimeIntervals	Lick
50.57075	0.06675000000000608	TimeIntervals	Lick
50.80400000000001	0.06674999999999898	TimeIntervals	Lick
50.9375	0.06649999999999068	TimeIntervals	Lick
51.104000000000006	0.1667499999999933	TimeIntervals	Lick
51.30400000000001	0.06674999999999187	TimeIntervals	Lick
51.4375	0.06649999999999068	TimeIntervals	Lick
51.5375	0.10000000000000142	TimeIntervals	Lick
51.671	0.10000000000000142	TimeIntervals	Lick
51.80425	0.06674999999999898	TimeIntervals	Lick
51.9375	0.10000000000000142	TimeIntervals	Lick
52.071	0.06650000000000489	TimeIntervals	Lick
52.171	0.10000000000000142	TimeIntervals	Lick
52.30425	0.09999999999998721	TimeIntervals	Lick
52.4375	0.10000000000000142	TimeIntervals	Lick
52.50425	0.06674999999999898	TimeIntervals	Reward
52.571	1.3335000000000008	TimeIntervals	Lick
53.937999999999995	0.3332500000000067	TimeIntervals	Lick
54.3045	0.10000000000000142	TimeIntervals	Lick
54.437999999999995	0.10000000000000853	TimeIntervals	Lick
54.571250000000006	0.09999999999999432	TimeIntervals	Lick
54.7045	0.09999999999999432	TimeIntervals	Lick
54.838	0.09999999999999432	TimeIntervals	Lick
54.971500000000006	0.09999999999999432	TimeIntervals	Lick
55.10475000000001	0.09999999999998721	TimeIntervals	Lick
55.23800000000001	0.09999999999999432	TimeIntervals	Lick
55.3715	0.5332500000000095	TimeIntervals	Lick
55.971500000000006	0.5334999999999894	TimeIntervals	Lick
56.6715	0.29999999999999005	TimeIntervals	Lick
57.27175	0.06675000000000608	TimeIntervals	Lick
57.67175	0.09999999999999432	TimeIntervals	Lick
58.3385	0.19999999999999574	TimeIntervals	Lick
58.80525	0.06674999999999898	TimeIntervals	Lick
59.172	0.066500000000012	TimeIntervals	Lick
59.338750000000005	0.3999999999999986	TimeIntervals	Lick
59.772000000000006	0.03350000000000364	TimeIntervals	Lick
59.838750000000005	0.09999999999999432	TimeIntervals	Lick
60.9055	0.09999999999998721	TimeIntervals	Lick
61.47249999999999	0.10000000000000853	TimeIntervals	Lick
61.77250000000001	0.033250000000002444	TimeIntervals	Lick
62.30575	0.10000000000000853	TimeIntervals	Lick
62.83925000000001	0.3332499999999925	TimeIntervals	Lick
63.205999999999996	0.2664999999999935	TimeIntervals	Lick
64.606	0.09999999999999432	TimeIntervals	Lick
64.90625	0.1667499999999933	TimeIntervals	Lick
66.9065	0.10000000000000853	TimeIntervals	Lick
67.07325	0.06674999999998477	TimeIntervals	Lick
67.53999999999999	0.09999999999999432	TimeIntervals	Reward
67.7065	0.2667500000000018	TimeIntervals	Lick
68.0065	0.06699999999999307	TimeIntervals	Lick
68.10674999999999	1.1335000000000122	TimeIntervals	Lick
69.27350000000001	0.0999999999999801	TimeIntervals	Lick
69.407	0.20000000000000284	TimeIntervals	Lick
69.64025000000001	0.09999999999999432	TimeIntervals	Lick
69.77350000000001	0.0999999999999801	TimeIntervals	Lick
69.907	0.3332500000000067	TimeIntervals	Lick
70.27350000000001	0.1002499999999884	TimeIntervals	Lick
70.407	1.0335000000000036	TimeIntervals	Lick
71.474	0.10000000000000853	TimeIntervals	Lick
71.60725000000001	0.23324999999999818	TimeIntervals	Lick
71.87400000000001	0.09999999999999432	TimeIntervals	Lick
72.0405	0.30000000000001137	TimeIntervals	Lick
72.40725	0.06674999999999898	TimeIntervals	Lick
72.54074999999999	0.06675000000001319	TimeIntervals	Lick
72.74075	0.06674999999999898	TimeIntervals	Lick
73.07400000000001	0.2667499999999876	TimeIntervals	Lick
73.6075	0.06675000000001319	TimeIntervals	Lick
74.00750000000001	0.09999999999999432	TimeIntervals	Lick
74.67450000000001	0.09999999999999432	TimeIntervals	Lick
74.80775	0.10000000000000853	TimeIntervals	Lick
75.14100000000002	0.0999999999999801	TimeIntervals	Lick
75.30775	0.06675000000001319	TimeIntervals	Lick
75.908	0.0665000000000191	TimeIntervals	Lick
76.04124999999999	0.10000000000002274	TimeIntervals	Lick
76.34125	0.10000000000000853	TimeIntervals	Lick
76.54124999999999	0.10000000000002274	TimeIntervals	Lick
77.07475	0.13325000000001808	TimeIntervals	Lick
77.2415	0.13325000000000387	TimeIntervals	Lick
77.44150000000002	0.06649999999997647	TimeIntervals	Lick
78.44150000000002	0.0999999999999801	TimeIntervals	Lick
78.875	0.0665000000000191	TimeIntervals	Lick
79.4085	0.09999999999999432	TimeIntervals	Lick
80.2085	0.06675000000001319	TimeIntervals	Lick
80.37525	0.03325000000000955	TimeIntervals	Lick
80.47525000000002	0.06674999999998477	TimeIntervals	Lick
80.6085	0.06674999999999898	TimeIntervals	Lick
80.7085	0.09999999999999432	TimeIntervals	Lick
80.84200000000001	0.06649999999999068	TimeIntervals	Lick
80.94200000000001	0.23324999999999818	TimeIntervals	Lick
81.2085	0.06700000000000728	TimeIntervals	Lick
81.30875	0.10000000000000853	TimeIntervals	Lick
81.44200000000001	0.09999999999999432	TimeIntervals	Lick
81.57550000000002	0.09999999999999432	TimeIntervals	Lick
81.70875000000001	0.09999999999999432	TimeIntervals	Lick
81.84200000000001	0.23350000000000648	TimeIntervals	Lick
82.10875	0.06675000000001319	TimeIntervals	Lick
82.20875000000001	0.09999999999999432	TimeIntervals	Lick
82.34200000000001	0.06699999999999307	TimeIntervals	Lick
82.44225	0.10000000000000853	TimeIntervals	Lick
82.54225000000001	0.06674999999998477	TimeIntervals	Reward
82.57550000000002	2.0337499999999977	TimeIntervals	Lick
84.64250000000001	0.09999999999999432	TimeIntervals	Lick
84.77600000000001	0.866500000000002	TimeIntervals	Lick
85.67600000000002	0.0999999999999801	TimeIntervals	Lick
85.8095	0.433250000000001	TimeIntervals	Lick
86.276	0.2667500000000018	TimeIntervals	Lick
86.57600000000001	0.23349999999999227	TimeIntervals	Lick
86.87625000000003	0.0999999999999801	TimeIntervals	Lick
87.143	0.3332500000000067	TimeIntervals	Lick
87.843	0.06675000000001319	TimeIntervals	Lick
88.27650000000001	0.06649999999999068	TimeIntervals	Lick
88.40975000000002	0.6334999999999695	TimeIntervals	Lick
89.11000000000001	0.10000000000000853	TimeIntervals	Lick
89.24324999999999	0.20000000000001705	TimeIntervals	Lick
89.4765	0.09999999999999432	TimeIntervals	Lick
90.41000000000001	0.09999999999999432	TimeIntervals	Lick
90.5435	0.0665000000000191	TimeIntervals	Lick
90.6435	0.0665000000000191	TimeIntervals	Lick
90.7435	0.4000000000000057	TimeIntervals	Lick
92.01025	0.09999999999999432	TimeIntervals	Lick
92.17700000000002	0.0999999999999801	TimeIntervals	Lick
92.577	0.10000000000002274	TimeIntervals	Lick
92.87700000000001	0.06674999999999898	TimeIntervals	Lick
93.17700000000002	0.4334999999999809	TimeIntervals	Lick
93.644	0.06650000000000489	TimeIntervals	Lick
93.97725000000003	0.0999999999999801	TimeIntervals	Lick
94.17725	0.10000000000000853	TimeIntervals	Lick
94.7775	0.10000000000000853	TimeIntervals	Lick
94.944	0.06674999999999898	TimeIntervals	Lick
95.04400000000001	0.09999999999999432	TimeIntervals	Lick
96.37750000000001	0.10000000000000853	TimeIntervals	Lick
97.31099999999999	0.13350000000002638	TimeIntervals	Lick
97.97800000000001	0.09999999999999432	TimeIntervals	Lick
98.74449999999999	0.10025000000000261	TimeIntervals	Lick
100.0115	0.10000000000000853	TimeIntervals	Lick
100.17825000000002	0.06674999999998477	TimeIntervals	Lick
100.545	0.06650000000000489	TimeIntervals	Lick
101.17850000000003	0.06649999999997647	TimeIntervals	Lick
101.31175000000002	0.06674999999997056	TimeIntervals	Lick
103.17850000000003	0.1002499999999884	TimeIntervals	Lick
103.47875	0.03324999999998113	TimeIntervals	Lick
104.07875	0.06674999999999898	TimeIntervals	Lick
104.8455	0.10000000000000853	TimeIntervals	Lick
106.47900000000001	0.06699999999997885	TimeIntervals	Lick
108.04599999999999	0.10000000000000853	TimeIntervals	Lick
108.91300000000001	0.06650000000000489	TimeIntervals	Lick
109.11300000000001	0.06650000000000489	TimeIntervals	Lick
109.21300000000001	0.20000000000000284	TimeIntervals	Lick
109.44625000000002	0.0999999999999801	TimeIntervals	Lick
109.5795	0.10000000000002274	TimeIntervals	Lick
109.71300000000001	0.06650000000000489	TimeIntervals	Lick
109.87975	0.1667499999999933	TimeIntervals	Lick
110.07975000000002	0.09999999999999432	TimeIntervals	Lick
110.21300000000001	0.0999999999999801	TimeIntervals	Lick
110.3465	0.06650000000000489	TimeIntervals	Lick
110.47975000000001	0.10000000000000853	TimeIntervals	Lick
110.57975000000002	0.09999999999999432	TimeIntervals	Reward
110.61300000000001	0.6670000000000016	TimeIntervals	Lick
111.31324999999998	0.06675000000001319	TimeIntervals	Lick
111.41325	0.09999999999999432	TimeIntervals	Lick
111.5465	0.20000000000000284	TimeIntervals	Lick
111.78000000000002	0.0999999999999801	TimeIntervals	Lick
111.91325	0.10025000000000261	TimeIntervals	Lick
112.04675000000002	0.10000000000000853	TimeIntervals	Lick
112.18	0.19999999999998863	TimeIntervals	Lick
112.4135	0.10000000000000853	TimeIntervals	Lick
112.54675000000002	0.10000000000000853	TimeIntervals	Lick
112.68	0.06675000000001319	TimeIntervals	Lick
112.78000000000002	0.0999999999999801	TimeIntervals	Lick
112.9135	0.10000000000000853	TimeIntervals	Lick
113.04675000000002	0.3667499999999819	TimeIntervals	Lick
113.447	0.09999999999999432	TimeIntervals	Lick
113.58025	0.10000000000000853	TimeIntervals	Lick
113.71350000000001	0.0999999999999801	TimeIntervals	Lick
113.847	0.4000000000000057	TimeIntervals	Lick
114.2805	0.09999999999999432	TimeIntervals	Lick
114.41375	0.09999999999999432	TimeIntervals	Lick
114.547	0.13350000000001216	TimeIntervals	Lick
114.71375	0.0999999999999801	TimeIntervals	Lick
114.847	0.10000000000000853	TimeIntervals	Lick
114.98050000000002	0.13325000000000387	TimeIntervals	Lick
115.147	0.09999999999999432	TimeIntervals	Lick
115.2805	1.066749999999999	TimeIntervals	Lick
116.41399999999999	0.10000000000000853	TimeIntervals	Lick
116.68075000000003	0.06674999999995634	TimeIntervals	Lick
116.8475	0.10000000000000853	TimeIntervals	Lick
117.14750000000001	0.23324999999998397	TimeIntervals	Lick
117.41399999999999	0.10025000000001683	TimeIntervals	Lick
117.54750000000001	0.06674999999999898	TimeIntervals	Lick
117.68100000000001	0.23324999999999818	TimeIntervals	Lick
117.9475	0.10000000000000853	TimeIntervals	Lick
118.11425000000001	0.06674999999999898	TimeIntervals	Lick
118.24749999999999	0.06674999999999898	TimeIntervals	Lick
118.48100000000001	0.09999999999999432	TimeIntervals	Lick
118.7145	0.06650000000000489	TimeIntervals	Lick
119.1145	0.09999999999999432	TimeIntervals	Lick
119.281	0.06674999999999898	TimeIntervals	Lick
119.41450000000002	0.4334999999999809	TimeIntervals	Lick
119.91450000000002	0.36674999999999613	TimeIntervals	Lick
120.31449999999998	1.0002500000000083	TimeIntervals	Lick
121.348	2.266999999999996	TimeIntervals	Lick
123.68175000000001	0.6002499999999884	TimeIntervals	Lick
124.31525	0.10000000000000853	TimeIntervals	Lick
124.44850000000001	0.09999999999999432	TimeIntervals	Lick
124.58200000000001	0.23324999999999818	TimeIntervals	Lick
124.8485	0.23350000000000648	TimeIntervals	Lick
125.14850000000004	0.23349999999997806	TimeIntervals	Lick
125.44875	0.36675000000001035	TimeIntervals	Lick
125.88200000000002	0.1667499999999933	TimeIntervals	Lick
126.1155	0.0665000000000191	TimeIntervals	Lick
126.24900000000001	0.36649999999998784	TimeIntervals	Lick
126.64900000000003	0.46649999999996794	TimeIntervals	Lick
127.24900000000001	0.06650000000000489	TimeIntervals	Lick
127.349	0.3000000000000256	TimeIntervals	Lick
127.68250000000002	0.06649999999999068	TimeIntervals	Lick
127.78250000000003	0.16649999999995657	TimeIntervals	Lick
128.149	0.06674999999998477	TimeIntervals	Lick
128.24900000000002	0.23349999999999227	TimeIntervals	Lick
128.516	0.10000000000002274	TimeIntervals	Lick
128.716	0.29999999999998295	TimeIntervals	Lick
129.516	0.06675000000004161	TimeIntervals	Lick
129.64950000000002	0.166499999999985	TimeIntervals	Lick
129.88275000000004	0.06674999999995634	TimeIntervals	Lick
130.4495	0.06649999999999068	TimeIntervals	Lick
130.58275000000003	0.10024999999995998	TimeIntervals	Lick
130.9495	0.10000000000002274	TimeIntervals	Lick
131.08300000000003	0.0999999999999659	TimeIntervals	Lick
131.21624999999997	0.06675000000001319	TimeIntervals	Lick
131.38300000000004	0.06649999999996226	TimeIntervals	Lick
131.51625	0.0999999999999659	TimeIntervals	Lick
131.64950000000002	0.06674999999995634	TimeIntervals	Reward
131.71624999999997	1.0002500000000225	TimeIntervals	Lick
132.74975	0.06674999999998477	TimeIntervals	Lick
132.85000000000002	0.3332499999999641	TimeIntervals	Lick
133.2165	0.06674999999998477	TimeIntervals	Lick
133.3165	0.10000000000002274	TimeIntervals	Lick
133.45	0.3332499999999925	TimeIntervals	Lick
133.8165	0.10000000000002274	TimeIntervals	Lick
133.95	0.10000000000002274	TimeIntervals	Lick
134.0835	0.10000000000002274	TimeIntervals	Lick
134.21675	0.10000000000002274	TimeIntervals	Lick
134.35000000000002	0.13349999999996953	TimeIntervals	Lick
134.51675	0.09999999999999432	TimeIntervals	Lick
134.6835	0.06649999999999068	TimeIntervals	Lick
134.7835	0.0665000000000191	TimeIntervals	Lick
134.88350000000003	0.0999999999999659	TimeIntervals	Lick
135.017	0.13325000000000387	TimeIntervals	Lick
135.1835	0.09999999999999432	TimeIntervals	Lick
135.35025000000002	0.2667499999999734	TimeIntervals	Lick
135.6835	0.1667500000000075	TimeIntervals	Lick
136.017	0.13350000000002638	TimeIntervals	Lick
136.18374999999997	0.10000000000002274	TimeIntervals	Lick
136.35050000000004	0.06649999999996226	TimeIntervals	Lick
136.4505	0.26650000000000773	TimeIntervals	Lick
136.78375000000003	0.09999999999999432	TimeIntervals	Lick
136.95049999999998	0.06650000000004752	TimeIntervals	Lick
137.0505	0.3667499999999677	TimeIntervals	Lick
137.75050000000002	0.1999999999999602	TimeIntervals	Lick
138.11724999999998	0.03325000000003797	TimeIntervals	Lick
138.25050000000002	0.10025000000001683	TimeIntervals	Lick
138.9175	0.10000000000002274	TimeIntervals	Lick
139.18400000000003	0.09999999999999432	TimeIntervals	Lick
139.4175	0.2335000000000491	TimeIntervals	Lick
139.68425	0.06675000000004161	TimeIntervals	Reward
139.68425	0.06675000000004161	TimeIntervals	Lick
139.9175	1.5002500000000225	TimeIntervals	Lick
141.45100000000002	0.09999999999999432	TimeIntervals	Lick
141.58450000000002	0.20000000000004547	TimeIntervals	Lick
141.818	0.0999999999999659	TimeIntervals	Lick
141.95125000000002	0.19999999999998863	TimeIntervals	Lick
142.18449999999999	0.10000000000007958	TimeIntervals	Lick
142.318	0.0999999999999659	TimeIntervals	Lick
142.45125000000002	0.19999999999998863	TimeIntervals	Lick
142.68449999999999	0.10025000000004525	TimeIntervals	Lick
142.818	0.0999999999999659	TimeIntervals	Lick
142.9515	0.09999999999999432	TimeIntervals	Lick
143.08475	0.09999999999999432	TimeIntervals	Lick
143.318	0.30000000000001137	TimeIntervals	Lick
143.6515	0.23349999999999227	TimeIntervals	Lick
144.0515	0.13349999999999795	TimeIntervals	Lick
144.2515	0.06674999999998477	TimeIntervals	Lick
144.4515	0.06675000000001319	TimeIntervals	Lick
144.58500000000004	0.0999999999999659	TimeIntervals	Lick
144.7515	0.06674999999998477	TimeIntervals	Lick
144.885	0.09999999999999432	TimeIntervals	Lick
145.05175000000003	0.06674999999998477	TimeIntervals	Lick
145.25175000000002	0.10000000000002274	TimeIntervals	Lick
145.4185	0.10000000000002274	TimeIntervals	Lick
145.58500000000004	0.06674999999998477	TimeIntervals	Lick
145.685	0.10000000000005116	TimeIntervals	Lick
145.81850000000003	0.0999999999999659	TimeIntervals	Lick
145.95175	0.1002499999999884	TimeIntervals	Lick
146.1185	0.06674999999998477	TimeIntervals	Lick
146.2185	0.09999999999999432	TimeIntervals	Lick
146.352	0.09999999999999432	TimeIntervals	Lick
146.48525	0.09999999999999432	TimeIntervals	Lick
146.65200000000002	0.10000000000002274	TimeIntervals	Lick
146.68525	0.06675000000004161	TimeIntervals	Reward
146.78525000000005	6.76774999999995	TimeIntervals	Lick
153.6195	0.0670000000000357	TimeIntervals	Lick
154.3865	0.09999999999999432	TimeIntervals	Lick
154.553	0.03350000000003206	TimeIntervals	Lick
154.75300000000001	0.23349999999999227	TimeIntervals	Lick
155.05325000000002	0.23324999999999818	TimeIntervals	Lick
155.8865	0.1002499999999884	TimeIntervals	Lick
156.32000000000002	0.0999999999999659	TimeIntervals	Lick
156.98700000000002	0.09999999999999432	TimeIntervals	Lick
157.187	0.0665000000000191	TimeIntervals	Lick
157.35350000000003	0.0999999999999659	TimeIntervals	Lick
157.52025	0.0999999999999659	TimeIntervals	Lick
157.72025000000002	0.09999999999999432	TimeIntervals	Lick
157.887	0.06649999999999068	TimeIntervals	Lick
158.35375000000002	0.09999999999999432	TimeIntervals	Lick
158.5205	0.09999999999999432	TimeIntervals	Lick
158.687	0.09999999999999432	TimeIntervals	Lick
158.85375000000002	0.09999999999999432	TimeIntervals	Lick
159.4205	0.09999999999999432	TimeIntervals	Lick
159.68725	0.20000000000001705	TimeIntervals	Lick
159.95400000000004	0.06649999999996226	TimeIntervals	Lick
160.4875	0.166499999999985	TimeIntervals	Lick
161.421	0.0665000000000191	TimeIntervals	Lick
161.75425000000004	0.09999999999993747	TimeIntervals	Lick
162.1875	0.10000000000005116	TimeIntervals	Lick
162.45425000000003	0.10024999999995998	TimeIntervals	Lick
162.75450000000004	0.09999999999993747	TimeIntervals	Lick
163.15449999999998	0.0665000000000191	TimeIntervals	Lick
163.28775000000002	0.06674999999995634	TimeIntervals	Lick
163.92125000000001	0.13324999999997544	TimeIntervals	Lick
164.58800000000005	0.1334999999999411	TimeIntervals	Lick
165.55474999999998	0.13325000000000387	TimeIntervals	Lick
165.855	0.10000000000002274	TimeIntervals	Lick
166.15499999999997	0.0665000000000191	TimeIntervals	Lick
166.92175	0.06675000000001319	TimeIntervals	Lick
167.12175	0.23324999999999818	TimeIntervals	Lick
167.98850000000002	0.10000000000002274	TimeIntervals	Lick
171.12224999999998	0.10000000000007958	TimeIntervals	Lick
171.389	0.06675000000001319	TimeIntervals	Lick
171.52250000000004	0.06649999999996226	TimeIntervals	Lick
171.72250000000003	0.166499999999985	TimeIntervals	Lick
171.9225	0.0665000000000191	TimeIntervals	Lick
172.02250000000004	0.0999999999999659	TimeIntervals	Lick
172.189	0.06675000000004161	TimeIntervals	Lick
172.356	0.0665000000000191	TimeIntervals	Lick
172.48925000000003	0.09999999999999432	TimeIntervals	Lick
172.65599999999998	0.06650000000004752	TimeIntervals	Lick
172.75600000000003	0.0999999999999659	TimeIntervals	Lick
172.88925	0.06675000000001319	TimeIntervals	Lick
173.02250000000004	0.06674999999998477	TimeIntervals	Lick
173.1225	0.10000000000002274	TimeIntervals	Lick
173.25600000000003	0.0999999999999659	TimeIntervals	Lick
173.45600000000002	0.06674999999998477	TimeIntervals	Lick
173.556	0.0999999999999659	TimeIntervals	Lick
173.6895	0.10000000000002274	TimeIntervals	Lick
173.72275000000002	0.0999999999999659	TimeIntervals	Reward
173.82274999999998	0.833500000000015	TimeIntervals	Lick
174.6895	0.20000000000004547	TimeIntervals	Lick
174.923	0.09999999999999432	TimeIntervals	Lick
175.05625000000003	0.19999999999998863	TimeIntervals	Lick
175.28950000000003	0.10000000000002274	TimeIntervals	Lick
175.423	0.09999999999999432	TimeIntervals	Lick
175.55625000000003	0.10024999999995998	TimeIntervals	Lick
175.68975	0.10000000000002274	TimeIntervals	Lick
175.823	0.09999999999999432	TimeIntervals	Lick
175.9565	0.19999999999998863	TimeIntervals	Lick
176.18975	0.10000000000002274	TimeIntervals	Lick
176.323	0.09999999999999432	TimeIntervals	Lick
176.4565	0.09999999999999432	TimeIntervals	Lick
176.58975	0.09999999999999432	TimeIntervals	Lick
176.723	0.13350000000002638	TimeIntervals	Lick
176.89000000000001	0.10000000000002274	TimeIntervals	Lick
177.02325	0.09999999999999432	TimeIntervals	Lick
177.1565	0.10000000000002274	TimeIntervals	Lick
177.29000000000002	0.23324999999996976	TimeIntervals	Lick
177.5565	0.09999999999999432	TimeIntervals	Lick
177.69	0.10000000000002274	TimeIntervals	Lick
177.85650000000004	0.06699999999995043	TimeIntervals	Lick
177.95675	0.10000000000002274	TimeIntervals	Lick
178.09	0.09999999999999432	TimeIntervals	Lick
178.22350000000006	0.0999999999999659	TimeIntervals	Lick
178.35675	0.20000000000001705	TimeIntervals	Lick
178.59	0.6335000000000548	TimeIntervals	Lick
179.29025000000004	0.06674999999995634	TimeIntervals	Lick
179.49025000000003	0.13324999999997544	TimeIntervals	Lick
179.657	0.23324999999999818	TimeIntervals	Lick
179.9235	0.20025000000001114	TimeIntervals	Lick
180.39050000000003	0.06649999999999068	TimeIntervals	Lick
180.5905	0.0665000000000191	TimeIntervals	Lick
180.72375000000002	0.09999999999999432	TimeIntervals	Lick
180.95700000000002	0.09999999999999432	TimeIntervals	Lick
181.12375	0.13350000000002638	TimeIntervals	Lick
181.32400000000004	0.06649999999999068	TimeIntervals	Lick
181.49050000000003	0.3000000000000398	TimeIntervals	Lick
182.32400000000004	0.0999999999999659	TimeIntervals	Lick
182.65750000000003	0.06649999999999068	TimeIntervals	Lick
182.85750000000004	0.0999999999999659	TimeIntervals	Lick
183.19075	0.10000000000002274	TimeIntervals	Lick
183.42425000000003	0.0999999999999659	TimeIntervals	Lick
183.62425	0.10000000000002274	TimeIntervals	Lick
183.85750000000004	0.16674999999995066	TimeIntervals	Lick
184.15750000000003	0.20000000000001705	TimeIntervals	Lick
184.42450000000002	0.09999999999999432	TimeIntervals	Lick
184.891	0.10000000000002274	TimeIntervals	Lick
185.3245	0.1332500000000323	TimeIntervals	Lick
185.52450000000002	0.0999999999999659	TimeIntervals	Lick
185.89125	0.09999999999999432	TimeIntervals	Lick
186.2245	0.09999999999999432	TimeIntervals	Lick
186.45800000000003	0.0999999999999659	TimeIntervals	Lick
186.658	0.06675000000001319	TimeIntervals	Lick
187.058	0.09999999999999432	TimeIntervals	Lick
187.25800000000004	0.13349999999999795	TimeIntervals	Lick
187.5915	0.13350000000002638	TimeIntervals	Lick
187.85825000000003	0.16674999999995066	TimeIntervals	Lick
188.2915	0.1667500000000075	TimeIntervals	Lick
188.5915	0.06675000000001319	TimeIntervals	Lick
189.0585	0.09999999999999432	TimeIntervals	Lick
189.22500000000002	0.09999999999999432	TimeIntervals	Lick
189.42499999999998	0.13350000000002638	TimeIntervals	Lick
189.72500000000002	0.13349999999999795	TimeIntervals	Lick
189.92499999999998	0.06700000000000728	TimeIntervals	Lick
190.692	0.1332500000000323	TimeIntervals	Lick
191.22550000000004	0.13324999999997544	TimeIntervals	Lick
193.05900000000003	0.09999999999993747	TimeIntervals	Lick
193.19225	0.10025000000001683	TimeIntervals	Lick
193.52575000000004	0.09999999999993747	TimeIntervals	Lick
195.32600000000002	0.0999999999999659	TimeIntervals	Lick
196.55950000000004	0.0999999999999659	TimeIntervals	Lick
196.793	0.10000000000002274	TimeIntervals	Lick
197.02625	0.13325000000000387	TimeIntervals	Lick
197.193	0.09999999999999432	TimeIntervals	Lick
197.32625000000002	0.06675000000001319	TimeIntervals	Lick
197.42624999999998	0.10000000000002274	TimeIntervals	Lick
197.55950000000004	0.06699999999995043	TimeIntervals	Lick
197.72650000000002	0.03325000000000955	TimeIntervals	Lick
197.8265	0.09999999999999432	TimeIntervals	Lick
197.95975	0.09999999999999432	TimeIntervals	Lick
198.093	0.20000000000001705	TimeIntervals	Lick
198.3265	0.09999999999999432	TimeIntervals	Lick
198.45975	0.06674999999998477	TimeIntervals	Lick
198.55975	0.09999999999999432	TimeIntervals	Lick
198.693	0.10025000000001683	TimeIntervals	Lick
198.79325000000003	0.06674999999998477	TimeIntervals	Reward
198.8265	3.533999999999992	TimeIntervals	Lick
202.427	0.10000000000002274	TimeIntervals	Lick
202.56050000000002	0.6334999999999695	TimeIntervals	Lick
203.29400000000007	0.1999999999999318	TimeIntervals	Lick
203.52725	0.06675000000001319	TimeIntervals	Lick
203.79400000000007	0.06649999999993383	TimeIntervals	Lick
203.92725000000002	0.13325000000000387	TimeIntervals	Lick
204.12725	0.10025000000001683	TimeIntervals	Lick
204.26075	0.2667500000000018	TimeIntervals	Lick
204.6275	0.06649999999999068	TimeIntervals	Lick
204.76075	0.10000000000002274	TimeIntervals	Lick
204.9275	0.09999999999999432	TimeIntervals	Lick
205.1275	0.13325000000000387	TimeIntervals	Lick
205.3275	0.06675000000001319	TimeIntervals	Lick
205.49425000000002	0.06674999999998477	TimeIntervals	Lick
205.6275	0.36675000000002456	TimeIntervals	Lick
206.061	0.13325000000000387	TimeIntervals	Lick
206.3275	0.13350000000002638	TimeIntervals	Lick
206.861	0.13350000000002638	TimeIntervals	Lick
207.26100000000002	0.06674999999995634	TimeIntervals	Lick
207.461	0.20025000000001114	TimeIntervals	Lick
208.2945	0.10000000000002274	TimeIntervals	Lick
209.19475000000003	0.09999999999999432	TimeIntervals	Lick
209.3615	0.10000000000002274	TimeIntervals	Lick
209.895	0.09999999999999432	TimeIntervals	Lick
210.09500000000003	0.09999999999999432	TimeIntervals	Lick
210.69500000000002	0.0665000000000191	TimeIntervals	Lick
211.8285	0.10000000000002274	TimeIntervals	Lick
213.16199999999998	0.06675000000004161	TimeIntervals	Lick
213.26200000000003	0.06675000000001319	TimeIntervals	Lick
213.39550000000003	0.06649999999999068	TimeIntervals	Lick
213.52874999999997	0.10000000000005116	TimeIntervals	Lick
213.66199999999998	0.06675000000004161	TimeIntervals	Lick
213.76200000000003	0.10000000000002274	TimeIntervals	Lick
213.89550000000003	0.06649999999999068	TimeIntervals	Lick
214.02874999999997	0.10025000000001683	TimeIntervals	Lick
214.16225	0.06675000000001319	TimeIntervals	Lick
214.26225000000002	0.09999999999999432	TimeIntervals	Lick
214.39550000000003	0.0999999999999659	TimeIntervals	Lick
214.529	0.06649999999999068	TimeIntervals	Lick
214.66225	0.06675000000001319	TimeIntervals	Lick
214.7955	0.06675000000001319	TimeIntervals	Lick
214.86225000000002	0.09999999999999432	TimeIntervals	Reward
214.89550000000003	6.234499999999997	TimeIntervals	Lick
221.16325	0.19999999999998863	TimeIntervals	Lick
221.42999999999998	0.46675000000001887	TimeIntervals	Lick
222.36350000000002	0.03324999999998113	TimeIntervals	Lick
222.46350000000004	0.09999999999993747	TimeIntervals	Lick
222.63000000000002	0.23349999999999227	TimeIntervals	Lick
222.93024999999997	0.10000000000002274	TimeIntervals	Lick
223.23025000000004	0.1999999999999318	TimeIntervals	Lick
223.497	0.06649999999996226	TimeIntervals	Lick
223.76350000000002	0.06674999999998477	TimeIntervals	Lick
223.997	0.09999999999999432	TimeIntervals	Lick
224.29700000000003	0.3334999999999866	TimeIntervals	Lick
224.997	0.06699999999997885	TimeIntervals	Lick
225.19725	0.06675000000004161	TimeIntervals	Lick
225.39725	0.06674999999998477	TimeIntervals	Lick
225.49724999999998	0.3000000000000398	TimeIntervals	Lick
225.83050000000003	0.033499999999975216	TimeIntervals	Lick
225.964	0.13325000000000387	TimeIntervals	Lick
226.564	0.06674999999998477	TimeIntervals	Lick
226.664	0.10000000000005116	TimeIntervals	Lick
226.83075000000002	0.0999999999999659	TimeIntervals	Lick
226.964	0.09999999999999432	TimeIntervals	Lick
227.39750000000004	0.06674999999998477	TimeIntervals	Lick
227.56425	0.03325000000000955	TimeIntervals	Lick
227.7975	0.10000000000002274	TimeIntervals	Lick
227.931	0.0999999999999659	TimeIntervals	Lick
228.631	0.13350000000002638	TimeIntervals	Lick
228.83100000000002	0.06674999999998477	TimeIntervals	Lick
229.09775	0.20000000000001705	TimeIntervals	Lick
229.46450000000002	0.3334999999999866	TimeIntervals	Lick
230.23125000000002	0.13324999999997544	TimeIntervals	Lick
230.46450000000002	0.13349999999996953	TimeIntervals	Lick
230.6315	0.1332500000000323	TimeIntervals	Lick
230.99800000000002	0.0999999999999659	TimeIntervals	Lick
231.298	0.10000000000002274	TimeIntervals	Lick
231.56475	0.06674999999998477	TimeIntervals	Lick
232.19824999999997	0.1332500000000323	TimeIntervals	Lick
232.39825000000002	0.13325000000000387	TimeIntervals	Lick
233.63175	0.09999999999999432	TimeIntervals	Lick
233.76500000000001	0.06700000000000728	TimeIntervals	Lick
233.96525000000003	0.06674999999998477	TimeIntervals	Lick
234.732	0.0665000000000191	TimeIntervals	Lick
234.86525000000003	0.06674999999995634	TimeIntervals	Lick
234.96550000000002	0.06649999999999068	TimeIntervals	Lick
235.29875	0.13324999999997544	TimeIntervals	Lick
236.16550000000004	0.0999999999999659	TimeIntervals	Lick
236.299	0.10000000000002274	TimeIntervals	Lick
236.49900000000002	0.06649999999996226	TimeIntervals	Lick
236.73225000000002	0.06674999999998477	TimeIntervals	Lick
237.56575	0.23324999999999818	TimeIntervals	Lick
237.8325	0.0999999999999659	TimeIntervals	Lick
237.96575	0.09999999999999432	TimeIntervals	Lick
238.16575	0.13350000000002638	TimeIntervals	Lick
238.43249999999998	0.13350000000002638	TimeIntervals	Lick
240.366	0.1002499999999884	TimeIntervals	Lick
241.233	0.10000000000002274	TimeIntervals	Lick
241.533	0.10000000000005116	TimeIntervals	Lick
241.6665	0.10000000000002274	TimeIntervals	Lick
241.79975000000002	0.06675000000001319	TimeIntervals	Lick
241.933	0.06674999999998477	TimeIntervals	Lick
242.033	0.10000000000005116	TimeIntervals	Lick
242.1665	0.06649999999999068	TimeIntervals	Lick
242.26650000000004	0.09999999999999432	TimeIntervals	Lick
242.39975	0.06674999999998477	TimeIntervals	Lick
242.49974999999998	0.20025000000003956	TimeIntervals	Lick
242.73325000000003	0.09999999999999432	TimeIntervals	Lick
242.86650000000003	0.06674999999995634	TimeIntervals	Lick
242.93325	0.03325000000000955	TimeIntervals	Reward
242.9665	4.2675000000000125	TimeIntervals	Lick
247.26725000000002	0.6000000000000227	TimeIntervals	Lick
247.90050000000002	0.16674999999995066	TimeIntervals	Lick
248.134	0.4335000000000093	TimeIntervals	Lick
248.60075	0.1667500000000075	TimeIntervals	Lick
248.80075	0.7335000000000207	TimeIntervals	Lick
249.601	0.16650000000001342	TimeIntervals	Lick
249.83425	0.7667500000000018	TimeIntervals	Lick
249.96750000000003	0.0999999999999659	TimeIntervals	Reward
250.6345	0.0665000000000191	TimeIntervals	Lick
250.73450000000003	0.09999999999993747	TimeIntervals	Lick
250.86775000000003	0.06675000000001319	TimeIntervals	Lick
250.96775000000002	0.0999999999999659	TimeIntervals	Lick
251.101	0.06674999999998477	TimeIntervals	Lick
251.20100000000002	0.09999999999999432	TimeIntervals	Lick
251.33449999999996	0.20000000000004547	TimeIntervals	Lick
251.568	0.20000000000001705	TimeIntervals	Lick
251.80124999999998	0.10000000000005116	TimeIntervals	Lick
251.93450000000004	0.1999999999999602	TimeIntervals	Lick
252.168	0.20000000000004547	TimeIntervals	Lick
252.40125000000003	0.10025000000001683	TimeIntervals	Lick
252.53475	0.20000000000001705	TimeIntervals	Lick
252.76800000000003	0.10000000000002274	TimeIntervals	Lick
252.9015	0.10000000000005116	TimeIntervals	Lick
253.03475	0.0999999999999659	TimeIntervals	Lick
253.168	0.10000000000002274	TimeIntervals	Lick
253.30150000000003	0.20000000000001705	TimeIntervals	Lick
253.53475	0.10025000000001683	TimeIntervals	Lick
253.66825000000003	0.10000000000002274	TimeIntervals	Lick
253.80150000000003	0.20000000000001705	TimeIntervals	Lick
254.06825000000003	0.06674999999998477	TimeIntervals	Lick
254.16825000000003	0.10000000000002274	TimeIntervals	Lick
254.335	0.06649999999999068	TimeIntervals	Lick
254.46825	0.06675000000001319	TimeIntervals	Lick
254.60150000000002	0.10000000000002274	TimeIntervals	Lick
254.76850000000005	0.06649999999996226	TimeIntervals	Lick
254.90175000000002	0.0999999999999659	TimeIntervals	Lick
255.10174999999998	0.06675000000001319	TimeIntervals	Lick
255.23500000000004	0.0999999999999659	TimeIntervals	Lick
255.40175000000002	0.06674999999998477	TimeIntervals	Lick
255.53500000000003	0.09999999999999432	TimeIntervals	Lick
255.6685	0.10000000000005116	TimeIntervals	Lick
255.80200000000005	0.0999999999999659	TimeIntervals	Lick
255.93525	0.0999999999999659	TimeIntervals	Lick
256.0685	0.10000000000002274	TimeIntervals	Lick
256.202	0.06649999999996226	TimeIntervals	Lick
256.3020000000001	0.1332499999999186	TimeIntervals	Lick
256.46849999999995	0.10000000000002274	TimeIntervals	Lick
256.60200000000003	0.06649999999996226	TimeIntervals	Lick
256.702	0.10000000000007958	TimeIntervals	Lick
256.8685	0.06700000000000728	TimeIntervals	Lick
256.96874999999994	0.10000000000002274	TimeIntervals	Reward
256.96874999999994	0.10000000000002274	TimeIntervals	Lick
257.10200000000003	6.867749999999944	TimeIntervals	Lick
264.0365	0.03325000000000955	TimeIntervals	Lick
264.1365	0.19999999999998863	TimeIntervals	Lick
264.4365	0.06649999999996226	TimeIntervals	Lick
264.5365	0.10000000000002274	TimeIntervals	Lick
264.67	0.13324999999997544	TimeIntervals	Lick
264.8365	0.5334999999999468	TimeIntervals	Lick
265.40324999999996	0.06675000000001319	TimeIntervals	Lick
265.50325000000004	0.0999999999999659	TimeIntervals	Lick
265.67	0.09999999999990905	TimeIntervals	Lick
265.83675	1.3667500000000246	TimeIntervals	Lick
267.27025	0.4000000000000341	TimeIntervals	Lick
267.73699999999997	1.8002500000000055	TimeIntervals	Lick
269.03725	0.06675000000001319	TimeIntervals	Reward
269.5705	0.19999999999998863	TimeIntervals	Lick
269.80400000000003	0.1999999999999318	TimeIntervals	Lick
270.03725	0.20024999999998272	TimeIntervals	Lick
270.27075	0.1999999999999318	TimeIntervals	Lick
270.50399999999996	0.23349999999999227	TimeIntervals	Lick
270.77075	0.0999999999999659	TimeIntervals	Lick
270.904	0.6669999999999732	TimeIntervals	Lick
271.60425	0.13324999999997544	TimeIntervals	Lick
271.771	0.4664999999999395	TimeIntervals	Lick
272.271	0.4334999999999809	TimeIntervals	Lick
272.73775	0.23324999999994134	TimeIntervals	Lick
273.00449999999995	0.3664999999999736	TimeIntervals	Lick
273.4044999999999	0.06675000000007003	TimeIntervals	Lick
273.50449999999995	0.20000000000004547	TimeIntervals	Lick
273.73799999999994	0.10000000000013642	TimeIntervals	Lick
273.87125	0.19999999999998863	TimeIntervals	Lick
274.1045	0.2667500000000018	TimeIntervals	Lick
274.43800000000005	0.4334999999999809	TimeIntervals	Lick
274.90475000000004	0.09999999999990905	TimeIntervals	Lick
275.03799999999995	0.16675000000003593	TimeIntervals	Lick
275.23799999999994	0.4670000000000414	TimeIntervals	Lick
275.73824999999994	0.10000000000007958	TimeIntervals	Lick
275.8715	0.23349999999999227	TimeIntervals	Lick
276.1714999999999	0.10000000000002274	TimeIntervals	Lick
276.33825	0.2667500000000018	TimeIntervals	Lick
276.6714999999999	0.20025000000003956	TimeIntervals	Lick
276.90500000000003	0.33349999999995816	TimeIntervals	Lick
277.27175	0.06675000000001319	TimeIntervals	Lick
277.40500000000003	0.33349999999995816	TimeIntervals	Lick
277.90525	0.266749999999945	TimeIntervals	Lick
278.272	0.10000000000002274	TimeIntervals	Lick
278.60524999999996	0.1332500000000323	TimeIntervals	Lick
278.772	0.10000000000002274	TimeIntervals	Lick
278.9387500000001	0.0667499999998995	TimeIntervals	Lick
279.1055	0.03325000000000955	TimeIntervals	Lick
279.23875	0.06675000000001319	TimeIntervals	Lick
279.372	0.0999999999999659	TimeIntervals	Lick
279.5055	0.10000000000002274	TimeIntervals	Lick
279.63875	0.0999999999999659	TimeIntervals	Lick
279.772	0.10000000000002274	TimeIntervals	Lick
279.9387500000001	0.0667499999998995	TimeIntervals	Lick
280.03900000000004	0.06649999999996226	TimeIntervals	Lick
280.139	0.0999999999999659	TimeIntervals	Lick
280.27225	0.0999999999999659	TimeIntervals	Lick
280.4055	0.0999999999999659	TimeIntervals	Lick
280.53900000000004	0.06649999999996226	TimeIntervals	Lick
280.67225	0.06674999999995634	TimeIntervals	Lick
280.77225	0.20000000000004547	TimeIntervals	Lick
281.0055	0.10025000000001683	TimeIntervals	Lick
281.03900000000004	0.06674999999995634	TimeIntervals	Reward
281.139	3.3339999999999463	TimeIntervals	Lick
284.53950000000003	0.06675000000001319	TimeIntervals	Lick
284.673	0.19999999999998863	TimeIntervals	Lick
284.90625	0.06674999999995634	TimeIntervals	Lick
285.0729999999999	0.06650000000013279	TimeIntervals	Lick
285.20625	0.10000000000002274	TimeIntervals	Lick
285.373	0.2667500000000018	TimeIntervals	Lick
285.673	0.0999999999999659	TimeIntervals	Lick
285.80649999999997	0.5332500000000664	TimeIntervals	Lick
286.40650000000005	0.09999999999990905	TimeIntervals	Lick
286.54	0.10000000000002274	TimeIntervals	Lick
286.67325000000005	0.1332499999999186	TimeIntervals	Lick
287.04	0.0665000000000191	TimeIntervals	Lick
287.20649999999995	0.2335000000000491	TimeIntervals	Lick
287.47325	0.09999999999990905	TimeIntervals	Lick
287.60650000000004	0.10024999999995998	TimeIntervals	Lick
288.0734999999999	0.10000000000007958	TimeIntervals	Lick
288.23999999999995	0.06675000000012687	TimeIntervals	Lick
288.3735	0.0665000000000191	TimeIntervals	Lick
288.4735	0.23324999999999818	TimeIntervals	Lick
288.907	0.0999999999999659	TimeIntervals	Lick
289.04025	0.0999999999999659	TimeIntervals	Lick
289.1735	0.13350000000008322	TimeIntervals	Lick
289.34025	0.0999999999999659	TimeIntervals	Lick
289.50699999999995	0.20000000000004547	TimeIntervals	Lick
289.87375	0.10000000000007958	TimeIntervals	Lick
290.0405	0.0665000000000191	TimeIntervals	Lick
290.17375000000004	0.09999999999990905	TimeIntervals	Lick
290.3070000000001	0.0667499999998995	TimeIntervals	Lick
290.407	0.0999999999999659	TimeIntervals	Lick
290.57375	0.10000000000002274	TimeIntervals	Lick
290.7405	0.033249999999952706	TimeIntervals	Lick
290.87375	0.13350000000002638	TimeIntervals	Lick
291.0405	0.06675000000001319	TimeIntervals	Lick
291.5405	0.16674999999997908	TimeIntervals	Lick
291.77399999999994	0.10000000000007958	TimeIntervals	Lick
292.44075000000004	0.06675000000001319	TimeIntervals	Lick
292.54075	0.06675000000001319	TimeIntervals	Lick
292.674	0.10000000000002274	TimeIntervals	Lick
293.1075	0.30000000000001137	TimeIntervals	Lick
293.47425000000004	0.06674999999995634	TimeIntervals	Lick
293.6075	0.06675000000001319	TimeIntervals	Lick
293.97425000000004	0.13324999999997544	TimeIntervals	Lick
294.17425000000003	0.06674999999995634	TimeIntervals	Lick
294.44100000000003	0.06674999999995634	TimeIntervals	Lick
294.70775	0.1332500000000323	TimeIntervals	Lick
295.141	0.06674999999995634	TimeIntervals	Lick
295.708	0.0999999999999659	TimeIntervals	Lick
296.008	0.1332500000000323	TimeIntervals	Lick
296.3744999999999	0.10025000000013051	TimeIntervals	Lick
296.57475	0.10000000000002274	TimeIntervals	Lick
297.1415	0.0999999999999659	TimeIntervals	Lick
297.37474999999995	0.1332500000000323	TimeIntervals	Lick
297.60825000000006	0.1332499999999186	TimeIntervals	Lick
298.075	0.0665000000000191	TimeIntervals	Lick
298.17499999999995	0.4000000000000341	TimeIntervals	Lick
299.00849999999997	0.10000000000007958	TimeIntervals	Lick
300.4085	0.0999999999999659	TimeIntervals	Lick
300.7085	0.0999999999999659	TimeIntervals	Lick
300.84200000000004	0.06674999999995634	TimeIntervals	Lick
301.142	0.06675000000001319	TimeIntervals	Lick
301.40875	0.0999999999999659	TimeIntervals	Lick
302.1755	0.06675000000001319	TimeIntervals	Lick
302.609	0.10000000000002274	TimeIntervals	Lick
302.809	0.06649999999996226	TimeIntervals	Lick
303.2757499999999	0.10000000000007958	TimeIntervals	Lick
303.47575	0.033249999999952706	TimeIntervals	Lick
303.7757499999999	0.06675000000012687	TimeIntervals	Lick
304.24249999999995	0.06675000000001319	TimeIntervals	Lick
304.40925000000004	0.06674999999995634	TimeIntervals	Lick
304.6425	0.0999999999999659	TimeIntervals	Lick
304.80924999999996	0.06675000000001319	TimeIntervals	Lick
305.60949999999997	0.10000000000007958	TimeIntervals	Lick
305.77599999999995	0.06675000000007003	TimeIntervals	Lick
306.67625	0.0999999999999659	TimeIntervals	Lick
306.8095	0.06674999999995634	TimeIntervals	Lick
307.143	0.10000000000002274	TimeIntervals	Lick
308.3765	0.0665000000000191	TimeIntervals	Lick
308.47650000000004	0.06674999999995634	TimeIntervals	Lick
308.57649999999995	0.10000000000007958	TimeIntervals	Lick
308.74325	0.06675000000007003	TimeIntervals	Lick
308.84325000000007	0.0999999999999659	TimeIntervals	Lick
308.97650000000004	0.09999999999990905	TimeIntervals	Lick
309.11	0.0665000000000191	TimeIntervals	Lick
309.24325	0.20000000000004547	TimeIntervals	Lick
309.47650000000004	0.09999999999990905	TimeIntervals	Lick
309.61	0.0999999999999659	TimeIntervals	Lick
309.7435	0.06650000000007594	TimeIntervals	Lick
309.8435	0.10000000000002274	TimeIntervals	Lick
309.97675	0.0999999999999659	TimeIntervals	Lick
310.07674999999995	0.10000000000002274	TimeIntervals	Reward
310.11	4.000750000000039	TimeIntervals	Lick
314.144	0.0999999999999659	TimeIntervals	Lick
314.31075	0.06675000000001319	TimeIntervals	Lick
314.41075	0.06675000000001319	TimeIntervals	Lick
314.51075000000003	0.13324999999997544	TimeIntervals	Lick
314.6775	0.09999999999990905	TimeIntervals	Lick
314.81075	0.333500000000015	TimeIntervals	Lick
315.2775	0.06675000000001319	TimeIntervals	Lick
315.71099999999996	0.10000000000002274	TimeIntervals	Lick
315.911	0.10000000000002274	TimeIntervals	Lick
316.11100000000005	0.09999999999990905	TimeIntervals	Lick
316.47775	0.06674999999995634	TimeIntervals	Lick
316.61100000000005	0.06674999999995634	TimeIntervals	Lick
316.7445	0.26650000000000773	TimeIntervals	Lick
317.44450000000006	0.1334999999999127	TimeIntervals	Lick
317.71124999999995	0.06675000000001319	TimeIntervals	Lick
317.91125000000005	0.0999999999999659	TimeIntervals	Lick
318.2445	0.20024999999998272	TimeIntervals	Lick
318.64475000000004	0.0999999999999659	TimeIntervals	Lick
318.94475	0.0999999999999659	TimeIntervals	Lick
319.178	0.0999999999999659	TimeIntervals	Lick
319.34475	0.333500000000015	TimeIntervals	Lick
319.7115	0.10000000000007958	TimeIntervals	Lick
319.845	0.13324999999997544	TimeIntervals	Lick
320.11150000000004	0.06674999999995634	TimeIntervals	Lick
320.3115000000001	0.0667499999998995	TimeIntervals	Lick
320.44500000000005	0.1334999999999127	TimeIntervals	Lick
320.6785	0.0665000000000191	TimeIntervals	Lick
320.81175	0.30000000000001137	TimeIntervals	Lick
321.1785	0.09999999999990905	TimeIntervals	Lick
321.91200000000003	0.06649999999996226	TimeIntervals	Lick
322.312	0.10000000000002274	TimeIntervals	Lick
322.54525	0.06675000000001319	TimeIntervals	Lick
322.812	0.10000000000002274	TimeIntervals	Lick
323.07874999999996	0.10000000000007958	TimeIntervals	Lick
323.57874999999996	0.10000000000007958	TimeIntervals	Lick
323.879	0.5	TimeIntervals	Lick
324.779	0.1332500000000323	TimeIntervals	Lick
325.2124999999999	0.10000000000007958	TimeIntervals	Lick
325.379	0.13349999999996953	TimeIntervals	Lick
326.04575	0.10025000000001683	TimeIntervals	Lick
328.54625	0.10000000000002274	TimeIntervals	Lick
328.71299999999997	0.0665000000000191	TimeIntervals	Lick
329.5465	0.10000000000002274	TimeIntervals	Lick
329.71299999999997	0.16675000000003593	TimeIntervals	Lick
329.9465	0.06649999999996226	TimeIntervals	Lick
331.0465	0.06674999999995634	TimeIntervals	Lick
331.1465	0.06674999999995634	TimeIntervals	Lick
331.2465	0.06675000000001319	TimeIntervals	Lick
331.38	0.10000000000002274	TimeIntervals	Lick
331.58	0.06675000000007003	TimeIntervals	Lick
331.71349999999995	0.0665000000000191	TimeIntervals	Lick
331.84675	0.10000000000007958	TimeIntervals	Lick
331.98	0.06675000000001319	TimeIntervals	Lick
332.11350000000004	0.09999999999990905	TimeIntervals	Lick
332.24674999999996	0.10000000000002274	TimeIntervals	Lick
332.38	0.06675000000007003	TimeIntervals	Lick
332.48	0.0999999999999659	TimeIntervals	Lick
332.61350000000004	0.1999999999999318	TimeIntervals	Lick
332.847	0.10000000000002274	TimeIntervals	Lick
332.98024999999996	0.10000000000002274	TimeIntervals	Lick
333.11350000000004	0.09999999999990905	TimeIntervals	Lick
333.14700000000005	0.06649999999990541	TimeIntervals	Reward
333.247	4.800499999999943	TimeIntervals	Lick
338.081	9.301499999999976	TimeIntervals	Lick
347.44900000000007	5.734249999999918	TimeIntervals	Lick
348.2159999999999	0.03325000000006639	TimeIntervals	Reward
353.2165	0.13349999999996953	TimeIntervals	Lick
354.0835	0.10000000000002274	TimeIntervals	Lick
354.25	0.13349999999996953	TimeIntervals	Lick
354.4835	0.30000000000001137	TimeIntervals	Lick
355.25025	0.13324999999997544	TimeIntervals	Lick
355.517	0.4000000000000341	TimeIntervals	Lick
356.317	0.06674999999995634	TimeIntervals	Lick
356.5505	0.6000000000000227	TimeIntervals	Lick
357.21725	0.5	TimeIntervals	Lick
357.784	0.0665000000000191	TimeIntervals	Lick
358.0175	0.23324999999999818	TimeIntervals	Lick
358.284	0.06675000000001319	TimeIntervals	Lick
358.4175000000001	0.2332499999998845	TimeIntervals	Lick
358.75075	0.10000000000002274	TimeIntervals	Lick
358.9175000000001	0.09999999999990905	TimeIntervals	Lick
359.2175	0.10000000000013642	TimeIntervals	Lick
359.38425	0.06675000000001319	TimeIntervals	Lick
359.48425000000003	0.19999999999998863	TimeIntervals	Lick
359.751	0.06650000000013279	TimeIntervals	Lick
359.851	0.06650000000007594	TimeIntervals	Lick
359.951	0.13324999999997544	TimeIntervals	Lick
360.1175	0.13349999999996953	TimeIntervals	Lick
360.451	0.10000000000002274	TimeIntervals	Lick
360.5845	0.0665000000000191	TimeIntervals	Lick
360.71775	0.06674999999995634	TimeIntervals	Lick
360.851	0.10000000000002274	TimeIntervals	Lick
361.05100000000004	0.06675000000001319	TimeIntervals	Lick
361.55125	0.03325000000000955	TimeIntervals	Lick
361.65124999999995	0.36675000000002456	TimeIntervals	Lick
362.88475	0.06675000000001319	TimeIntervals	Lick
363.25149999999996	0.1332500000000323	TimeIntervals	Lick
363.48499999999996	0.13325000000008913	TimeIntervals	Lick
364.95175	0.06675000000001319	TimeIntervals	Lick
365.25174999999996	0.06675000000007003	TimeIntervals	Lick
365.5185	0.06649999999996226	TimeIntervals	Lick
366.1185	0.06675000000007003	TimeIntervals	Lick
366.45200000000006	0.06649999999996226	TimeIntervals	Lick
367.052	0.06675000000001319	TimeIntervals	Lick
369.18575	0.10000000000002274	TimeIntervals	Lick
369.8525	0.1332500000000323	TimeIntervals	Lick
370.05249999999995	0.06675000000007003	TimeIntervals	Lick
370.186	0.0999999999999659	TimeIntervals	Lick
370.41925	0.10000000000007958	TimeIntervals	Lick
370.75249999999994	0.10000000000007958	TimeIntervals	Lick
370.95250000000004	0.09999999999990905	TimeIntervals	Lick
371.08599999999996	0.10000000000002274	TimeIntervals	Lick
371.25274999999993	0.06675000000012687	TimeIntervals	Lick
371.35274999999996	0.10000000000002274	TimeIntervals	Lick
371.51950000000005	0.06649999999990541	TimeIntervals	Lick
371.6195000000001	0.09999999999985221	TimeIntervals	Lick
371.75274999999993	0.06675000000012687	TimeIntervals	Lick
371.85274999999996	0.10000000000002274	TimeIntervals	Lick
371.98600000000005	0.09999999999990905	TimeIntervals	Lick
372.1195000000001	0.19999999999998863	TimeIntervals	Lick
372.2194999999999	0.10000000000013642	TimeIntervals	Reward
372.35299999999995	4.534000000000049	TimeIntervals	Lick
377.2202499999999	0.13325000000008913	TimeIntervals	Lick
377.72049999999996	0.10000000000007958	TimeIntervals	Lick
378.05375000000004	0.0999999999999659	TimeIntervals	Lick
378.5205	0.0999999999999659	TimeIntervals	Lick
379.0205	0.13349999999996953	TimeIntervals	Lick
379.18725	0.06674999999995634	TimeIntervals	Lick
379.4205	0.10000000000002274	TimeIntervals	Lick
379.654	0.0999999999999659	TimeIntervals	Lick
387.75524999999993	0.06675000000007003	TimeIntervals	Lick
388.98875	0.06675000000001319	TimeIntervals	Lick
389.98900000000003	0.06649999999996226	TimeIntervals	Lick
392.78925000000004	0.0999999999999659	TimeIntervals	Lick
393.28950000000003	0.0999999999999659	TimeIntervals	Lick
393.4560000000001	0.06674999999995634	TimeIntervals	Lick
393.78950000000003	0.06649999999996226	TimeIntervals	Lick
393.92275000000006	0.06674999999995634	TimeIntervals	Lick
394.056	0.06675000000007003	TimeIntervals	Lick
394.18949999999995	0.06675000000001319	TimeIntervals	Lick
394.28950000000003	0.0999999999999659	TimeIntervals	Lick
394.42300000000006	0.06649999999996226	TimeIntervals	Lick
394.523	0.06649999999990541	TimeIntervals	Lick
394.62300000000005	0.09999999999990905	TimeIntervals	Lick
394.75624999999997	0.10000000000002274	TimeIntervals	Lick
394.8895	0.06675000000001319	TimeIntervals	Lick
394.9895	0.06674999999995634	TimeIntervals	Lick
395.12300000000005	0.06649999999990541	TimeIntervals	Lick
395.22299999999996	0.10000000000002274	TimeIntervals	Lick
395.323	0.10000000000007958	TimeIntervals	Reward
395.3565	3.833750000000066	TimeIntervals	Lick
399.85699999999997	0.10000000000002274	TimeIntervals	Lick
400.72375	0.10024999999995998	TimeIntervals	Lick
400.95725000000004	21.36975000000001	TimeIntervals	Lick
422.3605	0.0665000000000191	TimeIntervals	Lick
422.4605000000001	0.2332499999998845	TimeIntervals	Lick
422.727	0.06700000000000728	TimeIntervals	Lick
422.82725000000005	0.0999999999999659	TimeIntervals	Lick
422.994	0.09999999999990905	TimeIntervals	Lick
423.12725000000006	0.09999999999990905	TimeIntervals	Lick
423.2604999999999	0.10000000000007958	TimeIntervals	Lick
423.394	0.06650000000007594	TimeIntervals	Reward
423.394	0.06650000000007594	TimeIntervals	Lick
423.494	22.536749999999984	TimeIntervals	Lick
432.4285	0.10000000000002274	TimeIntervals	Reward
440.43	0.0999999999999659	TimeIntervals	Reward
446.064	2.433749999999975	TimeIntervals	Lick
448.531	0.46674999999999045	TimeIntervals	Lick
449.06449999999995	0.10000000000007958	TimeIntervals	Lick
449.23125	0.06675000000001319	TimeIntervals	Lick
449.3645	0.06675000000001319	TimeIntervals	Lick
449.53125	0.0999999999999659	TimeIntervals	Lick
449.8980000000001	0.0999999999999659	TimeIntervals	Lick
450.13124999999997	0.06674999999995634	TimeIntervals	Lick
450.26474999999994	0.06675000000007003	TimeIntervals	Lick
450.3980000000001	0.06675000000001319	TimeIntervals	Lick
450.59799999999996	0.06675000000001319	TimeIntervals	Lick
450.7315	0.10000000000002274	TimeIntervals	Lick
450.8980000000001	0.06675000000001319	TimeIntervals	Lick
451.03149999999994	0.0665000000000191	TimeIntervals	Lick
451.16474999999997	0.10025000000001683	TimeIntervals	Lick
451.29825	0.0999999999999659	TimeIntervals	Lick
451.4315000000001	0.09999999999985221	TimeIntervals	Lick
451.53149999999994	0.03350000000000364	TimeIntervals	Reward
451.56499999999994	4.167250000000024	TimeIntervals	Lick
455.7654999999999	0.33350000000007185	TimeIntervals	Lick
456.13225	0.1332499999999186	TimeIntervals	Lick
456.33225000000004	0.0999999999999659	TimeIntervals	Lick
456.4655	0.23349999999993543	TimeIntervals	Lick
456.799	0.6000000000000227	TimeIntervals	Lick
457.4325	0.0999999999999659	TimeIntervals	Lick
457.599	0.7669999999999959	TimeIntervals	Lick
458.39925	0.06675000000001319	TimeIntervals	Lick
458.49924999999996	0.10000000000002274	TimeIntervals	Lick
458.6325	0.10000000000002274	TimeIntervals	Lick
458.76599999999996	2.5004999999999313	TimeIntervals	Lick
461.29974999999996	0.16675000000003593	TimeIntervals	Lick
461.49975	0.23324999999994134	TimeIntervals	Lick
461.79974999999996	0.23325000000005502	TimeIntervals	Lick
462.09975000000003	0.06674999999995634	TimeIntervals	Lick
462.19975	0.20025000000003956	TimeIntervals	Lick
462.4665	0.2667500000000018	TimeIntervals	Lick
462.79999999999995	0.23325000000005502	TimeIntervals	Lick
463.13325000000003	0.23324999999999818	TimeIntervals	Lick
463.43350000000004	0.0999999999999659	TimeIntervals	Lick
463.59999999999997	0.43350000000003774	TimeIntervals	Lick
464.09999999999997	0.06675000000001319	TimeIntervals	Lick
464.3335	0.13350000000002638	TimeIntervals	Lick
464.50025	0.23324999999999818	TimeIntervals	Lick
464.90025	0.0999999999999659	TimeIntervals	Lick
465.0335	0.30000000000001137	TimeIntervals	Lick
465.36699999999996	0.30000000000001137	TimeIntervals	Lick
466.13374999999996	0.06675000000001319	TimeIntervals	Lick
466.3005	0.30000000000001137	TimeIntervals	Lick
466.634	0.0999999999999659	TimeIntervals	Lick
466.8005	0.06675000000001319	TimeIntervals	Lick
466.93399999999997	0.13324999999997544	TimeIntervals	Lick
467.334	0.0999999999999659	TimeIntervals	Lick
467.5005	0.06674999999995634	TimeIntervals	Lick
467.90075	0.033249999999952706	TimeIntervals	Lick
467.9675	0.0665000000000191	TimeIntervals	Lick
468.3675	0.0999999999999659	TimeIntervals	Lick
468.50075	0.10000000000002274	TimeIntervals	Lick
468.634	0.0999999999999659	TimeIntervals	Lick
468.7674999999999	0.10000000000007958	TimeIntervals	Lick
468.93425	0.33324999999990723	TimeIntervals	Lick
469.8675	0.06700000000000728	TimeIntervals	Lick
470.101	0.2667500000000018	TimeIntervals	Lick
470.501	0.10000000000002274	TimeIntervals	Lick
470.6345	0.166499999999985	TimeIntervals	Lick
471.30125	0.10000000000002274	TimeIntervals	Lick
471.60125	0.06674999999995634	TimeIntervals	Lick
471.7345	0.06674999999995634	TimeIntervals	Lick
472.00125	0.20024999999998272	TimeIntervals	Lick
472.8015	0.0665000000000191	TimeIntervals	Lick
472.90150000000006	0.0999999999999659	TimeIntervals	Lick
473.335	0.20000000000004547	TimeIntervals	Lick
473.96825	0.06675000000001319	TimeIntervals	Lick
474.26824999999997	0.06675000000001319	TimeIntervals	Lick
474.60175	0.10000000000002274	TimeIntervals	Lick
474.835	0.06675000000001319	TimeIntervals	Lick
474.9685	0.16650000000004184	TimeIntervals	Lick
475.30174999999997	0.06675000000001319	TimeIntervals	Lick
476.03525	0.06675000000001319	TimeIntervals	Lick
477.93550000000005	0.06675000000001319	TimeIntervals	Lick
478.46899999999994	0.0665000000000191	TimeIntervals	Lick
478.60225	0.10000000000002274	TimeIntervals	Lick
478.73549999999994	0.10025000000001683	TimeIntervals	Lick
478.9025	0.06649999999996226	TimeIntervals	Lick
479.00250000000005	0.0999999999999659	TimeIntervals	Lick
479.13575000000003	0.09999999999990905	TimeIntervals	Lick
479.26899999999995	0.10000000000002274	TimeIntervals	Lick
479.4025	0.10000000000007958	TimeIntervals	Lick
479.53575	0.06675000000001319	TimeIntervals	Lick
479.53575	0.06675000000001319	TimeIntervals	Reward
479.63575000000003	3.1672499999999673	TimeIntervals	Lick
482.8695	2.5340000000000487	TimeIntervals	Lick
485.57	1.0335000000000036	TimeIntervals	Lick
487.1035	0.10000000000002274	TimeIntervals	Lick
487.237	0.23324999999999818	TimeIntervals	Lick
487.537	0.23349999999999227	TimeIntervals	Lick
488.07050000000004	0.09999999999990905	TimeIntervals	Lick
488.3705	0.10000000000002274	TimeIntervals	Lick
488.604	0.0999999999999659	TimeIntervals	Lick
488.80400000000003	0.0999999999999659	TimeIntervals	Lick
489.07050000000004	0.1334999999999127	TimeIntervals	Lick
489.47049999999996	0.13350000000002638	TimeIntervals	Lick
489.9375	0.0999999999999659	TimeIntervals	Lick
490.47075	0.06674999999995634	TimeIntervals	Lick
491.40425000000005	0.0999999999999659	TimeIntervals	Lick
492.1045	0.06649999999996226	TimeIntervals	Lick
492.93775000000005	0.20024999999992588	TimeIntervals	Lick
493.3044999999999	0.06675000000007003	TimeIntervals	Lick
493.40450000000004	0.0999999999999659	TimeIntervals	Lick
493.538	0.0999999999999659	TimeIntervals	Lick
493.67125	0.0999999999999659	TimeIntervals	Lick
493.8044999999999	0.16675000000009277	TimeIntervals	Lick
494.0045	0.20024999999998272	TimeIntervals	Lick
494.23799999999994	0.10000000000019327	TimeIntervals	Lick
494.3715	0.1999999999999318	TimeIntervals	Lick
494.57149999999996	0.10000000000002274	TimeIntervals	Reward
494.60474999999997	7.367750000000058	TimeIntervals	Lick
502.106	0.19999999999998863	TimeIntervals	Lick
502.37249999999995	0.2667500000000018	TimeIntervals	Lick
502.6725	0.06675000000001319	TimeIntervals	Lick
502.97275	46.74025000000006	TimeIntervals	Lick
526.6762500000001	0.033249999999952706	TimeIntervals	Reward
535.7110000000001	0.033249999999952706	TimeIntervals	Reward
543.71225	0.033249999999952706	TimeIntervals	Reward
549.77975	1.000250000000051	TimeIntervals	Lick
551.7467500000002	0.09999999999979536	TimeIntervals	Lick
551.98	0.16675000000009277	TimeIntervals	Lick
552.2467500000002	0.1334999999999127	TimeIntervals	Lick
553.4469999999999	0.10000000000002274	TimeIntervals	Lick
553.7137500000001	0.09999999999990905	TimeIntervals	Lick
556.114	0.10000000000002274	TimeIntervals	Lick
556.4807500000001	0.13324999999997544	TimeIntervals	Lick
556.6475000000002	0.1334999999999127	TimeIntervals	Lick
557.1475000000002	0.09999999999990905	TimeIntervals	Lick
557.3475	0.13350000000002638	TimeIntervals	Lick
558.7810000000001	0.10000000000002274	TimeIntervals	Lick
558.9145000000001	0.10000000000002274	TimeIntervals	Lick
559.0480000000001	0.20000000000004547	TimeIntervals	Lick
559.3145000000001	0.06675000000007003	TimeIntervals	Lick
559.4145000000001	0.06674999999995634	TimeIntervals	Lick
559.5145000000001	0.09999999999990905	TimeIntervals	Lick
559.648	0.10000000000013642	TimeIntervals	Lick
559.7812500000001	0.06674999999984266	TimeIntervals	Lick
559.8812500000001	0.09999999999990905	TimeIntervals	Lick
560.0145000000001	0.06699999999989359	TimeIntervals	Lick
560.11475	0.10000000000013642	TimeIntervals	Lick
560.2480000000002	0.09999999999979536	TimeIntervals	Lick
560.3815000000001	0.10000000000002274	TimeIntervals	Lick
560.5480000000001	0.20000000000004547	TimeIntervals	Lick
560.7480000000002	0.06674999999984266	TimeIntervals	Reward
560.7815000000002	17.335999999999785	TimeIntervals	Lick
578.15075	0.06675000000007003	TimeIntervals	Lick
578.25075	0.1999999999999318	TimeIntervals	Lick
578.484	0.20000000000004547	TimeIntervals	Lick
578.7175000000001	0.10000000000002274	TimeIntervals	Lick
578.8175000000001	0.09999999999990905	TimeIntervals	Reward
578.8510000000001	5.567499999999882	TimeIntervals	Lick
584.45175	0.7667500000001155	TimeIntervals	Lick
585.2520000000001	0.2999999999999545	TimeIntervals	Lick
585.5852500000001	0.13324999999997544	TimeIntervals	Lick
585.7520000000001	0.06649999999990541	TimeIntervals	Lick
585.88525	0.10000000000002274	TimeIntervals	Lick
586.052	0.36674999999991087	TimeIntervals	Lick
586.452	0.10000000000002274	TimeIntervals	Lick
586.5855	0.16650000000004184	TimeIntervals	Lick
586.8187500000001	0.06674999999995634	TimeIntervals	Lick
587.1855	0.10000000000002274	TimeIntervals	Lick
587.519	0.2665000000000646	TimeIntervals	Lick
587.8190000000001	0.09999999999990905	TimeIntervals	Lick
587.9855	0.10000000000002274	TimeIntervals	Lick
588.25225	0.10000000000013642	TimeIntervals	Lick
588.4855	0.10025000000018736	TimeIntervals	Lick
588.7857500000001	0.06674999999995634	TimeIntervals	Lick
589.019	0.4335000000000946	TimeIntervals	Lick
589.7192500000001	0.09999999999990905	TimeIntervals	Lick
590.1192500000001	0.10000000000002274	TimeIntervals	Lick
590.2525	0.2999999999999545	TimeIntervals	Lick
590.7525	0.13350000000002638	TimeIntervals	Lick
590.986	0.06675000000007003	TimeIntervals	Lick
591.1195	0.16650000000015552	TimeIntervals	Lick
591.3195000000001	0.0665000000000191	TimeIntervals	Lick
591.486	0.06675000000007003	TimeIntervals	Lick
591.8530000000001	0.10000000000002274	TimeIntervals	Lick
592.0862500000001	0.06674999999995634	TimeIntervals	Lick
592.4195	0.10000000000002274	TimeIntervals	Lick
595.22	0.06674999999995634	TimeIntervals	Lick
596.1867500000001	0.10025000000007367	TimeIntervals	Lick
596.3870000000001	0.13324999999986176	TimeIntervals	Lick
598.187	0.13350000000014006	TimeIntervals	Lick
598.3870000000001	0.10025000000007367	TimeIntervals	Lick
601.6210000000001	0.09999999999990905	TimeIntervals	Lick
602.021	0.06675000000018372	TimeIntervals	Lick
602.6545000000001	0.13324999999997544	TimeIntervals	Lick
604.188	0.06675000000007003	TimeIntervals	Lick
604.3215	0.06650000000013279	TimeIntervals	Lick
604.4547499999999	0.06675000000007003	TimeIntervals	Lick
604.5880000000001	0.06674999999995634	TimeIntervals	Lick
604.688	0.10000000000002274	TimeIntervals	Lick
604.8215	0.1999999999999318	TimeIntervals	Lick
605.055	0.06650000000013279	TimeIntervals	Lick
605.1550000000001	0.10000000000002274	TimeIntervals	Lick
605.2882500000001	0.06675000000007003	TimeIntervals	Lick
605.555	0.20000000000015916	TimeIntervals	Lick
605.7882500000001	0.10000000000002274	TimeIntervals	Lick
605.8882500000001	0.033249999999952706	TimeIntervals	Reward
605.9215	4.367500000000177	TimeIntervals	Lick
610.3890000000001	0.40000000000009095	TimeIntervals	Lick
610.8225	0.10000000000002274	TimeIntervals	Lick
611.05575	0.2667500000000018	TimeIntervals	Lick
611.78925	0.10000000000013642	TimeIntervals	Lick
612.4892500000001	0.06674999999995634	TimeIntervals	Lick
612.9559999999999	0.10000000000013642	TimeIntervals	Lick
613.9562500000001	0.09999999999990905	TimeIntervals	Lick
614.6562500000001	0.10000000000002274	TimeIntervals	Lick
615.5565	0.23325000000011187	TimeIntervals	Lick
615.8897500000003	0.13324999999974807	TimeIntervals	Lick
616.3900000000002	0.1999999999999318	TimeIntervals	Lick
617.1235	0.0665000000000191	TimeIntervals	Lick
617.4567499999999	0.40000000000020464	TimeIntervals	Lick
617.8900000000002	0.09999999999979536	TimeIntervals	Lick
618.1567500000001	0.33349999999995816	TimeIntervals	Lick
619.0235	0.13350000000014006	TimeIntervals	Lick
619.4905	0.10000000000002274	TimeIntervals	Lick
620.9240000000001	0.09999999999990905	TimeIntervals	Reward
620.95725	18.336250000000064	TimeIntervals	Lick
634.926	0.03350000000000364	TimeIntervals	Reward
639.3600000000001	0.1667499999997517	TimeIntervals	Lick
639.5600000000001	0.66700000000003	TimeIntervals	Lick
640.26025	0.36674999999991087	TimeIntervals	Lick
640.66025	0.10000000000002274	TimeIntervals	Lick
640.7935000000001	0.60024999999996	TimeIntervals	Lick
641.4605	0.06649999999990541	TimeIntervals	Lick
641.5605	0.5	TimeIntervals	Lick
642.0937500000001	0.20000000000004547	TimeIntervals	Lick
642.3270000000001	0.23349999999993543	TimeIntervals	Lick
642.62725	15.502250000000004	TimeIntervals	Lick
642.9605	0.10000000000002274	TimeIntervals	Reward
649.9615	0.10000000000002274	TimeIntervals	Reward
658.163	0.3665000000000873	TimeIntervals	Lick
658.59625	0.5335000000000036	TimeIntervals	Lick
659.163	0.13350000000002638	TimeIntervals	Lick
659.32975	0.4667500000000473	TimeIntervals	Lick
659.82975	0.9002500000000282	TimeIntervals	Lick
660.7632500000001	0.10000000000013642	TimeIntervals	Lick
660.8965000000001	0.20024999999998272	TimeIntervals	Lick
661.1300000000001	0.1667499999998654	TimeIntervals	Lick
661.33	0.2667500000000018	TimeIntervals	Lick
661.79675	1.1334999999999127	TimeIntervals	Lick
662.997	0.40000000000009095	TimeIntervals	Lick
663.4304999999999	0.13324999999997544	TimeIntervals	Lick
663.597	0.6335000000001401	TimeIntervals	Lick
664.2637500000001	0.1334999999999127	TimeIntervals	Lick
664.4304999999999	0.56675000000007	TimeIntervals	Lick
665.0305	0.10000000000013642	TimeIntervals	Lick
665.19725	0.60024999999996	TimeIntervals	Lick
665.8307500000001	0.09999999999990905	TimeIntervals	Lick
665.964	0.8002500000000055	TimeIntervals	Lick
666.7975	0.5	TimeIntervals	Lick
667.331	0.23324999999999818	TimeIntervals	Lick
667.5975	0.2002500000000964	TimeIntervals	Lick
667.8977500000001	0.1999999999998181	TimeIntervals	Lick
668.231	0.2335000000000491	TimeIntervals	Lick
668.4977500000001	0.2667500000000018	TimeIntervals	Lick
668.8312500000001	0.09999999999990905	TimeIntervals	Lick
668.998	0.20000000000004547	TimeIntervals	Lick
669.2980000000001	0.2664999999998372	TimeIntervals	Lick
669.63125	0.09999999999990905	TimeIntervals	Lick
669.7645000000001	0.3669999999998481	TimeIntervals	Lick
670.16475	0.10000000000013642	TimeIntervals	Lick
670.3315	0.1999999999999318	TimeIntervals	Lick
670.598	0.3000000000000682	TimeIntervals	Lick
670.9315	0.3000000000000682	TimeIntervals	Lick
671.2650000000001	0.10000000000002274	TimeIntervals	Lick
671.3982500000002	0.09999999999990905	TimeIntervals	Lick
671.5314999999999	0.10000000000002274	TimeIntervals	Lick
671.69825	0.3000000000000682	TimeIntervals	Lick
672.0314999999999	0.13350000000014006	TimeIntervals	Lick
672.1985	0.10000000000013642	TimeIntervals	Lick
672.3985	0.3665000000000873	TimeIntervals	Lick
672.8650000000001	0.06674999999995634	TimeIntervals	Lick
672.9985000000001	0.09999999999979536	TimeIntervals	Lick
673.1320000000001	0.23325000000011187	TimeIntervals	Lick
673.3985	0.13350000000002638	TimeIntervals	Lick
673.6320000000001	0.39999999999997726	TimeIntervals	Lick
674.0985	0.10000000000002274	TimeIntervals	Lick
674.3987500000001	0.2999999999999545	TimeIntervals	Lick
674.732	0.10000000000013642	TimeIntervals	Lick
674.8655000000001	0.09999999999990905	TimeIntervals	Lick
675.1320000000001	0.06674999999995634	TimeIntervals	Lick
675.232	0.10000000000013642	TimeIntervals	Lick
675.3990000000001	0.03324999999983902	TimeIntervals	Lick
675.5655000000002	0.06674999999995634	TimeIntervals	Lick
675.8990000000001	0.16650000000004184	TimeIntervals	Lick
676.099	0.16650000000004184	TimeIntervals	Lick
676.3655000000001	0.06699999999989359	TimeIntervals	Lick
676.499	0.10000000000002274	TimeIntervals	Lick
676.6325	0.09999999999990905	TimeIntervals	Lick
678.7327500000001	0.09999999999990905	TimeIntervals	Lick
679.53275	0.06675000000018372	TimeIntervals	Lick
679.6327500000001	0.10024999999995998	TimeIntervals	Lick
679.7662500000001	0.10000000000002274	TimeIntervals	Lick
679.8995000000001	0.09999999999990905	TimeIntervals	Lick
680.0329999999999	0.10000000000025011	TimeIntervals	Reward
680.06625	6.834250000000111	TimeIntervals	Lick
686.9340000000001	0.09999999999990905	TimeIntervals	Lick
687.1005	0.33350000000007185	TimeIntervals	Lick
687.5007500000002	0.2332499999998845	TimeIntervals	Lick
687.8007500000001	0.09999999999990905	TimeIntervals	Lick
687.9675	0.10000000000013642	TimeIntervals	Lick
688.1675	0.10000000000002274	TimeIntervals	Lick
688.4340000000001	0.4335000000000946	TimeIntervals	Lick
688.93425	0.20000000000004547	TimeIntervals	Lick
689.201	0.10000000000013642	TimeIntervals	Lick
689.3342500000001	0.06674999999984266	TimeIntervals	Lick
689.6345000000001	0.06649999999990541	TimeIntervals	Lick
689.8677500000001	0.09999999999979536	TimeIntervals	Lick
690.3010000000002	0.09999999999979536	TimeIntervals	Lick
690.4677499999999	0.10000000000025011	TimeIntervals	Lick
690.6345000000001	0.09999999999990905	TimeIntervals	Lick
690.8012500000001	0.13324999999986176	TimeIntervals	Lick
690.968	0.13325000000008913	TimeIntervals	Lick
691.2012500000001	0.10000000000002274	TimeIntervals	Lick
692.13475	0.06675000000007003	TimeIntervals	Lick
692.8015000000001	0.09999999999990905	TimeIntervals	Lick
693.0682500000001	0.10000000000002274	TimeIntervals	Lick
693.435	0.13325000000020282	TimeIntervals	Lick
693.6015000000001	0.10000000000002274	TimeIntervals	Lick
693.735	0.10000000000013642	TimeIntervals	Lick
693.9015	0.09999999999990905	TimeIntervals	Lick
694.1017499999999	0.10000000000013642	TimeIntervals	Lick
694.2685	0.10000000000002274	TimeIntervals	Lick
694.435	0.09999999999990905	TimeIntervals	Lick
694.7017500000001	0.06674999999995634	TimeIntervals	Lick
694.8685	0.06649999999990541	TimeIntervals	Lick
695.0349999999999	0.10025000000018736	TimeIntervals	Lick
696.13525	0.10025000000007367	TimeIntervals	Lick
696.502	0.10000000000013642	TimeIntervals	Lick
696.7355000000001	0.06649999999990541	TimeIntervals	Lick
697.369	0.10000000000002274	TimeIntervals	Lick
697.869	0.06649999999990541	TimeIntervals	Lick
698.069	0.10000000000013642	TimeIntervals	Lick
698.3022500000001	0.20024999999998272	TimeIntervals	Lick
698.569	0.13350000000014006	TimeIntervals	Lick
698.73575	0.10000000000013642	TimeIntervals	Lick
699.4025000000001	0.5	TimeIntervals	Lick
699.936	0.09999999999990905	TimeIntervals	Lick
701.10275	0.06674999999995634	TimeIntervals	Lick
701.2360000000001	0.10000000000002274	TimeIntervals	Lick
701.6695	0.06675000000007003	TimeIntervals	Lick
701.8030000000001	0.0665000000000191	TimeIntervals	Lick
701.93625	0.10000000000002274	TimeIntervals	Lick
702.0695000000001	0.09999999999990905	TimeIntervals	Lick
702.23625	0.06675000000007003	TimeIntervals	Lick
702.3362500000001	0.09999999999990905	TimeIntervals	Lick
702.503	0.0665000000000191	TimeIntervals	Lick
702.6030000000001	0.10000000000002274	TimeIntervals	Lick
702.73625	0.06675000000007003	TimeIntervals	Lick
702.8365000000001	0.09999999999979536	TimeIntervals	Lick
702.9697500000001	0.10000000000002274	TimeIntervals	Lick
703.1030000000001	0.06674999999995634	TimeIntervals	Lick
703.1365000000001	0.033249999999952706	TimeIntervals	Reward
703.2030000000001	3.8005000000000564	TimeIntervals	Lick
707.0702500000001	0.06674999999995634	TimeIntervals	Lick
707.1705000000001	0.13325000000008913	TimeIntervals	Lick
707.3705000000001	0.33324999999990723	TimeIntervals	Lick
708.3705000000001	0.06674999999995634	TimeIntervals	Lick
708.53725	0.10000000000002274	TimeIntervals	Lick
708.7705000000001	0.10000000000002274	TimeIntervals	Lick
709.3705000000001	0.1002499999998463	TimeIntervals	Lick
710.3040000000001	0.09999999999990905	TimeIntervals	Lick
710.9375	0.06674999999995634	TimeIntervals	Lick
711.2710000000001	0.10000000000013642	TimeIntervals	Lick
711.4709999999999	0.13350000000014006	TimeIntervals	Lick
712.2710000000001	0.10000000000013642	TimeIntervals	Lick
712.5709999999999	0.10000000000025011	TimeIntervals	Lick
712.7380000000002	0.13324999999997544	TimeIntervals	Lick
712.938	1.2000000000000455	TimeIntervals	Lick
714.20475	0.10000000000013642	TimeIntervals	Lick
714.3380000000001	0.06674999999995634	TimeIntervals	Lick
714.4715	0.06649999999990541	TimeIntervals	Lick
714.5715	0.10000000000013642	TimeIntervals	Lick
714.7380000000002	0.06674999999995634	TimeIntervals	Lick
714.8380000000001	0.20024999999998272	TimeIntervals	Lick
715.1049999999999	0.06650000000024647	TimeIntervals	Lick
715.205	0.10000000000013642	TimeIntervals	Lick
715.33825	0.06675000000007003	TimeIntervals	Lick
715.4382500000002	0.09999999999990905	TimeIntervals	Lick
715.5715	0.10000000000013642	TimeIntervals	Lick
715.705	0.06650000000013279	TimeIntervals	Lick
715.8050000000002	0.09999999999990905	TimeIntervals	Lick
715.9382500000002	0.1002499999998463	TimeIntervals	Lick
716.0717500000001	0.09999999999990905	TimeIntervals	Lick
716.205	0.06675000000007003	TimeIntervals	Lick
716.3050000000002	0.09999999999990905	TimeIntervals	Lick
716.4385000000002	0.1999999999998181	TimeIntervals	Lick
716.67175	0.10000000000013642	TimeIntervals	Lick
716.8050000000002	0.1999999999999318	TimeIntervals	Lick
717.0720000000001	0.06649999999990541	TimeIntervals	Lick
717.172	0.10000000000002274	TimeIntervals	Lick
717.3052500000001	0.10000000000002274	TimeIntervals	Lick
717.4385000000002	0.09999999999979536	TimeIntervals	Lick
717.5720000000001	0.09999999999990905	TimeIntervals	Lick
717.7052500000001	0.10000000000002274	TimeIntervals	Lick
717.8385	0.20000000000004547	TimeIntervals	Lick
718.10525	0.06675000000007003	TimeIntervals	Lick
718.23875	0.06675000000018372	TimeIntervals	Lick
718.3720000000002	0.09999999999979536	TimeIntervals	Lick
718.5055000000001	0.09999999999990905	TimeIntervals	Lick
718.7055	0.0665000000000191	TimeIntervals	Lick
718.83875	0.09999999999990905	TimeIntervals	Lick
719.0055000000001	0.0665000000000191	TimeIntervals	Lick
719.1387500000001	0.06674999999995634	TimeIntervals	Lick
719.272	0.1334999999999127	TimeIntervals	Lick
719.839	0.09999999999990905	TimeIntervals	Lick
720.07225	0.13324999999997544	TimeIntervals	Lick
720.439	0.10000000000002274	TimeIntervals	Lick
721.2057500000001	0.10000000000002274	TimeIntervals	Lick
722.0725	0.06675000000007003	TimeIntervals	Lick
722.2392500000001	0.13325000000020282	TimeIntervals	Lick
722.806	0.06675000000018372	TimeIntervals	Lick
723.6395000000001	0.09999999999990905	TimeIntervals	Lick
723.80625	0.10000000000013642	TimeIntervals	Lick
724.30625	0.06675000000018372	TimeIntervals	Lick
724.5395000000001	0.10000000000002274	TimeIntervals	Lick
724.7062500000001	0.10024999999995998	TimeIntervals	Lick
724.973	0.10000000000013642	TimeIntervals	Lick
725.4065000000002	0.06649999999979173	TimeIntervals	Lick
725.6397500000002	0.20024999999998272	TimeIntervals	Lick
726.1400000000001	0.06649999999990541	TimeIntervals	Lick
726.44	0.2999999999999545	TimeIntervals	Lick
726.9735	0.13325000000008913	TimeIntervals	Lick
727.20675	0.033249999999952706	TimeIntervals	Lick
727.94	0.2335000000000491	TimeIntervals	Lick
729.4070000000002	0.06674999999984266	TimeIntervals	Lick
729.5070000000001	0.06674999999995634	TimeIntervals	Lick
729.607	0.10000000000002274	TimeIntervals	Lick
729.7405	0.10000000000002274	TimeIntervals	Lick
729.8737500000002	0.09999999999979536	TimeIntervals	Lick
730.0070000000001	0.09999999999990905	TimeIntervals	Lick
730.1405000000001	0.09999999999990905	TimeIntervals	Lick
730.2740000000001	0.06649999999990541	TimeIntervals	Lick
730.3740000000001	0.09999999999990905	TimeIntervals	Lick
730.5072500000001	0.09999999999990905	TimeIntervals	Lick
730.6740000000001	0.20000000000004547	TimeIntervals	Lick
730.9072500000001	0.10000000000002274	TimeIntervals	Lick
731.0405	0.10000000000013642	TimeIntervals	Lick
731.1405000000001	0.09999999999990905	TimeIntervals	Reward
731.1740000000001	0.06649999999990541	TimeIntervals	Lick
731.2740000000001	5.801000000000045	TimeIntervals	Lick
737.1082500000001	0.10000000000002274	TimeIntervals	Lick
737.2415000000001	0.09999999999990905	TimeIntervals	Lick
737.3750000000001	0.09999999999979536	TimeIntervals	Lick
737.5415000000002	0.09999999999979536	TimeIntervals	Lick
737.6750000000001	0.4667500000000473	TimeIntervals	Lick
738.2085000000001	0.10000000000013642	TimeIntervals	Lick
738.3750000000001	0.36674999999991087	TimeIntervals	Lick
739.2752500000001	0.06674999999995634	TimeIntervals	Lick
739.442	0.5	TimeIntervals	Lick
739.97525	0.10000000000002274	TimeIntervals	Lick
741.2420000000001	0.06700000000000728	TimeIntervals	Lick
741.3755000000001	0.06674999999995634	TimeIntervals	Lick
741.609	0.10000000000013642	TimeIntervals	Lick
742.509	0.10000000000002274	TimeIntervals	Lick
742.9757500000001	0.10000000000002274	TimeIntervals	Lick
743.3757500000002	0.1002499999998463	TimeIntervals	Lick
743.5424999999999	0.10000000000013642	TimeIntervals	Lick
743.6760000000002	0.16649999999992815	TimeIntervals	Lick
744.276	0.06650000000013279	TimeIntervals	Lick
744.5424999999999	0.13350000000025375	TimeIntervals	Lick
745.076	0.10000000000013642	TimeIntervals	Lick
745.24275	0.06675000000018372	TimeIntervals	Lick
745.44275	0.06674999999995634	TimeIntervals	Lick
745.576	0.10025000000007367	TimeIntervals	Lick
745.77625	0.10000000000002274	TimeIntervals	Lick
745.9095	0.10000000000002274	TimeIntervals	Lick
746.043	0.10000000000002274	TimeIntervals	Lick
746.1762500000001	0.06674999999995634	TimeIntervals	Lick
746.27625	0.10000000000002274	TimeIntervals	Lick
746.4095	0.10000000000002274	TimeIntervals	Lick
746.543	0.0665000000000191	TimeIntervals	Lick
746.643	0.10000000000002274	TimeIntervals	Lick
746.843	0.06675000000007003	TimeIntervals	Lick
746.943	0.10000000000002274	TimeIntervals	Lick
747.0765000000001	0.1999999999999318	TimeIntervals	Lick
747.243	0.09999999999990905	TimeIntervals	Reward
747.30975	5.834249999999997	TimeIntervals	Lick
753.1772500000001	0.20024999999998272	TimeIntervals	Lick
753.41075	0.3000000000001819	TimeIntervals	Lick
753.7775000000001	0.39999999999997726	TimeIntervals	Lick
754.244	0.33350000000007185	TimeIntervals	Lick
754.611	0.33324999999990723	TimeIntervals	Lick
755.011	0.10000000000002274	TimeIntervals	Lick
755.1442499999999	0.10000000000013642	TimeIntervals	Lick
755.6445	0.20000000000015916	TimeIntervals	Lick
755.9445	0.23325000000011187	TimeIntervals	Lick
756.2110000000001	0.10000000000002274	TimeIntervals	Lick
756.411	0.4335000000002083	TimeIntervals	Lick
757.3445000000002	0.29999999999984084	TimeIntervals	Lick
757.678	0.8335000000000719	TimeIntervals	Lick
758.5780000000001	0.06674999999995634	TimeIntervals	Lick
758.678	0.06674999999995634	TimeIntervals	Lick
758.8115	0.06675000000007003	TimeIntervals	Lick
758.945	0.2665000000000646	TimeIntervals	Lick
759.2450000000001	0.06649999999990541	TimeIntervals	Lick
759.6115000000001	0.06674999999995634	TimeIntervals	Lick
759.7782500000002	0.1667499999998654	TimeIntervals	Lick
760.11175	0.5332500000000664	TimeIntervals	Lick
761.3120000000001	0.0665000000000191	TimeIntervals	Reward
761.3452500000001	5.43425000000002	TimeIntervals	Lick
766.81275	0.1999999999999318	TimeIntervals	Lick
767.0794999999999	0.3664999999999736	TimeIntervals	Lick
767.6462500000001	0.10000000000002274	TimeIntervals	Lick
767.7795000000001	0.10000000000002274	TimeIntervals	Lick
768.1130000000002	0.06649999999990541	TimeIntervals	Lick
768.2795000000001	0.46699999999998454	TimeIntervals	Lick
768.8130000000001	0.23349999999982174	TimeIntervals	Lick
769.1130000000002	0.09999999999990905	TimeIntervals	Lick
769.57975	0.10000000000013642	TimeIntervals	Lick
769.7130000000001	0.20024999999998272	TimeIntervals	Lick
770.1132500000001	0.06675000000007003	TimeIntervals	Lick
770.4799999999999	0.3000000000001819	TimeIntervals	Lick
770.81325	0.06675000000007003	TimeIntervals	Lick
772.18025	0.10000000000013642	TimeIntervals	Lick
772.4469999999999	0.06650000000013279	TimeIntervals	Lick
772.5802500000001	0.06674999999995634	TimeIntervals	Lick
772.68025	0.10000000000013642	TimeIntervals	Lick
772.8470000000001	0.06649999999990541	TimeIntervals	Lick
772.9469999999999	0.10000000000002274	TimeIntervals	Lick
773.11375	0.06675000000007003	TimeIntervals	Lick
773.21375	0.10000000000002274	TimeIntervals	Lick
773.3470000000001	0.09999999999979536	TimeIntervals	Lick
773.4805	0.06649999999990541	TimeIntervals	Lick
773.5805	0.10000000000002274	TimeIntervals	Lick
773.71375	0.10000000000002274	TimeIntervals	Lick
773.8470000000001	0.06674999999984266	TimeIntervals	Lick
773.9469999999999	0.10000000000002274	TimeIntervals	Lick
774.0805	0.10000000000002274	TimeIntervals	Lick
774.24725	0.06674999999995634	TimeIntervals	Lick
774.314	0.06650000000024647	TimeIntervals	Reward
774.34725	0.10000000000002274	TimeIntervals	Lick
774.4805	4.100500000000011	TimeIntervals	Lick
778.68125	0.23325000000011187	TimeIntervals	Lick
778.948	0.13325000000008913	TimeIntervals	Lick
779.1145	0.36674999999991087	TimeIntervals	Lick
779.5145	0.66700000000003	TimeIntervals	Lick
780.2147500000001	0.3999999999998636	TimeIntervals	Lick
780.6815	0.20000000000004547	TimeIntervals	Lick
781.015	0.20000000000015916	TimeIntervals	Lick
781.2482500000001	0.10000000000002274	TimeIntervals	Lick
781.3815000000001	0.10000000000002274	TimeIntervals	Lick
781.515	0.10000000000002274	TimeIntervals	Lick
781.6815	0.33349999999995816	TimeIntervals	Lick
782.115	0.36675000000002456	TimeIntervals	Lick
782.5485	0.033249999999952706	TimeIntervals	Lick
782.6817500000001	0.20000000000004547	TimeIntervals	Lick
782.982	0.0665000000000191	TimeIntervals	Lick
783.082	0.20000000000015916	TimeIntervals	Lick
783.3485000000002	0.1999999999998181	TimeIntervals	Lick
783.6485	0.2667500000000018	TimeIntervals	Lick
784.1155	0.10000000000002274	TimeIntervals	Lick
784.2820000000002	0.29999999999984084	TimeIntervals	Lick
784.8155000000002	1.0999999999997954	TimeIntervals	Lick
786.249	0.06674999999995634	TimeIntervals	Lick
786.41575	0.16675000000009277	TimeIntervals	Lick
786.6490000000001	0.06674999999995634	TimeIntervals	Lick
786.749	0.10000000000002274	TimeIntervals	Lick
786.91575	0.06674999999995634	TimeIntervals	Lick
787.249	0.26699999999993906	TimeIntervals	Lick
787.6492500000002	0.3667499999997972	TimeIntervals	Lick
788.04925	0.10000000000013642	TimeIntervals	Lick
788.1825000000001	0.1999999999999318	TimeIntervals	Lick
788.4495000000001	0.2664999999999509	TimeIntervals	Lick
788.8160000000001	0.26674999999988813	TimeIntervals	Lick
789.3160000000001	0.1334999999999127	TimeIntervals	Lick
789.516	0.10025000000007367	TimeIntervals	Lick
789.6830000000001	0.13324999999986176	TimeIntervals	Lick
789.8495000000001	1.7334999999998217	TimeIntervals	Lick
791.6165000000001	0.1999999999999318	TimeIntervals	Lick
791.8832500000001	0.2667500000000018	TimeIntervals	Lick
792.2165	0.36675000000013824	TimeIntervals	Lick
792.6165000000001	0.1999999999999318	TimeIntervals	Lick
792.85	0.1334999999999127	TimeIntervals	Lick
793.01675	0.23324999999999818	TimeIntervals	Lick
793.31675	0.2999999999999545	TimeIntervals	Lick
793.6835000000001	0.06649999999990541	TimeIntervals	Lick
793.81675	0.10000000000002274	TimeIntervals	Lick
793.9834999999999	0.2335000000001628	TimeIntervals	Lick
794.2502499999999	0.13325000000020282	TimeIntervals	Lick
794.417	0.599999999999909	TimeIntervals	Lick
795.0505000000002	0.09999999999990905	TimeIntervals	Lick
795.18375	0.2667500000000018	TimeIntervals	Lick
795.6170000000001	0.33349999999995816	TimeIntervals	Lick
796.1840000000001	0.33324999999990723	TimeIntervals	Lick
796.5505000000002	0.06674999999995634	TimeIntervals	Lick
796.6840000000001	0.10000000000002274	TimeIntervals	Lick
796.9172500000001	0.09999999999990905	TimeIntervals	Lick
797.0840000000002	0.09999999999990905	TimeIntervals	Lick
797.2505000000001	0.10024999999995998	TimeIntervals	Lick
797.3840000000001	0.06674999999984266	TimeIntervals	Lick
797.5175	0.20000000000004547	TimeIntervals	Lick
797.7507500000002	0.09999999999990905	TimeIntervals	Lick
797.8840000000001	0.09999999999990905	TimeIntervals	Lick
798.0175	0.09999999999990905	TimeIntervals	Lick
798.15075	0.10000000000013642	TimeIntervals	Lick
798.3175000000001	0.06675000000007003	TimeIntervals	Lick
798.3510000000001	0.06649999999979173	TimeIntervals	Reward
798.4174999999999	3.000500000000102	TimeIntervals	Lick
801.4512500000001	0.13324999999997544	TimeIntervals	Lick
801.6179999999999	0.13350000000002638	TimeIntervals	Lick
801.78475	0.06675000000018372	TimeIntervals	Lick
801.88475	0.10000000000002274	TimeIntervals	Lick
802.0515	0.10000000000002274	TimeIntervals	Lick
802.2515	0.23325000000011187	TimeIntervals	Lick
802.518	0.23349999999993543	TimeIntervals	Lick
802.8515000000002	0.1999999999998181	TimeIntervals	Lick
803.0850000000002	0.2665000000000646	TimeIntervals	Lick
803.4515	0.10000000000002274	TimeIntervals	Lick
803.71825	0.13325000000020282	TimeIntervals	Lick
803.8850000000002	0.1999999999999318	TimeIntervals	Lick
804.15175	0.2667500000000018	TimeIntervals	Lick
804.45175	0.16675000000009277	TimeIntervals	Lick
804.7185000000001	0.10000000000013642	TimeIntervals	Lick
804.8850000000002	0.033499999999776264	TimeIntervals	Lick
804.952	0.16650000000004184	TimeIntervals	Lick
805.152	0.10000000000002274	TimeIntervals	Lick
805.3520000000001	0.033249999999952706	TimeIntervals	Lick
805.4185	0.20000000000004547	TimeIntervals	Lick
805.68525	0.2667500000000018	TimeIntervals	Lick
805.9852500000001	0.33350000000007185	TimeIntervals	Lick
806.3855000000001	0.09999999999990905	TimeIntervals	Lick
806.6855	0.0665000000000191	TimeIntervals	Lick
806.7855000000001	0.1999999999999318	TimeIntervals	Lick
807.0187500000001	0.2002500000000964	TimeIntervals	Lick
807.3190000000001	0.0665000000000191	TimeIntervals	Lick
807.4190000000001	0.13324999999986176	TimeIntervals	Lick
807.8855000000001	0.06674999999995634	TimeIntervals	Lick
807.9855	0.10000000000013642	TimeIntervals	Lick
808.5857500000002	0.06674999999995634	TimeIntervals	Lick
808.7525	0.0665000000000191	TimeIntervals	Lick
808.88575	0.06674999999995634	TimeIntervals	Lick
808.98575	0.06674999999995634	TimeIntervals	Lick
809.0857500000002	0.09999999999979536	TimeIntervals	Lick
809.2525	0.0665000000000191	TimeIntervals	Lick
809.386	0.10000000000002274	TimeIntervals	Lick
809.5192499999999	0.10000000000013642	TimeIntervals	Lick
810.1192500000001	0.10000000000002274	TimeIntervals	Lick
810.31925	0.06674999999995634	TimeIntervals	Lick
810.4195	0.10000000000002274	TimeIntervals	Lick
810.5860000000001	0.06674999999984266	TimeIntervals	Lick
810.7527500000001	0.06674999999995634	TimeIntervals	Lick
810.886	0.06675000000007003	TimeIntervals	Lick
810.986	0.10000000000013642	TimeIntervals	Lick
811.15275	0.10000000000013642	TimeIntervals	Lick
811.2860000000002	0.09999999999979536	TimeIntervals	Lick
811.4195	0.10000000000002274	TimeIntervals	Lick
811.553	0.10000000000002274	TimeIntervals	Lick
811.68625	0.06675000000018372	TimeIntervals	Lick
811.78625	0.10000000000013642	TimeIntervals	Lick
811.9195	0.06674999999995634	TimeIntervals	Lick
812.053	0.0665000000000191	TimeIntervals	Lick
812.153	0.10000000000013642	TimeIntervals	Lick
812.28625	0.10000000000013642	TimeIntervals	Lick
812.3862500000001	0.09999999999979536	TimeIntervals	Reward
812.4195	0.06674999999995634	TimeIntervals	Lick
812.5195	5.000999999999976	TimeIntervals	Lick
817.5870000000001	0.06674999999984266	TimeIntervals	Lick
818.0205	0.4334999999998672	TimeIntervals	Lick
818.4872500000001	0.09999999999990905	TimeIntervals	Lick
818.754	0.06650000000013279	TimeIntervals	Lick
819.0540000000001	0.13324999999997544	TimeIntervals	Lick
819.8207500000001	0.06675000000007003	TimeIntervals	Lick
820.0875000000001	0.09999999999990905	TimeIntervals	Lick
820.254	0.10025000000018736	TimeIntervals	Lick
820.65425	0.06675000000007003	TimeIntervals	Lick
820.8209999999999	0.10000000000002274	TimeIntervals	Lick
820.9875000000001	0.10000000000002274	TimeIntervals	Lick
821.15425	0.06675000000007003	TimeIntervals	Lick
821.25425	0.10000000000025011	TimeIntervals	Lick
821.3875000000002	0.1002499999998463	TimeIntervals	Lick
821.5209999999998	0.10000000000025011	TimeIntervals	Lick
821.6877499999999	0.06675000000007003	TimeIntervals	Lick
821.8209999999999	0.10000000000002274	TimeIntervals	Lick
821.98775	0.06675000000007003	TimeIntervals	Lick
822.1210000000001	0.06674999999984266	TimeIntervals	Lick
822.2545	0.10000000000013642	TimeIntervals	Lick
822.4209999999999	0.06675000000007003	TimeIntervals	Lick
822.5209999999998	0.10025000000018736	TimeIntervals	Lick
822.6545000000001	0.09999999999990905	TimeIntervals	Lick
822.788	0.10000000000013642	TimeIntervals	Lick
822.92125	0.09999999999990905	TimeIntervals	Lick
823.0880000000001	0.0665000000000191	TimeIntervals	Lick
823.22125	0.09999999999990905	TimeIntervals	Lick
823.3545000000001	0.06674999999984266	TimeIntervals	Lick
823.4880000000002	0.06649999999990541	TimeIntervals	Lick
823.5880000000001	0.10000000000002274	TimeIntervals	Lick
823.7215000000001	0.09999999999990905	TimeIntervals	Lick
823.8880000000001	0.10000000000002274	TimeIntervals	Lick
824.05475	0.06675000000007003	TimeIntervals	Lick
824.15475	0.10000000000002274	TimeIntervals	Lick
824.65475	0.03325000000006639	TimeIntervals	Lick
824.78825	0.06675000000018372	TimeIntervals	Lick
825.08825	0.09999999999990905	TimeIntervals	Lick
825.2550000000001	0.16649999999981446	TimeIntervals	Lick
825.555	0.6000000000001364	TimeIntervals	Lick
826.555	0.10000000000013642	TimeIntervals	Lick
826.72175	0.06674999999995634	TimeIntervals	Lick
827.1552500000001	0.4667500000000473	TimeIntervals	Lick
827.95525	0.10024999999995998	TimeIntervals	Lick
828.2555000000002	0.4332499999998163	TimeIntervals	Lick
828.78875	0.06674999999995634	TimeIntervals	Lick
830.1555	0.10025000000018736	TimeIntervals	Lick
830.4224999999999	0.3332500000002483	TimeIntervals	Lick
830.7890000000001	0.06675000000007003	TimeIntervals	Lick
830.989	0.06674999999995634	TimeIntervals	Lick
831.1225000000001	0.06649999999990541	TimeIntervals	Lick
831.2557500000001	0.10024999999995998	TimeIntervals	Lick
831.4559999999999	0.20000000000015916	TimeIntervals	Lick
832.5227500000001	0.09999999999990905	TimeIntervals	Lick
832.6895	0.10000000000013642	TimeIntervals	Lick
832.82275	0.10000000000002274	TimeIntervals	Lick
832.9895	0.23325000000011187	TimeIntervals	Lick
833.3895000000002	0.1667499999997517	TimeIntervals	Lick
833.623	0.06649999999990541	TimeIntervals	Lick
833.7230000000001	0.10000000000002274	TimeIntervals	Lick
833.8562500000002	0.09999999999990905	TimeIntervals	Lick
833.9895	0.10000000000002274	TimeIntervals	Lick
834.123	0.20000000000004547	TimeIntervals	Lick
834.3562500000002	0.09999999999990905	TimeIntervals	Lick
834.4562500000001	0.09999999999990905	TimeIntervals	Reward
834.4895	1.6005000000001246	TimeIntervals	Lick
836.3900000000001	3.3337499999998954	TimeIntervals	Lick
839.7905000000001	0.10000000000002274	TimeIntervals	Lick
839.957	0.10000000000002274	TimeIntervals	Lick
840.0905	0.5	TimeIntervals	Lick
840.6905000000002	0.1999999999999318	TimeIntervals	Lick
840.95725	0.06675000000007003	TimeIntervals	Lick
841.624	0.06674999999995634	TimeIntervals	Lick
841.724	0.09999999999990905	TimeIntervals	Lick
841.8575	0.10000000000002274	TimeIntervals	Lick
842.124	0.30025000000000546	TimeIntervals	Lick
842.4575	0.10000000000002274	TimeIntervals	Lick
842.6575000000001	0.06674999999984266	TimeIntervals	Lick
842.8910000000001	0.09999999999990905	TimeIntervals	Lick
843.0575	0.06675000000007003	TimeIntervals	Lick
843.22425	0.03325000000006639	TimeIntervals	Lick
843.491	0.40000000000009095	TimeIntervals	Lick
844.8912500000001	0.06674999999984266	TimeIntervals	Lick
845.2912500000002	0.03324999999983902	TimeIntervals	Lick
845.3912500000001	0.06674999999984266	TimeIntervals	Lick
845.6580000000001	0.10000000000002274	TimeIntervals	Lick
846.02475	0.10000000000002274	TimeIntervals	Lick
846.1580000000001	0.06674999999984266	TimeIntervals	Lick
846.2580000000002	0.09999999999990905	TimeIntervals	Lick
846.4247500000001	0.09999999999990905	TimeIntervals	Lick
846.558	5.967750000000024	TimeIntervals	Lick
846.558	0.10000000000013642	TimeIntervals	Reward
852.6925000000001	0.06649999999990541	TimeIntervals	Lick
853.02575	0.13325000000008913	TimeIntervals	Lick
853.326	0.13324999999997544	TimeIntervals	Lick
853.5592500000002	0.06674999999972897	TimeIntervals	Lick
853.726	0.10000000000002274	TimeIntervals	Lick
853.95925	0.13325000000008913	TimeIntervals	Lick
854.426	0.09999999999990905	TimeIntervals	Lick
854.726	0.16675000000009277	TimeIntervals	Lick
854.9927499999999	0.10000000000025011	TimeIntervals	Lick
855.126	0.2667500000001155	TimeIntervals	Lick
855.92625	0.06674999999995634	TimeIntervals	Lick
856.4929999999999	0.10000000000002274	TimeIntervals	Lick
856.9265	0.06649999999990541	TimeIntervals	Lick
857.05975	0.06674999999984266	TimeIntervals	Lick
857.293	0.06675000000007003	TimeIntervals	Lick
857.45975	0.13324999999997544	TimeIntervals	Lick
857.7932500000002	0.06674999999984266	TimeIntervals	Lick
857.99325	0.13324999999986176	TimeIntervals	Lick
860.927	0.13350000000002638	TimeIntervals	Lick
867.1945000000001	0.09999999999990905	TimeIntervals	Lick
873.029	0.06650000000013279	TimeIntervals	Lick
873.129	0.06650000000013279	TimeIntervals	Lick
873.26225	0.10000000000013642	TimeIntervals	Lick
873.3955000000001	0.20000000000004547	TimeIntervals	Lick
873.66225	0.06675000000018372	TimeIntervals	Lick
873.76225	0.20000000000004547	TimeIntervals	Lick
874.029	0.16675000000009277	TimeIntervals	Lick
874.2290000000002	0.09999999999979536	TimeIntervals	Lick
874.3625000000001	0.10000000000002274	TimeIntervals	Lick
874.49575	0.10000000000002274	TimeIntervals	Lick
874.629	0.06675000000007003	TimeIntervals	Lick
874.629	0.06675000000007003	TimeIntervals	Reward
874.7290000000002	5.367499999999836	TimeIntervals	Lick
880.1300000000001	0.23325000000011187	TimeIntervals	Lick
880.3965	0.33350000000007185	TimeIntervals	Lick
881.0635	0.10000000000002274	TimeIntervals	Lick
881.1967500000001	0.09999999999990905	TimeIntervals	Lick
881.6967500000001	0.16675000000020646	TimeIntervals	Lick
881.9302499999999	0.23325000000011187	TimeIntervals	Lick
882.7969999999999	0.10000000000013642	TimeIntervals	Lick
883.2637500000001	0.10000000000013642	TimeIntervals	Lick
883.597	0.06675000000007003	TimeIntervals	Lick
883.7637500000001	0.10000000000013642	TimeIntervals	Lick
883.9970000000002	0.1002499999998463	TimeIntervals	Lick
884.2640000000001	0.06649999999990541	TimeIntervals	Lick
885.3975000000002	0.09999999999990905	TimeIntervals	Lick
885.5974999999999	0.06650000000024647	TimeIntervals	Lick
886.2975	0.13350000000002638	TimeIntervals	Lick
886.9975000000001	0.13350000000014006	TimeIntervals	Lick
888.231	0.13350000000002638	TimeIntervals	Lick
888.498	0.13325000000008913	TimeIntervals	Lick
890.1315000000001	0.0665000000000191	TimeIntervals	Lick
891.5649999999999	0.13350000000002638	TimeIntervals	Lick
898.6660000000002	0.09999999999990905	TimeIntervals	Lick
898.7995000000001	0.06650000000013279	TimeIntervals	Lick
898.8995000000001	0.09999999999990905	TimeIntervals	Lick
899.0660000000001	0.06674999999995634	TimeIntervals	Lick
899.1660000000002	0.09999999999990905	TimeIntervals	Lick
899.2995000000001	0.06650000000013279	TimeIntervals	Lick
899.3995000000001	0.20000000000004547	TimeIntervals	Lick
899.6330000000002	0.06649999999990541	TimeIntervals	Lick
899.7330000000001	0.10000000000002274	TimeIntervals	Lick
899.8662500000002	0.09999999999979536	TimeIntervals	Lick
899.9995	0.06674999999995634	TimeIntervals	Lick
900.1330000000002	0.06649999999990541	TimeIntervals	Lick
900.2330000000001	0.10000000000002274	TimeIntervals	Lick
900.3995000000001	0.06674999999984266	TimeIntervals	Lick
900.4995	0.20024999999998272	TimeIntervals	Lick
900.6665000000002	0.03324999999983902	TimeIntervals	Reward
900.7330000000001	4.900749999999903	TimeIntervals	Lick
905.7005	0.06650000000013279	TimeIntervals	Lick
905.8670000000001	0.06674999999995634	TimeIntervals	Lick
906.0672500000001	0.16674999999997908	TimeIntervals	Lick
906.4340000000001	0.09999999999990905	TimeIntervals	Lick
906.6005	0.03350000000000364	TimeIntervals	Lick
906.7005	0.10000000000013642	TimeIntervals	Lick
906.8672500000001	0.09999999999979536	TimeIntervals	Lick
907.10075	0.13325000000008913	TimeIntervals	Lick
907.3675000000002	0.09999999999979536	TimeIntervals	Lick
907.534	0.06674999999995634	TimeIntervals	Lick
908.0007499999999	0.10000000000002274	TimeIntervals	Lick
908.1675	0.10000000000002274	TimeIntervals	Lick
908.3342500000001	0.09999999999990905	TimeIntervals	Lick
908.4675	0.10000000000013642	TimeIntervals	Lick
908.6342500000001	0.06674999999995634	TimeIntervals	Lick
908.7675	0.10000000000013642	TimeIntervals	Lick
908.901	0.10000000000002274	TimeIntervals	Lick
909.03425	0.10000000000002274	TimeIntervals	Lick
909.1675	0.10000000000002274	TimeIntervals	Lick
909.3010000000003	0.09999999999968168	TimeIntervals	Lick
909.4345	0.10000000000002274	TimeIntervals	Lick
909.5677500000002	0.09999999999990905	TimeIntervals	Lick
909.7344999999999	0.06650000000036016	TimeIntervals	Lick
909.8345	0.09999999999990905	TimeIntervals	Lick
910.001	0.06675000000018372	TimeIntervals	Lick
910.101	0.10000000000002274	TimeIntervals	Lick
910.2677500000001	0.06674999999995634	TimeIntervals	Lick
910.40125	0.06674999999995634	TimeIntervals	Lick
910.5345	0.10000000000002274	TimeIntervals	Lick
910.6680000000001	0.09999999999990905	TimeIntervals	Lick
910.9345	0.06674999999995634	TimeIntervals	Lick
911.0345	0.2335000000000491	TimeIntervals	Lick
911.63475	0.06675000000007003	TimeIntervals	Lick
911.868	0.133499999999799	TimeIntervals	Lick
912.2347500000001	0.06675000000007003	TimeIntervals	Lick
912.5014999999999	0.10000000000013642	TimeIntervals	Lick
912.7015000000001	0.4334999999998672	TimeIntervals	Lick
913.3350000000002	0.06649999999990541	TimeIntervals	Lick
913.90175	0.09999999999990905	TimeIntervals	Lick
914.3350000000002	0.06674999999984266	TimeIntervals	Lick
914.4350000000001	0.2335000000000491	TimeIntervals	Lick
915.9355	0.13325000000008913	TimeIntervals	Lick
916.2355	0.10000000000013642	TimeIntervals	Lick
916.5687500000001	0.10000000000002274	TimeIntervals	Lick
916.7020000000001	0.06674999999995634	TimeIntervals	Lick
916.902	0.06700000000000728	TimeIntervals	Lick
917.0022499999999	0.10000000000013642	TimeIntervals	Lick
917.1690000000001	0.09999999999990905	TimeIntervals	Lick
917.3022500000002	0.09999999999979536	TimeIntervals	Lick
917.4355	0.09999999999979536	TimeIntervals	Lick
917.60225	0.10000000000013642	TimeIntervals	Lick
917.7022500000002	0.06674999999984266	TimeIntervals	Reward
917.769	4.100500000000011	TimeIntervals	Lick
921.903	0.3665000000000873	TimeIntervals	Lick
922.3362500000001	0.60024999999996	TimeIntervals	Lick
923.003	0.7670000000000528	TimeIntervals	Lick
923.97	0.16649999999992815	TimeIntervals	Lick
924.2365000000001	0.06674999999995634	TimeIntervals	Lick
924.5365	0.09999999999990905	TimeIntervals	Lick
924.67	0.10000000000013642	TimeIntervals	Lick
924.8367500000003	0.13324999999974807	TimeIntervals	Lick
925.03675	0.3999999999998636	TimeIntervals	Lick
925.47	0.4334999999999809	TimeIntervals	Lick
926.0035	0.13350000000002638	TimeIntervals	Lick
926.2035000000001	0.10000000000013642	TimeIntervals	Lick
926.5369999999999	0.06650000000013279	TimeIntervals	Lick
926.6370000000001	0.09999999999990905	TimeIntervals	Lick
926.8035000000002	0.10024999999973261	TimeIntervals	Lick
926.9705000000001	0.10000000000002274	TimeIntervals	Lick
927.237	0.40000000000009095	TimeIntervals	Lick
927.7037500000001	0.06674999999995634	TimeIntervals	Lick
927.8037500000002	0.13324999999974807	TimeIntervals	Lick
928.4705000000001	0.10000000000002274	TimeIntervals	Lick
928.904	0.3000000000001819	TimeIntervals	Lick
929.5374999999999	0.03325000000018008	TimeIntervals	Lick
929.6374999999999	0.2665000000000646	TimeIntervals	Lick
929.9375	0.2335000000001628	TimeIntervals	Lick
930.2042500000001	0.3667499999997972	TimeIntervals	Lick
930.60425	0.3332500000000209	TimeIntervals	Lick
931.0374999999999	0.6670000000002574	TimeIntervals	Lick
931.7710000000001	0.03350000000000364	TimeIntervals	Lick
931.8710000000002	0.133499999999799	TimeIntervals	Lick
932.77125	0.6667500000000928	TimeIntervals	Lick
933.5379999999999	0.10000000000013642	TimeIntervals	Lick
933.90475	0.2999999999999545	TimeIntervals	Lick
934.2715000000001	0.10000000000002274	TimeIntervals	Lick
934.5047500000001	0.20024999999998272	TimeIntervals	Lick
934.7382500000002	0.09999999999979536	TimeIntervals	Lick
935.0050000000001	0.06649999999990541	TimeIntervals	Lick
935.33825	0.06675000000007003	TimeIntervals	Lick
935.8717500000002	0.5	TimeIntervals	Lick
936.4050000000001	0.23349999999993543	TimeIntervals	Lick
937.0385	0.39999999999997726	TimeIntervals	Lick
937.4720000000002	0.09999999999979536	TimeIntervals	Lick
937.6052500000001	0.13325000000020282	TimeIntervals	Lick
937.8720000000002	0.4334999999998672	TimeIntervals	Lick
938.4720000000002	0.26674999999988813	TimeIntervals	Lick
938.8720000000002	0.26699999999993906	TimeIntervals	Lick
939.2055	0.10000000000002274	TimeIntervals	Lick
939.3722500000001	0.09999999999990905	TimeIntervals	Lick
939.5055000000001	0.4334999999997535	TimeIntervals	Lick
940.039	0.16675000000009277	TimeIntervals	Lick
940.2725000000002	0.2664999999998372	TimeIntervals	Lick
940.5725	2.333499999999958	TimeIntervals	Lick
942.9395	0.3000000000001819	TimeIntervals	Lick
943.2727500000001	0.2667500000000018	TimeIntervals	Lick
943.573	0.20000000000015916	TimeIntervals	Lick
943.80625	0.10000000000002274	TimeIntervals	Lick
944.0062500000001	0.4667499999998199	TimeIntervals	Lick
944.5065000000001	0.23325000000011187	TimeIntervals	Lick
944.8397500000001	0.2667500000000018	TimeIntervals	Lick
945.1397500000002	0.29999999999972715	TimeIntervals	Lick
945.473	0.10024999999995998	TimeIntervals	Lick
945.6065000000001	0.09999999999990905	TimeIntervals	Lick
945.7732500000002	0.06674999999995634	TimeIntervals	Lick
945.9065	0.1334999999999127	TimeIntervals	Lick
946.1065000000001	0.06674999999995634	TimeIntervals	Lick
946.24	0.10000000000013642	TimeIntervals	Lick
946.6735	0.0665000000000191	TimeIntervals	Lick
946.8067500000001	0.10000000000002274	TimeIntervals	Lick
946.9399999999999	0.10000000000002274	TimeIntervals	Lick
947.10675	0.06674999999995634	TimeIntervals	Lick
947.2067499999999	0.10000000000013642	TimeIntervals	Lick
947.3735000000001	0.06649999999979173	TimeIntervals	Lick
947.5067500000001	0.09999999999990905	TimeIntervals	Lick
947.6400000000001	0.10025000000007367	TimeIntervals	Lick
947.7735000000001	0.10000000000002274	TimeIntervals	Lick
947.7735000000001	0.10000000000002274	TimeIntervals	Reward
947.907	1.0	TimeIntervals	Lick
948.9405	0.09999999999990905	TimeIntervals	Lick
949.07375	0.09999999999990905	TimeIntervals	Lick
949.207	0.20000000000004547	TimeIntervals	Lick
949.4405	0.09999999999990905	TimeIntervals	Lick
949.57375	0.09999999999990905	TimeIntervals	Lick
949.707	0.10000000000002274	TimeIntervals	Lick
949.8737500000002	0.5002499999999372	TimeIntervals	Lick
950.4072500000001	0.10000000000002274	TimeIntervals	Lick
950.5405	0.2335000000001628	TimeIntervals	Lick
950.80725	0.10000000000013642	TimeIntervals	Lick
950.974	0.09999999999990905	TimeIntervals	Lick
951.1407500000001	0.06674999999984266	TimeIntervals	Lick
951.24075	0.33324999999990723	TimeIntervals	Lick
951.6075	0.20000000000015916	TimeIntervals	Lick
951.8407500000001	0.13324999999997544	TimeIntervals	Lick
952.0075	0.13350000000002638	TimeIntervals	Lick
952.2075	0.0667500000002974	TimeIntervals	Lick
952.3742500000001	0.06674999999995634	TimeIntervals	Lick
952.57425	0.23325000000011187	TimeIntervals	Lick
952.941	0.10000000000002274	TimeIntervals	Lick
953.07425	0.16674999999997908	TimeIntervals	Lick
953.30775	0.6000000000000227	TimeIntervals	Lick
953.941	0.13350000000002638	TimeIntervals	Lick
954.1410000000001	0.16700000000003	TimeIntervals	Lick
954.34125	0.10000000000002274	TimeIntervals	Lick
954.5080000000002	0.5332499999999527	TimeIntervals	Lick
955.1080000000001	0.2332499999998845	TimeIntervals	Lick
955.3745000000001	0.13350000000002638	TimeIntervals	Lick
955.5415000000002	0.13324999999997544	TimeIntervals	Lick
955.708	0.33350000000018554	TimeIntervals	Lick
956.208	0.10000000000013642	TimeIntervals	Lick
956.3747500000001	0.06674999999984266	TimeIntervals	Lick
956.47475	0.2002500000000964	TimeIntervals	Lick
956.70825	0.10000000000002274	TimeIntervals	Lick
956.8750000000001	0.09999999999979536	TimeIntervals	Lick
957.0082500000001	0.09999999999979536	TimeIntervals	Lick
957.20825	0.06675000000018372	TimeIntervals	Lick
957.4082500000001	0.13325000000008913	TimeIntervals	Lick
957.9085	0.06649999999990541	TimeIntervals	Lick
958.1084999999999	0.1665000000002692	TimeIntervals	Lick
958.4085	0.06649999999990541	TimeIntervals	Lick
958.5749999999999	0.1670000000001437	TimeIntervals	Lick
959.2420000000001	0.10000000000002274	TimeIntervals	Lick
959.7085	0.10000000000013642	TimeIntervals	Lick
959.8755000000001	0.09999999999979536	TimeIntervals	Lick
960.1755000000002	0.03324999999983902	TimeIntervals	Lick
960.3087500000001	0.13324999999986176	TimeIntervals	Lick
960.7420000000001	0.06675000000007003	TimeIntervals	Lick
960.9422500000001	0.13324999999997544	TimeIntervals	Lick
961.14225	0.23325000000011187	TimeIntervals	Lick
961.84225	0.06674999999995634	TimeIntervals	Reward
961.8755000000001	2.73399999999981	TimeIntervals	Lick
964.676	0.03349999999988995	TimeIntervals	Lick
967.9765	0.10000000000002274	TimeIntervals	Lick
968.1432500000001	0.06675000000007003	TimeIntervals	Lick
969.2100000000002	0.09999999999990905	TimeIntervals	Lick
969.677	0.10000000000013642	TimeIntervals	Lick
969.8435000000001	4.0340000000001055	TimeIntervals	Lick
973.9440000000001	0.06674999999984266	TimeIntervals	Lick
974.0440000000001	0.20024999999998272	TimeIntervals	Lick
974.2775000000001	0.10000000000002274	TimeIntervals	Lick
974.411	0.06650000000013279	TimeIntervals	Lick
974.511	0.09999999999990905	TimeIntervals	Lick
974.64425	0.20000000000004547	TimeIntervals	Lick
974.8442500000001	0.10000000000002274	TimeIntervals	Reward
974.8775000000002	4.500749999999812	TimeIntervals	Lick
979.4782500000001	0.06674999999984266	TimeIntervals	Lick
979.645	0.13350000000014006	TimeIntervals	Lick
979.8117500000001	0.10000000000013642	TimeIntervals	Lick
979.945	0.13350000000014006	TimeIntervals	Lick
981.3120000000001	0.33324999999979354	TimeIntervals	Lick
981.6785000000002	3.700749999999857	TimeIntervals	Lick
985.4124999999999	0.10000000000002274	TimeIntervals	Lick
985.6792500000001	0.1667499999998654	TimeIntervals	Lick
985.8792500000001	0.06674999999984266	TimeIntervals	Lick
986.2127500000001	0.09999999999979536	TimeIntervals	Lick
986.346	0.09999999999990905	TimeIntervals	Lick
987.0459999999999	0.09999999999990905	TimeIntervals	Lick
987.513	0.10000000000013642	TimeIntervals	Lick
987.7130000000001	0.13325000000020282	TimeIntervals	Lick
988.14625	0.06675000000007003	TimeIntervals	Lick
988.6797500000001	0.09999999999990905	TimeIntervals	Lick
989.2130000000001	0.06674999999995634	TimeIntervals	Lick
989.3797500000001	0.06674999999995634	TimeIntervals	Lick
989.5464999999998	0.10000000000013642	TimeIntervals	Lick
989.68	0.10000000000002274	TimeIntervals	Lick
989.8132500000002	0.06674999999995634	TimeIntervals	Lick
989.91325	0.16675000000009277	TimeIntervals	Lick
990.1132500000002	0.1999999999999318	TimeIntervals	Lick
990.3465000000003	0.09999999999968168	TimeIntervals	Lick
990.48	0.1999999999999318	TimeIntervals	Lick
990.7135000000002	0.19999999999970441	TimeIntervals	Lick
990.9134999999999	0.06650000000013279	TimeIntervals	Reward
990.94675	2.433750000000259	TimeIntervals	Lick
993.4137500000002	0.09999999999990905	TimeIntervals	Lick
993.81375	0.10024999999995998	TimeIntervals	Lick
994.5139999999999	0.13325000000008913	TimeIntervals	Lick
996.4142499999998	0.1000000000003638	TimeIntervals	Lick
997.0810000000001	0.13350000000002638	TimeIntervals	Lick
997.6810000000002	0.09999999999990905	TimeIntervals	Lick
998.14775	0.06675000000018372	TimeIntervals	Lick
1001.6485	0.10000000000002274	TimeIntervals	Lick
1001.8150000000002	0.09999999999990905	TimeIntervals	Lick
1002.3485000000002	0.09999999999968168	TimeIntervals	Lick
1002.615	0.10024999999995998	TimeIntervals	Lick
1002.8485000000002	0.09999999999968168	TimeIntervals	Lick
1003.0484999999999	0.06675000000007003	TimeIntervals	Lick
1003.21525	0.13325000000020282	TimeIntervals	Lick
1003.982	0.13350000000014006	TimeIntervals	Lick
1004.7487500000002	0.06674999999984266	TimeIntervals	Lick
1005.5822499999999	0.13325000000008913	TimeIntervals	Lick
1005.749	0.10000000000002274	TimeIntervals	Lick
1006.9489999999997	0.13350000000025375	TimeIntervals	Lick
1012.6835000000001	0.06649999999990541	TimeIntervals	Lick
1013.817	0.10000000000013642	TimeIntervals	Lick
1014.55025	0.10000000000013642	TimeIntervals	Lick
1015.5505000000002	0.06649999999990541	TimeIntervals	Lick
1015.8505	0.8000000000000682	TimeIntervals	Lick
1016.8505	0.06700000000000728	TimeIntervals	Lick
1016.9507499999999	0.1000000000003638	TimeIntervals	Lick
1017.084	0.06675000000007003	TimeIntervals	Lick
1017.2175	0.20000000000004547	TimeIntervals	Lick
1017.4839999999998	0.06675000000041109	TimeIntervals	Lick
1017.584	0.09999999999990905	TimeIntervals	Lick
1017.7175	0.10000000000013642	TimeIntervals	Lick
1017.85075	0.2002500000000964	TimeIntervals	Lick
1018.0842499999999	0.1000000000003638	TimeIntervals	Lick
1018.2510000000002	0.06649999999990541	TimeIntervals	Lick
1018.3509999999999	0.09999999999990905	TimeIntervals	Lick
1018.48425	0.09999999999990905	TimeIntervals	Lick
1018.6175	0.0667500000002974	TimeIntervals	Lick
1018.7175	0.10000000000013642	TimeIntervals	Lick
1018.8509999999999	0.09999999999990905	TimeIntervals	Lick
1018.98425	4.767500000000268	TimeIntervals	Lick
1018.98425	0.06675000000007003	TimeIntervals	Reward
1023.7850000000002	0.133499999999799	TimeIntervals	Lick
1024.2850000000003	0.0667499999995016	TimeIntervals	Lick
1024.4185000000002	0.06649999999990541	TimeIntervals	Lick
1024.5185000000001	0.09999999999990905	TimeIntervals	Lick
1024.852	0.09999999999990905	TimeIntervals	Lick
1025.08525	0.06674999999995634	TimeIntervals	Lick
1025.452	0.09999999999990905	TimeIntervals	Lick
1026.2855000000002	0.06649999999990541	TimeIntervals	Lick
1026.3855	0.10000000000013642	TimeIntervals	Lick
1026.6187499999999	0.06675000000018372	TimeIntervals	Lick
1026.819	0.10000000000013642	TimeIntervals	Lick
1027.019	0.1999999999998181	TimeIntervals	Lick
1027.2855000000002	0.09999999999990905	TimeIntervals	Lick
1027.55225	0.06674999999972897	TimeIntervals	Lick
1028.38575	0.13325000000008913	TimeIntervals	Lick
1028.88575	0.06675000000018372	TimeIntervals	Lick
1029.086	1.599999999999909	TimeIntervals	Lick
1032.3197499999999	0.10000000000013642	TimeIntervals	Lick
1032.51975	0.06674999999995634	TimeIntervals	Lick
1032.91975	0.06674999999995634	TimeIntervals	Lick
1033.1865	0.1999999999998181	TimeIntervals	Lick
1034.0532500000002	0.09999999999968168	TimeIntervals	Lick
1034.7534999999998	0.10000000000013642	TimeIntervals	Lick
1035.1535000000001	0.033249999999952706	TimeIntervals	Lick
1035.3535	0.1000000000003638	TimeIntervals	Lick
1035.7534999999998	0.06675000000041109	TimeIntervals	Lick
1036.02025	0.2332499999997708	TimeIntervals	Lick
1036.287	0.09999999999990905	TimeIntervals	Lick
1036.4202500000001	0.06675000000018372	TimeIntervals	Lick
1036.52025	0.2002500000000964	TimeIntervals	Lick
1036.75375	0.09999999999990905	TimeIntervals	Lick
1036.887	0.06675000000018372	TimeIntervals	Lick
1036.9870000000003	0.09999999999968168	TimeIntervals	Lick
1037.05375	0.09999999999990905	TimeIntervals	Reward
1037.1205	5.100750000000062	TimeIntervals	Lick
1042.288	0.06649999999967804	TimeIntervals	Lick
1042.5880000000002	0.16650000000004184	TimeIntervals	Lick
1042.8544999999997	0.20000000000050022	TimeIntervals	Lick
1043.188	0.2667500000002292	TimeIntervals	Lick
1043.6547499999997	0.1000000000003638	TimeIntervals	Lick
1043.988	0.16674999999963802	TimeIntervals	Lick
1044.25475	0.033249999999952706	TimeIntervals	Lick
1044.4215000000002	0.13350000000014006	TimeIntervals	Lick
1044.58825	0.2667500000000018	TimeIntervals	Lick
1045.5885	0.06649999999967804	TimeIntervals	Lick
1045.7217500000002	0.06674999999972897	TimeIntervals	Lick
1045.855	0.06675000000018372	TimeIntervals	Lick
1045.9550000000002	0.10000000000013642	TimeIntervals	Lick
1046.0885	0.10000000000013642	TimeIntervals	Lick
1046.32175	0.06674999999995634	TimeIntervals	Lick
1046.4217500000002	0.09999999999968168	TimeIntervals	Lick
1046.5550000000003	0.10024999999950523	TimeIntervals	Lick
1046.75525	0.06675000000018372	TimeIntervals	Lick
1046.9552500000002	0.09999999999990905	TimeIntervals	Lick
1047.0885	0.10000000000013642	TimeIntervals	Lick
1047.35525	0.10000000000013642	TimeIntervals	Lick
1047.4885	0.10000000000013642	TimeIntervals	Lick
1047.6552499999998	0.13350000000036744	TimeIntervals	Lick
1047.8220000000001	0.09999999999990905	TimeIntervals	Lick
1048.0555000000002	0.09999999999990905	TimeIntervals	Lick
1048.2220000000002	0.06674999999995634	TimeIntervals	Lick
1048.3220000000001	0.06674999999995634	TimeIntervals	Lick
1048.422	0.09999999999968168	TimeIntervals	Lick
1048.5555000000002	0.09999999999990905	TimeIntervals	Lick
1048.6887499999998	0.10025000000018736	TimeIntervals	Lick
1048.8222500000002	0.09999999999990905	TimeIntervals	Lick
1048.9555000000003	0.09999999999990905	TimeIntervals	Lick
1049.089	0.10000000000013642	TimeIntervals	Lick
1049.6555	0.10000000000013642	TimeIntervals	Lick
1049.789	0.09999999999990905	TimeIntervals	Lick
1050.389	0.06675000000018372	TimeIntervals	Lick
1050.9225000000001	0.1334999999999127	TimeIntervals	Lick
1051.356	0.13325000000008913	TimeIntervals	Lick
1054.1895	0.06700000000000728	TimeIntervals	Lick
1054.623	0.10000000000013642	TimeIntervals	Lick
1054.823	0.10000000000013642	TimeIntervals	Lick
1055.42325	0.09999999999990905	TimeIntervals	Lick
1055.6899999999998	0.06650000000013279	TimeIntervals	Lick
1055.7900000000002	0.09999999999990905	TimeIntervals	Lick
1056.22325	0.13325000000008913	TimeIntervals	Lick
1056.39	0.10000000000013642	TimeIntervals	Lick
1057.1567499999999	0.1332500000003165	TimeIntervals	Lick
1061.0575000000001	0.06649999999990541	TimeIntervals	Lick
1062.4910000000002	0.09999999999990905	TimeIntervals	Lick
1062.6242499999998	0.06674999999995634	TimeIntervals	Lick
1062.7242500000002	0.09999999999990905	TimeIntervals	Lick
1062.891	0.10000000000013642	TimeIntervals	Lick
1063.02425	0.06675000000018372	TimeIntervals	Lick
1063.1245	0.06649999999990541	TimeIntervals	Lick
1063.2245	0.09999999999990905	TimeIntervals	Lick
1063.35775	0.06675000000041109	TimeIntervals	Lick
1063.45775	0.09999999999990905	TimeIntervals	Lick
1063.5910000000001	0.06674999999972897	TimeIntervals	Lick
1063.6909999999998	0.10000000000013642	TimeIntervals	Lick
1063.85775	0.10000000000013642	TimeIntervals	Lick
1063.9910000000002	0.20024999999964166	TimeIntervals	Lick
1064.1245	0.06674999999995634	TimeIntervals	Reward
1064.2245	23.837000000000216	TimeIntervals	Lick
1088.0947500000002	0.09999999999968168	TimeIntervals	Lick
1088.1615	0.033249999999952706	TimeIntervals	Reward
1088.228	6.234499999999798	TimeIntervals	Lick
1094.7957500000002	0.2002500000000964	TimeIntervals	Lick
1095.0292500000003	0.06674999999972897	TimeIntervals	Lick
1095.22925	0.06674999999995634	TimeIntervals	Lick
1095.796	0.06650000000013279	TimeIntervals	Lick
1096.3294999999998	0.43325000000004366	TimeIntervals	Lick
1096.896	0.13350000000014006	TimeIntervals	Lick
1097.89625	0.06675000000018372	TimeIntervals	Lick
1098.1630000000002	0.06674999999972897	TimeIntervals	Lick
1098.4630000000002	0.06674999999995634	TimeIntervals	Lick
1098.5964999999999	0.06650000000036016	TimeIntervals	Lick
1098.72975	0.06675000000018372	TimeIntervals	Lick
1098.82975	0.09999999999990905	TimeIntervals	Lick
1098.9630000000002	0.09999999999990905	TimeIntervals	Lick
1099.0964999999999	0.10000000000013642	TimeIntervals	Lick
1099.263	0.06700000000000728	TimeIntervals	Lick
1099.3632499999999	0.09999999999990905	TimeIntervals	Lick
1099.4965000000002	0.06674999999995634	TimeIntervals	Lick
1099.5964999999999	0.10000000000013642	TimeIntervals	Lick
1099.7299999999998	0.10000000000013642	TimeIntervals	Lick
1099.8632499999999	0.09999999999990905	TimeIntervals	Lick
1099.9965000000002	0.1999999999998181	TimeIntervals	Lick
1100.1965	0.10000000000013642	TimeIntervals	Reward
1100.2299999999998	4.434000000000424	TimeIntervals	Lick
1104.6972500000002	1.2670000000000528	TimeIntervals	Lick
1105.9975000000002	0.33349999999995816	TimeIntervals	Lick
1106.3974999999998	0.06675000000041109	TimeIntervals	Lick
1106.4975000000002	0.1334999999999127	TimeIntervals	Lick
1106.6975000000002	0.2999999999999545	TimeIntervals	Lick
1107.0645000000002	0.1000000000003638	TimeIntervals	Lick
1107.1977500000003	0.1999999999998181	TimeIntervals	Lick
1107.4977499999998	0.10000000000013642	TimeIntervals	Lick
1107.6645000000005	0.06649999999945067	TimeIntervals	Lick
1107.7645	0.13325000000008913	TimeIntervals	Lick
1107.931	0.1670000000001437	TimeIntervals	Lick
1108.1980000000003	0.19999999999959073	TimeIntervals	Lick
1108.4645	1.06699999999978	TimeIntervals	Lick
1109.5647500000002	0.13325000000008913	TimeIntervals	Lick
1109.7315	0.13324999999963438	TimeIntervals	Lick
1109.9979999999998	0.40025000000036925	TimeIntervals	Lick
1110.4315	0.599999999999909	TimeIntervals	Lick
1111.065	0.13325000000008913	TimeIntervals	Lick
1111.2315	0.09999999999990905	TimeIntervals	Lick
1111.3985	0.09999999999990905	TimeIntervals	Lick
1111.5317499999999	0.23325000000022555	TimeIntervals	Lick
1111.8317500000003	0.09999999999968168	TimeIntervals	Lick
1111.9650000000001	0.09999999999990905	TimeIntervals	Lick
1112.0985	0.13325000000008913	TimeIntervals	Lick
1112.2985	0.1999999999998181	TimeIntervals	Lick
1112.532	0.1000000000003638	TimeIntervals	Lick
1112.7320000000002	0.06649999999990541	TimeIntervals	Lick
1112.832	0.3665000000003147	TimeIntervals	Lick
1113.26525	0.16675000000009277	TimeIntervals	Lick
1113.4985	0.16700000000037107	TimeIntervals	Lick
1113.6987500000002	0.13324999999986176	TimeIntervals	Lick
1113.8655	0.10000000000013642	TimeIntervals	Lick
1113.9987500000002	0.29999999999972715	TimeIntervals	Lick
1114.332	0.23349999999982174	TimeIntervals	Lick
1114.5987500000003	0.10024999999995998	TimeIntervals	Lick
1114.8322500000002	0.13325000000008913	TimeIntervals	Lick
1115.0655	0.33349999999995816	TimeIntervals	Lick
1115.899	0.46675000000027467	TimeIntervals	Lick
1116.399	0.4335000000000946	TimeIntervals	Lick
1116.89925	0.40000000000009095	TimeIntervals	Lick
1117.3325	0.13350000000014006	TimeIntervals	Lick
1117.5659999999998	0.23325000000022555	TimeIntervals	Lick
1117.866	0.10000000000013642	TimeIntervals	Lick
1118.0995	0.4332499999998163	TimeIntervals	Lick
1118.5659999999998	0.4667500000000473	TimeIntervals	Lick
1119.0659999999998	0.2670000000005075	TimeIntervals	Lick
1119.36625	0.26674999999977445	TimeIntervals	Lick
1119.6995	0.40000000000009095	TimeIntervals	Lick
1120.1329999999998	0.03350000000023101	TimeIntervals	Lick
1120.2330000000002	0.06674999999972897	TimeIntervals	Lick
1120.3330000000003	0.1334999999999127	TimeIntervals	Lick
1120.49975	0.40000000000009095	TimeIntervals	Lick
1120.933	0.2667500000002292	TimeIntervals	Lick
1121.5000000000002	0.7664999999999509	TimeIntervals	Lick
1122.3665	0.2335000000000491	TimeIntervals	Lick
1122.76675	0.10000000000013642	TimeIntervals	Lick
1123.0000000000002	0.06674999999972897	TimeIntervals	Lick
1123.1667500000003	0.06674999999972897	TimeIntervals	Lick
1123.467	0.06649999999990541	TimeIntervals	Lick
1123.567	0.10000000000013642	TimeIntervals	Lick
1123.7335	0.06674999999995634	TimeIntervals	Lick
1123.8670000000002	0.06649999999990541	TimeIntervals	Lick
1123.967	0.09999999999990905	TimeIntervals	Lick
1124.1335000000001	0.09999999999990905	TimeIntervals	Lick
1124.30025	0.06675000000018372	TimeIntervals	Lick
1124.40025	0.1000000000003638	TimeIntervals	Lick
1124.567	0.06674999999995634	TimeIntervals	Lick
1124.7005	0.06649999999990541	TimeIntervals	Lick
1124.8005	0.09999999999990905	TimeIntervals	Lick
1124.9337500000001	0.09999999999968168	TimeIntervals	Lick
1125.067	0.10000000000013642	TimeIntervals	Lick
1125.2005	0.06649999999990541	TimeIntervals	Lick
1125.2669999999998	0.1000000000003638	TimeIntervals	Reward
1125.3005	3.7672499999998763	TimeIntervals	Lick
1129.101	0.06674999999995634	TimeIntervals	Lick
1129.2677500000002	0.7332499999999982	TimeIntervals	Lick
1130.0345000000002	0.4334999999998672	TimeIntervals	Lick
1130.5012500000003	0.16674999999963802	TimeIntervals	Lick
1130.7345000000003	0.1999999999998181	TimeIntervals	Lick
1131.0012500000003	0.20024999999964166	TimeIntervals	Lick
1131.23475	0.23324999999999818	TimeIntervals	Lick
1131.5015000000003	0.09999999999990905	TimeIntervals	Lick
1131.6347500000002	0.16674999999963802	TimeIntervals	Lick
1131.8347499999998	0.1332500000003165	TimeIntervals	Lick
1132.0015000000003	0.1664999999995871	TimeIntervals	Lick
1132.2015	0.1334999999999127	TimeIntervals	Lick
1132.4015	0.13350000000014006	TimeIntervals	Lick
1132.6015000000002	0.5	TimeIntervals	Lick
1133.2350000000004	0.1999999999998181	TimeIntervals	Lick
1133.4685000000002	0.13324999999986176	TimeIntervals	Lick
1133.7017500000002	0.23324999999999818	TimeIntervals	Lick
1134.0017500000001	0.06674999999995634	TimeIntervals	Lick
1134.1350000000002	0.1334999999999127	TimeIntervals	Lick
1134.30175	0.2002500000000964	TimeIntervals	Lick
1134.53525	0.23325000000022555	TimeIntervals	Lick
1134.802	0.13324999999986176	TimeIntervals	Lick
1134.9685000000002	0.3334999999997308	TimeIntervals	Lick
1135.33525	0.16675000000009277	TimeIntervals	Lick
1135.53525	0.16675000000032014	TimeIntervals	Lick
1135.7687500000002	0.43325000000004366	TimeIntervals	Lick
1136.2355000000002	0.13324999999986176	TimeIntervals	Lick
1136.402	0.6669999999999163	TimeIntervals	Lick
1137.10225	1.4002500000001419	TimeIntervals	Lick
1138.53575	0.16675000000009277	TimeIntervals	Lick
1138.86925	0.16675000000009277	TimeIntervals	Lick
1139.06925	0.20000000000027285	TimeIntervals	Lick
1139.36925	0.16675000000009277	TimeIntervals	Lick
1139.6692500000001	0.1999999999998181	TimeIntervals	Lick
1140.00275	0.09999999999990905	TimeIntervals	Lick
1140.1695000000002	0.1664999999995871	TimeIntervals	Lick
1140.3695	0.3000000000001819	TimeIntervals	Lick
1140.736	0.23349999999982174	TimeIntervals	Lick
1141.303	0.23325000000022555	TimeIntervals	Lick
1141.6362500000002	0.19999999999959073	TimeIntervals	Lick
1141.9362500000002	0.2002500000000964	TimeIntervals	Lick
1142.303	0.16675000000009277	TimeIntervals	Lick
1142.66975	0.23325000000022555	TimeIntervals	Lick
1143.16975	0.2002500000000964	TimeIntervals	Lick
1143.47	0.13325000000008913	TimeIntervals	Lick
1143.6700000000003	0.4332499999998163	TimeIntervals	Lick
1144.1365000000003	0.09999999999968168	TimeIntervals	Lick
1144.2700000000004	0.09999999999968168	TimeIntervals	Lick
1144.5035	0.09999999999990905	TimeIntervals	Lick
1144.7035	0.46650000000022374	TimeIntervals	Lick
1145.23675	0.09999999999968168	TimeIntervals	Lick
1147.60375	0.06675000000018372	TimeIntervals	Lick
1147.7372500000001	0.09999999999990905	TimeIntervals	Lick
1147.9040000000002	0.06649999999990541	TimeIntervals	Lick
1148.004	0.09999999999990905	TimeIntervals	Lick
1148.1705000000002	0.10000000000013642	TimeIntervals	Lick
1148.3040000000003	0.09999999999990905	TimeIntervals	Lick
1148.43725	0.10000000000013642	TimeIntervals	Lick
1148.6372500000002	0.06674999999995634	TimeIntervals	Lick
1148.8707499999998	0.10000000000013642	TimeIntervals	Lick
1149.0375000000001	0.10000000000013642	TimeIntervals	Lick
1149.2040000000002	0.06675000000018372	TimeIntervals	Lick
1149.3374999999999	0.1000000000003638	TimeIntervals	Lick
1149.47075	0.10000000000013642	TimeIntervals	Lick
1149.6039999999998	0.13350000000036744	TimeIntervals	Lick
1149.7707500000004	0.0667499999995016	TimeIntervals	Lick
1149.9042500000003	0.09999999999968168	TimeIntervals	Lick
1150.0375000000001	0.10000000000013642	TimeIntervals	Lick
1150.20425	0.06675000000018372	TimeIntervals	Lick
1150.3042500000001	0.10000000000013642	TimeIntervals	Lick
1150.4375000000002	0.09999999999990905	TimeIntervals	Lick
1150.60425	0.09999999999990905	TimeIntervals	Lick
1150.7375000000002	0.09999999999968168	TimeIntervals	Lick
1150.8709999999999	0.06650000000036016	TimeIntervals	Lick
1150.971	0.09999999999990905	TimeIntervals	Lick
1151.1045	0.20000000000027285	TimeIntervals	Lick
1151.33775	0.1000000000003638	TimeIntervals	Lick
1151.33775	0.06675000000018372	TimeIntervals	Reward
1151.471	1.6334999999999127	TimeIntervals	Lick
1153.1715000000002	0.09999999999990905	TimeIntervals	Lick
1153.30475	0.13325000000008913	TimeIntervals	Lick
1153.4714999999999	0.10000000000013642	TimeIntervals	Lick
1153.6715000000002	0.06649999999990541	TimeIntervals	Lick
1153.9047500000001	0.09999999999990905	TimeIntervals	Lick
1154.20475	0.033249999999952706	TimeIntervals	Lick
1154.2715	0.7999999999999545	TimeIntervals	Lick
1155.205	0.13350000000014006	TimeIntervals	Lick
1155.6385	0.09999999999990905	TimeIntervals	Lick
1155.9050000000002	0.29999999999972715	TimeIntervals	Lick
1156.2385	0.2335000000002765	TimeIntervals	Lick
1156.50525	0.2667500000002292	TimeIntervals	Lick
1156.872	0.2332499999997708	TimeIntervals	Lick
1157.2052500000002	0.10000000000013642	TimeIntervals	Lick
1157.40525	0.36675000000013824	TimeIntervals	Lick
1158.0720000000003	0.23349999999982174	TimeIntervals	Lick
1158.372	0.10000000000013642	TimeIntervals	Lick
1158.5055000000002	0.09999999999968168	TimeIntervals	Lick
