onset	duration	nwb_table	event_type
9.1705	0.10000000000000142	TimeIntervals	Lick
9.304000000000002	0.09999999999999964	TimeIntervals	Lick
9.904000000000002	0.13349999999999795	TimeIntervals	Lick
11.037500000000001	0.06674999999999898	TimeIntervals	Lick
11.137500000000001	0.10000000000000142	TimeIntervals	Lick
11.271	0.09999999999999964	TimeIntervals	Lick
11.704250000000002	0.06674999999999898	TimeIntervals	Lick
11.80425	0.10025000000000084	TimeIntervals	Lick
11.93775	0.06675000000000075	TimeIntervals	Lick
12.037749999999999	0.06675000000000075	TimeIntervals	Reward
12.4045	0.06650000000000311	TimeIntervals	Lick
12.6045	0.06649999999999956	TimeIntervals	Lick
12.704500000000001	0.06649999999999956	TimeIntervals	Lick
12.804500000000003	0.06649999999999778	TimeIntervals	Lick
12.9045	0.20000000000000107	TimeIntervals	Lick
13.138	0.20000000000000107	TimeIntervals	Lick
13.371250000000003	0.09999999999999964	TimeIntervals	Lick
13.504499999999998	0.06675000000000253	TimeIntervals	Lick
13.604500000000002	0.09999999999999787	TimeIntervals	Lick
13.738000000000001	0.1999999999999993	TimeIntervals	Lick
13.971250000000003	0.10024999999999729	TimeIntervals	Lick
14.10475	0.10000000000000142	TimeIntervals	Lick
14.238000000000001	0.09999999999999964	TimeIntervals	Lick
14.371500000000001	0.1999999999999993	TimeIntervals	Lick
14.638	0.06675000000000253	TimeIntervals	Lick
14.771500000000003	0.06649999999999778	TimeIntervals	Lick
14.871500000000001	0.09999999999999964	TimeIntervals	Lick
15.004750000000001	0.23349999999999937	TimeIntervals	Lick
15.271500000000003	0.09999999999999964	TimeIntervals	Lick
15.405	0.06650000000000134	TimeIntervals	Lick
15.5715	0.06674999999999898	TimeIntervals	Lick
15.705000000000002	0.06650000000000134	TimeIntervals	Lick
15.805000000000003	0.09999999999999609	TimeIntervals	Lick
15.9715	0.06675000000000075	TimeIntervals	Lick
16.105	0.10000000000000142	TimeIntervals	Lick
16.271749999999997	0.10000000000000142	TimeIntervals	Lick
16.471749999999997	0.06675000000000253	TimeIntervals	Lick
16.7385	0.06650000000000134	TimeIntervals	Lick
18.5055	0.06650000000000134	TimeIntervals	Lick
20.47225	0.06675000000000253	TimeIntervals	Lick
21.40575	0.09999999999999787	TimeIntervals	Lick
22.172500000000003	0.13349999999999795	TimeIntervals	Lick
22.4725	0.10000000000000142	TimeIntervals	Lick
24.173000000000002	0.09999999999999787	TimeIntervals	Lick
26.340000000000003	0.09999999999999787	TimeIntervals	Reward
26.97325	0.8335000000000008	TimeIntervals	Lick
27.8735	0.1664999999999992	TimeIntervals	Lick
28.073500000000003	0.06649999999999778	TimeIntervals	Lick
28.1735	0.1999999999999993	TimeIntervals	Lick
28.407000000000004	0.09999999999999787	TimeIntervals	Lick
28.540249999999997	0.06675000000000608	TimeIntervals	Lick
28.640249999999998	0.10000000000000142	TimeIntervals	Lick
28.7735	0.06675000000000253	TimeIntervals	Lick
28.8735	0.10000000000000142	TimeIntervals	Lick
29.040249999999997	0.06675000000000608	TimeIntervals	Lick
29.140249999999998	0.10000000000000142	TimeIntervals	Lick
29.2735	0.20025000000000404	TimeIntervals	Lick
29.507	0.10000000000000142	TimeIntervals	Lick
29.6405	0.33325000000000315	TimeIntervals	Lick
30.007	0.23349999999999582	TimeIntervals	Lick
30.307000000000002	0.06674999999999898	TimeIntervals	Lick
30.4405	0.10000000000000142	TimeIntervals	Lick
30.57400000000001	0.09999999999999787	TimeIntervals	Lick
30.70725	0.10000000000000497	TimeIntervals	Lick
30.874	0.06650000000000134	TimeIntervals	Lick
30.973999999999997	0.13325000000001097	TimeIntervals	Lick
31.140500000000003	0.09999999999999076	TimeIntervals	Lick
31.273999999999997	0.10000000000000142	TimeIntervals	Lick
31.407250000000005	0.09999999999999787	TimeIntervals	Lick
31.540500000000005	0.10024999999999196	TimeIntervals	Lick
31.707500000000003	0.06649999999999423	TimeIntervals	Lick
31.840750000000003	0.06674999999999898	TimeIntervals	Lick
31.94075	0.10000000000000142	TimeIntervals	Lick
32.074000000000005	0.10000000000000142	TimeIntervals	Lick
32.240750000000006	0.09999999999998721	TimeIntervals	Lick
32.4075	0.06649999999999778	TimeIntervals	Lick
32.54075	0.06674999999999898	TimeIntervals	Lick
32.7075	0.06674999999999898	TimeIntervals	Lick
32.8075	0.10000000000000142	TimeIntervals	Lick
32.97425	0.10000000000000142	TimeIntervals	Lick
33.141	0.06650000000000489	TimeIntervals	Lick
33.340999999999994	0.06650000000000489	TimeIntervals	Lick
33.440999999999995	0.10000000000000142	TimeIntervals	Lick
33.6075	0.10000000000000142	TimeIntervals	Lick
33.77425	0.03324999999999534	TimeIntervals	Lick
34.10775	0.06674999999999898	TimeIntervals	Lick
34.40775	0.06674999999999898	TimeIntervals	Lick
34.60775	0.06674999999999898	TimeIntervals	Lick
34.80775000000001	0.03324999999998823	TimeIntervals	Lick
34.874500000000005	0.09999999999999432	TimeIntervals	Lick
35.0745	0.06675000000000608	TimeIntervals	Lick
35.1745	0.10000000000000853	TimeIntervals	Lick
35.30800000000001	0.13324999999998965	TimeIntervals	Lick
35.4745	0.10000000000000142	TimeIntervals	Lick
35.608	0.13324999999999676	TimeIntervals	Lick
35.84125	0.06674999999999898	TimeIntervals	Lick
36.0415	0.06649999999999778	TimeIntervals	Lick
37.2415	0.10000000000000142	TimeIntervals	Lick
38.10825	0.10025000000000261	TimeIntervals	Lick
38.54174999999999	0.10000000000000853	TimeIntervals	Lick
38.875	0.09999999999999432	TimeIntervals	Lick
39.075	0.06674999999999898	TimeIntervals	Lick
39.30850000000001	0.09999999999998721	TimeIntervals	Lick
39.47525	0.09999999999999432	TimeIntervals	Lick
39.6085	0.10000000000000142	TimeIntervals	Lick
39.77525000000001	0.09999999999998721	TimeIntervals	Lick
39.97525	0.13324999999999676	TimeIntervals	Lick
40.17525	0.10000000000000853	TimeIntervals	Lick
40.30850000000001	0.09999999999998721	TimeIntervals	Lick
40.508750000000006	0.06674999999999187	TimeIntervals	Lick
41.242	0.06675000000001319	TimeIntervals	Lick
41.34200000000001	0.09999999999998721	TimeIntervals	Lick
41.475500000000004	0.06675000000000608	TimeIntervals	Lick
41.609	0.06649999999999778	TimeIntervals	Lick
41.742250000000006	0.06674999999999898	TimeIntervals	Lick
41.84225000000001	0.09999999999999432	TimeIntervals	Lick
42.009	0.06649999999999778	TimeIntervals	Lick
42.14225	0.06675000000001319	TimeIntervals	Lick
42.242250000000006	0.10000000000000142	TimeIntervals	Lick
42.2755	0.03350000000000364	TimeIntervals	Reward
42.409000000000006	0.06649999999999778	TimeIntervals	Lick
42.54225000000001	0.06674999999999187	TimeIntervals	Lick
42.6425	0.066500000000012	TimeIntervals	Lick
42.74250000000001	0.19999999999998863	TimeIntervals	Lick
42.97574999999999	0.3332500000000138	TimeIntervals	Lick
43.3425	0.06650000000000489	TimeIntervals	Lick
43.442499999999995	0.10000000000000142	TimeIntervals	Lick
43.57575	0.20025000000000404	TimeIntervals	Lick
43.809250000000006	0.23324999999999108	TimeIntervals	Lick
44.07599999999999	0.2332500000000124	TimeIntervals	Lick
44.3425	0.09999999999999432	TimeIntervals	Lick
44.476	0.09999999999999432	TimeIntervals	Lick
44.60925	0.3334999999999937	TimeIntervals	Lick
45.0095	0.06649999999999068	TimeIntervals	Lick
45.14275	0.10000000000000142	TimeIntervals	Lick
45.30950000000001	0.06649999999999778	TimeIntervals	Lick
47.30975000000001	0.09999999999999432	TimeIntervals	Lick
47.47649999999999	0.10000000000001563	TimeIntervals	Lick
47.643	0.10000000000000142	TimeIntervals	Lick
47.7765	0.10000000000000853	TimeIntervals	Lick
47.90975	0.20024999999999693	TimeIntervals	Lick
48.1765	0.06675000000000608	TimeIntervals	Lick
48.31000000000001	0.09999999999999432	TimeIntervals	Lick
48.44324999999999	0.10000000000000142	TimeIntervals	Lick
48.643249999999995	0.10000000000000853	TimeIntervals	Lick
49.0765	0.06674999999999187	TimeIntervals	Lick
50.87700000000001	0.166499999999985	TimeIntervals	Lick
51.177	0.06650000000000489	TimeIntervals	Lick
51.9105	0.20000000000000284	TimeIntervals	Lick
54.310750000000006	0.06674999999999898	TimeIntervals	Lick
55.4775	0.30000000000000426	TimeIntervals	Lick
55.84450000000001	0.09999999999998721	TimeIntervals	Lick
56.011	0.09999999999999432	TimeIntervals	Lick
56.177749999999996	0.10000000000000853	TimeIntervals	Lick
57.878	0.9667500000000047	TimeIntervals	Lick
58.9115	0.4335000000000093	TimeIntervals	Lick
59.478249999999996	0.03325000000000955	TimeIntervals	Lick
59.545	0.1664999999999992	TimeIntervals	Lick
59.77825000000001	1.2334999999999923	TimeIntervals	Lick
61.045	0.23350000000000648	TimeIntervals	Lick
61.47849999999999	0.13350000000001216	TimeIntervals	Lick
61.678499999999985	0.06675000000001319	TimeIntervals	Lick
61.84525	0.06674999999999187	TimeIntervals	Lick
61.97849999999999	0.10000000000000853	TimeIntervals	Lick
62.4455	0.19999999999999574	TimeIntervals	Lick
62.67875000000001	0.09999999999999432	TimeIntervals	Lick
62.91199999999999	0.23350000000000648	TimeIntervals	Lick
63.3455	0.1667500000000004	TimeIntervals	Lick
63.5455	0.4000000000000057	TimeIntervals	Lick
63.979	0.10000000000000853	TimeIntervals	Lick
64.1455	0.09999999999999432	TimeIntervals	Lick
64.3455	0.1667499999999933	TimeIntervals	Lick
65.57900000000001	0.09999999999999432	TimeIntervals	Lick
65.7125	0.09999999999999432	TimeIntervals	Lick
65.846	0.10000000000000853	TimeIntervals	Lick
65.97925000000002	0.06674999999998477	TimeIntervals	Lick
66.1125	0.06674999999999898	TimeIntervals	Lick
66.2125	0.20000000000000284	TimeIntervals	Lick
66.44600000000001	0.09999999999999432	TimeIntervals	Lick
66.57925	0.06674999999999898	TimeIntervals	Lick
66.646	0.06650000000000489	TimeIntervals	Reward
66.67925	0.10025000000001683	TimeIntervals	Lick
66.846	0.06674999999999898	TimeIntervals	Lick
66.94600000000001	0.06674999999998477	TimeIntervals	Lick
67.046	0.09999999999999432	TimeIntervals	Lick
67.27950000000001	0.0999999999999801	TimeIntervals	Lick
67.646	0.20000000000000284	TimeIntervals	Lick
67.8795	0.06675000000001319	TimeIntervals	Lick
67.97950000000002	0.19999999999998863	TimeIntervals	Lick
68.21300000000001	0.0999999999999801	TimeIntervals	Lick
68.34625	0.10000000000000853	TimeIntervals	Lick
68.47950000000002	0.06674999999998477	TimeIntervals	Lick
68.613	0.0665000000000191	TimeIntervals	Lick
68.71300000000001	0.0999999999999801	TimeIntervals	Lick
68.84625	0.10000000000000853	TimeIntervals	Lick
68.97950000000002	0.06699999999997885	TimeIntervals	Lick
69.07975000000002	0.09999999999999432	TimeIntervals	Lick
69.24650000000001	0.06649999999997647	TimeIntervals	Lick
71.84674999999999	0.0667500000000274	TimeIntervals	Lick
74.047	0.10000000000002274	TimeIntervals	Lick
74.8805	0.06674999999999898	TimeIntervals	Reward
75.3805	0.1670000000000016	TimeIntervals	Lick
75.58075	0.06675000000001319	TimeIntervals	Lick
75.68075000000002	0.19999999999997442	TimeIntervals	Lick
75.914	0.09999999999999432	TimeIntervals	Lick
76.0475	0.0665000000000191	TimeIntervals	Lick
76.14750000000001	0.19999999999998863	TimeIntervals	Lick
76.38074999999999	0.20000000000000284	TimeIntervals	Lick
76.64750000000001	0.06674999999998477	TimeIntervals	Lick
76.7475	0.20000000000000284	TimeIntervals	Lick
76.98100000000001	0.09999999999999432	TimeIntervals	Lick
77.14750000000001	0.09999999999999432	TimeIntervals	Lick
77.4475	0.06674999999998477	TimeIntervals	Lick
77.5475	0.20000000000000284	TimeIntervals	Lick
77.781	0.09999999999999432	TimeIntervals	Lick
77.91450000000002	0.0999999999999801	TimeIntervals	Lick
78.04775	0.10000000000000853	TimeIntervals	Lick
78.18100000000001	0.09999999999999432	TimeIntervals	Lick
78.3145	0.10000000000002274	TimeIntervals	Lick
78.48100000000001	0.06674999999998477	TimeIntervals	Lick
78.64775	0.06674999999998477	TimeIntervals	Lick
80.248	0.09999999999999432	TimeIntervals	Lick
80.41475	0.06675000000001319	TimeIntervals	Lick
82.5485	0.19999999999998863	TimeIntervals	Lick
83.8485	0.13350000000001216	TimeIntervals	Lick
84.782	0.29999999999999716	TimeIntervals	Lick
85.1155	0.10000000000000853	TimeIntervals	Lick
85.24874999999999	0.06675000000001319	TimeIntervals	Lick
85.34875	0.06675000000001319	TimeIntervals	Lick
85.48225000000001	0.06674999999999898	TimeIntervals	Lick
85.58225	0.20000000000000284	TimeIntervals	Lick
85.8155	0.19999999999998863	TimeIntervals	Lick
85.91550000000001	0.13349999999999795	TimeIntervals	Reward
86.049	0.36650000000000205	TimeIntervals	Lick
86.44900000000001	0.09999999999999432	TimeIntervals	Lick
86.5825	0.06650000000000489	TimeIntervals	Lick
86.68250000000002	0.10000000000000853	TimeIntervals	Lick
86.81574999999998	0.10000000000002274	TimeIntervals	Lick
86.94900000000001	0.09999999999999432	TimeIntervals	Lick
87.0825	0.10000000000002274	TimeIntervals	Lick
87.21575	0.0999999999999801	TimeIntervals	Lick
87.349	0.06674999999999898	TimeIntervals	Lick
87.4825	0.06650000000000489	TimeIntervals	Lick
87.5825	0.10000000000002274	TimeIntervals	Lick
87.716	0.09999999999999432	TimeIntervals	Lick
87.8825	0.06675000000001319	TimeIntervals	Lick
87.9825	0.23349999999999227	TimeIntervals	Lick
88.24925000000002	0.0999999999999659	TimeIntervals	Lick
88.3825	0.10000000000000853	TimeIntervals	Lick
88.516	0.10000000000000853	TimeIntervals	Lick
88.64925000000001	0.06674999999998477	TimeIntervals	Lick
88.74950000000001	0.0999999999999801	TimeIntervals	Lick
88.88274999999999	0.10000000000002274	TimeIntervals	Lick
89.016	0.10000000000000853	TimeIntervals	Lick
89.1495	0.10000000000000853	TimeIntervals	Lick
89.28275000000001	0.3332500000000067	TimeIntervals	Lick
89.68275000000001	0.06674999999999898	TimeIntervals	Lick
89.78275000000001	0.13349999999998374	TimeIntervals	Lick
89.94950000000001	0.09999999999999432	TimeIntervals	Lick
90.11625000000001	0.23324999999998397	TimeIntervals	Lick
90.383	0.10000000000002274	TimeIntervals	Lick
90.51625	0.10000000000000853	TimeIntervals	Lick
90.683	0.06650000000000489	TimeIntervals	Lick
90.81625	0.06674999999999898	TimeIntervals	Lick
90.94950000000001	0.1002499999999884	TimeIntervals	Lick
91.11650000000002	0.06649999999999068	TimeIntervals	Lick
91.24975	0.09999999999999432	TimeIntervals	Lick
91.383	0.10000000000002274	TimeIntervals	Lick
91.5165	0.10000000000002274	TimeIntervals	Lick
91.683	0.13349999999999795	TimeIntervals	Lick
92.7165	0.10000000000000853	TimeIntervals	Lick
92.88325	0.09999999999999432	TimeIntervals	Lick
93.51675	0.10000000000000853	TimeIntervals	Lick
93.68350000000002	0.0999999999999801	TimeIntervals	Lick
94.21675	0.1002499999999884	TimeIntervals	Lick
94.35025	0.10000000000000853	TimeIntervals	Lick
94.517	0.16650000000002763	TimeIntervals	Lick
94.7835	0.09999999999999432	TimeIntervals	Lick
95.317	0.03350000000001785	TimeIntervals	Reward
95.517	0.16675000000002171	TimeIntervals	Lick
95.88374999999999	0.3000000000000256	TimeIntervals	Lick
96.21700000000001	0.3335000000000008	TimeIntervals	Lick
96.584	0.20000000000000284	TimeIntervals	Lick
96.81724999999999	0.10000000000002274	TimeIntervals	Lick
96.95050000000002	0.09999999999999432	TimeIntervals	Lick
97.084	0.20000000000000284	TimeIntervals	Lick
97.31724999999999	0.10000000000002274	TimeIntervals	Lick
97.45050000000002	0.1002499999999884	TimeIntervals	Lick
97.6175	0.0665000000000191	TimeIntervals	Lick
97.75075000000001	0.06674999999997056	TimeIntervals	Lick
97.88399999999999	0.06675000000001319	TimeIntervals	Lick
98.18400000000003	0.06674999999998477	TimeIntervals	Lick
98.31749999999998	0.10000000000002274	TimeIntervals	Lick
98.484	0.10000000000000853	TimeIntervals	Lick
98.6175	0.09999999999999432	TimeIntervals	Lick
98.9175	0.09999999999999432	TimeIntervals	Lick
99.05100000000002	0.3332499999999783	TimeIntervals	Lick
99.4175	0.09999999999999432	TimeIntervals	Lick
99.55100000000002	0.09999999999999432	TimeIntervals	Lick
99.68425000000002	0.13349999999996953	TimeIntervals	Lick
99.851	0.10000000000000853	TimeIntervals	Lick
100.08450000000002	0.06649999999999068	TimeIntervals	Lick
100.41775	0.09999999999999432	TimeIntervals	Lick
101.55125000000001	0.10000000000000853	TimeIntervals	Lick
101.68450000000003	0.0999999999999659	TimeIntervals	Lick
101.88449999999999	0.10025000000001683	TimeIntervals	Lick
102.08475	0.06675000000001319	TimeIntervals	Lick
102.28475000000002	0.06674999999997056	TimeIntervals	Lick
103.28500000000001	0.20000000000000284	TimeIntervals	Lick
104.45174999999999	0.13325000000001808	TimeIntervals	Lick
104.85175000000001	0.0999999999999801	TimeIntervals	Lick
105.01849999999999	0.0665000000000191	TimeIntervals	Lick
105.11850000000001	0.06649999999999068	TimeIntervals	Lick
105.2185	0.09999999999999432	TimeIntervals	Lick
105.35200000000002	0.06649999999999068	TimeIntervals	Lick
105.48525000000001	0.20000000000000284	TimeIntervals	Lick
105.7185	0.20000000000000284	TimeIntervals	Lick
105.98525000000001	0.06674999999999898	TimeIntervals	Lick
106.08525	0.10000000000000853	TimeIntervals	Lick
106.2185	0.09999999999999432	TimeIntervals	Lick
106.3185	0.06699999999999307	TimeIntervals	Reward
106.35200000000002	0.19999999999998863	TimeIntervals	Lick
106.61875	0.06675000000001319	TimeIntervals	Lick
106.71875	0.06675000000001319	TimeIntervals	Lick
106.81875	0.20000000000000284	TimeIntervals	Lick
107.052	0.19999999999998863	TimeIntervals	Lick
107.28550000000001	0.19999999999998863	TimeIntervals	Lick
107.519	0.10000000000000853	TimeIntervals	Lick
107.65225000000001	0.09999999999999432	TimeIntervals	Lick
107.78550000000001	0.06674999999999898	TimeIntervals	Lick
107.91900000000001	0.06649999999999068	TimeIntervals	Lick
108.019	0.10000000000000853	TimeIntervals	Lick
108.15225000000001	0.20000000000000284	TimeIntervals	Lick
108.3855	0.2335000000000207	TimeIntervals	Lick
108.6525	0.10000000000000853	TimeIntervals	Lick
108.78575000000001	0.09999999999999432	TimeIntervals	Lick
108.95250000000001	0.06649999999999068	TimeIntervals	Lick
109.0525	0.10000000000000853	TimeIntervals	Lick
109.219	0.06675000000001319	TimeIntervals	Lick
109.95250000000001	0.13349999999999795	TimeIntervals	Lick
110.1525	0.03350000000001785	TimeIntervals	Lick
112.2195	0.5335000000000178	TimeIntervals	Lick
113.01975	0.06674999999999898	TimeIntervals	Lick
113.35300000000001	0.09999999999999432	TimeIntervals	Lick
116.52024999999999	0.06675000000001319	TimeIntervals	Lick
116.72025000000001	0.4000000000000057	TimeIntervals	Lick
123.65450000000001	0.06674999999998477	TimeIntervals	Lick
124.48800000000003	0.23349999999997806	TimeIntervals	Lick
124.9215	0.09999999999999432	TimeIntervals	Lick
125.355	0.06649999999999068	TimeIntervals	Lick
125.45500000000001	0.06649999999997647	TimeIntervals	Lick
125.55500000000002	0.1999999999999602	TimeIntervals	Lick
125.78824999999999	0.06675000000001319	TimeIntervals	Lick
125.88825	0.06675000000001319	TimeIntervals	Lick
125.98825000000001	0.1002499999999884	TimeIntervals	Lick
126.12175	0.06675000000001319	TimeIntervals	Lick
126.22175	0.10000000000000853	TimeIntervals	Lick
126.355	0.06675000000001319	TimeIntervals	Lick
126.45500000000001	0.10000000000000853	TimeIntervals	Lick
126.5885	0.10000000000002274	TimeIntervals	Lick
126.65500000000003	0.03349999999998943	TimeIntervals	Reward
126.72175	0.06674999999999898	TimeIntervals	Lick
126.82175000000001	0.29999999999999716	TimeIntervals	Lick
127.15500000000003	0.3334999999999866	TimeIntervals	Lick
127.522	0.10000000000000853	TimeIntervals	Lick
127.65525000000002	0.06674999999997056	TimeIntervals	Lick
127.75524999999999	0.10000000000000853	TimeIntervals	Lick
127.88850000000001	0.10000000000000853	TimeIntervals	Lick
128.02200000000002	0.0665000000000191	TimeIntervals	Lick
128.12199999999999	0.09999999999999432	TimeIntervals	Lick
128.25525	0.20025000000001114	TimeIntervals	Lick
128.48875	0.10000000000002274	TimeIntervals	Lick
128.62199999999999	0.09999999999999432	TimeIntervals	Lick
128.78875	0.06675000000001319	TimeIntervals	Lick
128.92200000000003	0.09999999999999432	TimeIntervals	Lick
129.05550000000002	0.0999999999999659	TimeIntervals	Lick
129.22199999999998	0.03350000000003206	TimeIntervals	Lick
133.42275	0.4335000000000093	TimeIntervals	Lick
135.05650000000003	0.0999999999999659	TimeIntervals	Lick
135.22299999999998	0.03350000000000364	TimeIntervals	Lick
135.28975	0.09999999999999432	TimeIntervals	Lick
135.423	0.09999999999999432	TimeIntervals	Lick
135.55650000000003	0.0999999999999659	TimeIntervals	Lick
135.68975	0.09999999999999432	TimeIntervals	Lick
135.823	0.06674999999998477	TimeIntervals	Lick
135.923	0.13350000000002638	TimeIntervals	Lick
136.09	0.06649999999999068	TimeIntervals	Lick
136.22324999999998	0.10000000000002274	TimeIntervals	Lick
136.3565	0.06674999999998477	TimeIntervals	Lick
136.4565	0.19999999999998863	TimeIntervals	Lick
136.69	0.09999999999999432	TimeIntervals	Lick
136.82325	0.06675000000001319	TimeIntervals	Lick
136.92325	0.09999999999999432	TimeIntervals	Lick
137.05650000000003	0.20024999999998272	TimeIntervals	Lick
137.32350000000002	0.06649999999999068	TimeIntervals	Lick
137.4235	0.09999999999999432	TimeIntervals	Lick
137.55675000000002	0.0999999999999659	TimeIntervals	Lick
137.69	0.06675000000001319	TimeIntervals	Lick
140.69050000000001	0.10000000000002274	TimeIntervals	Lick
145.09125	0.06674999999998477	TimeIntervals	Lick
145.2245	0.06675000000001319	TimeIntervals	Lick
145.858	0.06675000000001319	TimeIntervals	Lick
145.9915	0.0665000000000191	TimeIntervals	Lick
146.12475	0.06674999999998477	TimeIntervals	Lick
146.258	0.09999999999999432	TimeIntervals	Lick
146.39150000000004	0.0999999999999659	TimeIntervals	Lick
146.52475	0.06675000000001319	TimeIntervals	Lick
146.658	0.06675000000004161	TimeIntervals	Lick
146.75800000000004	0.0999999999999659	TimeIntervals	Lick
146.89150000000004	0.06649999999996226	TimeIntervals	Lick
146.9915	0.19999999999998863	TimeIntervals	Lick
147.22500000000005	0.06649999999996226	TimeIntervals	Lick
147.325	0.09999999999999432	TimeIntervals	Lick
147.45825000000002	0.06674999999995634	TimeIntervals	Lick
147.55825000000002	0.0999999999999659	TimeIntervals	Lick
147.6915	0.10000000000002274	TimeIntervals	Lick
147.825	0.06650000000004752	TimeIntervals	Lick
147.92499999999998	0.09999999999999432	TimeIntervals	Lick
147.95825000000002	0.10025000000001683	TimeIntervals	Reward
148.05850000000004	0.2664999999999509	TimeIntervals	Lick
148.3585	0.06649999999999068	TimeIntervals	Lick
148.4585	0.10000000000005116	TimeIntervals	Lick
148.59175000000002	0.06674999999998477	TimeIntervals	Lick
148.69174999999998	0.10000000000005116	TimeIntervals	Lick
148.825	0.09999999999999432	TimeIntervals	Lick
148.9585	0.06649999999999068	TimeIntervals	Lick
149.09175000000002	0.06674999999998477	TimeIntervals	Lick
149.22525000000002	0.06675000000001319	TimeIntervals	Lick
149.32525000000004	0.09999999999993747	TimeIntervals	Lick
149.4585	0.06675000000001319	TimeIntervals	Lick
149.55850000000004	0.0999999999999659	TimeIntervals	Lick
149.692	0.10000000000002274	TimeIntervals	Lick
149.82525000000004	0.09999999999993747	TimeIntervals	Lick
149.9585	0.06675000000001319	TimeIntervals	Lick
150.05850000000004	0.0999999999999659	TimeIntervals	Lick
150.192	0.333500000000015	TimeIntervals	Lick
150.592	0.06674999999998477	TimeIntervals	Lick
150.692	0.10000000000002274	TimeIntervals	Lick
150.8255	0.09999999999999432	TimeIntervals	Lick
150.95875	0.0999999999999659	TimeIntervals	Lick
151.1255	0.0665000000000191	TimeIntervals	Lick
151.22550000000004	0.0999999999999659	TimeIntervals	Lick
151.359	0.2332500000000266	TimeIntervals	Lick
151.6255	0.10000000000005116	TimeIntervals	Lick
151.75900000000004	0.0999999999999659	TimeIntervals	Lick
151.9255	0.06674999999998477	TimeIntervals	Lick
152.05900000000003	0.06649999999996226	TimeIntervals	Lick
152.52575000000002	0.06675000000001319	TimeIntervals	Lick
152.62574999999998	0.10000000000005116	TimeIntervals	Lick
152.79250000000002	0.09999999999999432	TimeIntervals	Lick
153.52575000000002	0.5334999999999752	TimeIntervals	Lick
154.09250000000003	0.06674999999995634	TimeIntervals	Lick
154.32600000000002	0.06649999999999068	TimeIntervals	Lick
156.25950000000003	0.06674999999998477	TimeIntervals	Lick
156.39300000000003	0.10000000000002274	TimeIntervals	Lick
157.0265	0.06649999999999068	TimeIntervals	Lick
159.82675	0.10000000000002274	TimeIntervals	Lick
162.06050000000002	0.0999999999999659	TimeIntervals	Lick
162.894	0.09999999999999432	TimeIntervals	Lick
163.02725	0.09999999999999432	TimeIntervals	Lick
167.26125000000002	0.06674999999998477	TimeIntervals	Lick
167.36125	0.09999999999999432	TimeIntervals	Lick
167.828	0.10000000000002274	TimeIntervals	Lick
171.562	0.09999999999999432	TimeIntervals	Lick
171.9285	0.10000000000002274	TimeIntervals	Lick
172.062	0.06649999999996226	TimeIntervals	Lick
172.19525000000002	0.06674999999998477	TimeIntervals	Lick
172.29550000000003	0.29999999999998295	TimeIntervals	Lick
172.62875000000003	0.06674999999998477	TimeIntervals	Lick
172.72875000000002	0.1999999999999602	TimeIntervals	Lick
172.9955	0.16650000000001342	TimeIntervals	Lick
173.1955	0.10000000000002274	TimeIntervals	Lick
173.262	0.10025000000004525	TimeIntervals	Reward
173.32900000000004	0.06649999999999068	TimeIntervals	Lick
173.429	0.26650000000000773	TimeIntervals	Lick
173.729	0.0665000000000191	TimeIntervals	Lick
173.82900000000004	0.0999999999999659	TimeIntervals	Lick
173.96225	0.06675000000001319	TimeIntervals	Lick
174.09550000000002	0.06674999999998477	TimeIntervals	Lick
174.1955	0.10000000000002274	TimeIntervals	Lick
174.32900000000004	0.0999999999999659	TimeIntervals	Lick
174.46249999999998	0.06650000000004752	TimeIntervals	Lick
174.59575	0.06675000000001319	TimeIntervals	Lick
174.729	0.06675000000001319	TimeIntervals	Lick
174.86250000000004	0.06649999999996226	TimeIntervals	Lick
174.96249999999998	0.06650000000004752	TimeIntervals	Lick
175.06250000000003	0.09999999999999432	TimeIntervals	Lick
175.19575	0.10000000000002274	TimeIntervals	Lick
175.32900000000004	0.19999999999998863	TimeIntervals	Lick
175.56250000000003	0.19999999999998863	TimeIntervals	Lick
175.79600000000002	0.09999999999999432	TimeIntervals	Lick
175.92925	0.10000000000002274	TimeIntervals	Lick
176.06250000000003	0.09999999999999432	TimeIntervals	Lick
176.19600000000003	0.06649999999999068	TimeIntervals	Lick
176.32925000000003	0.0999999999999659	TimeIntervals	Lick
176.496	0.0665000000000191	TimeIntervals	Lick
176.6295	0.0665000000000191	TimeIntervals	Lick
176.72950000000003	0.09999999999999432	TimeIntervals	Lick
176.86275000000003	0.1999999999999602	TimeIntervals	Lick
177.1295	0.10000000000002274	TimeIntervals	Lick
177.26275000000004	0.06674999999998477	TimeIntervals	Lick
177.4295	0.10000000000002274	TimeIntervals	Lick
177.56275	0.09999999999999432	TimeIntervals	Lick
177.69600000000003	0.1002499999999884	TimeIntervals	Lick
178.36300000000003	0.166499999999985	TimeIntervals	Lick
179.5965	0.10000000000002274	TimeIntervals	Lick
179.76299999999998	0.06675000000004161	TimeIntervals	Lick
181.69675	0.09999999999999432	TimeIntervals	Lick
192.13174999999998	0.06675000000001319	TimeIntervals	Lick
192.29850000000002	0.0665000000000191	TimeIntervals	Lick
192.63174999999998	0.10000000000002274	TimeIntervals	Lick
192.79850000000002	0.0665000000000191	TimeIntervals	Lick
193.132	0.09999999999999432	TimeIntervals	Lick
193.26525	0.06675000000001319	TimeIntervals	Lick
193.36525000000003	0.0999999999999659	TimeIntervals	Lick
193.4985	0.09999999999999432	TimeIntervals	Lick
193.632	0.06649999999999068	TimeIntervals	Lick
193.732	0.10000000000002274	TimeIntervals	Lick
193.86525000000003	0.06674999999998477	TimeIntervals	Lick
193.9985	0.06675000000001319	TimeIntervals	Lick
194.2655	0.10000000000002274	TimeIntervals	Lick
194.4655	0.0665000000000191	TimeIntervals	Lick
194.5655	0.20000000000001705	TimeIntervals	Lick
194.5655	0.0665000000000191	TimeIntervals	Reward
194.79875	0.06675000000001319	TimeIntervals	Lick
194.89875	0.06674999999998477	TimeIntervals	Lick
194.99875	0.20000000000001705	TimeIntervals	Lick
195.232	0.1002499999999884	TimeIntervals	Lick
195.36550000000003	0.06674999999998477	TimeIntervals	Lick
195.4655	0.20000000000004547	TimeIntervals	Lick
195.69899999999998	0.20000000000004547	TimeIntervals	Lick
195.9655	0.06675000000001319	TimeIntervals	Lick
196.0655	0.3000000000000398	TimeIntervals	Lick
196.39900000000003	0.09999999999999432	TimeIntervals	Lick
196.53250000000003	0.20000000000001705	TimeIntervals	Lick
196.76575	0.10000000000002274	TimeIntervals	Lick
196.89900000000003	0.06674999999998477	TimeIntervals	Lick
197.03250000000003	0.0999999999999659	TimeIntervals	Lick
197.16575	0.06675000000004161	TimeIntervals	Lick
197.4325	0.0665000000000191	TimeIntervals	Lick
201.0665	0.0665000000000191	TimeIntervals	Lick
204.80025	0.09999999999999432	TimeIntervals	Lick
206.53399999999996	0.10000000000005116	TimeIntervals	Lick
206.66724999999997	0.10000000000005116	TimeIntervals	Lick
206.80050000000003	0.19999999999998863	TimeIntervals	Lick
207.03399999999996	0.0665000000000191	TimeIntervals	Lick
207.16724999999997	0.06675000000004161	TimeIntervals	Lick
207.26725000000002	0.20025000000001114	TimeIntervals	Lick
207.50075	0.09999999999999432	TimeIntervals	Lick
207.63400000000001	0.19999999999998863	TimeIntervals	Lick
207.8675	0.10000000000002274	TimeIntervals	Lick
208.00075	0.09999999999999432	TimeIntervals	Lick
208.13400000000001	0.09999999999999432	TimeIntervals	Lick
208.2675	0.09999999999999432	TimeIntervals	Lick
208.50099999999998	0.06650000000007594	TimeIntervals	Lick
216.36875000000003	0.06674999999998477	TimeIntervals	Lick
216.502	0.06674999999998477	TimeIntervals	Lick
216.7355	0.10000000000002274	TimeIntervals	Lick
216.90200000000002	0.09999999999999432	TimeIntervals	Lick
219.8025	0.20000000000001705	TimeIntervals	Lick
220.036	0.06649999999999068	TimeIntervals	Lick
220.136	0.09999999999999432	TimeIntervals	Lick
220.26925	0.06675000000001319	TimeIntervals	Lick
220.36925000000002	0.09999999999999432	TimeIntervals	Lick
220.50250000000003	0.06699999999997885	TimeIntervals	Lick
220.60275000000001	0.06674999999998477	TimeIntervals	Lick
220.736	0.1667500000000075	TimeIntervals	Lick
220.936	0.19999999999998863	TimeIntervals	Lick
220.936	0.06674999999998477	TimeIntervals	Reward
221.1695	0.06649999999999068	TimeIntervals	Lick
221.26950000000002	0.06649999999999068	TimeIntervals	Lick
221.36950000000002	0.06649999999999068	TimeIntervals	Lick
221.46950000000004	0.0999999999999659	TimeIntervals	Lick
221.60275000000001	0.20025000000001114	TimeIntervals	Lick
221.83625	0.06674999999998477	TimeIntervals	Lick
221.93625000000003	0.09999999999999432	TimeIntervals	Lick
222.0695	0.06675000000001319	TimeIntervals	Lick
222.1695	0.20000000000001705	TimeIntervals	Lick
222.403	0.20000000000004547	TimeIntervals	Lick
222.6695	0.06675000000001319	TimeIntervals	Lick
222.76950000000002	0.20024999999998272	TimeIntervals	Lick
223.03650000000002	0.0665000000000191	TimeIntervals	Lick
223.16975000000002	0.06674999999998477	TimeIntervals	Lick
223.33650000000003	0.06649999999996226	TimeIntervals	Lick
223.43650000000002	0.09999999999999432	TimeIntervals	Lick
223.56975000000003	0.1999999999999602	TimeIntervals	Lick
223.83650000000003	0.06674999999995634	TimeIntervals	Lick
230.17075000000003	0.09999999999999432	TimeIntervals	Lick
230.304	0.06675000000001319	TimeIntervals	Lick
230.471	0.0665000000000191	TimeIntervals	Lick
231.40425000000002	0.06674999999998477	TimeIntervals	Lick
234.80474999999998	0.06675000000004161	TimeIntervals	Lick
234.90499999999997	0.10000000000005116	TimeIntervals	Lick
235.03825	0.06674999999998477	TimeIntervals	Lick
235.13825	0.06675000000001319	TimeIntervals	Lick
235.23825	0.20000000000001705	TimeIntervals	Lick
235.4715	0.06675000000001319	TimeIntervals	Lick
235.57150000000001	0.06674999999998477	TimeIntervals	Lick
235.6715	0.20000000000001705	TimeIntervals	Lick
235.90499999999997	0.0665000000000191	TimeIntervals	Lick
236.00500000000002	0.19999999999998863	TimeIntervals	Lick
236.23850000000002	0.13325000000000387	TimeIntervals	Reward
236.23850000000002	0.06649999999999068	TimeIntervals	Lick
236.33850000000004	0.2664999999999509	TimeIntervals	Lick
236.63850000000002	0.06649999999999068	TimeIntervals	Lick
236.73850000000002	0.10000000000002274	TimeIntervals	Lick
236.87175000000002	0.06674999999995634	TimeIntervals	Lick
236.97175000000001	0.1002499999999884	TimeIntervals	Lick
237.10525	0.09999999999999432	TimeIntervals	Lick
237.23850000000002	0.06674999999995634	TimeIntervals	Lick
237.33850000000004	0.09999999999993747	TimeIntervals	Lick
237.50525	0.06675000000001319	TimeIntervals	Lick
237.60525	0.09999999999999432	TimeIntervals	Lick
237.73850000000002	0.06674999999995634	TimeIntervals	Lick
237.83850000000004	0.09999999999993747	TimeIntervals	Lick
237.972	0.20000000000001705	TimeIntervals	Lick
238.20550000000003	0.0999999999999659	TimeIntervals	Lick
238.33874999999998	0.06675000000001319	TimeIntervals	Lick
238.472	0.06674999999998477	TimeIntervals	Lick
238.572	0.10000000000002274	TimeIntervals	Lick
238.70550000000003	0.0999999999999659	TimeIntervals	Lick
238.83874999999998	0.10000000000002274	TimeIntervals	Lick
238.972	0.09999999999999432	TimeIntervals	Lick
239.10549999999998	0.10000000000005116	TimeIntervals	Lick
239.23874999999998	0.06675000000001319	TimeIntervals	Lick
239.339	0.09999999999999432	TimeIntervals	Lick
239.47225000000003	0.19999999999998863	TimeIntervals	Lick
239.70550000000003	0.0999999999999659	TimeIntervals	Lick
239.839	0.09999999999999432	TimeIntervals	Lick
240.0055	0.06674999999998477	TimeIntervals	Lick
240.139	0.0665000000000191	TimeIntervals	Lick
240.239	0.09999999999999432	TimeIntervals	Lick
240.40575	0.09999999999999432	TimeIntervals	Lick
241.00575	0.06675000000001319	TimeIntervals	Lick
241.8725	0.06674999999998477	TimeIntervals	Lick
243.006	0.09999999999999432	TimeIntervals	Lick
243.17275000000004	0.0999999999999659	TimeIntervals	Lick
243.306	0.09999999999993747	TimeIntervals	Lick
243.4395	0.09999999999999432	TimeIntervals	Lick
243.57275	0.10025000000001683	TimeIntervals	Lick
243.73950000000002	0.06675000000001319	TimeIntervals	Lick
243.87300000000002	0.0999999999999659	TimeIntervals	Lick
244.23950000000002	0.06675000000001319	TimeIntervals	Lick
245.80650000000003	0.06675000000001319	TimeIntervals	Lick
249.30700000000004	0.0999999999999659	TimeIntervals	Lick
249.47374999999997	0.10000000000005116	TimeIntervals	Lick
249.60699999999997	0.06675000000007003	TimeIntervals	Lick
249.70700000000002	0.19999999999998863	TimeIntervals	Lick
249.94049999999996	0.10000000000007958	TimeIntervals	Lick
250.07375000000002	0.10000000000002274	TimeIntervals	Lick
250.20700000000002	0.1002499999999884	TimeIntervals	Lick
251.8075	0.13324999999997544	TimeIntervals	Lick
256.67475	0.09999999999990905	TimeIntervals	Lick
260.00849999999997	0.06675000000001319	TimeIntervals	Lick
262.24225	0.06675000000001319	TimeIntervals	Lick
262.34250000000003	0.06649999999996226	TimeIntervals	Lick
262.4425	0.10000000000002274	TimeIntervals	Lick
262.57574999999997	0.06675000000001319	TimeIntervals	Lick
262.67575	0.06674999999995634	TimeIntervals	Lick
262.77574999999996	0.06675000000007003	TimeIntervals	Lick
262.87575000000004	0.1999999999999318	TimeIntervals	Lick
263.109	0.06675000000001319	TimeIntervals	Lick
263.20899999999995	0.06675000000001319	TimeIntervals	Lick
263.309	0.20024999999992588	TimeIntervals	Lick
263.5425	0.06675000000001319	TimeIntervals	Lick
263.57599999999996	0.10000000000007958	TimeIntervals	Reward
263.6425	0.0999999999999659	TimeIntervals	Lick
263.77599999999995	0.23324999999999818	TimeIntervals	Lick
264.0425	0.0999999999999659	TimeIntervals	Lick
264.17600000000004	0.06649999999990541	TimeIntervals	Lick
264.27599999999995	0.10000000000002274	TimeIntervals	Lick
264.40924999999993	0.10000000000002274	TimeIntervals	Lick
264.5425	0.06700000000000728	TimeIntervals	Lick
264.64275	0.10000000000002274	TimeIntervals	Lick
264.77599999999995	0.10000000000002274	TimeIntervals	Lick
264.9095	0.20000000000004547	TimeIntervals	Lick
265.14275	0.10000000000002274	TimeIntervals	Lick
265.27599999999995	0.10000000000002274	TimeIntervals	Lick
265.4095	0.06649999999996226	TimeIntervals	Lick
265.5094999999999	0.10000000000013642	TimeIntervals	Lick
265.64300000000003	0.19999999999998863	TimeIntervals	Lick
265.87624999999997	0.10000000000002274	TimeIntervals	Lick
266.0094999999999	0.20000000000010232	TimeIntervals	Lick
266.243	0.10000000000002274	TimeIntervals	Lick
266.37624999999997	0.10000000000002274	TimeIntervals	Lick
266.5094999999999	0.10000000000013642	TimeIntervals	Lick
266.64300000000003	0.0999999999999659	TimeIntervals	Lick
266.77649999999994	0.10000000000007958	TimeIntervals	Lick
266.90975	0.10000000000002274	TimeIntervals	Lick
267.043	0.06675000000007003	TimeIntervals	Lick
267.1765	0.0665000000000191	TimeIntervals	Lick
267.30975	0.0999999999999659	TimeIntervals	Lick
267.4429999999999	0.10000000000007958	TimeIntervals	Lick
267.57649999999995	0.10000000000002274	TimeIntervals	Lick
268.6765	0.06675000000001319	TimeIntervals	Lick
268.84325	0.10024999999995998	TimeIntervals	Lick
269.01	0.06674999999995634	TimeIntervals	Lick
269.61	0.06675000000001319	TimeIntervals	Lick
274.24399999999997	0.10000000000007958	TimeIntervals	Lick
275.37749999999994	0.10000000000007958	TimeIntervals	Lick
277.91150000000005	0.06649999999996226	TimeIntervals	Lick
278.578	0.10000000000002274	TimeIntervals	Lick
278.71149999999994	0.0665000000000191	TimeIntervals	Lick
278.8115	0.06674999999995634	TimeIntervals	Lick
278.91150000000005	0.19999999999998863	TimeIntervals	Lick
279.145	0.06649999999996226	TimeIntervals	Lick
279.245	0.20000000000004547	TimeIntervals	Lick
279.47825	0.19999999999998863	TimeIntervals	Lick
279.71149999999994	0.06675000000001319	TimeIntervals	Lick
279.845	0.0665000000000191	TimeIntervals	Lick
279.87825	0.13350000000002638	TimeIntervals	Reward
279.94500000000005	0.0999999999999659	TimeIntervals	Lick
280.0785	0.166499999999985	TimeIntervals	Lick
280.2784999999999	0.06650000000013279	TimeIntervals	Lick
280.3785	0.06650000000007594	TimeIntervals	Lick
280.4785	0.10000000000002274	TimeIntervals	Lick
280.61175000000003	0.19999999999998863	TimeIntervals	Lick
280.845	0.10000000000002274	TimeIntervals	Lick
280.9785	0.10000000000002274	TimeIntervals	Lick
281.112	0.19999999999998863	TimeIntervals	Lick
281.34524999999996	0.10000000000002274	TimeIntervals	Lick
281.4785	0.10000000000002274	TimeIntervals	Lick
281.612	0.19999999999998863	TimeIntervals	Lick
281.84524999999996	0.10000000000002274	TimeIntervals	Lick
281.9785	0.10000000000002274	TimeIntervals	Lick
282.112	0.0999999999999659	TimeIntervals	Lick
282.2455	0.19999999999998863	TimeIntervals	Lick
282.47875	0.0999999999999659	TimeIntervals	Lick
282.6455	0.19999999999998863	TimeIntervals	Lick
282.87874999999997	0.10000000000002274	TimeIntervals	Lick
283.012	0.06674999999995634	TimeIntervals	Lick
283.112	0.0999999999999659	TimeIntervals	Lick
283.27899999999994	0.06650000000007594	TimeIntervals	Lick
283.37899999999996	0.0665000000000191	TimeIntervals	Lick
283.54549999999995	0.06675000000007003	TimeIntervals	Lick
283.6455	0.0999999999999659	TimeIntervals	Lick
283.77899999999994	0.10000000000002274	TimeIntervals	Lick
286.44599999999997	0.0665000000000191	TimeIntervals	Lick
288.44625	0.06674999999995634	TimeIntervals	Lick
288.54625	0.10000000000002274	TimeIntervals	Lick
288.6795	0.10024999999995998	TimeIntervals	Lick
288.8465	0.0665000000000191	TimeIntervals	Lick
289.013	0.033499999999946795	TimeIntervals	Lick
294.48049999999995	0.20000000000010232	TimeIntervals	Lick
294.71399999999994	0.10000000000007958	TimeIntervals	Lick
294.84725	0.10000000000002274	TimeIntervals	Lick
294.98049999999995	0.10000000000002274	TimeIntervals	Lick
295.11400000000003	0.19999999999998863	TimeIntervals	Lick
295.3475	0.0999999999999659	TimeIntervals	Lick
295.514	0.06675000000001319	TimeIntervals	Lick
295.6475	0.0999999999999659	TimeIntervals	Lick
295.78074999999995	0.13325000000008913	TimeIntervals	Lick
295.98075	0.06675000000001319	TimeIntervals	Lick
296.11400000000003	0.06674999999995634	TimeIntervals	Lick
296.21399999999994	0.10000000000007958	TimeIntervals	Lick
296.381	0.0665000000000191	TimeIntervals	Lick
296.8475	0.06675000000001319	TimeIntervals	Lick
305.0155	0.30000000000001137	TimeIntervals	Lick
305.34900000000005	0.06649999999996226	TimeIntervals	Lick
305.449	0.09999999999990905	TimeIntervals	Lick
305.58224999999993	0.16675000000003593	TimeIntervals	Lick
305.78225	0.20000000000004547	TimeIntervals	Lick
306.0155	0.06674999999995634	TimeIntervals	Lick
306.1155	0.10000000000002274	TimeIntervals	Lick
306.24899999999997	0.06675000000007003	TimeIntervals	Lick
306.24899999999997	0.03350000000000364	TimeIntervals	Reward
306.38250000000005	0.06649999999996226	TimeIntervals	Lick
306.5824999999999	0.06650000000007594	TimeIntervals	Lick
306.6825	0.20000000000004547	TimeIntervals	Lick
306.91575	0.2999999999999545	TimeIntervals	Lick
307.24899999999997	0.2002500000000964	TimeIntervals	Lick
307.4825	0.09999999999990905	TimeIntervals	Lick
307.616	0.20000000000004547	TimeIntervals	Lick
307.84925000000004	0.10000000000002274	TimeIntervals	Lick
307.9825	0.0667499999998995	TimeIntervals	Lick
308.116	0.0665000000000191	TimeIntervals	Lick
308.24924999999996	0.06675000000007003	TimeIntervals	Lick
308.34925000000004	0.10000000000002274	TimeIntervals	Lick
308.4825	0.20024999999998272	TimeIntervals	Lick
308.7159999999999	0.06675000000012687	TimeIntervals	Lick
308.81600000000003	0.10000000000002274	TimeIntervals	Lick
308.94950000000006	0.09999999999990905	TimeIntervals	Lick
309.08275	0.10000000000002274	TimeIntervals	Lick
309.2159999999999	0.10000000000013642	TimeIntervals	Lick
309.38275	0.06675000000007003	TimeIntervals	Lick
310.783	0.06675000000001319	TimeIntervals	Lick
315.417	0.10000000000002274	TimeIntervals	Lick
315.5505	0.0665000000000191	TimeIntervals	Lick
315.6505	0.0999999999999659	TimeIntervals	Lick
315.78374999999994	0.10000000000002274	TimeIntervals	Lick
315.917	0.06675000000001319	TimeIntervals	Lick
316.017	0.10000000000002274	TimeIntervals	Lick
316.184	0.23324999999999818	TimeIntervals	Lick
316.45050000000003	0.06674999999995634	TimeIntervals	Lick
316.5505	0.10000000000002274	TimeIntervals	Lick
316.684	0.1999999999999318	TimeIntervals	Lick
316.91725	0.06674999999995634	TimeIntervals	Lick
317.01725	0.10000000000002274	TimeIntervals	Lick
317.1505	0.06674999999995634	TimeIntervals	Lick
317.284	0.06675000000001319	TimeIntervals	Lick
317.38399999999996	0.10000000000002274	TimeIntervals	Lick
317.5175	0.10000000000002274	TimeIntervals	Lick
317.65074999999996	0.10000000000002274	TimeIntervals	Lick
317.784	0.0999999999999659	TimeIntervals	Lick
317.9175	0.06649999999996226	TimeIntervals	Lick
318.084	0.06674999999995634	TimeIntervals	Lick
318.25075	0.06675000000007003	TimeIntervals	Lick
319.48449999999997	0.03325000000000955	TimeIntervals	Reward
320.15099999999995	0.3000000000000682	TimeIntervals	Lick
320.48449999999997	0.20000000000004547	TimeIntervals	Lick
320.718	0.06649999999996226	TimeIntervals	Lick
320.818	0.19999999999998863	TimeIntervals	Lick
321.05125	0.19999999999998863	TimeIntervals	Lick
321.2845	0.19999999999998863	TimeIntervals	Lick
321.55125	0.20024999999992588	TimeIntervals	Lick
323.1515	0.09999999999990905	TimeIntervals	Lick
329.15250000000003	0.0665000000000191	TimeIntervals	Lick
329.28575	0.06675000000001319	TimeIntervals	Lick
334.32000000000005	0.166499999999985	TimeIntervals	Lick
334.5199999999999	0.20000000000004547	TimeIntervals	Lick
334.75325	0.06675000000007003	TimeIntervals	Lick
334.8535	0.0665000000000191	TimeIntervals	Lick
334.9535	0.0999999999999659	TimeIntervals	Lick
335.08675	0.06675000000001319	TimeIntervals	Lick
335.18675	0.06675000000001319	TimeIntervals	Lick
335.28675	0.10000000000002274	TimeIntervals	Lick
335.42	0.06675000000001319	TimeIntervals	Lick
335.5199999999999	0.10000000000013642	TimeIntervals	Reward
335.5535	0.06650000000007594	TimeIntervals	Lick
335.6535	0.06649999999996226	TimeIntervals	Lick
335.75350000000003	0.0665000000000191	TimeIntervals	Lick
335.8535	0.30000000000001137	TimeIntervals	Lick
336.187	0.19999999999998863	TimeIntervals	Lick
336.42025000000007	0.09999999999990905	TimeIntervals	Lick
336.5535	0.20000000000004547	TimeIntervals	Lick
336.7869999999999	0.20000000000010232	TimeIntervals	Lick
337.02025	0.06675000000001319	TimeIntervals	Lick
337.1205	0.20000000000004547	TimeIntervals	Lick
337.35375	0.10000000000002274	TimeIntervals	Lick
337.487	0.0999999999999659	TimeIntervals	Lick
337.6205	0.0665000000000191	TimeIntervals	Lick
337.85375	0.06675000000001319	TimeIntervals	Lick
337.987	0.06675000000001319	TimeIntervals	Lick
338.087	0.10024999999995998	TimeIntervals	Lick
338.22049999999996	0.10000000000007958	TimeIntervals	Lick
338.38725	0.06675000000001319	TimeIntervals	Lick
339.0872499999999	0.10000000000002274	TimeIntervals	Lick
341.021	0.06649999999990541	TimeIntervals	Lick
347.85524999999996	0.10000000000002274	TimeIntervals	Reward
348.52200000000005	0.36674999999991087	TimeIntervals	Lick
348.922	0.06674999999995634	TimeIntervals	Lick
349.02200000000005	0.20024999999992588	TimeIntervals	Lick
349.28900000000004	0.06649999999990541	TimeIntervals	Lick
349.38899999999995	0.0665000000000191	TimeIntervals	Lick
349.48900000000003	0.09999999999990905	TimeIntervals	Lick
349.62225	0.06675000000001319	TimeIntervals	Lick
349.72225	0.10000000000007958	TimeIntervals	Lick
349.85549999999995	0.06675000000012687	TimeIntervals	Lick
349.9555	0.10000000000002274	TimeIntervals	Lick
350.08899999999994	0.10000000000007958	TimeIntervals	Lick
350.22249999999997	0.10000000000007958	TimeIntervals	Lick
350.35574999999994	0.20000000000004547	TimeIntervals	Lick
350.58899999999994	0.20000000000010232	TimeIntervals	Lick
350.82250000000005	0.0999999999999659	TimeIntervals	Lick
350.95575	0.06674999999995634	TimeIntervals	Lick
351.05575	0.10000000000002274	TimeIntervals	Lick
351.189	0.10000000000002274	TimeIntervals	Lick
351.32250000000005	0.0999999999999659	TimeIntervals	Lick
351.4560000000001	0.09999999999990905	TimeIntervals	Lick
351.58924999999994	0.06675000000007003	TimeIntervals	Lick
351.68925	0.10000000000002274	TimeIntervals	Lick
351.82250000000005	0.0999999999999659	TimeIntervals	Lick
351.98924999999997	0.06675000000001319	TimeIntervals	Lick
352.08924999999994	0.10000000000007958	TimeIntervals	Lick
352.22249999999997	0.13350000000002638	TimeIntervals	Lick
352.4225	0.06700000000000728	TimeIntervals	Lick
352.556	0.06675000000007003	TimeIntervals	Lick
352.68949999999995	0.0665000000000191	TimeIntervals	Lick
352.82275000000004	0.10000000000002274	TimeIntervals	Lick
353.68949999999995	0.06675000000001319	TimeIntervals	Lick
353.78950000000003	0.0999999999999659	TimeIntervals	Lick
353.95625	0.06675000000001319	TimeIntervals	Lick
354.58949999999993	0.10025000000013051	TimeIntervals	Lick
354.7565	0.0999999999999659	TimeIntervals	Lick
354.88975	0.0999999999999659	TimeIntervals	Lick
355.08975	0.06675000000007003	TimeIntervals	Lick
355.22299999999996	0.10000000000002274	TimeIntervals	Lick
355.8232500000001	0.0999999999999659	TimeIntervals	Lick
355.9565	0.1334999999999127	TimeIntervals	Lick
356.15650000000005	0.06674999999995634	TimeIntervals	Lick
356.2565	0.0999999999999659	TimeIntervals	Lick
356.39000000000004	0.09999999999990905	TimeIntervals	Lick
357.48999999999995	0.06675000000001319	TimeIntervals	Lick
357.75674999999995	0.10000000000002274	TimeIntervals	Lick
357.92350000000005	0.06674999999995634	TimeIntervals	Lick
358.09024999999997	0.10000000000007958	TimeIntervals	Lick
360.42400000000004	0.0999999999999659	TimeIntervals	Lick
361.8575	0.19999999999998863	TimeIntervals	Lick
362.09074999999996	0.06675000000001319	TimeIntervals	Lick
362.19075	0.30025000000000546	TimeIntervals	Lick
362.5575	0.06675000000001319	TimeIntervals	Lick
362.65749999999997	0.06675000000001319	TimeIntervals	Lick
362.7575	0.19999999999998863	TimeIntervals	Lick
362.8575	0.0999999999999659	TimeIntervals	Reward
362.991	0.26650000000000773	TimeIntervals	Lick
363.291	0.0665000000000191	TimeIntervals	Lick
363.391	0.06674999999995634	TimeIntervals	Lick
363.491	0.09999999999990905	TimeIntervals	Lick
363.6245	0.0665000000000191	TimeIntervals	Lick
363.7244999999999	0.10000000000007958	TimeIntervals	Lick
363.85775	0.06675000000007003	TimeIntervals	Lick
363.991	0.06674999999995634	TimeIntervals	Lick
364.0909999999999	0.20000000000010232	TimeIntervals	Lick
364.3245	0.10000000000007958	TimeIntervals	Lick
364.45775	0.2002500000000964	TimeIntervals	Lick
364.69125	0.1999999999999318	TimeIntervals	Lick
364.9245000000001	0.09999999999990905	TimeIntervals	Lick
365.058	0.10000000000007958	TimeIntervals	Lick
365.19125	0.0667499999998995	TimeIntervals	Lick
365.29125	0.20000000000004547	TimeIntervals	Lick
365.5245	0.10000000000002274	TimeIntervals	Lick
365.6580000000001	0.09999999999985221	TimeIntervals	Lick
365.7915	0.10000000000002274	TimeIntervals	Lick
365.958	0.06674999999995634	TimeIntervals	Lick
366.1915	0.06649999999990541	TimeIntervals	Lick
366.2915	0.10000000000002274	TimeIntervals	Lick
366.42475	0.0999999999999659	TimeIntervals	Lick
366.5915	0.06650000000007594	TimeIntervals	Lick
367.425	0.0999999999999659	TimeIntervals	Lick
367.5915	0.10000000000002274	TimeIntervals	Lick
367.72499999999997	0.10000000000007958	TimeIntervals	Lick
367.8585	0.10000000000002274	TimeIntervals	Lick
367.99175	0.13324999999997544	TimeIntervals	Lick
373.75925	0.06675000000001319	TimeIntervals	Lick
373.8925	0.06675000000001319	TimeIntervals	Lick
374.026	0.0999999999999659	TimeIntervals	Lick
374.15924999999993	0.10000000000007958	TimeIntervals	Lick
374.326	0.06649999999996226	TimeIntervals	Lick
374.4260000000001	0.09999999999990905	TimeIntervals	Lick
376.75975	0.06675000000001319	TimeIntervals	Lick
376.85975	0.1999999999999318	TimeIntervals	Lick
377.0930000000001	0.0667499999998995	TimeIntervals	Lick
377.193	0.06675000000001319	TimeIntervals	Lick
377.29299999999995	0.30000000000012506	TimeIntervals	Lick
377.6265	0.19999999999998863	TimeIntervals	Lick
377.85999999999996	0.06650000000007594	TimeIntervals	Lick
377.96	0.19999999999998863	TimeIntervals	Lick
378.15999999999997	0.10000000000002274	TimeIntervals	Reward
378.19325	0.06675000000001319	TimeIntervals	Lick
378.29324999999994	0.36675000000002456	TimeIntervals	Lick
378.69325	0.20025000000003956	TimeIntervals	Lick
378.92675	0.0999999999999659	TimeIntervals	Lick
379.05999999999995	0.20000000000004547	TimeIntervals	Lick
379.2935	0.10000000000002274	TimeIntervals	Lick
379.42675	0.06674999999995634	TimeIntervals	Lick
379.55999999999995	0.06675000000007003	TimeIntervals	Lick
379.65999999999997	0.10000000000002274	TimeIntervals	Lick
379.7935	0.10000000000002274	TimeIntervals	Lick
379.927	0.1999999999999318	TimeIntervals	Lick
380.19350000000003	0.19999999999998863	TimeIntervals	Lick
380.427	0.1999999999999318	TimeIntervals	Lick
380.66024999999996	0.0999999999999659	TimeIntervals	Lick
380.7935	0.10000000000002274	TimeIntervals	Lick
380.927	0.10000000000002274	TimeIntervals	Lick
381.09375	0.06674999999995634	TimeIntervals	Lick
381.227	0.06675000000001319	TimeIntervals	Lick
381.3605	0.0665000000000191	TimeIntervals	Lick
385.52775	0.0667499999998995	TimeIntervals	Lick
390.895	0.06700000000006412	TimeIntervals	Lick
390.99525	0.06675000000001319	TimeIntervals	Lick
393.09549999999996	1.2002500000000396	TimeIntervals	Lick
394.329	0.6667499999999791	TimeIntervals	Lick
395.0625	0.6999999999999886	TimeIntervals	Lick
395.796	0.23325000000005502	TimeIntervals	Lick
396.0625	0.0999999999999659	TimeIntervals	Lick
396.32925	0.2667500000000018	TimeIntervals	Lick
396.69599999999997	0.06675000000001319	TimeIntervals	Lick
396.86274999999995	0.06675000000007003	TimeIntervals	Lick
396.96274999999997	0.23324999999999818	TimeIntervals	Lick
398.2295	0.10000000000002274	TimeIntervals	Lick
398.363	0.10000000000002274	TimeIntervals	Lick
398.5965	0.10000000000002274	TimeIntervals	Lick
398.92975	0.06675000000001319	TimeIntervals	Lick
399.22975	0.0999999999999659	TimeIntervals	Lick
399.363	0.10000000000002274	TimeIntervals	Lick
399.52975000000004	0.10000000000002274	TimeIntervals	Lick
399.663	0.10024999999995998	TimeIntervals	Lick
399.83	0.10000000000002274	TimeIntervals	Lick
399.9965	0.0999999999999659	TimeIntervals	Lick
400.66325	0.10024999999995998	TimeIntervals	Lick
404.0639999999999	0.10000000000013642	TimeIntervals	Lick
404.23049999999995	0.06675000000007003	TimeIntervals	Lick
404.33050000000003	0.20000000000004547	TimeIntervals	Lick
404.5639999999999	0.06650000000007594	TimeIntervals	Lick
404.69725	0.0667499999998995	TimeIntervals	Lick
404.79725	0.06675000000001319	TimeIntervals	Lick
404.89725000000004	0.1999999999999318	TimeIntervals	Lick
405.1305	0.10024999999995998	TimeIntervals	Lick
405.2639999999999	0.06675000000012687	TimeIntervals	Lick
405.36400000000003	0.09999999999990905	TimeIntervals	Lick
405.49750000000006	0.06649999999984857	TimeIntervals	Lick
405.53075	0.06674999999995634	TimeIntervals	Reward
405.59749999999997	0.10000000000002274	TimeIntervals	Lick
405.73074999999994	0.06675000000001319	TimeIntervals	Lick
405.83075	0.06674999999995634	TimeIntervals	Lick
405.93075000000005	0.1999999999999318	TimeIntervals	Lick
406.16400000000004	0.20024999999992588	TimeIntervals	Lick
406.3975	0.10000000000007958	TimeIntervals	Lick
406.531	0.06649999999996226	TimeIntervals	Lick
406.63100000000003	0.19999999999998863	TimeIntervals	Lick
406.86424999999997	0.10000000000002274	TimeIntervals	Lick
406.99750000000006	0.0667499999998995	TimeIntervals	Lick
407.09749999999997	0.10000000000002274	TimeIntervals	Lick
407.231	0.06649999999996226	TimeIntervals	Lick
407.331	0.0999999999999659	TimeIntervals	Lick
407.49775000000005	0.0667499999998995	TimeIntervals	Lick
407.63100000000003	0.03350000000000364	TimeIntervals	Lick
407.831	0.0999999999999659	TimeIntervals	Lick
407.96450000000004	0.06649999999996226	TimeIntervals	Lick
408.06449999999995	0.10000000000007958	TimeIntervals	Lick
408.1977499999999	0.10000000000007958	TimeIntervals	Lick
408.331	0.0999999999999659	TimeIntervals	Lick
408.46450000000004	0.09999999999990905	TimeIntervals	Lick
414.39875	0.06675000000001319	TimeIntervals	Lick
417.06575	0.06675000000001319	TimeIntervals	Lick
418.43275000000006	0.09999999999990905	TimeIntervals	Lick
419.23274999999995	0.10000000000002274	TimeIntervals	Lick
420.69975	0.0667499999998995	TimeIntervals	Lick
427.8675	0.0665000000000191	TimeIntervals	Lick
430.4680000000001	0.06649999999990541	TimeIntervals	Lick
430.60125	0.06674999999995634	TimeIntervals	Lick
432.53475	0.10025000000007367	TimeIntervals	Lick
433.03499999999997	0.06650000000007594	TimeIntervals	Lick
433.23499999999996	0.10000000000002274	TimeIntervals	Lick
434.7684999999999	0.16675000000009277	TimeIntervals	Lick
434.96850000000006	0.0999999999999659	TimeIntervals	Lick
435.10200000000003	0.06649999999996226	TimeIntervals	Lick
435.202	0.10000000000002274	TimeIntervals	Lick
435.3352500000001	0.06674999999995634	TimeIntervals	Lick
435.43525	0.06674999999995634	TimeIntervals	Lick
435.53524999999996	0.10000000000007958	TimeIntervals	Lick
435.6685	0.06675000000001319	TimeIntervals	Lick
435.7684999999999	0.3002500000000623	TimeIntervals	Lick
435.8352500000001	0.06674999999995634	TimeIntervals	Reward
436.10200000000003	0.06674999999995634	TimeIntervals	Lick
436.202	0.06674999999995634	TimeIntervals	Lick
436.302	0.06674999999995634	TimeIntervals	Lick
436.40200000000004	0.09999999999990905	TimeIntervals	Lick
436.53549999999996	0.19999999999998863	TimeIntervals	Lick
436.76874999999995	0.06675000000012687	TimeIntervals	Lick
436.86875	0.20025000000003956	TimeIntervals	Lick
437.10225	0.1999999999999318	TimeIntervals	Lick
437.3355000000001	0.3334999999999013	TimeIntervals	Lick
437.70225000000005	0.09999999999990905	TimeIntervals	Lick
437.8355000000001	0.06675000000001319	TimeIntervals	Lick
437.93550000000005	0.09999999999990905	TimeIntervals	Lick
438.10225	0.06674999999995634	TimeIntervals	Lick
438.23575	0.10000000000002274	TimeIntervals	Lick
438.4025	0.06650000000007594	TimeIntervals	Lick
446.17024999999995	0.06675000000007003	TimeIntervals	Lick
446.67024999999995	0.10000000000002274	TimeIntervals	Lick
451.80449999999996	0.06650000000007594	TimeIntervals	Lick
451.90450000000004	0.06649999999996226	TimeIntervals	Lick
452.0045	0.0999999999999659	TimeIntervals	Lick
452.13775000000004	0.06674999999995634	TimeIntervals	Lick
452.23774999999995	0.3002500000000623	TimeIntervals	Lick
452.57124999999996	0.06675000000007003	TimeIntervals	Lick
452.67125	0.06675000000001319	TimeIntervals	Lick
452.77125	0.19999999999998863	TimeIntervals	Lick
453.0045	0.06674999999995634	TimeIntervals	Lick
453.1045	0.19999999999998863	TimeIntervals	Lick
453.17125	0.10000000000002274	TimeIntervals	Reward
453.33799999999997	0.2667500000000018	TimeIntervals	Lick
453.63800000000003	0.06674999999995634	TimeIntervals	Lick
453.738	0.0999999999999659	TimeIntervals	Lick
453.8715	0.06649999999996226	TimeIntervals	Lick
454.00475000000006	0.0667499999998995	TimeIntervals	Lick
454.10474999999997	0.10000000000002274	TimeIntervals	Lick
454.238	0.06675000000001319	TimeIntervals	Lick
454.33799999999997	0.10000000000002274	TimeIntervals	Lick
454.47150000000005	0.09999999999990905	TimeIntervals	Lick
454.605	0.0999999999999659	TimeIntervals	Lick
454.73824999999994	0.20000000000004547	TimeIntervals	Lick
454.97150000000005	0.09999999999990905	TimeIntervals	Lick
455.105	0.06649999999996226	TimeIntervals	Lick
455.205	0.10000000000002274	TimeIntervals	Lick
455.33825	0.19999999999998863	TimeIntervals	Lick
455.57149999999996	0.10000000000002274	TimeIntervals	Lick
455.7385	0.0665000000000191	TimeIntervals	Lick
455.8385	0.3664999999999736	TimeIntervals	Lick
456.2385	0.0665000000000191	TimeIntervals	Lick
456.37175	0.06674999999995634	TimeIntervals	Lick
456.47175	0.0999999999999659	TimeIntervals	Lick
456.6385	0.06649999999996226	TimeIntervals	Lick
456.77175	0.06675000000001319	TimeIntervals	Lick
456.90525	0.0999999999999659	TimeIntervals	Lick
457.0385	0.10000000000002274	TimeIntervals	Lick
457.50525	0.03325000000000955	TimeIntervals	Lick
459.47225000000003	0.06675000000001319	TimeIntervals	Lick
462.83950000000004	0.06649999999996226	TimeIntervals	Lick
463.43949999999995	0.06675000000001319	TimeIntervals	Lick
463.60624999999993	0.06675000000007003	TimeIntervals	Lick
466.94000000000005	0.0999999999999659	TimeIntervals	Lick
469.2405	0.10000000000002274	TimeIntervals	Lick
469.37375	0.10000000000007958	TimeIntervals	Lick
469.507	0.10000000000002274	TimeIntervals	Lick
469.67375	0.06675000000001319	TimeIntervals	Lick
469.907	0.03350000000000364	TimeIntervals	Lick
470.64050000000003	0.0999999999999659	TimeIntervals	Lick
472.3075	0.06674999999995634	TimeIntervals	Lick
472.40749999999997	0.16675000000003593	TimeIntervals	Lick
472.6075	0.19999999999998863	TimeIntervals	Lick
472.841	0.06649999999996226	TimeIntervals	Lick
472.94100000000003	0.20000000000004547	TimeIntervals	Lick
473.17425000000003	0.06674999999995634	TimeIntervals	Lick
473.2745	0.0665000000000191	TimeIntervals	Lick
473.3745	0.0999999999999659	TimeIntervals	Lick
473.4745	0.03325000000000955	TimeIntervals	Reward
473.50775	0.06675000000001319	TimeIntervals	Lick
473.60774999999995	0.4000000000000341	TimeIntervals	Lick
474.04099999999994	0.10000000000013642	TimeIntervals	Lick
474.1745	0.06649999999996226	TimeIntervals	Lick
474.2745	0.0665000000000191	TimeIntervals	Lick
474.4080000000001	0.06649999999990541	TimeIntervals	Lick
474.508	0.20000000000004547	TimeIntervals	Lick
474.74125000000004	0.06675000000001319	TimeIntervals	Lick
474.84125	0.10000000000007958	TimeIntervals	Lick
474.9745	0.10000000000002274	TimeIntervals	Lick
475.10799999999995	0.20000000000010232	TimeIntervals	Lick
475.34125	0.20024999999998272	TimeIntervals	Lick
475.57475	0.0999999999999659	TimeIntervals	Lick
475.708	0.10000000000002274	TimeIntervals	Lick
475.87475	0.06675000000007003	TimeIntervals	Lick
475.97475000000003	0.06674999999995634	TimeIntervals	Lick
476.07475	0.0999999999999659	TimeIntervals	Lick
476.208	0.10000000000002274	TimeIntervals	Lick
476.37475	0.06675000000007003	TimeIntervals	Lick
477.74175	0.10000000000002274	TimeIntervals	Reward
478.2749999999999	0.26675000000005866	TimeIntervals	Lick
478.575	0.06675000000001319	TimeIntervals	Lick
478.67499999999995	0.0999999999999659	TimeIntervals	Lick
478.80850000000004	0.0999999999999659	TimeIntervals	Lick
478.942	0.20000000000004547	TimeIntervals	Lick
479.17524999999995	0.0999999999999659	TimeIntervals	Lick
479.30850000000004	0.0999999999999659	TimeIntervals	Lick
479.442	0.0999999999999659	TimeIntervals	Lick
479.57525	0.0999999999999659	TimeIntervals	Lick
479.7085	0.0667499999998995	TimeIntervals	Lick
479.84200000000004	0.06674999999995634	TimeIntervals	Lick
479.942	0.0999999999999659	TimeIntervals	Lick
480.0755	0.19999999999998863	TimeIntervals	Lick
480.30875	0.10000000000002274	TimeIntervals	Lick
480.442	0.0999999999999659	TimeIntervals	Lick
480.5755	0.10000000000002274	TimeIntervals	Lick
480.70875	0.0999999999999659	TimeIntervals	Lick
480.84200000000004	0.20024999999992588	TimeIntervals	Lick
481.0755	0.10000000000002274	TimeIntervals	Lick
481.24225	0.06674999999995634	TimeIntervals	Lick
481.3755	0.06675000000007003	TimeIntervals	Lick
481.4755	0.0999999999999659	TimeIntervals	Lick
481.609	0.10000000000002274	TimeIntervals	Lick
481.77549999999997	0.06675000000007003	TimeIntervals	Lick
481.8755	0.10000000000002274	TimeIntervals	Lick
482.009	0.23349999999999227	TimeIntervals	Lick
482.2757499999999	0.10000000000007958	TimeIntervals	Lick
482.40899999999993	0.10000000000007958	TimeIntervals	Lick
482.5425	0.0999999999999659	TimeIntervals	Lick
482.709	0.10000000000002274	TimeIntervals	Lick
482.87575	0.06675000000012687	TimeIntervals	Lick
483.57599999999996	0.10000000000007958	TimeIntervals	Lick
483.70925	0.10000000000002274	TimeIntervals	Lick
483.8425	0.10000000000013642	TimeIntervals	Lick
483.976	0.0999999999999659	TimeIntervals	Lick
484.10925000000003	0.0999999999999659	TimeIntervals	Lick
484.2425	0.10025000000001683	TimeIntervals	Lick
484.376	0.19999999999998863	TimeIntervals	Lick
484.6095000000001	0.0999999999999659	TimeIntervals	Lick
484.74275	0.06675000000001319	TimeIntervals	Lick
484.8095	0.0999999999999659	TimeIntervals	Reward
484.876	0.06675000000007003	TimeIntervals	Lick
484.976	0.39999999999997726	TimeIntervals	Lick
485.4095	0.10000000000002274	TimeIntervals	Lick
485.54299999999995	0.06650000000013279	TimeIntervals	Lick
485.67625	0.06674999999995634	TimeIntervals	Lick
485.8095	0.06675000000001319	TimeIntervals	Lick
485.943	0.0665000000000191	TimeIntervals	Lick
486.07625	0.06675000000001319	TimeIntervals	Lick
486.20950000000005	0.0667499999998995	TimeIntervals	Lick
486.3430000000001	0.06649999999990541	TimeIntervals	Lick
486.47650000000004	0.06649999999990541	TimeIntervals	Lick
486.5765	0.0999999999999659	TimeIntervals	Lick
486.70975000000004	0.0999999999999659	TimeIntervals	Lick
486.8430000000001	0.19999999999987494	TimeIntervals	Lick
487.1097500000001	0.0667499999998995	TimeIntervals	Lick
487.20975000000004	0.0999999999999659	TimeIntervals	Lick
487.3430000000001	0.09999999999990905	TimeIntervals	Lick
487.47650000000004	0.0999999999999659	TimeIntervals	Lick
487.61	0.0999999999999659	TimeIntervals	Lick
487.74325	0.10000000000002274	TimeIntervals	Lick
487.8765	0.23349999999999227	TimeIntervals	Lick
488.14325	0.0999999999999659	TimeIntervals	Lick
488.27649999999994	0.10000000000007958	TimeIntervals	Lick
488.41	0.10000000000002274	TimeIntervals	Lick
488.54324999999994	0.10000000000007958	TimeIntervals	Lick
488.71	0.06674999999995634	TimeIntervals	Lick
488.8435	0.0665000000000191	TimeIntervals	Lick
488.97675000000004	0.0999999999999659	TimeIntervals	Lick
489.67674999999997	0.06675000000001319	TimeIntervals	Lick
490.2435	0.10000000000007958	TimeIntervals	Lick
490.81025	0.10024999999995998	TimeIntervals	Lick
490.97700000000003	0.0667499999998995	TimeIntervals	Lick
491.14375	0.06675000000007003	TimeIntervals	Lick
492.24399999999997	0.10000000000007958	TimeIntervals	Lick
493.4775	0.0999999999999659	TimeIntervals	Lick
495.0775	0.10000000000002274	TimeIntervals	Reward
495.6445	0.2665000000000646	TimeIntervals	Lick
495.94450000000006	0.06649999999996226	TimeIntervals	Lick
496.0445	0.0999999999999659	TimeIntervals	Lick
496.17775	0.20024999999998272	TimeIntervals	Lick
496.44450000000006	0.06674999999995634	TimeIntervals	Lick
496.5445	0.0999999999999659	TimeIntervals	Lick
496.678	0.0999999999999659	TimeIntervals	Lick
496.8112499999999	0.10000000000013642	TimeIntervals	Lick
496.94450000000006	0.06674999999995634	TimeIntervals	Lick
497.0445	0.0999999999999659	TimeIntervals	Lick
497.21124999999995	0.06675000000001319	TimeIntervals	Lick
497.3445	0.06675000000007003	TimeIntervals	Lick
497.44450000000006	0.10024999999995998	TimeIntervals	Lick
497.5779999999999	0.20000000000004547	TimeIntervals	Lick
497.8115000000001	0.0999999999999659	TimeIntervals	Lick
497.94475000000006	0.0999999999999659	TimeIntervals	Lick
498.0779999999999	0.10000000000007958	TimeIntervals	Lick
498.2115	0.06649999999996226	TimeIntervals	Lick
498.3115000000001	0.0999999999999659	TimeIntervals	Lick
498.44475000000006	0.1334999999999127	TimeIntervals	Lick
498.6449999999999	0.06650000000007594	TimeIntervals	Lick
498.77824999999996	0.06675000000012687	TimeIntervals	Lick
498.87825000000004	0.10000000000007958	TimeIntervals	Lick
499.045	0.09999999999990905	TimeIntervals	Lick
499.17824999999993	0.13325000000014597	TimeIntervals	Lick
499.37825000000004	0.10000000000007958	TimeIntervals	Lick
500.21175	0.0999999999999659	TimeIntervals	Lick
500.3450000000001	0.0999999999999659	TimeIntervals	Lick
501.24524999999994	0.10000000000007958	TimeIntervals	Lick
501.47850000000005	0.0999999999999659	TimeIntervals	Lick
501.87874999999997	0.06675000000012687	TimeIntervals	Lick
504.41249999999997	0.0665000000000191	TimeIntervals	Lick
507.04599999999994	0.10000000000007958	TimeIntervals	Lick
507.1794999999999	0.20000000000010232	TimeIntervals	Lick
507.413	0.06649999999996226	TimeIntervals	Lick
507.513	0.30000000000001137	TimeIntervals	Lick
507.84625	0.06675000000001319	TimeIntervals	Lick
507.94624999999996	0.06675000000001319	TimeIntervals	Lick
508.04625	0.6002500000000737	TimeIntervals	Lick
508.14625000000007	0.13324999999986176	TimeIntervals	Reward
508.67975	0.06675000000001319	TimeIntervals	Lick
508.77975	0.10000000000007958	TimeIntervals	Lick
508.913	0.0667499999998995	TimeIntervals	Lick
509.0465	0.06649999999996226	TimeIntervals	Lick
509.14650000000006	0.0999999999999659	TimeIntervals	Lick
509.27975	0.10000000000007958	TimeIntervals	Lick
509.4465	0.06649999999996226	TimeIntervals	Lick
509.5465	0.06675000000007003	TimeIntervals	Lick
509.64650000000006	0.0999999999999659	TimeIntervals	Lick
509.8132499999999	0.06675000000018372	TimeIntervals	Lick
509.91325	0.20000000000004547	TimeIntervals	Lick
510.14650000000006	0.0999999999999659	TimeIntervals	Lick
510.2799999999999	0.10000000000019327	TimeIntervals	Lick
510.41325	0.0999999999999659	TimeIntervals	Lick
510.5465	0.20024999999998272	TimeIntervals	Lick
510.7799999999999	0.10000000000019327	TimeIntervals	Lick
510.9135	0.0999999999999659	TimeIntervals	Lick
511.04675000000003	0.0999999999999659	TimeIntervals	Lick
511.17999999999995	0.0999999999999659	TimeIntervals	Lick
511.3134999999999	0.10000000000007958	TimeIntervals	Lick
511.44675000000007	0.0999999999999659	TimeIntervals	Lick
511.61350000000004	0.06649999999990541	TimeIntervals	Lick
511.747	0.06649999999990541	TimeIntervals	Lick
512.447	0.10000000000002274	TimeIntervals	Lick
512.947	0.06675000000007003	TimeIntervals	Lick
514.44725	0.10000000000002274	TimeIntervals	Lick
516.4475	0.06675000000007003	TimeIntervals	Lick
520.0815	0.10000000000002274	TimeIntervals	Lick
520.3815	0.10000000000013642	TimeIntervals	Lick
522.0817499999999	0.06675000000018372	TimeIntervals	Lick
526.349	0.06674999999995634	TimeIntervals	Lick
534.117	0.10000000000013642	TimeIntervals	Lick
534.2502499999999	0.06675000000007003	TimeIntervals	Lick
534.35025	0.06675000000007003	TimeIntervals	Lick
534.4502499999999	0.06675000000007003	TimeIntervals	Lick
534.55025	0.06674999999995634	TimeIntervals	Lick
534.6502500000001	0.20024999999986903	TimeIntervals	Lick
534.88375	0.06675000000007003	TimeIntervals	Lick
534.9837500000001	0.06674999999995634	TimeIntervals	Lick
535.08375	0.10000000000013642	TimeIntervals	Lick
535.2170000000001	0.06675000000007003	TimeIntervals	Lick
535.317	0.06674999999995634	TimeIntervals	Lick
535.417	0.1999999999999318	TimeIntervals	Lick
535.5169999999999	0.13350000000014006	TimeIntervals	Reward
535.6505000000001	0.2664999999999509	TimeIntervals	Lick
535.9505	0.06674999999984266	TimeIntervals	Lick
536.0505	0.06675000000007003	TimeIntervals	Lick
536.1505000000001	0.10000000000002274	TimeIntervals	Lick
536.2840000000001	0.09999999999990905	TimeIntervals	Lick
536.4172500000001	0.09999999999979536	TimeIntervals	Lick
536.5505	0.06675000000007003	TimeIntervals	Lick
536.6505000000001	0.10000000000002274	TimeIntervals	Lick
536.7840000000001	0.09999999999990905	TimeIntervals	Lick
536.9172500000001	0.06674999999995634	TimeIntervals	Lick
537.0174999999999	0.10000000000002274	TimeIntervals	Lick
537.1840000000001	0.06674999999995634	TimeIntervals	Lick
537.3175	0.0665000000000191	TimeIntervals	Lick
537.4175	0.09999999999990905	TimeIntervals	Lick
537.5507500000001	0.09999999999990905	TimeIntervals	Lick
537.6840000000001	0.10000000000002274	TimeIntervals	Lick
537.8175	0.10000000000002274	TimeIntervals	Lick
537.95075	0.10000000000013642	TimeIntervals	Lick
538.0840000000001	0.06699999999989359	TimeIntervals	Lick
538.1842500000002	0.09999999999979536	TimeIntervals	Lick
538.3175	0.10000000000002274	TimeIntervals	Lick
538.4509999999999	0.20000000000004547	TimeIntervals	Lick
538.7175	0.06675000000007003	TimeIntervals	Lick
538.8175	0.10000000000002274	TimeIntervals	Lick
538.98425	0.10000000000002274	TimeIntervals	Lick
539.151	0.0665000000000191	TimeIntervals	Lick
539.2845000000002	0.06649999999979173	TimeIntervals	Lick
539.41775	0.10000000000002274	TimeIntervals	Lick
539.5845	0.10000000000002274	TimeIntervals	Lick
540.718	0.10000000000002274	TimeIntervals	Lick
540.8512499999999	0.10000000000013642	TimeIntervals	Lick
541.018	0.0665000000000191	TimeIntervals	Lick
541.118	0.09999999999990905	TimeIntervals	Lick
541.2845000000002	0.09999999999979536	TimeIntervals	Lick
541.4179999999999	0.20000000000015916	TimeIntervals	Lick
541.6515	0.09999999999990905	TimeIntervals	Lick
541.7847500000001	0.09999999999990905	TimeIntervals	Lick
541.9179999999999	0.10000000000013642	TimeIntervals	Lick
542.0515	0.10000000000002274	TimeIntervals	Lick
542.218	0.10000000000002274	TimeIntervals	Lick
542.38475	0.10000000000002274	TimeIntervals	Lick
542.518	0.13350000000002638	TimeIntervals	Lick
542.6850000000001	0.06649999999990541	TimeIntervals	Lick
542.81825	0.10000000000002274	TimeIntervals	Lick
543.8185	0.0665000000000191	TimeIntervals	Lick
552.3530000000001	0.06649999999990541	TimeIntervals	Lick
552.7197500000001	0.10000000000002274	TimeIntervals	Lick
560.3209999999999	0.10000000000002274	TimeIntervals	Lick
561.9544999999999	0.0665000000000191	TimeIntervals	Lick
562.0545	0.13324999999997544	TimeIntervals	Lick
565.2215000000001	0.06674999999995634	TimeIntervals	Lick
566.6217500000002	0.20024999999975535	TimeIntervals	Lick
566.8552500000001	0.1999999999999318	TimeIntervals	Lick
567.0885	0.06675000000018372	TimeIntervals	Lick
567.1885	0.06675000000018372	TimeIntervals	Lick
567.2885000000001	0.10000000000002274	TimeIntervals	Lick
567.4219999999999	0.06650000000013279	TimeIntervals	Lick
567.522	0.06649999999990541	TimeIntervals	Lick
567.6220000000001	0.1999999999999318	TimeIntervals	Lick
567.8555000000001	0.06649999999979173	TimeIntervals	Reward
567.8555000000001	0.06649999999979173	TimeIntervals	Lick
567.9555	0.10000000000002274	TimeIntervals	Lick
568.0887500000001	0.16674999999997908	TimeIntervals	Lick
568.2887500000002	0.06674999999995634	TimeIntervals	Lick
568.3887500000001	0.09999999999990905	TimeIntervals	Lick
568.522	0.06675000000007003	TimeIntervals	Lick
568.6220000000001	0.09999999999990905	TimeIntervals	Lick
568.7555000000001	0.06649999999990541	TimeIntervals	Lick
568.8555000000001	0.09999999999990905	TimeIntervals	Lick
568.989	0.0665000000000191	TimeIntervals	Lick
569.089	0.09999999999990905	TimeIntervals	Lick
569.22225	0.10000000000002274	TimeIntervals	Lick
569.3555000000001	0.1999999999999318	TimeIntervals	Lick
569.589	0.3332500000000209	TimeIntervals	Lick
569.9555	0.20024999999998272	TimeIntervals	Lick
570.2225	0.06650000000024647	TimeIntervals	Lick
570.3557500000001	0.06674999999995634	TimeIntervals	Lick
570.489	0.06674999999995634	TimeIntervals	Lick
570.65575	0.06674999999995634	TimeIntervals	Lick
570.8890000000001	0.09999999999990905	TimeIntervals	Lick
573.8230000000001	0.09999999999990905	TimeIntervals	Lick
576.12325	0.10000000000002274	TimeIntervals	Reward
576.2565000000001	0.700249999999869	TimeIntervals	Lick
576.99	0.06675000000007003	TimeIntervals	Lick
577.0900000000001	0.09999999999990905	TimeIntervals	Lick
577.25675	0.06674999999995634	TimeIntervals	Lick
577.3567500000001	0.06674999999984266	TimeIntervals	Lick
577.4567499999999	0.10000000000013642	TimeIntervals	Lick
577.5900000000001	0.20024999999986903	TimeIntervals	Lick
577.8235	0.10000000000002274	TimeIntervals	Lick
577.957	0.10000000000002274	TimeIntervals	Lick
578.09025	0.06675000000018372	TimeIntervals	Lick
578.2235	0.06675000000007003	TimeIntervals	Lick
578.3235	0.10000000000002274	TimeIntervals	Lick
578.457	0.10000000000002274	TimeIntervals	Lick
578.59025	0.2002500000000964	TimeIntervals	Lick
578.82375	0.3332500000001346	TimeIntervals	Lick
579.1905000000002	0.09999999999990905	TimeIntervals	Lick
579.32375	0.09999999999990905	TimeIntervals	Lick
579.457	0.10000000000002274	TimeIntervals	Lick
579.5905	0.10000000000013642	TimeIntervals	Lick
579.72375	0.10000000000002274	TimeIntervals	Lick
579.8905000000001	0.06674999999995634	TimeIntervals	Lick
580.024	0.10000000000002274	TimeIntervals	Lick
580.3905000000001	0.06674999999995634	TimeIntervals	Lick
582.091	0.0665000000000191	TimeIntervals	Lick
582.2575	0.10000000000002274	TimeIntervals	Lick
582.42425	0.10000000000002274	TimeIntervals	Lick
583.9245	0.10000000000002274	TimeIntervals	Lick
584.8245000000001	0.06675000000007003	TimeIntervals	Lick
584.958	0.0665000000000191	TimeIntervals	Lick
585.0580000000001	0.10000000000002274	TimeIntervals	Lick
585.1912500000001	0.06675000000007003	TimeIntervals	Lick
585.3245000000001	0.06700000000000728	TimeIntervals	Lick
585.4247500000001	0.06674999999995634	TimeIntervals	Lick
585.5580000000001	0.06674999999995634	TimeIntervals	Lick
585.6915	0.06650000000013279	TimeIntervals	Lick
585.7915000000002	0.09999999999990905	TimeIntervals	Lick
585.9247500000001	0.09999999999990905	TimeIntervals	Lick
586.0580000000001	0.06674999999995634	TimeIntervals	Lick
586.1247500000001	0.06674999999995634	TimeIntervals	Reward
586.1580000000001	0.06674999999984266	TimeIntervals	Lick
586.2580000000002	0.1999999999998181	TimeIntervals	Lick
586.4915000000001	0.06674999999995634	TimeIntervals	Lick
586.5915	0.20000000000015916	TimeIntervals	Lick
586.8250000000002	0.06649999999990541	TimeIntervals	Lick
586.9250000000001	0.1999999999999318	TimeIntervals	Lick
587.1582500000002	0.1999999999999318	TimeIntervals	Lick
587.3915000000001	0.20024999999998272	TimeIntervals	Lick
587.625	0.20000000000015916	TimeIntervals	Lick
587.8585000000002	0.09999999999979536	TimeIntervals	Lick
587.9917499999999	0.10000000000013642	TimeIntervals	Lick
588.1585000000001	0.06649999999990541	TimeIntervals	Lick
588.2917500000002	0.06674999999995634	TimeIntervals	Lick
588.4250000000001	0.06674999999984266	TimeIntervals	Lick
588.5585000000001	0.10000000000002274	TimeIntervals	Lick
590.1255	0.0665000000000191	TimeIntervals	Lick
590.392	0.09999999999990905	TimeIntervals	Lick
595.0595000000001	0.06649999999990541	TimeIntervals	Lick
595.1595000000001	0.06649999999990541	TimeIntervals	Lick
595.2595000000001	0.09999999999990905	TimeIntervals	Lick
595.393	0.40000000000009095	TimeIntervals	Lick
595.8262500000001	0.06674999999995634	TimeIntervals	Lick
595.92625	0.06674999999995634	TimeIntervals	Lick
596.02625	0.20000000000004547	TimeIntervals	Lick
596.2595000000001	0.06674999999995634	TimeIntervals	Lick
596.3595	0.06700000000000728	TimeIntervals	Lick
596.4265	0.13325000000008913	TimeIntervals	Reward
596.45975	0.6000000000001364	TimeIntervals	Lick
597.093	0.06675000000007003	TimeIntervals	Lick
597.1930000000001	0.10000000000002274	TimeIntervals	Lick
597.3265000000001	0.1999999999999318	TimeIntervals	Lick
597.5600000000001	0.09999999999990905	TimeIntervals	Lick
597.6932500000001	0.09999999999990905	TimeIntervals	Lick
597.8265000000001	0.09999999999990905	TimeIntervals	Lick
597.9600000000002	0.06649999999990541	TimeIntervals	Lick
598.09325	0.06674999999995634	TimeIntervals	Lick
598.1932500000001	0.09999999999990905	TimeIntervals	Lick
598.3265000000001	0.09999999999990905	TimeIntervals	Lick
598.4600000000002	0.1999999999998181	TimeIntervals	Lick
598.6935	0.10000000000002274	TimeIntervals	Lick
598.8267500000001	0.1999999999998181	TimeIntervals	Lick
599.0600000000001	0.09999999999990905	TimeIntervals	Lick
599.1935	0.10000000000002274	TimeIntervals	Lick
599.3600000000001	0.10000000000002274	TimeIntervals	Lick
599.4935	0.10000000000002274	TimeIntervals	Lick
599.62675	0.10025000000007367	TimeIntervals	Lick
599.76025	0.06675000000007003	TimeIntervals	Lick
599.8935	0.06675000000007003	TimeIntervals	Lick
600.0602500000001	0.06674999999984266	TimeIntervals	Lick
600.1935	0.06675000000007003	TimeIntervals	Lick
600.3270000000001	0.06649999999990541	TimeIntervals	Lick
600.4602500000001	0.10000000000002274	TimeIntervals	Lick
601.2270000000001	0.13350000000002638	TimeIntervals	Lick
603.4607500000002	0.06674999999984266	TimeIntervals	Lick
603.66075	0.06675000000007003	TimeIntervals	Lick
604.9942500000001	0.06674999999995634	TimeIntervals	Lick
605.261	0.10000000000013642	TimeIntervals	Lick
605.4277500000001	0.09999999999990905	TimeIntervals	Lick
610.6285000000001	0.06674999999995634	TimeIntervals	Lick
612.6620000000001	0.20024999999998272	TimeIntervals	Lick
612.8955	0.10000000000002274	TimeIntervals	Lick
613.029	0.20000000000015916	TimeIntervals	Lick
613.2622500000001	0.1999999999999318	TimeIntervals	Lick
613.4955	0.06675000000007003	TimeIntervals	Lick
613.5955	0.10000000000013642	TimeIntervals	Lick
613.7290000000002	0.06649999999990541	TimeIntervals	Lick
613.7622500000001	0.06674999999995634	TimeIntervals	Reward
613.8290000000001	0.10000000000002274	TimeIntervals	Lick
613.9625000000001	0.06649999999990541	TimeIntervals	Lick
614.0625	0.16650000000015552	TimeIntervals	Lick
614.2625000000002	0.1999999999999318	TimeIntervals	Lick
614.49575	0.06674999999995634	TimeIntervals	Lick
614.5957500000001	0.10000000000002274	TimeIntervals	Lick
614.7290000000002	0.09999999999990905	TimeIntervals	Lick
614.8625000000001	0.0665000000000191	TimeIntervals	Lick
614.9625000000001	0.3000000000000682	TimeIntervals	Lick
615.2960000000002	0.06649999999990541	TimeIntervals	Lick
615.3960000000001	0.10000000000002274	TimeIntervals	Lick
615.5625	0.06674999999995634	TimeIntervals	Lick
615.6625	0.10000000000013642	TimeIntervals	Lick
615.7960000000002	0.09999999999990905	TimeIntervals	Lick
627.031	0.0665000000000191	TimeIntervals	Lick
627.3977500000001	0.10000000000002274	TimeIntervals	Lick
629.8647500000002	0.06674999999984266	TimeIntervals	Lick
629.9647500000001	0.20000000000004547	TimeIntervals	Lick
630.1980000000001	0.1999999999999318	TimeIntervals	Lick
630.4315	0.06674999999995634	TimeIntervals	Lick
630.5314999999999	0.3000000000000682	TimeIntervals	Lick
630.8650000000001	0.06649999999990541	TimeIntervals	Lick
630.965	0.20000000000004547	TimeIntervals	Lick
631.1315	0.06675000000007003	TimeIntervals	Reward
631.19825	0.06675000000007003	TimeIntervals	Lick
631.29825	0.10000000000013642	TimeIntervals	Lick
631.4315	0.16699999999991633	TimeIntervals	Lick
631.63175	0.1999999999999318	TimeIntervals	Lick
631.8650000000001	0.1999999999999318	TimeIntervals	Lick
632.0985	0.20000000000015916	TimeIntervals	Lick
632.3317499999999	0.20000000000015916	TimeIntervals	Lick
632.565	0.20024999999998272	TimeIntervals	Lick
632.7985000000001	0.09999999999990905	TimeIntervals	Lick
632.932	0.20000000000004547	TimeIntervals	Lick
633.16525	0.10000000000002274	TimeIntervals	Lick
633.2985000000001	0.06675000000007003	TimeIntervals	Lick
633.432	0.0665000000000191	TimeIntervals	Lick
633.5652500000001	0.06674999999995634	TimeIntervals	Lick
633.6985	0.06700000000012096	TimeIntervals	Lick
633.9655	0.0665000000000191	TimeIntervals	Lick
642.2665000000001	0.06675000000007003	TimeIntervals	Lick
642.7335000000002	0.09999999999990905	TimeIntervals	Lick
642.86675	0.10000000000002274	TimeIntervals	Lick
644.3002500000001	0.10000000000002274	TimeIntervals	Lick
645.8340000000002	0.09999999999990905	TimeIntervals	Lick
651.1680000000001	0.06649999999990541	TimeIntervals	Lick
651.3015000000001	0.06649999999990541	TimeIntervals	Lick
651.4015	0.09999999999979536	TimeIntervals	Lick
651.53475	0.06675000000007003	TimeIntervals	Lick
651.63475	0.06675000000007003	TimeIntervals	Lick
651.7347500000001	0.06675000000007003	TimeIntervals	Lick
651.83475	0.06675000000007003	TimeIntervals	Lick
651.93475	0.20000000000004547	TimeIntervals	Lick
652.1680000000001	0.06674999999995634	TimeIntervals	Lick
652.268	0.06674999999995634	TimeIntervals	Lick
652.368	0.2002500000000964	TimeIntervals	Lick
652.435	0.13325000000020282	TimeIntervals	Reward
652.6015000000001	0.36674999999991087	TimeIntervals	Lick
653.0014999999999	0.0667500000002974	TimeIntervals	Lick
653.1015000000001	0.06674999999995634	TimeIntervals	Lick
653.2015000000001	0.10000000000002274	TimeIntervals	Lick
653.3350000000002	0.09999999999979536	TimeIntervals	Lick
653.46825	0.10024999999995998	TimeIntervals	Lick
653.6017499999999	0.10000000000013642	TimeIntervals	Lick
653.735	0.06675000000007003	TimeIntervals	Lick
653.8350000000002	0.09999999999979536	TimeIntervals	Lick
653.9685000000001	0.09999999999990905	TimeIntervals	Lick
654.1017499999999	0.10000000000013642	TimeIntervals	Lick
654.235	0.06675000000007003	TimeIntervals	Lick
654.3685	0.06649999999990541	TimeIntervals	Lick
654.4685000000001	0.1999999999999318	TimeIntervals	Lick
654.7020000000001	0.09999999999990905	TimeIntervals	Lick
654.8352500000001	0.1999999999998181	TimeIntervals	Lick
655.0685	0.20000000000004547	TimeIntervals	Lick
655.302	0.10000000000002274	TimeIntervals	Lick
655.43525	0.09999999999990905	TimeIntervals	Lick
655.6020000000001	0.06649999999990541	TimeIntervals	Lick
655.7355000000001	0.06649999999990541	TimeIntervals	Lick
655.8687500000001	0.06674999999995634	TimeIntervals	Lick
656.56875	0.09999999999990905	TimeIntervals	Lick
656.7020000000001	0.20024999999998272	TimeIntervals	Lick
656.9355	0.09999999999990905	TimeIntervals	Lick
657.269	0.0665000000000191	TimeIntervals	Lick
657.50225	0.06674999999995634	TimeIntervals	Lick
657.6355	0.10000000000013642	TimeIntervals	Lick
657.80225	0.10025000000007367	TimeIntervals	Lick
659.9025	0.06675000000007003	TimeIntervals	Lick
661.23625	0.06675000000007003	TimeIntervals	Lick
668.83725	0.06674999999995634	TimeIntervals	Lick
669.4375	0.09999999999990905	TimeIntervals	Lick
669.5707500000001	0.06675000000007003	TimeIntervals	Lick
669.6707500000001	0.06674999999995634	TimeIntervals	Lick
669.7707500000001	0.3002499999997781	TimeIntervals	Lick
670.10425	0.06675000000018372	TimeIntervals	Lick
670.2042500000001	0.1999999999999318	TimeIntervals	Lick
670.4375	0.06674999999995634	TimeIntervals	Lick
670.5374999999999	0.10000000000025011	TimeIntervals	Lick
670.6710000000002	0.06649999999990541	TimeIntervals	Lick
670.7710000000001	0.1999999999999318	TimeIntervals	Lick
670.8375000000001	0.09999999999990905	TimeIntervals	Reward
671.00425	0.06674999999995634	TimeIntervals	Lick
671.1045	0.06650000000013279	TimeIntervals	Lick
671.2045000000002	0.06649999999990541	TimeIntervals	Lick
671.3045000000001	0.06650000000013279	TimeIntervals	Lick
671.4045000000001	0.06649999999990541	TimeIntervals	Lick
671.5045	0.10000000000002274	TimeIntervals	Lick
671.6710000000002	0.06674999999984266	TimeIntervals	Lick
671.7710000000001	0.10000000000013642	TimeIntervals	Lick
671.9045000000001	0.06649999999990541	TimeIntervals	Lick
672.0045	0.10000000000002274	TimeIntervals	Lick
672.13775	0.10025000000018736	TimeIntervals	Lick
672.2712500000001	0.10000000000002274	TimeIntervals	Lick
672.4045000000001	0.09999999999990905	TimeIntervals	Lick
672.5379999999999	0.10000000000013642	TimeIntervals	Lick
672.67125	0.10000000000013642	TimeIntervals	Lick
672.8045000000001	0.10000000000002274	TimeIntervals	Lick
672.97125	0.06674999999984266	TimeIntervals	Lick
673.07125	0.2002500000002101	TimeIntervals	Lick
673.3047500000001	0.1999999999999318	TimeIntervals	Lick
673.5379999999999	0.10000000000013642	TimeIntervals	Lick
673.6715	0.10000000000013642	TimeIntervals	Lick
673.8047500000001	0.09999999999990905	TimeIntervals	Lick
673.9715	0.06649999999990541	TimeIntervals	Lick
674.1047500000001	0.06674999999995634	TimeIntervals	Lick
676.572	0.0665000000000191	TimeIntervals	Lick
678.9055	0.06675000000007003	TimeIntervals	Lick
688.34025	0.06675000000018372	TimeIntervals	Lick
696.208	0.06675000000007003	TimeIntervals	Lick
698.9085	0.06674999999995634	TimeIntervals	Lick
699.042	0.06650000000013279	TimeIntervals	Lick
699.1419999999999	0.06650000000013279	TimeIntervals	Lick
699.2420000000001	0.10000000000002274	TimeIntervals	Lick
699.37525	0.06674999999995634	TimeIntervals	Lick
699.47525	0.06675000000007003	TimeIntervals	Lick
699.57525	0.06674999999995634	TimeIntervals	Lick
699.6755000000002	0.1999999999999318	TimeIntervals	Lick
699.90875	0.06674999999984266	TimeIntervals	Lick
700.00875	0.3000000000001819	TimeIntervals	Lick
700.2420000000001	0.13350000000002638	TimeIntervals	Reward
700.3420000000001	0.36675000000002456	TimeIntervals	Lick
700.7420000000001	0.10024999999995998	TimeIntervals	Lick
700.8755000000001	0.06674999999995634	TimeIntervals	Lick
700.9754999999999	0.10000000000013642	TimeIntervals	Lick
701.109	0.10000000000013642	TimeIntervals	Lick
701.2422500000001	0.09999999999990905	TimeIntervals	Lick
701.3755000000001	0.06674999999995634	TimeIntervals	Lick
701.4754999999999	0.10000000000013642	TimeIntervals	Lick
701.64225	0.06675000000018372	TimeIntervals	Lick
701.7422500000001	0.10024999999995998	TimeIntervals	Lick
701.8757500000002	0.06674999999995634	TimeIntervals	Lick
701.9757500000001	0.10000000000002274	TimeIntervals	Lick
702.109	0.33350000000007185	TimeIntervals	Lick
702.4757500000001	0.10000000000002274	TimeIntervals	Lick
702.609	0.10000000000013642	TimeIntervals	Lick
702.7425000000002	0.09999999999990905	TimeIntervals	Lick
702.8757500000002	0.06674999999995634	TimeIntervals	Lick
703.0092500000001	0.06674999999995634	TimeIntervals	Lick
703.1425	0.20000000000004547	TimeIntervals	Lick
703.40925	0.06674999999995634	TimeIntervals	Lick
703.576	0.0665000000000191	TimeIntervals	Lick
703.7092500000001	0.10000000000013642	TimeIntervals	Lick
703.8425000000001	0.10000000000002274	TimeIntervals	Lick
704.0092500000001	0.06674999999995634	TimeIntervals	Lick
704.1095	0.10000000000002274	TimeIntervals	Lick
704.24275	0.10000000000013642	TimeIntervals	Lick
704.3760000000002	0.09999999999979536	TimeIntervals	Lick
704.54275	0.10000000000013642	TimeIntervals	Lick
704.7095	0.10000000000013642	TimeIntervals	Lick
710.8105	0.0665000000000191	TimeIntervals	Lick
721.7120000000001	0.06674999999984266	TimeIntervals	Lick
724.1790000000001	0.06674999999995634	TimeIntervals	Lick
725.5124999999999	0.20000000000015916	TimeIntervals	Lick
725.7460000000001	0.1999999999998181	TimeIntervals	Lick
725.97925	0.2002500000000964	TimeIntervals	Lick
726.2127500000001	0.06674999999995634	TimeIntervals	Lick
726.31275	0.09999999999990905	TimeIntervals	Lick
726.4459999999999	0.06675000000007003	TimeIntervals	Lick
726.546	0.10000000000002274	TimeIntervals	Lick
726.6460000000001	0.06675000000007003	TimeIntervals	Reward
726.6795000000001	0.0665000000000191	TimeIntervals	Lick
726.7795000000001	0.16649999999981446	TimeIntervals	Lick
726.9795	0.20000000000004547	TimeIntervals	Lick
727.2130000000001	0.10000000000002274	TimeIntervals	Lick
727.34625	0.09999999999990905	TimeIntervals	Lick
727.4795	0.09999999999990905	TimeIntervals	Lick
727.6130000000002	0.06649999999990541	TimeIntervals	Lick
727.7130000000001	0.1999999999998181	TimeIntervals	Lick
727.94625	0.06675000000007003	TimeIntervals	Lick
728.04625	0.10000000000013642	TimeIntervals	Lick
728.1795000000001	0.2002500000000964	TimeIntervals	Lick
728.4129999999999	0.2335000000002765	TimeIntervals	Lick
728.6797500000001	0.06674999999995634	TimeIntervals	Lick
728.77975	0.10000000000013642	TimeIntervals	Lick
728.9129999999999	0.10000000000013642	TimeIntervals	Lick
729.0464999999999	0.10000000000025011	TimeIntervals	Lick
729.1797500000001	0.09999999999990905	TimeIntervals	Lick
729.3130000000001	0.10024999999995998	TimeIntervals	Lick
729.4464999999999	0.10000000000002274	TimeIntervals	Lick
729.6132500000001	0.06675000000007003	TimeIntervals	Lick
735.3807500000001	0.06674999999984266	TimeIntervals	Lick
735.4807500000001	0.06674999999995634	TimeIntervals	Lick
735.5807500000001	0.06675000000007003	TimeIntervals	Lick
735.6807500000001	0.09999999999990905	TimeIntervals	Lick
735.8140000000002	0.09999999999979536	TimeIntervals	Lick
735.9475	0.06674999999995634	TimeIntervals	Lick
736.0475	0.06675000000007003	TimeIntervals	Lick
736.1475000000002	0.09999999999990905	TimeIntervals	Lick
736.2810000000001	0.3332500000000209	TimeIntervals	Lick
736.6475000000002	0.29999999999984084	TimeIntervals	Lick
736.981	0.10000000000002274	TimeIntervals	Lick
737.1145	0.0665000000000191	TimeIntervals	Lick
737.2145	0.20000000000004547	TimeIntervals	Lick
737.4477499999999	0.20000000000015916	TimeIntervals	Lick
737.681	0.10000000000002274	TimeIntervals	Lick
737.8145000000001	0.10000000000002274	TimeIntervals	Lick
737.981	0.06675000000007003	TimeIntervals	Lick
738.5145	0.10000000000002274	TimeIntervals	Lick
745.68225	0.06675000000007003	TimeIntervals	Lick
745.7825	0.10000000000002274	TimeIntervals	Lick
745.91575	0.06674999999995634	TimeIntervals	Lick
746.01575	0.06675000000007003	TimeIntervals	Lick
746.1157499999999	0.06675000000018372	TimeIntervals	Lick
746.2157500000001	0.06674999999995634	TimeIntervals	Lick
746.31575	0.06675000000007003	TimeIntervals	Lick
746.449	0.16674999999997908	TimeIntervals	Lick
746.6490000000001	0.06674999999995634	TimeIntervals	Lick
746.749	0.20024999999998272	TimeIntervals	Lick
746.94925	0.10000000000002274	TimeIntervals	Reward
746.9825	0.06675000000007003	TimeIntervals	Lick
747.0825000000001	0.16674999999997908	TimeIntervals	Lick
747.2825	0.16674999999997908	TimeIntervals	Lick
747.4825	0.06675000000007003	TimeIntervals	Lick
747.5825000000001	0.10000000000002274	TimeIntervals	Lick
747.716	0.10000000000013642	TimeIntervals	Lick
747.84925	0.06675000000007003	TimeIntervals	Lick
747.94925	0.10024999999995998	TimeIntervals	Lick
748.08275	0.10000000000002274	TimeIntervals	Lick
748.216	0.06675000000007003	TimeIntervals	Lick
748.3495000000001	0.06649999999990541	TimeIntervals	Lick
748.48275	0.06674999999995634	TimeIntervals	Lick
748.58275	0.10000000000002274	TimeIntervals	Lick
748.716	0.06675000000007003	TimeIntervals	Lick
748.8160000000001	0.09999999999990905	TimeIntervals	Lick
748.9495000000001	0.06649999999990541	TimeIntervals	Lick
749.0495	0.10000000000013642	TimeIntervals	Lick
749.1830000000001	0.06649999999990541	TimeIntervals	Lick
749.2830000000001	0.10000000000002274	TimeIntervals	Lick
749.4162500000001	0.1999999999999318	TimeIntervals	Lick
749.6495000000001	0.09999999999990905	TimeIntervals	Lick
749.7830000000001	0.0665000000000191	TimeIntervals	Lick
749.9162500000001	0.06674999999995634	TimeIntervals	Lick
750.0495	0.06675000000007003	TimeIntervals	Lick
750.6165000000001	0.0665000000000191	TimeIntervals	Lick
751.8832500000001	0.09999999999979536	TimeIntervals	Lick
753.1500000000001	0.06674999999995634	TimeIntervals	Lick
753.3835000000001	0.06649999999979173	TimeIntervals	Lick
753.7835000000001	0.06674999999995634	TimeIntervals	Lick
753.9502499999999	0.10000000000013642	TimeIntervals	Lick
766.1855	0.3664999999999736	TimeIntervals	Lick
766.5855000000001	0.09999999999990905	TimeIntervals	Lick
766.7190000000002	0.06649999999990541	TimeIntervals	Lick
766.8190000000001	0.10000000000002274	TimeIntervals	Lick
766.95225	0.06674999999995634	TimeIntervals	Lick
767.05225	0.20000000000004547	TimeIntervals	Lick
767.25225	0.06675000000007003	TimeIntervals	Reward
767.2855000000001	0.1999999999999318	TimeIntervals	Lick
767.519	0.16650000000004184	TimeIntervals	Lick
767.7190000000002	0.1999999999999318	TimeIntervals	Lick
767.9525	0.10000000000002274	TimeIntervals	Lick
768.0857500000002	0.09999999999979536	TimeIntervals	Lick
768.2190000000002	0.06674999999995634	TimeIntervals	Lick
768.3190000000001	0.1999999999999318	TimeIntervals	Lick
768.5525	0.20000000000004547	TimeIntervals	Lick
768.7857500000001	0.1002499999998463	TimeIntervals	Lick
768.91925	0.06674999999995634	TimeIntervals	Lick
769.0192499999999	0.20000000000015916	TimeIntervals	Lick
769.2525	0.10000000000002274	TimeIntervals	Lick
769.386	0.20000000000015916	TimeIntervals	Lick
769.6192500000001	0.1999999999999318	TimeIntervals	Lick
769.8525000000001	0.09999999999990905	TimeIntervals	Lick
769.986	0.10000000000013642	TimeIntervals	Lick
770.1195	0.0665000000000191	TimeIntervals	Lick
775.0200000000001	0.06675000000007003	TimeIntervals	Lick
775.12	0.13350000000014006	TimeIntervals	Lick
776.8870000000002	0.06674999999972897	TimeIntervals	Lick
778.4205000000001	0.09999999999990905	TimeIntervals	Lick
780.1210000000001	0.06649999999990541	TimeIntervals	Lick
785.3215	0.06700000000000728	TimeIntervals	Lick
785.4549999999999	0.06675000000007003	TimeIntervals	Lick
785.5885	0.10000000000002274	TimeIntervals	Lick
785.72175	0.10000000000002274	TimeIntervals	Lick
785.8885	0.06649999999990541	TimeIntervals	Lick
786.0885	0.10000000000002274	TimeIntervals	Lick
786.22175	0.06675000000007003	TimeIntervals	Lick
786.3885	0.06649999999990541	TimeIntervals	Lick
786.6552500000001	0.06674999999995634	TimeIntervals	Lick
786.8220000000001	0.06649999999990541	TimeIntervals	Lick
788.3887500000001	0.06674999999995634	TimeIntervals	Lick
788.48875	0.20024999999998272	TimeIntervals	Lick
788.72225	0.2999999999999545	TimeIntervals	Lick
789.0554999999999	0.06675000000007003	TimeIntervals	Lick
789.1555	0.20000000000004547	TimeIntervals	Lick
789.3890000000001	0.06649999999990541	TimeIntervals	Lick
789.489	0.06649999999990541	TimeIntervals	Lick
789.589	0.13324999999997544	TimeIntervals	Reward
789.62225	0.06674999999995634	TimeIntervals	Lick
789.72225	0.2667500000000018	TimeIntervals	Lick
790.0225	0.0665000000000191	TimeIntervals	Lick
790.1225	0.0665000000000191	TimeIntervals	Lick
790.2225	0.10000000000002274	TimeIntervals	Lick
790.3557500000002	0.09999999999979536	TimeIntervals	Lick
790.489	0.06674999999995634	TimeIntervals	Lick
790.589	0.09999999999990905	TimeIntervals	Lick
790.7557500000001	0.06674999999984266	TimeIntervals	Lick
790.8560000000001	0.09999999999979536	TimeIntervals	Lick
790.9892500000001	0.1999999999999318	TimeIntervals	Lick
791.2225	0.10000000000002274	TimeIntervals	Lick
791.3892500000002	0.06674999999972897	TimeIntervals	Lick
791.4892500000001	0.09999999999990905	TimeIntervals	Lick
791.6225	0.10000000000002274	TimeIntervals	Lick
791.7560000000002	0.06649999999979173	TimeIntervals	Lick
791.8560000000001	0.23349999999993543	TimeIntervals	Lick
792.12275	0.10000000000013642	TimeIntervals	Lick
792.2560000000002	0.06674999999984266	TimeIntervals	Lick
792.3560000000001	0.1334999999999127	TimeIntervals	Lick
792.52275	0.10000000000002274	TimeIntervals	Lick
792.6560000000001	0.06675000000007003	TimeIntervals	Lick
792.7895000000001	0.10000000000013642	TimeIntervals	Lick
792.9227500000001	0.20024999999998272	TimeIntervals	Lick
793.1562500000001	0.10000000000002274	TimeIntervals	Lick
793.3230000000001	0.06650000000013279	TimeIntervals	Lick
793.4895	0.06674999999995634	TimeIntervals	Lick
793.623	0.06649999999990541	TimeIntervals	Lick
793.7230000000001	0.13325000000008913	TimeIntervals	Lick
795.8565000000001	0.06674999999995634	TimeIntervals	Lick
797.9235	0.06674999999995634	TimeIntervals	Lick
799.6905000000002	0.06674999999995634	TimeIntervals	Lick
799.7905000000001	0.06674999999995634	TimeIntervals	Lick
799.8905000000001	0.09999999999990905	TimeIntervals	Lick
800.024	0.0665000000000191	TimeIntervals	Lick
800.124	0.06650000000013279	TimeIntervals	Lick
800.224	0.0665000000000191	TimeIntervals	Lick
800.3240000000001	0.10000000000002274	TimeIntervals	Lick
800.45725	0.06674999999995634	TimeIntervals	Lick
800.55725	0.2002500000000964	TimeIntervals	Lick
800.7907500000001	0.10000000000002274	TimeIntervals	Lick
800.9240000000001	0.06674999999984266	TimeIntervals	Lick
801.024	0.06675000000007003	TimeIntervals	Lick
801.024	0.06675000000007003	TimeIntervals	Reward
801.124	0.10000000000002274	TimeIntervals	Lick
801.2575	0.16650000000004184	TimeIntervals	Lick
801.4575000000001	0.06649999999990541	TimeIntervals	Lick
801.5575	0.10000000000002274	TimeIntervals	Lick
801.69075	0.10000000000013642	TimeIntervals	Lick
801.8240000000001	0.06700000000000728	TimeIntervals	Lick
801.92425	0.09999999999990905	TimeIntervals	Lick
802.0575	0.06675000000007003	TimeIntervals	Lick
802.1575	0.10000000000002274	TimeIntervals	Lick
802.2910000000002	0.06649999999979173	TimeIntervals	Lick
802.3910000000001	0.1999999999999318	TimeIntervals	Lick
802.6242500000001	0.20000000000004547	TimeIntervals	Lick
802.8575	0.2002500000000964	TimeIntervals	Lick
803.091	0.10000000000013642	TimeIntervals	Lick
803.2245000000001	0.0665000000000191	TimeIntervals	Lick
803.3577500000001	0.06674999999984266	TimeIntervals	Lick
803.5245	0.0665000000000191	TimeIntervals	Lick
803.6245	0.10000000000013642	TimeIntervals	Lick
803.7910000000002	0.06674999999995634	TimeIntervals	Lick
811.2255	0.06675000000007003	TimeIntervals	Lick
811.39225	0.06674999999995634	TimeIntervals	Lick
828.0615	0.0665000000000191	TimeIntervals	Lick
828.1615	0.09999999999990905	TimeIntervals	Lick
828.295	0.06650000000024647	TimeIntervals	Lick
828.3950000000001	0.0665000000000191	TimeIntervals	Lick
828.52825	0.06675000000007003	TimeIntervals	Lick
828.62825	0.10000000000013642	TimeIntervals	Lick
828.7615	0.3000000000000682	TimeIntervals	Lick
829.095	0.0665000000000191	TimeIntervals	Lick
829.195	0.09999999999990905	TimeIntervals	Lick
829.295	0.06675000000018372	TimeIntervals	Reward
829.3285	0.06650000000013279	TimeIntervals	Lick
829.4285	0.0665000000000191	TimeIntervals	Lick
829.5284999999999	0.06650000000013279	TimeIntervals	Lick
829.6285000000001	0.06649999999990541	TimeIntervals	Lick
829.7285000000002	0.1999999999998181	TimeIntervals	Lick
829.96175	0.10000000000002274	TimeIntervals	Lick
830.095	0.06674999999995634	TimeIntervals	Lick
830.195	0.09999999999990905	TimeIntervals	Lick
830.3285	0.10000000000002274	TimeIntervals	Lick
830.462	0.06649999999990541	TimeIntervals	Lick
830.562	0.10000000000013642	TimeIntervals	Lick
830.6952500000001	0.06674999999995634	TimeIntervals	Lick
830.7952500000001	0.09999999999990905	TimeIntervals	Lick
830.9285	0.09999999999990905	TimeIntervals	Lick
831.062	0.10000000000013642	TimeIntervals	Lick
831.1952500000001	0.1999999999999318	TimeIntervals	Lick
831.4285	0.10024999999995998	TimeIntervals	Lick
831.562	0.10000000000013642	TimeIntervals	Lick
831.6955000000002	0.09999999999990905	TimeIntervals	Lick
831.8620000000001	0.06674999999995634	TimeIntervals	Lick
835.8292500000001	0.033249999999952706	TimeIntervals	Lick
836.9295000000001	0.0665000000000191	TimeIntervals	Lick
840.2965	0.06700000000023465	TimeIntervals	Lick
844.49725	0.06674999999984266	TimeIntervals	Lick
845.9642499999999	0.10000000000002274	TimeIntervals	Lick
846.3642500000002	0.06674999999984266	TimeIntervals	Lick
849.3315	0.0665000000000191	TimeIntervals	Lick
849.4315	0.20000000000004547	TimeIntervals	Lick
849.66475	0.10000000000013642	TimeIntervals	Lick
849.7980000000001	0.1999999999999318	TimeIntervals	Lick
850.0315	0.06649999999990541	TimeIntervals	Lick
850.1315000000001	0.0665000000000191	TimeIntervals	Lick
850.2650000000001	0.06649999999990541	TimeIntervals	Lick
850.3650000000001	0.06649999999990541	TimeIntervals	Lick
850.465	0.20000000000004547	TimeIntervals	Lick
850.6315000000001	0.13350000000002638	TimeIntervals	Reward
850.69825	0.10000000000002274	TimeIntervals	Lick
850.8315	0.23349999999993543	TimeIntervals	Lick
851.09825	0.06675000000007003	TimeIntervals	Lick
851.2315000000001	0.06700000000000728	TimeIntervals	Lick
851.3317499999999	0.06675000000018372	TimeIntervals	Lick
851.5649999999999	0.10000000000013642	TimeIntervals	Lick
851.6985	0.10000000000013642	TimeIntervals	Lick
851.8317499999999	0.06675000000018372	TimeIntervals	Lick
851.9317500000001	0.10000000000002274	TimeIntervals	Lick
852.0649999999999	0.10000000000013642	TimeIntervals	Lick
852.23175	0.06675000000007003	TimeIntervals	Lick
852.3317499999999	0.10025000000007367	TimeIntervals	Lick
852.46525	0.10000000000002274	TimeIntervals	Lick
852.5985	0.06675000000007003	TimeIntervals	Lick
852.6985	0.10000000000013642	TimeIntervals	Lick
852.8320000000001	0.09999999999990905	TimeIntervals	Lick
852.96525	0.10000000000002274	TimeIntervals	Lick
853.0985	0.10000000000002274	TimeIntervals	Lick
853.2652500000003	0.06674999999984266	TimeIntervals	Lick
853.3985000000001	0.06699999999989359	TimeIntervals	Lick
853.532	0.10000000000002274	TimeIntervals	Lick
853.6655000000001	0.10000000000002274	TimeIntervals	Lick
853.79875	0.10000000000002274	TimeIntervals	Lick
853.932	0.10000000000002274	TimeIntervals	Lick
854.0655	0.10000000000002274	TimeIntervals	Lick
854.19875	0.10000000000002274	TimeIntervals	Lick
854.3320000000001	0.09999999999990905	TimeIntervals	Lick
854.4655	0.10000000000002274	TimeIntervals	Lick
854.6322500000001	0.06674999999984266	TimeIntervals	Lick
854.7655000000001	0.10000000000002274	TimeIntervals	Lick
854.93225	0.06675000000007003	TimeIntervals	Lick
855.0322500000001	0.10000000000002274	TimeIntervals	Lick
855.199	0.06650000000013279	TimeIntervals	Lick
855.33225	0.09999999999990905	TimeIntervals	Lick
855.499	0.0665000000000191	TimeIntervals	Lick
855.6322500000001	0.1002499999998463	TimeIntervals	Lick
856.7325	0.033500000000117325	TimeIntervals	Lick
858.3995000000001	0.06649999999990541	TimeIntervals	Lick
858.5660000000001	0.06674999999995634	TimeIntervals	Lick
858.73275	0.06675000000007003	TimeIntervals	Lick
858.8660000000002	0.06674999999984266	TimeIntervals	Lick
861.0665	0.06650000000013279	TimeIntervals	Lick
862.1999999999999	0.06650000000024647	TimeIntervals	Lick
865.634	0.10000000000002274	TimeIntervals	Lick
865.8672500000001	0.06674999999995634	TimeIntervals	Lick
865.9672499999999	0.06675000000007003	TimeIntervals	Lick
866.0672500000001	0.10000000000002274	TimeIntervals	Lick
866.2005	0.10000000000013642	TimeIntervals	Lick
866.3340000000002	0.06649999999990541	TimeIntervals	Lick
866.4340000000001	0.1999999999999318	TimeIntervals	Lick
866.6675	0.0665000000000191	TimeIntervals	Lick
866.7675	0.06650000000013279	TimeIntervals	Lick
866.8675000000002	0.29999999999984084	TimeIntervals	Lick
867.034	0.13350000000002638	TimeIntervals	Reward
867.2007500000001	0.36675000000002456	TimeIntervals	Lick
867.60075	0.06675000000007003	TimeIntervals	Lick
867.7007500000001	0.06674999999995634	TimeIntervals	Lick
867.8342500000001	0.06674999999984266	TimeIntervals	Lick
867.93425	0.10000000000002274	TimeIntervals	Lick
868.0675000000001	0.09999999999990905	TimeIntervals	Lick
868.201	0.0665000000000191	TimeIntervals	Lick
868.3010000000003	0.09999999999968168	TimeIntervals	Lick
868.4675	0.06675000000007003	TimeIntervals	Lick
868.5675000000001	0.09999999999990905	TimeIntervals	Lick
868.701	0.10000000000025011	TimeIntervals	Lick
868.8342500000001	0.06674999999984266	TimeIntervals	Lick
868.9345	0.10000000000002274	TimeIntervals	Lick
869.0677500000002	0.09999999999990905	TimeIntervals	Lick
869.201	0.06675000000007003	TimeIntervals	Lick
869.3010000000003	0.09999999999968168	TimeIntervals	Lick
869.4345	0.20000000000004547	TimeIntervals	Lick
869.6677500000001	0.1999999999999318	TimeIntervals	Lick
869.901	0.10024999999995998	TimeIntervals	Lick
870.0345	0.10000000000002274	TimeIntervals	Lick
870.168	0.10000000000002274	TimeIntervals	Lick
870.3012500000001	0.09999999999990905	TimeIntervals	Lick
870.4345	0.10000000000002274	TimeIntervals	Lick
870.6012499999999	0.10000000000013642	TimeIntervals	Lick
870.768	0.0665000000000191	TimeIntervals	Lick
870.868	0.09999999999990905	TimeIntervals	Lick
871.0012499999999	0.10025000000007367	TimeIntervals	Lick
871.4015	0.06649999999990541	TimeIntervals	Lick
871.8015000000001	0.19999999999970441	TimeIntervals	Lick
877.7025000000001	0.29999999999984084	TimeIntervals	Lick
878.03575	0.09999999999990905	TimeIntervals	Lick
878.469	0.10000000000002274	TimeIntervals	Lick
878.7025000000001	0.29999999999984084	TimeIntervals	Lick
879.036	0.16650000000015552	TimeIntervals	Lick
879.56925	0.36675000000002456	TimeIntervals	Lick
880.0695000000001	0.06649999999990541	TimeIntervals	Lick
880.1695	0.3664999999999736	TimeIntervals	Lick
880.5695000000001	0.5	TimeIntervals	Lick
881.103	0.3332500000000209	TimeIntervals	Lick
881.4695	0.26674999999988813	TimeIntervals	Lick
881.903	0.16675000000009277	TimeIntervals	Lick
882.403	0.23349999999993543	TimeIntervals	Lick
882.7030000000001	0.06674999999995634	TimeIntervals	Lick
882.8697500000002	0.03324999999983902	TimeIntervals	Lick
882.9697500000001	0.10000000000002274	TimeIntervals	Lick
883.103	0.06700000000000728	TimeIntervals	Lick
883.2032500000001	0.6667499999999791	TimeIntervals	Lick
883.9032500000001	0.09999999999990905	TimeIntervals	Lick
884.17	0.26674999999988813	TimeIntervals	Lick
884.53675	0.20000000000004547	TimeIntervals	Lick
884.8035000000002	0.29999999999984084	TimeIntervals	Lick
885.2035	0.06650000000013279	TimeIntervals	Lick
885.6035	0.2667500000001155	TimeIntervals	Lick
886.0035000000001	0.1334999999999127	TimeIntervals	Lick
886.3702500000002	0.133499999999799	TimeIntervals	Lick
886.5369999999999	0.10000000000013642	TimeIntervals	Lick
886.70375	0.10000000000013642	TimeIntervals	Lick
887.20375	0.1999999999999318	TimeIntervals	Lick
896.17175	0.0667500000002974	TimeIntervals	Lick
896.2717500000001	0.20024999999986903	TimeIntervals	Lick
896.5052500000002	0.06674999999984266	TimeIntervals	Lick
896.6052500000001	0.06674999999984266	TimeIntervals	Lick
896.7052500000001	0.06674999999995634	TimeIntervals	Lick
896.80525	0.10000000000013642	TimeIntervals	Lick
896.9385	0.06675000000018372	TimeIntervals	Lick
897.0385	0.06675000000007003	TimeIntervals	Lick
897.1385	0.06675000000007003	TimeIntervals	Lick
897.2385000000003	0.19999999999970441	TimeIntervals	Lick
897.3385	0.13350000000002638	TimeIntervals	Reward
897.472	0.2667500000001155	TimeIntervals	Lick
897.772	0.06674999999995634	TimeIntervals	Lick
897.8720000000002	0.06674999999972897	TimeIntervals	Lick
897.972	0.10000000000002274	TimeIntervals	Lick
898.1055	0.06649999999990541	TimeIntervals	Lick
898.2387500000001	0.06674999999995634	TimeIntervals	Lick
898.3720000000002	0.06674999999972897	TimeIntervals	Lick
898.472	0.10025000000007367	TimeIntervals	Lick
898.6055	0.10000000000002274	TimeIntervals	Lick
898.7390000000001	0.06649999999990541	TimeIntervals	Lick
898.8722500000001	0.09999999999990905	TimeIntervals	Lick
899.0055000000001	0.06674999999995634	TimeIntervals	Lick
899.1055	0.10000000000002274	TimeIntervals	Lick
899.2390000000001	0.09999999999990905	TimeIntervals	Lick
899.3722500000001	0.1999999999999318	TimeIntervals	Lick
899.6055	0.10025000000007367	TimeIntervals	Lick
899.7390000000001	0.09999999999990905	TimeIntervals	Lick
899.8725000000003	0.09999999999956799	TimeIntervals	Lick
900.0057500000001	0.09999999999990905	TimeIntervals	Lick
900.1390000000001	0.10000000000002274	TimeIntervals	Lick
900.2725000000002	0.23324999999999818	TimeIntervals	Lick
900.539	0.10000000000013642	TimeIntervals	Lick
900.7057500000001	0.06675000000007003	TimeIntervals	Lick
900.83925	0.06675000000007003	TimeIntervals	Lick
900.9724999999999	0.06675000000007003	TimeIntervals	Lick
903.573	0.10000000000002274	TimeIntervals	Lick
903.673	0.03325000000006639	TimeIntervals	Reward
904.1065000000001	0.09999999999990905	TimeIntervals	Lick
904.23975	0.2667500000000018	TimeIntervals	Lick
904.53975	0.10000000000013642	TimeIntervals	Lick
904.673	0.20000000000015916	TimeIntervals	Lick
904.9065000000002	0.09999999999979536	TimeIntervals	Lick
905.03975	0.06675000000007003	TimeIntervals	Lick
905.1400000000001	0.09999999999990905	TimeIntervals	Lick
905.2732500000002	0.09999999999990905	TimeIntervals	Lick
905.4065000000002	0.06674999999984266	TimeIntervals	Lick
905.5065	0.10000000000013642	TimeIntervals	Lick
905.6400000000001	0.09999999999990905	TimeIntervals	Lick
905.7732500000002	0.09999999999990905	TimeIntervals	Lick
905.9065000000002	0.09999999999979536	TimeIntervals	Lick
906.24	0.06675000000007003	TimeIntervals	Lick
906.3400000000001	0.133499999999799	TimeIntervals	Lick
906.54	0.06675000000007003	TimeIntervals	Lick
906.6400000000001	0.09999999999990905	TimeIntervals	Lick
907.1735	0.0665000000000191	TimeIntervals	Lick
911.1407500000001	0.09999999999990905	TimeIntervals	Lick
911.2740000000001	0.10000000000002274	TimeIntervals	Lick
911.4075	0.10000000000002274	TimeIntervals	Lick
911.54075	0.10000000000013642	TimeIntervals	Lick
911.6740000000001	0.06699999999989359	TimeIntervals	Lick
911.7742500000003	0.09999999999979536	TimeIntervals	Lick
911.9075	0.06674999999995634	TimeIntervals	Lick
912.0075	0.06674999999995634	TimeIntervals	Lick
912.1075	0.10000000000002274	TimeIntervals	Lick
912.241	0.20000000000004547	TimeIntervals	Lick
912.47425	0.20000000000004547	TimeIntervals	Lick
912.6410000000001	0.06649999999990541	TimeIntervals	Reward
912.7075	0.0667500000002974	TimeIntervals	Lick
912.8075000000001	0.10024999999995998	TimeIntervals	Lick
912.941	0.06675000000007003	TimeIntervals	Lick
913.041	0.06674999999995634	TimeIntervals	Lick
913.1410000000001	0.09999999999990905	TimeIntervals	Lick
913.2745000000002	0.09999999999990905	TimeIntervals	Lick
913.4077500000001	0.1999999999999318	TimeIntervals	Lick
913.6410000000001	0.09999999999990905	TimeIntervals	Lick
913.7745000000002	0.1999999999999318	TimeIntervals	Lick
914.0080000000002	0.06649999999990541	TimeIntervals	Lick
914.1412500000001	0.06674999999984266	TimeIntervals	Lick
914.24125	0.09999999999990905	TimeIntervals	Lick
914.3745000000001	0.10000000000002274	TimeIntervals	Lick
914.5080000000002	0.1999999999998181	TimeIntervals	Lick
914.7745000000002	0.06674999999972897	TimeIntervals	Lick
914.9080000000001	0.0665000000000191	TimeIntervals	Lick
917.7085	0.10000000000013642	TimeIntervals	Lick
923.60925	0.10000000000002274	TimeIntervals	Lick
923.7425000000002	0.10024999999995998	TimeIntervals	Lick
923.8760000000002	0.09999999999979536	TimeIntervals	Lick
924.0095	0.20000000000004547	TimeIntervals	Lick
924.24275	0.10000000000013642	TimeIntervals	Lick
924.3760000000002	0.09999999999979536	TimeIntervals	Lick
924.5095	0.0665000000000191	TimeIntervals	Lick
924.6094999999999	0.06650000000036016	TimeIntervals	Lick
924.7095	0.1999999999999318	TimeIntervals	Lick
924.943	0.20000000000004547	TimeIntervals	Lick
925.0095	0.06675000000007003	TimeIntervals	Reward
925.1762500000001	0.1999999999999318	TimeIntervals	Lick
925.4095	0.06674999999995634	TimeIntervals	Lick
925.5095	0.09999999999990905	TimeIntervals	Lick
925.643	0.4335000000000946	TimeIntervals	Lick
926.143	0.06674999999995634	TimeIntervals	Lick
926.243	0.23349999999993543	TimeIntervals	Lick
926.50975	0.10000000000002274	TimeIntervals	Lick
926.643	0.06674999999995634	TimeIntervals	Lick
926.743	0.09999999999990905	TimeIntervals	Lick
926.90975	0.06674999999995634	TimeIntervals	Lick
927.00975	0.10024999999995998	TimeIntervals	Lick
927.1432500000001	0.1999999999999318	TimeIntervals	Lick
927.3765000000002	0.09999999999979536	TimeIntervals	Lick
927.51	0.06650000000013279	TimeIntervals	Lick
927.61	0.10000000000013642	TimeIntervals	Lick
927.7432500000001	0.09999999999990905	TimeIntervals	Lick
927.8765000000002	0.09999999999979536	TimeIntervals	Lick
928.0432500000001	0.06674999999995634	TimeIntervals	Lick
928.1765000000001	0.06699999999989359	TimeIntervals	Lick
928.27675	0.13324999999997544	TimeIntervals	Lick
928.4767499999999	0.06675000000007003	TimeIntervals	Lick
928.6435	0.06650000000013279	TimeIntervals	Lick
929.1767500000002	0.09999999999979536	TimeIntervals	Lick
933.1107499999999	0.10000000000025011	TimeIntervals	Lick
933.5107499999999	0.10000000000002274	TimeIntervals	Lick
934.7110000000001	0.10000000000002274	TimeIntervals	Lick
936.978	0.06675000000007003	TimeIntervals	Lick
937.2115000000001	0.06649999999990541	TimeIntervals	Lick
941.8787500000002	0.06674999999972897	TimeIntervals	Lick
941.9787500000001	0.1999999999999318	TimeIntervals	Lick
942.2120000000002	0.09999999999979536	TimeIntervals	Lick
942.3455000000001	0.29999999999984084	TimeIntervals	Lick
942.6790000000001	0.0665000000000191	TimeIntervals	Lick
942.8122500000001	0.06675000000007003	TimeIntervals	Lick
942.91225	0.06675000000018372	TimeIntervals	Lick
943.01225	0.10000000000013642	TimeIntervals	Lick
943.1455	0.06675000000007003	TimeIntervals	Lick
943.2455000000001	0.13350000000002638	TimeIntervals	Reward
943.2455000000001	0.06674999999995634	TimeIntervals	Lick
943.3455000000001	0.4002499999999145	TimeIntervals	Lick
943.7790000000001	0.06675000000007003	TimeIntervals	Lick
943.8790000000001	0.10000000000002274	TimeIntervals	Lick
944.0124999999999	0.06650000000024647	TimeIntervals	Lick
944.14575	0.06675000000018372	TimeIntervals	Lick
944.24575	0.10000000000013642	TimeIntervals	Lick
944.3790000000001	0.10000000000002274	TimeIntervals	Lick
944.5457499999999	0.06675000000018372	TimeIntervals	Lick
944.64575	0.10025000000007367	TimeIntervals	Lick
944.77925	0.10000000000002274	TimeIntervals	Lick
944.9124999999999	0.20000000000015916	TimeIntervals	Lick
945.146	0.10000000000013642	TimeIntervals	Lick
945.27925	0.10000000000002274	TimeIntervals	Lick
945.4124999999999	0.10000000000002274	TimeIntervals	Lick
945.5459999999999	0.10000000000002274	TimeIntervals	Lick
945.6792500000001	0.10024999999995998	TimeIntervals	Lick
945.8127499999999	0.10000000000002274	TimeIntervals	Lick
945.9459999999999	0.10000000000002274	TimeIntervals	Lick
946.0795000000002	0.09999999999990905	TimeIntervals	Lick
946.2127500000001	0.09999999999979536	TimeIntervals	Lick
946.3795000000001	0.06649999999979173	TimeIntervals	Lick
946.5127499999999	0.03325000000006639	TimeIntervals	Lick
956.4142499999999	0.16675000000009277	TimeIntervals	Lick
956.6142500000001	0.06674999999995634	TimeIntervals	Lick
956.71425	0.10025000000007367	TimeIntervals	Lick
956.8477500000001	0.06674999999995634	TimeIntervals	Lick
956.9477499999999	0.10000000000002274	TimeIntervals	Lick
957.081	0.06675000000007003	TimeIntervals	Lick
957.181	0.0667500000002974	TimeIntervals	Lick
957.2810000000001	0.1999999999999318	TimeIntervals	Lick
957.5145	0.0665000000000191	TimeIntervals	Lick
957.54775	0.06675000000007003	TimeIntervals	Reward
957.6145	0.10000000000002274	TimeIntervals	Lick
957.7477500000003	0.06674999999972897	TimeIntervals	Lick
957.8477500000001	0.06674999999995634	TimeIntervals	Lick
957.948	0.10000000000002274	TimeIntervals	Lick
958.0812500000001	0.20000000000004547	TimeIntervals	Lick
958.3145000000001	0.10000000000002274	TimeIntervals	Lick
958.448	0.10000000000002274	TimeIntervals	Lick
958.5812500000001	0.06675000000007003	TimeIntervals	Lick
958.68125	0.20000000000015916	TimeIntervals	Lick
958.9145000000001	0.10025000000007367	TimeIntervals	Lick
959.048	0.06674999999995634	TimeIntervals	Lick
959.1480000000001	0.10000000000002274	TimeIntervals	Lick
959.2815000000002	0.09999999999990905	TimeIntervals	Lick
959.41475	0.10000000000013642	TimeIntervals	Lick
959.548	0.06674999999995634	TimeIntervals	Lick
959.6480000000001	0.10000000000002274	TimeIntervals	Lick
959.7815000000002	0.09999999999990905	TimeIntervals	Lick
959.91475	0.10000000000013642	TimeIntervals	Lick
960.048	0.10025000000018736	TimeIntervals	Lick
960.1815	0.10000000000013642	TimeIntervals	Lick
960.315	0.09999999999990905	TimeIntervals	Lick
960.4815000000001	0.06674999999984266	TimeIntervals	Lick
960.615	0.0665000000000191	TimeIntervals	Lick
961.0482499999999	0.06675000000007003	TimeIntervals	Lick
968.0827499999999	0.10000000000002274	TimeIntervals	Lick
970.7497500000001	0.03325000000006639	TimeIntervals	Lick
977.15075	0.06675000000007003	TimeIntervals	Lick
986.5854999999999	0.06675000000018372	TimeIntervals	Lick
986.6855000000002	0.20000000000015916	TimeIntervals	Lick
986.9190000000001	0.1999999999999318	TimeIntervals	Lick
987.1522500000001	0.06675000000007003	TimeIntervals	Lick
987.25225	0.0667500000002974	TimeIntervals	Lick
987.35225	0.06675000000007003	TimeIntervals	Lick
987.4522500000002	0.1002499999998463	TimeIntervals	Lick
987.5857500000002	0.06674999999984266	TimeIntervals	Lick
987.6857500000001	0.06675000000007003	TimeIntervals	Lick
987.7857500000001	0.06674999999995634	TimeIntervals	Lick
987.8525000000001	0.0665000000000191	TimeIntervals	Reward
987.88575	0.09999999999979536	TimeIntervals	Lick
988.019	0.3000000000002956	TimeIntervals	Lick
988.3525000000001	0.0665000000000191	TimeIntervals	Lick
988.4525000000001	0.09999999999990905	TimeIntervals	Lick
988.5857500000002	0.06674999999984266	TimeIntervals	Lick
988.686	0.1999999999998181	TimeIntervals	Lick
988.91925	0.06674999999984266	TimeIntervals	Lick
989.01925	0.20000000000004547	TimeIntervals	Lick
989.2525000000002	0.06675000000007003	TimeIntervals	Lick
989.3859999999999	0.06650000000024647	TimeIntervals	Lick
989.4859999999999	0.20000000000015916	TimeIntervals	Lick
989.7192500000001	0.3334999999998445	TimeIntervals	Lick
990.086	0.2335000000001628	TimeIntervals	Lick
990.35275	0.10000000000025011	TimeIntervals	Lick
994.22	0.06675000000018372	TimeIntervals	Lick
994.4535000000002	0.10000000000002274	TimeIntervals	Lick
994.6200000000001	0.06674999999995634	TimeIntervals	Lick
995.0867500000003	0.06674999999984266	TimeIntervals	Reward
995.8202500000001	0.1999999999999318	TimeIntervals	Lick
996.0535000000002	0.16675000000009277	TimeIntervals	Lick
996.2534999999999	0.2002500000002101	TimeIntervals	Lick
996.487	0.20000000000015916	TimeIntervals	Lick
996.7205000000001	0.0665000000000191	TimeIntervals	Lick
996.8205000000002	0.09999999999968168	TimeIntervals	Lick
996.9537500000001	0.09999999999990905	TimeIntervals	Lick
997.0870000000002	0.09999999999990905	TimeIntervals	Lick
997.2205000000001	0.10000000000002274	TimeIntervals	Lick
997.3537500000001	0.10024999999995998	TimeIntervals	Lick
997.4872500000001	0.10000000000025011	TimeIntervals	Lick
997.6205	0.10000000000013642	TimeIntervals	Lick
997.7539999999999	0.10000000000025011	TimeIntervals	Lick
997.88725	0.10000000000013642	TimeIntervals	Lick
998.0204999999999	0.10000000000013642	TimeIntervals	Lick
998.38725	0.06675000000007003	TimeIntervals	Lick
998.5204999999999	0.10025000000018736	TimeIntervals	Lick
998.6875	0.06649999999990541	TimeIntervals	Lick
1003.8547500000002	0.06674999999961528	TimeIntervals	Lick
1003.95475	0.06674999999995634	TimeIntervals	Lick
1004.055	0.10000000000002274	TimeIntervals	Lick
1004.1882500000002	0.09999999999979536	TimeIntervals	Lick
1004.3215	0.06675000000007003	TimeIntervals	Lick
1004.4214999999998	0.06675000000041109	TimeIntervals	Lick
1004.5215	0.0667500000002974	TimeIntervals	Lick
1004.655	0.06650000000036016	TimeIntervals	Lick
1004.7550000000001	0.10000000000013642	TimeIntervals	Lick
1004.8882500000001	0.06674999999995634	TimeIntervals	Lick
1004.9882500000002	0.06674999999972897	TimeIntervals	Lick
1005.0882500000002	0.20024999999964166	TimeIntervals	Lick
1005.2550000000001	0.10000000000013642	TimeIntervals	Reward
1005.3217500000002	0.06674999999984266	TimeIntervals	Lick
1005.4217499999997	0.36675000000013824	TimeIntervals	Lick
1005.8217500000002	0.09999999999956799	TimeIntervals	Lick
1005.955	0.06674999999984266	TimeIntervals	Lick
1006.055	0.10000000000002274	TimeIntervals	Lick
1006.1885000000002	0.06674999999984266	TimeIntervals	Lick
1006.3220000000001	0.19999999999970441	TimeIntervals	Lick
1006.55525	0.10000000000013642	TimeIntervals	Lick
1006.6885000000002	0.09999999999968168	TimeIntervals	Lick
1006.8220000000001	0.09999999999990905	TimeIntervals	Lick
1006.9885	0.06674999999995634	TimeIntervals	Lick
1007.0885000000002	0.10000000000002274	TimeIntervals	Lick
1007.2220000000002	0.1999999999998181	TimeIntervals	Lick
1007.4555	0.10000000000002274	TimeIntervals	Lick
1007.58875	0.1999999999999318	TimeIntervals	Lick
1007.8220000000001	0.09999999999990905	TimeIntervals	Lick
1007.9555	0.10000000000002274	TimeIntervals	Lick
1008.08875	0.1999999999999318	TimeIntervals	Lick
1008.3220000000001	0.09999999999990905	TimeIntervals	Lick
1008.4555	0.10000000000002274	TimeIntervals	Lick
1008.6222500000001	0.06674999999984266	TimeIntervals	Lick
1008.8555000000001	0.06674999999984266	TimeIntervals	Lick
1014.6897499999999	0.06675000000041109	TimeIntervals	Lick
1014.8230000000001	0.09999999999990905	TimeIntervals	Lick
1018.0235	0.10000000000002274	TimeIntervals	Lick
1021.224	0.06675000000007003	TimeIntervals	Lick
1022.4575	0.0667500000002974	TimeIntervals	Lick
1022.5575000000001	0.09999999999990905	TimeIntervals	Lick
1022.6909999999999	0.06675000000018372	TimeIntervals	Lick
1022.791	0.10000000000013642	TimeIntervals	Lick
1022.9245	0.0665000000000191	TimeIntervals	Lick
1023.0245000000002	0.06649999999990541	TimeIntervals	Lick
1023.1245000000001	0.10000000000002274	TimeIntervals	Lick
1023.2577500000001	0.06674999999995634	TimeIntervals	Lick
1023.35775	0.06674999999995634	TimeIntervals	Lick
1023.491	0.06674999999995634	TimeIntervals	Lick
1023.5577499999999	0.13324999999997544	TimeIntervals	Reward
1023.5910000000001	0.06675000000018372	TimeIntervals	Lick
1023.6909999999999	0.4002500000000282	TimeIntervals	Lick
1024.1245	0.06674999999995634	TimeIntervals	Lick
1024.2245	0.09999999999990905	TimeIntervals	Lick
1024.3580000000002	0.10000000000013642	TimeIntervals	Lick
1024.4912500000003	0.06674999999972897	TimeIntervals	Lick
1024.59125	0.09999999999990905	TimeIntervals	Lick
1024.7245	0.09999999999990905	TimeIntervals	Lick
1024.8580000000002	0.06674999999995634	TimeIntervals	Lick
1024.9915000000003	0.06649999999967804	TimeIntervals	Lick
1025.12475	0.06674999999995634	TimeIntervals	Lick
1025.258	0.06674999999995634	TimeIntervals	Lick
1025.3915000000002	0.06650000000013279	TimeIntervals	Lick
1025.52475	0.06674999999995634	TimeIntervals	Lick
1025.62475	0.10000000000013642	TimeIntervals	Lick
1025.758	0.20000000000027285	TimeIntervals	Lick
1025.9915000000003	0.09999999999968168	TimeIntervals	Lick
1026.125	0.10000000000013642	TimeIntervals	Lick
1026.2582500000003	0.23324999999999818	TimeIntervals	Lick
1026.5249999999999	0.10000000000013642	TimeIntervals	Lick
1026.65825	0.1000000000003638	TimeIntervals	Lick
1026.7915	0.10000000000013642	TimeIntervals	Lick
1026.9250000000002	0.09999999999968168	TimeIntervals	Lick
1027.0582499999998	0.10025000000018736	TimeIntervals	Lick
1027.19175	0.1000000000003638	TimeIntervals	Lick
1027.3585	0.06650000000013279	TimeIntervals	Lick
1027.4917500000001	0.09999999999990905	TimeIntervals	Lick
1027.6585	0.10000000000013642	TimeIntervals	Lick
1027.8249999999998	0.06675000000018372	TimeIntervals	Lick
1027.9917500000001	0.06674999999995634	TimeIntervals	Lick
1028.3585	0.10000000000013642	TimeIntervals	Lick
1031.2255	0.06674999999995634	TimeIntervals	Lick
1031.7590000000002	0.06674999999972897	TimeIntervals	Lick
1043.7275	0.10000000000013642	TimeIntervals	Lick
1045.7610000000002	0.10024999999973261	TimeIntervals	Lick
1046.8945	0.10024999999995998	TimeIntervals	Lick
1047.0280000000002	0.0999999999994543	TimeIntervals	Lick
1052.529	0.06649999999967804	TimeIntervals	Lick
1052.629	0.09999999999990905	TimeIntervals	Lick
1052.76225	0.06674999999995634	TimeIntervals	Lick
1052.8955000000003	0.06674999999972897	TimeIntervals	Lick
1052.9955	0.06674999999995634	TimeIntervals	Lick
1053.0954999999997	0.1000000000003638	TimeIntervals	Lick
1053.2289999999998	0.10000000000013642	TimeIntervals	Lick
1053.3622500000001	0.06675000000018372	TimeIntervals	Lick
1053.4625	0.06649999999990541	TimeIntervals	Lick
1053.5625	0.06649999999990541	TimeIntervals	Lick
1053.69575	0.06674999999972897	TimeIntervals	Lick
1053.7957500000002	0.06674999999995634	TimeIntervals	Lick
1053.8625000000002	0.13324999999986176	TimeIntervals	Reward
1053.89575	0.10000000000013642	TimeIntervals	Lick
1054.029	0.36674999999991087	TimeIntervals	Lick
1054.4290000000003	0.06674999999972897	TimeIntervals	Lick
1054.529	0.06700000000000728	TimeIntervals	Lick
1054.6624999999997	0.06675000000041109	TimeIntervals	Lick
1054.7624999999998	0.1000000000003638	TimeIntervals	Lick
1054.896	0.1000000000003638	TimeIntervals	Lick
1055.02925	0.06674999999995634	TimeIntervals	Lick
1055.12925	0.10000000000013642	TimeIntervals	Lick
1055.2624999999998	0.1000000000003638	TimeIntervals	Lick
1055.4292500000001	0.06675000000018372	TimeIntervals	Lick
1055.52925	0.09999999999990905	TimeIntervals	Lick
1055.6624999999997	0.10025000000018736	TimeIntervals	Lick
1055.796	0.09999999999990905	TimeIntervals	Lick
1055.9627500000001	0.06674999999972897	TimeIntervals	Lick
1056.0627500000003	0.0999999999994543	TimeIntervals	Lick
1056.1960000000001	0.06674999999972897	TimeIntervals	Lick
1056.296	0.09999999999990905	TimeIntervals	Lick
1056.4295000000002	0.09999999999968168	TimeIntervals	Lick
1056.5627500000003	0.0999999999994543	TimeIntervals	Lick
1056.6960000000001	0.20024999999986903	TimeIntervals	Lick
1056.9295000000002	0.09999999999968168	TimeIntervals	Lick
1057.0630000000003	0.0999999999994543	TimeIntervals	Lick
1057.19625	0.10000000000013642	TimeIntervals	Lick
1057.3294999999998	0.1000000000003638	TimeIntervals	Lick
1057.4962500000001	0.09999999999990905	TimeIntervals	Lick
1057.6294999999998	0.06675000000018372	TimeIntervals	Lick
1057.763	0.2335000000002765	TimeIntervals	Lick
1067.5977500000001	0.06674999999995634	TimeIntervals	Lick
1072.7320000000002	0.06649999999990541	TimeIntervals	Lick
1072.8652499999998	0.06675000000018372	TimeIntervals	Lick
1072.9985	0.10000000000013642	TimeIntervals	Lick
1073.16525	0.06675000000018372	TimeIntervals	Lick
1077.7327500000001	0.06674999999995634	TimeIntervals	Lick
1080.09975	0.06674999999972897	TimeIntervals	Lick
1080.19975	0.20000000000004547	TimeIntervals	Lick
1080.433	0.1999999999998181	TimeIntervals	Lick
1080.6664999999998	0.06650000000036016	TimeIntervals	Lick
1080.7665000000002	0.06649999999967804	TimeIntervals	Lick
1080.8665	0.1999999999998181	TimeIntervals	Lick
1081.1	0.06649999999990541	TimeIntervals	Lick
1081.1999999999998	0.1000000000003638	TimeIntervals	Lick
1081.2332500000002	0.06674999999995634	TimeIntervals	Reward
1081.33325	0.06674999999995634	TimeIntervals	Lick
1081.43325	0.20000000000004547	TimeIntervals	Lick
1081.6664999999998	0.06675000000041109	TimeIntervals	Lick
1081.7665000000002	0.1999999999998181	TimeIntervals	Lick
1082.0000000000002	0.09999999999968168	TimeIntervals	Lick
1082.1335	0.10000000000013642	TimeIntervals	Lick
1082.26675	0.06674999999995634	TimeIntervals	Lick
1082.3667500000001	0.09999999999990905	TimeIntervals	Lick
1082.5000000000002	0.09999999999968168	TimeIntervals	Lick
1082.6335	0.06649999999990541	TimeIntervals	Lick
1082.7335	0.20000000000004547	TimeIntervals	Lick
1083.0000000000002	0.06674999999972897	TimeIntervals	Lick
1083.1	0.30025000000023283	TimeIntervals	Lick
1083.4335	0.09999999999990905	TimeIntervals	Lick
1083.567	0.09999999999968168	TimeIntervals	Lick
1083.7002499999999	0.10000000000013642	TimeIntervals	Lick
1083.8335	0.10000000000013642	TimeIntervals	Lick
1083.9669999999999	0.10000000000013642	TimeIntervals	Lick
1084.1335	0.06674999999995634	TimeIntervals	Lick
1084.5005	0.06649999999990541	TimeIntervals	Lick
1096.06875	0.06675000000041109	TimeIntervals	Lick
1100.8695	0.09999999999990905	TimeIntervals	Lick
1107.4705000000001	0.06674999999995634	TimeIntervals	Lick
1109.1375000000003	0.06649999999990541	TimeIntervals	Lick
1109.8374999999999	0.06675000000041109	TimeIntervals	Lick
1112.938	0.033499999999776264	TimeIntervals	Lick
