onset	duration	nwb_table	event_type
4.619500000000001	0.06674999999999809	TimeIntervals	Lick
5.053	0.13324999999999942	TimeIntervals	Lick
6.0865	0.09999999999999964	TimeIntervals	Lick
6.2865	0.09999999999999964	TimeIntervals	Lick
7.353249999999999	0.03325000000000067	TimeIntervals	Lick
7.620000000000001	0.03324999999999978	TimeIntervals	Lick
7.7532499999999995	0.03325000000000067	TimeIntervals	Lick
8.020000000000001	0.06674999999999898	TimeIntervals	Lick
8.186749999999998	0.06675000000000253	TimeIntervals	Lick
8.42	0.06675000000000075	TimeIntervals	Lick
9.053500000000001	0.06674999999999898	TimeIntervals	Lick
9.1535	0.06675000000000253	TimeIntervals	Lick
10.587000000000003	0.13349999999999795	TimeIntervals	Lick
11.28725	0.10000000000000142	TimeIntervals	Lick
11.4205	0.09999999999999787	TimeIntervals	Lick
11.587250000000001	0.1667500000000004	TimeIntervals	Lick
11.820500000000001	0.06675000000000075	TimeIntervals	Lick
11.9205	0.09999999999999787	TimeIntervals	Lick
12.054	0.09999999999999964	TimeIntervals	Reward
12.087250000000003	0.0667499999999972	TimeIntervals	Lick
12.1875	0.3000000000000025	TimeIntervals	Lick
12.52075	0.06675000000000253	TimeIntervals	Lick
12.620750000000001	0.10000000000000142	TimeIntervals	Lick
12.754000000000001	0.1999999999999993	TimeIntervals	Lick
12.987500000000002	0.09999999999999787	TimeIntervals	Lick
13.120750000000001	0.20025000000000048	TimeIntervals	Lick
13.354250000000002	0.09999999999999787	TimeIntervals	Lick
13.487500000000002	0.0667499999999972	TimeIntervals	Lick
13.5875	0.09999999999999964	TimeIntervals	Lick
13.721000000000004	0.09999999999999787	TimeIntervals	Lick
13.854250000000002	0.09999999999999787	TimeIntervals	Lick
13.987500000000002	0.09999999999999787	TimeIntervals	Lick
14.121	0.20000000000000107	TimeIntervals	Lick
14.354250000000002	0.10024999999999906	TimeIntervals	Lick
14.487750000000002	0.09999999999999787	TimeIntervals	Lick
14.621	0.1000000000000032	TimeIntervals	Lick
14.7545	0.1332500000000003	TimeIntervals	Lick
14.921	0.23350000000000115	TimeIntervals	Lick
15.18775	0.10000000000000142	TimeIntervals	Lick
15.321000000000002	0.09999999999999609	TimeIntervals	Lick
15.454500000000001	0.06675000000000075	TimeIntervals	Lick
15.588000000000003	0.06649999999999778	TimeIntervals	Lick
15.888000000000002	0.09999999999999964	TimeIntervals	Lick
16.221249999999998	0.2667500000000018	TimeIntervals	Lick
16.6215	0.06649999999999778	TimeIntervals	Lick
16.7215	0.13325000000000387	TimeIntervals	Lick
16.988	0.06674999999999898	TimeIntervals	Lick
17.1215	0.09999999999999787	TimeIntervals	Lick
17.288	0.10000000000000142	TimeIntervals	Lick
17.45475	0.06675000000000253	TimeIntervals	Lick
17.65475	0.06674999999999898	TimeIntervals	Lick
17.8215	0.10000000000000142	TimeIntervals	Lick
18.021500000000003	0.06674999999999542	TimeIntervals	Lick
18.555	0.06650000000000134	TimeIntervals	Lick
18.9885	0.033250000000002444	TimeIntervals	Lick
20.2885	0.06675000000000253	TimeIntervals	Lick
20.721999999999998	0.10000000000000497	TimeIntervals	Lick
21.221999999999998	0.06674999999999898	TimeIntervals	Lick
22.089	0.10000000000000142	TimeIntervals	Lick
22.788999999999998	0.10000000000000497	TimeIntervals	Lick
23.8225	0.06649999999999778	TimeIntervals	Lick
24.456000000000007	0.09999999999999432	TimeIntervals	Lick
24.7225	0.10000000000000142	TimeIntervals	Lick
25.3225	0.10025000000000261	TimeIntervals	Lick
25.489500000000003	0.06649999999999778	TimeIntervals	Lick
25.5895	0.13324999999999676	TimeIntervals	Lick
25.7895	0.06650000000000489	TimeIntervals	Lick
25.922750000000004	0.06674999999999898	TimeIntervals	Lick
27.456250000000004	0.06674999999999898	TimeIntervals	Lick
27.723	0.1335000000000015	TimeIntervals	Lick
29.79	0.06674999999999898	TimeIntervals	Lick
31.523500000000002	0.10000000000000497	TimeIntervals	Lick
33.02375	0.10025000000000261	TimeIntervals	Lick
33.157250000000005	0.23324999999999818	TimeIntervals	Lick
33.624	0.3332499999999996	TimeIntervals	Lick
34.023999999999994	0.23350000000001359	TimeIntervals	Lick
34.29075	0.1667500000000004	TimeIntervals	Lick
34.524	0.13350000000000506	TimeIntervals	Lick
34.75750000000001	0.5334999999999965	TimeIntervals	Lick
35.3575	0.46675000000000466	TimeIntervals	Lick
35.891	0.19999999999999574	TimeIntervals	Lick
36.12425	0.10000000000000142	TimeIntervals	Lick
36.591	0.06674999999999898	TimeIntervals	Lick
36.724500000000006	0.09999999999999432	TimeIntervals	Lick
36.85775	0.09999999999998721	TimeIntervals	Lick
36.991	0.10000000000000142	TimeIntervals	Lick
37.15775	0.09999999999999432	TimeIntervals	Lick
37.291000000000004	0.09999999999999432	TimeIntervals	Lick
37.35775	0.09999999999998721	TimeIntervals	Reward
37.4245	0.36674999999999613	TimeIntervals	Lick
37.8245	0.20000000000000284	TimeIntervals	Lick
38.058	0.20000000000000284	TimeIntervals	Lick
38.29125	0.10000000000000853	TimeIntervals	Lick
38.4245	0.10000000000000142	TimeIntervals	Lick
38.558	0.06675000000000608	TimeIntervals	Lick
38.658	0.23349999999999937	TimeIntervals	Lick
38.924749999999996	0.3332500000000067	TimeIntervals	Lick
39.2915	0.633499999999998	TimeIntervals	Lick
39.95825	0.10000000000000142	TimeIntervals	Lick
40.0915	0.09999999999999432	TimeIntervals	Lick
40.22500000000001	0.6000000000000014	TimeIntervals	Lick
40.85850000000001	0.09999999999999432	TimeIntervals	Lick
41.22500000000001	0.10000000000000142	TimeIntervals	Lick
41.425000000000004	0.06674999999999898	TimeIntervals	Lick
41.5585	0.06649999999999778	TimeIntervals	Lick
42.72525	0.10000000000000142	TimeIntervals	Lick
43.85875000000001	0.09999999999999432	TimeIntervals	Lick
43.992	0.06700000000000017	TimeIntervals	Lick
44.49225	0.1667500000000075	TimeIntervals	Lick
44.859	0.3335000000000008	TimeIntervals	Lick
46.95925	0.06675000000000608	TimeIntervals	Lick
47.5595	0.06649999999999778	TimeIntervals	Lick
47.99275	0.1667500000000004	TimeIntervals	Lick
49.393	0.10000000000000142	TimeIntervals	Lick
49.65975	0.06674999999999898	TimeIntervals	Lick
49.993	0.06675000000000608	TimeIntervals	Lick
50.1265	0.1665000000000063	TimeIntervals	Lick
54.527	0.06674999999999898	TimeIntervals	Lick
55.19400000000001	0.06649999999998357	TimeIntervals	Lick
55.32725	0.10000000000000142	TimeIntervals	Lick
55.4605	0.19999999999999574	TimeIntervals	Lick
55.69400000000001	0.09999999999999432	TimeIntervals	Lick
55.82725	0.23324999999999818	TimeIntervals	Lick
56.127250000000004	0.06675000000000608	TimeIntervals	Lick
56.227500000000006	0.09999999999999432	TimeIntervals	Lick
56.36075	0.09999999999999432	TimeIntervals	Lick
56.494	0.06675000000000608	TimeIntervals	Lick
56.6275	0.066500000000012	TimeIntervals	Lick
56.727500000000006	0.13324999999999676	TimeIntervals	Lick
56.894000000000005	0.09999999999998721	TimeIntervals	Lick
57.0275	0.09999999999999432	TimeIntervals	Lick
57.19400000000001	0.06699999999999307	TimeIntervals	Lick
57.294250000000005	0.09999999999998721	TimeIntervals	Lick
57.4275	0.10000000000000142	TimeIntervals	Lick
58.660999999999994	0.2667500000000018	TimeIntervals	Lick
60.2945	0.09999999999999432	TimeIntervals	Lick
62.961749999999995	0.10000000000000142	TimeIntervals	Lick
63.961999999999996	0.06649999999999778	TimeIntervals	Lick
66.6955	0.10000000000000853	TimeIntervals	Lick
66.829	0.20000000000000284	TimeIntervals	Lick
67.0955	0.06699999999997885	TimeIntervals	Lick
67.19575	0.09999999999999432	TimeIntervals	Lick
67.36250000000001	0.06649999999999068	TimeIntervals	Lick
67.46250000000002	0.0999999999999801	TimeIntervals	Lick
67.59575000000001	0.06674999999997056	TimeIntervals	Lick
67.66249999999998	0.10000000000002274	TimeIntervals	Reward
67.69575	0.8667499999999961	TimeIntervals	Lick
68.596	0.10000000000000853	TimeIntervals	Lick
68.72925	0.20000000000000284	TimeIntervals	Lick
68.96250000000002	0.19999999999998863	TimeIntervals	Lick
69.19600000000001	0.09999999999999432	TimeIntervals	Lick
69.32949999999998	0.10000000000002274	TimeIntervals	Lick
69.46275000000001	0.3332499999999925	TimeIntervals	Lick
69.82949999999998	0.10000000000002274	TimeIntervals	Lick
69.96275000000001	0.0999999999999801	TimeIntervals	Lick
70.096	0.10000000000000853	TimeIntervals	Lick
70.2295	0.0999999999999801	TimeIntervals	Lick
70.396	0.03350000000000364	TimeIntervals	Lick
70.49625	0.06674999999998477	TimeIntervals	Lick
70.66300000000001	0.06649999999999068	TimeIntervals	Lick
71.16300000000001	0.23324999999999818	TimeIntervals	Lick
72.49650000000003	0.0999999999999801	TimeIntervals	Lick
73.06324999999998	0.06675000000001319	TimeIntervals	Lick
75.56350000000002	0.09999999999999432	TimeIntervals	Lick
77.96400000000001	0.09999999999999432	TimeIntervals	Lick
79.6975	0.06674999999999898	TimeIntervals	Lick
79.96425	0.06674999999999898	TimeIntervals	Lick
80.26425	0.06674999999998477	TimeIntervals	Lick
80.69775000000003	0.19999999999997442	TimeIntervals	Lick
81.63125000000002	0.09999999999999432	TimeIntervals	Lick
81.76450000000001	0.09999999999999432	TimeIntervals	Lick
82.73150000000001	0.06649999999997647	TimeIntervals	Lick
84.76500000000001	0.06674999999997056	TimeIntervals	Lick
86.032	0.20000000000001705	TimeIntervals	Lick
86.26525000000001	0.09999999999999432	TimeIntervals	Lick
86.43199999999999	0.06650000000003331	TimeIntervals	Lick
86.56525	0.06675000000001319	TimeIntervals	Lick
86.66525000000001	0.13324999999998965	TimeIntervals	Lick
86.83199999999998	0.10000000000000853	TimeIntervals	Lick
86.99875000000002	0.0999999999999801	TimeIntervals	Lick
90.49925000000002	0.06674999999998477	TimeIntervals	Lick
91.73275	0.06675000000001319	TimeIntervals	Lick
91.866	0.06674999999999898	TimeIntervals	Lick
91.966	0.10000000000000853	TimeIntervals	Lick
92.0995	0.06650000000000489	TimeIntervals	Lick
92.19950000000001	0.09999999999999432	TimeIntervals	Lick
92.33274999999999	0.20025000000001114	TimeIntervals	Lick
92.56625000000003	0.0999999999999801	TimeIntervals	Lick
92.69950000000001	0.19999999999997442	TimeIntervals	Lick
92.93299999999999	0.10000000000000853	TimeIntervals	Lick
92.96625	0.10000000000002274	TimeIntervals	Reward
93.06625000000003	1.233499999999978	TimeIntervals	Lick
94.333	0.10000000000000853	TimeIntervals	Lick
94.46650000000001	0.5	TimeIntervals	Lick
95.0	0.10000000000000853	TimeIntervals	Lick
95.13325000000002	0.06674999999998477	TimeIntervals	Lick
95.23325	0.0999999999999801	TimeIntervals	Lick
95.3665	0.5335000000000178	TimeIntervals	Lick
95.9335	0.10000000000000853	TimeIntervals	Lick
96.06675000000001	0.13324999999998965	TimeIntervals	Lick
96.2335	0.0999999999999801	TimeIntervals	Lick
96.36675000000001	0.09999999999999432	TimeIntervals	Lick
96.5	0.06675000000001319	TimeIntervals	Lick
96.60000000000001	0.06675000000001319	TimeIntervals	Lick
96.90024999999999	0.10000000000000853	TimeIntervals	Lick
97.2335	0.03349999999998943	TimeIntervals	Lick
97.30025	0.0999999999999801	TimeIntervals	Lick
97.5335	0.10000000000000853	TimeIntervals	Lick
98.90050000000001	0.13349999999999795	TimeIntervals	Lick
99.80050000000001	0.09999999999999432	TimeIntervals	Lick
100.534	0.06674999999999898	TimeIntervals	Lick
100.63400000000001	0.13349999999999795	TimeIntervals	Lick
102.13425000000001	0.1667499999999933	TimeIntervals	Lick
104.0345	0.10000000000000853	TimeIntervals	Lick
104.73475	0.06674999999999898	TimeIntervals	Lick
105.50150000000002	0.06649999999999068	TimeIntervals	Lick
105.8015	0.06674999999999898	TimeIntervals	Lick
106.2015	0.03350000000000364	TimeIntervals	Lick
106.40150000000001	0.06674999999999898	TimeIntervals	Lick
107.335	0.10000000000000853	TimeIntervals	Lick
107.4685	0.3335000000000008	TimeIntervals	Lick
107.83524999999997	0.10000000000002274	TimeIntervals	Lick
107.9685	0.20000000000000284	TimeIntervals	Lick
108.202	0.10000000000000853	TimeIntervals	Lick
108.2685	0.09999999999999432	TimeIntervals	Reward
108.33524999999997	0.600250000000031	TimeIntervals	Lick
108.96875000000001	0.20000000000000284	TimeIntervals	Lick
109.202	0.20000000000000284	TimeIntervals	Lick
109.4355	0.19999999999998863	TimeIntervals	Lick
109.66875000000002	0.19999999999998863	TimeIntervals	Lick
109.902	0.10000000000000853	TimeIntervals	Lick
110.0355	0.09999999999999432	TimeIntervals	Lick
110.16900000000001	0.09999999999999432	TimeIntervals	Lick
110.30225	0.0999999999999801	TimeIntervals	Lick
110.4355	0.09999999999999432	TimeIntervals	Lick
110.569	0.10000000000000853	TimeIntervals	Lick
110.70225	0.09999999999999432	TimeIntervals	Lick
110.83549999999998	0.10000000000002274	TimeIntervals	Lick
110.96900000000001	0.09999999999999432	TimeIntervals	Lick
111.1025	0.09999999999999432	TimeIntervals	Lick
111.23575	0.13325000000000387	TimeIntervals	Lick
111.4025	0.06650000000000489	TimeIntervals	Lick
111.50250000000001	0.06649999999999068	TimeIntervals	Lick
111.63575	0.06674999999999898	TimeIntervals	Lick
111.73575	0.09999999999999432	TimeIntervals	Lick
111.93575	0.03325000000000955	TimeIntervals	Lick
112.03575	0.10000000000000853	TimeIntervals	Lick
112.236	0.13325000000000387	TimeIntervals	Lick
112.7025	0.09999999999999432	TimeIntervals	Lick
113.33600000000001	0.06674999999998477	TimeIntervals	Lick
113.736	0.06674999999999898	TimeIntervals	Lick
113.90275	0.09999999999999432	TimeIntervals	Lick
114.06950000000002	0.06649999999997647	TimeIntervals	Lick
114.36949999999999	0.10000000000000853	TimeIntervals	Lick
115.203	0.06650000000000489	TimeIntervals	Lick
115.903	0.09999999999999432	TimeIntervals	Lick
116.303	0.36700000000001864	TimeIntervals	Lick
116.8365	0.13350000000002638	TimeIntervals	Lick
117.37	0.10000000000002274	TimeIntervals	Lick
117.50325	0.20025000000002535	TimeIntervals	Lick
117.73675	0.09999999999999432	TimeIntervals	Lick
117.87	0.10000000000002274	TimeIntervals	Lick
118.0035	0.10000000000000853	TimeIntervals	Lick
118.13675	0.09999999999999432	TimeIntervals	Lick
118.27000000000001	0.09999999999999432	TimeIntervals	Lick
118.4035	0.06650000000003331	TimeIntervals	Lick
118.5035	0.10000000000000853	TimeIntervals	Lick
118.57	0.10000000000002274	TimeIntervals	Reward
118.63675	0.36674999999999613	TimeIntervals	Lick
119.037	0.5665000000000049	TimeIntervals	Lick
119.63700000000001	0.3335000000000008	TimeIntervals	Lick
120.00375	0.20000000000000284	TimeIntervals	Lick
120.23700000000001	0.0999999999999801	TimeIntervals	Lick
120.37049999999999	0.10000000000002274	TimeIntervals	Lick
120.50375000000003	0.3332499999999641	TimeIntervals	Lick
120.8705	0.23349999999999227	TimeIntervals	Lick
121.13725000000001	0.2667499999999876	TimeIntervals	Lick
121.43725	0.09999999999999432	TimeIntervals	Lick
121.57050000000001	0.10000000000000853	TimeIntervals	Lick
121.70400000000001	0.06649999999999068	TimeIntervals	Lick
121.83725	0.10000000000000853	TimeIntervals	Lick
122.07050000000001	0.06700000000000728	TimeIntervals	Lick
122.17075	0.09999999999999432	TimeIntervals	Lick
122.33750000000002	0.06649999999999068	TimeIntervals	Lick
122.60400000000001	0.13349999999996953	TimeIntervals	Lick
122.80399999999997	0.13350000000002638	TimeIntervals	Lick
123.90425	0.10000000000000853	TimeIntervals	Lick
124.23749999999998	0.06700000000002149	TimeIntervals	Lick
124.53775	0.20000000000000284	TimeIntervals	Lick
126.13800000000002	0.0999999999999801	TimeIntervals	Lick
126.97150000000003	0.06649999999997647	TimeIntervals	Lick
127.50475	0.10025000000000261	TimeIntervals	Lick
128.00500000000002	0.06649999999999068	TimeIntervals	Lick
128.13825	0.09999999999999432	TimeIntervals	Lick
131.10549999999998	0.09999999999999432	TimeIntervals	Lick
131.80550000000002	0.06649999999999068	TimeIntervals	Lick
132.07225	0.16674999999997908	TimeIntervals	Lick
132.83900000000003	0.0999999999999659	TimeIntervals	Reward
132.87225	0.9667500000000189	TimeIntervals	Lick
133.87250000000003	0.09999999999999432	TimeIntervals	Lick
134.00574999999998	0.20025000000001114	TimeIntervals	Lick
134.23925	0.3332499999999925	TimeIntervals	Lick
134.606	0.09999999999999432	TimeIntervals	Lick
134.73925	0.06675000000001319	TimeIntervals	Lick
134.83925000000002	0.23324999999996976	TimeIntervals	Lick
135.106	0.09999999999999432	TimeIntervals	Lick
135.23925	0.10025000000001683	TimeIntervals	Lick
135.37275000000002	0.09999999999999432	TimeIntervals	Lick
135.506	0.09999999999999432	TimeIntervals	Lick
135.6395	0.09999999999999432	TimeIntervals	Lick
135.77274999999997	0.36675000000002456	TimeIntervals	Lick
136.2395	0.0665000000000191	TimeIntervals	Lick
136.40625	0.03325000000003797	TimeIntervals	Lick
136.53949999999998	0.06675000000001319	TimeIntervals	Lick
136.7395	0.10000000000005116	TimeIntervals	Lick
136.87300000000002	0.09999999999999432	TimeIntervals	Lick
137.073	0.06649999999999068	TimeIntervals	Lick
137.63975	0.10000000000002274	TimeIntervals	Lick
137.77300000000002	0.23349999999996385	TimeIntervals	Lick
138.54	0.06649999999999068	TimeIntervals	Lick
139.0065	0.09999999999999432	TimeIntervals	Lick
139.24	0.0665000000000191	TimeIntervals	Lick
139.47325000000004	0.06674999999995634	TimeIntervals	Lick
139.6735	0.10000000000002274	TimeIntervals	Lick
139.84000000000003	0.06674999999995634	TimeIntervals	Lick
140.04	0.06675000000001319	TimeIntervals	Lick
140.20675	0.10000000000002274	TimeIntervals	Lick
140.94025000000002	0.06674999999998477	TimeIntervals	Lick
141.94050000000001	0.19999999999998863	TimeIntervals	Lick
142.17375	0.09999999999999432	TimeIntervals	Lick
142.8405	0.10000000000002274	TimeIntervals	Lick
143.30725	0.06675000000001319	TimeIntervals	Lick
144.2075	0.0665000000000191	TimeIntervals	Lick
144.84075	0.09999999999999432	TimeIntervals	Lick
144.974	0.06675000000001319	TimeIntervals	Lick
145.87425000000002	0.09999999999999432	TimeIntervals	Lick
146.17425	0.10025000000001683	TimeIntervals	Lick
147.4745	0.09999999999999432	TimeIntervals	Lick
147.64124999999999	0.03325000000003797	TimeIntervals	Lick
147.708	0.19999999999998863	TimeIntervals	Lick
147.94125000000003	0.1999999999999602	TimeIntervals	Lick
148.17450000000002	0.20000000000001705	TimeIntervals	Lick
148.408	0.20000000000001705	TimeIntervals	Lick
148.6415	0.09999999999999432	TimeIntervals	Lick
148.77475000000004	0.09999999999999432	TimeIntervals	Lick
148.87475000000003	0.0999999999999659	TimeIntervals	Reward
148.908	0.06675000000001319	TimeIntervals	Lick
149.008	0.5335000000000036	TimeIntervals	Lick
149.575	0.5665000000000191	TimeIntervals	Lick
150.17499999999998	0.10000000000002274	TimeIntervals	Lick
150.30825000000002	0.0999999999999659	TimeIntervals	Lick
150.4415	0.333500000000015	TimeIntervals	Lick
150.80850000000004	0.0999999999999659	TimeIntervals	Lick
150.94174999999998	0.09999999999999432	TimeIntervals	Lick
151.075	0.09999999999999432	TimeIntervals	Lick
151.2085	0.10000000000005116	TimeIntervals	Lick
151.34175000000002	0.1999999999999602	TimeIntervals	Lick
151.575	0.09999999999999432	TimeIntervals	Lick
151.7085	0.10000000000005116	TimeIntervals	Lick
151.842	0.2664999999999793	TimeIntervals	Lick
152.14200000000002	0.0999999999999659	TimeIntervals	Lick
152.27525	0.10000000000002274	TimeIntervals	Lick
152.4085	0.2335000000000207	TimeIntervals	Lick
152.7085	0.06675000000001319	TimeIntervals	Lick
152.842	0.06674999999998477	TimeIntervals	Lick
153.07549999999998	0.1332500000000323	TimeIntervals	Lick
153.37550000000002	0.06649999999999068	TimeIntervals	Lick
154.30900000000003	0.0999999999999659	TimeIntervals	Lick
154.609	0.06649999999999068	TimeIntervals	Lick
155.909	0.06675000000001319	TimeIntervals	Lick
156.4425	0.06675000000001319	TimeIntervals	Lick
157.64275	0.06675000000001319	TimeIntervals	Lick
157.77600000000004	0.06674999999998477	TimeIntervals	Lick
158.30949999999999	0.10000000000002274	TimeIntervals	Lick
158.47625	0.36675000000002456	TimeIntervals	Lick
159.943	0.06674999999998477	TimeIntervals	Lick
160.91	0.16650000000001342	TimeIntervals	Lick
161.14325	0.10000000000002274	TimeIntervals	Lick
161.2765	0.06675000000001319	TimeIntervals	Lick
161.3765	0.09999999999999432	TimeIntervals	Lick
161.50999999999996	0.2000000000000739	TimeIntervals	Lick
161.74350000000004	0.0999999999999659	TimeIntervals	Lick
161.87675000000002	0.06674999999998477	TimeIntervals	Lick
161.97675	0.09999999999999432	TimeIntervals	Lick
162.11	0.10000000000002274	TimeIntervals	Lick
162.24350000000004	0.0999999999999659	TimeIntervals	Reward
162.24350000000004	0.06649999999996226	TimeIntervals	Lick
162.3435	0.633499999999998	TimeIntervals	Lick
163.01024999999998	0.20000000000004547	TimeIntervals	Lick
163.24350000000004	0.0999999999999659	TimeIntervals	Lick
163.37700000000004	0.0999999999999659	TimeIntervals	Lick
163.51024999999998	0.33350000000004343	TimeIntervals	Lick
163.87700000000004	0.0999999999999659	TimeIntervals	Lick
164.0105	0.20000000000001705	TimeIntervals	Lick
164.24375000000003	0.09999999999999432	TimeIntervals	Lick
164.37700000000004	0.0999999999999659	TimeIntervals	Lick
164.5105	0.09999999999999432	TimeIntervals	Lick
164.64374999999998	0.10000000000005116	TimeIntervals	Lick
164.77700000000004	0.23349999999996385	TimeIntervals	Lick
165.04399999999998	0.1332500000000323	TimeIntervals	Lick
165.21050000000002	0.09999999999999432	TimeIntervals	Lick
165.34400000000005	0.0999999999999659	TimeIntervals	Lick
165.47725	0.09999999999999432	TimeIntervals	Lick
165.644	0.0665000000000191	TimeIntervals	Lick
165.77725000000004	0.06675000000001319	TimeIntervals	Lick
166.244	0.2667499999999734	TimeIntervals	Lick
167.57750000000001	0.09999999999999432	TimeIntervals	Lick
167.74425000000002	0.09999999999999432	TimeIntervals	Lick
168.24450000000002	0.03324999999998113	TimeIntervals	Lick
169.67800000000003	0.0999999999999659	TimeIntervals	Lick
171.34475	0.09999999999999432	TimeIntervals	Lick
171.51149999999998	0.20000000000004547	TimeIntervals	Lick
171.745	0.0665000000000191	TimeIntervals	Lick
173.21175	0.06675000000004161	TimeIntervals	Lick
173.61175	0.13350000000002638	TimeIntervals	Lick
175.74550000000002	0.13325000000000387	TimeIntervals	Lick
175.912	0.06700000000000728	TimeIntervals	Lick
176.01225000000002	0.06675000000001319	TimeIntervals	Lick
176.11225	0.10000000000002274	TimeIntervals	Lick
176.24550000000002	0.09999999999999432	TimeIntervals	Lick
176.37900000000002	0.09999999999999432	TimeIntervals	Lick
176.51225000000002	0.0999999999999659	TimeIntervals	Lick
177.87900000000002	0.09999999999999432	TimeIntervals	Lick
179.57950000000002	0.0999999999999659	TimeIntervals	Lick
179.97950000000003	0.09999999999999432	TimeIntervals	Lick
180.14600000000002	0.06675000000001319	TimeIntervals	Lick
180.2795	0.09999999999999432	TimeIntervals	Lick
181.313	0.10000000000005116	TimeIntervals	Lick
181.813	0.10000000000005116	TimeIntervals	Lick
181.94650000000001	0.09999999999999432	TimeIntervals	Lick
182.07975000000002	0.20000000000004547	TimeIntervals	Lick
182.3465	0.10000000000002274	TimeIntervals	Lick
182.94650000000001	0.13349999999999795	TimeIntervals	Lick
183.5465	0.1002499999999884	TimeIntervals	Lick
183.68	0.06675000000001319	TimeIntervals	Lick
183.78000000000003	0.09999999999999432	TimeIntervals	Lick
183.9135	0.10000000000002274	TimeIntervals	Lick
184.04675	0.06674999999998477	TimeIntervals	Lick
184.14675	0.10000000000002274	TimeIntervals	Lick
184.28000000000003	0.09999999999999432	TimeIntervals	Lick
184.4135	0.10000000000002274	TimeIntervals	Lick
184.54675	0.06674999999998477	TimeIntervals	Lick
184.58	0.13350000000002638	TimeIntervals	Reward
184.64675	0.7667500000000018	TimeIntervals	Lick
185.447	0.10000000000002274	TimeIntervals	Lick
185.58025	0.06674999999998477	TimeIntervals	Lick
185.68024999999997	0.10025000000007367	TimeIntervals	Lick
185.81375	0.2332500000000266	TimeIntervals	Lick
186.08050000000003	0.0999999999999659	TimeIntervals	Lick
186.21375	0.19999999999998863	TimeIntervals	Lick
186.447	0.10000000000002274	TimeIntervals	Lick
186.58050000000003	0.0999999999999659	TimeIntervals	Lick
186.71375	0.09999999999999432	TimeIntervals	Lick
186.847	0.1002499999999884	TimeIntervals	Lick
186.98049999999998	0.10000000000005116	TimeIntervals	Lick
187.11399999999998	0.3332500000000209	TimeIntervals	Lick
187.48049999999998	0.10000000000005116	TimeIntervals	Lick
187.61399999999998	0.10000000000002274	TimeIntervals	Lick
187.74725	0.10000000000005116	TimeIntervals	Lick
187.8805	0.2669999999999959	TimeIntervals	Lick
188.18075	0.10000000000002274	TimeIntervals	Lick
188.314	0.09999999999999432	TimeIntervals	Lick
188.4475	0.23324999999999818	TimeIntervals	Lick
188.7475	0.06649999999999068	TimeIntervals	Lick
188.88075	0.06674999999998477	TimeIntervals	Lick
189.0475	0.06674999999998477	TimeIntervals	Lick
189.21425000000002	0.16674999999997908	TimeIntervals	Lick
189.4475	0.10000000000002274	TimeIntervals	Lick
189.81425	0.06675000000001319	TimeIntervals	Lick
190.11425	0.10025000000001683	TimeIntervals	Lick
191.4145	0.13349999999999795	TimeIntervals	Lick
192.51475	0.09999999999999432	TimeIntervals	Lick
192.71475	0.09999999999999432	TimeIntervals	Lick
192.88150000000002	0.10000000000002274	TimeIntervals	Lick
193.01475	0.09999999999999432	TimeIntervals	Lick
193.148	0.20000000000001705	TimeIntervals	Lick
194.015	0.10000000000002274	TimeIntervals	Lick
195.015	0.06675000000001319	TimeIntervals	Lick
195.81525000000002	0.09999999999999432	TimeIntervals	Lick
196.4485	0.09999999999999432	TimeIntervals	Lick
196.94875000000002	0.09999999999999432	TimeIntervals	Lick
199.38250000000002	0.06649999999996226	TimeIntervals	Lick
200.049	0.1002499999999884	TimeIntervals	Lick
200.24925000000002	0.06674999999998477	TimeIntervals	Lick
200.34925	0.06674999999998477	TimeIntervals	Lick
201.78275000000002	0.1999999999999602	TimeIntervals	Lick
202.016	0.333500000000015	TimeIntervals	Lick
202.38300000000004	0.19999999999998863	TimeIntervals	Lick
202.61625	0.09999999999999432	TimeIntervals	Lick
202.7495	0.19999999999998863	TimeIntervals	Lick
202.9495	0.10000000000002274	TimeIntervals	Reward
202.983	1.6002500000000168	TimeIntervals	Lick
204.61650000000003	0.09999999999999432	TimeIntervals	Lick
204.75000000000003	0.19999999999998863	TimeIntervals	Lick
204.98325000000003	0.09999999999999432	TimeIntervals	Lick
205.11649999999997	0.10000000000005116	TimeIntervals	Lick
205.25	0.10000000000002274	TimeIntervals	Lick
205.38325	0.10000000000002274	TimeIntervals	Lick
205.51650000000004	0.10024999999995998	TimeIntervals	Lick
205.64999999999998	0.10000000000002274	TimeIntervals	Lick
205.7835	0.10000000000002274	TimeIntervals	Lick
205.91674999999998	0.10000000000005116	TimeIntervals	Lick
206.04999999999998	0.09999999999999432	TimeIntervals	Lick
206.1835	0.09999999999999432	TimeIntervals	Lick
206.31675	0.23324999999996976	TimeIntervals	Lick
206.5835	0.06649999999999068	TimeIntervals	Lick
206.717	0.09999999999999432	TimeIntervals	Lick
206.91699999999997	0.2332500000000266	TimeIntervals	Lick
207.217	0.06649999999999068	TimeIntervals	Lick
208.217	0.09999999999999432	TimeIntervals	Lick
208.35050000000004	0.09999999999993747	TimeIntervals	Lick
208.58375	0.06675000000001319	TimeIntervals	Lick
208.78375000000003	0.1002499999999884	TimeIntervals	Lick
209.01725	0.09999999999999432	TimeIntervals	Lick
209.51725	0.06675000000001319	TimeIntervals	Lick
210.15075000000002	0.06675000000001319	TimeIntervals	Lick
210.584	0.06675000000001319	TimeIntervals	Lick
211.151	0.0665000000000191	TimeIntervals	Lick
211.58425	0.06675000000001319	TimeIntervals	Lick
212.81775	0.06675000000001319	TimeIntervals	Lick
212.98450000000003	0.06649999999996226	TimeIntervals	Lick
213.6845	0.06674999999998477	TimeIntervals	Lick
214.0845	0.03350000000000364	TimeIntervals	Lick
214.88475000000003	0.09999999999999432	TimeIntervals	Lick
215.7515	0.06675000000001319	TimeIntervals	Lick
216.185	0.06649999999999068	TimeIntervals	Lick
216.21825	0.09999999999999432	TimeIntervals	Reward
216.3515	1.833750000000009	TimeIntervals	Lick
218.2185	0.19999999999998863	TimeIntervals	Lick
218.45200000000003	0.0999999999999659	TimeIntervals	Lick
218.58525	0.20025000000001114	TimeIntervals	Lick
218.81875	0.10000000000002274	TimeIntervals	Lick
218.95200000000003	0.0999999999999659	TimeIntervals	Lick
219.0855	0.10000000000002274	TimeIntervals	Lick
219.21875	0.2332500000000266	TimeIntervals	Lick
219.4855	0.23324999999999818	TimeIntervals	Lick
219.7855	0.03324999999998113	TimeIntervals	Lick
219.8855	0.09999999999999432	TimeIntervals	Lick
220.01899999999998	0.10000000000002274	TimeIntervals	Lick
220.2855	0.06674999999998477	TimeIntervals	Lick
220.3855	0.09999999999999432	TimeIntervals	Lick
221.01899999999998	0.10000000000002274	TimeIntervals	Lick
221.6525	0.03325000000003797	TimeIntervals	Lick
222.25250000000003	0.06674999999998477	TimeIntervals	Lick
222.8525	0.09999999999999432	TimeIntervals	Lick
223.25275000000005	0.0999999999999659	TimeIntervals	Lick
224.68625000000003	0.09999999999999432	TimeIntervals	Lick
224.98625	0.13324999999997544	TimeIntervals	Lick
225.153	0.10000000000005116	TimeIntervals	Lick
226.21975	0.10000000000002274	TimeIntervals	Lick
226.52	0.09999999999993747	TimeIntervals	Lick
227.15324999999999	0.3332500000000209	TimeIntervals	Lick
227.58675	0.06674999999998477	TimeIntervals	Lick
227.68675000000002	0.09999999999999432	TimeIntervals	Lick
227.98675000000003	0.0999999999999659	TimeIntervals	Lick
229.62025	0.06675000000001319	TimeIntervals	Lick
231.25400000000002	0.06649999999999068	TimeIntervals	Lick
231.354	0.10000000000002274	TimeIntervals	Lick
231.48725000000002	0.06674999999995634	TimeIntervals	Lick
231.58725	0.06674999999998477	TimeIntervals	Lick
231.68725	0.09999999999999432	TimeIntervals	Lick
231.8205	0.20025000000001114	TimeIntervals	Lick
232.05399999999997	0.10000000000002274	TimeIntervals	Lick
232.1875	0.10000000000002274	TimeIntervals	Lick
232.25400000000002	0.09999999999999432	TimeIntervals	Reward
232.32075	0.5	TimeIntervals	Lick
232.854	0.06675000000001319	TimeIntervals	Lick
232.95400000000004	0.3334999999999866	TimeIntervals	Lick
233.32100000000003	0.09999999999999432	TimeIntervals	Lick
233.45425000000003	0.0999999999999659	TimeIntervals	Lick
233.58749999999998	0.10000000000002274	TimeIntervals	Lick
233.721	0.0665000000000191	TimeIntervals	Lick
233.82100000000003	0.09999999999999432	TimeIntervals	Lick
233.95425000000003	0.33349999999995816	TimeIntervals	Lick
234.32100000000003	0.09999999999999432	TimeIntervals	Lick
234.45450000000002	0.3332499999999641	TimeIntervals	Lick
234.82100000000003	0.5335000000000036	TimeIntervals	Lick
235.38799999999998	0.10000000000005116	TimeIntervals	Lick
235.52124999999998	0.30000000000001137	TimeIntervals	Lick
235.88799999999998	0.10000000000005116	TimeIntervals	Lick
236.02124999999998	0.06675000000004161	TimeIntervals	Lick
236.2545	0.20025000000001114	TimeIntervals	Lick
236.88799999999998	0.06675000000004161	TimeIntervals	Lick
237.15475	0.09999999999999432	TimeIntervals	Lick
238.355	0.10000000000002274	TimeIntervals	Lick
238.55499999999998	0.26675000000003024	TimeIntervals	Lick
239.68849999999998	0.10000000000005116	TimeIntervals	Lick
240.05524999999997	0.06675000000001319	TimeIntervals	Lick
241.95550000000003	0.06674999999995634	TimeIntervals	Lick
242.489	0.0999999999999659	TimeIntervals	Lick
242.85549999999998	0.03350000000003206	TimeIntervals	Lick
242.989	0.06674999999998477	TimeIntervals	Lick
243.32250000000002	0.06649999999999068	TimeIntervals	Lick
243.78900000000002	0.09999999999999432	TimeIntervals	Lick
244.32250000000002	0.06674999999998477	TimeIntervals	Lick
244.78925	0.06674999999998477	TimeIntervals	Lick
244.98925000000003	0.06674999999998477	TimeIntervals	Lick
245.08924999999996	0.10025000000001683	TimeIntervals	Lick
245.456	0.06675000000001319	TimeIntervals	Lick
246.98950000000005	0.09999999999990905	TimeIntervals	Lick
247.85650000000007	0.06649999999999068	TimeIntervals	Lick
248.2565	0.10000000000007958	TimeIntervals	Lick
250.69025	0.06675000000001319	TimeIntervals	Lick
251.69025	0.06675000000001319	TimeIntervals	Lick
252.19049999999996	0.10000000000007958	TimeIntervals	Lick
252.32375000000002	0.19999999999998863	TimeIntervals	Lick
252.557	0.20000000000001705	TimeIntervals	Lick
252.79050000000004	0.09999999999999432	TimeIntervals	Lick
252.92399999999998	0.0665000000000191	TimeIntervals	Lick
253.024	0.20000000000001705	TimeIntervals	Lick
253.25725000000003	0.0999999999999659	TimeIntervals	Lick
253.39050000000003	0.1999999999999602	TimeIntervals	Lick
253.55725	0.0999999999999659	TimeIntervals	Reward
253.62400000000002	0.5	TimeIntervals	Lick
254.15749999999997	0.33325000000004934	TimeIntervals	Lick
254.524	0.06674999999998477	TimeIntervals	Lick
254.62400000000002	0.09999999999999432	TimeIntervals	Lick
254.7575	0.3334999999999866	TimeIntervals	Lick
255.12425	0.10000000000007958	TimeIntervals	Lick
255.2575	0.09999999999999432	TimeIntervals	Lick
255.391	0.19999999999998863	TimeIntervals	Lick
255.62425	0.10000000000007958	TimeIntervals	Lick
255.7575	0.20000000000001705	TimeIntervals	Lick
255.991	0.09999999999993747	TimeIntervals	Lick
256.1245	0.13324999999997544	TimeIntervals	Lick
256.29099999999994	0.10000000000007958	TimeIntervals	Lick
256.4244999999999	0.10000000000007958	TimeIntervals	Lick
256.55774999999994	0.10000000000007958	TimeIntervals	Lick
256.691	0.0999999999999659	TimeIntervals	Lick
256.8245	0.13324999999997544	TimeIntervals	Lick
256.991	0.06674999999995634	TimeIntervals	Lick
257.09099999999995	0.10000000000002274	TimeIntervals	Lick
257.29124999999993	0.10000000000002274	TimeIntervals	Lick
258.0245	0.10000000000002274	TimeIntervals	Lick
258.19124999999997	0.06675000000001319	TimeIntervals	Lick
258.45799999999997	0.06674999999995634	TimeIntervals	Lick
258.658	0.13349999999996953	TimeIntervals	Lick
259.19149999999996	0.10000000000002274	TimeIntervals	Lick
259.89149999999995	0.0999999999999659	TimeIntervals	Lick
260.7584999999999	0.06650000000013279	TimeIntervals	Lick
261.2584999999999	0.06650000000013279	TimeIntervals	Lick
262.292	0.06650000000007594	TimeIntervals	Lick
262.69199999999995	0.06675000000001319	TimeIntervals	Lick
263.0919999999999	0.06675000000007003	TimeIntervals	Lick
264.359	0.06649999999996226	TimeIntervals	Lick
264.92574999999994	0.06675000000001319	TimeIntervals	Lick
265.55899999999997	0.10000000000002274	TimeIntervals	Lick
265.859	0.0999999999999659	TimeIntervals	Lick
266.026	0.0665000000000191	TimeIntervals	Lick
266.126	0.0665000000000191	TimeIntervals	Lick
266.226	0.16649999999992815	TimeIntervals	Lick
267.526	0.06675000000001319	TimeIntervals	Lick
267.79274999999996	0.06675000000007003	TimeIntervals	Lick
268.15950000000004	0.03349999999988995	TimeIntervals	Lick
268.5595	0.06675000000007003	TimeIntervals	Lick
268.72625000000005	0.06674999999995634	TimeIntervals	Lick
269.9265	0.0665000000000191	TimeIntervals	Lick
270.05974999999995	0.06675000000012687	TimeIntervals	Lick
270.1929999999999	0.06675000000007003	TimeIntervals	Lick
270.66	0.0665000000000191	TimeIntervals	Lick
270.76	0.0665000000000191	TimeIntervals	Lick
270.86	0.1999999999999318	TimeIntervals	Lick
271.09325	0.1999999999999318	TimeIntervals	Lick
271.3265	0.0999999999999659	TimeIntervals	Lick
271.4599999999999	0.10000000000002274	TimeIntervals	Lick
271.59349999999995	0.06650000000007594	TimeIntervals	Lick
271.69350000000003	0.19999999999998863	TimeIntervals	Lick
271.92674999999997	0.10000000000002274	TimeIntervals	Lick
271.9599999999999	0.10000000000002274	TimeIntervals	Reward
272.05999999999995	0.7335000000000491	TimeIntervals	Lick
272.827	0.10000000000002274	TimeIntervals	Lick
272.96025	0.3332500000000209	TimeIntervals	Lick
273.32700000000006	0.10000000000002274	TimeIntervals	Lick
273.46025	0.19999999999998863	TimeIntervals	Lick
273.69350000000003	0.10024999999990314	TimeIntervals	Lick
273.82700000000006	0.10000000000002274	TimeIntervals	Lick
273.9605	0.0999999999999659	TimeIntervals	Lick
274.09375	0.0999999999999659	TimeIntervals	Lick
274.22700000000003	0.20000000000004547	TimeIntervals	Lick
274.4605	0.0999999999999659	TimeIntervals	Lick
274.59375	0.0999999999999659	TimeIntervals	Lick
274.72700000000003	0.5002499999999941	TimeIntervals	Lick
275.2604999999999	0.06675000000007003	TimeIntervals	Lick
275.394	0.0665000000000191	TimeIntervals	Lick
275.49399999999997	0.0665000000000191	TimeIntervals	Lick
275.62725	0.10000000000002274	TimeIntervals	Lick
275.7939999999999	0.10000000000007958	TimeIntervals	Lick
275.96075	0.033249999999952706	TimeIntervals	Lick
276.06075	0.10000000000002274	TimeIntervals	Lick
276.2275	0.23324999999999818	TimeIntervals	Lick
276.9275	0.06649999999996226	TimeIntervals	Lick
277.19424999999995	0.06675000000001319	TimeIntervals	Lick
277.76099999999997	0.10000000000002274	TimeIntervals	Lick
278.22775	0.06674999999995634	TimeIntervals	Lick
278.4945000000001	0.09999999999990905	TimeIntervals	Lick
278.861	0.10000000000002274	TimeIntervals	Lick
279.29449999999997	0.06675000000007003	TimeIntervals	Lick
279.92800000000005	0.0665000000000191	TimeIntervals	Lick
280.16125	0.10024999999995998	TimeIntervals	Lick
281.028	0.0999999999999659	TimeIntervals	Lick
281.72825	0.06675000000001319	TimeIntervals	Lick
282.1615	0.0999999999999659	TimeIntervals	Lick
283.46175	0.06674999999995634	TimeIntervals	Lick
283.862	0.0999999999999659	TimeIntervals	Lick
283.99525	0.06675000000001319	TimeIntervals	Lick
284.6955	0.1332500000000323	TimeIntervals	Lick
284.962	0.06674999999995634	TimeIntervals	Lick
285.462	0.4002500000000282	TimeIntervals	Lick
286.46225	0.06674999999995634	TimeIntervals	Lick
286.89575	0.0999999999999659	TimeIntervals	Lick
287.29575	0.06674999999995634	TimeIntervals	Lick
288.69599999999997	0.06649999999996226	TimeIntervals	Lick
289.32950000000005	0.06649999999996226	TimeIntervals	Lick
289.996	0.06675000000001319	TimeIntervals	Lick
290.4295	0.06675000000001319	TimeIntervals	Lick
292.16299999999995	0.10000000000002274	TimeIntervals	Lick
295.197	0.0665000000000191	TimeIntervals	Lick
296.43050000000005	0.06649999999996226	TimeIntervals	Lick
296.697	0.06699999999989359	TimeIntervals	Lick
297.0305	0.10000000000002274	TimeIntervals	Lick
298.43075	0.06675000000007003	TimeIntervals	Lick
299.231	0.23324999999999818	TimeIntervals	Lick
299.49750000000006	0.09999999999990905	TimeIntervals	Lick
299.63100000000003	0.20000000000004547	TimeIntervals	Lick
299.86424999999997	0.10000000000002274	TimeIntervals	Lick
299.99750000000006	0.10024999999990314	TimeIntervals	Lick
300.16450000000003	0.09999999999990905	TimeIntervals	Lick
300.29775	0.266749999999945	TimeIntervals	Lick
300.59774999999996	0.06675000000007003	TimeIntervals	Lick
300.69775000000004	0.0999999999999659	TimeIntervals	Lick
300.8310000000001	0.09999999999990905	TimeIntervals	Lick
300.96450000000004	0.09999999999990905	TimeIntervals	Lick
301.09774999999996	0.10024999999995998	TimeIntervals	Lick
301.23124999999993	0.06675000000007003	TimeIntervals	Lick
301.33125	0.10000000000002274	TimeIntervals	Lick
301.46450000000004	0.09999999999990905	TimeIntervals	Lick
301.59799999999996	0.20000000000004547	TimeIntervals	Lick
301.8645	0.06675000000001319	TimeIntervals	Lick
301.99800000000005	0.06649999999990541	TimeIntervals	Lick
302.1312500000001	0.06674999999984266	TimeIntervals	Lick
302.23124999999993	0.5002499999999941	TimeIntervals	Lick
302.26449999999994	0.06700000000006412	TimeIntervals	Reward
302.76475	0.10000000000002274	TimeIntervals	Lick
302.898	0.10000000000002274	TimeIntervals	Lick
303.1979999999999	0.10000000000007958	TimeIntervals	Lick
303.3315	0.20000000000004547	TimeIntervals	Lick
303.56499999999994	0.10000000000007958	TimeIntervals	Lick
303.69825000000003	0.06674999999995634	TimeIntervals	Lick
303.79824999999994	0.10000000000007958	TimeIntervals	Lick
303.96500000000003	0.0665000000000191	TimeIntervals	Lick
304.06499999999994	0.33325000000007776	TimeIntervals	Lick
304.4315000000001	0.20024999999992588	TimeIntervals	Lick
304.665	0.46674999999999045	TimeIntervals	Lick
305.165	0.19999999999998863	TimeIntervals	Lick
305.3985	0.0999999999999659	TimeIntervals	Lick
305.532	0.1332500000000323	TimeIntervals	Lick
305.6985	0.0999999999999659	TimeIntervals	Lick
305.832	0.0665000000000191	TimeIntervals	Lick
305.9320000000001	0.2664999999999509	TimeIntervals	Lick
306.2652499999999	0.06675000000007003	TimeIntervals	Lick
306.36525	0.06675000000007003	TimeIntervals	Lick
306.4985	0.10000000000002274	TimeIntervals	Lick
307.3655	0.06650000000007594	TimeIntervals	Lick
307.49875	0.16675000000003593	TimeIntervals	Lick
309.4325	0.10000000000002274	TimeIntervals	Lick
311.23275	0.06674999999995634	TimeIntervals	Lick
311.366	0.06675000000007003	TimeIntervals	Lick
312.76624999999996	0.10000000000007958	TimeIntervals	Lick
312.9330000000001	0.06649999999990541	TimeIntervals	Lick
314.79999999999995	0.06650000000007594	TimeIntervals	Lick
314.93325000000004	0.0667499999998995	TimeIntervals	Lick
315.06649999999996	0.06675000000007003	TimeIntervals	Lick
315.20000000000005	0.09999999999990905	TimeIntervals	Lick
315.33325	0.10025000000001683	TimeIntervals	Lick
315.46675000000005	0.1999999999999318	TimeIntervals	Lick
315.70000000000005	0.09999999999990905	TimeIntervals	Lick
315.8335	0.10000000000002274	TimeIntervals	Lick
315.96675000000005	0.0999999999999659	TimeIntervals	Lick
316.09999999999997	0.10000000000007958	TimeIntervals	Lick
316.2335	0.20000000000004547	TimeIntervals	Lick
316.46675000000005	0.10024999999990314	TimeIntervals	Lick
316.60024999999996	0.10000000000007958	TimeIntervals	Lick
316.7335	0.06675000000001319	TimeIntervals	Lick
316.8335	0.10000000000002274	TimeIntervals	Lick
316.967	0.0999999999999659	TimeIntervals	Lick
317.10024999999996	0.10000000000007958	TimeIntervals	Lick
317.2335	0.20000000000004547	TimeIntervals	Lick
317.467	0.0999999999999659	TimeIntervals	Lick
317.60024999999996	0.10025000000001683	TimeIntervals	Lick
317.73375	0.06674999999995634	TimeIntervals	Lick
317.867	0.0999999999999659	TimeIntervals	Lick
318.10049999999995	0.0665000000000191	TimeIntervals	Lick
319.96750000000003	0.06649999999996226	TimeIntervals	Lick
321.53425	0.1332500000000323	TimeIntervals	Lick
321.93425	0.06674999999995634	TimeIntervals	Lick
323.4680000000001	0.06649999999990541	TimeIntervals	Lick
323.73449999999997	0.06675000000001319	TimeIntervals	Lick
323.9345	0.03350000000006048	TimeIntervals	Lick
324.70149999999995	0.166499999999985	TimeIntervals	Lick
325.70149999999995	0.06675000000007003	TimeIntervals	Lick
325.86825	0.06674999999995634	TimeIntervals	Lick
327.23499999999996	0.10000000000002274	TimeIntervals	Lick
329.00199999999995	0.06675000000001319	TimeIntervals	Lick
329.1355	0.0665000000000191	TimeIntervals	Lick
329.26875	0.06674999999995634	TimeIntervals	Lick
333.30275	0.06675000000001319	TimeIntervals	Lick
333.50275000000005	0.2999999999999545	TimeIntervals	Lick
333.83599999999996	0.19999999999998863	TimeIntervals	Lick
334.06949999999995	0.10000000000002274	TimeIntervals	Lick
334.203	0.20000000000004547	TimeIntervals	Lick
334.43625000000003	0.0999999999999659	TimeIntervals	Lick
334.56949999999995	0.10000000000002274	TimeIntervals	Reward
334.56949999999995	0.06675000000007003	TimeIntervals	Lick
334.66949999999997	0.5	TimeIntervals	Lick
335.203	0.8999999999999773	TimeIntervals	Lick
336.1365	0.333500000000015	TimeIntervals	Lick
336.50325000000004	0.09999999999990905	TimeIntervals	Lick
336.6365	0.333500000000015	TimeIntervals	Lick
337.00325000000004	0.40024999999997135	TimeIntervals	Lick
337.43675	0.10000000000002274	TimeIntervals	Lick
337.57	0.10000000000002274	TimeIntervals	Lick
337.7035	0.06649999999990541	TimeIntervals	Lick
337.8035	0.10000000000002274	TimeIntervals	Lick
338.2699999999999	0.06675000000007003	TimeIntervals	Lick
338.537	0.0665000000000191	TimeIntervals	Lick
338.63700000000006	0.1332499999999186	TimeIntervals	Lick
341.53725000000003	0.13324999999997544	TimeIntervals	Lick
342.604	0.06675000000001319	TimeIntervals	Lick
343.271	0.06649999999996226	TimeIntervals	Lick
343.57099999999997	0.06650000000013279	TimeIntervals	Lick
343.9375	0.06700000000000728	TimeIntervals	Lick
344.03775	0.2999999999999545	TimeIntervals	Lick
344.37100000000004	0.0999999999999659	TimeIntervals	Lick
344.5045	0.0999999999999659	TimeIntervals	Lick
344.63775000000004	0.0999999999999659	TimeIntervals	Lick
345.90450000000004	0.0999999999999659	TimeIntervals	Lick
347.6715	0.06674999999995634	TimeIntervals	Lick
348.03825	0.10000000000002274	TimeIntervals	Lick
348.205	0.10000000000002274	TimeIntervals	Lick
350.30525000000006	0.0999999999999659	TimeIntervals	Lick
350.4385	0.06675000000007003	TimeIntervals	Lick
350.5385	0.10025000000001683	TimeIntervals	Lick
350.672	0.06674999999995634	TimeIntervals	Lick
350.77199999999993	0.10000000000007958	TimeIntervals	Lick
351.172	0.06674999999995634	TimeIntervals	Lick
351.30550000000005	0.06649999999996226	TimeIntervals	Lick
356.073	0.10000000000002274	TimeIntervals	Lick
356.30625000000003	0.0999999999999659	TimeIntervals	Lick
356.43949999999995	0.10000000000007958	TimeIntervals	Lick
358.03974999999997	0.10000000000007958	TimeIntervals	Lick
358.173	0.0999999999999659	TimeIntervals	Lick
358.34000000000003	0.03324999999989586	TimeIntervals	Lick
360.907	0.0665000000000191	TimeIntervals	Lick
362.27374999999995	0.10000000000002274	TimeIntervals	Lick
363.60724999999996	0.20025000000003956	TimeIntervals	Lick
363.874	0.06675000000001319	TimeIntervals	Lick
364.674	0.10000000000002274	TimeIntervals	Lick
365.94100000000003	0.0999999999999659	TimeIntervals	Lick
366.0745	0.0665000000000191	TimeIntervals	Lick
366.1745	0.0999999999999659	TimeIntervals	Lick
366.30775	0.10000000000002274	TimeIntervals	Lick
366.44100000000003	0.0999999999999659	TimeIntervals	Lick
366.5745	0.3332500000000209	TimeIntervals	Lick
366.94100000000003	0.0999999999999659	TimeIntervals	Reward
366.94100000000003	0.0999999999999659	TimeIntervals	Lick
367.0745	0.6000000000000227	TimeIntervals	Lick
367.708	0.0999999999999659	TimeIntervals	Lick
367.84125	0.19999999999998863	TimeIntervals	Lick
368.0745	0.6002500000000168	TimeIntervals	Lick
368.708	0.0999999999999659	TimeIntervals	Lick
368.8415	0.3332500000000209	TimeIntervals	Lick
369.208	0.10024999999995998	TimeIntervals	Lick
369.3415	0.10000000000007958	TimeIntervals	Lick
369.475	0.0999999999999659	TimeIntervals	Lick
369.60825	0.0999999999999659	TimeIntervals	Lick
369.74150000000003	0.0999999999999659	TimeIntervals	Lick
369.875	0.10000000000002274	TimeIntervals	Lick
370.0082499999999	0.10000000000007958	TimeIntervals	Lick
370.1415	0.10000000000002274	TimeIntervals	Lick
370.275	0.13350000000002638	TimeIntervals	Lick
370.44175	0.0999999999999659	TimeIntervals	Lick
370.575	0.06675000000001319	TimeIntervals	Lick
370.7085	0.06649999999996226	TimeIntervals	Lick
370.84175	0.06675000000001319	TimeIntervals	Lick
371.6085	0.06675000000001319	TimeIntervals	Lick
372.30850000000004	0.06674999999995634	TimeIntervals	Lick
372.77549999999997	0.0665000000000191	TimeIntervals	Lick
373.3755	0.10000000000002274	TimeIntervals	Lick
373.74225	0.0999999999999659	TimeIntervals	Lick
373.90900000000005	0.06649999999996226	TimeIntervals	Lick
374.809	0.10000000000002274	TimeIntervals	Lick
376.14250000000004	0.0999999999999659	TimeIntervals	Lick
376.64250000000004	0.0999999999999659	TimeIntervals	Lick
376.77599999999995	0.10000000000002274	TimeIntervals	Lick
376.90925	0.20024999999998272	TimeIntervals	Lick
377.14275000000004	0.23324999999994134	TimeIntervals	Lick
377.4095	0.0665000000000191	TimeIntervals	Lick
377.5095	0.20000000000004547	TimeIntervals	Lick
377.74275000000006	0.0999999999999659	TimeIntervals	Lick
377.876	0.10000000000002274	TimeIntervals	Lick
378.0095	0.20000000000004547	TimeIntervals	Lick
378.24300000000005	0.13324999999997544	TimeIntervals	Lick
378.54299999999995	0.1332500000000323	TimeIntervals	Lick
378.843	0.06649999999996226	TimeIntervals	Lick
382.91025	0.10000000000002274	TimeIntervals	Lick
383.0435	0.06675000000007003	TimeIntervals	Lick
383.2435	0.0999999999999659	TimeIntervals	Lick
383.37699999999995	0.20000000000004547	TimeIntervals	Lick
383.61050000000006	0.19999999999998863	TimeIntervals	Lick
383.84375	0.0999999999999659	TimeIntervals	Lick
383.97700000000003	0.19999999999998863	TimeIntervals	Lick
384.2105	0.10000000000002274	TimeIntervals	Lick
384.27699999999993	0.10000000000002274	TimeIntervals	Reward
384.34375	0.7334999999999923	TimeIntervals	Lick
385.11050000000006	0.0667499999998995	TimeIntervals	Lick
385.2105	0.10000000000002274	TimeIntervals	Lick
385.34400000000005	0.1999999999999318	TimeIntervals	Lick
385.57725	0.0999999999999659	TimeIntervals	Lick
385.7105	0.33349999999995816	TimeIntervals	Lick
386.07750000000004	0.09999999999990905	TimeIntervals	Lick
386.21074999999996	0.20000000000004547	TimeIntervals	Lick
386.444	0.0999999999999659	TimeIntervals	Lick
386.57750000000004	0.09999999999990905	TimeIntervals	Lick
386.71074999999996	0.2335000000000491	TimeIntervals	Lick
386.9775	0.10000000000002274	TimeIntervals	Lick
387.11100000000005	0.09999999999990905	TimeIntervals	Lick
387.24425	0.0999999999999659	TimeIntervals	Lick
387.37749999999994	0.10000000000007958	TimeIntervals	Lick
387.54425	0.06675000000007003	TimeIntervals	Lick
387.67749999999995	0.0999999999999659	TimeIntervals	Lick
387.811	0.10000000000007958	TimeIntervals	Lick
387.97774999999996	0.10000000000002274	TimeIntervals	Lick
388.11100000000005	0.13349999999996953	TimeIntervals	Lick
388.27774999999997	0.0999999999999659	TimeIntervals	Lick
388.41100000000006	0.0999999999999659	TimeIntervals	Lick
388.54449999999997	0.20000000000004547	TimeIntervals	Lick
388.77774999999997	0.0999999999999659	TimeIntervals	Lick
388.91100000000006	0.33349999999995816	TimeIntervals	Lick
389.27799999999996	2.4335000000000377	TimeIntervals	Lick
391.745	0.36650000000003047	TimeIntervals	Lick
392.17825	1.4002499999999714	TimeIntervals	Lick
392.545	0.0999999999999659	TimeIntervals	Reward
393.612	0.4664999999999395	TimeIntervals	Lick
394.112	0.2999999999999545	TimeIntervals	Lick
394.44525	0.46674999999999045	TimeIntervals	Lick
394.94550000000004	0.09999999999990905	TimeIntervals	Lick
395.07874999999996	0.10000000000007958	TimeIntervals	Lick
395.212	0.5335000000000036	TimeIntervals	Lick
395.779	0.0999999999999659	TimeIntervals	Lick
395.91225000000003	0.3667499999999677	TimeIntervals	Lick
396.31225	0.10000000000002274	TimeIntervals	Lick
396.479	0.0999999999999659	TimeIntervals	Lick
396.61225	0.0999999999999659	TimeIntervals	Lick
396.7455	0.5002499999999941	TimeIntervals	Lick
397.279	0.13349999999996953	TimeIntervals	Lick
397.44575000000003	0.0999999999999659	TimeIntervals	Lick
397.57899999999995	0.10000000000007958	TimeIntervals	Lick
397.7125	0.10000000000002274	TimeIntervals	Lick
397.97925	0.23324999999999818	TimeIntervals	Lick
398.2459999999999	0.10000000000007958	TimeIntervals	Lick
398.37925	0.0999999999999659	TimeIntervals	Lick
398.5125	0.13350000000002638	TimeIntervals	Lick
398.67925	0.0999999999999659	TimeIntervals	Lick
398.8125	0.0999999999999659	TimeIntervals	Lick
398.9795	0.10000000000002274	TimeIntervals	Lick
399.11274999999995	0.10000000000002274	TimeIntervals	Lick
399.2459999999999	0.10000000000007958	TimeIntervals	Lick
399.41275	0.06674999999995634	TimeIntervals	Lick
399.51275000000004	0.09999999999990905	TimeIntervals	Lick
399.646	0.09999999999990905	TimeIntervals	Lick
399.7794999999999	0.10000000000002274	TimeIntervals	Lick
399.946	0.0999999999999659	TimeIntervals	Lick
400.14625	0.06674999999995634	TimeIntervals	Lick
400.2794999999999	0.03350000000006048	TimeIntervals	Lick
400.74625	0.13324999999997544	TimeIntervals	Lick
401.0795	0.10025000000001683	TimeIntervals	Lick
401.21299999999997	0.10000000000002274	TimeIntervals	Lick
402.31325	0.06675000000001319	TimeIntervals	Lick
402.41325	0.13324999999997544	TimeIntervals	Lick
402.5799999999999	0.10000000000007958	TimeIntervals	Lick
402.71324999999996	0.10000000000002274	TimeIntervals	Lick
402.84650000000005	0.0999999999999659	TimeIntervals	Lick
402.98	0.09999999999990905	TimeIntervals	Lick
403.11324999999994	0.20025000000003956	TimeIntervals	Lick
403.34675	0.10000000000007958	TimeIntervals	Lick
403.48	0.09999999999990905	TimeIntervals	Lick
403.5799999999999	0.10000000000007958	TimeIntervals	Reward
403.61350000000004	0.5	TimeIntervals	Lick
404.14675	0.06674999999995634	TimeIntervals	Lick
404.24675	0.0999999999999659	TimeIntervals	Lick
404.38	0.10024999999995998	TimeIntervals	Lick
404.5135	0.1999999999999318	TimeIntervals	Lick
404.747	0.0999999999999659	TimeIntervals	Lick
404.88024999999993	0.10000000000002274	TimeIntervals	Lick
405.0135	0.1999999999999318	TimeIntervals	Lick
405.247	0.0999999999999659	TimeIntervals	Lick
405.38024999999993	0.10000000000002274	TimeIntervals	Lick
405.5135	0.33349999999995816	TimeIntervals	Lick
405.8804999999999	0.10000000000002274	TimeIntervals	Lick
406.01374999999996	0.10000000000002274	TimeIntervals	Lick
406.14700000000005	0.39999999999997726	TimeIntervals	Lick
406.5805	0.10000000000007958	TimeIntervals	Lick
406.71399999999994	0.26650000000000773	TimeIntervals	Lick
407.01399999999995	0.3664999999999736	TimeIntervals	Lick
407.41400000000004	0.13324999999997544	TimeIntervals	Lick
407.61400000000003	0.0665000000000191	TimeIntervals	Lick
407.814	0.06674999999995634	TimeIntervals	Lick
407.91400000000004	0.09999999999990905	TimeIntervals	Lick
408.08074999999997	0.06675000000001319	TimeIntervals	Lick
408.314	0.30000000000001137	TimeIntervals	Lick
408.68075	0.0999999999999659	TimeIntervals	Lick
409.21425	0.10000000000002274	TimeIntervals	Lick
409.41425000000004	0.06674999999995634	TimeIntervals	Lick
409.581	0.0999999999999659	TimeIntervals	Lick
409.71425	0.10000000000002274	TimeIntervals	Lick
409.84749999999997	0.10025000000007367	TimeIntervals	Lick
410.0145	0.23324999999994134	TimeIntervals	Lick
410.28099999999995	0.10000000000007958	TimeIntervals	Lick
410.44775000000004	0.06674999999995634	TimeIntervals	Lick
411.18125000000003	0.06674999999995634	TimeIntervals	Lick
411.91450000000003	0.16674999999997908	TimeIntervals	Lick
412.6480000000001	0.09999999999990905	TimeIntervals	Lick
413.415	0.10000000000002274	TimeIntervals	Lick
413.9815	0.0999999999999659	TimeIntervals	Lick
415.2149999999999	0.03350000000000364	TimeIntervals	Lick
416.61550000000005	0.09999999999990905	TimeIntervals	Lick
417.01550000000003	0.10000000000002274	TimeIntervals	Lick
417.98224999999996	0.10000000000007958	TimeIntervals	Lick
420.3825	0.06675000000001319	TimeIntervals	Lick
420.98274999999995	0.10000000000002274	TimeIntervals	Lick
421.58275	0.1999999999999318	TimeIntervals	Lick
421.81600000000003	0.1999999999999318	TimeIntervals	Lick
422.0495	0.19999999999987494	TimeIntervals	Lick
422.28299999999996	0.0999999999999659	TimeIntervals	Lick
422.41625000000005	0.0667499999998995	TimeIntervals	Lick
422.51624999999996	0.10000000000007958	TimeIntervals	Lick
422.64950000000005	0.09999999999985221	TimeIntervals	Lick
422.78299999999996	1.0	TimeIntervals	Lick
422.8495	0.10000000000002274	TimeIntervals	Reward
423.8165000000001	0.19999999999987494	TimeIntervals	Lick
424.04975	0.0999999999999659	TimeIntervals	Lick
424.183	0.10024999999995998	TimeIntervals	Lick
424.3165000000001	0.0999999999999659	TimeIntervals	Lick
424.45	0.3332499999999641	TimeIntervals	Lick
424.8165000000001	0.0999999999999659	TimeIntervals	Lick
424.95	0.0999999999999659	TimeIntervals	Lick
425.08324999999996	0.10000000000002274	TimeIntervals	Lick
425.2165	0.10000000000007958	TimeIntervals	Lick
425.34999999999997	0.10000000000002274	TimeIntervals	Lick
425.4835	0.10000000000002274	TimeIntervals	Lick
425.61675	0.0999999999999659	TimeIntervals	Lick
425.75	0.266749999999945	TimeIntervals	Lick
426.04999999999995	0.10000000000002274	TimeIntervals	Lick
426.21675	0.06675000000001319	TimeIntervals	Lick
426.31675	0.10025000000007367	TimeIntervals	Lick
426.45025000000004	0.06674999999995634	TimeIntervals	Lick
426.7835	0.0999999999999659	TimeIntervals	Lick
426.95025000000004	0.06674999999995634	TimeIntervals	Lick
427.15024999999997	0.10000000000002274	TimeIntervals	Lick
427.317	0.06649999999996226	TimeIntervals	Lick
427.4835	0.03350000000000364	TimeIntervals	Lick
429.084	0.10000000000002274	TimeIntervals	Lick
429.3505	0.06675000000001319	TimeIntervals	Lick
429.61725	0.06675000000001319	TimeIntervals	Lick
431.1175	0.06675000000001319	TimeIntervals	Lick
432.3845	0.0665000000000191	TimeIntervals	Lick
432.8845	0.0665000000000191	TimeIntervals	Lick
433.4845000000001	0.0667499999998995	TimeIntervals	Lick
434.61800000000005	0.06674999999995634	TimeIntervals	Lick
434.918	0.0999999999999659	TimeIntervals	Lick
435.21824999999995	0.10000000000002274	TimeIntervals	Lick
435.98499999999996	0.20000000000004547	TimeIntervals	Lick
436.21824999999995	0.10025000000007367	TimeIntervals	Lick
436.35175000000004	0.0999999999999659	TimeIntervals	Lick
436.48499999999996	0.20000000000004547	TimeIntervals	Lick
436.71849999999995	0.10000000000007958	TimeIntervals	Lick
436.85175000000004	0.0999999999999659	TimeIntervals	Lick
436.98499999999996	0.06675000000001319	TimeIntervals	Lick
437.085	0.10000000000002274	TimeIntervals	Lick
437.21849999999995	0.20000000000010232	TimeIntervals	Lick
437.35175000000004	0.10025000000001683	TimeIntervals	Reward
437.45200000000006	0.3999999999999204	TimeIntervals	Lick
437.88525000000004	0.06675000000001319	TimeIntervals	Lick
437.98525	0.19999999999998863	TimeIntervals	Lick
438.21849999999995	0.10000000000007958	TimeIntervals	Lick
438.352	0.20000000000004547	TimeIntervals	Lick
438.58549999999997	0.19999999999998863	TimeIntervals	Lick
438.81874999999997	0.10000000000002274	TimeIntervals	Lick
438.95200000000006	0.3334999999999013	TimeIntervals	Lick
439.31874999999997	0.10000000000002274	TimeIntervals	Lick
439.45200000000006	0.0999999999999659	TimeIntervals	Lick
439.58549999999997	0.10000000000007958	TimeIntervals	Lick
439.71899999999994	0.10000000000007958	TimeIntervals	Lick
439.85224999999997	0.10000000000007958	TimeIntervals	Lick
439.9855	0.20000000000004547	TimeIntervals	Lick
440.28549999999996	0.06675000000001319	TimeIntervals	Lick
440.3854999999999	0.10000000000007958	TimeIntervals	Lick
440.55224999999996	0.06675000000007003	TimeIntervals	Lick
440.68550000000005	0.10024999999995998	TimeIntervals	Lick
440.88575	0.06675000000007003	TimeIntervals	Lick
441.05249999999995	0.06650000000007594	TimeIntervals	Lick
441.21899999999994	0.20000000000004547	TimeIntervals	Lick
441.519	0.06674999999995634	TimeIntervals	Lick
442.8525	0.06700000000000728	TimeIntervals	Lick
443.35274999999996	0.10000000000007958	TimeIntervals	Lick
444.153	0.0999999999999659	TimeIntervals	Lick
444.4195	0.06674999999995634	TimeIntervals	Lick
445.41975	0.10000000000002274	TimeIntervals	Lick
445.55300000000005	0.1999999999999318	TimeIntervals	Lick
445.7865	0.19999999999998863	TimeIntervals	Lick
446.01975000000004	0.10000000000002274	TimeIntervals	Lick
446.153	0.20024999999992588	TimeIntervals	Lick
446.42	0.06649999999996226	TimeIntervals	Lick
449.32025	0.06675000000001319	TimeIntervals	Lick
451.354	0.10000000000002274	TimeIntervals	Lick
452.654	0.0999999999999659	TimeIntervals	Lick
453.021	0.06649999999990541	TimeIntervals	Lick
454.62100000000004	0.06674999999995634	TimeIntervals	Lick
456.75474999999994	0.10000000000002274	TimeIntervals	Lick
457.5882499999999	0.10000000000007958	TimeIntervals	Lick
460.3885	0.10024999999995998	TimeIntervals	Lick
460.522	0.10000000000002274	TimeIntervals	Lick
461.7554999999999	0.06675000000012687	TimeIntervals	Lick
462.189	0.19999999999998863	TimeIntervals	Lick
462.4222500000001	0.09999999999985221	TimeIntervals	Lick
463.28900000000004	0.0999999999999659	TimeIntervals	Lick
463.4225	0.0999999999999659	TimeIntervals	Lick
463.55575	0.20025000000003956	TimeIntervals	Lick
463.78925	0.10000000000002274	TimeIntervals	Lick
463.9225	0.19999999999998863	TimeIntervals	Lick
464.156	0.10000000000002274	TimeIntervals	Lick
464.28925	0.19999999999998863	TimeIntervals	Lick
464.5225	0.10000000000002274	TimeIntervals	Lick
464.656	0.0665000000000191	TimeIntervals	Lick
464.7225	0.10000000000002274	TimeIntervals	Reward
464.75600000000003	0.766749999999945	TimeIntervals	Lick
465.556	0.2335000000000491	TimeIntervals	Lick
465.82275000000004	0.10000000000002274	TimeIntervals	Lick
465.9560000000001	0.10024999999990314	TimeIntervals	Lick
466.08950000000004	0.06674999999995634	TimeIntervals	Lick
466.18949999999995	0.10000000000007958	TimeIntervals	Lick
466.323	0.10000000000007958	TimeIntervals	Lick
466.45625	0.0999999999999659	TimeIntervals	Lick
466.58950000000004	0.09999999999990905	TimeIntervals	Lick
466.72299999999996	0.20000000000010232	TimeIntervals	Lick
466.95625	0.10024999999995998	TimeIntervals	Lick
467.08975	0.0999999999999659	TimeIntervals	Lick
467.22299999999996	0.6334999999999695	TimeIntervals	Lick
467.88975000000005	0.09999999999990905	TimeIntervals	Lick
468.02299999999997	0.10000000000007958	TimeIntervals	Lick
468.1565	0.10000000000002274	TimeIntervals	Lick
468.29	0.10000000000002274	TimeIntervals	Lick
468.45649999999995	0.06675000000001319	TimeIntervals	Lick
468.59	0.0665000000000191	TimeIntervals	Lick
468.68999999999994	0.06650000000007594	TimeIntervals	Lick
468.79	0.16649999999992815	TimeIntervals	Lick
468.98999999999995	0.0665000000000191	TimeIntervals	Lick
469.12325	0.10000000000002274	TimeIntervals	Lick
469.3235	0.0665000000000191	TimeIntervals	Lick
469.89000000000004	0.06674999999995634	TimeIntervals	Lick
470.29	0.16699999999997317	TimeIntervals	Lick
470.52349999999996	0.06675000000001319	TimeIntervals	Lick
471.657	0.06675000000001319	TimeIntervals	Lick
471.79049999999995	0.10000000000007958	TimeIntervals	Lick
472.89050000000003	0.0999999999999659	TimeIntervals	Lick
473.05724999999995	0.2667500000000018	TimeIntervals	Lick
474.19075	0.0999999999999659	TimeIntervals	Lick
477.35799999999995	0.03325000000000955	TimeIntervals	Lick
477.458	0.0999999999999659	TimeIntervals	Lick
478.19149999999996	0.10000000000002274	TimeIntervals	Lick
479.158	0.10024999999995998	TimeIntervals	Lick
479.325	0.0665000000000191	TimeIntervals	Lick
479.69149999999996	0.06675000000001319	TimeIntervals	Lick
481.19175	0.06674999999995634	TimeIntervals	Lick
481.72525	0.06674999999995634	TimeIntervals	Lick
482.12525	0.06675000000001319	TimeIntervals	Lick
482.32525000000004	0.10000000000002274	TimeIntervals	Lick
483.92550000000006	0.2999999999999545	TimeIntervals	Lick
484.25899999999996	0.0665000000000191	TimeIntervals	Lick
484.359	0.10000000000002274	TimeIntervals	Lick
484.49225	0.10000000000002274	TimeIntervals	Lick
484.6255	0.06700000000012096	TimeIntervals	Lick
484.72574999999995	0.20000000000010232	TimeIntervals	Lick
484.959	0.0999999999999659	TimeIntervals	Lick
485.0925	0.10000000000013642	TimeIntervals	Lick
485.12575	0.0999999999999659	TimeIntervals	Reward
485.22574999999995	0.466750000000161	TimeIntervals	Lick
485.72599999999994	0.10000000000007958	TimeIntervals	Lick
485.85925000000003	1.433499999999924	TimeIntervals	Lick
487.326	0.4667499999999336	TimeIntervals	Lick
487.826	0.23349999999999227	TimeIntervals	Lick
488.093	0.26650000000000773	TimeIntervals	Lick
488.393	0.10000000000002274	TimeIntervals	Lick
488.52625	0.10000000000002274	TimeIntervals	Lick
488.6595	0.3670000000000755	TimeIntervals	Lick
489.05974999999995	0.10000000000002274	TimeIntervals	Lick
489.3265	0.06649999999996226	TimeIntervals	Lick
489.4265	0.10000000000007958	TimeIntervals	Lick
489.55974999999995	0.16675000000003593	TimeIntervals	Lick
491.32675	0.10000000000002274	TimeIntervals	Lick
496.0607499999999	0.10000000000007958	TimeIntervals	Lick
496.194	0.06674999999995634	TimeIntervals	Lick
496.2939999999999	0.10000000000007958	TimeIntervals	Lick
496.4275	0.0999999999999659	TimeIntervals	Lick
496.56075	0.20025000000003956	TimeIntervals	Lick
496.79425	0.10000000000002274	TimeIntervals	Lick
496.9275	0.06674999999995634	TimeIntervals	Lick
497.0275	0.1999999999999318	TimeIntervals	Lick
497.261	0.0999999999999659	TimeIntervals	Lick
497.39425	0.06675000000001319	TimeIntervals	Lick
497.461	0.0999999999999659	TimeIntervals	Reward
497.49424999999997	1.0002500000001078	TimeIntervals	Lick
498.52775	0.3332499999999641	TimeIntervals	Lick
498.8945	0.19999999999998863	TimeIntervals	Lick
499.128	0.0999999999999659	TimeIntervals	Lick
499.26125	0.20000000000004547	TimeIntervals	Lick
499.4945000000001	0.3334999999998445	TimeIntervals	Lick
499.86125	0.8002500000000623	TimeIntervals	Lick
500.69475000000006	0.09999999999990905	TimeIntervals	Lick
500.8279999999999	0.40024999999997135	TimeIntervals	Lick
501.26149999999996	0.06675000000001319	TimeIntervals	Lick
501.3949999999999	0.06650000000007594	TimeIntervals	Lick
501.495	0.16650000000004184	TimeIntervals	Lick
501.7282499999999	0.23325000000011187	TimeIntervals	Lick
502.295	0.09999999999990905	TimeIntervals	Lick
502.42850000000004	0.06649999999996226	TimeIntervals	Lick
503.79525	0.0999999999999659	TimeIntervals	Lick
504.39525	0.06675000000012687	TimeIntervals	Lick
504.59549999999996	0.10000000000013642	TimeIntervals	Lick
505.12874999999997	0.03325000000000955	TimeIntervals	Lick
505.59549999999996	0.06675000000007003	TimeIntervals	Lick
506.1955000000001	0.0667499999998995	TimeIntervals	Lick
506.46225000000004	0.0999999999999659	TimeIntervals	Lick
507.79599999999994	0.06650000000013279	TimeIntervals	Lick
508.4292500000001	0.0999999999999659	TimeIntervals	Lick
509.1295	0.03325000000006639	TimeIntervals	Lick
510.32949999999994	0.06675000000001319	TimeIntervals	Lick
510.4295	0.10000000000002274	TimeIntervals	Lick
511.7965	0.0999999999999659	TimeIntervals	Lick
512.66325	0.06675000000007003	TimeIntervals	Lick
514.7635	0.06674999999995634	TimeIntervals	Lick
515.46375	0.06674999999995634	TimeIntervals	Lick
515.597	0.06674999999995634	TimeIntervals	Lick
515.897	0.06674999999995634	TimeIntervals	Lick
516.3305	0.0665000000000191	TimeIntervals	Lick
516.4304999999999	0.10000000000002274	TimeIntervals	Lick
516.564	0.06650000000013279	TimeIntervals	Lick
516.69725	0.06675000000007003	TimeIntervals	Lick
517.39725	0.06675000000007003	TimeIntervals	Lick
517.564	0.06675000000018372	TimeIntervals	Lick
517.7307500000001	0.06674999999995634	TimeIntervals	Lick
518.43075	0.06675000000007003	TimeIntervals	Lick
518.7975	0.10000000000002274	TimeIntervals	Lick
519.16425	0.10000000000002274	TimeIntervals	Lick
519.431	0.0665000000000191	TimeIntervals	Lick
519.56425	0.06674999999995634	TimeIntervals	Lick
519.7642500000001	0.16674999999997908	TimeIntervals	Lick
520.09775	0.3332500000000209	TimeIntervals	Lick
520.4645	0.06649999999990541	TimeIntervals	Lick
520.59775	0.10000000000002274	TimeIntervals	Lick
520.7645000000001	0.06649999999979173	TimeIntervals	Lick
520.9312499999999	0.06675000000018372	TimeIntervals	Lick
521.098	0.06650000000013279	TimeIntervals	Lick
521.23125	0.06674999999995634	TimeIntervals	Lick
521.3644999999999	0.06674999999995634	TimeIntervals	Lick
522.898	0.06675000000007003	TimeIntervals	Lick
523.5315	0.06674999999995634	TimeIntervals	Lick
524.165	0.16674999999997908	TimeIntervals	Lick
524.365	0.06674999999995634	TimeIntervals	Lick
525.3985	0.10000000000002274	TimeIntervals	Lick
525.532	0.06649999999990541	TimeIntervals	Lick
525.66525	0.06674999999995634	TimeIntervals	Lick
525.7652500000002	0.09999999999990905	TimeIntervals	Lick
525.8985	0.1999999999999318	TimeIntervals	Lick
526.1320000000001	0.09999999999990905	TimeIntervals	Lick
526.2652500000002	0.20024999999986903	TimeIntervals	Lick
526.49875	0.10000000000002274	TimeIntervals	Lick
526.6320000000001	0.09999999999990905	TimeIntervals	Lick
526.7655000000001	0.06649999999990541	TimeIntervals	Lick
526.832	0.10000000000002274	TimeIntervals	Reward
526.8655	0.6335000000000264	TimeIntervals	Lick
527.5322500000001	1.0667499999999563	TimeIntervals	Lick
528.6325	0.1999999999999318	TimeIntervals	Lick
528.8657499999999	0.8000000000001819	TimeIntervals	Lick
529.7325000000001	0.09999999999990905	TimeIntervals	Lick
529.866	0.3665000000000873	TimeIntervals	Lick
530.266	0.23324999999999818	TimeIntervals	Lick
530.5325	0.20000000000004547	TimeIntervals	Lick
530.866	0.10000000000002274	TimeIntervals	Lick
530.9995	0.10000000000013642	TimeIntervals	Lick
531.1660000000002	0.03349999999988995	TimeIntervals	Lick
531.2995	0.23325000000011187	TimeIntervals	Lick
531.866	0.06700000000000728	TimeIntervals	Lick
532.933	0.13350000000002638	TimeIntervals	Lick
533.7330000000001	0.23349999999993543	TimeIntervals	Lick
536.3335	0.06675000000007003	TimeIntervals	Lick
536.80025	0.06674999999984266	TimeIntervals	Lick
537.43375	0.06674999999995634	TimeIntervals	Lick
537.7337500000001	0.06674999999995634	TimeIntervals	Lick
537.8669999999998	0.06675000000018372	TimeIntervals	Lick
539.1005	0.06675000000007003	TimeIntervals	Lick
539.36725	0.06674999999995634	TimeIntervals	Lick
540.0007499999999	0.10000000000002274	TimeIntervals	Lick
540.434	0.06674999999995634	TimeIntervals	Lick
540.83425	0.06674999999995634	TimeIntervals	Lick
540.9675	0.06675000000007003	TimeIntervals	Lick
541.6675	0.10000000000013642	TimeIntervals	Lick
541.801	0.06674999999984266	TimeIntervals	Lick
542.1345	0.0665000000000191	TimeIntervals	Lick
542.3345	0.06649999999990541	TimeIntervals	Lick
542.501	0.06675000000018372	TimeIntervals	Lick
545.86825	0.1667499999998654	TimeIntervals	Lick
546.1015	0.06700000000000728	TimeIntervals	Lick
546.5685	0.0665000000000191	TimeIntervals	Lick
549.0355	0.06650000000013279	TimeIntervals	Lick
549.5355	0.06675000000007003	TimeIntervals	Lick
549.9022500000001	0.06674999999995634	TimeIntervals	Lick
552.2360000000001	0.10000000000002274	TimeIntervals	Lick
552.436	0.09999999999990905	TimeIntervals	Lick
552.56925	0.13325000000008913	TimeIntervals	Lick
554.003	0.0665000000000191	TimeIntervals	Lick
555.16975	0.3000000000000682	TimeIntervals	Lick
555.503	0.20000000000004547	TimeIntervals	Lick
555.7365000000001	0.10000000000002274	TimeIntervals	Lick
555.8697500000002	0.06674999999984266	TimeIntervals	Lick
555.9697500000001	0.06674999999995634	TimeIntervals	Lick
556.07	0.10000000000002274	TimeIntervals	Lick
556.2032500000001	0.6999999999999318	TimeIntervals	Lick
556.2365000000001	0.10000000000002274	TimeIntervals	Reward
556.9365	0.33350000000007185	TimeIntervals	Lick
557.3035000000001	0.3000000000000682	TimeIntervals	Lick
557.63675	0.3332500000000209	TimeIntervals	Lick
558.0035000000001	0.10000000000002274	TimeIntervals	Lick
558.13675	0.2002500000000964	TimeIntervals	Lick
558.3702500000002	0.09999999999990905	TimeIntervals	Lick
558.5035000000001	0.10000000000002274	TimeIntervals	Lick
558.6370000000001	0.5	TimeIntervals	Lick
559.1702500000001	0.09999999999990905	TimeIntervals	Lick
559.3035000000001	0.23349999999982174	TimeIntervals	Lick
559.5705000000002	0.09999999999990905	TimeIntervals	Lick
559.8705000000001	0.06649999999979173	TimeIntervals	Lick
560.1037500000001	0.10000000000002274	TimeIntervals	Lick
560.30375	0.13324999999986176	TimeIntervals	Lick
561.7375000000001	0.13324999999997544	TimeIntervals	Lick
566.90475	0.10000000000002274	TimeIntervals	Lick
570.2052500000001	0.06675000000007003	TimeIntervals	Lick
570.572	0.06675000000007003	TimeIntervals	Lick
570.672	0.10000000000013642	TimeIntervals	Lick
574.206	0.06650000000013279	TimeIntervals	Lick
574.4060000000001	0.1999999999999318	TimeIntervals	Lick
574.6392500000001	0.06674999999995634	TimeIntervals	Lick
574.7395	0.3332500000000209	TimeIntervals	Lick
575.106	0.20000000000015916	TimeIntervals	Lick
575.3395	0.20000000000004547	TimeIntervals	Lick
575.57275	0.5002499999999372	TimeIntervals	Lick
575.6395000000001	0.09999999999990905	TimeIntervals	Reward
576.10625	0.06675000000007003	TimeIntervals	Lick
576.2062500000001	0.20000000000004547	TimeIntervals	Lick
576.4395	0.20000000000015916	TimeIntervals	Lick
576.6730000000001	0.33349999999995816	TimeIntervals	Lick
577.03975	0.10000000000013642	TimeIntervals	Lick
577.1730000000001	0.09999999999990905	TimeIntervals	Lick
577.3065	0.3332500000001346	TimeIntervals	Lick
577.6730000000001	0.09999999999990905	TimeIntervals	Lick
577.8065	0.10000000000013642	TimeIntervals	Lick
577.9397499999999	0.10025000000018736	TimeIntervals	Lick
578.0732499999999	0.10000000000013642	TimeIntervals	Lick
578.2065	0.10000000000002274	TimeIntervals	Lick
578.3400000000001	0.0665000000000191	TimeIntervals	Lick
578.5065000000001	0.06674999999984266	TimeIntervals	Lick
578.6065000000001	0.06674999999995634	TimeIntervals	Lick
578.7732500000002	0.06674999999995634	TimeIntervals	Lick
578.97325	0.06675000000007003	TimeIntervals	Lick
579.4067500000001	0.06674999999984266	TimeIntervals	Lick
579.74	0.10000000000013642	TimeIntervals	Lick
580.0735	0.2335000000000491	TimeIntervals	Lick
580.6735000000001	0.10000000000002274	TimeIntervals	Lick
581.707	0.06675000000007003	TimeIntervals	Lick
581.9405	0.20000000000004547	TimeIntervals	Lick
583.1740000000001	0.06649999999990541	TimeIntervals	Lick
584.3407500000001	0.09999999999979536	TimeIntervals	Lick
587.108	0.10000000000002274	TimeIntervals	Lick
587.24125	0.06675000000007003	TimeIntervals	Lick
587.34125	0.20000000000015916	TimeIntervals	Lick
587.5745000000001	0.20000000000004547	TimeIntervals	Lick
587.8080000000001	0.10000000000002274	TimeIntervals	Lick
587.9415	0.0665000000000191	TimeIntervals	Lick
588.0415000000002	0.09999999999990905	TimeIntervals	Lick
588.208	0.10000000000013642	TimeIntervals	Lick
588.3415	0.20000000000015916	TimeIntervals	Lick
588.57475	0.10000000000013642	TimeIntervals	Lick
588.9415	0.10000000000013642	TimeIntervals	Lick
590.2750000000001	0.1334999999999127	TimeIntervals	Lick
591.37525	0.09999999999990905	TimeIntervals	Lick
595.509	0.1670000000001437	TimeIntervals	Lick
600.7432500000001	0.06675000000007003	TimeIntervals	Lick
600.84325	0.06674999999995634	TimeIntervals	Lick
602.7102500000001	0.2667500000000018	TimeIntervals	Lick
603.01025	0.30025000000011914	TimeIntervals	Lick
603.3437500000001	0.09999999999990905	TimeIntervals	Lick
603.4770000000001	0.1999999999999318	TimeIntervals	Lick
603.7105	0.10000000000013642	TimeIntervals	Lick
603.8437500000001	0.1999999999999318	TimeIntervals	Lick
603.9770000000001	0.10000000000002274	TimeIntervals	Reward
604.0770000000001	0.5002500000000509	TimeIntervals	Lick
604.6105000000001	0.06674999999984266	TimeIntervals	Lick
604.7105	0.10000000000013642	TimeIntervals	Lick
604.8440000000002	0.1999999999999318	TimeIntervals	Lick
605.0772500000002	0.09999999999979536	TimeIntervals	Lick
605.2105	0.46699999999998454	TimeIntervals	Lick
605.7107500000002	0.8667499999999109	TimeIntervals	Lick
606.6110000000001	0.10000000000002274	TimeIntervals	Lick
606.7442500000001	0.10000000000002274	TimeIntervals	Lick
606.8775	0.26674999999988813	TimeIntervals	Lick
607.1775	0.4667499999999336	TimeIntervals	Lick
607.7110000000001	0.06674999999984266	TimeIntervals	Lick
607.8445000000002	0.06649999999979173	TimeIntervals	Lick
607.97775	0.033249999999952706	TimeIntervals	Lick
608.0777500000002	0.09999999999990905	TimeIntervals	Lick
608.3110000000001	0.06674999999995634	TimeIntervals	Lick
608.4445	0.0665000000000191	TimeIntervals	Lick
608.5777500000002	0.06674999999984266	TimeIntervals	Lick
608.7110000000001	0.06674999999984266	TimeIntervals	Lick
608.8445000000002	0.06674999999984266	TimeIntervals	Lick
609.3780000000002	0.06649999999979173	TimeIntervals	Lick
611.045	0.10000000000013642	TimeIntervals	Lick
611.6782499999999	0.06675000000007003	TimeIntervals	Lick
614.2785000000001	0.10025000000007367	TimeIntervals	Lick
614.9455	0.09999999999990905	TimeIntervals	Lick
616.21225	0.06675000000007003	TimeIntervals	Lick
618.2460000000001	0.10000000000002274	TimeIntervals	Reward
618.4459999999999	2.1002500000000737	TimeIntervals	Lick
620.5794999999999	0.4670000000000982	TimeIntervals	Lick
621.07975	0.10000000000013642	TimeIntervals	Lick
621.2465000000001	0.5	TimeIntervals	Lick
621.77975	0.06675000000007003	TimeIntervals	Lick
621.8797500000002	0.4002499999999145	TimeIntervals	Lick
622.3800000000001	0.06649999999979173	TimeIntervals	Lick
622.5132500000001	0.1999999999999318	TimeIntervals	Lick
624.04675	0.03325000000006639	TimeIntervals	Lick
625.4469999999999	0.10000000000002274	TimeIntervals	Lick
625.7805000000001	0.0665000000000191	TimeIntervals	Lick
626.31375	0.06675000000018372	TimeIntervals	Lick
626.4805	0.06675000000007003	TimeIntervals	Lick
626.9472499999999	0.06675000000007003	TimeIntervals	Lick
627.0805	0.06674999999995634	TimeIntervals	Lick
628.4807500000001	0.06674999999995634	TimeIntervals	Lick
628.8475	0.06674999999995634	TimeIntervals	Lick
629.6475000000002	0.10024999999995998	TimeIntervals	Lick
630.0145000000001	0.033249999999952706	TimeIntervals	Lick
630.5145000000001	0.06649999999990541	TimeIntervals	Lick
631.0812500000001	0.10000000000002274	TimeIntervals	Lick
633.1815	0.06675000000007003	TimeIntervals	Lick
634.1817500000001	0.06675000000007003	TimeIntervals	Lick
634.2817500000001	0.10000000000002274	TimeIntervals	Lick
634.415	0.10000000000013642	TimeIntervals	Lick
634.5485	0.10000000000013642	TimeIntervals	Lick
634.6817500000001	0.10000000000002274	TimeIntervals	Lick
634.815	0.06675000000007003	TimeIntervals	Lick
634.915	0.20000000000004547	TimeIntervals	Lick
635.1485000000001	0.20000000000004547	TimeIntervals	Lick
635.2820000000002	0.09999999999990905	TimeIntervals	Reward
635.3820000000001	0.5	TimeIntervals	Lick
635.91525	0.06674999999995634	TimeIntervals	Lick
636.01525	0.1999999999999318	TimeIntervals	Lick
636.2485000000001	0.5670000000000073	TimeIntervals	Lick
636.84875	0.10000000000002274	TimeIntervals	Lick
636.982	0.06674999999995634	TimeIntervals	Lick
637.082	0.10000000000013642	TimeIntervals	Lick
637.2155	0.10000000000013642	TimeIntervals	Lick
637.34875	0.2002500000000964	TimeIntervals	Lick
637.58225	0.10000000000002274	TimeIntervals	Lick
637.7155	0.10000000000013642	TimeIntervals	Lick
637.849	0.09999999999990905	TimeIntervals	Lick
637.9822499999999	0.10000000000013642	TimeIntervals	Lick
638.1155	0.10000000000002274	TimeIntervals	Lick
638.249	0.13325000000008913	TimeIntervals	Lick
638.4155	0.10025000000007367	TimeIntervals	Lick
638.5490000000001	0.13350000000002638	TimeIntervals	Lick
638.7157500000001	0.06674999999995634	TimeIntervals	Lick
638.8157500000001	0.09999999999990905	TimeIntervals	Lick
639.2157500000001	0.13324999999997544	TimeIntervals	Lick
639.7825	0.06674999999995634	TimeIntervals	Lick
642.083	0.10000000000013642	TimeIntervals	Lick
642.2495	0.06675000000007003	TimeIntervals	Lick
642.5495	0.10000000000013642	TimeIntervals	Lick
643.1830000000001	0.1334999999999127	TimeIntervals	Lick
643.44975	0.36675000000002456	TimeIntervals	Lick
645.8835000000001	0.09999999999979536	TimeIntervals	Lick
646.1835000000001	0.06674999999984266	TimeIntervals	Lick
647.8505	0.0665000000000191	TimeIntervals	Lick
649.11725	0.06675000000007003	TimeIntervals	Lick
649.65075	0.16675000000009277	TimeIntervals	Lick
651.28425	0.10000000000002274	TimeIntervals	Lick
651.4174999999999	0.06675000000007003	TimeIntervals	Lick
655.6515	0.09999999999990905	TimeIntervals	Lick
655.785	0.06650000000024647	TimeIntervals	Lick
658.2185000000001	0.10025000000007367	TimeIntervals	Lick
658.3520000000001	0.06674999999984266	TimeIntervals	Lick
658.452	0.10000000000002274	TimeIntervals	Lick
658.5855	0.10000000000002274	TimeIntervals	Lick
658.7187500000001	0.06674999999995634	TimeIntervals	Lick
658.8187500000001	0.09999999999979536	TimeIntervals	Lick
658.952	0.06675000000007003	TimeIntervals	Lick
659.052	0.10000000000002274	TimeIntervals	Lick
659.1855	0.20000000000004547	TimeIntervals	Lick
659.4190000000001	0.09999999999990905	TimeIntervals	Lick
659.55225	0.10000000000013642	TimeIntervals	Lick
659.5855	0.10000000000002274	TimeIntervals	Reward
659.6855	0.4667500000000473	TimeIntervals	Lick
660.2190000000002	0.06649999999990541	TimeIntervals	Lick
660.3190000000001	0.10000000000002274	TimeIntervals	Lick
660.4525	0.0665000000000191	TimeIntervals	Lick
660.5525	0.10000000000013642	TimeIntervals	Lick
660.6857500000001	0.10000000000002274	TimeIntervals	Lick
660.8190000000001	0.1999999999999318	TimeIntervals	Lick
661.0525	0.3332500000000209	TimeIntervals	Lick
661.4190000000001	0.33349999999995816	TimeIntervals	Lick
661.7860000000002	0.09999999999979536	TimeIntervals	Lick
661.91925	0.09999999999990905	TimeIntervals	Lick
662.0525	0.10000000000013642	TimeIntervals	Lick
662.1860000000001	0.10000000000002274	TimeIntervals	Lick
662.31925	0.10000000000002274	TimeIntervals	Lick
662.4525	0.10000000000002274	TimeIntervals	Lick
662.5860000000001	0.10000000000002274	TimeIntervals	Lick
662.7195000000002	0.09999999999990905	TimeIntervals	Lick
662.85275	0.10000000000002274	TimeIntervals	Lick
663.0195	0.10000000000002274	TimeIntervals	Lick
663.15275	0.13325000000020282	TimeIntervals	Lick
663.3195000000001	0.09999999999990905	TimeIntervals	Lick
663.45275	0.06674999999995634	TimeIntervals	Lick
663.55275	0.10000000000002274	TimeIntervals	Lick
664.4530000000001	0.03324999999983902	TimeIntervals	Lick
664.553	0.16650000000015552	TimeIntervals	Lick
667.4535	0.06650000000013279	TimeIntervals	Lick
667.72	0.10000000000013642	TimeIntervals	Lick
669.4205000000001	0.13324999999997544	TimeIntervals	Lick
671.154	0.0665000000000191	TimeIntervals	Lick
671.254	0.10000000000013642	TimeIntervals	Lick
672.4539999999998	0.06700000000023465	TimeIntervals	Lick
673.321	0.06650000000013279	TimeIntervals	Lick
673.4209999999999	0.10000000000013642	TimeIntervals	Lick
674.48775	0.10000000000013642	TimeIntervals	Lick
676.3547500000001	0.06674999999984266	TimeIntervals	Lick
677.4549999999999	0.06650000000013279	TimeIntervals	Lick
677.7215	0.06675000000007003	TimeIntervals	Lick
677.855	0.06649999999990541	TimeIntervals	Lick
677.9549999999999	0.06650000000013279	TimeIntervals	Lick
678.855	0.3669999999999618	TimeIntervals	Lick
679.4219999999999	0.06650000000013279	TimeIntervals	Lick
679.5552499999999	0.06675000000007003	TimeIntervals	Lick
682.22225	0.06675000000018372	TimeIntervals	Lick
684.6225	0.06700000000000728	TimeIntervals	Lick
684.7560000000002	0.09999999999990905	TimeIntervals	Lick
684.8895000000002	0.09999999999979536	TimeIntervals	Lick
685.02275	0.06675000000007003	TimeIntervals	Lick
686.3895000000002	0.06674999999984266	TimeIntervals	Lick
688.6565000000002	0.06674999999995634	TimeIntervals	Lick
689.5567500000001	0.10000000000002274	TimeIntervals	Lick
689.69	0.06674999999995634	TimeIntervals	Lick
689.7900000000001	0.1999999999999318	TimeIntervals	Lick
690.0235	0.06650000000013279	TimeIntervals	Lick
690.1235	0.10000000000013642	TimeIntervals	Lick
690.2570000000001	0.1999999999999318	TimeIntervals	Lick
690.49025	0.10000000000002274	TimeIntervals	Lick
690.6235	0.2999999999999545	TimeIntervals	Lick
690.9235	0.10000000000002274	TimeIntervals	Reward
690.957	0.5	TimeIntervals	Lick
691.4905	0.20000000000015916	TimeIntervals	Lick
691.7237500000001	0.09999999999990905	TimeIntervals	Lick
691.857	0.33350000000018554	TimeIntervals	Lick
692.2237500000001	0.20024999999998272	TimeIntervals	Lick
692.45725	0.20000000000004547	TimeIntervals	Lick
692.6905000000002	0.09999999999990905	TimeIntervals	Lick
692.8240000000001	0.1999999999999318	TimeIntervals	Lick
693.05725	0.10000000000013642	TimeIntervals	Lick
693.1905000000002	0.09999999999990905	TimeIntervals	Lick
693.3240000000001	0.10000000000002274	TimeIntervals	Lick
693.4575000000001	0.09999999999990905	TimeIntervals	Lick
693.5907500000001	0.09999999999990905	TimeIntervals	Lick
693.7240000000002	0.09999999999990905	TimeIntervals	Lick
693.8575000000001	0.10000000000002274	TimeIntervals	Lick
693.9907499999999	0.2667500000001155	TimeIntervals	Lick
694.2907500000001	0.10000000000002274	TimeIntervals	Lick
694.4240000000001	0.1334999999999127	TimeIntervals	Lick
694.591	0.0665000000000191	TimeIntervals	Lick
694.6910000000001	0.16649999999992815	TimeIntervals	Lick
694.92425	0.06674999999995634	TimeIntervals	Lick
697.09125	0.03325000000006639	TimeIntervals	Lick
697.6580000000001	0.0665000000000191	TimeIntervals	Lick
698.4915000000001	0.06649999999990541	TimeIntervals	Lick
699.2915000000002	0.06674999999995634	TimeIntervals	Lick
699.625	0.16650000000015552	TimeIntervals	Lick
699.8250000000002	0.06649999999990541	TimeIntervals	Lick
700.4250000000001	0.06674999999984266	TimeIntervals	Lick
704.459	0.06675000000007003	TimeIntervals	Lick
706.226	0.10000000000002274	TimeIntervals	Reward
706.426	1.9669999999999845	TimeIntervals	Lick
708.42625	0.4667500000000473	TimeIntervals	Lick
708.9265	0.10000000000002274	TimeIntervals	Lick
709.093	0.10000000000013642	TimeIntervals	Lick
709.2265000000001	0.36649999999985994	TimeIntervals	Lick
709.6265	1.3670000000000755	TimeIntervals	Lick
711.02675	0.36675000000013824	TimeIntervals	Lick
711.4267500000001	0.36675000000002456	TimeIntervals	Lick
711.8267500000001	0.10000000000002274	TimeIntervals	Lick
711.96	0.09999999999990905	TimeIntervals	Lick
712.0935000000001	0.09999999999990905	TimeIntervals	Lick
712.2270000000001	0.10000000000002274	TimeIntervals	Lick
712.3602500000001	0.6332499999999754	TimeIntervals	Lick
713.027	0.09999999999990905	TimeIntervals	Lick
713.1935	0.10025000000018736	TimeIntervals	Lick
713.3270000000001	0.23349999999993543	TimeIntervals	Lick
713.5937500000001	0.09999999999990905	TimeIntervals	Lick
713.7270000000001	0.10000000000002274	TimeIntervals	Lick
713.8605000000001	0.09999999999990905	TimeIntervals	Lick
713.99375	0.10000000000013642	TimeIntervals	Lick
714.127	0.10000000000013642	TimeIntervals	Lick
714.2605000000001	0.1334999999999127	TimeIntervals	Lick
714.42725	0.06675000000007003	TimeIntervals	Lick
714.5272500000001	0.2667500000000018	TimeIntervals	Lick
714.8272500000002	0.1999999999999318	TimeIntervals	Lick
715.0940000000002	0.09999999999979536	TimeIntervals	Lick
715.5275	0.39999999999997726	TimeIntervals	Lick
715.994	0.06674999999995634	TimeIntervals	Lick
716.394	0.30025000000000546	TimeIntervals	Lick
717.0275	0.06675000000007003	TimeIntervals	Lick
717.3942499999999	0.10000000000013642	TimeIntervals	Lick
718.1610000000002	0.06674999999984266	TimeIntervals	Lick
719.36125	0.06674999999995634	TimeIntervals	Lick
719.76125	0.10025000000018736	TimeIntervals	Lick
721.095	0.10000000000002274	TimeIntervals	Lick
721.995	0.10000000000002274	TimeIntervals	Lick
722.1285000000001	0.06649999999990541	TimeIntervals	Lick
722.2285000000002	0.09999999999979536	TimeIntervals	Lick
722.3617500000001	0.09999999999990905	TimeIntervals	Lick
722.495	0.10000000000002274	TimeIntervals	Lick
722.6285000000001	0.06649999999990541	TimeIntervals	Lick
722.7285000000002	0.09999999999979536	TimeIntervals	Lick
722.8617500000001	0.06674999999984266	TimeIntervals	Lick
722.96175	0.10000000000002274	TimeIntervals	Lick
723.095	0.10025000000007367	TimeIntervals	Lick
723.2285000000002	0.06674999999995634	TimeIntervals	Lick
723.2620000000001	0.10000000000002274	TimeIntervals	Reward
723.3285	0.5	TimeIntervals	Lick
723.8620000000001	0.1999999999999318	TimeIntervals	Lick
724.0952500000001	0.10025000000007367	TimeIntervals	Lick
724.2287500000001	0.06674999999995634	TimeIntervals	Lick
724.32875	0.10000000000002274	TimeIntervals	Lick
724.462	0.33350000000007185	TimeIntervals	Lick
724.82875	0.10000000000002274	TimeIntervals	Lick
724.962	0.4670000000000982	TimeIntervals	Lick
725.46225	0.10000000000002274	TimeIntervals	Lick
725.5955	0.10000000000013642	TimeIntervals	Lick
725.7290000000002	0.7667499999998881	TimeIntervals	Lick
726.529	0.2335000000001628	TimeIntervals	Lick
726.7957500000001	0.06674999999995634	TimeIntervals	Lick
726.9290000000001	0.3000000000000682	TimeIntervals	Lick
727.2625000000002	0.06649999999979173	TimeIntervals	Lick
727.3625000000001	0.1999999999999318	TimeIntervals	Lick
728.6627500000001	0.09999999999990905	TimeIntervals	Lick
729.763	0.06649999999990541	TimeIntervals	Lick
731.6965	0.0665000000000191	TimeIntervals	Lick
732.3632500000002	0.06674999999972897	TimeIntervals	Lick
732.6300000000001	0.13324999999997544	TimeIntervals	Lick
733.2635	0.10000000000025011	TimeIntervals	Lick
734.0635000000002	0.09999999999979536	TimeIntervals	Lick
738.0975	0.06650000000013279	TimeIntervals	Lick
742.398	0.10000000000002274	TimeIntervals	Lick
742.5315	0.06649999999990541	TimeIntervals	Lick
742.6315	0.20000000000004547	TimeIntervals	Lick
742.8650000000001	0.06649999999990541	TimeIntervals	Lick
742.965	0.10000000000002274	TimeIntervals	Lick
743.09825	0.06675000000007003	TimeIntervals	Lick
743.19825	0.23324999999999818	TimeIntervals	Lick
743.465	0.0665000000000191	TimeIntervals	Lick
743.565	0.5	TimeIntervals	Lick
743.565	0.10000000000002274	TimeIntervals	Reward
744.0985	0.06650000000013279	TimeIntervals	Lick
744.1985	0.10000000000013642	TimeIntervals	Lick
744.3317500000002	0.06674999999984266	TimeIntervals	Lick
744.4317500000001	0.1999999999999318	TimeIntervals	Lick
744.6650000000001	0.10000000000002274	TimeIntervals	Lick
744.7985000000001	0.1999999999999318	TimeIntervals	Lick
745.0317500000001	0.33350000000007185	TimeIntervals	Lick
745.3985	0.1999999999999318	TimeIntervals	Lick
745.6320000000001	0.23325000000011187	TimeIntervals	Lick
745.8985	0.1999999999999318	TimeIntervals	Lick
746.1320000000001	0.09999999999990905	TimeIntervals	Lick
746.2655000000001	0.10000000000002274	TimeIntervals	Lick
746.3987500000001	0.09999999999990905	TimeIntervals	Lick
746.532	0.10000000000002274	TimeIntervals	Lick
746.6655000000001	0.10000000000002274	TimeIntervals	Lick
746.8320000000001	0.06674999999995634	TimeIntervals	Lick
746.9655	0.0665000000000191	TimeIntervals	Lick
747.83225	0.09999999999990905	TimeIntervals	Lick
749.099	0.06675000000007003	TimeIntervals	Lick
749.766	0.10000000000025011	TimeIntervals	Lick
750.2325	0.03350000000000364	TimeIntervals	Lick
752.6330000000002	0.09999999999990905	TimeIntervals	Lick
754.7665	0.06675000000018372	TimeIntervals	Lick
755.96675	0.06674999999984266	TimeIntervals	Lick
756.3002500000001	0.06674999999995634	TimeIntervals	Lick
758.03375	0.06674999999995634	TimeIntervals	Lick
758.8005000000002	0.09999999999990905	TimeIntervals	Lick
758.9340000000001	0.0665000000000191	TimeIntervals	Lick
759.0672500000001	0.06674999999995634	TimeIntervals	Lick
759.1672500000001	0.09999999999990905	TimeIntervals	Lick
761.601	0.10000000000002274	TimeIntervals	Lick
761.9345	0.10000000000002274	TimeIntervals	Lick
762.9345	0.10000000000002274	TimeIntervals	Lick
765.8682500000001	0.06674999999984266	TimeIntervals	Lick
767.93525	0.09999999999990905	TimeIntervals	Lick
768.9354999999999	0.0665000000000191	TimeIntervals	Lick
769.0354999999998	0.10000000000013642	TimeIntervals	Lick
769.1687500000002	0.1002499999998463	TimeIntervals	Lick
770.2022500000002	0.13324999999997544	TimeIntervals	Lick
772.7360000000001	0.10000000000002274	TimeIntervals	Lick
773.136	0.10000000000013642	TimeIntervals	Lick
774.53625	0.06675000000007003	TimeIntervals	Lick
774.63625	0.2002500000000964	TimeIntervals	Lick
774.8697500000002	0.09999999999990905	TimeIntervals	Lick
775.0030000000002	0.09999999999990905	TimeIntervals	Lick
775.1365000000001	0.20000000000004547	TimeIntervals	Lick
775.3697500000002	0.1999999999999318	TimeIntervals	Lick
775.6030000000001	0.06674999999995634	TimeIntervals	Lick
775.7030000000001	0.10000000000002274	TimeIntervals	Lick
775.8365000000001	0.09999999999979536	TimeIntervals	Lick
775.9364999999999	0.10000000000013642	TimeIntervals	Reward
775.97	0.0665000000000191	TimeIntervals	Lick
776.07	0.5	TimeIntervals	Lick
776.60325	0.10000000000013642	TimeIntervals	Lick
776.7365000000001	0.1999999999998181	TimeIntervals	Lick
776.97	0.10000000000002274	TimeIntervals	Lick
777.1035	0.20000000000015916	TimeIntervals	Lick
777.3367500000002	0.09999999999979536	TimeIntervals	Lick
777.47	0.1999999999999318	TimeIntervals	Lick
777.7035	0.10000000000025011	TimeIntervals	Lick
777.8367500000002	0.09999999999979536	TimeIntervals	Lick
777.97	0.10025000000007367	TimeIntervals	Lick
778.1035	0.20000000000015916	TimeIntervals	Lick
778.3370000000001	0.09999999999990905	TimeIntervals	Lick
778.4702500000001	0.2332499999998845	TimeIntervals	Lick
778.737	0.10000000000013642	TimeIntervals	Lick
778.9035	0.10000000000013642	TimeIntervals	Lick
779.0369999999999	0.10000000000013642	TimeIntervals	Lick
779.3037500000002	0.06674999999995634	TimeIntervals	Lick
779.437	0.06674999999995634	TimeIntervals	Lick
779.5369999999999	0.10000000000013642	TimeIntervals	Lick
779.737	0.06675000000018372	TimeIntervals	Lick
779.9705	0.16650000000004184	TimeIntervals	Lick
780.7705000000001	0.06674999999995634	TimeIntervals	Lick
783.6710000000002	0.06674999999984266	TimeIntervals	Lick
784.4709999999999	0.06675000000007003	TimeIntervals	Lick
784.6045	0.06674999999995634	TimeIntervals	Lick
784.7380000000002	0.09999999999990905	TimeIntervals	Lick
784.9045000000001	0.09999999999990905	TimeIntervals	Lick
785.1045	0.06674999999995634	TimeIntervals	Lick
785.3045000000001	0.10000000000002274	TimeIntervals	Lick
785.438	0.09999999999990905	TimeIntervals	Lick
786.9715	0.20000000000004547	TimeIntervals	Lick
787.8050000000002	0.09999999999990905	TimeIntervals	Lick
790.6387500000001	0.09999999999990905	TimeIntervals	Lick
790.8055	0.06650000000013279	TimeIntervals	Lick
790.9055	0.0665000000000191	TimeIntervals	Lick
792.8057500000001	0.09999999999990905	TimeIntervals	Lick
795.7730000000001	0.06649999999990541	TimeIntervals	Lick
796.00625	0.06674999999995634	TimeIntervals	Lick
796.1062499999999	0.10000000000013642	TimeIntervals	Lick
796.2395	0.06675000000007003	TimeIntervals	Lick
796.3730000000002	0.09999999999968168	TimeIntervals	Lick
796.50625	0.09999999999990905	TimeIntervals	Lick
796.6395000000001	0.1002499999998463	TimeIntervals	Lick
797.7065	0.10000000000002274	TimeIntervals	Lick
797.8400000000001	0.09999999999990905	TimeIntervals	Lick
798.0065	0.06674999999995634	TimeIntervals	Lick
799.1735000000001	0.10000000000002274	TimeIntervals	Lick
799.3067500000002	0.06674999999995634	TimeIntervals	Lick
799.4067500000001	0.09999999999990905	TimeIntervals	Lick
799.54	0.20000000000004547	TimeIntervals	Lick
799.7735000000001	0.10000000000002274	TimeIntervals	Lick
799.9067500000001	0.20024999999986903	TimeIntervals	Lick
800.14025	0.09999999999990905	TimeIntervals	Lick
800.2735000000001	0.6000000000000227	TimeIntervals	Lick
800.34025	0.10000000000013642	TimeIntervals	Reward
800.9070000000002	0.06649999999979173	TimeIntervals	Lick
801.0070000000001	0.09999999999990905	TimeIntervals	Lick
801.1405000000001	0.1999999999999318	TimeIntervals	Lick
801.3737500000002	0.09999999999979536	TimeIntervals	Lick
801.5070000000001	0.1999999999999318	TimeIntervals	Lick
801.7405	0.20000000000015916	TimeIntervals	Lick
801.97375	0.10000000000002274	TimeIntervals	Lick
802.107	0.10000000000002274	TimeIntervals	Lick
802.2405	0.10000000000002274	TimeIntervals	Lick
802.3740000000001	0.1999999999999318	TimeIntervals	Lick
802.60725	0.10000000000002274	TimeIntervals	Lick
802.7405	0.10000000000002274	TimeIntervals	Lick
802.8740000000001	0.09999999999990905	TimeIntervals	Lick
803.0072500000001	0.2332499999998845	TimeIntervals	Lick
803.2740000000001	0.10000000000002274	TimeIntervals	Lick
803.4075	0.2665000000000646	TimeIntervals	Lick
803.7075000000001	0.10000000000002274	TimeIntervals	Lick
803.8407500000001	0.09999999999990905	TimeIntervals	Lick
804.0075	0.0665000000000191	TimeIntervals	Lick
804.1407500000001	0.06674999999995634	TimeIntervals	Lick
804.2740000000001	0.30024999999989177	TimeIntervals	Lick
805.041	0.06649999999990541	TimeIntervals	Lick
806.708	0.10000000000013642	TimeIntervals	Lick
808.4414999999999	0.06650000000024647	TimeIntervals	Lick
809.0415000000002	0.09999999999979536	TimeIntervals	Lick
809.2415000000001	0.09999999999990905	TimeIntervals	Lick
809.4082500000001	0.10000000000002274	TimeIntervals	Lick
809.5415000000002	0.09999999999979536	TimeIntervals	Lick
809.6750000000001	0.20000000000004547	TimeIntervals	Lick
809.9085	0.09999999999990905	TimeIntervals	Lick
810.04175	0.20000000000004547	TimeIntervals	Lick
810.2750000000001	0.10000000000002274	TimeIntervals	Lick
810.4085	0.1999999999999318	TimeIntervals	Lick
810.6417500000001	0.09999999999990905	TimeIntervals	Lick
810.74175	0.10000000000002274	TimeIntervals	Reward
810.7750000000001	0.06674999999995634	TimeIntervals	Lick
810.8750000000001	1.0002499999999372	TimeIntervals	Lick
811.9085	0.09999999999990905	TimeIntervals	Lick
812.042	0.09999999999990905	TimeIntervals	Lick
812.1755000000002	0.1999999999999318	TimeIntervals	Lick
812.40875	0.4667500000000473	TimeIntervals	Lick
812.90875	0.09999999999990905	TimeIntervals	Lick
813.042	0.2335000000000491	TimeIntervals	Lick
813.3090000000001	0.09999999999990905	TimeIntervals	Lick
813.4422500000001	0.10000000000002274	TimeIntervals	Lick
813.5755	0.10000000000013642	TimeIntervals	Lick
813.7090000000002	0.09999999999990905	TimeIntervals	Lick
813.84225	0.10000000000002274	TimeIntervals	Lick
813.9754999999999	0.13350000000014006	TimeIntervals	Lick
814.14225	0.10000000000013642	TimeIntervals	Lick
814.2755000000001	0.10025000000007367	TimeIntervals	Lick
814.409	0.2667500000001155	TimeIntervals	Lick
814.7090000000002	0.09999999999990905	TimeIntervals	Lick
814.8425000000001	0.10000000000002274	TimeIntervals	Lick
815.0424999999999	0.03325000000018008	TimeIntervals	Lick
815.1425	0.10000000000013642	TimeIntervals	Lick
815.476	0.06649999999990541	TimeIntervals	Lick
816.0092500000001	0.09999999999990905	TimeIntervals	Lick
816.776	0.06675000000018372	TimeIntervals	Lick
816.9095	0.0665000000000191	TimeIntervals	Lick
817.04275	0.13325000000020282	TimeIntervals	Lick
817.54275	0.10025000000007367	TimeIntervals	Lick
818.0095	0.10000000000002274	TimeIntervals	Lick
818.37625	0.06674999999995634	TimeIntervals	Lick
818.6765000000001	0.20000000000004547	TimeIntervals	Lick
820.4432500000001	0.06674999999984266	TimeIntervals	Lick
822.9102499999999	0.03325000000006639	TimeIntervals	Lick
823.44375	0.09999999999990905	TimeIntervals	Lick
827.3110000000001	0.06649999999990541	TimeIntervals	Lick
832.8450000000001	0.06674999999984266	TimeIntervals	Lick
832.945	0.20024999999986903	TimeIntervals	Lick
833.1785	0.06675000000007003	TimeIntervals	Lick
833.2785000000001	0.10000000000002274	TimeIntervals	Lick
833.4119999999999	0.20000000000004547	TimeIntervals	Lick
833.6452499999999	0.20000000000038654	TimeIntervals	Lick
833.8785000000001	0.20024999999986903	TimeIntervals	Lick
834.112	0.5	TimeIntervals	Lick
834.112	0.10000000000013642	TimeIntervals	Reward
834.6455	0.20000000000015916	TimeIntervals	Lick
834.8787500000002	1.10024999999996	TimeIntervals	Lick
836.01225	0.10000000000013642	TimeIntervals	Lick
836.1455	0.3669999999999618	TimeIntervals	Lick
836.5457499999999	0.5	TimeIntervals	Lick
837.079	0.10000000000013642	TimeIntervals	Lick
837.2125000000001	0.09999999999990905	TimeIntervals	Lick
837.3460000000001	0.13324999999997544	TimeIntervals	Lick
837.5124999999999	0.10000000000013642	TimeIntervals	Lick
837.8125	0.09999999999990905	TimeIntervals	Lick
839.3460000000001	0.1999999999998181	TimeIntervals	Lick
840.4129999999999	0.13325000000008913	TimeIntervals	Reward
840.5794999999999	0.4002500000001419	TimeIntervals	Lick
841.0464999999999	2.200250000000324	TimeIntervals	Lick
843.2800000000001	0.36675000000002456	TimeIntervals	Lick
843.6800000000002	0.09999999999990905	TimeIntervals	Lick
843.8135000000001	0.09999999999990905	TimeIntervals	Lick
843.9469999999999	0.40000000000020464	TimeIntervals	Lick
844.4135	0.06674999999995634	TimeIntervals	Lick
844.68025	0.06675000000018372	TimeIntervals	Lick
845.647	0.1334999999999127	TimeIntervals	Lick
845.8470000000001	0.06674999999984266	TimeIntervals	Lick
845.9805	0.10000000000002274	TimeIntervals	Lick
846.5140000000001	0.09999999999990905	TimeIntervals	Lick
847.8475	0.0665000000000191	TimeIntervals	Lick
848.1475000000002	0.09999999999990905	TimeIntervals	Lick
848.314	0.16700000000003	TimeIntervals	Lick
848.51425	0.10000000000013642	TimeIntervals	Lick
848.6475000000002	0.09999999999990905	TimeIntervals	Lick
848.7810000000001	0.10000000000013642	TimeIntervals	Lick
848.9142499999999	0.10000000000002274	TimeIntervals	Lick
849.0474999999999	0.10000000000025011	TimeIntervals	Lick
849.181	0.0665000000000191	TimeIntervals	Lick
849.2810000000001	0.10000000000013642	TimeIntervals	Lick
849.4142499999999	0.10025000000007367	TimeIntervals	Lick
849.481	0.13350000000002638	TimeIntervals	Reward
849.5477500000001	0.36675000000002456	TimeIntervals	Lick
849.9477499999999	0.10000000000013642	TimeIntervals	Lick
850.081	0.4334999999999809	TimeIntervals	Lick
850.548	0.10000000000013642	TimeIntervals	Lick
850.68125	0.10000000000013642	TimeIntervals	Lick
850.8145000000001	0.4667500000000473	TimeIntervals	Lick
851.3145000000001	0.60024999999996	TimeIntervals	Lick
851.948	0.10000000000002274	TimeIntervals	Lick
852.0815	0.10000000000002274	TimeIntervals	Lick
852.2147500000001	0.09999999999990905	TimeIntervals	Lick
852.3480000000001	0.09999999999990905	TimeIntervals	Lick
852.4815000000001	0.09999999999990905	TimeIntervals	Lick
852.61475	0.10000000000013642	TimeIntervals	Lick
852.7815000000002	0.06674999999995634	TimeIntervals	Lick
852.8815000000001	0.06674999999984266	TimeIntervals	Lick
853.04825	0.06674999999995634	TimeIntervals	Lick
853.1482500000002	0.13324999999997544	TimeIntervals	Lick
853.3815000000001	0.03349999999988995	TimeIntervals	Lick
854.0485	0.10000000000002274	TimeIntervals	Lick
854.2150000000001	0.06674999999995634	TimeIntervals	Lick
854.5150000000001	0.06674999999984266	TimeIntervals	Lick
855.41525	0.06674999999995634	TimeIntervals	Lick
856.1487500000001	0.10000000000013642	TimeIntervals	Lick
856.94875	0.06675000000007003	TimeIntervals	Lick
858.1490000000001	0.09999999999990905	TimeIntervals	Lick
859.94925	0.10000000000002274	TimeIntervals	Lick
860.1492500000002	0.06674999999984266	TimeIntervals	Lick
860.416	0.06674999999995634	TimeIntervals	Lick
863.3830000000002	0.06674999999984266	TimeIntervals	Lick
863.5164999999998	0.06650000000013279	TimeIntervals	Lick
867.78375	0.4002500000000282	TimeIntervals	Lick
868.21725	0.10000000000002274	TimeIntervals	Lick
868.3505	0.10000000000002274	TimeIntervals	Lick
868.484	0.06650000000013279	TimeIntervals	Lick
868.5840000000002	0.09999999999990905	TimeIntervals	Lick
868.71725	0.06675000000007003	TimeIntervals	Lick
868.8172500000001	0.10000000000002274	TimeIntervals	Lick
868.8840000000001	0.09999999999990905	TimeIntervals	Reward
868.9505	0.46699999999987085	TimeIntervals	Lick
869.45075	0.10000000000025011	TimeIntervals	Lick
869.5840000000002	0.06674999999984266	TimeIntervals	Lick
869.6840000000001	0.10000000000002274	TimeIntervals	Lick
869.8175000000001	0.09999999999979536	TimeIntervals	Lick
869.95075	0.20000000000004547	TimeIntervals	Lick
870.1840000000001	0.5669999999998936	TimeIntervals	Lick
870.78425	0.1999999999999318	TimeIntervals	Lick
871.0174999999999	0.10000000000002274	TimeIntervals	Lick
871.151	0.10000000000002274	TimeIntervals	Lick
871.28425	0.10000000000013642	TimeIntervals	Lick
871.4174999999999	0.10025000000007367	TimeIntervals	Lick
871.551	0.09999999999990905	TimeIntervals	Lick
871.6845000000002	0.09999999999990905	TimeIntervals	Lick
871.8177500000002	0.26674999999988813	TimeIntervals	Lick
872.3177500000002	0.06674999999995634	TimeIntervals	Lick
872.65125	0.10000000000002274	TimeIntervals	Lick
873.218	0.06650000000013279	TimeIntervals	Lick
873.418	0.06649999999990541	TimeIntervals	Lick
873.8180000000002	0.09999999999979536	TimeIntervals	Lick
874.218	0.06675000000007003	TimeIntervals	Lick
874.3180000000002	0.09999999999979536	TimeIntervals	Lick
874.4847500000001	0.09999999999990905	TimeIntervals	Lick
874.6515	0.09999999999990905	TimeIntervals	Lick
874.785	0.10000000000025011	TimeIntervals	Lick
875.2515	0.06675000000018372	TimeIntervals	Lick
877.052	0.0665000000000191	TimeIntervals	Lick
879.8855000000001	0.06675000000007003	TimeIntervals	Lick
880.019	0.033249999999952706	TimeIntervals	Lick
880.119	0.10000000000013642	TimeIntervals	Lick
880.2525	0.10000000000002274	TimeIntervals	Lick
880.38575	0.13324999999997544	TimeIntervals	Lick
880.8190000000001	0.03350000000000364	TimeIntervals	Lick
881.7192500000001	0.06675000000007003	TimeIntervals	Lick
881.8525000000001	0.06674999999995634	TimeIntervals	Lick
881.986	0.13325000000008913	TimeIntervals	Lick
882.1525000000001	0.09999999999990905	TimeIntervals	Lick
883.486	0.06700000000000728	TimeIntervals	Lick
885.4865000000001	0.06649999999990541	TimeIntervals	Lick
885.5865000000001	0.1999999999999318	TimeIntervals	Lick
885.82	0.09999999999990905	TimeIntervals	Lick
885.9532500000001	0.06674999999984266	TimeIntervals	Lick
886.0532499999999	0.10000000000013642	TimeIntervals	Lick
886.1865	0.10000000000002274	TimeIntervals	Lick
886.32	0.09999999999990905	TimeIntervals	Lick
886.4532500000001	0.09999999999979536	TimeIntervals	Lick
886.5865000000001	0.09999999999990905	TimeIntervals	Lick
886.72	0.10000000000002274	TimeIntervals	Lick
886.8535000000002	0.1999999999998181	TimeIntervals	Lick
887.12	0.06675000000007003	TimeIntervals	Lick
887.38675	0.06674999999995634	TimeIntervals	Lick
887.5535	0.10000000000002274	TimeIntervals	Lick
887.6867500000001	0.09999999999990905	TimeIntervals	Lick
891.154	0.13350000000002638	TimeIntervals	Lick
891.4875000000001	0.10000000000002274	TimeIntervals	Lick
891.62075	0.10000000000002274	TimeIntervals	Lick
891.754	0.10000000000013642	TimeIntervals	Lick
891.8875000000002	0.13324999999986176	TimeIntervals	Lick
896.15475	0.10000000000002274	TimeIntervals	Lick
896.288	0.06675000000018372	TimeIntervals	Lick
896.3880000000001	0.10000000000002274	TimeIntervals	Lick
896.5215	0.20000000000015916	TimeIntervals	Lick
896.7550000000001	0.1999999999998181	TimeIntervals	Lick
896.9882500000001	0.09999999999990905	TimeIntervals	Lick
897.1215000000001	0.06674999999984266	TimeIntervals	Lick
897.2215000000001	0.09999999999990905	TimeIntervals	Lick
897.3550000000001	0.5	TimeIntervals	Lick
897.3550000000001	0.09999999999979536	TimeIntervals	Reward
897.8885	0.7999999999999545	TimeIntervals	Lick
898.72175	0.8334999999998445	TimeIntervals	Lick
899.5885	0.10000000000002274	TimeIntervals	Lick
899.7220000000001	0.10000000000002274	TimeIntervals	Lick
899.8552500000001	0.09999999999990905	TimeIntervals	Lick
899.9885	0.10024999999995998	TimeIntervals	Lick
900.1220000000002	0.13350000000002638	TimeIntervals	Lick
900.28875	0.10000000000002274	TimeIntervals	Lick
900.4219999999999	0.10000000000013642	TimeIntervals	Lick
900.5554999999999	0.13325000000008913	TimeIntervals	Lick
900.7220000000001	0.10000000000002274	TimeIntervals	Lick
900.8555	0.13324999999997544	TimeIntervals	Lick
901.022	0.10024999999995998	TimeIntervals	Lick
901.1555	0.13350000000014006	TimeIntervals	Lick
901.32225	0.06675000000007003	TimeIntervals	Lick
901.4555	0.03350000000000364	TimeIntervals	Lick
901.62225	0.06674999999995634	TimeIntervals	Lick
902.02225	0.033249999999952706	TimeIntervals	Lick
902.089	0.06649999999990541	TimeIntervals	Lick
902.7557500000001	0.06674999999984266	TimeIntervals	Lick
902.8890000000001	0.26674999999988813	TimeIntervals	Lick
903.189	0.26699999999993906	TimeIntervals	Lick
903.6560000000001	0.10000000000013642	TimeIntervals	Lick
903.8560000000001	1.8669999999999618	TimeIntervals	Lick
905.7562500000001	0.2332499999998845	TimeIntervals	Lick
906.023	0.20000000000004547	TimeIntervals	Lick
906.2562500000001	0.10000000000002274	TimeIntervals	Lick
906.3895000000002	0.09999999999979536	TimeIntervals	Lick
906.523	0.10000000000002274	TimeIntervals	Lick
906.6565000000002	0.13324999999986176	TimeIntervals	Lick
906.8565000000001	0.09999999999990905	TimeIntervals	Lick
906.98975	0.10000000000013642	TimeIntervals	Lick
907.1565000000002	0.09999999999990905	TimeIntervals	Lick
907.3230000000001	0.23349999999993543	TimeIntervals	Lick
907.5897500000001	0.10024999999995998	TimeIntervals	Lick
907.7232500000001	0.09999999999990905	TimeIntervals	Lick
907.92325	0.10000000000013642	TimeIntervals	Lick
908.0565	0.10000000000013642	TimeIntervals	Lick
908.3565000000001	0.09999999999990905	TimeIntervals	Lick
908.5232500000002	0.06674999999995634	TimeIntervals	Lick
908.8900000000001	0.09999999999990905	TimeIntervals	Lick
909.0567500000001	0.4667499999999336	TimeIntervals	Lick
909.6567500000001	0.30024999999989177	TimeIntervals	Lick
910.29025	0.06674999999995634	TimeIntervals	Lick
910.4235	0.20000000000015916	TimeIntervals	Lick
910.7235000000002	0.09999999999979536	TimeIntervals	Lick
911.1237500000002	0.09999999999979536	TimeIntervals	Lick
911.2570000000002	0.23349999999982174	TimeIntervals	Lick
912.057	0.2002500000000964	TimeIntervals	Lick
913.5907500000001	0.20000000000004547	TimeIntervals	Lick
915.7577500000001	0.06674999999995634	TimeIntervals	Lick
916.69125	0.10000000000025011	TimeIntervals	Lick
916.9245	0.16674999999997908	TimeIntervals	Lick
918.1580000000001	0.13350000000002638	TimeIntervals	Lick
918.4247500000001	0.1667499999998654	TimeIntervals	Lick
923.7922500000002	0.09999999999979536	TimeIntervals	Lick
924.5925000000001	0.0665000000000191	TimeIntervals	Lick
924.759	0.06675000000007003	TimeIntervals	Lick
927.3927500000001	0.1002499999998463	TimeIntervals	Lick
927.893	0.16649999999992815	TimeIntervals	Lick
928.093	0.10000000000013642	TimeIntervals	Lick
928.2262499999999	0.10000000000013642	TimeIntervals	Lick
928.3594999999999	0.10000000000013642	TimeIntervals	Lick
928.4929999999999	0.10000000000002274	TimeIntervals	Lick
928.6264999999999	0.7332500000002256	TimeIntervals	Lick
928.6597500000003	0.09999999999979536	TimeIntervals	Reward
929.393	0.06674999999995634	TimeIntervals	Lick
929.4929999999999	0.10000000000002274	TimeIntervals	Lick
929.6264999999999	0.20000000000027285	TimeIntervals	Lick
929.86	0.20000000000004547	TimeIntervals	Lick
930.09325	0.23325000000011187	TimeIntervals	Lick
930.36	0.3664999999999736	TimeIntervals	Lick
930.7600000000002	0.23349999999982174	TimeIntervals	Lick
931.0267499999999	0.36675000000013824	TimeIntervals	Lick
931.4267500000001	0.09999999999979536	TimeIntervals	Lick
931.5600000000001	0.10000000000013642	TimeIntervals	Lick
931.72675	0.10000000000002274	TimeIntervals	Lick
931.86	0.10025000000007367	TimeIntervals	Lick
932.0269999999999	0.06650000000013279	TimeIntervals	Lick
932.1602500000001	0.09999999999990905	TimeIntervals	Lick
932.2935000000001	0.09999999999990905	TimeIntervals	Lick
932.4935	0.03349999999988995	TimeIntervals	Lick
932.627	0.10000000000013642	TimeIntervals	Lick
933.1937500000001	0.2332499999998845	TimeIntervals	Lick
933.7270000000001	0.06675000000007003	TimeIntervals	Lick
940.49475	0.06675000000007003	TimeIntervals	Lick
942.26175	0.06675000000007003	TimeIntervals	Lick
942.3617500000001	0.09999999999990905	TimeIntervals	Lick
942.8620000000001	0.1999999999999318	TimeIntervals	Lick
943.0952500000001	0.20000000000004547	TimeIntervals	Lick
943.3285000000001	0.09999999999990905	TimeIntervals	Lick
943.462	0.10000000000002274	TimeIntervals	Lick
943.5952500000001	0.06675000000007003	TimeIntervals	Lick
943.6952500000001	0.10000000000002274	TimeIntervals	Lick
943.8285000000001	0.09999999999990905	TimeIntervals	Lick
943.962	0.10000000000002274	TimeIntervals	Lick
943.962	0.10000000000002274	TimeIntervals	Reward
944.0955000000001	0.0665000000000191	TimeIntervals	Lick
944.1955000000002	0.8664999999998599	TimeIntervals	Lick
945.0955000000001	0.2335000000000491	TimeIntervals	Lick
945.3622500000001	0.7332499999999982	TimeIntervals	Lick
946.1289999999999	0.20000000000027285	TimeIntervals	Lick
946.3625000000001	0.10000000000013642	TimeIntervals	Lick
946.49575	0.10000000000013642	TimeIntervals	Lick
946.6289999999999	0.10000000000025011	TimeIntervals	Lick
946.7624999999999	0.10000000000013642	TimeIntervals	Lick
946.8957500000001	0.26674999999988813	TimeIntervals	Lick
947.1957500000001	0.10025000000007367	TimeIntervals	Lick
947.3292500000001	0.26674999999988813	TimeIntervals	Lick
947.62925	0.06675000000007003	TimeIntervals	Lick
947.7624999999999	0.06675000000018372	TimeIntervals	Lick
948.096	0.033249999999952706	TimeIntervals	Lick
948.196	0.10000000000013642	TimeIntervals	Lick
948.4960000000001	0.09999999999990905	TimeIntervals	Lick
948.7960000000002	0.09999999999990905	TimeIntervals	Lick
948.9295000000001	0.0665000000000191	TimeIntervals	Lick
949.0627499999999	0.10000000000002274	TimeIntervals	Lick
949.6295	0.06674999999995634	TimeIntervals	Lick
950.1295	0.10000000000013642	TimeIntervals	Lick
951.2297500000002	0.09999999999979536	TimeIntervals	Reward
951.263	0.06674999999995634	TimeIntervals	Lick
951.3630000000002	0.7669999999999391	TimeIntervals	Lick
952.16325	0.8002500000000055	TimeIntervals	Lick
952.99675	0.10000000000002274	TimeIntervals	Lick
953.1300000000001	0.09999999999990905	TimeIntervals	Lick
953.2635	0.3332500000000209	TimeIntervals	Lick
953.6300000000001	0.09999999999990905	TimeIntervals	Lick
953.7635	0.10000000000025011	TimeIntervals	Lick
953.897	0.09999999999990905	TimeIntervals	Lick
954.0302499999999	0.10000000000025011	TimeIntervals	Lick
954.1635	0.1334999999999127	TimeIntervals	Lick
954.3302500000001	0.09999999999979536	TimeIntervals	Lick
954.4635	0.10000000000002274	TimeIntervals	Lick
954.5970000000002	0.09999999999979536	TimeIntervals	Lick
954.7635	0.10000000000025011	TimeIntervals	Lick
954.897	0.09999999999990905	TimeIntervals	Lick
955.0305	0.10000000000013642	TimeIntervals	Lick
955.197	0.06675000000007003	TimeIntervals	Lick
955.3305	0.0665000000000191	TimeIntervals	Lick
955.497	0.16675000000009277	TimeIntervals	Lick
955.697	0.09999999999990905	TimeIntervals	Lick
955.897	0.09999999999990905	TimeIntervals	Lick
956.09725	0.20000000000004547	TimeIntervals	Lick
956.6305000000001	0.06674999999995634	TimeIntervals	Lick
957.6307500000001	0.09999999999990905	TimeIntervals	Lick
958.2642500000001	0.06674999999995634	TimeIntervals	Lick
958.431	0.03324999999983902	TimeIntervals	Lick
958.931	0.09999999999990905	TimeIntervals	Lick
959.9644999999999	0.10000000000002274	TimeIntervals	Lick
960.0977499999999	0.16675000000020646	TimeIntervals	Lick
960.2977500000001	0.20024999999998272	TimeIntervals	Lick
960.53125	0.1999999999999318	TimeIntervals	Lick
960.7645000000001	0.10000000000002274	TimeIntervals	Lick
960.898	0.1999999999999318	TimeIntervals	Lick
961.1312500000001	0.23324999999999818	TimeIntervals	Lick
961.3312500000001	0.09999999999990905	TimeIntervals	Reward
961.398	0.466750000000161	TimeIntervals	Lick
961.898	0.6999999999999318	TimeIntervals	Lick
962.6315000000001	0.1999999999999318	TimeIntervals	Lick
962.8650000000001	0.09999999999990905	TimeIntervals	Lick
962.9982500000001	0.1999999999999318	TimeIntervals	Lick
963.2315000000001	0.09999999999990905	TimeIntervals	Lick
963.3650000000001	0.09999999999990905	TimeIntervals	Lick
963.4982500000001	0.09999999999990905	TimeIntervals	Lick
963.6315000000001	0.10000000000002274	TimeIntervals	Lick
963.7650000000001	0.1999999999999318	TimeIntervals	Lick
963.9985000000001	0.10000000000002274	TimeIntervals	Lick
964.1317500000001	0.09999999999990905	TimeIntervals	Lick
964.2650000000001	0.1334999999999127	TimeIntervals	Lick
964.4317500000001	0.06675000000007003	TimeIntervals	Lick
964.5317500000001	0.13324999999997544	TimeIntervals	Lick
964.6985	0.10000000000013642	TimeIntervals	Lick
964.8320000000001	0.09999999999990905	TimeIntervals	Lick
964.96525	0.23324999999999818	TimeIntervals	Lick
965.2985000000001	0.03350000000000364	TimeIntervals	Lick
965.432	0.06650000000013279	TimeIntervals	Lick
965.5985000000002	0.06674999999984266	TimeIntervals	Lick
966.032	0.06674999999995634	TimeIntervals	Lick
966.8320000000001	0.09999999999990905	TimeIntervals	Lick
968.7325	0.06650000000013279	TimeIntervals	Lick
969.0325	0.13325000000008913	TimeIntervals	Lick
970.8995000000001	0.06649999999990541	TimeIntervals	Lick
972.69975	0.06675000000018372	TimeIntervals	Lick
972.9997500000001	0.06674999999984266	TimeIntervals	Lick
973.1665000000002	0.06649999999979173	TimeIntervals	Lick
976.1335000000001	0.10000000000002274	TimeIntervals	Lick
979.8675	0.06649999999990541	TimeIntervals	Lick
983.068	0.06650000000013279	TimeIntervals	Lick
984.2014999999999	0.1000000000003638	TimeIntervals	Lick
984.33475	0.06675000000007003	TimeIntervals	Lick
985.135	0.06649999999990541	TimeIntervals	Lick
987.33525	0.06674999999995634	TimeIntervals	Lick
987.4352500000002	0.1999999999999318	TimeIntervals	Lick
987.6685000000002	0.1999999999999318	TimeIntervals	Lick
987.9019999999999	0.20000000000015916	TimeIntervals	Lick
988.1355000000001	0.1999999999998181	TimeIntervals	Lick
988.36875	0.10000000000002274	TimeIntervals	Lick
988.5019999999998	0.0667500000002974	TimeIntervals	Lick
988.6020000000001	0.10000000000013642	TimeIntervals	Lick
988.6687500000002	0.09999999999990905	TimeIntervals	Reward
988.7355	0.599999999999909	TimeIntervals	Lick
989.369	0.10000000000013642	TimeIntervals	Lick
989.5022499999999	0.20000000000027285	TimeIntervals	Lick
989.7355	0.09999999999990905	TimeIntervals	Lick
989.869	0.20000000000004547	TimeIntervals	Lick
990.1025000000001	0.10000000000002274	TimeIntervals	Lick
990.23575	0.10000000000013642	TimeIntervals	Lick
990.369	0.10000000000013642	TimeIntervals	Lick
990.5024999999999	0.3332500000002483	TimeIntervals	Lick
990.869	0.10000000000013642	TimeIntervals	Lick
991.0024999999999	0.10000000000013642	TimeIntervals	Lick
991.1357499999999	0.10025000000018736	TimeIntervals	Lick
991.2692500000002	0.09999999999990905	TimeIntervals	Lick
991.4025	0.09999999999990905	TimeIntervals	Lick
991.536	0.13325000000020282	TimeIntervals	Lick
991.836	0.0665000000000191	TimeIntervals	Lick
991.9692500000001	0.10000000000002274	TimeIntervals	Lick
992.2025000000001	0.06675000000007003	TimeIntervals	Lick
992.3025000000002	0.0669999999997799	TimeIntervals	Lick
992.4695	0.06649999999990541	TimeIntervals	Lick
994.0695000000002	0.09999999999990905	TimeIntervals	Lick
994.9697500000001	0.13324999999986176	TimeIntervals	Reward
995.103	0.7670000000001664	TimeIntervals	Lick
995.9032500000002	1.6335000000000264	TimeIntervals	Lick
997.57	0.09999999999990905	TimeIntervals	Lick
997.7035000000002	0.33349999999995816	TimeIntervals	Lick
998.0702500000001	0.13325000000008913	TimeIntervals	Lick
998.237	0.10000000000025011	TimeIntervals	Lick
998.3702499999999	0.1000000000003638	TimeIntervals	Lick
998.5370000000001	0.09999999999990905	TimeIntervals	Lick
998.67025	0.06674999999995634	TimeIntervals	Lick
998.8035000000002	0.06674999999972897	TimeIntervals	Lick
999.1370000000001	0.06675000000007003	TimeIntervals	Lick
999.5370000000001	0.06674999999995634	TimeIntervals	Lick
999.9369999999999	0.06700000000000728	TimeIntervals	Lick
1000.0705000000002	0.06674999999984266	TimeIntervals	Lick
1000.3040000000002	0.06649999999979173	TimeIntervals	Lick
1000.404	0.09999999999990905	TimeIntervals	Lick
1000.7372500000001	0.10000000000025011	TimeIntervals	Lick
1000.8705	0.10000000000013642	TimeIntervals	Lick
1001.0372500000001	0.06674999999984266	TimeIntervals	Lick
1001.1707500000001	0.09999999999990905	TimeIntervals	Lick
1001.3040000000002	0.09999999999979536	TimeIntervals	Lick
1001.5374999999999	0.10000000000002274	TimeIntervals	Lick
1001.7040000000001	0.10000000000013642	TimeIntervals	Lick
1001.8375000000002	0.13324999999997544	TimeIntervals	Lick
1002.0039999999999	0.10000000000002274	TimeIntervals	Lick
1002.1374999999999	0.10000000000013642	TimeIntervals	Lick
1002.3042500000001	0.06674999999995634	TimeIntervals	Lick
1002.40425	0.20000000000015916	TimeIntervals	Lick
1002.6374999999999	0.10000000000013642	TimeIntervals	Lick
1002.7709999999998	0.10000000000025011	TimeIntervals	Lick
1002.90425	0.06674999999995634	TimeIntervals	Lick
1002.971	0.10000000000013642	TimeIntervals	Reward
1003.00425	0.6334999999999127	TimeIntervals	Lick
1003.6710000000002	0.09999999999968168	TimeIntervals	Lick
1003.8045000000001	0.1999999999999318	TimeIntervals	Lick
1004.0377500000001	0.20000000000015916	TimeIntervals	Lick
1004.2709999999998	0.6002500000001874	TimeIntervals	Lick
1004.9044999999999	0.10000000000013642	TimeIntervals	Lick
1005.038	0.10000000000002274	TimeIntervals	Lick
1005.1712500000003	0.09999999999979536	TimeIntervals	Lick
1005.3045000000001	0.09999999999979536	TimeIntervals	Lick
1005.4379999999999	0.36675000000025193	TimeIntervals	Lick
1005.8380000000001	0.2667500000001155	TimeIntervals	Lick
1006.138	0.1334999999999127	TimeIntervals	Lick
1006.3047500000001	0.09999999999979536	TimeIntervals	Lick
1006.4379999999999	0.10000000000013642	TimeIntervals	Lick
1006.5715	0.13350000000002638	TimeIntervals	Lick
1006.7382500000002	0.10000000000002274	TimeIntervals	Lick
1006.8715000000001	0.23349999999993543	TimeIntervals	Lick
1007.1715000000003	0.06674999999995634	TimeIntervals	Lick
1007.305	0.06650000000013279	TimeIntervals	Lick
1007.905	0.16675000000020646	TimeIntervals	Lick
1008.17175	0.06675000000007003	TimeIntervals	Lick
1008.5050000000001	0.06675000000007003	TimeIntervals	Lick
1009.30525	0.06675000000018372	TimeIntervals	Lick
1009.9387499999998	0.06675000000018372	TimeIntervals	Lick
1010.9055	0.10000000000002274	TimeIntervals	Lick
1015.6395000000002	0.06674999999984266	TimeIntervals	Lick
1016.0395000000001	0.10000000000013642	TimeIntervals	Lick
1017.9732500000001	0.09999999999979536	TimeIntervals	Lick
1018.1065000000001	0.06674999999995634	TimeIntervals	Lick
1018.2065	0.10000000000002274	TimeIntervals	Lick
1018.34	0.09999999999990905	TimeIntervals	Lick
1018.4732500000001	0.20024999999998272	TimeIntervals	Lick
1018.7067500000002	0.1999999999998181	TimeIntervals	Lick
1018.9399999999999	0.20000000000015916	TimeIntervals	Lick
1019.1735000000001	0.20000000000027285	TimeIntervals	Lick
1019.2735	0.13324999999997544	TimeIntervals	Reward
1019.40675	0.9667500000003884	TimeIntervals	Lick
1020.407	0.23325000000022555	TimeIntervals	Lick
1020.6735000000001	0.20000000000027285	TimeIntervals	Lick
1020.907	0.6000000000001364	TimeIntervals	Lick
1021.5737499999999	0.20000000000015916	TimeIntervals	Lick
1021.807	0.10000000000002274	TimeIntervals	Lick
1021.9404999999998	0.10000000000013642	TimeIntervals	Lick
1022.0739999999997	0.10000000000025011	TimeIntervals	Lick
1022.2072499999999	0.13325000000008913	TimeIntervals	Lick
1022.3740000000003	0.09999999999979536	TimeIntervals	Lick
1022.7072499999999	0.06675000000018372	TimeIntervals	Lick
1022.8405	0.06675000000007003	TimeIntervals	Lick
1023.0072500000002	0.0667499999995016	TimeIntervals	Lick
1023.2075	0.10000000000013642	TimeIntervals	Lick
1023.7740000000001	0.10000000000013642	TimeIntervals	Lick
1024.7410000000002	0.23324999999999818	TimeIntervals	Lick
1027.9415000000001	0.06649999999990541	TimeIntervals	Lick
1031.1419999999998	0.06650000000013279	TimeIntervals	Lick
1031.2752500000001	0.06674999999972897	TimeIntervals	Lick
1031.4085	0.23349999999982174	TimeIntervals	Lick
1031.6752499999998	0.20025000000032378	TimeIntervals	Lick
1031.90875	0.09999999999990905	TimeIntervals	Lick
1032.0419999999997	0.20000000000050022	TimeIntervals	Lick
1032.2755000000002	0.09999999999990905	TimeIntervals	Lick
1032.40875	0.1999999999998181	TimeIntervals	Lick
1032.6419999999998	0.1000000000003638	TimeIntervals	Reward
1032.6419999999998	0.1000000000003638	TimeIntervals	Lick
1032.7755000000002	0.36674999999991087	TimeIntervals	Lick
1033.1755	0.06674999999995634	TimeIntervals	Lick
1033.2755000000002	0.23349999999982174	TimeIntervals	Lick
1033.54225	0.06674999999972897	TimeIntervals	Lick
1033.64225	0.09999999999990905	TimeIntervals	Lick
1033.7755000000002	0.5669999999995525	TimeIntervals	Lick
1034.3757500000002	0.10000000000013642	TimeIntervals	Lick
1034.509	0.09999999999968168	TimeIntervals	Lick
1034.6425	0.1999999999998181	TimeIntervals	Lick
1034.8757500000002	0.10000000000013642	TimeIntervals	Lick
1035.009	0.09999999999968168	TimeIntervals	Lick
1035.1425	0.1000000000003638	TimeIntervals	Lick
1035.276	0.5	TimeIntervals	Lick
1035.80925	0.10000000000013642	TimeIntervals	Lick
1035.9425	0.1334999999999127	TimeIntervals	Lick
1036.276	0.06674999999972897	TimeIntervals	Lick
1036.64275	0.06674999999972897	TimeIntervals	Lick
1038.9097500000003	0.06674999999995634	TimeIntervals	Lick
1039.2765	0.10000000000013642	TimeIntervals	Lick
1039.81	0.1000000000003638	TimeIntervals	Lick
1039.9765000000002	0.09999999999968168	TimeIntervals	Reward
1040.14325	2.7672500000001037	TimeIntervals	Lick
1042.9437500000001	0.10000000000013642	TimeIntervals	Lick
1043.077	0.09999999999990905	TimeIntervals	Lick
1043.2105	0.10000000000013642	TimeIntervals	Lick
1043.34375	0.10000000000013642	TimeIntervals	Lick
1043.477	0.09999999999990905	TimeIntervals	Lick
1043.6105	0.4335000000000946	TimeIntervals	Lick
1044.07725	0.09999999999990905	TimeIntervals	Lick
1044.244	0.20000000000004547	TimeIntervals	Lick
1044.544	0.06649999999990541	TimeIntervals	Lick
1044.7105	0.06675000000041109	TimeIntervals	Lick
1045.1775	0.10000000000013642	TimeIntervals	Lick
1046.0775	0.09999999999990905	TimeIntervals	Lick
1046.24425	0.09999999999990905	TimeIntervals	Lick
1046.5775	0.06674999999995634	TimeIntervals	Lick
1046.74425	0.09999999999990905	TimeIntervals	Lick
1048.4445000000003	0.0667499999995016	TimeIntervals	Lick
1048.8112500000002	0.06674999999972897	TimeIntervals	Lick
1048.9112500000003	0.0999999999994543	TimeIntervals	Lick
1049.0445000000002	0.09999999999990905	TimeIntervals	Lick
1049.178	0.10000000000013642	TimeIntervals	Lick
1049.3112500000002	0.10000000000013642	TimeIntervals	Lick
1049.4445000000003	0.10024999999973261	TimeIntervals	Lick
1049.578	0.10000000000013642	TimeIntervals	Lick
1049.7115	0.10000000000013642	TimeIntervals	Lick
1049.84475	0.20000000000004547	TimeIntervals	Lick
1049.9780000000003	0.09999999999968168	TimeIntervals	Reward
1050.078	0.36674999999991087	TimeIntervals	Lick
1050.4780000000003	0.9334999999996398	TimeIntervals	Lick
1051.445	0.20000000000004547	TimeIntervals	Lick
1051.6785000000002	0.33324999999990723	TimeIntervals	Lick
1052.045	0.09999999999990905	TimeIntervals	Lick
1052.1785000000002	0.09999999999990905	TimeIntervals	Lick
1052.31175	0.10000000000013642	TimeIntervals	Lick
1052.445	0.10000000000013642	TimeIntervals	Lick
1052.5785	0.10000000000013642	TimeIntervals	Lick
1052.71175	0.10025000000018736	TimeIntervals	Lick
1052.8452499999999	0.40000000000009095	TimeIntervals	Lick
1053.2785000000001	0.09999999999968168	TimeIntervals	Lick
1053.5785	0.033499999999776264	TimeIntervals	Lick
1053.8454999999997	0.06650000000058753	TimeIntervals	Lick
1054.2455	0.09999999999968168	TimeIntervals	Lick
1054.979	0.10000000000013642	TimeIntervals	Lick
1055.879	0.06650000000013279	TimeIntervals	Lick
1056.0455000000002	0.06700000000000728	TimeIntervals	Lick
1056.64575	0.09999999999990905	TimeIntervals	Lick
1059.1795000000002	0.06649999999990541	TimeIntervals	Lick
1059.613	0.06650000000013279	TimeIntervals	Lick
1063.18	0.10000000000013642	TimeIntervals	Lick
1063.54675	0.06674999999972897	TimeIntervals	Lick
1063.8135000000002	0.10000000000013642	TimeIntervals	Lick
1064.2135	0.10000000000013642	TimeIntervals	Lick
1064.38025	0.06675000000041109	TimeIntervals	Lick
1064.8135000000002	0.10024999999995998	TimeIntervals	Lick
1065.047	0.09999999999968168	TimeIntervals	Lick
1065.21375	0.06675000000018372	TimeIntervals	Lick
1065.847	0.06700000000023465	TimeIntervals	Lick
1066.1139999999998	0.13325000000008913	TimeIntervals	Lick
1067.0475	0.06649999999990541	TimeIntervals	Lick
1067.18075	0.06674999999995634	TimeIntervals	Lick
1067.2807500000001	0.09999999999968168	TimeIntervals	Lick
1067.4140000000002	0.19999999999959073	TimeIntervals	Lick
1067.6474999999998	0.20000000000027285	TimeIntervals	Lick
1067.8807499999998	0.1000000000003638	TimeIntervals	Lick
1068.014	0.09999999999990905	TimeIntervals	Lick
1068.1474999999998	0.06675000000041109	TimeIntervals	Lick
1068.2475	0.20000000000027285	TimeIntervals	Lick
1068.381	0.10000000000013642	TimeIntervals	Reward
1068.4810000000002	0.36649999999985994	TimeIntervals	Lick
1068.881	0.10000000000013642	TimeIntervals	Lick
1069.01425	0.5667500000001837	TimeIntervals	Lick
1069.6145	0.23324999999999818	TimeIntervals	Lick
1069.881	0.4670000000000982	TimeIntervals	Lick
1070.38125	0.1000000000003638	TimeIntervals	Lick
1070.5145	0.7667500000000018	TimeIntervals	Lick
1071.3145	0.2335000000000491	TimeIntervals	Lick
1071.5815	0.13325000000008913	TimeIntervals	Lick
1071.748	0.10000000000013642	TimeIntervals	Lick
1071.8815	0.10000000000013642	TimeIntervals	Lick
1072.048	0.06674999999995634	TimeIntervals	Lick
1072.31475	0.09999999999990905	TimeIntervals	Lick
1072.84825	0.13325000000008913	TimeIntervals	Lick
1073.04825	0.2332499999997708	TimeIntervals	Lick
1073.7485	0.06649999999990541	TimeIntervals	Lick
1074.4485000000002	0.2664999999999509	TimeIntervals	Lick
1074.9485000000002	0.09999999999968168	TimeIntervals	Lick
1075.3152499999999	0.06675000000041109	TimeIntervals	Lick
1080.14925	0.10025000000018736	TimeIntervals	Lick
1080.8495	0.09999999999990905	TimeIntervals	Lick
1083.2165	0.06650000000013279	TimeIntervals	Lick
1088.3505	0.43350000000032196	TimeIntervals	Lick
1088.8172499999998	0.10000000000013642	TimeIntervals	Lick
1088.9505	0.10025000000018736	TimeIntervals	Lick
1089.084	0.09999999999990905	TimeIntervals	Lick
1089.2175000000002	0.09999999999968168	TimeIntervals	Lick
1089.35075	0.20000000000004547	TimeIntervals	Lick
1089.584	0.8334999999999582	TimeIntervals	Lick
1089.684	0.1000000000003638	TimeIntervals	Reward
1090.451	0.09999999999990905	TimeIntervals	Lick
1090.5842499999999	0.20000000000027285	TimeIntervals	Lick
1090.8174999999999	0.10000000000013642	TimeIntervals	Lick
1090.951	0.20000000000004547	TimeIntervals	Lick
1091.2175000000002	0.06700000000000728	TimeIntervals	Lick
1091.31775	0.7332499999999982	TimeIntervals	Lick
1092.0844999999997	0.5335000000004584	TimeIntervals	Lick
1092.6512500000001	0.10000000000013642	TimeIntervals	Lick
1092.7845000000002	0.06674999999995634	TimeIntervals	Lick
1092.918	0.10000000000013642	TimeIntervals	Lick
1093.0844999999997	0.06675000000041109	TimeIntervals	Lick
1093.218	0.06650000000013279	TimeIntervals	Lick
1093.4515000000001	0.09999999999990905	TimeIntervals	Lick
1093.918	0.10000000000013642	TimeIntervals	Lick
1094.1847500000001	0.06675000000018372	TimeIntervals	Lick
1094.4515000000001	0.13349999999968531	TimeIntervals	Lick
1094.6515	0.06675000000018372	TimeIntervals	Lick
1095.1182500000004	0.13324999999986176	TimeIntervals	Lick
1098.4855000000002	0.09999999999968168	TimeIntervals	Lick
1099.9855000000002	0.10024999999995998	TimeIntervals	Reward
1100.1190000000004	2.2337499999996453	TimeIntervals	Lick
1102.3860000000002	0.8999999999998636	TimeIntervals	Lick
1103.353	0.09999999999990905	TimeIntervals	Lick
1103.48625	0.09999999999990905	TimeIntervals	Lick
1103.6195000000002	0.06674999999995634	TimeIntervals	Lick
1103.7862500000003	0.06674999999972897	TimeIntervals	Lick
1104.1862500000002	0.03324999999972533	TimeIntervals	Lick
1104.4865	0.06650000000013279	TimeIntervals	Lick
1104.853	0.09999999999990905	TimeIntervals	Lick
1105.3865000000003	0.09999999999968168	TimeIntervals	Lick
1106.3865000000003	0.06674999999972897	TimeIntervals	Lick
1106.52	0.10000000000013642	TimeIntervals	Lick
1106.7867500000002	0.06674999999972897	TimeIntervals	Lick
1108.4870000000003	0.09999999999968168	TimeIntervals	Lick
1110.6540000000002	0.09999999999990905	TimeIntervals	Lick
1110.78725	0.23349999999982174	TimeIntervals	Lick
1111.054	0.06674999999995634	TimeIntervals	Lick
1111.1540000000002	0.19999999999959073	TimeIntervals	Lick
1111.3875	0.1999999999998181	TimeIntervals	Lick
1111.62075	0.20000000000004547	TimeIntervals	Lick
1111.8539999999998	0.20000000000027285	TimeIntervals	Lick
1112.054	0.10025000000018736	TimeIntervals	Reward
1112.0874999999999	0.46675000000027467	TimeIntervals	Lick
1112.5874999999999	0.1000000000003638	TimeIntervals	Lick
1112.721	0.8335000000001855	TimeIntervals	Lick
1113.5877500000001	0.5667500000001837	TimeIntervals	Lick
1114.1877500000003	0.10024999999973261	TimeIntervals	Lick
1114.32125	0.1000000000003638	TimeIntervals	Lick
1114.4544999999998	0.1000000000003638	TimeIntervals	Lick
1114.5880000000002	0.10000000000013642	TimeIntervals	Lick
1114.7212499999998	0.10000000000013642	TimeIntervals	Lick
1114.8544999999997	0.13350000000036744	TimeIntervals	Lick
1115.02125	0.06675000000018372	TimeIntervals	Lick
1115.32125	0.10025000000018736	TimeIntervals	Lick
1115.6215000000002	0.06650000000013279	TimeIntervals	Lick
1115.788	0.06674999999995634	TimeIntervals	Lick
1115.95475	0.13325000000008913	TimeIntervals	Lick
1116.5215	0.10000000000013642	TimeIntervals	Lick
1117.48825	0.10024999999995998	TimeIntervals	Lick
1120.6220000000003	0.06674999999995634	TimeIntervals	Lick
1123.089	0.06700000000023465	TimeIntervals	Lick
1125.22275	0.06675000000018372	TimeIntervals	Lick
1127.5565	0.06675000000041109	TimeIntervals	Lick
1129.1235	0.06650000000036016	TimeIntervals	Lick
1129.59	0.06700000000023465	TimeIntervals	Lick
1131.8570000000002	0.10025000000018736	TimeIntervals	Lick
