onset	duration	nwb_table	event_type
4.464	0.13349999999999973	TimeIntervals	Lick
9.098	0.09999999999999964	TimeIntervals	Lick
9.231500000000002	0.06649999999999956	TimeIntervals	Lick
11.03175	0.1999999999999993	TimeIntervals	Lick
11.298500000000002	0.06649999999999956	TimeIntervals	Lick
11.3985	0.10000000000000142	TimeIntervals	Lick
11.565	0.10025000000000084	TimeIntervals	Lick
11.698500000000001	0.06675000000000075	TimeIntervals	Lick
11.798500000000002	0.09999999999999787	TimeIntervals	Lick
11.931999999999999	0.10000000000000142	TimeIntervals	Lick
12.032	0.09999999999999964	TimeIntervals	Reward
12.065249999999999	0.5332500000000024	TimeIntervals	Lick
12.632	0.10000000000000142	TimeIntervals	Lick
12.765500000000001	0.06650000000000134	TimeIntervals	Lick
12.865500000000003	0.09999999999999787	TimeIntervals	Lick
12.998750000000001	0.10000000000000142	TimeIntervals	Lick
13.132	0.06675000000000075	TimeIntervals	Lick
13.232000000000001	0.10000000000000142	TimeIntervals	Lick
13.365500000000003	0.09999999999999787	TimeIntervals	Lick
13.498750000000001	0.10000000000000142	TimeIntervals	Lick
13.632	0.10000000000000142	TimeIntervals	Lick
13.765500000000003	0.09999999999999964	TimeIntervals	Lick
13.899000000000003	0.1999999999999975	TimeIntervals	Lick
14.13225	0.09999999999999964	TimeIntervals	Lick
14.265500000000001	0.10000000000000142	TimeIntervals	Lick
14.399000000000001	0.10000000000000142	TimeIntervals	Lick
14.53225	0.10000000000000142	TimeIntervals	Lick
14.665500000000002	0.09999999999999964	TimeIntervals	Lick
14.799	0.10000000000000142	TimeIntervals	Lick
14.9325	0.1332500000000021	TimeIntervals	Lick
15.099	0.10000000000000142	TimeIntervals	Lick
15.232500000000002	0.1332500000000003	TimeIntervals	Lick
15.399000000000003	0.09999999999999787	TimeIntervals	Lick
15.565750000000001	0.06674999999999898	TimeIntervals	Lick
15.699000000000002	0.06674999999999898	TimeIntervals	Lick
15.832500000000001	0.10000000000000142	TimeIntervals	Lick
16.166	0.09999999999999787	TimeIntervals	Lick
17.266	0.10000000000000142	TimeIntervals	Lick
22.06675	0.06675000000000253	TimeIntervals	Lick
22.200000000000003	0.06674999999999542	TimeIntervals	Lick
22.3335	0.10000000000000142	TimeIntervals	Lick
22.70025	0.09999999999999787	TimeIntervals	Lick
22.867	0.09999999999999787	TimeIntervals	Lick
24.166999999999998	0.06675000000000608	TimeIntervals	Lick
24.267	0.10000000000000142	TimeIntervals	Lick
24.400500000000005	0.09999999999999787	TimeIntervals	Lick
24.53375	0.10000000000000142	TimeIntervals	Lick
24.666999999999998	0.33350000000000435	TimeIntervals	Lick
25.067249999999998	0.06675000000000608	TimeIntervals	Lick
25.167250000000003	0.09999999999999432	TimeIntervals	Lick
25.3005	0.20000000000000284	TimeIntervals	Lick
25.434	0.09999999999999787	TimeIntervals	Reward
25.534	0.40000000000000924	TimeIntervals	Lick
25.967500000000005	0.09999999999999432	TimeIntervals	Lick
26.10075	0.06674999999999898	TimeIntervals	Lick
26.20075	0.10000000000000142	TimeIntervals	Lick
26.334000000000003	0.10000000000000497	TimeIntervals	Lick
26.467500000000005	0.09999999999999432	TimeIntervals	Lick
26.60075	0.1999999999999993	TimeIntervals	Lick
26.834000000000003	0.10000000000000497	TimeIntervals	Lick
26.967500000000005	0.09999999999999432	TimeIntervals	Lick
27.101	0.09999999999999432	TimeIntervals	Lick
27.234250000000003	0.10000000000000142	TimeIntervals	Lick
27.3675	0.10000000000000497	TimeIntervals	Lick
27.501	0.06649999999999778	TimeIntervals	Lick
27.601	0.09999999999999432	TimeIntervals	Lick
27.734250000000003	0.10000000000000142	TimeIntervals	Lick
27.8675	0.10000000000000497	TimeIntervals	Lick
28.001	0.09999999999999787	TimeIntervals	Lick
28.167750000000005	0.09999999999999432	TimeIntervals	Lick
28.301000000000002	0.09999999999999787	TimeIntervals	Lick
28.434500000000003	0.10000000000000142	TimeIntervals	Lick
28.601	0.09999999999999432	TimeIntervals	Lick
28.734499999999997	0.10000000000000497	TimeIntervals	Lick
28.867749999999997	0.10000000000000142	TimeIntervals	Lick
29.034500000000005	0.06649999999999423	TimeIntervals	Lick
29.134500000000003	0.1334999999999944	TimeIntervals	Lick
29.301250000000003	0.09999999999999787	TimeIntervals	Lick
29.468	0.06650000000000489	TimeIntervals	Lick
29.60125	0.033250000000002444	TimeIntervals	Lick
29.834500000000002	0.06674999999999898	TimeIntervals	Lick
29.934500000000003	0.10000000000000142	TimeIntervals	Lick
31.46825	0.06675000000000253	TimeIntervals	Lick
31.935	0.1332499999999932	TimeIntervals	Lick
32.86849999999999	0.13325000000001808	TimeIntervals	Lick
33.768499999999996	0.09999999999999432	TimeIntervals	Reward
33.9685	0.5999999999999943	TimeIntervals	Lick
34.602	0.10000000000000142	TimeIntervals	Lick
34.7355	0.06650000000000489	TimeIntervals	Lick
34.8355	0.09999999999999432	TimeIntervals	Lick
34.96874999999999	0.10000000000000853	TimeIntervals	Lick
35.102	0.20000000000000995	TimeIntervals	Lick
35.3355	0.09999999999999432	TimeIntervals	Lick
35.46874999999999	0.20000000000000284	TimeIntervals	Lick
35.702	0.10025000000000261	TimeIntervals	Lick
35.8355	0.09999999999999432	TimeIntervals	Lick
35.968999999999994	0.10000000000000853	TimeIntervals	Lick
36.102250000000005	0.09999999999999432	TimeIntervals	Lick
36.2355	0.10000000000000142	TimeIntervals	Lick
36.36900000000001	0.09999999999998721	TimeIntervals	Lick
36.50225	0.10000000000000853	TimeIntervals	Lick
36.6355	0.10000000000000142	TimeIntervals	Lick
36.769000000000005	0.09999999999999432	TimeIntervals	Lick
36.9025	0.09999999999999432	TimeIntervals	Lick
37.03575	0.10000000000000142	TimeIntervals	Lick
37.23575	0.10000000000000142	TimeIntervals	Lick
37.369	0.09999999999999432	TimeIntervals	Lick
37.53575	0.10000000000000142	TimeIntervals	Lick
37.669000000000004	0.10000000000000142	TimeIntervals	Lick
37.8025	0.10000000000000142	TimeIntervals	Lick
38.46924999999999	0.03325000000000955	TimeIntervals	Lick
38.669250000000005	0.13324999999999676	TimeIntervals	Lick
40.303000000000004	0.13324999999999676	TimeIntervals	Lick
41.5365	0.10000000000000853	TimeIntervals	Lick
41.703	0.06674999999999898	TimeIntervals	Lick
42.50325000000001	0.06674999999999187	TimeIntervals	Lick
42.60325	0.09999999999999432	TimeIntervals	Lick
42.73650000000001	0.09999999999999432	TimeIntervals	Lick
42.87	0.06650000000000489	TimeIntervals	Lick
42.97	0.10000000000000142	TimeIntervals	Lick
43.10325	0.09999999999999432	TimeIntervals	Lick
43.23650000000001	0.19999999999999574	TimeIntervals	Lick
43.47	0.10000000000000142	TimeIntervals	Lick
43.6035	0.06650000000000489	TimeIntervals	Lick
43.7035	0.10000000000000142	TimeIntervals	Lick
43.77	0.09999999999999432	TimeIntervals	Reward
43.83675000000001	0.3999999999999915	TimeIntervals	Lick
44.27	0.09999999999999432	TimeIntervals	Lick
44.4035	0.10000000000000142	TimeIntervals	Lick
44.537	0.23324999999999818	TimeIntervals	Lick
44.8035	0.06674999999999898	TimeIntervals	Lick
44.9035	0.46674999999999756	TimeIntervals	Lick
45.43699999999999	0.066500000000012	TimeIntervals	Lick
45.537	0.10000000000000142	TimeIntervals	Lick
45.670500000000004	0.10000000000000142	TimeIntervals	Lick
45.80375	0.10000000000000142	TimeIntervals	Lick
45.93699999999999	0.20000000000000995	TimeIntervals	Lick
46.170500000000004	0.10000000000000142	TimeIntervals	Lick
46.30375	0.10000000000000142	TimeIntervals	Lick
46.43699999999999	0.10000000000000853	TimeIntervals	Lick
46.5705	0.10000000000000142	TimeIntervals	Lick
46.737	0.10025000000000261	TimeIntervals	Lick
46.87049999999999	0.10000000000000853	TimeIntervals	Lick
47.00399999999999	0.10000000000001563	TimeIntervals	Lick
47.13725	0.10000000000000853	TimeIntervals	Lick
47.30400000000001	0.23324999999998397	TimeIntervals	Lick
47.5705	0.06674999999999898	TimeIntervals	Lick
47.70400000000001	0.06649999999999778	TimeIntervals	Lick
47.970749999999995	0.10000000000000142	TimeIntervals	Lick
48.770750000000014	0.03324999999999534	TimeIntervals	Lick
50.9045	0.10000000000000142	TimeIntervals	Lick
51.437999999999995	0.10000000000000853	TimeIntervals	Lick
56.372	0.06649999999999778	TimeIntervals	Lick
56.471999999999994	0.06650000000000489	TimeIntervals	Lick
62.706250000000004	0.13324999999999676	TimeIntervals	Lick
67.27350000000001	0.06674999999998477	TimeIntervals	Lick
70.57400000000001	0.06674999999999898	TimeIntervals	Lick
72.90775000000001	0.06675000000001319	TimeIntervals	Lick
73.00774999999999	0.20025000000002535	TimeIntervals	Lick
73.24125000000001	0.09999999999999432	TimeIntervals	Lick
73.37450000000001	0.10000000000000853	TimeIntervals	Lick
73.508	0.10000000000002274	TimeIntervals	Lick
73.64125000000001	0.06674999999999898	TimeIntervals	Lick
73.74125000000001	0.09999999999999432	TimeIntervals	Lick
73.87450000000001	0.10000000000000853	TimeIntervals	Lick
74.008	0.10000000000002274	TimeIntervals	Lick
74.0745	0.10000000000000853	TimeIntervals	Reward
74.14125000000001	0.5335000000000036	TimeIntervals	Lick
74.70800000000001	0.0999999999999801	TimeIntervals	Lick
74.8415	0.10000000000002274	TimeIntervals	Lick
74.97475000000001	0.3667499999999819	TimeIntervals	Lick
75.375	0.0665000000000191	TimeIntervals	Lick
75.47500000000001	0.09999999999999432	TimeIntervals	Lick
75.60825	0.10000000000000853	TimeIntervals	Lick
75.7415	0.09999999999999432	TimeIntervals	Lick
75.875	0.10000000000000853	TimeIntervals	Lick
76.00825	0.20000000000000284	TimeIntervals	Lick
76.2415	0.09999999999999432	TimeIntervals	Lick
76.375	0.10000000000000853	TimeIntervals	Lick
76.50850000000001	0.13324999999998965	TimeIntervals	Lick
77.47500000000001	0.06699999999999307	TimeIntervals	Lick
77.6085	0.06674999999999898	TimeIntervals	Lick
77.77525000000001	0.0999999999999801	TimeIntervals	Lick
77.94200000000001	0.06650000000000489	TimeIntervals	Lick
78.44200000000001	0.09999999999999432	TimeIntervals	Lick
78.6085	0.03350000000000364	TimeIntervals	Lick
78.90875000000001	0.09999999999999432	TimeIntervals	Lick
79.042	0.20000000000000284	TimeIntervals	Lick
79.27550000000001	0.0999999999999801	TimeIntervals	Lick
79.40875000000001	0.09999999999999432	TimeIntervals	Lick
79.87549999999999	0.10000000000002274	TimeIntervals	Lick
80.14225000000002	0.09999999999999432	TimeIntervals	Lick
80.30900000000001	0.09999999999999432	TimeIntervals	Lick
80.8425	0.09999999999999432	TimeIntervals	Lick
81.2425	0.13324999999998965	TimeIntervals	Lick
81.409	0.13349999999999795	TimeIntervals	Lick
81.7425	0.09999999999999432	TimeIntervals	Lick
82.2425	0.06675000000001319	TimeIntervals	Lick
82.57600000000001	0.13325000000000387	TimeIntervals	Lick
82.7425	0.09999999999999432	TimeIntervals	Lick
84.04275	0.13350000000002638	TimeIntervals	Lick
87.71000000000002	0.0999999999999659	TimeIntervals	Lick
88.97700000000002	0.06649999999997647	TimeIntervals	Lick
94.011	0.13350000000001216	TimeIntervals	Lick
98.41175	0.09999999999999432	TimeIntervals	Lick
102.21225	0.06674999999999898	TimeIntervals	Lick
102.3455	0.06675000000001319	TimeIntervals	Lick
102.47900000000001	0.19999999999998863	TimeIntervals	Lick
102.71225	0.10025000000000261	TimeIntervals	Lick
102.84575000000001	0.10000000000000853	TimeIntervals	Lick
102.97900000000001	0.09999999999999432	TimeIntervals	Lick
103.11250000000001	0.06649999999999068	TimeIntervals	Lick
103.21250000000002	0.0999999999999801	TimeIntervals	Lick
103.37900000000002	0.09999999999999432	TimeIntervals	Reward
103.37900000000002	0.06674999999999898	TimeIntervals	Lick
103.47900000000001	0.09999999999999432	TimeIntervals	Lick
103.61250000000001	0.39999999999997726	TimeIntervals	Lick
104.04599999999999	0.10000000000000853	TimeIntervals	Lick
104.17925000000001	0.09999999999999432	TimeIntervals	Lick
104.3125	0.06675000000001319	TimeIntervals	Lick
104.44600000000003	0.06649999999996226	TimeIntervals	Lick
104.54599999999999	0.20000000000000284	TimeIntervals	Lick
104.77925	0.10000000000000853	TimeIntervals	Lick
104.91250000000001	0.20024999999999693	TimeIntervals	Lick
105.17950000000002	0.09999999999999432	TimeIntervals	Lick
105.31275	0.10000000000000853	TimeIntervals	Lick
105.44600000000003	0.0999999999999659	TimeIntervals	Lick
105.5795	0.10000000000002274	TimeIntervals	Lick
105.71275	0.09999999999999432	TimeIntervals	Lick
105.846	0.10000000000002274	TimeIntervals	Lick
105.97950000000002	0.0999999999999801	TimeIntervals	Lick
106.14625000000001	0.06674999999999898	TimeIntervals	Lick
106.27950000000001	0.06674999999998477	TimeIntervals	Lick
106.41300000000001	0.06650000000000489	TimeIntervals	Lick
106.51300000000002	0.09999999999999432	TimeIntervals	Lick
106.64625000000001	0.09999999999999432	TimeIntervals	Lick
106.77950000000001	0.09999999999999432	TimeIntervals	Lick
106.91300000000001	0.13324999999998965	TimeIntervals	Lick
107.0795	0.10000000000002274	TimeIntervals	Lick
107.21300000000001	0.0999999999999801	TimeIntervals	Lick
107.37975	0.10000000000000853	TimeIntervals	Lick
107.51300000000002	0.09999999999999432	TimeIntervals	Lick
107.6465	0.09999999999999432	TimeIntervals	Lick
107.77975	0.09999999999999432	TimeIntervals	Lick
107.91300000000001	0.10000000000000853	TimeIntervals	Lick
108.0465	0.10000000000000853	TimeIntervals	Lick
108.17975000000001	0.10025000000000261	TimeIntervals	Lick
108.3465	0.06674999999999898	TimeIntervals	Lick
108.48000000000002	0.03324999999998113	TimeIntervals	Lick
108.61325000000001	0.10000000000000853	TimeIntervals	Lick
108.78000000000002	0.06649999999999068	TimeIntervals	Lick
108.94650000000001	0.0999999999999801	TimeIntervals	Lick
110.747	0.09999999999999432	TimeIntervals	Lick
111.21350000000001	0.06675000000001319	TimeIntervals	Lick
113.64725	0.06675000000001319	TimeIntervals	Lick
113.98075	0.09999999999999432	TimeIntervals	Lick
115.01425	0.10000000000000853	TimeIntervals	Lick
115.14750000000001	0.0999999999999801	TimeIntervals	Lick
115.31424999999999	0.06675000000001319	TimeIntervals	Lick
115.51425	0.06674999999999898	TimeIntervals	Lick
116.64775	0.09999999999999432	TimeIntervals	Lick
119.78150000000001	0.06674999999998477	TimeIntervals	Lick
120.715	0.06674999999998477	TimeIntervals	Lick
127.61600000000001	0.06675000000001319	TimeIntervals	Lick
128.683	0.09999999999999432	TimeIntervals	Reward
128.8495	0.7335000000000207	TimeIntervals	Lick
129.61649999999997	0.20000000000001705	TimeIntervals	Lick
129.84975	0.09999999999999432	TimeIntervals	Lick
129.983	0.19999999999998863	TimeIntervals	Lick
130.2165	0.09999999999999432	TimeIntervals	Lick
130.35000000000002	0.19999999999998863	TimeIntervals	Lick
130.58325000000002	0.0999999999999659	TimeIntervals	Lick
130.7165	0.09999999999999432	TimeIntervals	Lick
130.85000000000002	0.0999999999999659	TimeIntervals	Lick
130.98325	0.10000000000002274	TimeIntervals	Lick
131.11649999999997	0.10000000000002274	TimeIntervals	Lick
131.25	0.10000000000002274	TimeIntervals	Lick
131.38350000000003	0.0999999999999659	TimeIntervals	Lick
131.51675	0.09999999999999432	TimeIntervals	Lick
131.6835	0.09999999999999432	TimeIntervals	Lick
131.81675	0.06675000000001319	TimeIntervals	Lick
131.91675	0.09999999999999432	TimeIntervals	Lick
132.0835	0.06649999999999068	TimeIntervals	Lick
132.35000000000002	0.0999999999999659	TimeIntervals	Lick
133.58375	0.0999999999999659	TimeIntervals	Lick
133.9505	0.09999999999999432	TimeIntervals	Reward
134.117	0.30000000000001137	TimeIntervals	Lick
134.4505	0.06649999999999068	TimeIntervals	Lick
134.5505	0.06649999999999068	TimeIntervals	Lick
134.65050000000002	0.0999999999999659	TimeIntervals	Lick
134.78399999999996	0.10000000000005116	TimeIntervals	Lick
134.91725	0.06675000000004161	TimeIntervals	Lick
135.01725000000002	0.23324999999996976	TimeIntervals	Lick
135.28399999999996	0.06650000000007594	TimeIntervals	Lick
135.38400000000001	0.10000000000002274	TimeIntervals	Lick
135.51725000000002	0.0999999999999659	TimeIntervals	Lick
135.65050000000002	0.06674999999995634	TimeIntervals	Lick
135.7505	0.10025000000004525	TimeIntervals	Lick
135.88400000000001	0.10000000000002274	TimeIntervals	Lick
136.0175	0.0999999999999659	TimeIntervals	Lick
136.15075000000002	0.0999999999999659	TimeIntervals	Lick
136.28399999999996	0.10000000000005116	TimeIntervals	Lick
136.4175	0.10000000000002274	TimeIntervals	Lick
136.55075	0.10000000000002274	TimeIntervals	Lick
136.68400000000003	0.09999999999999432	TimeIntervals	Lick
136.81750000000002	0.0999999999999659	TimeIntervals	Lick
136.95100000000002	0.09999999999999432	TimeIntervals	Lick
137.08425	0.1332500000000323	TimeIntervals	Lick
137.25100000000003	0.09999999999999432	TimeIntervals	Lick
137.4175	0.13350000000002638	TimeIntervals	Lick
137.58425	0.1332500000000323	TimeIntervals	Lick
137.75100000000003	0.09999999999999432	TimeIntervals	Lick
137.9175	0.06700000000000728	TimeIntervals	Lick
138.05100000000002	0.10000000000002274	TimeIntervals	Lick
138.45100000000002	0.09999999999999432	TimeIntervals	Lick
138.65100000000004	0.09999999999999432	TimeIntervals	Lick
138.81775	0.10000000000002274	TimeIntervals	Lick
139.55124999999998	0.13325000000000387	TimeIntervals	Lick
140.7515	0.0665000000000191	TimeIntervals	Lick
140.85150000000002	0.06649999999996226	TimeIntervals	Lick
140.98475000000002	0.06674999999998477	TimeIntervals	Lick
141.11800000000002	0.06674999999998477	TimeIntervals	Lick
141.21800000000002	0.10024999999995998	TimeIntervals	Lick
141.35150000000002	0.2335000000000207	TimeIntervals	Lick
141.61825	0.10000000000002274	TimeIntervals	Lick
141.7515	0.23349999999999227	TimeIntervals	Lick
142.01825000000002	0.06675000000001319	TimeIntervals	Lick
142.0515	0.09999999999999432	TimeIntervals	Reward
142.11825	0.10000000000002274	TimeIntervals	Lick
142.2515	0.36700000000001864	TimeIntervals	Lick
142.65175000000002	0.20000000000001705	TimeIntervals	Lick
142.885	0.09999999999999432	TimeIntervals	Lick
143.01850000000002	0.0665000000000191	TimeIntervals	Lick
143.1185	0.09999999999999432	TimeIntervals	Lick
143.25175000000002	0.10000000000002274	TimeIntervals	Lick
143.385	0.10025000000001683	TimeIntervals	Lick
143.51850000000002	0.19999999999998863	TimeIntervals	Lick
143.78525000000005	0.1999999999999602	TimeIntervals	Lick
144.01850000000002	0.09999999999999432	TimeIntervals	Lick
144.15200000000002	0.10000000000002274	TimeIntervals	Lick
144.28525000000005	0.06674999999995634	TimeIntervals	Lick
144.38525	0.09999999999999432	TimeIntervals	Lick
144.51850000000002	0.1002499999999884	TimeIntervals	Lick
144.68550000000002	0.0665000000000191	TimeIntervals	Lick
144.78550000000004	0.23324999999994134	TimeIntervals	Lick
145.052	0.10000000000002274	TimeIntervals	Lick
145.18550000000002	0.10000000000002274	TimeIntervals	Lick
145.31875	0.09999999999999432	TimeIntervals	Lick
145.452	0.09999999999999432	TimeIntervals	Lick
145.58550000000002	0.09999999999999432	TimeIntervals	Lick
145.75225	0.06675000000001319	TimeIntervals	Lick
145.85225000000003	0.0999999999999659	TimeIntervals	Lick
146.019	0.09999999999999432	TimeIntervals	Lick
146.18550000000002	0.06674999999998477	TimeIntervals	Lick
146.3855	0.06674999999998477	TimeIntervals	Lick
146.519	0.0999999999999659	TimeIntervals	Lick
146.65224999999998	0.10025000000004525	TimeIntervals	Lick
146.8525	0.0665000000000191	TimeIntervals	Lick
147.11899999999997	0.06675000000004161	TimeIntervals	Lick
148.15249999999997	0.10000000000005116	TimeIntervals	Lick
149.65275	0.10000000000005116	TimeIntervals	Lick
149.78600000000003	0.06674999999998477	TimeIntervals	Lick
149.9195	0.10000000000002274	TimeIntervals	Lick
153.78675	0.06675000000001319	TimeIntervals	Lick
153.88675	0.06674999999998477	TimeIntervals	Lick
154.0535	0.23324999999999818	TimeIntervals	Lick
154.4535	0.833500000000015	TimeIntervals	Lick
155.32025000000002	0.5335000000000036	TimeIntervals	Lick
155.9205	0.46649999999999636	TimeIntervals	Lick
156.48700000000002	0.30025000000000546	TimeIntervals	Lick
156.95400000000004	0.16649999999995657	TimeIntervals	Lick
157.15400000000002	0.09999999999999432	TimeIntervals	Lick
157.354	0.19999999999998863	TimeIntervals	Lick
157.6205	0.06675000000001319	TimeIntervals	Lick
157.78750000000005	0.06649999999996226	TimeIntervals	Lick
158.12075	0.20000000000001705	TimeIntervals	Lick
158.52075000000002	0.06674999999995634	TimeIntervals	Lick
159.1875	0.06675000000004161	TimeIntervals	Lick
159.28750000000005	0.09999999999993747	TimeIntervals	Lick
159.421	0.10000000000002274	TimeIntervals	Lick
159.55425	0.10000000000002274	TimeIntervals	Lick
159.6875	0.19999999999998863	TimeIntervals	Lick
159.921	0.10000000000002274	TimeIntervals	Lick
160.0545	0.10000000000002274	TimeIntervals	Lick
160.18775	0.06675000000004161	TimeIntervals	Lick
160.32100000000003	0.06675000000001319	TimeIntervals	Lick
160.421	0.13349999999999795	TimeIntervals	Reward
160.45450000000002	0.0999999999999659	TimeIntervals	Lick
160.58775000000003	0.266749999999945	TimeIntervals	Lick
160.88775000000004	0.0999999999999659	TimeIntervals	Lick
161.02100000000002	0.0670000000000357	TimeIntervals	Lick
161.12124999999997	0.10000000000005116	TimeIntervals	Lick
161.25450000000004	0.06674999999995634	TimeIntervals	Lick
161.38799999999998	0.06650000000004752	TimeIntervals	Lick
161.48800000000003	0.10000000000002274	TimeIntervals	Lick
161.62124999999997	0.10000000000005116	TimeIntervals	Lick
161.75450000000004	0.19999999999998863	TimeIntervals	Lick
161.98800000000003	0.10000000000002274	TimeIntervals	Lick
162.12149999999997	0.10000000000002274	TimeIntervals	Lick
162.25475000000003	0.0999999999999659	TimeIntervals	Lick
162.38799999999998	0.10000000000005116	TimeIntervals	Lick
162.5215	0.06650000000004752	TimeIntervals	Lick
162.62149999999997	0.10000000000002274	TimeIntervals	Lick
162.75475000000003	0.0999999999999659	TimeIntervals	Lick
162.88799999999998	0.10000000000005116	TimeIntervals	Lick
163.0215	0.2335000000000207	TimeIntervals	Lick
163.28825000000003	0.06674999999995634	TimeIntervals	Lick
163.38825	0.09999999999999432	TimeIntervals	Lick
163.5215	0.0999999999999659	TimeIntervals	Lick
163.65499999999997	0.10000000000005116	TimeIntervals	Lick
163.78825000000003	0.09999999999999432	TimeIntervals	Lick
163.9215	0.09999999999999432	TimeIntervals	Lick
164.08825000000004	0.0999999999999659	TimeIntervals	Lick
164.38850000000002	0.06649999999999068	TimeIntervals	Lick
164.52175	0.06675000000004161	TimeIntervals	Lick
164.65499999999997	0.1335000000000548	TimeIntervals	Lick
165.45525	0.0999999999999659	TimeIntervals	Lick
166.38850000000002	0.09999999999999432	TimeIntervals	Lick
167.82224999999997	0.06675000000004161	TimeIntervals	Lick
168.12224999999998	0.06675000000001319	TimeIntervals	Lick
170.22250000000003	0.06675000000001319	TimeIntervals	Lick
171.1895	0.10000000000002274	TimeIntervals	Lick
171.356	0.2335000000000207	TimeIntervals	Lick
171.6895	0.0665000000000191	TimeIntervals	Lick
174.42325000000002	0.06675000000001319	TimeIntervals	Lick
175.99000000000004	0.033499999999946795	TimeIntervals	Lick
177.22350000000006	0.23349999999996385	TimeIntervals	Lick
177.95700000000002	0.09999999999999432	TimeIntervals	Lick
178.52375	0.06674999999998477	TimeIntervals	Lick
178.75725000000003	0.1999999999999602	TimeIntervals	Lick
179.02400000000003	0.06649999999996226	TimeIntervals	Lick
179.124	0.10000000000002274	TimeIntervals	Lick
179.25725000000003	0.06675000000001319	TimeIntervals	Lick
179.35725	0.09999999999999432	TimeIntervals	Lick
179.49050000000003	0.0999999999999659	TimeIntervals	Lick
179.624	0.06649999999999068	TimeIntervals	Lick
179.75750000000002	0.0665000000000191	TimeIntervals	Lick
179.79075000000003	0.09999999999999432	TimeIntervals	Reward
179.89075000000003	0.36674999999999613	TimeIntervals	Lick
180.29075000000003	0.06675000000001319	TimeIntervals	Lick
180.39075000000003	0.09999999999999432	TimeIntervals	Lick
180.52400000000003	0.19999999999998863	TimeIntervals	Lick
180.75750000000002	0.10000000000002274	TimeIntervals	Lick
180.891	0.20000000000004547	TimeIntervals	Lick
181.12425	0.10000000000002274	TimeIntervals	Lick
181.25750000000002	0.10000000000002274	TimeIntervals	Lick
181.391	0.20000000000004547	TimeIntervals	Lick
181.62425	0.10000000000002274	TimeIntervals	Lick
181.75750000000002	0.10000000000002274	TimeIntervals	Lick
181.891	0.10000000000002274	TimeIntervals	Lick
182.02450000000002	0.0999999999999659	TimeIntervals	Lick
182.15774999999996	0.10000000000005116	TimeIntervals	Lick
182.29100000000003	0.0999999999999659	TimeIntervals	Lick
182.42450000000002	0.23324999999994134	TimeIntervals	Lick
182.691	0.10000000000002274	TimeIntervals	Lick
182.8245	0.10000000000002274	TimeIntervals	Lick
182.95775000000003	0.10024999999995998	TimeIntervals	Lick
183.09125	0.10000000000002274	TimeIntervals	Lick
183.2245	0.09999999999999432	TimeIntervals	Lick
183.35800000000003	0.06649999999999068	TimeIntervals	Lick
183.558	0.06649999999999068	TimeIntervals	Lick
183.658	0.1332500000000323	TimeIntervals	Lick
184.45800000000003	0.1999999999999602	TimeIntervals	Lick
184.6915	0.06650000000004752	TimeIntervals	Lick
184.7915	0.13324999999997544	TimeIntervals	Lick
186.5585	0.06649999999999068	TimeIntervals	Lick
188.42525	0.06674999999998477	TimeIntervals	Lick
189.52550000000002	0.0999999999999659	TimeIntervals	Lick
190.1255	0.10000000000005116	TimeIntervals	Lick
193.35950000000003	0.06649999999996226	TimeIntervals	Lick
194.05950000000004	0.0999999999999659	TimeIntervals	Reward
194.25950000000006	0.4667499999999336	TimeIntervals	Lick
194.75950000000006	0.06674999999995634	TimeIntervals	Lick
194.85950000000003	0.09999999999999432	TimeIntervals	Lick
194.993	0.20000000000001705	TimeIntervals	Lick
195.22650000000002	0.09999999999999432	TimeIntervals	Lick
195.35975000000002	0.19999999999998863	TimeIntervals	Lick
195.593	0.10000000000002274	TimeIntervals	Lick
195.72650000000002	0.06649999999999068	TimeIntervals	Lick
195.85975000000002	0.06674999999998477	TimeIntervals	Lick
195.95975	0.09999999999999432	TimeIntervals	Lick
196.093	0.10000000000002274	TimeIntervals	Lick
196.22650000000002	0.06675000000001319	TimeIntervals	Lick
196.3265	0.09999999999999432	TimeIntervals	Lick
196.49325	0.36675000000002456	TimeIntervals	Lick
196.89325	0.09999999999999432	TimeIntervals	Lick
197.0265	0.2335000000000207	TimeIntervals	Lick
197.29350000000002	0.06649999999999068	TimeIntervals	Lick
197.46000000000004	0.06674999999998477	TimeIntervals	Lick
197.56	0.09999999999999432	TimeIntervals	Lick
197.72675000000004	0.0999999999999659	TimeIntervals	Lick
197.86	0.10000000000002274	TimeIntervals	Lick
197.9935	0.3332499999999925	TimeIntervals	Lick
198.36	0.1002499999999884	TimeIntervals	Lick
198.4935	0.13349999999996953	TimeIntervals	Lick
198.66025	0.10000000000002274	TimeIntervals	Lick
198.79350000000002	0.0999999999999659	TimeIntervals	Lick
199.16025	0.06675000000004161	TimeIntervals	Lick
201.2605	0.09999999999999432	TimeIntervals	Lick
202.5275	0.0665000000000191	TimeIntervals	Lick
203.3275	0.10000000000002274	TimeIntervals	Lick
203.72750000000002	0.06674999999998477	TimeIntervals	Lick
205.16125000000002	0.09999999999999432	TimeIntervals	Lick
206.3615	0.10000000000002274	TimeIntervals	Lick
206.89475	0.06675000000004161	TimeIntervals	Lick
207.09475	0.033249999999952706	TimeIntervals	Lick
208.16150000000002	0.06675000000001319	TimeIntervals	Lick
208.36175000000003	0.0999999999999659	TimeIntervals	Lick
208.96175	0.20000000000001705	TimeIntervals	Lick
209.19500000000002	0.10000000000002274	TimeIntervals	Lick
209.3285	0.06675000000004161	TimeIntervals	Lick
209.4285	0.10000000000002274	TimeIntervals	Lick
209.56199999999998	0.0665000000000191	TimeIntervals	Lick
209.69525000000002	0.06675000000001319	TimeIntervals	Lick
209.79525000000004	0.06675000000001319	TimeIntervals	Lick
209.89525000000003	0.1999999999999318	TimeIntervals	Lick
210.1285	0.10000000000002274	TimeIntervals	Reward
210.1285	0.10000000000002274	TimeIntervals	Lick
210.26200000000003	0.266749999999945	TimeIntervals	Lick
210.56199999999998	0.06675000000004161	TimeIntervals	Lick
210.66199999999998	0.2000000000000739	TimeIntervals	Lick
210.89550000000003	0.0999999999999659	TimeIntervals	Lick
211.02874999999997	0.06675000000001319	TimeIntervals	Lick
211.12875000000003	0.09999999999999432	TimeIntervals	Lick
211.26200000000003	0.06675000000001319	TimeIntervals	Lick
211.36200000000005	0.0999999999999659	TimeIntervals	Lick
211.4955	0.20000000000001705	TimeIntervals	Lick
211.729	0.10000000000002274	TimeIntervals	Lick
211.86225000000002	0.1999999999999602	TimeIntervals	Lick
212.0955	0.10000000000002274	TimeIntervals	Lick
212.229	0.06649999999999068	TimeIntervals	Lick
212.32900000000004	0.09999999999993747	TimeIntervals	Lick
212.46225	0.0999999999999659	TimeIntervals	Lick
212.5955	0.20025000000003956	TimeIntervals	Lick
212.82900000000004	0.1334999999999411	TimeIntervals	Lick
212.99575	0.0999999999999659	TimeIntervals	Lick
213.129	0.10000000000002274	TimeIntervals	Lick
213.26250000000002	0.10000000000002274	TimeIntervals	Lick
213.39575000000002	0.0999999999999659	TimeIntervals	Lick
213.529	0.06674999999995634	TimeIntervals	Lick
213.76250000000002	0.10000000000002274	TimeIntervals	Lick
213.92925	0.09999999999999432	TimeIntervals	Lick
214.59599999999998	0.23325000000005502	TimeIntervals	Lick
214.86250000000004	0.10024999999995998	TimeIntervals	Lick
215.06275000000002	0.06674999999998477	TimeIntervals	Lick
215.96300000000002	0.06649999999999068	TimeIntervals	Lick
216.46300000000002	0.13325000000000387	TimeIntervals	Lick
216.6295	0.13349999999996953	TimeIntervals	Lick
218.73	0.0665000000000191	TimeIntervals	Lick
221.76375000000002	0.0999999999999659	TimeIntervals	Lick
222.89725	0.0999999999999659	TimeIntervals	Lick
223.064	0.09999999999999432	TimeIntervals	Lick
223.19725	0.10000000000002274	TimeIntervals	Lick
225.03099999999998	0.10000000000002274	TimeIntervals	Lick
226.49775	0.13325000000000387	TimeIntervals	Lick
230.43175000000002	0.0999999999999659	TimeIntervals	Lick
234.299	0.10000000000002274	TimeIntervals	Lick
234.59899999999996	0.2335000000000491	TimeIntervals	Lick
234.86575000000002	0.06674999999995634	TimeIntervals	Lick
234.96575	0.09999999999999432	TimeIntervals	Lick
235.09899999999996	0.10000000000005116	TimeIntervals	Lick
235.23250000000004	0.0999999999999659	TimeIntervals	Lick
235.36575000000002	0.19999999999998863	TimeIntervals	Lick
235.59899999999996	0.10000000000005116	TimeIntervals	Lick
235.73250000000004	0.0999999999999659	TimeIntervals	Lick
235.866	0.19999999999998863	TimeIntervals	Lick
236.09925	0.09999999999999432	TimeIntervals	Lick
236.23250000000004	0.0999999999999659	TimeIntervals	Lick
236.366	0.06649999999996226	TimeIntervals	Lick
236.46600000000004	0.0999999999999659	TimeIntervals	Lick
236.59925	0.06674999999998477	TimeIntervals	Lick
236.69925	0.10000000000002274	TimeIntervals	Lick
236.8325	0.1002499999999884	TimeIntervals	Lick
236.96600000000004	0.0999999999999659	TimeIntervals	Lick
237.09949999999998	0.0665000000000191	TimeIntervals	Lick
237.23275000000004	0.06675000000001319	TimeIntervals	Lick
237.366	0.10000000000002274	TimeIntervals	Lick
237.49949999999998	0.09999999999999432	TimeIntervals	Lick
237.63275000000002	0.20000000000001705	TimeIntervals	Lick
237.866	0.13349999999996953	TimeIntervals	Lick
238.033	0.10000000000002274	TimeIntervals	Lick
238.16625	0.10000000000005116	TimeIntervals	Lick
238.33300000000003	0.06649999999999068	TimeIntervals	Lick
238.433	0.09999999999999432	TimeIntervals	Lick
238.46625	0.10000000000002274	TimeIntervals	Reward
238.56625000000003	0.3332499999999925	TimeIntervals	Lick
238.933	0.06649999999999068	TimeIntervals	Lick
239.033	0.06675000000001319	TimeIntervals	Lick
239.133	0.09999999999999432	TimeIntervals	Lick
239.26650000000004	0.09999999999999432	TimeIntervals	Lick
239.39975	0.06675000000001319	TimeIntervals	Lick
239.49974999999998	0.10000000000002274	TimeIntervals	Lick
239.633	0.20000000000001705	TimeIntervals	Lick
239.86650000000003	0.09999999999999432	TimeIntervals	Lick
239.99974999999998	0.10000000000002274	TimeIntervals	Lick
240.133	0.06700000000000728	TimeIntervals	Lick
240.23325000000003	0.09999999999999432	TimeIntervals	Lick
240.36650000000003	0.09999999999999432	TimeIntervals	Lick
240.5	0.20000000000001705	TimeIntervals	Lick
240.76650000000004	0.23349999999996385	TimeIntervals	Lick
241.03324999999995	0.10000000000005116	TimeIntervals	Lick
241.1665	0.13350000000002638	TimeIntervals	Lick
241.3335	0.10000000000002274	TimeIntervals	Lick
241.46675000000002	0.09999999999999432	TimeIntervals	Lick
241.63350000000003	0.06649999999999068	TimeIntervals	Lick
241.80000000000004	0.033499999999946795	TimeIntervals	Lick
241.9335	0.06649999999999068	TimeIntervals	Lick
242.26675000000003	0.13349999999996953	TimeIntervals	Lick
244.40050000000002	0.0999999999999659	TimeIntervals	Lick
244.90050000000002	0.09999999999999432	TimeIntervals	Lick
245.634	0.10000000000002274	TimeIntervals	Lick
245.834	0.06675000000004161	TimeIntervals	Lick
246.734	0.1002499999999884	TimeIntervals	Reward
246.90100000000004	0.2664999999999509	TimeIntervals	Lick
247.20100000000002	0.06649999999999068	TimeIntervals	Lick
247.30100000000002	0.06650000000004752	TimeIntervals	Lick
247.43425	0.06674999999998477	TimeIntervals	Lick
247.53425	0.06675000000001319	TimeIntervals	Lick
247.6675	0.06675000000001319	TimeIntervals	Lick
247.7675	0.10025000000001683	TimeIntervals	Lick
247.90100000000004	0.06674999999995634	TimeIntervals	Lick
248.00099999999998	0.10000000000002274	TimeIntervals	Lick
248.1345	0.10000000000002274	TimeIntervals	Lick
248.26775	0.10000000000002274	TimeIntervals	Lick
248.40100000000004	0.1999999999999602	TimeIntervals	Lick
248.6345	0.10000000000002274	TimeIntervals	Lick
248.76775	0.33350000000004343	TimeIntervals	Lick
249.168	0.20000000000004547	TimeIntervals	Lick
249.40125000000003	0.2667499999999734	TimeIntervals	Lick
249.70125000000002	0.0999999999999659	TimeIntervals	Lick
249.83449999999996	0.13350000000002638	TimeIntervals	Lick
250.00125000000006	0.1334999999999127	TimeIntervals	Lick
250.36800000000005	0.06674999999995634	TimeIntervals	Lick
250.50150000000005	0.0999999999999659	TimeIntervals	Lick
250.668	0.10000000000002274	TimeIntervals	Lick
250.86800000000005	0.06674999999995634	TimeIntervals	Lick
251.03475	0.13350000000002638	TimeIntervals	Lick
251.23500000000004	0.0999999999999659	TimeIntervals	Lick
251.435	0.10000000000002274	TimeIntervals	Lick
251.70150000000004	0.06675000000001319	TimeIntervals	Lick
251.86825000000002	0.09999999999999432	TimeIntervals	Lick
252.03500000000003	0.13325000000000387	TimeIntervals	Lick
252.26850000000005	0.13324999999997544	TimeIntervals	Lick
252.70174999999995	0.100000000000108	TimeIntervals	Lick
252.835	0.09999999999999432	TimeIntervals	Lick
253.43525	0.06675000000004161	TimeIntervals	Lick
253.60200000000003	0.06649999999996226	TimeIntervals	Lick
253.73525000000006	0.09999999999990905	TimeIntervals	Lick
253.8685	0.09999999999999432	TimeIntervals	Lick
254.06850000000003	0.06674999999998477	TimeIntervals	Lick
254.23525000000006	0.06674999999998477	TimeIntervals	Lick
254.93550000000002	0.13325000000000387	TimeIntervals	Lick
255.46875	0.1002499999999884	TimeIntervals	Lick
255.60225000000003	0.10000000000002274	TimeIntervals	Lick
255.73550000000006	0.09999999999990905	TimeIntervals	Lick
255.86900000000003	0.10000000000002274	TimeIntervals	Lick
256.00225	0.06674999999995634	TimeIntervals	Lick
256.10225	0.0999999999999659	TimeIntervals	Lick
256.2355	0.0999999999999659	TimeIntervals	Lick
256.36899999999997	0.19999999999998863	TimeIntervals	Lick
256.63550000000004	0.06699999999995043	TimeIntervals	Lick
256.76899999999995	0.06675000000007003	TimeIntervals	Lick
256.83575	0.0999999999999659	TimeIntervals	Reward
256.86899999999997	0.5334999999999468	TimeIntervals	Lick
257.43575	0.10000000000002274	TimeIntervals	Lick
257.56899999999996	0.06675000000007003	TimeIntervals	Lick
257.669	0.10024999999995998	TimeIntervals	Lick
257.8025	0.09999999999990905	TimeIntervals	Lick
257.936	0.10000000000002274	TimeIntervals	Lick
258.06924999999995	0.10000000000002274	TimeIntervals	Lick
258.2025	0.333500000000015	TimeIntervals	Lick
258.56924999999995	0.19999999999998863	TimeIntervals	Lick
258.8025	0.10025000000001683	TimeIntervals	Lick
258.936	0.10000000000002274	TimeIntervals	Lick
259.06949999999995	0.10000000000002274	TimeIntervals	Lick
259.20275	0.10000000000002274	TimeIntervals	Lick
259.33599999999996	0.10000000000002274	TimeIntervals	Lick
259.4694999999999	0.23325000000005502	TimeIntervals	Lick
259.736	0.0999999999999659	TimeIntervals	Lick
259.8695	0.13349999999996953	TimeIntervals	Lick
260.03625	0.10000000000002274	TimeIntervals	Lick
260.16949999999997	0.20000000000004547	TimeIntervals	Lick
260.43625	0.10000000000002274	TimeIntervals	Lick
260.603	0.06649999999996226	TimeIntervals	Lick
260.73625	0.10000000000002274	TimeIntervals	Lick
260.93625	0.06675000000001319	TimeIntervals	Lick
261.06975	0.06675000000001319	TimeIntervals	Lick
261.1365	0.0999999999999659	TimeIntervals	Reward
261.2365	0.23324999999999818	TimeIntervals	Lick
261.503	0.06675000000001319	TimeIntervals	Lick
261.603	0.0999999999999659	TimeIntervals	Lick
261.7365	0.10000000000002274	TimeIntervals	Lick
261.86974999999995	0.06675000000007003	TimeIntervals	Lick
261.96975	0.10000000000002274	TimeIntervals	Lick
262.103	0.10024999999995998	TimeIntervals	Lick
262.2365	0.10000000000002274	TimeIntervals	Lick
262.36999999999995	0.20000000000010232	TimeIntervals	Lick
262.60325	0.0999999999999659	TimeIntervals	Lick
262.7365	0.10000000000002274	TimeIntervals	Lick
262.86999999999995	0.10000000000002274	TimeIntervals	Lick
263.00325000000004	0.0999999999999659	TimeIntervals	Lick
263.1365	0.0999999999999659	TimeIntervals	Lick
263.2699999999999	0.10000000000002274	TimeIntervals	Lick
263.40349999999995	0.10000000000002274	TimeIntervals	Lick
263.53675000000004	0.0999999999999659	TimeIntervals	Lick
263.67	0.09999999999990905	TimeIntervals	Lick
263.8035	0.0999999999999659	TimeIntervals	Lick
263.93674999999996	0.10000000000007958	TimeIntervals	Lick
264.07000000000005	0.0999999999999659	TimeIntervals	Lick
264.2035	0.0999999999999659	TimeIntervals	Lick
264.33700000000005	0.09999999999990905	TimeIntervals	Lick
264.5035	0.06675000000001319	TimeIntervals	Lick
264.637	0.0999999999999659	TimeIntervals	Lick
264.8035	0.0999999999999659	TimeIntervals	Lick
265.43699999999995	0.23349999999999227	TimeIntervals	Lick
266.33700000000005	0.1334999999999127	TimeIntervals	Lick
266.67049999999995	0.06675000000001319	TimeIntervals	Lick
266.80400000000003	0.06649999999996226	TimeIntervals	Lick
266.904	0.0999999999999659	TimeIntervals	Lick
267.03725	0.06675000000001319	TimeIntervals	Lick
267.13725000000005	0.09999999999990905	TimeIntervals	Lick
267.27049999999997	0.10000000000002274	TimeIntervals	Lick
267.404	0.06649999999996226	TimeIntervals	Lick
267.50399999999996	0.10000000000002274	TimeIntervals	Lick
267.63750000000005	0.06649999999996226	TimeIntervals	Lick
267.73749999999995	0.10000000000007958	TimeIntervals	Lick
267.87075	0.0999999999999659	TimeIntervals	Lick
268.00399999999996	0.10000000000002274	TimeIntervals	Lick
268.13750000000005	0.06649999999996226	TimeIntervals	Lick
268.17075000000006	0.0999999999999659	TimeIntervals	Reward
268.23749999999995	0.40000000000009095	TimeIntervals	Lick
268.67075000000006	0.0667499999998995	TimeIntervals	Lick
268.771	0.09999999999990905	TimeIntervals	Lick
268.90425	0.06674999999995634	TimeIntervals	Lick
269.00424999999996	0.10000000000002274	TimeIntervals	Lick
269.13750000000005	0.09999999999990905	TimeIntervals	Lick
269.271	0.09999999999990905	TimeIntervals	Lick
269.40425	0.06674999999995634	TimeIntervals	Lick
269.50424999999996	0.10000000000002274	TimeIntervals	Lick
269.63750000000005	0.09999999999990905	TimeIntervals	Lick
269.771	0.09999999999990905	TimeIntervals	Lick
269.9044999999999	0.10000000000002274	TimeIntervals	Lick
270.03775	0.06674999999995634	TimeIntervals	Lick
270.13775	0.10000000000002274	TimeIntervals	Lick
270.271	0.09999999999990905	TimeIntervals	Lick
270.4044999999999	0.10000000000002274	TimeIntervals	Lick
270.53775	0.19999999999998863	TimeIntervals	Lick
270.771	0.09999999999990905	TimeIntervals	Lick
270.9044999999999	0.10000000000002274	TimeIntervals	Lick
271.03799999999995	0.20000000000004547	TimeIntervals	Lick
271.27124999999995	0.0999999999999659	TimeIntervals	Lick
271.4044999999999	0.10000000000002274	TimeIntervals	Lick
271.53799999999995	0.23324999999999818	TimeIntervals	Lick
271.838	0.06649999999990541	TimeIntervals	Lick
271.97124999999994	0.10025000000001683	TimeIntervals	Lick
272.138	0.10000000000002274	TimeIntervals	Lick
272.27149999999995	0.10000000000002274	TimeIntervals	Lick
272.40475	0.3332500000000209	TimeIntervals	Lick
272.77149999999995	0.10000000000002274	TimeIntervals	Lick
272.90475	0.0999999999999659	TimeIntervals	Lick
273.03799999999995	0.13349999999996953	TimeIntervals	Lick
273.205	0.0999999999999659	TimeIntervals	Lick
273.33825	0.13324999999997544	TimeIntervals	Lick
273.53825	0.06675000000001319	TimeIntervals	Lick
273.80499999999995	0.06650000000007594	TimeIntervals	Lick
274.005	0.0665000000000191	TimeIntervals	Lick
276.4055	0.0999999999999659	TimeIntervals	Lick
277.272	0.10000000000002274	TimeIntervals	Lick
277.77225	0.06675000000007003	TimeIntervals	Lick
279.87249999999995	0.10000000000007958	TimeIntervals	Lick
280.00600000000003	0.06649999999996226	TimeIntervals	Lick
283.70649999999995	0.10000000000002274	TimeIntervals	Lick
287.24025	0.10000000000002274	TimeIntervals	Lick
287.5405	0.0665000000000191	TimeIntervals	Lick
288.37375	0.10000000000007958	TimeIntervals	Lick
288.5405	0.06675000000001319	TimeIntervals	Lick
289.47400000000005	0.13349999999996953	TimeIntervals	Lick
289.74075	0.06675000000001319	TimeIntervals	Lick
290.24075	0.10000000000002274	TimeIntervals	Lick
290.374	0.06675000000001319	TimeIntervals	Lick
290.47400000000005	0.09999999999990905	TimeIntervals	Lick
290.6075	0.06649999999996226	TimeIntervals	Lick
290.7074999999999	0.20000000000010232	TimeIntervals	Lick
290.94100000000003	0.0999999999999659	TimeIntervals	Lick
291.07424999999995	0.19999999999998863	TimeIntervals	Lick
291.3075	0.06674999999995634	TimeIntervals	Lick
291.44100000000003	0.0665000000000191	TimeIntervals	Lick
291.541	0.4000000000000341	TimeIntervals	Lick
291.541	0.10000000000002274	TimeIntervals	Reward
291.9745	0.0665000000000191	TimeIntervals	Lick
292.07449999999994	0.06650000000007594	TimeIntervals	Lick
292.1745	0.0999999999999659	TimeIntervals	Lick
292.30775000000006	0.09999999999990905	TimeIntervals	Lick
292.44100000000003	0.06674999999995634	TimeIntervals	Lick
292.541	0.19999999999998863	TimeIntervals	Lick
292.7745	0.09999999999990905	TimeIntervals	Lick
292.9080000000001	0.1999999999999318	TimeIntervals	Lick
293.14125	0.10000000000002274	TimeIntervals	Lick
293.2745	0.09999999999990905	TimeIntervals	Lick
293.4412500000001	0.0667499999998995	TimeIntervals	Lick
293.54125	0.10000000000002274	TimeIntervals	Lick
293.6745	0.0999999999999659	TimeIntervals	Lick
293.808	0.10000000000007958	TimeIntervals	Lick
293.9412500000001	0.10024999999990314	TimeIntervals	Lick
294.07475	0.10000000000002274	TimeIntervals	Lick
294.208	0.0999999999999659	TimeIntervals	Lick
294.3415	0.10000000000007958	TimeIntervals	Lick
294.47475000000003	0.0999999999999659	TimeIntervals	Lick
294.608	0.13349999999996953	TimeIntervals	Lick
294.7747499999999	0.06675000000007003	TimeIntervals	Lick
294.87474999999995	0.10000000000007958	TimeIntervals	Lick
295.0415	0.10000000000002274	TimeIntervals	Lick
295.30825000000004	0.0667499999998995	TimeIntervals	Lick
298.642	0.06675000000001319	TimeIntervals	Lick
299.74225	0.0999999999999659	TimeIntervals	Lick
301.1425	0.0999999999999659	TimeIntervals	Lick
301.5425	0.06649999999996226	TimeIntervals	Lick
301.6425	0.0999999999999659	TimeIntervals	Lick
301.77599999999995	0.06650000000007594	TimeIntervals	Lick
301.876	0.0665000000000191	TimeIntervals	Lick
301.976	0.10000000000002274	TimeIntervals	Lick
302.10925000000003	0.06675000000001319	TimeIntervals	Lick
302.20925	0.06674999999995634	TimeIntervals	Lick
302.30924999999996	0.10000000000007958	TimeIntervals	Lick
302.4425	0.06675000000007003	TimeIntervals	Lick
302.5425	0.1999999999999318	TimeIntervals	Lick
302.77599999999995	0.10000000000002274	TimeIntervals	Lick
302.84275	0.10000000000002274	TimeIntervals	Reward
302.90950000000004	0.06649999999996226	TimeIntervals	Lick
303.0095	0.2664999999999509	TimeIntervals	Lick
303.3095	0.06649999999996226	TimeIntervals	Lick
303.40950000000004	0.0999999999999659	TimeIntervals	Lick
303.54274999999996	0.06675000000001319	TimeIntervals	Lick
303.64275	0.20000000000004547	TimeIntervals	Lick
303.876	0.20024999999998272	TimeIntervals	Lick
304.10949999999997	0.10000000000007958	TimeIntervals	Lick
304.243	0.10000000000002274	TimeIntervals	Lick
304.37624999999997	0.19999999999998863	TimeIntervals	Lick
304.60949999999997	0.10000000000007958	TimeIntervals	Lick
304.743	0.0665000000000191	TimeIntervals	Lick
304.843	0.23349999999993543	TimeIntervals	Lick
305.1097500000001	0.0999999999999659	TimeIntervals	Lick
305.243	0.33349999999995816	TimeIntervals	Lick
305.6097500000001	0.23324999999994134	TimeIntervals	Lick
305.90975	0.06675000000007003	TimeIntervals	Lick
306.00975	0.13350000000002638	TimeIntervals	Lick
306.21	0.10000000000007958	TimeIntervals	Lick
306.34325000000007	0.06674999999995634	TimeIntervals	Lick
306.44325000000003	0.0999999999999659	TimeIntervals	Lick
306.61	0.0999999999999659	TimeIntervals	Lick
306.77649999999994	0.10000000000007958	TimeIntervals	Lick
307.61	0.06674999999995634	TimeIntervals	Lick
307.77675	0.06675000000001319	TimeIntervals	Lick
311.4440000000001	0.1334999999999127	TimeIntervals	Lick
312.11075000000005	0.1332499999999186	TimeIntervals	Lick
312.811	0.10000000000002274	TimeIntervals	Lick
313.911	0.10000000000002274	TimeIntervals	Lick
314.71099999999996	0.06675000000001319	TimeIntervals	Lick
316.24475	0.06675000000007003	TimeIntervals	Lick
318.1785	0.09999999999990905	TimeIntervals	Lick
318.31175	0.06674999999995634	TimeIntervals	Lick
318.41175000000004	0.06674999999995634	TimeIntervals	Lick
318.545	0.10000000000002274	TimeIntervals	Lick
318.71175	0.10000000000002274	TimeIntervals	Lick
318.8785	0.10000000000002274	TimeIntervals	Lick
319.01174999999995	0.10000000000007958	TimeIntervals	Lick
319.14500000000004	0.06674999999995634	TimeIntervals	Lick
319.2784999999999	0.06675000000012687	TimeIntervals	Lick
319.3785	0.19999999999998863	TimeIntervals	Lick
319.612	0.06649999999996226	TimeIntervals	Lick
319.712	0.10000000000002274	TimeIntervals	Lick
319.84525	0.06674999999995634	TimeIntervals	Lick
319.94525	0.10000000000002274	TimeIntervals	Lick
320.07849999999996	0.06675000000007003	TimeIntervals	Lick
320.1785	0.09999999999990905	TimeIntervals	Lick
320.2784999999999	0.10000000000007958	TimeIntervals	Reward
320.312	0.06649999999996226	TimeIntervals	Lick
320.412	0.16674999999997908	TimeIntervals	Lick
320.612	0.06675000000001319	TimeIntervals	Lick
320.712	0.06675000000001319	TimeIntervals	Lick
320.812	0.0999999999999659	TimeIntervals	Lick
320.9455	0.06649999999996226	TimeIntervals	Lick
321.04549999999995	0.10000000000007958	TimeIntervals	Lick
321.17875000000004	0.06674999999995634	TimeIntervals	Lick
321.27875	0.10000000000002274	TimeIntervals	Lick
321.41200000000003	0.10024999999995998	TimeIntervals	Lick
321.5455	0.19999999999998863	TimeIntervals	Lick
321.779	0.10000000000002274	TimeIntervals	Lick
321.91225000000003	0.1999999999999318	TimeIntervals	Lick
322.1455	0.6334999999999695	TimeIntervals	Lick
322.8125	0.3332500000000209	TimeIntervals	Lick
323.17900000000003	0.0999999999999659	TimeIntervals	Lick
323.3125	0.0999999999999659	TimeIntervals	Lick
323.44575000000003	0.0999999999999659	TimeIntervals	Lick
323.61249999999995	0.06650000000007594	TimeIntervals	Lick
323.7124999999999	0.10000000000007958	TimeIntervals	Lick
323.87925	0.0999999999999659	TimeIntervals	Lick
324.046	0.10000000000002274	TimeIntervals	Lick
324.2124999999999	0.10000000000007958	TimeIntervals	Lick
324.41249999999997	0.06675000000001319	TimeIntervals	Lick
324.546	0.10000000000002274	TimeIntervals	Lick
324.67925	0.13349999999996953	TimeIntervals	Lick
324.846	0.10000000000002274	TimeIntervals	Lick
325.01275000000004	0.0999999999999659	TimeIntervals	Lick
325.346	0.10000000000002274	TimeIntervals	Lick
325.646	0.09999999999990905	TimeIntervals	Lick
325.81275	0.06675000000001319	TimeIntervals	Lick
326.1795	0.06674999999995634	TimeIntervals	Lick
327.013	0.10000000000002274	TimeIntervals	Lick
329.88	0.06675000000007003	TimeIntervals	Lick
330.04675000000003	0.10000000000002274	TimeIntervals	Lick
331.11350000000004	0.09999999999990905	TimeIntervals	Lick
331.247	0.0999999999999659	TimeIntervals	Lick
331.41375	0.06674999999995634	TimeIntervals	Lick
331.81374999999997	0.10000000000002274	TimeIntervals	Lick
334.91425000000004	0.06675000000001319	TimeIntervals	Lick
335.081	0.06649999999996226	TimeIntervals	Lick
335.21425	0.06674999999995634	TimeIntervals	Lick
335.581	0.0999999999999659	TimeIntervals	Lick
335.8809999999999	0.10000000000013642	TimeIntervals	Lick
336.0145	0.0665000000000191	TimeIntervals	Lick
336.71450000000004	0.09999999999990905	TimeIntervals	Lick
338.4815	0.0665000000000191	TimeIntervals	Lick
338.58149999999995	0.10000000000007958	TimeIntervals	Lick
338.71475000000004	0.10000000000002274	TimeIntervals	Lick
338.84799999999996	0.20000000000004547	TimeIntervals	Lick
339.08149999999995	0.10000000000007958	TimeIntervals	Lick
339.215	0.20000000000004547	TimeIntervals	Lick
339.4482500000001	0.1999999999999318	TimeIntervals	Lick
339.615	0.0999999999999659	TimeIntervals	Reward
339.6815	0.5002499999999941	TimeIntervals	Lick
340.215	0.10000000000007958	TimeIntervals	Lick
340.3485	0.0665000000000191	TimeIntervals	Lick
340.4485	0.10000000000002274	TimeIntervals	Lick
340.58175	0.19999999999998863	TimeIntervals	Lick
340.8485	0.0665000000000191	TimeIntervals	Lick
340.9485	0.19999999999998863	TimeIntervals	Lick
341.18175	0.10024999999990314	TimeIntervals	Lick
341.31525000000005	0.10000000000002274	TimeIntervals	Lick
341.4485	0.1999999999999318	TimeIntervals	Lick
341.6820000000001	0.09999999999985221	TimeIntervals	Lick
341.81525000000005	0.10000000000002274	TimeIntervals	Lick
341.9485	0.0999999999999659	TimeIntervals	Lick
342.082	0.10000000000007958	TimeIntervals	Lick
342.21524999999997	0.10000000000007958	TimeIntervals	Lick
342.3485	0.10025000000001683	TimeIntervals	Lick
342.48199999999997	0.6335000000000832	TimeIntervals	Lick
343.14875	0.0999999999999659	TimeIntervals	Lick
343.2819999999999	0.13350000000008322	TimeIntervals	Lick
343.44900000000007	0.09999999999985221	TimeIntervals	Lick
343.61550000000005	0.06675000000001319	TimeIntervals	Lick
343.71549999999996	0.10000000000002274	TimeIntervals	Lick
344.0155	0.06675000000001319	TimeIntervals	Lick
344.18225000000007	0.09999999999990905	TimeIntervals	Lick
346.24924999999996	0.1332500000000323	TimeIntervals	Lick
348.3829999999999	0.10000000000007958	TimeIntervals	Lick
350.95000000000005	0.033249999999952706	TimeIntervals	Lick
353.41700000000003	0.0999999999999659	TimeIntervals	Lick
354.584	0.10000000000002274	TimeIntervals	Lick
355.484	0.0665000000000191	TimeIntervals	Lick
356.7175	0.06674999999995634	TimeIntervals	Lick
356.951	0.06649999999996226	TimeIntervals	Lick
357.6175	0.0999999999999659	TimeIntervals	Lick
358.01775	0.06675000000001319	TimeIntervals	Lick
358.71775	0.10000000000002274	TimeIntervals	Lick
358.88449999999995	0.10000000000007958	TimeIntervals	Lick
359.9515	0.06649999999996226	TimeIntervals	Lick
360.05150000000003	0.09999999999990905	TimeIntervals	Lick
361.65149999999994	0.06675000000001319	TimeIntervals	Lick
361.78499999999997	0.10000000000002274	TimeIntervals	Lick
362.48499999999996	0.16675000000003593	TimeIntervals	Lick
366.01899999999995	0.0665000000000191	TimeIntervals	Lick
367.65250000000003	0.06674999999995634	TimeIntervals	Lick
367.91925	0.06675000000007003	TimeIntervals	Lick
368.71925	0.06674999999995634	TimeIntervals	Lick
368.81950000000006	0.06649999999990541	TimeIntervals	Lick
368.9195	0.20000000000004547	TimeIntervals	Lick
369.15275	0.0667499999998995	TimeIntervals	Lick
369.25274999999993	0.20000000000004547	TimeIntervals	Lick
369.48600000000005	0.09999999999990905	TimeIntervals	Lick
369.6195000000001	0.06649999999990541	TimeIntervals	Lick
369.7194999999999	0.10000000000013642	TimeIntervals	Lick
369.85299999999995	0.10000000000007958	TimeIntervals	Lick
369.98625	0.0999999999999659	TimeIntervals	Reward
369.98625	0.06675000000001319	TimeIntervals	Lick
370.08624999999995	0.2667500000000018	TimeIntervals	Lick
370.38625	0.06675000000001319	TimeIntervals	Lick
370.48625	0.19999999999998863	TimeIntervals	Lick
370.7194999999999	0.06675000000007003	TimeIntervals	Lick
370.81950000000006	0.0999999999999659	TimeIntervals	Lick
370.95300000000003	0.19999999999998863	TimeIntervals	Lick
371.1865	0.0999999999999659	TimeIntervals	Lick
371.31975	0.06674999999995634	TimeIntervals	Lick
371.41975	0.0999999999999659	TimeIntervals	Lick
371.553	0.10000000000002274	TimeIntervals	Lick
371.6865	0.33349999999995816	TimeIntervals	Lick
372.0865	0.06675000000001319	TimeIntervals	Lick
372.1865	0.0999999999999659	TimeIntervals	Lick
372.32	0.10000000000007958	TimeIntervals	Lick
372.45325	0.0999999999999659	TimeIntervals	Lick
372.5865	0.10000000000002274	TimeIntervals	Lick
372.71999999999997	0.10000000000002274	TimeIntervals	Lick
372.85324999999995	0.10000000000007958	TimeIntervals	Lick
372.9865	0.10000000000002274	TimeIntervals	Lick
373.12	0.0999999999999659	TimeIntervals	Lick
373.28675	0.06675000000001319	TimeIntervals	Lick
373.38675	0.1332499999999186	TimeIntervals	Lick
373.58675	0.06675000000001319	TimeIntervals	Lick
373.82	0.06675000000001319	TimeIntervals	Lick
373.98675000000003	0.06674999999995634	TimeIntervals	Lick
374.12	0.0999999999999659	TimeIntervals	Lick
374.3535	0.10000000000007958	TimeIntervals	Lick
374.5535	0.13350000000002638	TimeIntervals	Lick
374.7202499999999	0.06675000000001319	TimeIntervals	Lick
374.9535000000001	0.09999999999990905	TimeIntervals	Lick
376.387	0.10025000000001683	TimeIntervals	Lick
378.25399999999996	0.06675000000007003	TimeIntervals	Lick
378.52074999999996	0.06675000000001319	TimeIntervals	Lick
378.65425000000005	0.0999999999999659	TimeIntervals	Lick
378.821	0.10000000000002274	TimeIntervals	Lick
378.95425	0.10000000000002274	TimeIntervals	Lick
379.0875	0.10000000000002274	TimeIntervals	Lick
379.221	0.10000000000002274	TimeIntervals	Lick
379.3875	0.06675000000001319	TimeIntervals	Lick
379.521	0.10000000000002274	TimeIntervals	Lick
379.65425000000005	0.10024999999990314	TimeIntervals	Lick
379.821	0.06675000000001319	TimeIntervals	Lick
382.188	0.06675000000001319	TimeIntervals	Lick
382.28799999999995	0.10000000000002274	TimeIntervals	Lick
382.4215	0.20000000000004547	TimeIntervals	Lick
382.65475000000004	0.0999999999999659	TimeIntervals	Lick
382.78799999999995	0.10000000000002274	TimeIntervals	Lick
382.9215	0.10000000000002274	TimeIntervals	Lick
383.055	0.19999999999998863	TimeIntervals	Lick
383.255	0.10000000000002274	TimeIntervals	Reward
383.28825	0.0999999999999659	TimeIntervals	Lick
383.4215	0.23349999999999227	TimeIntervals	Lick
383.68825	0.19999999999998863	TimeIntervals	Lick
383.9215	0.06674999999995634	TimeIntervals	Lick
384.0215	0.10000000000002274	TimeIntervals	Lick
384.155	0.20000000000004547	TimeIntervals	Lick
384.3885	0.1999999999999318	TimeIntervals	Lick
384.62175	0.20000000000004547	TimeIntervals	Lick
384.855	0.0999999999999659	TimeIntervals	Lick
384.98850000000004	0.09999999999990905	TimeIntervals	Lick
385.12175	0.06674999999995634	TimeIntervals	Lick
385.222	0.10000000000002274	TimeIntervals	Lick
385.35524999999996	0.10000000000007958	TimeIntervals	Lick
385.48850000000004	0.09999999999990905	TimeIntervals	Lick
385.622	0.0999999999999659	TimeIntervals	Lick
385.75524999999993	0.10000000000002274	TimeIntervals	Lick
385.8885	0.10000000000002274	TimeIntervals	Lick
386.02200000000005	0.0999999999999659	TimeIntervals	Lick
386.15525	0.13324999999997544	TimeIntervals	Lick
386.322	0.10000000000002274	TimeIntervals	Lick
386.45550000000003	0.1332499999999186	TimeIntervals	Lick
386.622	0.0999999999999659	TimeIntervals	Lick
386.78875	0.06674999999995634	TimeIntervals	Lick
386.88874999999996	0.06675000000007003	TimeIntervals	Lick
386.98875	0.0999999999999659	TimeIntervals	Lick
387.18875	0.0667499999998995	TimeIntervals	Lick
389.58899999999994	0.06700000000006412	TimeIntervals	Lick
390.056	0.06650000000007594	TimeIntervals	Lick
390.92275000000006	0.0999999999999659	TimeIntervals	Lick
391.32275000000004	0.06674999999995634	TimeIntervals	Lick
391.9895	0.13350000000002638	TimeIntervals	Lick
394.19000000000005	0.06649999999996226	TimeIntervals	Lick
394.92325000000005	0.09999999999990905	TimeIntervals	Lick
395.0564999999999	0.10025000000007367	TimeIntervals	Lick
395.19000000000005	0.0999999999999659	TimeIntervals	Lick
395.95675	0.0999999999999659	TimeIntervals	Lick
398.32375	0.06674999999995634	TimeIntervals	Lick
398.724	0.06649999999996226	TimeIntervals	Lick
398.82399999999996	0.0665000000000191	TimeIntervals	Lick
399.79074999999995	0.23325000000005502	TimeIntervals	Lick
401.42425000000003	0.06674999999995634	TimeIntervals	Lick
401.52425	0.10000000000002274	TimeIntervals	Lick
401.65749999999997	0.06699999999995043	TimeIntervals	Lick
401.75775	0.0999999999999659	TimeIntervals	Lick
401.891	0.0999999999999659	TimeIntervals	Lick
402.0245	0.1999999999999318	TimeIntervals	Lick
402.25775	0.06675000000001319	TimeIntervals	Lick
402.35774999999995	0.10000000000002274	TimeIntervals	Lick
402.491	0.06674999999995634	TimeIntervals	Lick
402.55774999999994	0.10000000000007958	TimeIntervals	Reward
402.5909999999999	0.10000000000013642	TimeIntervals	Lick
402.7244999999999	0.16675000000003593	TimeIntervals	Lick
402.9245000000001	0.06674999999995634	TimeIntervals	Lick
403.058	0.0665000000000191	TimeIntervals	Lick
403.1580000000001	0.06649999999984857	TimeIntervals	Lick
403.258	0.20000000000004547	TimeIntervals	Lick
403.49125000000004	0.0999999999999659	TimeIntervals	Lick
403.6245	0.09999999999990905	TimeIntervals	Lick
403.758	0.0999999999999659	TimeIntervals	Lick
403.89124999999996	0.10025000000007367	TimeIntervals	Lick
404.02475	0.06675000000001319	TimeIntervals	Lick
404.12475	0.10000000000002274	TimeIntervals	Lick
404.258	0.0999999999999659	TimeIntervals	Lick
404.3915	0.3332500000000209	TimeIntervals	Lick
404.758	0.2335000000000491	TimeIntervals	Lick
405.025	0.10000000000002274	TimeIntervals	Lick
405.1915	0.23349999999999227	TimeIntervals	Lick
405.45824999999996	0.10000000000002274	TimeIntervals	Lick
405.5915	0.10000000000002274	TimeIntervals	Lick
405.72499999999997	0.1332500000000323	TimeIntervals	Lick
405.8915	0.06674999999995634	TimeIntervals	Lick
405.99150000000003	0.0999999999999659	TimeIntervals	Lick
406.125	0.0999999999999659	TimeIntervals	Lick
406.29175	0.10000000000002274	TimeIntervals	Lick
406.49175	0.10000000000002274	TimeIntervals	Lick
406.9585	0.06649999999996226	TimeIntervals	Lick
408.65874999999994	0.06675000000007003	TimeIntervals	Lick
411.02574999999996	0.10000000000002274	TimeIntervals	Lick
413.02599999999995	0.06675000000007003	TimeIntervals	Lick
413.79299999999995	0.10000000000007958	TimeIntervals	Lick
416.15999999999997	0.19999999999998863	TimeIntervals	Lick
416.39325	0.10000000000002274	TimeIntervals	Lick
416.52649999999994	0.10000000000007958	TimeIntervals	Lick
416.65999999999997	0.0665000000000191	TimeIntervals	Lick
416.85999999999996	0.10000000000002274	TimeIntervals	Lick
417.02649999999994	0.10025000000007367	TimeIntervals	Lick
419.02700000000004	0.09999999999990905	TimeIntervals	Lick
420.29375	0.10025000000001683	TimeIntervals	Lick
420.72724999999997	0.1332500000000323	TimeIntervals	Lick
422.5607499999999	0.13350000000002638	TimeIntervals	Lick
426.46150000000006	0.06649999999996226	TimeIntervals	Lick
427.995	0.0999999999999659	TimeIntervals	Lick
429.12850000000003	0.0999999999999659	TimeIntervals	Lick
431.5955	0.06675000000001319	TimeIntervals	Lick
431.6954999999999	0.06675000000007003	TimeIntervals	Lick
431.79549999999995	0.20000000000004547	TimeIntervals	Lick
432.029	0.10000000000007958	TimeIntervals	Lick
432.16225000000003	0.06674999999995634	TimeIntervals	Lick
432.26225	0.19999999999998863	TimeIntervals	Lick
432.4955	0.20024999999992588	TimeIntervals	Lick
432.729	0.0999999999999659	TimeIntervals	Lick
432.86249999999995	0.10000000000002274	TimeIntervals	Reward
432.86249999999995	0.06650000000007594	TimeIntervals	Lick
432.9625	0.10000000000002274	TimeIntervals	Lick
433.09575	0.13324999999997544	TimeIntervals	Lick
433.2625	0.0999999999999659	TimeIntervals	Lick
433.39574999999996	0.06675000000001319	TimeIntervals	Lick
433.49575	0.20024999999998272	TimeIntervals	Lick
433.72925	0.0999999999999659	TimeIntervals	Lick
433.86249999999995	0.10000000000002274	TimeIntervals	Lick
433.99600000000004	0.0999999999999659	TimeIntervals	Lick
434.12925	0.0999999999999659	TimeIntervals	Lick
434.2625	0.06674999999995634	TimeIntervals	Lick
434.36249999999995	0.10000000000002274	TimeIntervals	Lick
434.49600000000004	0.33349999999995816	TimeIntervals	Lick
434.896	0.19999999999998863	TimeIntervals	Lick
435.1295	0.0999999999999659	TimeIntervals	Lick
435.26275	0.1332500000000323	TimeIntervals	Lick
435.4295	0.10000000000002274	TimeIntervals	Lick
435.56275	0.10000000000007958	TimeIntervals	Lick
435.863	0.0999999999999659	TimeIntervals	Lick
435.99625	0.1332500000000323	TimeIntervals	Lick
436.163	0.06649999999996226	TimeIntervals	Lick
436.3295	0.06675000000001319	TimeIntervals	Lick
436.49625	0.0999999999999659	TimeIntervals	Lick
436.6295	0.13349999999996953	TimeIntervals	Lick
436.79625	0.10025000000001683	TimeIntervals	Lick
437.02975000000004	0.10000000000002274	TimeIntervals	Lick
437.1965	0.06649999999996226	TimeIntervals	Lick
437.363	0.06675000000007003	TimeIntervals	Lick
437.863	0.0999999999999659	TimeIntervals	Lick
438.56325	0.10000000000002274	TimeIntervals	Lick
438.76324999999997	0.10000000000002274	TimeIntervals	Lick
439.03	0.10000000000002274	TimeIntervals	Lick
439.26349999999996	0.1332500000000323	TimeIntervals	Lick
439.49675	0.06674999999995634	TimeIntervals	Lick
440.63025000000005	0.09999999999990905	TimeIntervals	Lick
444.63100000000003	0.0665000000000191	TimeIntervals	Lick
444.76424999999995	0.06675000000012687	TimeIntervals	Lick
445.8310000000001	0.16674999999992224	TimeIntervals	Lick
446.26449999999994	0.16650000000009868	TimeIntervals	Lick
446.531	0.13350000000002638	TimeIntervals	Lick
446.731	0.13350000000002638	TimeIntervals	Lick
446.93125000000003	0.06675000000001319	TimeIntervals	Lick
451.332	0.06649999999996226	TimeIntervals	Lick
454.33225000000004	0.06674999999995634	TimeIntervals	Lick
454.4655	0.03350000000000364	TimeIntervals	Lick
454.7657499999999	0.13325000000008913	TimeIntervals	Lick
454.96575000000007	0.09999999999990905	TimeIntervals	Lick
455.1325	0.1332499999999186	TimeIntervals	Lick
455.299	0.10000000000002274	TimeIntervals	Lick
455.79925000000003	0.13324999999997544	TimeIntervals	Lick
455.99924999999996	0.06675000000001319	TimeIntervals	Lick
456.1325	0.19999999999998863	TimeIntervals	Lick
456.366	0.10000000000002274	TimeIntervals	Lick
456.49924999999996	0.20025000000003956	TimeIntervals	Lick
456.73274999999995	0.06675000000007003	TimeIntervals	Lick
456.83275	0.10000000000007958	TimeIntervals	Lick
456.966	0.06674999999995634	TimeIntervals	Lick
457.066	0.19999999999998863	TimeIntervals	Lick
457.23274999999995	0.10000000000002274	TimeIntervals	Reward
457.2995	0.2664999999999509	TimeIntervals	Lick
457.5994999999999	0.0665000000000191	TimeIntervals	Lick
457.6995	0.20000000000004547	TimeIntervals	Lick
457.93300000000005	0.06649999999996226	TimeIntervals	Lick
458.033	0.10000000000002274	TimeIntervals	Lick
458.16625	0.09999999999990905	TimeIntervals	Lick
458.2995	0.19999999999998863	TimeIntervals	Lick
458.533	0.1999999999999318	TimeIntervals	Lick
458.7662499999999	0.10025000000013051	TimeIntervals	Lick
458.89975000000004	0.0999999999999659	TimeIntervals	Lick
459.033	0.23349999999987858	TimeIntervals	Lick
459.29974999999996	0.36675000000002456	TimeIntervals	Lick
459.69975	0.0667499999998995	TimeIntervals	Lick
459.79974999999996	0.2667500000000018	TimeIntervals	Lick
460.09999999999997	0.10000000000002274	TimeIntervals	Lick
460.23325	0.0999999999999659	TimeIntervals	Lick
460.36650000000003	0.0999999999999659	TimeIntervals	Lick
460.5	0.0999999999999659	TimeIntervals	Lick
460.63325000000003	0.0999999999999659	TimeIntervals	Lick
460.7664999999999	0.13350000000014006	TimeIntervals	Lick
461.09999999999997	0.06675000000001319	TimeIntervals	Lick
461.2335	0.10000000000002274	TimeIntervals	Lick
461.46675000000005	0.033249999999952706	TimeIntervals	Lick
462.0335	0.13349999999996953	TimeIntervals	Lick
462.96700000000004	0.09999999999990905	TimeIntervals	Lick
465.7674999999999	0.10000000000007958	TimeIntervals	Lick
466.93425	0.0999999999999659	TimeIntervals	Lick
467.96775	0.06674999999995634	TimeIntervals	Lick
468.1345	0.06649999999996226	TimeIntervals	Lick
468.301	0.06675000000001319	TimeIntervals	Lick
468.90125	0.10000000000002274	TimeIntervals	Lick
472.60175	0.06675000000001319	TimeIntervals	Lick
473.1685	0.06675000000001319	TimeIntervals	Lick
473.7684999999999	0.13350000000014006	TimeIntervals	Lick
474.00199999999995	0.10000000000007958	TimeIntervals	Lick
480.73625	0.10000000000002274	TimeIntervals	Lick
483.67	0.06675000000001319	TimeIntervals	Lick
483.8035	0.0665000000000191	TimeIntervals	Lick
483.90350000000007	0.1999999999999318	TimeIntervals	Lick
484.13675	0.20024999999998272	TimeIntervals	Lick
484.37024999999994	0.06675000000007003	TimeIntervals	Lick
484.47025	0.0999999999999659	TimeIntervals	Lick
484.6035	0.06674999999995634	TimeIntervals	Lick
484.7035	0.0999999999999659	TimeIntervals	Lick
484.837	0.06650000000007594	TimeIntervals	Lick
484.937	0.0999999999999659	TimeIntervals	Lick
485.07025	0.06675000000001319	TimeIntervals	Lick
485.17024999999995	0.10025000000001683	TimeIntervals	Lick
485.30375000000004	0.10000000000002274	TimeIntervals	Lick
485.437	0.06674999999995634	TimeIntervals	Lick
485.537	0.10000000000002274	TimeIntervals	Lick
485.67049999999995	0.06650000000007594	TimeIntervals	Lick
485.80375000000004	0.06674999999995634	TimeIntervals	Lick
485.90375000000006	0.09999999999990905	TimeIntervals	Lick
486.037	0.10000000000002274	TimeIntervals	Lick
486.17049999999995	0.10000000000002274	TimeIntervals	Lick
486.337	0.10025000000001683	TimeIntervals	Lick
486.50399999999996	0.06650000000007594	TimeIntervals	Lick
486.63725	0.10000000000002274	TimeIntervals	Lick
487.4705	0.10024999999995998	TimeIntervals	Lick
487.53749999999997	0.10000000000002274	TimeIntervals	Reward
487.604	0.0999999999999659	TimeIntervals	Lick
487.7375	0.3664999999999736	TimeIntervals	Lick
488.1375	0.06649999999996226	TimeIntervals	Lick
488.2375	0.20000000000004547	TimeIntervals	Lick
488.47075	0.10024999999995998	TimeIntervals	Lick
488.60425	0.0999999999999659	TimeIntervals	Lick
488.7375	0.20000000000004547	TimeIntervals	Lick
488.971	0.1999999999999318	TimeIntervals	Lick
489.20424999999994	0.10000000000007958	TimeIntervals	Lick
489.33750000000003	0.3334999999999013	TimeIntervals	Lick
489.70449999999994	0.0999999999999659	TimeIntervals	Lick
489.83775	0.23324999999994134	TimeIntervals	Lick
490.1045	0.36650000000003047	TimeIntervals	Lick
490.5377500000001	0.0667499999998995	TimeIntervals	Lick
490.63775000000004	0.0667499999998995	TimeIntervals	Lick
490.77124999999995	0.06675000000018372	TimeIntervals	Lick
491.038	0.0999999999999659	TimeIntervals	Lick
491.23799999999994	0.06649999999996226	TimeIntervals	Lick
491.5045	0.0999999999999659	TimeIntervals	Lick
493.0050000000001	0.06649999999984857	TimeIntervals	Lick
494.40500000000003	0.10000000000007958	TimeIntervals	Lick
495.77199999999993	0.10000000000007958	TimeIntervals	Lick
497.37225	0.0999999999999659	TimeIntervals	Lick
498.87249999999995	0.10000000000007958	TimeIntervals	Reward
499.03900000000004	0.36675000000002456	TimeIntervals	Lick
499.439	0.6669999999999732	TimeIntervals	Lick
500.13924999999995	0.33325000000007776	TimeIntervals	Lick
500.50600000000003	0.1999999999999318	TimeIntervals	Lick
500.7395000000001	0.0999999999999659	TimeIntervals	Lick
500.87274999999994	0.3332500000000209	TimeIntervals	Lick
501.2395000000001	0.0999999999999659	TimeIntervals	Lick
501.37274999999994	0.10000000000007958	TimeIntervals	Lick
501.50600000000003	0.0999999999999659	TimeIntervals	Lick
501.6395	0.10000000000007958	TimeIntervals	Lick
501.77299999999997	0.0999999999999659	TimeIntervals	Lick
501.90625	0.0999999999999659	TimeIntervals	Lick
502.0394999999999	0.10000000000007958	TimeIntervals	Lick
502.20625000000007	0.0999999999999659	TimeIntervals	Lick
502.6395	0.06675000000007003	TimeIntervals	Lick
503.94000000000005	0.06649999999996226	TimeIntervals	Lick
504.07325	0.0999999999999659	TimeIntervals	Lick
504.2065	0.0999999999999659	TimeIntervals	Lick
504.3400000000001	0.0999999999999659	TimeIntervals	Lick
504.57325	0.06675000000001319	TimeIntervals	Lick
504.74	0.10000000000007958	TimeIntervals	Lick
504.90650000000005	0.0999999999999659	TimeIntervals	Lick
505.14	0.06675000000001319	TimeIntervals	Lick
505.2735	0.0999999999999659	TimeIntervals	Lick
505.8400000000001	0.0999999999999659	TimeIntervals	Lick
506.14	0.10025000000001683	TimeIntervals	Lick
506.3070000000001	0.09999999999990905	TimeIntervals	Lick
506.50699999999995	0.06650000000007594	TimeIntervals	Lick
506.6735	0.10000000000002274	TimeIntervals	Lick
506.84025	0.06674999999995634	TimeIntervals	Lick
506.97350000000006	0.0999999999999659	TimeIntervals	Lick
507.14025000000004	0.06674999999995634	TimeIntervals	Lick
507.27374999999995	0.0999999999999659	TimeIntervals	Lick
507.8737499999999	0.10000000000013642	TimeIntervals	Lick
508.00699999999995	0.10000000000007958	TimeIntervals	Lick
508.774	0.10000000000007958	TimeIntervals	Lick
510.04075	0.0999999999999659	TimeIntervals	Lick
510.7742499999999	0.10000000000007958	TimeIntervals	Lick
510.9410000000001	0.06649999999996226	TimeIntervals	Lick
511.641	0.03350000000000364	TimeIntervals	Lick
511.741	0.06674999999995634	TimeIntervals	Lick
511.841	0.10000000000007958	TimeIntervals	Lick
511.9745	0.06650000000007594	TimeIntervals	Lick
512.0745000000001	0.09999999999990905	TimeIntervals	Lick
512.20775	0.20000000000004547	TimeIntervals	Lick
512.441	0.1999999999999318	TimeIntervals	Lick
512.6745	0.1999999999999318	TimeIntervals	Lick
512.84125	0.10000000000002274	TimeIntervals	Reward
512.908	0.10000000000002274	TimeIntervals	Lick
513.0412500000001	0.36674999999991087	TimeIntervals	Lick
513.44125	0.06675000000007003	TimeIntervals	Lick
513.5412500000001	0.09999999999990905	TimeIntervals	Lick
513.6745	0.20024999999998272	TimeIntervals	Lick
513.908	0.10000000000002274	TimeIntervals	Lick
514.0415000000002	0.09999999999990905	TimeIntervals	Lick
514.1747500000001	0.1999999999998181	TimeIntervals	Lick
514.408	0.33350000000007185	TimeIntervals	Lick
514.77475	0.09999999999990905	TimeIntervals	Lick
514.908	0.10025000000007367	TimeIntervals	Lick
515.0415000000002	0.09999999999990905	TimeIntervals	Lick
515.1750000000001	0.10000000000002274	TimeIntervals	Lick
515.30825	0.09999999999990905	TimeIntervals	Lick
515.4414999999999	0.10000000000025011	TimeIntervals	Lick
515.5750000000002	0.09999999999990905	TimeIntervals	Lick
515.7082500000001	0.09999999999990905	TimeIntervals	Lick
515.8415	0.09999999999990905	TimeIntervals	Lick
515.975	0.16675000000009277	TimeIntervals	Lick
516.24175	0.13324999999997544	TimeIntervals	Lick
516.5750000000002	0.06674999999995634	TimeIntervals	Lick
517.1419999999999	0.10000000000002274	TimeIntervals	Lick
520.0755000000001	0.10000000000002274	TimeIntervals	Lick
524.1762500000001	0.10000000000002274	TimeIntervals	Reward
524.3095	0.7335000000000491	TimeIntervals	Lick
525.0765000000001	0.43324999999992997	TimeIntervals	Lick
525.5765000000001	0.06649999999990541	TimeIntervals	Lick
525.6765000000001	0.6999999999998181	TimeIntervals	Lick
526.4099999999999	0.10000000000013642	TimeIntervals	Lick
526.5432500000001	0.10000000000002274	TimeIntervals	Lick
526.6765000000001	0.09999999999990905	TimeIntervals	Lick
526.81	0.09999999999990905	TimeIntervals	Lick
526.94325	0.10024999999995998	TimeIntervals	Lick
527.0767500000001	0.33324999999979354	TimeIntervals	Lick
527.4767499999999	0.10000000000013642	TimeIntervals	Lick
527.61	0.06675000000007003	TimeIntervals	Lick
527.7435000000002	0.06649999999979173	TimeIntervals	Lick
527.87675	0.09999999999990905	TimeIntervals	Lick
528.01	0.16700000000003	TimeIntervals	Lick
528.2435000000002	0.1667499999997517	TimeIntervals	Lick
528.4435	0.033500000000117325	TimeIntervals	Lick
528.5435	0.10000000000002274	TimeIntervals	Lick
529.74375	0.13324999999997544	TimeIntervals	Lick
530.24375	0.10025000000007367	TimeIntervals	Lick
530.7772500000001	0.09999999999979536	TimeIntervals	Lick
530.944	0.10000000000013642	TimeIntervals	Lick
531.7775000000001	0.06649999999990541	TimeIntervals	Lick
532.64425	0.10000000000002274	TimeIntervals	Lick
532.7775000000001	0.09999999999979536	TimeIntervals	Lick
532.911	0.0665000000000191	TimeIntervals	Lick
533.04425	0.06674999999995634	TimeIntervals	Lick
533.14425	0.10000000000002274	TimeIntervals	Lick
533.2775000000001	0.09999999999979536	TimeIntervals	Lick
533.411	0.10000000000002274	TimeIntervals	Lick
533.54425	0.10025000000007367	TimeIntervals	Lick
533.6777500000001	0.10000000000002274	TimeIntervals	Lick
533.811	0.09999999999990905	TimeIntervals	Lick
533.97775	0.10000000000013642	TimeIntervals	Lick
534.1777500000001	0.06674999999995634	TimeIntervals	Lick
534.311	0.03350000000000364	TimeIntervals	Lick
535.1445000000001	0.06674999999995634	TimeIntervals	Lick
536.0115	0.10000000000013642	TimeIntervals	Lick
536.14475	0.20000000000004547	TimeIntervals	Lick
536.378	0.09999999999990905	TimeIntervals	Lick
536.5115	0.10000000000013642	TimeIntervals	Lick
536.64475	0.09999999999990905	TimeIntervals	Lick
536.778	0.06675000000007003	TimeIntervals	Lick
536.878	0.06700000000000728	TimeIntervals	Lick
536.97825	0.1999999999999318	TimeIntervals	Lick
537.2115000000001	0.09999999999968168	TimeIntervals	Lick
537.345	0.10000000000002274	TimeIntervals	Reward
537.345	0.0665000000000191	TimeIntervals	Lick
537.445	0.36649999999974625	TimeIntervals	Lick
537.845	0.1999999999999318	TimeIntervals	Lick
538.0785	0.10000000000002274	TimeIntervals	Lick
538.2117500000002	0.06674999999995634	TimeIntervals	Lick
538.3117499999998	0.06675000000018372	TimeIntervals	Lick
538.41175	0.10000000000002274	TimeIntervals	Lick
538.545	0.20000000000004547	TimeIntervals	Lick
538.7785000000001	0.09999999999990905	TimeIntervals	Lick
538.91175	0.20024999999998272	TimeIntervals	Lick
539.14525	0.10000000000002274	TimeIntervals	Lick
539.2785000000001	0.09999999999990905	TimeIntervals	Lick
539.412	0.10000000000002274	TimeIntervals	Lick
539.54525	0.10000000000002274	TimeIntervals	Lick
539.6785	0.10000000000013642	TimeIntervals	Lick
539.8119999999999	0.10000000000013642	TimeIntervals	Lick
539.94525	0.10000000000002274	TimeIntervals	Lick
540.112	0.0665000000000191	TimeIntervals	Lick
540.2455	0.06649999999990541	TimeIntervals	Lick
540.3455	0.23324999999999818	TimeIntervals	Lick
540.612	0.13350000000002638	TimeIntervals	Lick
540.7787500000001	0.06674999999995634	TimeIntervals	Lick
540.912	0.06675000000007003	TimeIntervals	Lick
541.0455000000001	0.09999999999990905	TimeIntervals	Lick
541.17875	0.06674999999995634	TimeIntervals	Lick
541.3119999999999	0.06700000000000728	TimeIntervals	Lick
541.6790000000001	0.13324999999986176	TimeIntervals	Lick
541.8789999999999	0.06650000000013279	TimeIntervals	Lick
542.1790000000001	0.10000000000002274	TimeIntervals	Lick
542.54575	0.06675000000007003	TimeIntervals	Lick
547.4464999999999	0.06650000000013279	TimeIntervals	Lick
547.5465	0.0665000000000191	TimeIntervals	Lick
547.6465000000002	0.1999999999999318	TimeIntervals	Lick
547.8797500000002	0.06674999999972897	TimeIntervals	Lick
547.98	0.10000000000002274	TimeIntervals	Lick
548.1132500000001	0.06674999999995634	TimeIntervals	Lick
548.21325	0.1999999999999318	TimeIntervals	Lick
548.4464999999999	0.10000000000013642	TimeIntervals	Lick
548.58	0.06650000000013279	TimeIntervals	Lick
548.6800000000001	0.39999999999997726	TimeIntervals	Lick
548.6800000000001	0.10000000000002274	TimeIntervals	Reward
549.1135	0.0665000000000191	TimeIntervals	Lick
549.2135	0.20000000000004547	TimeIntervals	Lick
549.48	0.16675000000009277	TimeIntervals	Lick
549.6800000000001	0.10000000000002274	TimeIntervals	Lick
549.8135000000001	0.1999999999999318	TimeIntervals	Lick
550.04675	0.10025000000007367	TimeIntervals	Lick
550.18025	0.10000000000013642	TimeIntervals	Lick
550.3135000000001	0.1999999999999318	TimeIntervals	Lick
550.5469999999999	0.10000000000013642	TimeIntervals	Lick
550.68025	0.20000000000015916	TimeIntervals	Lick
550.9469999999999	0.06650000000013279	TimeIntervals	Lick
551.0469999999999	0.10000000000013642	TimeIntervals	Lick
551.18025	0.10025000000007367	TimeIntervals	Lick
551.31375	0.10000000000002274	TimeIntervals	Lick
551.4469999999999	0.10000000000002274	TimeIntervals	Lick
551.5805	0.10000000000002274	TimeIntervals	Lick
551.7137500000001	0.09999999999990905	TimeIntervals	Lick
551.8470000000001	0.09999999999979536	TimeIntervals	Lick
552.0137500000001	0.06674999999995634	TimeIntervals	Lick
552.11375	0.10000000000013642	TimeIntervals	Lick
552.2805000000001	0.10000000000013642	TimeIntervals	Lick
552.5472500000001	0.06674999999995634	TimeIntervals	Lick
552.714	0.0665000000000191	TimeIntervals	Lick
552.8805000000002	0.03349999999988995	TimeIntervals	Lick
553.014	0.0665000000000191	TimeIntervals	Lick
553.314	0.10000000000013642	TimeIntervals	Lick
554.6142500000001	0.09999999999990905	TimeIntervals	Lick
555.7810000000001	0.10000000000002274	TimeIntervals	Lick
556.8812500000001	0.09999999999990905	TimeIntervals	Lick
557.2812500000001	0.06674999999984266	TimeIntervals	Lick
558.648	0.06675000000007003	TimeIntervals	Lick
560.115	0.10000000000013642	TimeIntervals	Lick
560.2817500000001	0.06674999999984266	TimeIntervals	Lick
560.48175	0.09999999999990905	TimeIntervals	Lick
562.3820000000001	0.06674999999995634	TimeIntervals	Lick
563.8155000000002	0.06674999999995634	TimeIntervals	Lick
564.2822500000001	0.06674999999995634	TimeIntervals	Lick
565.3157500000001	0.1667499999998654	TimeIntervals	Lick
565.516	0.40000000000009095	TimeIntervals	Lick
566.016	0.26650000000017826	TimeIntervals	Lick
566.516	0.10000000000002274	TimeIntervals	Lick
566.68275	0.06674999999995634	TimeIntervals	Lick
566.916	0.06674999999995634	TimeIntervals	Lick
567.8495000000001	0.06674999999995634	TimeIntervals	Lick
568.083	0.23325000000011187	TimeIntervals	Lick
568.4162500000001	0.09999999999979536	TimeIntervals	Lick
568.583	0.06650000000013279	TimeIntervals	Lick
571.8835000000001	0.06649999999990541	TimeIntervals	Lick
575.3172500000001	0.10024999999995998	TimeIntervals	Lick
575.75075	0.06675000000007003	TimeIntervals	Lick
575.884	0.06674999999995634	TimeIntervals	Lick
575.984	0.10000000000013642	TimeIntervals	Lick
576.1175	0.10000000000013642	TimeIntervals	Lick
576.25075	0.10000000000002274	TimeIntervals	Lick
576.4175	0.09999999999990905	TimeIntervals	Lick
576.551	0.09999999999990905	TimeIntervals	Lick
576.7175000000001	0.10000000000002274	TimeIntervals	Lick
577.3842500000001	0.06674999999984266	TimeIntervals	Lick
577.751	0.10000000000013642	TimeIntervals	Lick
577.8845000000001	0.06649999999979173	TimeIntervals	Lick
577.9845	0.10000000000002274	TimeIntervals	Lick
578.11775	0.20000000000015916	TimeIntervals	Lick
578.3510000000001	0.1999999999999318	TimeIntervals	Lick
578.5845	0.10000000000002274	TimeIntervals	Lick
578.718	0.06650000000024647	TimeIntervals	Lick
578.8180000000001	0.09999999999979536	TimeIntervals	Lick
578.9845	0.10000000000002274	TimeIntervals	Reward
578.9845	0.06674999999995634	TimeIntervals	Lick
579.118	0.2665000000000646	TimeIntervals	Lick
579.4179999999999	0.06650000000013279	TimeIntervals	Lick
579.518	0.10000000000002274	TimeIntervals	Lick
579.6512500000001	0.06674999999984266	TimeIntervals	Lick
579.75125	0.20024999999998272	TimeIntervals	Lick
580.018	0.1999999999999318	TimeIntervals	Lick
580.2515	0.10000000000025011	TimeIntervals	Lick
580.38475	0.1999999999999318	TimeIntervals	Lick
580.618	0.09999999999990905	TimeIntervals	Lick
580.7515	0.10000000000025011	TimeIntervals	Lick
580.8850000000001	0.09999999999990905	TimeIntervals	Lick
581.01825	0.10000000000002274	TimeIntervals	Lick
581.1515	0.2335000000000491	TimeIntervals	Lick
581.4182500000001	0.09999999999990905	TimeIntervals	Lick
581.5515	0.23349999999993543	TimeIntervals	Lick
581.8182500000001	0.09999999999990905	TimeIntervals	Lick
581.9515	0.10025000000007367	TimeIntervals	Lick
582.0850000000002	0.09999999999990905	TimeIntervals	Lick
582.2185000000001	0.13325000000008913	TimeIntervals	Lick
582.3850000000001	0.133499999999799	TimeIntervals	Lick
582.5517500000001	0.09999999999990905	TimeIntervals	Lick
582.7517500000001	0.06674999999984266	TimeIntervals	Lick
583.0517500000001	0.06674999999995634	TimeIntervals	Lick
585.2855000000001	0.10000000000002274	TimeIntervals	Lick
586.5525	0.0665000000000191	TimeIntervals	Lick
591.11975	0.06675000000007003	TimeIntervals	Lick
591.2530000000002	0.06674999999995634	TimeIntervals	Lick
591.3865000000001	0.10000000000002274	TimeIntervals	Lick
591.51975	0.09999999999990905	TimeIntervals	Lick
591.6865	0.10000000000002274	TimeIntervals	Lick
592.3865000000001	0.06674999999995634	TimeIntervals	Lick
594.1535	0.13350000000014006	TimeIntervals	Lick
595.0870000000001	0.09999999999990905	TimeIntervals	Lick
602.2547500000001	0.06674999999995634	TimeIntervals	Lick
606.8555000000001	0.13324999999986176	TimeIntervals	Lick
608.489	0.10000000000002274	TimeIntervals	Lick
609.9559999999999	0.06650000000024647	TimeIntervals	Lick
610.056	0.2999999999999545	TimeIntervals	Lick
610.3892500000002	0.20024999999986903	TimeIntervals	Lick
610.6227500000001	0.1999999999999318	TimeIntervals	Lick
610.856	0.06675000000007003	TimeIntervals	Lick
610.9559999999999	0.10000000000013642	TimeIntervals	Lick
611.0895	0.0665000000000191	TimeIntervals	Lick
611.1895	0.10000000000013642	TimeIntervals	Lick
611.32275	0.10000000000002274	TimeIntervals	Reward
611.32275	0.06675000000007003	TimeIntervals	Lick
611.4227500000001	0.10000000000002274	TimeIntervals	Lick
611.556	0.1334999999999127	TimeIntervals	Lick
611.723	0.06650000000013279	TimeIntervals	Lick
611.8230000000001	0.09999999999990905	TimeIntervals	Lick
611.9562500000001	0.09999999999990905	TimeIntervals	Lick
612.0895	0.06675000000007003	TimeIntervals	Lick
612.1895	0.10000000000013642	TimeIntervals	Lick
612.3230000000001	0.09999999999990905	TimeIntervals	Lick
612.4562500000001	0.09999999999990905	TimeIntervals	Lick
612.5895	0.20000000000004547	TimeIntervals	Lick
612.8565000000001	0.06649999999990541	TimeIntervals	Lick
612.9565	0.10000000000002274	TimeIntervals	Lick
613.0897500000001	0.20000000000004547	TimeIntervals	Lick
613.3230000000001	0.09999999999990905	TimeIntervals	Lick
613.4565	0.10000000000002274	TimeIntervals	Lick
613.5897500000001	0.23324999999999818	TimeIntervals	Lick
613.8565000000001	0.09999999999990905	TimeIntervals	Lick
613.99	0.10000000000013642	TimeIntervals	Lick
614.12325	0.2667500000002292	TimeIntervals	Lick
614.42325	0.10000000000013642	TimeIntervals	Lick
614.5565	0.10000000000013642	TimeIntervals	Lick
614.69	0.10000000000002274	TimeIntervals	Lick
614.8565000000001	0.09999999999990905	TimeIntervals	Lick
614.99	0.10000000000013642	TimeIntervals	Lick
615.1235	0.09999999999990905	TimeIntervals	Lick
615.25675	0.10000000000013642	TimeIntervals	Lick
615.5567500000001	0.13324999999997544	TimeIntervals	Lick
617.2570000000001	0.09999999999990905	TimeIntervals	Lick
617.4237499999999	0.03325000000006639	TimeIntervals	Lick
619.5907500000001	0.10000000000002274	TimeIntervals	Lick
621.4575	0.06675000000007003	TimeIntervals	Lick
624.3580000000001	0.06675000000007003	TimeIntervals	Lick
624.458	0.10000000000013642	TimeIntervals	Lick
624.5915	0.20000000000015916	TimeIntervals	Lick
624.8247500000001	0.06674999999995634	TimeIntervals	Lick
624.9250000000001	0.2999999999999545	TimeIntervals	Lick
625.2582500000001	0.10000000000002274	TimeIntervals	Lick
625.3915000000001	0.06674999999995634	TimeIntervals	Lick
625.4915000000001	0.09999999999990905	TimeIntervals	Lick
625.625	0.0665000000000191	TimeIntervals	Lick
625.725	0.10000000000013642	TimeIntervals	Reward
625.7582500000001	0.5002499999999372	TimeIntervals	Lick
626.2917500000002	0.06674999999995634	TimeIntervals	Lick
626.3917500000001	0.09999999999979536	TimeIntervals	Lick
626.5250000000001	0.06674999999995634	TimeIntervals	Lick
626.625	0.10000000000002274	TimeIntervals	Lick
626.7585	0.1999999999999318	TimeIntervals	Lick
626.9917499999999	0.10025000000018736	TimeIntervals	Lick
627.1252499999999	0.10000000000013642	TimeIntervals	Lick
627.2585	0.1999999999999318	TimeIntervals	Lick
627.492	0.10000000000013642	TimeIntervals	Lick
627.6252499999999	0.10000000000013642	TimeIntervals	Lick
627.7585	0.10000000000013642	TimeIntervals	Lick
627.892	0.2332499999998845	TimeIntervals	Lick
628.1585000000001	0.1002499999998463	TimeIntervals	Lick
628.2920000000001	0.1334999999999127	TimeIntervals	Lick
628.4587499999999	0.10000000000013642	TimeIntervals	Lick
628.5920000000001	0.09999999999990905	TimeIntervals	Lick
628.7255	0.10000000000013642	TimeIntervals	Lick
628.8587500000001	0.09999999999979536	TimeIntervals	Lick
629.0255000000001	0.09999999999990905	TimeIntervals	Lick
629.2255	0.06675000000018372	TimeIntervals	Lick
629.359	0.0665000000000191	TimeIntervals	Lick
629.49225	0.10000000000002274	TimeIntervals	Lick
629.6255	0.13350000000002638	TimeIntervals	Lick
629.7922500000002	0.06674999999984266	TimeIntervals	Lick
629.9255	0.10000000000002274	TimeIntervals	Lick
633.3927500000001	0.09999999999979536	TimeIntervals	Lick
637.0267499999999	0.10000000000013642	TimeIntervals	Lick
640.2605000000001	0.06675000000007003	TimeIntervals	Lick
645.6945000000001	0.2002500000000964	TimeIntervals	Lick
645.928	0.20000000000015916	TimeIntervals	Lick
646.1615	0.0665000000000191	TimeIntervals	Lick
646.2615000000001	0.10000000000013642	TimeIntervals	Lick
646.3947500000002	0.06674999999984266	TimeIntervals	Lick
646.49475	0.20000000000015916	TimeIntervals	Lick
646.7280000000001	0.20024999999986903	TimeIntervals	Lick
646.9615	0.10000000000002274	TimeIntervals	Lick
647.0615	0.06674999999995634	TimeIntervals	Reward
647.095	0.6000000000001364	TimeIntervals	Lick
647.7282500000001	0.06674999999995634	TimeIntervals	Lick
647.8282500000001	0.09999999999979536	TimeIntervals	Lick
647.9615	0.10025000000007367	TimeIntervals	Lick
648.095	0.20000000000004547	TimeIntervals	Lick
648.3285000000001	0.09999999999990905	TimeIntervals	Lick
648.46175	0.1999999999999318	TimeIntervals	Lick
648.6950000000002	0.09999999999990905	TimeIntervals	Lick
648.8285000000001	0.09999999999990905	TimeIntervals	Lick
648.96175	0.10024999999995998	TimeIntervals	Lick
649.0952500000001	0.10000000000002274	TimeIntervals	Lick
649.2285	0.10000000000002274	TimeIntervals	Lick
649.3620000000001	0.23324999999999818	TimeIntervals	Lick
649.6285000000001	0.09999999999990905	TimeIntervals	Lick
649.7620000000001	0.10000000000002274	TimeIntervals	Lick
649.89525	0.23325000000011187	TimeIntervals	Lick
650.1620000000001	0.09999999999990905	TimeIntervals	Lick
650.2955000000001	0.10000000000002274	TimeIntervals	Lick
650.4620000000001	0.06674999999984266	TimeIntervals	Lick
650.562	0.13350000000014006	TimeIntervals	Lick
650.7287500000002	0.09999999999990905	TimeIntervals	Lick
650.8955000000001	0.09999999999990905	TimeIntervals	Lick
651.02875	0.10000000000013642	TimeIntervals	Lick
651.1955000000002	0.06649999999990541	TimeIntervals	Lick
651.3290000000001	0.0665000000000191	TimeIntervals	Lick
651.4955	0.06675000000007003	TimeIntervals	Lick
651.6955000000002	0.1334999999999127	TimeIntervals	Lick
652.529	0.10000000000002274	TimeIntervals	Lick
653.5625	0.10000000000002274	TimeIntervals	Lick
653.72925	0.10000000000013642	TimeIntervals	Lick
654.6295	0.10000000000002274	TimeIntervals	Lick
656.0295000000001	0.09999999999990905	TimeIntervals	Lick
656.163	0.10000000000013642	TimeIntervals	Lick
656.4630000000001	0.0665000000000191	TimeIntervals	Lick
657.52975	0.06674999999995634	TimeIntervals	Lick
657.96325	0.06675000000007003	TimeIntervals	Lick
658.23	0.0665000000000191	TimeIntervals	Lick
658.3965000000001	0.13350000000002638	TimeIntervals	Lick
659.33	0.06675000000007003	TimeIntervals	Lick
660.53025	0.06674999999995634	TimeIntervals	Lick
660.6635	0.06675000000007003	TimeIntervals	Lick
660.797	0.06650000000024647	TimeIntervals	Lick
661.1302500000002	0.1334999999999127	TimeIntervals	Lick
666.19775	0.10000000000002274	TimeIntervals	Lick
666.331	0.10000000000002274	TimeIntervals	Lick
666.4645	0.09999999999990905	TimeIntervals	Lick
672.6655000000001	0.06649999999990541	TimeIntervals	Lick
672.99875	0.06675000000018372	TimeIntervals	Lick
673.1655000000001	0.033249999999952706	TimeIntervals	Lick
673.5655000000002	0.09999999999990905	TimeIntervals	Lick
674.1990000000001	0.10000000000013642	TimeIntervals	Lick
675.6992500000001	0.10000000000002274	TimeIntervals	Lick
675.8660000000002	0.09999999999979536	TimeIntervals	Lick
678.1330000000002	0.0665000000000191	TimeIntervals	Lick
678.2330000000001	0.0665000000000191	TimeIntervals	Lick
678.3330000000001	0.09999999999990905	TimeIntervals	Lick
678.46625	0.20000000000027285	TimeIntervals	Lick
678.6995000000002	0.06699999999989359	TimeIntervals	Lick
678.7997500000001	0.06674999999995634	TimeIntervals	Lick
678.89975	0.1999999999999318	TimeIntervals	Lick
679.1330000000002	0.1999999999999318	TimeIntervals	Lick
679.3665000000001	0.09999999999990905	TimeIntervals	Reward
679.3665000000001	0.06649999999990541	TimeIntervals	Lick
679.4665	0.2665000000000646	TimeIntervals	Lick
679.7665000000001	0.0665000000000191	TimeIntervals	Lick
679.8665000000001	0.1999999999999318	TimeIntervals	Lick
680.1	0.06650000000013279	TimeIntervals	Lick
680.2000000000002	0.09999999999990905	TimeIntervals	Lick
680.3332500000001	0.06674999999995634	TimeIntervals	Lick
680.43325	0.09999999999990905	TimeIntervals	Lick
680.5665	0.10000000000013642	TimeIntervals	Lick
680.7000000000002	0.1999999999999318	TimeIntervals	Lick
680.9335000000001	0.09999999999990905	TimeIntervals	Lick
681.06675	0.20000000000015916	TimeIntervals	Lick
681.3000000000001	0.10000000000002274	TimeIntervals	Lick
681.4335000000001	0.09999999999990905	TimeIntervals	Lick
681.56675	0.10000000000013642	TimeIntervals	Lick
681.7000000000002	0.09999999999990905	TimeIntervals	Lick
681.8335000000001	0.10000000000002274	TimeIntervals	Lick
681.96675	0.10024999999995998	TimeIntervals	Lick
682.1002500000001	0.09999999999990905	TimeIntervals	Lick
682.2335000000002	0.09999999999990905	TimeIntervals	Lick
682.3670000000001	0.10000000000002274	TimeIntervals	Lick
682.5002499999999	0.10000000000013642	TimeIntervals	Lick
682.6334999999999	0.10000000000025011	TimeIntervals	Lick
682.7669999999999	0.13325000000020282	TimeIntervals	Lick
682.9335000000001	0.06674999999995634	TimeIntervals	Lick
683.067	0.06649999999990541	TimeIntervals	Lick
683.2005	0.06649999999990541	TimeIntervals	Lick
683.5005000000001	0.06649999999990541	TimeIntervals	Lick
683.73375	0.033249999999952706	TimeIntervals	Lick
683.8670000000001	0.06674999999995634	TimeIntervals	Lick
685.234	0.06650000000013279	TimeIntervals	Lick
685.734	0.10000000000013642	TimeIntervals	Reward
685.90075	0.966750000000161	TimeIntervals	Lick
686.901	0.5665000000000191	TimeIntervals	Lick
687.5010000000002	0.23349999999982174	TimeIntervals	Lick
687.7677500000001	0.33324999999990723	TimeIntervals	Lick
688.1345000000001	0.09999999999990905	TimeIntervals	Lick
688.2677500000001	0.10000000000002274	TimeIntervals	Lick
688.401	0.10000000000025011	TimeIntervals	Lick
688.5345	0.10000000000013642	TimeIntervals	Lick
688.668	0.10000000000002274	TimeIntervals	Lick
688.8345	0.09999999999990905	TimeIntervals	Lick
688.968	0.13325000000008913	TimeIntervals	Lick
689.168	0.10000000000002274	TimeIntervals	Lick
689.3012500000001	0.13324999999986176	TimeIntervals	Lick
689.468	0.10000000000013642	TimeIntervals	Lick
689.6345000000001	0.06674999999995634	TimeIntervals	Lick
689.768	0.06674999999995634	TimeIntervals	Lick
689.9015	0.06649999999990541	TimeIntervals	Lick
690.3015000000001	0.16649999999981446	TimeIntervals	Lick
691.935	0.06675000000007003	TimeIntervals	Lick
692.3685	0.13324999999997544	TimeIntervals	Lick
693.43525	0.06674999999995634	TimeIntervals	Lick
693.5685	0.06675000000007003	TimeIntervals	Lick
693.6685000000001	0.09999999999990905	TimeIntervals	Lick
693.802	0.1999999999999318	TimeIntervals	Lick
694.0352499999999	0.10025000000018736	TimeIntervals	Lick
694.1687500000002	0.06674999999995634	TimeIntervals	Lick
694.2687500000001	0.10000000000002274	TimeIntervals	Lick
694.402	0.20000000000004547	TimeIntervals	Lick
694.6355000000001	0.5	TimeIntervals	Lick
694.6687500000002	0.09999999999990905	TimeIntervals	Reward
695.1687500000002	0.06674999999995634	TimeIntervals	Lick
695.269	0.10000000000002274	TimeIntervals	Lick
695.4022500000001	0.06674999999995634	TimeIntervals	Lick
695.50225	0.10000000000002274	TimeIntervals	Lick
695.6355000000001	0.10000000000002274	TimeIntervals	Lick
695.769	0.10000000000002274	TimeIntervals	Lick
695.9022500000001	0.06674999999995634	TimeIntervals	Lick
696.0355	0.10000000000013642	TimeIntervals	Lick
696.1690000000001	0.0665000000000191	TimeIntervals	Lick
696.269	0.10000000000002274	TimeIntervals	Lick
696.4025000000001	0.09999999999990905	TimeIntervals	Lick
696.53575	0.09999999999990905	TimeIntervals	Lick
696.6690000000001	0.09999999999990905	TimeIntervals	Lick
696.8025000000001	0.10000000000002274	TimeIntervals	Lick
696.93575	0.10000000000002274	TimeIntervals	Lick
697.069	0.10000000000013642	TimeIntervals	Lick
697.2025000000001	0.2667500000000018	TimeIntervals	Lick
697.5025	0.10000000000002274	TimeIntervals	Lick
697.636	0.13325000000020282	TimeIntervals	Lick
697.8025000000001	0.10000000000002274	TimeIntervals	Lick
697.9692500000001	0.09999999999990905	TimeIntervals	Lick
698.1025000000001	0.10000000000002274	TimeIntervals	Lick
698.2360000000001	0.10000000000002274	TimeIntervals	Lick
698.4025000000001	0.06674999999995634	TimeIntervals	Lick
698.536	0.06675000000007003	TimeIntervals	Lick
698.70275	0.10000000000013642	TimeIntervals	Lick
698.8360000000001	0.1334999999999127	TimeIntervals	Lick
702.2700000000001	0.0665000000000191	TimeIntervals	Lick
702.50325	0.06675000000007003	TimeIntervals	Lick
702.6700000000001	0.0665000000000191	TimeIntervals	Lick
702.97	0.06674999999995634	TimeIntervals	Reward
703.07	0.8000000000000682	TimeIntervals	Lick
703.9035	0.20000000000004547	TimeIntervals	Lick
704.1370000000001	0.46649999999999636	TimeIntervals	Lick
704.6370000000001	0.09999999999990905	TimeIntervals	Lick
704.77025	0.10000000000013642	TimeIntervals	Lick
704.9035	0.2335000000000491	TimeIntervals	Lick
705.1705000000001	0.6000000000000227	TimeIntervals	Lick
705.8037500000002	0.13324999999986176	TimeIntervals	Lick
705.9705	0.10000000000013642	TimeIntervals	Lick
706.1037500000001	0.09999999999990905	TimeIntervals	Lick
706.237	0.10025000000007367	TimeIntervals	Lick
706.404	0.10000000000002274	TimeIntervals	Lick
706.63725	0.10000000000013642	TimeIntervals	Lick
706.8040000000001	0.0665000000000191	TimeIntervals	Lick
706.9372500000001	0.06674999999995634	TimeIntervals	Lick
707.204	0.13350000000014006	TimeIntervals	Lick
709.6710000000002	0.06674999999984266	TimeIntervals	Lick
710.4045000000001	0.13324999999986176	TimeIntervals	Lick
712.7380000000002	0.20024999999998272	TimeIntervals	Lick
712.9715	0.10000000000002274	TimeIntervals	Lick
713.1049999999999	0.06650000000024647	TimeIntervals	Lick
713.205	0.10000000000013642	TimeIntervals	Lick
713.33825	0.20000000000004547	TimeIntervals	Lick
713.5715	0.06675000000007003	TimeIntervals	Lick
713.6715000000002	0.06674999999995634	TimeIntervals	Lick
713.7715000000002	0.09999999999990905	TimeIntervals	Lick
713.9050000000001	0.06674999999995634	TimeIntervals	Lick
713.97175	0.10000000000002274	TimeIntervals	Reward
714.0050000000001	0.39999999999997726	TimeIntervals	Lick
714.4385000000002	0.06649999999990541	TimeIntervals	Lick
714.5385	0.10000000000002274	TimeIntervals	Lick
714.67175	0.20000000000027285	TimeIntervals	Lick
714.9050000000001	0.20024999999986903	TimeIntervals	Lick
715.1385	0.10000000000013642	TimeIntervals	Lick
715.272	0.10000000000013642	TimeIntervals	Lick
715.4052500000001	0.1999999999998181	TimeIntervals	Lick
715.672	0.20000000000015916	TimeIntervals	Lick
715.9052500000001	0.10000000000002274	TimeIntervals	Lick
716.0385	0.10000000000002274	TimeIntervals	Lick
716.172	0.10000000000002274	TimeIntervals	Lick
716.3055000000002	0.09999999999979536	TimeIntervals	Lick
716.4387499999999	0.10000000000002274	TimeIntervals	Lick
716.5720000000001	0.09999999999990905	TimeIntervals	Lick
716.7055	0.13324999999997544	TimeIntervals	Lick
716.8720000000002	0.09999999999979536	TimeIntervals	Lick
717.0387499999999	0.10000000000013642	TimeIntervals	Lick
717.2055	0.10000000000013642	TimeIntervals	Lick
717.339	0.1999999999999318	TimeIntervals	Lick
718.039	0.13325000000008913	TimeIntervals	Lick
718.50575	0.06674999999995634	TimeIntervals	Lick
719.439	0.10024999999995998	TimeIntervals	Lick
720.306	0.06650000000024647	TimeIntervals	Lick
720.7395	0.10000000000002274	TimeIntervals	Lick
721.8395	0.06675000000007003	TimeIntervals	Lick
721.973	0.03325000000006639	TimeIntervals	Lick
722.1062499999999	0.06675000000018372	TimeIntervals	Lick
722.9065000000002	0.13324999999986176	TimeIntervals	Lick
723.1397500000002	0.09999999999979536	TimeIntervals	Lick
724.5065	0.10000000000013642	TimeIntervals	Lick
724.6400000000001	0.13325000000008913	TimeIntervals	Lick
724.8065	0.10000000000013642	TimeIntervals	Lick
725.00675	0.13325000000008913	TimeIntervals	Lick
725.3735000000001	0.13324999999986176	TimeIntervals	Lick
730.3407500000001	0.10024999999995998	TimeIntervals	Lick
733.5745000000001	0.09999999999990905	TimeIntervals	Lick
734.0415000000002	0.09999999999979536	TimeIntervals	Lick
734.1747500000001	0.09999999999990905	TimeIntervals	Lick
734.3080000000001	0.06674999999995634	TimeIntervals	Lick
734.4080000000001	0.10000000000002274	TimeIntervals	Lick
734.5415000000002	0.06649999999990541	TimeIntervals	Lick
734.6415	0.10000000000013642	TimeIntervals	Lick
734.77475	0.06674999999995634	TimeIntervals	Lick
734.8750000000001	0.09999999999979536	TimeIntervals	Lick
735.0082500000001	0.06675000000007003	TimeIntervals	Lick
735.1082500000001	0.10000000000002274	TimeIntervals	Lick
735.2415000000001	0.09999999999990905	TimeIntervals	Lick
735.2750000000001	0.10000000000002274	TimeIntervals	Reward
735.3750000000001	0.3664999999999736	TimeIntervals	Lick
735.7750000000001	0.06649999999990541	TimeIntervals	Lick
735.8750000000001	0.09999999999979536	TimeIntervals	Lick
736.0084999999999	0.10000000000025011	TimeIntervals	Lick
736.1417500000001	0.1999999999999318	TimeIntervals	Lick
736.3750000000001	0.09999999999979536	TimeIntervals	Lick
736.5084999999999	0.20000000000015916	TimeIntervals	Lick
736.74175	0.10000000000002274	TimeIntervals	Lick
736.8750000000001	0.2335000000000491	TimeIntervals	Lick
737.1419999999999	0.10000000000013642	TimeIntervals	Lick
737.2752500000001	0.09999999999990905	TimeIntervals	Lick
737.4085	0.09999999999990905	TimeIntervals	Lick
737.542	0.09999999999990905	TimeIntervals	Lick
737.67525	0.10000000000013642	TimeIntervals	Lick
737.8085000000002	0.09999999999979536	TimeIntervals	Lick
737.97525	0.10000000000002274	TimeIntervals	Lick
738.1085000000002	0.1334999999999127	TimeIntervals	Lick
738.2755000000001	0.10000000000002274	TimeIntervals	Lick
738.40875	0.09999999999990905	TimeIntervals	Lick
738.542	0.13350000000014006	TimeIntervals	Lick
738.7087500000001	0.06674999999995634	TimeIntervals	Lick
738.8420000000001	0.06674999999995634	TimeIntervals	Lick
738.9754999999999	0.2335000000002765	TimeIntervals	Lick
739.3090000000001	0.0665000000000191	TimeIntervals	Lick
739.4754999999999	0.06675000000018372	TimeIntervals	Lick
740.2090000000002	0.16674999999997908	TimeIntervals	Lick
741.8425000000001	0.06674999999995634	TimeIntervals	Lick
743.576	0.06700000000000728	TimeIntervals	Reward
743.7095	2.0670000000000073	TimeIntervals	Lick
745.8100000000001	0.09999999999979536	TimeIntervals	Lick
745.94325	0.10000000000002274	TimeIntervals	Lick
746.0765000000001	0.10000000000002274	TimeIntervals	Lick
746.2100000000002	0.09999999999990905	TimeIntervals	Lick
746.34325	0.10000000000002274	TimeIntervals	Lick
746.4765	0.13350000000002638	TimeIntervals	Lick
746.6432500000001	0.10000000000002274	TimeIntervals	Lick
746.7765	0.10000000000013642	TimeIntervals	Lick
746.9099999999999	0.06675000000007003	TimeIntervals	Lick
747.0435	0.10000000000002274	TimeIntervals	Lick
747.1767500000001	0.06674999999995634	TimeIntervals	Lick
747.4435	0.16650000000004184	TimeIntervals	Lick
747.8435000000001	0.16649999999992815	TimeIntervals	Lick
749.0102499999999	0.10025000000007367	TimeIntervals	Lick
749.177	0.06674999999995634	TimeIntervals	Lick
750.4104999999998	0.13350000000025375	TimeIntervals	Lick
751.61075	0.06675000000007003	TimeIntervals	Lick
751.744	0.06675000000007003	TimeIntervals	Lick
751.8775	0.09999999999990905	TimeIntervals	Lick
752.3440000000002	0.0669999999997799	TimeIntervals	Lick
752.4442499999999	0.10000000000013642	TimeIntervals	Lick
752.5775000000001	0.06674999999984266	TimeIntervals	Lick
752.6775000000001	0.1999999999999318	TimeIntervals	Lick
752.911	0.20000000000004547	TimeIntervals	Lick
753.1442499999999	0.20000000000015916	TimeIntervals	Lick
753.3775	0.06674999999984266	TimeIntervals	Lick
753.4775	0.10025000000007367	TimeIntervals	Lick
753.57775	0.06674999999995634	TimeIntervals	Reward
753.611	0.36675000000002456	TimeIntervals	Lick
754.011	0.10000000000002274	TimeIntervals	Lick
754.1445	0.06650000000013279	TimeIntervals	Lick
754.2445	0.10000000000013642	TimeIntervals	Lick
754.3777500000001	0.06674999999984266	TimeIntervals	Lick
754.47775	0.10000000000002274	TimeIntervals	Lick
754.611	0.10025000000007367	TimeIntervals	Lick
754.7445	0.1999999999999318	TimeIntervals	Lick
754.978	0.10000000000013642	TimeIntervals	Lick
755.1112499999999	0.10000000000013642	TimeIntervals	Lick
755.2445	0.10000000000013642	TimeIntervals	Lick
755.3780000000002	0.33349999999995816	TimeIntervals	Lick
755.74475	0.10000000000013642	TimeIntervals	Lick
755.8780000000002	0.09999999999979536	TimeIntervals	Lick
756.0115000000001	0.2664999999999509	TimeIntervals	Lick
756.3115	0.10000000000002274	TimeIntervals	Lick
756.478	0.10000000000013642	TimeIntervals	Lick
756.64475	0.06675000000007003	TimeIntervals	Lick
756.778	0.10025000000007367	TimeIntervals	Lick
756.945	0.0665000000000191	TimeIntervals	Lick
757.1115000000001	0.06674999999995634	TimeIntervals	Lick
757.2115000000001	0.09999999999990905	TimeIntervals	Lick
757.3782500000001	0.06674999999995634	TimeIntervals	Lick
757.545	0.06650000000013279	TimeIntervals	Lick
757.7115000000001	0.06675000000007003	TimeIntervals	Lick
758.6450000000001	0.10000000000002274	TimeIntervals	Lick
759.4119999999999	0.13325000000008913	TimeIntervals	Lick
764.5459999999999	0.06675000000007003	TimeIntervals	Lick
764.9459999999999	0.06675000000007003	TimeIntervals	Lick
765.2795000000001	0.0665000000000191	TimeIntervals	Lick
765.4459999999999	0.06675000000007003	TimeIntervals	Lick
765.5794999999999	0.06675000000018372	TimeIntervals	Lick
765.7130000000001	0.0665000000000191	TimeIntervals	Lick
765.9795	0.13350000000014006	TimeIntervals	Lick
766.34625	0.06674999999984266	TimeIntervals	Lick
767.2465000000001	0.10000000000002274	TimeIntervals	Lick
769.7467500000002	0.06674999999984266	TimeIntervals	Lick
769.84675	0.06674999999995634	TimeIntervals	Lick
769.94675	0.10024999999995998	TimeIntervals	Lick
770.0802500000001	0.06674999999995634	TimeIntervals	Lick
770.18025	0.20000000000015916	TimeIntervals	Lick
770.4135	0.20000000000004547	TimeIntervals	Lick
770.647	0.10000000000013642	TimeIntervals	Lick
770.7802500000001	0.06674999999995634	TimeIntervals	Lick
770.8802500000002	0.09999999999979536	TimeIntervals	Lick
770.9469999999999	0.06650000000013279	TimeIntervals	Reward
771.0135	0.26699999999993906	TimeIntervals	Lick
771.31375	0.20000000000004547	TimeIntervals	Lick
771.5469999999999	0.06675000000007003	TimeIntervals	Lick
771.647	0.10000000000013642	TimeIntervals	Lick
771.7805	0.3332500000000209	TimeIntervals	Lick
772.147	0.10024999999995998	TimeIntervals	Lick
772.2805	0.10000000000025011	TimeIntervals	Lick
772.414	0.20000000000004547	TimeIntervals	Lick
772.64725	0.10000000000002274	TimeIntervals	Lick
772.7805	0.10000000000025011	TimeIntervals	Lick
772.914	0.10000000000013642	TimeIntervals	Lick
773.0472500000001	0.09999999999990905	TimeIntervals	Lick
773.1805	0.23349999999993543	TimeIntervals	Lick
773.4475	0.10000000000002274	TimeIntervals	Lick
773.5807500000001	0.10000000000002274	TimeIntervals	Lick
773.714	0.09999999999990905	TimeIntervals	Lick
773.8475	0.23325000000011187	TimeIntervals	Lick
774.1475000000002	0.09999999999990905	TimeIntervals	Lick
774.314	0.10000000000002274	TimeIntervals	Lick
774.481	0.0665000000000191	TimeIntervals	Lick
774.71425	0.2667500000000018	TimeIntervals	Lick
777.448	0.0665000000000191	TimeIntervals	Lick
777.7815000000002	0.09999999999990905	TimeIntervals	Lick
781.6485	0.10000000000013642	TimeIntervals	Lick
781.7820000000002	0.0665000000000191	TimeIntervals	Lick
781.91525	0.06674999999995634	TimeIntervals	Lick
782.0485	0.2335000000001628	TimeIntervals	Lick
782.34875	0.06674999999995634	TimeIntervals	Lick
782.8155000000002	0.09999999999979536	TimeIntervals	Lick
782.94875	0.06675000000007003	TimeIntervals	Lick
783.082	0.06675000000007003	TimeIntervals	Lick
783.2822500000001	0.1999999999999318	TimeIntervals	Lick
783.5155000000001	0.6335000000000264	TimeIntervals	Lick
784.249	0.1999999999999318	TimeIntervals	Lick
785.1825000000001	0.06649999999990541	TimeIntervals	Lick
785.54925	0.10000000000013642	TimeIntervals	Lick
787.6495000000001	0.06674999999984266	TimeIntervals	Lick
788.0495	0.06675000000007003	TimeIntervals	Lick
788.3495000000001	0.06674999999995634	TimeIntervals	Lick
788.4830000000001	0.06649999999990541	TimeIntervals	Lick
789.2497500000001	0.06674999999995634	TimeIntervals	Lick
789.44975	0.06674999999995634	TimeIntervals	Lick
789.9832499999999	0.13325000000020282	TimeIntervals	Lick
790.7165	0.10000000000002274	TimeIntervals	Lick
790.8835000000001	0.2664999999999509	TimeIntervals	Lick
791.3835000000001	0.06649999999979173	TimeIntervals	Lick
791.9834999999999	0.10000000000013642	TimeIntervals	Lick
792.1170000000001	0.0665000000000191	TimeIntervals	Lick
792.2170000000001	0.09999999999990905	TimeIntervals	Lick
792.3502500000001	0.1999999999999318	TimeIntervals	Lick
792.5835000000001	0.06675000000007003	TimeIntervals	Lick
792.6835000000001	0.20000000000004547	TimeIntervals	Lick
792.917	0.20000000000004547	TimeIntervals	Lick
793.1505000000001	0.1999999999999318	TimeIntervals	Lick
793.2505000000001	0.09999999999990905	TimeIntervals	Reward
793.3837500000002	0.16674999999997908	TimeIntervals	Lick
793.5837500000001	0.06674999999995634	TimeIntervals	Lick
793.68375	0.20000000000015916	TimeIntervals	Lick
793.917	0.06674999999995634	TimeIntervals	Lick
794.0169999999999	0.10000000000013642	TimeIntervals	Lick
794.1505000000001	0.10000000000002274	TimeIntervals	Lick
794.2840000000001	0.1999999999999318	TimeIntervals	Lick
794.51725	0.10000000000013642	TimeIntervals	Lick
794.6505000000001	0.33349999999995816	TimeIntervals	Lick
795.01725	0.33350000000007185	TimeIntervals	Lick
795.3840000000001	0.09999999999990905	TimeIntervals	Lick
795.5175	0.09999999999990905	TimeIntervals	Lick
795.6840000000001	0.06675000000007003	TimeIntervals	Lick
795.7840000000001	0.10000000000002274	TimeIntervals	Lick
795.9174999999999	0.10000000000013642	TimeIntervals	Lick
796.0507500000001	0.09999999999990905	TimeIntervals	Lick
796.1840000000001	0.10000000000002274	TimeIntervals	Lick
796.3507500000001	0.06674999999984266	TimeIntervals	Lick
796.48425	0.06675000000007003	TimeIntervals	Lick
796.751	0.13325000000020282	TimeIntervals	Lick
797.0842500000001	0.13324999999997544	TimeIntervals	Lick
798.1845	0.0665000000000191	TimeIntervals	Lick
800.6179999999999	0.30025000000011914	TimeIntervals	Lick
800.985	0.46649999999999636	TimeIntervals	Lick
801.95175	0.06674999999995634	TimeIntervals	Lick
802.1185	0.10000000000002274	TimeIntervals	Lick
802.285	0.06675000000007003	TimeIntervals	Lick
805.95225	0.09999999999990905	TimeIntervals	Lick
812.4865000000001	0.10000000000002274	TimeIntervals	Lick
816.3205000000002	0.09999999999990905	TimeIntervals	Lick
816.8872500000002	0.09999999999990905	TimeIntervals	Lick
817.0205	0.10000000000002274	TimeIntervals	Lick
817.1872500000001	0.10024999999995998	TimeIntervals	Lick
817.3540000000002	0.09999999999968168	TimeIntervals	Lick
817.4875000000001	0.10000000000002274	TimeIntervals	Lick
817.62075	0.10000000000002274	TimeIntervals	Lick
817.754	0.10000000000013642	TimeIntervals	Lick
817.8875000000003	0.09999999999979536	TimeIntervals	Lick
818.02075	0.06675000000007003	TimeIntervals	Lick
818.1875	0.10000000000002274	TimeIntervals	Lick
818.6875	0.10000000000002274	TimeIntervals	Lick
819.3875000000002	0.06674999999972897	TimeIntervals	Lick
819.4875000000001	0.10025000000007367	TimeIntervals	Lick
819.6210000000001	0.06674999999984266	TimeIntervals	Lick
819.7210000000001	0.09999999999979536	TimeIntervals	Lick
819.8545000000001	0.1999999999999318	TimeIntervals	Lick
820.0877500000001	0.1999999999998181	TimeIntervals	Lick
820.3209999999999	0.06675000000018372	TimeIntervals	Lick
820.4209999999999	0.09999999999990905	TimeIntervals	Lick
820.5545000000001	0.10000000000002274	TimeIntervals	Lick
820.62125	0.10000000000002274	TimeIntervals	Reward
820.6880000000001	0.09999999999990905	TimeIntervals	Lick
820.82125	0.16675000000020646	TimeIntervals	Lick
821.0212499999999	0.06675000000018372	TimeIntervals	Lick
821.12125	0.06675000000007003	TimeIntervals	Lick
821.22125	0.09999999999990905	TimeIntervals	Lick
821.3545000000001	0.1999999999999318	TimeIntervals	Lick
821.5880000000001	0.10000000000002274	TimeIntervals	Lick
821.7215000000001	0.09999999999990905	TimeIntervals	Lick
821.8547500000002	0.09999999999968168	TimeIntervals	Lick
821.9880000000002	0.09999999999990905	TimeIntervals	Lick
822.1215000000001	0.0665000000000191	TimeIntervals	Lick
822.2215000000001	0.09999999999990905	TimeIntervals	Lick
822.3547500000002	0.09999999999968168	TimeIntervals	Lick
822.4880000000002	0.09999999999990905	TimeIntervals	Lick
822.6215000000001	0.10000000000002274	TimeIntervals	Lick
822.7547500000001	0.10025000000007367	TimeIntervals	Lick
822.8882500000001	0.10000000000002274	TimeIntervals	Lick
823.0215	0.10000000000013642	TimeIntervals	Lick
823.1550000000001	0.13324999999986176	TimeIntervals	Lick
823.3215	0.09999999999990905	TimeIntervals	Lick
823.4549999999999	0.10000000000002274	TimeIntervals	Lick
823.58825	0.09999999999990905	TimeIntervals	Lick
823.7215000000001	0.13350000000002638	TimeIntervals	Lick
823.8885	0.10000000000002274	TimeIntervals	Lick
824.055	0.0667500000002974	TimeIntervals	Lick
824.1550000000001	0.10000000000002274	TimeIntervals	Lick
824.2885	0.10000000000002274	TimeIntervals	Lick
824.9217499999999	0.10025000000018736	TimeIntervals	Lick
825.0552499999999	0.0667500000002974	TimeIntervals	Lick
826.2555000000002	0.09999999999979536	TimeIntervals	Lick
826.4219999999999	0.13350000000002638	TimeIntervals	Lick
826.6220000000002	0.09999999999990905	TimeIntervals	Lick
826.8220000000001	0.06674999999995634	TimeIntervals	Lick
827.1555	0.10000000000025011	TimeIntervals	Lick
827.32225	0.06675000000007003	TimeIntervals	Lick
827.4555	0.09999999999990905	TimeIntervals	Lick
827.589	0.09999999999990905	TimeIntervals	Lick
827.7555000000002	0.09999999999979536	TimeIntervals	Lick
827.8890000000001	0.1999999999999318	TimeIntervals	Lick
828.189	0.06650000000024647	TimeIntervals	Lick
828.2890000000001	0.10000000000002274	TimeIntervals	Lick
828.4224999999999	0.06650000000013279	TimeIntervals	Lick
828.55575	0.10000000000002274	TimeIntervals	Lick
828.689	0.10000000000013642	TimeIntervals	Lick
828.8557500000002	0.09999999999979536	TimeIntervals	Lick
829.0225	0.10000000000002274	TimeIntervals	Lick
829.15575	0.10000000000013642	TimeIntervals	Lick
829.8892500000002	0.06674999999972897	TimeIntervals	Lick
830.0225	0.06674999999995634	TimeIntervals	Lick
830.1225000000001	0.09999999999990905	TimeIntervals	Lick
830.2560000000002	0.09999999999990905	TimeIntervals	Lick
830.3892500000002	0.1002499999998463	TimeIntervals	Lick
830.5227500000001	0.06674999999995634	TimeIntervals	Lick
830.62275	0.20000000000004547	TimeIntervals	Lick
830.8560000000001	0.06674999999995634	TimeIntervals	Lick
830.9559999999999	0.10000000000013642	TimeIntervals	Lick
831.0227500000001	0.09999999999990905	TimeIntervals	Reward
831.0895	0.36649999999985994	TimeIntervals	Lick
831.4895	0.10000000000002274	TimeIntervals	Lick
831.623	0.06649999999990541	TimeIntervals	Lick
831.7230000000001	0.10000000000002274	TimeIntervals	Lick
831.8562500000002	0.06674999999984266	TimeIntervals	Lick
831.9562500000001	0.09999999999990905	TimeIntervals	Lick
832.0895	0.09999999999990905	TimeIntervals	Lick
832.2230000000001	0.10000000000002274	TimeIntervals	Lick
832.3562500000002	0.1999999999998181	TimeIntervals	Lick
832.5895	0.09999999999990905	TimeIntervals	Lick
832.7230000000001	0.10000000000002274	TimeIntervals	Lick
832.8565000000001	0.09999999999990905	TimeIntervals	Lick
832.98975	0.10000000000013642	TimeIntervals	Lick
833.123	0.20000000000004547	TimeIntervals	Lick
833.3897500000002	0.09999999999979536	TimeIntervals	Lick
833.523	0.10000000000002274	TimeIntervals	Lick
833.6565000000002	0.09999999999990905	TimeIntervals	Lick
833.82325	0.03325000000006639	TimeIntervals	Lick
834.0900000000001	0.0665000000000191	TimeIntervals	Lick
834.2565000000001	0.06674999999995634	TimeIntervals	Lick
834.3900000000001	0.09999999999990905	TimeIntervals	Lick
835.7235000000002	0.06649999999990541	TimeIntervals	Lick
839.3575	0.10000000000002274	TimeIntervals	Lick
841.491	0.06675000000007003	TimeIntervals	Lick
841.6245	0.06650000000013279	TimeIntervals	Lick
843.1245	0.10000000000013642	TimeIntervals	Lick
843.7915000000002	0.06649999999990541	TimeIntervals	Lick
843.9247500000001	0.09999999999990905	TimeIntervals	Lick
844.0915	0.10000000000002274	TimeIntervals	Lick
844.3580000000001	0.09999999999990905	TimeIntervals	Lick
844.4915000000001	0.09999999999990905	TimeIntervals	Lick
844.6580000000001	0.06674999999984266	TimeIntervals	Lick
844.8249999999999	0.10000000000013642	TimeIntervals	Lick
848.0920000000001	0.09999999999990905	TimeIntervals	Lick
852.2592500000001	0.06674999999995634	TimeIntervals	Lick
852.35925	0.30025000000011914	TimeIntervals	Lick
852.6927500000002	0.09999999999990905	TimeIntervals	Lick
852.826	0.1999999999999318	TimeIntervals	Lick
853.0595000000002	0.09999999999990905	TimeIntervals	Lick
853.1927500000002	0.09999999999990905	TimeIntervals	Lick
853.326	0.06675000000007003	TimeIntervals	Lick
853.3594999999999	0.10000000000013642	TimeIntervals	Reward
853.426	0.06674999999984266	TimeIntervals	Lick
853.526	0.4002500000000282	TimeIntervals	Lick
853.9595	0.20000000000004547	TimeIntervals	Lick
854.1930000000002	0.3664999999999736	TimeIntervals	Lick
854.593	0.2335000000001628	TimeIntervals	Lick
854.8597500000001	0.599999999999909	TimeIntervals	Lick
855.4929999999999	0.10000000000002274	TimeIntervals	Lick
855.6264999999999	0.10000000000013642	TimeIntervals	Lick
855.76	0.2665000000000646	TimeIntervals	Lick
856.09325	0.10000000000013642	TimeIntervals	Lick
856.26	0.06650000000013279	TimeIntervals	Lick
856.36	0.13324999999997544	TimeIntervals	Lick
856.5265	0.09999999999979536	TimeIntervals	Lick
856.66	0.0665000000000191	TimeIntervals	Lick
856.7932500000002	0.06674999999984266	TimeIntervals	Lick
857.0600000000001	0.06674999999984266	TimeIntervals	Lick
857.3935	0.10000000000002274	TimeIntervals	Lick
858.2270000000001	0.10000000000002274	TimeIntervals	Lick
859.5269999999999	0.16675000000020646	TimeIntervals	Lick
869.5284999999999	0.10000000000025011	TimeIntervals	Lick
869.6620000000001	0.1999999999999318	TimeIntervals	Lick
869.89525	0.2002500000000964	TimeIntervals	Lick
870.1620000000001	0.1999999999999318	TimeIntervals	Lick
870.3955000000001	0.09999999999990905	TimeIntervals	Lick
870.52875	0.10000000000002274	TimeIntervals	Lick
870.6620000000001	0.06674999999995634	TimeIntervals	Lick
870.7620000000001	0.10000000000002274	TimeIntervals	Lick
870.8955000000001	0.09999999999990905	TimeIntervals	Lick
871.02875	0.06675000000018372	TimeIntervals	Lick
871.1620000000001	0.1002499999998463	TimeIntervals	Lick
871.2955000000001	0.10000000000002274	TimeIntervals	Lick
871.46225	0.06674999999995634	TimeIntervals	Lick
871.5622500000001	0.09999999999990905	TimeIntervals	Lick
871.6955000000002	0.133499999999799	TimeIntervals	Lick
871.8622500000001	0.09999999999990905	TimeIntervals	Lick
872.029	0.10000000000002274	TimeIntervals	Lick
872.16225	0.2002500000000964	TimeIntervals	Lick
872.3957500000001	0.09999999999990905	TimeIntervals	Lick
872.529	0.06675000000007003	TimeIntervals	Lick
872.629	0.10000000000013642	TimeIntervals	Lick
872.6625	0.09999999999990905	TimeIntervals	Reward
872.7624999999999	0.10000000000013642	TimeIntervals	Lick
872.8957500000001	0.26674999999988813	TimeIntervals	Lick
873.1957500000001	0.20024999999998272	TimeIntervals	Lick
873.4292499999999	0.10000000000013642	TimeIntervals	Lick
873.5625	0.10000000000002274	TimeIntervals	Lick
873.6959999999999	0.20000000000015916	TimeIntervals	Lick
873.9292499999999	0.10000000000013642	TimeIntervals	Lick
874.0625	0.10000000000002274	TimeIntervals	Lick
874.1959999999999	0.10000000000025011	TimeIntervals	Lick
874.3292500000001	0.20024999999998272	TimeIntervals	Lick
874.5627499999999	0.10000000000002274	TimeIntervals	Lick
874.6959999999999	0.5	TimeIntervals	Lick
875.2295000000001	0.09999999999979536	TimeIntervals	Lick
875.3960000000001	0.10000000000002274	TimeIntervals	Lick
875.5295000000001	0.09999999999990905	TimeIntervals	Lick
875.663	0.10000000000002274	TimeIntervals	Lick
875.8294999999999	0.03350000000023101	TimeIntervals	Lick
875.9295000000001	0.06674999999995634	TimeIntervals	Lick
876.1295	0.06674999999995634	TimeIntervals	Lick
876.2295000000001	0.1667499999997517	TimeIntervals	Lick
879.9635	0.03350000000023101	TimeIntervals	Lick
880.9635	0.06674999999995634	TimeIntervals	Lick
881.4304999999999	0.03325000000006639	TimeIntervals	Lick
886.898	0.10000000000002274	TimeIntervals	Lick
887.0645	0.10000000000013642	TimeIntervals	Lick
887.498	0.09999999999990905	TimeIntervals	Lick
887.6312500000001	0.10024999999995998	TimeIntervals	Lick
892.0655	0.0665000000000191	TimeIntervals	Lick
892.19875	0.06675000000007003	TimeIntervals	Lick
892.6320000000001	0.09999999999990905	TimeIntervals	Lick
892.7655000000001	0.13324999999997544	TimeIntervals	Lick
894.2990000000002	0.06674999999984266	TimeIntervals	Lick
895.9325	0.10000000000002274	TimeIntervals	Lick
896.0660000000001	0.06649999999990541	TimeIntervals	Lick
896.1660000000002	0.09999999999990905	TimeIntervals	Lick
896.2992500000001	0.06675000000007003	TimeIntervals	Lick
896.3992500000002	0.06674999999984266	TimeIntervals	Lick
896.4995	0.10000000000013642	TimeIntervals	Lick
896.6327500000001	0.06674999999995634	TimeIntervals	Lick
896.73275	0.10000000000002274	TimeIntervals	Lick
896.8660000000002	0.1999999999999318	TimeIntervals	Lick
897.0327500000001	0.10000000000002274	TimeIntervals	Reward
897.0995000000001	0.0665000000000191	TimeIntervals	Lick
897.1995000000001	0.2664999999999509	TimeIntervals	Lick
897.4995	0.10000000000013642	TimeIntervals	Lick
897.6330000000002	0.06649999999990541	TimeIntervals	Lick
897.7662500000001	0.06674999999995634	TimeIntervals	Lick
897.8662500000002	0.09999999999979536	TimeIntervals	Lick
897.9995	0.06674999999995634	TimeIntervals	Lick
898.0995000000001	0.09999999999990905	TimeIntervals	Lick
898.2330000000001	0.10000000000002274	TimeIntervals	Lick
898.3995000000001	0.06674999999984266	TimeIntervals	Lick
898.4995	0.33350000000007185	TimeIntervals	Lick
898.8665000000001	0.09999999999990905	TimeIntervals	Lick
898.9997500000001	0.09999999999990905	TimeIntervals	Lick
899.1330000000002	0.09999999999990905	TimeIntervals	Lick
899.2665000000002	0.09999999999990905	TimeIntervals	Lick
899.39975	0.4002500000000282	TimeIntervals	Lick
899.8665000000001	0.09999999999990905	TimeIntervals	Lick
900.0	0.10000000000002274	TimeIntervals	Lick
900.1332500000001	0.13325000000008913	TimeIntervals	Lick
900.3000000000001	0.0665000000000191	TimeIntervals	Lick
900.43325	0.06674999999995634	TimeIntervals	Lick
900.7332500000001	0.13350000000002638	TimeIntervals	Lick
900.9000000000001	0.06674999999995634	TimeIntervals	Lick
902.60025	0.10000000000002274	TimeIntervals	Lick
903.13375	0.10000000000002274	TimeIntervals	Lick
904.134	0.0665000000000191	TimeIntervals	Lick
904.26725	0.10000000000013642	TimeIntervals	Lick
904.4005000000001	0.10000000000002274	TimeIntervals	Lick
904.5672500000001	0.10000000000002274	TimeIntervals	Lick
905.2005	0.10025000000018736	TimeIntervals	Lick
905.7007500000001	0.10000000000013642	TimeIntervals	Lick
908.4677499999999	0.2002500000000964	TimeIntervals	Lick
913.3352500000001	0.06674999999995634	TimeIntervals	Lick
913.4352500000001	0.09999999999979536	TimeIntervals	Lick
913.5685	0.06674999999995634	TimeIntervals	Lick
913.6685000000001	0.09999999999990905	TimeIntervals	Lick
913.8020000000001	0.06649999999990541	TimeIntervals	Lick
913.902	0.09999999999990905	TimeIntervals	Lick
914.0354999999998	0.20000000000015916	TimeIntervals	Lick
914.2687500000001	0.06675000000007003	TimeIntervals	Lick
914.36875	0.10000000000002274	TimeIntervals	Lick
914.402	0.09999999999990905	TimeIntervals	Reward
914.502	0.16675000000020646	TimeIntervals	Lick
914.7020000000001	0.06674999999995634	TimeIntervals	Lick
914.8020000000001	0.1999999999998181	TimeIntervals	Lick
915.0354999999998	0.20000000000015916	TimeIntervals	Lick
915.269	0.20000000000004547	TimeIntervals	Lick
915.5022499999999	0.10000000000013642	TimeIntervals	Lick
915.6355	0.10000000000002274	TimeIntervals	Lick
915.769	0.10000000000002274	TimeIntervals	Lick
915.90225	0.3332500000000209	TimeIntervals	Lick
916.269	0.10000000000002274	TimeIntervals	Lick
916.4025	0.09999999999990905	TimeIntervals	Lick
916.53575	0.23324999999999818	TimeIntervals	Lick
916.8357500000002	0.06674999999984266	TimeIntervals	Lick
916.93575	0.13325000000008913	TimeIntervals	Lick
917.1025	0.10000000000013642	TimeIntervals	Lick
917.269	0.033500000000117325	TimeIntervals	Lick
917.736	0.06650000000013279	TimeIntervals	Lick
921.7030000000001	0.10024999999995998	TimeIntervals	Lick
923.5035	0.0665000000000191	TimeIntervals	Lick
926.4705000000001	0.06674999999984266	TimeIntervals	Lick
926.63725	0.10000000000013642	TimeIntervals	Lick
931.4380000000001	0.06649999999990541	TimeIntervals	Lick
931.70475	0.06675000000007003	TimeIntervals	Lick
932.1047500000001	0.09999999999990905	TimeIntervals	Lick
932.2380000000002	0.09999999999990905	TimeIntervals	Lick
932.3715000000001	0.1999999999999318	TimeIntervals	Lick
932.6047500000001	0.09999999999990905	TimeIntervals	Lick
932.7380000000002	0.1002499999998463	TimeIntervals	Lick
932.9050000000001	0.0665000000000191	TimeIntervals	Lick
933.0050000000001	0.06649999999990541	TimeIntervals	Lick
933.33825	0.13325000000008913	TimeIntervals	Lick
934.8717500000002	0.06674999999972897	TimeIntervals	Lick
942.7065	0.10000000000002274	TimeIntervals	Lick
942.8730000000002	0.06674999999972897	TimeIntervals	Lick
943.5065000000001	0.06649999999990541	TimeIntervals	Lick
943.6397500000002	0.06674999999984266	TimeIntervals	Lick
943.74	0.10000000000013642	TimeIntervals	Lick
943.8732500000001	0.06674999999984266	TimeIntervals	Lick
943.97325	0.09999999999990905	TimeIntervals	Lick
944.1065000000001	0.06674999999995634	TimeIntervals	Lick
944.2065	0.10000000000002274	TimeIntervals	Lick
944.3400000000001	0.06649999999990541	TimeIntervals	Lick
944.4399999999999	0.10000000000002274	TimeIntervals	Lick
944.5732499999999	0.06675000000018372	TimeIntervals	Lick
944.67325	0.10000000000013642	TimeIntervals	Lick
944.8065	0.10025000000007367	TimeIntervals	Reward
944.8065	0.06700000000012096	TimeIntervals	Lick
944.9067500000001	0.39999999999997726	TimeIntervals	Lick
945.3400000000001	0.06674999999995634	TimeIntervals	Lick
945.4399999999999	0.10000000000002274	TimeIntervals	Lick
945.5735	0.20000000000015916	TimeIntervals	Lick
945.8067500000001	0.10024999999995998	TimeIntervals	Lick
945.9402499999999	0.10000000000013642	TimeIntervals	Lick
946.0735	0.20000000000015916	TimeIntervals	Lick
946.307	0.23324999999999818	TimeIntervals	Lick
946.5735	0.10000000000002274	TimeIntervals	Lick
946.707	0.10000000000002274	TimeIntervals	Lick
946.84025	0.09999999999990905	TimeIntervals	Lick
946.9735	0.10025000000007367	TimeIntervals	Lick
947.107	0.10000000000002274	TimeIntervals	Lick
947.2737500000001	0.06674999999995634	TimeIntervals	Lick
947.407	0.06674999999995634	TimeIntervals	Lick
947.5070000000001	0.13350000000002638	TimeIntervals	Lick
947.6737499999999	0.10000000000013642	TimeIntervals	Lick
948.0070000000001	0.06674999999995634	TimeIntervals	Lick
948.1405000000001	0.10000000000002274	TimeIntervals	Lick
948.4405	0.06675000000007003	TimeIntervals	Lick
949.9075	0.0665000000000191	TimeIntervals	Lick
951.041	0.10000000000002274	TimeIntervals	Lick
958.3087500000001	0.06674999999995634	TimeIntervals	Lick
962.74275	0.06675000000018372	TimeIntervals	Lick
962.8760000000002	0.06674999999984266	TimeIntervals	Lick
962.976	0.10000000000002274	TimeIntervals	Lick
963.1094999999999	0.20000000000027285	TimeIntervals	Lick
963.3427500000001	0.09999999999990905	TimeIntervals	Lick
963.476	0.2002500000000964	TimeIntervals	Lick
963.743	0.1999999999999318	TimeIntervals	Lick
963.9762499999999	0.10000000000013642	TimeIntervals	Lick
964.1094999999999	0.13350000000025375	TimeIntervals	Lick
964.27625	0.10000000000002274	TimeIntervals	Lick
964.4095	0.10000000000013642	TimeIntervals	Lick
964.543	0.10000000000002274	TimeIntervals	Lick
964.6765000000003	0.09999999999979536	TimeIntervals	Lick
964.843	0.06675000000007003	TimeIntervals	Lick
964.9765	0.10000000000002274	TimeIntervals	Lick
965.143	0.10000000000013642	TimeIntervals	Lick
965.2765	0.10000000000013642	TimeIntervals	Lick
965.40975	0.10000000000002274	TimeIntervals	Lick
965.5765	0.10000000000025011	TimeIntervals	Lick
969.2104999999999	0.06650000000024647	TimeIntervals	Lick
969.3105000000002	0.09999999999968168	TimeIntervals	Lick
969.4437500000001	0.09999999999979536	TimeIntervals	Lick
969.5770000000002	0.09999999999979536	TimeIntervals	Lick
969.7104999999999	0.1999999999999318	TimeIntervals	Lick
969.977	0.06674999999995634	TimeIntervals	Lick
970.0770000000002	0.10024999999995998	TimeIntervals	Lick
970.2104999999999	0.06675000000018372	TimeIntervals	Lick
970.3105000000002	0.09999999999968168	TimeIntervals	Reward
970.3105000000002	0.09999999999968168	TimeIntervals	Lick
970.4440000000001	0.2999999999999545	TimeIntervals	Lick
970.7772500000001	0.10000000000002274	TimeIntervals	Lick
970.9104999999998	0.06675000000018372	TimeIntervals	Lick
971.0105000000001	0.09999999999990905	TimeIntervals	Lick
971.144	0.06649999999990541	TimeIntervals	Lick
971.244	0.10000000000002274	TimeIntervals	Lick
971.3775000000002	0.09999999999990905	TimeIntervals	Lick
971.5107499999999	0.20000000000027285	TimeIntervals	Lick
971.744	0.10000000000002274	TimeIntervals	Lick
971.8775000000002	0.09999999999990905	TimeIntervals	Lick
972.0107499999999	0.20000000000027285	TimeIntervals	Lick
972.2775000000001	0.06674999999995634	TimeIntervals	Lick
972.3775000000002	0.09999999999990905	TimeIntervals	Lick
972.511	0.09999999999990905	TimeIntervals	Lick
972.64425	0.10000000000002274	TimeIntervals	Lick
972.7775000000001	0.10000000000002274	TimeIntervals	Lick
972.911	0.10000000000002274	TimeIntervals	Lick
973.04425	0.13324999999997544	TimeIntervals	Lick
973.211	0.06650000000013279	TimeIntervals	Lick
973.47775	0.10000000000025011	TimeIntervals	Lick
973.6445	0.10000000000002274	TimeIntervals	Lick
973.8110000000001	0.06674999999995634	TimeIntervals	Lick
974.2445	0.10000000000025011	TimeIntervals	Lick
975.0112499999999	0.06675000000018372	TimeIntervals	Lick
975.9447500000002	0.06674999999961528	TimeIntervals	Lick
983.3792500000001	0.20000000000004547	TimeIntervals	Lick
983.6125000000001	0.06675000000007003	TimeIntervals	Lick
983.7125000000002	0.19999999999970441	TimeIntervals	Lick
983.9459999999999	0.0665000000000191	TimeIntervals	Lick
984.0459999999999	0.20000000000015916	TimeIntervals	Lick
984.27925	0.2002500000000964	TimeIntervals	Lick
984.5127499999999	0.20000000000027285	TimeIntervals	Lick
984.6795000000001	0.09999999999979536	TimeIntervals	Reward
984.7460000000001	0.29999999999984084	TimeIntervals	Lick
985.0795000000002	0.06649999999967804	TimeIntervals	Lick
985.1795000000001	0.20000000000015916	TimeIntervals	Lick
985.4459999999999	0.06700000000012096	TimeIntervals	Lick
985.5462499999999	0.20000000000015916	TimeIntervals	Lick
985.7794999999999	0.1000000000003638	TimeIntervals	Lick
985.913	0.10000000000002274	TimeIntervals	Lick
986.0462499999999	0.10000000000013642	TimeIntervals	Lick
986.1795000000001	0.09999999999979536	TimeIntervals	Lick
986.3129999999999	0.466750000000161	TimeIntervals	Lick
986.8129999999999	0.10000000000013642	TimeIntervals	Lick
986.9465	0.09999999999979536	TimeIntervals	Lick
987.07975	0.10000000000013642	TimeIntervals	Lick
987.2464999999999	0.10000000000047748	TimeIntervals	Lick
987.413	0.06675000000007003	TimeIntervals	Lick
987.7130000000001	0.10025000000007367	TimeIntervals	Lick
987.8800000000001	0.03324999999983902	TimeIntervals	Lick
988.6132500000002	0.10000000000002274	TimeIntervals	Lick
988.8135000000002	0.13324999999974807	TimeIntervals	Lick
990.7470000000002	0.0665000000000191	TimeIntervals	Lick
994.3475000000002	0.06674999999961528	TimeIntervals	Lick
994.4475	0.09999999999990905	TimeIntervals	Lick
994.5810000000001	0.10000000000002274	TimeIntervals	Lick
994.7142500000001	0.10000000000013642	TimeIntervals	Lick
994.8475000000002	0.06674999999961528	TimeIntervals	Lick
994.981	0.10000000000013642	TimeIntervals	Lick
995.1142500000001	0.10000000000002274	TimeIntervals	Lick
995.2475000000001	0.23349999999993543	TimeIntervals	Lick
995.5145000000002	0.09999999999968168	TimeIntervals	Lick
995.64775	0.1000000000003638	TimeIntervals	Lick
995.7810000000001	0.09999999999990905	TimeIntervals	Lick
995.94775	0.10000000000002274	TimeIntervals	Lick
996.0810000000001	0.10000000000002274	TimeIntervals	Lick
996.2145000000002	0.09999999999968168	TimeIntervals	Lick
996.3477500000001	0.09999999999990905	TimeIntervals	Lick
996.5145000000002	0.1999999999999318	TimeIntervals	Lick
996.7480000000002	0.09999999999990905	TimeIntervals	Lick
996.8812500000004	0.09999999999956799	TimeIntervals	Lick
997.0145000000002	0.09999999999968168	TimeIntervals	Lick
997.048	0.09999999999990905	TimeIntervals	Reward
997.1479999999999	0.26650000000017826	TimeIntervals	Lick
997.4480000000001	0.06650000000013279	TimeIntervals	Lick
997.548	0.09999999999990905	TimeIntervals	Lick
997.6815	0.20000000000027285	TimeIntervals	Lick
997.91475	0.10000000000013642	TimeIntervals	Lick
998.048	0.09999999999990905	TimeIntervals	Lick
998.1815	0.10000000000013642	TimeIntervals	Lick
998.3480000000001	0.06674999999995634	TimeIntervals	Lick
998.4480000000001	0.09999999999990905	TimeIntervals	Lick
998.5815	0.20000000000015916	TimeIntervals	Lick
998.8150000000002	0.5332499999999527	TimeIntervals	Lick
999.3815000000003	0.09999999999979536	TimeIntervals	Lick
999.5482499999998	0.1000000000003638	TimeIntervals	Lick
999.6815	0.10000000000013642	TimeIntervals	Lick
999.8485000000002	0.09999999999968168	TimeIntervals	Lick
999.9817500000001	0.13324999999986176	TimeIntervals	Lick
1000.1817500000001	0.10000000000002274	TimeIntervals	Lick
1000.3150000000002	0.06675000000007003	TimeIntervals	Lick
1000.7817500000001	0.06675000000007003	TimeIntervals	Lick
1008.0495	0.06675000000007003	TimeIntervals	Lick
1008.1495000000002	0.1999999999999318	TimeIntervals	Lick
1008.3830000000004	0.0999999999994543	TimeIntervals	Lick
1008.5162500000001	0.06674999999972897	TimeIntervals	Lick
1008.6165000000001	0.09999999999990905	TimeIntervals	Lick
1008.7497500000001	0.06674999999984266	TimeIntervals	Lick
1008.8497500000001	0.09999999999990905	TimeIntervals	Lick
1008.9829999999998	0.0667500000002974	TimeIntervals	Lick
1009.0829999999999	0.10000000000013642	TimeIntervals	Lick
1009.2165	0.1999999999999318	TimeIntervals	Lick
1009.3830000000004	0.0999999999994543	TimeIntervals	Reward
1009.44975	0.4002499999999145	TimeIntervals	Lick
1009.8832500000003	0.06674999999961528	TimeIntervals	Lick
1010.0165000000001	0.06674999999995634	TimeIntervals	Lick
1010.1165000000001	0.09999999999990905	TimeIntervals	Lick
1010.25	0.06649999999990541	TimeIntervals	Lick
1010.3499999999999	0.10000000000002274	TimeIntervals	Lick
1010.4832500000001	0.09999999999990905	TimeIntervals	Lick
1010.6165000000001	0.09999999999990905	TimeIntervals	Lick
1010.75	0.09999999999990905	TimeIntervals	Lick
1010.8835000000001	0.10000000000002274	TimeIntervals	Lick
1011.0167500000001	0.33324999999979354	TimeIntervals	Lick
1011.3835000000001	0.10000000000002274	TimeIntervals	Lick
1011.5167500000001	0.09999999999979536	TimeIntervals	Lick
1011.6500000000002	0.09999999999979536	TimeIntervals	Lick
1011.7835	0.10000000000013642	TimeIntervals	Lick
1011.9170000000001	0.10000000000002274	TimeIntervals	Lick
1012.0834999999998	0.0667500000002974	TimeIntervals	Lick
1012.3502500000001	0.09999999999979536	TimeIntervals	Lick
1012.817	0.10000000000013642	TimeIntervals	Lick
1012.9835000000002	0.10024999999995998	TimeIntervals	Lick
1013.18375	0.06674999999984266	TimeIntervals	Lick
1013.3505	0.06650000000013279	TimeIntervals	Lick
1014.4505	0.06674999999995634	TimeIntervals	Lick
1014.7840000000003	0.03324999999972533	TimeIntervals	Lick
1015.9175	0.06649999999979173	TimeIntervals	Lick
1034.4202500000001	0.1667499999998654	TimeIntervals	Lick
1034.62025	0.20000000000027285	TimeIntervals	Lick
1034.8535	0.1000000000003638	TimeIntervals	Lick
1034.9870000000003	0.1999999999998181	TimeIntervals	Lick
1035.2205000000001	0.09999999999990905	TimeIntervals	Lick
1035.35375	0.06675000000018372	TimeIntervals	Lick
1035.4537500000001	0.09999999999990905	TimeIntervals	Lick
1035.587	0.06674999999995634	TimeIntervals	Lick
1035.6870000000001	0.09999999999990905	TimeIntervals	Lick
1035.75375	0.09999999999990905	TimeIntervals	Reward
1035.85375	0.36675000000013824	TimeIntervals	Lick
1036.2540000000001	0.06649999999990541	TimeIntervals	Lick
1036.3539999999998	0.1000000000003638	TimeIntervals	Lick
1036.4872500000001	0.09999999999990905	TimeIntervals	Lick
1036.6205	0.06674999999995634	TimeIntervals	Lick
1036.7205000000001	0.09999999999990905	TimeIntervals	Lick
1036.8539999999998	0.1000000000003638	TimeIntervals	Lick
1036.9872500000001	0.09999999999990905	TimeIntervals	Lick
1037.1205	0.10025000000018736	TimeIntervals	Lick
1037.2540000000001	0.09999999999968168	TimeIntervals	Lick
1037.3874999999998	0.1000000000003638	TimeIntervals	Lick
1037.52075	0.09999999999990905	TimeIntervals	Lick
1037.654	0.10000000000013642	TimeIntervals	Lick
1037.7875000000001	0.09999999999968168	TimeIntervals	Lick
1037.9207500000005	0.0999999999994543	TimeIntervals	Lick
1038.054	0.26700000000005275	TimeIntervals	Lick
1038.35425	0.09999999999990905	TimeIntervals	Lick
1038.95425	0.06674999999995634	TimeIntervals	Lick
1039.121	0.033249999999952706	TimeIntervals	Lick
1039.2875000000001	0.06674999999995634	TimeIntervals	Lick
1041.1544999999999	0.1000000000003638	TimeIntervals	Lick
1052.023	0.3000000000001819	TimeIntervals	Lick
1052.35625	0.10000000000013642	TimeIntervals	Lick
1052.4895	0.10025000000018736	TimeIntervals	Lick
1052.623	0.20000000000004547	TimeIntervals	Lick
1052.8565	0.10000000000013642	TimeIntervals	Lick
1052.9897500000002	0.09999999999990905	TimeIntervals	Lick
1053.0565	0.09999999999990905	TimeIntervals	Reward
1053.123	0.36675000000013824	TimeIntervals	Lick
1053.523	0.06675000000018372	TimeIntervals	Lick
1053.623	0.10024999999995998	TimeIntervals	Lick
1053.7565	0.06674999999995634	TimeIntervals	Lick
1053.8565	0.10000000000013642	TimeIntervals	Lick
1053.9900000000002	0.09999999999968168	TimeIntervals	Lick
1054.12325	0.1999999999998181	TimeIntervals	Lick
1054.3565	0.10000000000013642	TimeIntervals	Lick
1054.4900000000002	0.09999999999968168	TimeIntervals	Lick
1054.62325	0.33350000000018554	TimeIntervals	Lick
1054.9900000000002	0.09999999999968168	TimeIntervals	Lick
1055.1235	0.10000000000013642	TimeIntervals	Lick
1055.25675	0.2667500000000018	TimeIntervals	Lick
1055.55675	0.13324999999986176	TimeIntervals	Lick
1055.7235	0.09999999999990905	TimeIntervals	Lick
1055.99025	0.06674999999995634	TimeIntervals	Lick
1056.1569999999997	0.03325000000018008	TimeIntervals	Lick
1056.49025	0.06674999999995634	TimeIntervals	Lick
1057.557	0.06674999999995634	TimeIntervals	Lick
1058.4572500000004	0.0667499999995016	TimeIntervals	Lick
1058.7905	0.09999999999990905	TimeIntervals	Lick
1059.0905000000002	0.10024999999950523	TimeIntervals	Lick
