onset	duration	nwb_table	event_type
13.686250000000001	0.06675000000000075	TimeIntervals	Lick
13.953000000000001	0.06674999999999898	TimeIntervals	Lick
14.086500000000001	0.06649999999999956	TimeIntervals	Lick
14.219750000000001	0.06674999999999898	TimeIntervals	Lick
14.31975	0.09999999999999964	TimeIntervals	Lick
14.453000000000001	0.09999999999999964	TimeIntervals	Lick
14.586500000000001	0.06649999999999956	TimeIntervals	Lick
14.719750000000001	0.06674999999999898	TimeIntervals	Lick
14.82	0.09999999999999964	TimeIntervals	Lick
14.9865	0.06675000000000253	TimeIntervals	Lick
15.086500000000003	0.09999999999999964	TimeIntervals	Lick
15.22	0.20000000000000107	TimeIntervals	Lick
15.45325	0.1000000000000032	TimeIntervals	Lick
15.586500000000003	0.09999999999999787	TimeIntervals	Lick
15.72	0.20000000000000107	TimeIntervals	Lick
15.786500000000004	0.03349999999999653	TimeIntervals	Reward
15.98675	0.16675000000000395	TimeIntervals	Lick
16.18675	0.09999999999999787	TimeIntervals	Lick
16.32	0.20000000000000284	TimeIntervals	Lick
16.5535	0.1999999999999993	TimeIntervals	Lick
16.786749999999998	0.10000000000000142	TimeIntervals	Lick
16.919999999999998	0.10000000000000497	TimeIntervals	Lick
17.0535	0.10000000000000497	TimeIntervals	Lick
17.187	0.09999999999999432	TimeIntervals	Lick
17.32025	0.10000000000000142	TimeIntervals	Lick
17.453500000000002	0.09999999999999787	TimeIntervals	Lick
17.587	0.2665000000000006	TimeIntervals	Lick
17.887	0.10000000000000142	TimeIntervals	Lick
18.02025	0.1335000000000015	TimeIntervals	Lick
18.187	0.06674999999999898	TimeIntervals	Lick
18.35375	0.06674999999999898	TimeIntervals	Lick
18.5205	0.06650000000000134	TimeIntervals	Lick
18.687	0.09999999999999432	TimeIntervals	Lick
18.85375	0.10000000000000142	TimeIntervals	Lick
19.3205	0.10000000000000142	TimeIntervals	Lick
19.654000000000003	0.09999999999999787	TimeIntervals	Lick
19.854000000000003	0.09999999999999787	TimeIntervals	Lick
20.054000000000002	0.10000000000000142	TimeIntervals	Lick
20.754	0.06674999999999898	TimeIntervals	Lick
20.920750000000005	0.09999999999999432	TimeIntervals	Lick
21.454250000000005	0.1332499999999932	TimeIntervals	Lick
22.1875	0.09999999999999787	TimeIntervals	Lick
22.421000000000006	0.03324999999999889	TimeIntervals	Lick
23.854499999999998	0.10000000000000853	TimeIntervals	Lick
24.087999999999997	0.10000000000000497	TimeIntervals	Lick
24.988000000000003	0.09999999999999432	TimeIntervals	Lick
27.421750000000003	0.03324999999999889	TimeIntervals	Lick
27.621750000000002	0.1332499999999932	TimeIntervals	Lick
28.5885	0.13350000000000506	TimeIntervals	Lick
30.4555	0.06674999999999898	TimeIntervals	Lick
32.5225	0.06675000000000608	TimeIntervals	Lick
34.455999999999996	0.06675000000000608	TimeIntervals	Lick
34.723	0.06649999999999778	TimeIntervals	Lick
34.85625	0.06674999999999898	TimeIntervals	Lick
34.9895	0.06674999999999187	TimeIntervals	Lick
35.123	0.06650000000000489	TimeIntervals	Lick
35.25625000000001	0.06674999999999187	TimeIntervals	Lick
35.3895	0.06674999999999898	TimeIntervals	Lick
35.523	0.06649999999999778	TimeIntervals	Lick
35.623	0.10000000000000142	TimeIntervals	Lick
35.7565	0.10000000000000142	TimeIntervals	Lick
35.88975	0.19999999999999574	TimeIntervals	Lick
36.123	0.10000000000000142	TimeIntervals	Lick
36.2565	0.10000000000000142	TimeIntervals	Lick
36.38975	0.10000000000000142	TimeIntervals	Lick
36.523	0.06674999999999187	TimeIntervals	Lick
36.623	0.10000000000000853	TimeIntervals	Lick
36.75650000000001	0.09999999999999432	TimeIntervals	Lick
36.82325000000001	0.06674999999999187	TimeIntervals	Reward
36.89	0.10000000000000142	TimeIntervals	Lick
37.02325	0.10000000000000142	TimeIntervals	Lick
37.156499999999994	0.20000000000000995	TimeIntervals	Lick
37.39	0.10000000000000142	TimeIntervals	Lick
37.52325	0.10000000000000142	TimeIntervals	Lick
37.656499999999994	0.3335000000000079	TimeIntervals	Lick
38.0235	0.10000000000000853	TimeIntervals	Lick
38.15675	0.09999999999999432	TimeIntervals	Lick
38.290000000000006	0.09999999999999432	TimeIntervals	Lick
38.4235	0.2332500000000053	TimeIntervals	Lick
38.69	0.10000000000000853	TimeIntervals	Lick
38.82350000000001	0.23349999999999227	TimeIntervals	Lick
39.090250000000005	0.09999999999998721	TimeIntervals	Lick
39.2235	0.10000000000000853	TimeIntervals	Lick
39.39025	0.06674999999999187	TimeIntervals	Lick
39.523500000000006	0.06674999999999898	TimeIntervals	Lick
39.657000000000004	0.09999999999999432	TimeIntervals	Lick
39.82350000000001	0.09999999999998721	TimeIntervals	Lick
39.956999999999994	0.10000000000000853	TimeIntervals	Lick
40.12375	0.09999999999999432	TimeIntervals	Lick
40.257	0.10000000000000853	TimeIntervals	Lick
40.55700000000001	0.06674999999999187	TimeIntervals	Lick
40.823750000000004	0.1667499999999933	TimeIntervals	Lick
41.590500000000006	0.09999999999999432	TimeIntervals	Lick
42.090500000000006	0.13349999999999085	TimeIntervals	Lick
42.2575	0.10000000000000142	TimeIntervals	Lick
42.89075000000001	0.0999999999999801	TimeIntervals	Lick
43.491	0.06649999999999778	TimeIntervals	Lick
43.991	0.13325000000000387	TimeIntervals	Lick
44.1575	0.13350000000000506	TimeIntervals	Lick
44.324250000000006	0.13324999999999676	TimeIntervals	Lick
44.491	0.10000000000000142	TimeIntervals	Lick
45.15775	0.13325000000000387	TimeIntervals	Lick
45.9245	0.09999999999999432	TimeIntervals	Lick
46.124500000000005	0.06674999999999898	TimeIntervals	Lick
46.258	0.10000000000000142	TimeIntervals	Lick
46.791500000000006	0.10000000000000142	TimeIntervals	Lick
46.92475000000001	0.13324999999998255	TimeIntervals	Lick
48.4915	0.09999999999999432	TimeIntervals	Lick
48.65825	0.09999999999999432	TimeIntervals	Lick
51.592	0.10000000000000142	TimeIntervals	Lick
53.458999999999996	0.10000000000000142	TimeIntervals	Lick
53.62575000000001	0.06674999999999187	TimeIntervals	Lick
53.759	0.06675000000001319	TimeIntervals	Lick
53.892500000000005	0.19999999999999574	TimeIntervals	Lick
54.12575000000001	0.09999999999999432	TimeIntervals	Lick
54.259	0.20024999999999693	TimeIntervals	Lick
54.4925	0.23349999999999937	TimeIntervals	Lick
54.759249999999994	0.06675000000001319	TimeIntervals	Lick
54.85925000000001	0.09999999999998721	TimeIntervals	Lick
54.9925	0.10000000000000142	TimeIntervals	Lick
55.126000000000005	0.06649999999999778	TimeIntervals	Lick
55.226	0.10000000000000853	TimeIntervals	Lick
55.35925000000001	0.10024999999999551	TimeIntervals	Lick
55.49275	0.09999999999999432	TimeIntervals	Lick
55.626000000000005	0.09999999999999432	TimeIntervals	Lick
55.7595	0.10000000000000142	TimeIntervals	Lick
55.859500000000004	0.10000000000000142	TimeIntervals	Reward
55.89275	0.06675000000000608	TimeIntervals	Lick
55.99275	0.3999999999999986	TimeIntervals	Lick
56.42600000000001	0.09999999999999432	TimeIntervals	Lick
56.5595	0.06674999999999898	TimeIntervals	Lick
56.659499999999994	0.10000000000000853	TimeIntervals	Lick
56.793000000000006	0.09999999999999432	TimeIntervals	Lick
56.92625	0.10000000000000142	TimeIntervals	Lick
57.0595	0.09999999999999432	TimeIntervals	Lick
57.193000000000005	0.10000000000000142	TimeIntervals	Lick
57.32625	0.10000000000000142	TimeIntervals	Lick
57.459500000000006	0.09999999999999432	TimeIntervals	Lick
57.592999999999996	0.20000000000000995	TimeIntervals	Lick
57.82650000000001	0.09999999999998721	TimeIntervals	Lick
57.95975000000001	0.10000000000000142	TimeIntervals	Lick
58.092999999999996	0.10000000000000853	TimeIntervals	Lick
58.259750000000004	0.09999999999999432	TimeIntervals	Lick
58.393	0.10000000000000142	TimeIntervals	Lick
58.5265	0.10000000000000142	TimeIntervals	Lick
58.65975	0.10024999999999551	TimeIntervals	Lick
58.79325000000001	0.09999999999998721	TimeIntervals	Lick
58.96	0.06649999999999778	TimeIntervals	Lick
59.06	0.09999999999999432	TimeIntervals	Lick
59.193250000000006	0.10000000000000142	TimeIntervals	Lick
59.32650000000001	0.13349999999999085	TimeIntervals	Lick
59.493249999999996	0.10000000000001563	TimeIntervals	Lick
59.66	0.06650000000000489	TimeIntervals	Lick
59.76	0.10000000000000142	TimeIntervals	Lick
59.893499999999996	0.4000000000000128	TimeIntervals	Lick
60.32675000000001	0.06674999999998477	TimeIntervals	Lick
60.62675000000001	0.03324999999998823	TimeIntervals	Lick
60.76	0.06675000000001319	TimeIntervals	Lick
60.86	0.13349999999999085	TimeIntervals	Lick
61.026999999999994	0.10000000000001563	TimeIntervals	Lick
61.160250000000005	0.09999999999998721	TimeIntervals	Lick
61.327000000000005	0.10000000000000142	TimeIntervals	Lick
61.49349999999999	0.20000000000000995	TimeIntervals	Lick
61.76024999999999	0.033250000000016655	TimeIntervals	Lick
61.92700000000001	0.09999999999999432	TimeIntervals	Lick
62.49374999999999	0.06675000000000608	TimeIntervals	Lick
62.627	0.1667499999999933	TimeIntervals	Lick
62.827000000000005	0.10000000000000142	TimeIntervals	Lick
63.027	0.10000000000000142	TimeIntervals	Lick
63.69400000000001	0.09999999999999432	TimeIntervals	Lick
63.894000000000005	0.13324999999997544	TimeIntervals	Lick
64.2275	0.0999999999999801	TimeIntervals	Lick
65.02749999999999	0.10000000000000853	TimeIntervals	Lick
65.19399999999999	0.10000000000002274	TimeIntervals	Lick
65.361	0.10000000000000853	TimeIntervals	Lick
65.49425000000001	0.0999999999999801	TimeIntervals	Lick
65.6275	0.19999999999998863	TimeIntervals	Lick
65.89425000000001	0.06674999999999898	TimeIntervals	Lick
65.99425000000001	0.0999999999999801	TimeIntervals	Lick
66.1275	0.10000000000000853	TimeIntervals	Lick
66.261	0.10000000000000853	TimeIntervals	Lick
66.39425000000001	0.06674999999999898	TimeIntervals	Lick
66.4945	0.09999999999999432	TimeIntervals	Lick
66.62774999999999	0.10000000000000853	TimeIntervals	Lick
66.761	0.10000000000000853	TimeIntervals	Lick
66.92775	0.09999999999999432	TimeIntervals	Reward
66.92775	0.06674999999999898	TimeIntervals	Lick
67.06099999999999	0.36675000000001035	TimeIntervals	Lick
67.4945	0.06674999999998477	TimeIntervals	Lick
67.5945	0.46674999999999045	TimeIntervals	Lick
68.0945	0.10000000000000853	TimeIntervals	Lick
68.228	0.09999999999999432	TimeIntervals	Lick
68.36125	0.10000000000002274	TimeIntervals	Lick
68.4945	0.09999999999999432	TimeIntervals	Lick
68.62800000000001	0.0999999999999801	TimeIntervals	Lick
68.76150000000001	0.09999999999999432	TimeIntervals	Lick
68.89475	0.10000000000000853	TimeIntervals	Lick
69.028	0.19999999999998863	TimeIntervals	Lick
69.29475	0.06675000000001319	TimeIntervals	Lick
69.39475	0.10000000000000853	TimeIntervals	Lick
69.528	0.23350000000000648	TimeIntervals	Lick
69.795	0.09999999999999432	TimeIntervals	Lick
69.92825	0.09999999999999432	TimeIntervals	Lick
70.06150000000001	0.09999999999999432	TimeIntervals	Lick
70.19500000000001	0.09999999999999432	TimeIntervals	Lick
70.32824999999998	0.10000000000002274	TimeIntervals	Lick
70.4615	0.10000000000000853	TimeIntervals	Lick
70.59500000000001	0.09999999999999432	TimeIntervals	Lick
70.72825	0.10025000000000261	TimeIntervals	Lick
70.86175	0.10000000000000853	TimeIntervals	Lick
70.99500000000002	0.06674999999998477	TimeIntervals	Lick
71.09500000000001	0.09999999999999432	TimeIntervals	Lick
71.22850000000001	0.09999999999999432	TimeIntervals	Lick
71.36175	0.10000000000000853	TimeIntervals	Lick
71.49500000000002	0.06674999999998477	TimeIntervals	Lick
71.6285	0.20000000000000284	TimeIntervals	Lick
71.9285	0.333500000000015	TimeIntervals	Lick
72.3285	0.09999999999999432	TimeIntervals	Lick
72.462	0.13325000000000387	TimeIntervals	Lick
72.6285	0.10000000000000853	TimeIntervals	Lick
72.79525	0.06674999999999898	TimeIntervals	Lick
73.4955	0.09999999999999432	TimeIntervals	Lick
73.6955	0.10000000000000853	TimeIntervals	Lick
73.9955	0.09999999999999432	TimeIntervals	Lick
74.229	0.06650000000000489	TimeIntervals	Lick
74.3955	0.10000000000000853	TimeIntervals	Lick
74.56225	0.10000000000000853	TimeIntervals	Lick
74.76225	0.06674999999999898	TimeIntervals	Lick
74.9955	0.06674999999999898	TimeIntervals	Lick
75.39575	0.10000000000000853	TimeIntervals	Lick
75.59575000000001	0.09999999999999432	TimeIntervals	Lick
75.79575	0.10000000000000853	TimeIntervals	Lick
75.929	0.06675000000001319	TimeIntervals	Lick
76.52924999999999	0.10000000000002274	TimeIntervals	Lick
77.82949999999998	0.1332500000000323	TimeIntervals	Lick
78.16275000000002	0.19999999999998863	TimeIntervals	Lick
79.09625000000001	0.19999999999998863	TimeIntervals	Lick
79.363	0.06650000000000489	TimeIntervals	Lick
80.42975000000001	0.0999999999999801	TimeIntervals	Lick
81.46325000000002	0.09999999999999432	TimeIntervals	Lick
81.63000000000001	0.09999999999999432	TimeIntervals	Lick
81.7965	0.13350000000001216	TimeIntervals	Lick
82.06350000000002	0.10000000000000853	TimeIntervals	Lick
82.56350000000002	0.10000000000000853	TimeIntervals	Lick
83.26350000000001	0.13349999999998374	TimeIntervals	Lick
83.597	0.10000000000000853	TimeIntervals	Lick
83.83024999999999	0.06674999999999898	TimeIntervals	Lick
84.49700000000001	0.19999999999998863	TimeIntervals	Lick
85.66400000000002	0.09999999999999432	TimeIntervals	Lick
86.864	0.13349999999998374	TimeIntervals	Lick
87.2975	0.10000000000000853	TimeIntervals	Lick
87.83099999999999	0.13325000000001808	TimeIntervals	Lick
89.06450000000001	0.06650000000000489	TimeIntervals	Lick
89.3645	0.13349999999999795	TimeIntervals	Lick
90.23125	0.06674999999998477	TimeIntervals	Lick
90.66475000000003	0.0999999999999801	TimeIntervals	Lick
91.865	0.10000000000000853	TimeIntervals	Lick
92.0315	0.06675000000001319	TimeIntervals	Lick
92.16500000000002	0.06649999999999068	TimeIntervals	Lick
92.26500000000001	0.0999999999999801	TimeIntervals	Lick
92.39824999999999	0.10000000000000853	TimeIntervals	Lick
92.5315	0.10000000000000853	TimeIntervals	Lick
92.66500000000002	0.06649999999999068	TimeIntervals	Lick
92.76500000000001	0.06674999999997056	TimeIntervals	Lick
92.865	0.10000000000000853	TimeIntervals	Lick
92.99850000000002	0.06649999999999068	TimeIntervals	Lick
93.0985	0.10000000000002274	TimeIntervals	Lick
93.23175	0.09999999999999432	TimeIntervals	Lick
93.365	0.06675000000001319	TimeIntervals	Lick
93.465	0.10000000000000853	TimeIntervals	Lick
93.5985	0.10000000000002274	TimeIntervals	Lick
93.73175	0.06674999999999898	TimeIntervals	Lick
93.83175	0.10025000000000261	TimeIntervals	Lick
93.96525000000001	0.09999999999999432	TimeIntervals	Lick
94.032	0.10000000000002274	TimeIntervals	Reward
94.0985	0.3999999999999915	TimeIntervals	Lick
94.56525	0.06675000000001319	TimeIntervals	Lick
94.66525000000001	0.09999999999999432	TimeIntervals	Lick
94.7985	0.06674999999999898	TimeIntervals	Lick
94.89850000000001	0.10025000000000261	TimeIntervals	Lick
95.032	0.10000000000002274	TimeIntervals	Lick
95.16550000000001	0.09999999999999432	TimeIntervals	Lick
95.29875000000001	0.09999999999999432	TimeIntervals	Lick
95.432	0.09999999999999432	TimeIntervals	Lick
95.56550000000001	0.09999999999999432	TimeIntervals	Lick
95.69875000000002	0.09999999999999432	TimeIntervals	Lick
95.832	0.10000000000000853	TimeIntervals	Lick
95.99875000000002	0.06674999999999898	TimeIntervals	Lick
96.099	0.10000000000002274	TimeIntervals	Lick
96.23225000000001	0.09999999999999432	TimeIntervals	Lick
96.3655	0.10000000000002274	TimeIntervals	Lick
96.49900000000001	0.09999999999999432	TimeIntervals	Lick
96.63225	0.10000000000000853	TimeIntervals	Lick
96.7655	0.09999999999999432	TimeIntervals	Lick
96.899	0.10000000000000853	TimeIntervals	Lick
97.03224999999999	0.10000000000000853	TimeIntervals	Lick
97.16550000000001	0.10025000000000261	TimeIntervals	Lick
97.29899999999999	0.10000000000000853	TimeIntervals	Lick
97.43250000000002	0.0999999999999801	TimeIntervals	Lick
97.599	0.19999999999998863	TimeIntervals	Lick
97.86575	0.10000000000000853	TimeIntervals	Lick
97.99900000000001	0.09999999999999432	TimeIntervals	Lick
98.13250000000001	0.09999999999999432	TimeIntervals	Lick
98.26600000000002	0.0999999999999801	TimeIntervals	Lick
98.39925000000001	0.10000000000000853	TimeIntervals	Lick
98.5325	0.3335000000000008	TimeIntervals	Lick
98.93250000000002	0.06674999999999898	TimeIntervals	Lick
99.0325	0.8002499999999912	TimeIntervals	Lick
99.866	0.7669999999999959	TimeIntervals	Lick
100.66625	1.0002500000000083	TimeIntervals	Lick
101.0995	0.10000000000000853	TimeIntervals	Reward
101.69975	0.06675000000001319	TimeIntervals	Lick
101.79975	0.09999999999999432	TimeIntervals	Lick
101.933	0.09999999999999432	TimeIntervals	Lick
102.06650000000002	0.06649999999997647	TimeIntervals	Lick
102.16650000000001	0.09999999999999432	TimeIntervals	Lick
102.29975	0.09999999999999432	TimeIntervals	Lick
102.433	0.09999999999999432	TimeIntervals	Lick
102.56650000000002	0.19999999999998863	TimeIntervals	Lick
102.8	0.10000000000002274	TimeIntervals	Lick
102.93325000000002	0.09999999999999432	TimeIntervals	Lick
103.43325000000002	0.06674999999998477	TimeIntervals	Lick
103.56650000000002	0.06674999999999898	TimeIntervals	Lick
103.66650000000001	0.1002499999999884	TimeIntervals	Lick
103.8	0.10000000000002274	TimeIntervals	Lick
103.9335	0.10000000000000853	TimeIntervals	Lick
104.06675000000001	0.10000000000000853	TimeIntervals	Lick
104.23349999999999	0.06650000000000489	TimeIntervals	Lick
104.36675000000001	0.06674999999998477	TimeIntervals	Lick
104.46675	0.06674999999999898	TimeIntervals	Lick
104.8335	0.06674999999999898	TimeIntervals	Lick
104.9335	0.10000000000000853	TimeIntervals	Lick
105.06700000000001	0.10000000000000853	TimeIntervals	Lick
105.20025000000001	0.06674999999998477	TimeIntervals	Lick
105.3335	0.20000000000000284	TimeIntervals	Lick
105.56700000000001	0.10000000000000853	TimeIntervals	Lick
105.70025000000001	0.09999999999999432	TimeIntervals	Lick
105.8335	0.09999999999999432	TimeIntervals	Lick
105.96700000000001	0.09999999999999432	TimeIntervals	Lick
106.10050000000001	0.10000000000000853	TimeIntervals	Lick
106.23375	0.10000000000000853	TimeIntervals	Lick
106.36700000000002	0.09999999999999432	TimeIntervals	Lick
106.53375	0.3332500000000209	TimeIntervals	Lick
106.90050000000001	0.0999999999999801	TimeIntervals	Lick
107.034	0.10000000000000853	TimeIntervals	Lick
107.16725000000002	0.09999999999999432	TimeIntervals	Lick
107.33399999999999	0.0665000000000191	TimeIntervals	Lick
107.46725	0.09999999999999432	TimeIntervals	Lick
107.63400000000001	0.3332499999999925	TimeIntervals	Lick
108.00049999999999	0.10000000000002274	TimeIntervals	Lick
108.10050000000001	0.06700000000000728	TimeIntervals	Reward
108.13400000000001	0.0999999999999801	TimeIntervals	Lick
108.26750000000001	0.20000000000000284	TimeIntervals	Lick
108.50075000000001	0.19999999999998863	TimeIntervals	Lick
108.76750000000001	0.06649999999997647	TimeIntervals	Lick
108.90075000000002	0.06674999999999898	TimeIntervals	Lick
109.00075000000001	0.09999999999999432	TimeIntervals	Lick
109.13400000000001	0.0999999999999801	TimeIntervals	Lick
109.26750000000001	0.09999999999999432	TimeIntervals	Lick
109.40100000000001	0.23324999999999818	TimeIntervals	Lick
109.66750000000002	0.09999999999999432	TimeIntervals	Lick
109.801	0.10000000000000853	TimeIntervals	Lick
109.96750000000002	0.06674999999997056	TimeIntervals	Lick
110.101	0.03325000000000955	TimeIntervals	Lick
110.20100000000001	0.06650000000000489	TimeIntervals	Lick
110.301	0.10000000000000853	TimeIntervals	Lick
110.46775000000002	0.19999999999998863	TimeIntervals	Lick
110.7345	0.06650000000000489	TimeIntervals	Lick
110.86775	0.2667500000000018	TimeIntervals	Lick
111.16775000000001	0.03324999999999534	TimeIntervals	Lick
111.26775	0.09999999999999432	TimeIntervals	Lick
111.40100000000001	0.10025000000001683	TimeIntervals	Lick
111.5345	0.10000000000000853	TimeIntervals	Lick
111.70125	0.09999999999999432	TimeIntervals	Lick
111.868	0.0665000000000191	TimeIntervals	Lick
112.00125000000003	0.0999999999999659	TimeIntervals	Lick
112.1345	0.09999999999999432	TimeIntervals	Lick
112.30125	0.30024999999999125	TimeIntervals	Lick
112.66800000000002	0.06674999999998477	TimeIntervals	Lick
112.8015	0.10000000000000853	TimeIntervals	Lick
112.968	0.06674999999999898	TimeIntervals	Lick
113.13475	0.03325000000002376	TimeIntervals	Lick
113.23475	0.09999999999999432	TimeIntervals	Lick
113.368	0.06675000000001319	TimeIntervals	Lick
113.468	0.10000000000000853	TimeIntervals	Lick
113.7015	0.03350000000000364	TimeIntervals	Lick
113.76825000000001	0.06674999999998477	TimeIntervals	Lick
113.90150000000001	0.10000000000000853	TimeIntervals	Lick
114.06824999999999	0.06675000000001319	TimeIntervals	Lick
114.235	0.3332499999999925	TimeIntervals	Lick
114.60149999999999	0.10000000000000853	TimeIntervals	Lick
114.7685	0.06649999999999068	TimeIntervals	Lick
114.935	0.20000000000000284	TimeIntervals	Lick
115.20175	0.13324999999998965	TimeIntervals	Lick
115.3685	0.10000000000000853	TimeIntervals	Lick
115.535	0.10000000000000853	TimeIntervals	Lick
115.66850000000001	0.166499999999985	TimeIntervals	Lick
115.93525	0.2667500000000018	TimeIntervals	Lick
116.2685	0.06674999999997056	TimeIntervals	Lick
116.3685	0.10000000000000853	TimeIntervals	Lick
116.5685	0.10000000000000853	TimeIntervals	Lick
116.73525	0.06675000000001319	TimeIntervals	Lick
116.96875000000001	0.09999999999999432	TimeIntervals	Lick
117.10200000000002	0.36674999999999613	TimeIntervals	Lick
117.5355	0.09999999999999432	TimeIntervals	Lick
117.702	0.10000000000000853	TimeIntervals	Lick
117.83549999999998	0.1332500000000323	TimeIntervals	Lick
118.2355	0.23350000000000648	TimeIntervals	Lick
118.76900000000002	0.0999999999999801	TimeIntervals	Lick
118.9355	0.06674999999999898	TimeIntervals	Lick
119.73575000000001	0.23324999999999818	TimeIntervals	Lick
120.03575	0.06675000000001319	TimeIntervals	Lick
120.2025	0.06675000000001319	TimeIntervals	Lick
120.43599999999999	0.20000000000000284	TimeIntervals	Lick
120.66925000000002	0.06674999999998477	TimeIntervals	Lick
120.86925000000001	0.03324999999999534	TimeIntervals	Lick
121.1025	0.06675000000001319	TimeIntervals	Lick
121.76950000000001	0.06650000000000489	TimeIntervals	Lick
122.30275	0.20025000000001114	TimeIntervals	Lick
122.703	0.03325000000000955	TimeIntervals	Lick
122.803	0.10000000000000853	TimeIntervals	Lick
123.13625	0.10000000000000853	TimeIntervals	Reward
123.303	0.26675000000001603	TimeIntervals	Lick
123.60300000000002	0.06674999999999898	TimeIntervals	Lick
123.703	0.09999999999999432	TimeIntervals	Lick
123.8365	0.06650000000000489	TimeIntervals	Lick
123.96975	0.06674999999999898	TimeIntervals	Lick
124.10300000000002	0.06674999999999898	TimeIntervals	Lick
124.203	0.20000000000000284	TimeIntervals	Lick
124.43650000000001	0.09999999999999432	TimeIntervals	Lick
124.56975000000001	0.10025000000000261	TimeIntervals	Lick
124.70325000000001	0.06674999999998477	TimeIntervals	Lick
124.80324999999999	0.20000000000000284	TimeIntervals	Lick
125.0365	0.10000000000000853	TimeIntervals	Lick
125.20325000000001	0.06674999999998477	TimeIntervals	Lick
125.30324999999999	0.10000000000000853	TimeIntervals	Lick
125.43650000000001	0.09999999999999432	TimeIntervals	Lick
125.57000000000004	0.23349999999994964	TimeIntervals	Lick
125.87000000000002	0.06674999999999898	TimeIntervals	Lick
126.0035	0.10000000000000853	TimeIntervals	Lick
126.13675000000002	0.06674999999998477	TimeIntervals	Lick
126.23675	0.10000000000000853	TimeIntervals	Lick
126.37000000000002	0.10000000000000853	TimeIntervals	Lick
126.5035	0.10000000000000853	TimeIntervals	Lick
126.63675000000002	0.0999999999999801	TimeIntervals	Lick
126.77	0.23350000000000648	TimeIntervals	Lick
127.03700000000002	0.10000000000000853	TimeIntervals	Lick
127.2035	0.0999999999999801	TimeIntervals	Lick
127.33699999999999	0.3332500000000209	TimeIntervals	Lick
127.73699999999998	0.10000000000000853	TimeIntervals	Lick
128.037	0.06674999999998477	TimeIntervals	Lick
128.20374999999999	0.06675000000001319	TimeIntervals	Lick
128.33700000000002	0.09999999999999432	TimeIntervals	Lick
128.5705	0.19999999999998863	TimeIntervals	Lick
128.83700000000002	0.06674999999998477	TimeIntervals	Lick
128.937	0.06699999999997885	TimeIntervals	Lick
129.104	0.03324999999998113	TimeIntervals	Lick
129.2705	0.06675000000001319	TimeIntervals	Lick
129.37050000000002	0.3667499999999393	TimeIntervals	Lick
129.90400000000002	0.06649999999999068	TimeIntervals	Lick
130.13749999999996	0.33325000000004934	TimeIntervals	Lick
130.53750000000002	0.09999999999993747	TimeIntervals	Lick
130.87075000000004	0.0999999999999659	TimeIntervals	Lick
131.03750000000002	0.09999999999993747	TimeIntervals	Lick
131.204	0.06699999999997885	TimeIntervals	Lick
131.50425	0.0999999999999659	TimeIntervals	Lick
131.83749999999998	0.06675000000004161	TimeIntervals	Lick
132.03750000000002	0.23349999999996385	TimeIntervals	Lick
132.471	0.06674999999998477	TimeIntervals	Lick
132.87100000000004	0.06674999999995634	TimeIntervals	Lick
133.03775	0.06675000000001319	TimeIntervals	Lick
133.37100000000004	0.06699999999995043	TimeIntervals	Lick
133.6045	0.09999999999999432	TimeIntervals	Lick
133.9045	0.13349999999999795	TimeIntervals	Lick
134.80474999999998	0.10000000000005116	TimeIntervals	Lick
135.1715	0.06649999999999068	TimeIntervals	Lick
135.33800000000002	0.06675000000001319	TimeIntervals	Lick
135.4715	0.10000000000002274	TimeIntervals	Lick
135.63825	0.06675000000001319	TimeIntervals	Lick
135.7715	0.10000000000002274	TimeIntervals	Lick
135.90500000000003	0.0999999999999659	TimeIntervals	Lick
136.03825	0.09999999999999432	TimeIntervals	Lick
136.205	0.06649999999999068	TimeIntervals	Lick
136.30499999999998	0.10000000000005116	TimeIntervals	Lick
136.43825	0.09999999999999432	TimeIntervals	Lick
136.57150000000001	0.09999999999999432	TimeIntervals	Lick
136.705	0.09999999999999432	TimeIntervals	Lick
136.83850000000004	0.06649999999999068	TimeIntervals	Lick
136.97175000000001	0.09999999999999432	TimeIntervals	Lick
137.105	0.10000000000002274	TimeIntervals	Lick
137.13850000000002	0.06649999999999068	TimeIntervals	Reward
137.23850000000002	0.1999999999999602	TimeIntervals	Lick
137.47175000000001	0.09999999999999432	TimeIntervals	Lick
137.605	0.10000000000002274	TimeIntervals	Lick
137.73850000000002	0.06675000000001319	TimeIntervals	Lick
137.83850000000004	0.09999999999993747	TimeIntervals	Lick
137.972	0.09999999999999432	TimeIntervals	Lick
138.10525	0.09999999999999432	TimeIntervals	Lick
138.23850000000002	0.1999999999999602	TimeIntervals	Lick
138.472	0.09999999999999432	TimeIntervals	Lick
138.60525	0.09999999999999432	TimeIntervals	Lick
138.73850000000002	0.10000000000002274	TimeIntervals	Lick
138.872	0.09999999999999432	TimeIntervals	Lick
139.00549999999998	0.09999999999999432	TimeIntervals	Lick
139.13875000000002	0.0999999999999659	TimeIntervals	Lick
139.27200000000002	0.09999999999999432	TimeIntervals	Lick
139.4055	0.09999999999999432	TimeIntervals	Lick
139.572	0.16674999999997908	TimeIntervals	Lick
139.80550000000005	0.09999999999993747	TimeIntervals	Lick
139.93875	0.1002499999999884	TimeIntervals	Lick
140.10549999999998	0.06675000000004161	TimeIntervals	Lick
140.239	0.06650000000004752	TimeIntervals	Lick
140.47225	0.09999999999999432	TimeIntervals	Lick
140.60549999999998	0.06675000000004161	TimeIntervals	Lick
140.739	0.06650000000004752	TimeIntervals	Lick
140.87225	0.06674999999998477	TimeIntervals	Lick
140.97225	0.2335000000000207	TimeIntervals	Lick
141.27250000000004	0.0999999999999659	TimeIntervals	Lick
141.50574999999998	0.1332500000000323	TimeIntervals	Lick
141.739	0.10000000000002274	TimeIntervals	Lick
141.90575	0.0999999999999659	TimeIntervals	Lick
142.606	0.06649999999999068	TimeIntervals	Lick
142.97250000000003	0.0999999999999659	TimeIntervals	Lick
143.13925	0.06675000000001319	TimeIntervals	Lick
143.53949999999998	0.10000000000002274	TimeIntervals	Lick
143.67275	0.06674999999998477	TimeIntervals	Lick
143.97275000000002	0.0999999999999659	TimeIntervals	Lick
144.27275000000003	0.1002499999999884	TimeIntervals	Lick
144.473	0.06649999999996226	TimeIntervals	Lick
144.87300000000002	0.0665000000000191	TimeIntervals	Lick
145.173	0.10000000000002274	TimeIntervals	Reward
145.27300000000002	0.39999999999997726	TimeIntervals	Lick
145.7065	0.10000000000002274	TimeIntervals	Lick
145.83975000000004	0.06674999999998477	TimeIntervals	Lick
145.93975	0.09999999999999432	TimeIntervals	Lick
146.10649999999998	0.0665000000000191	TimeIntervals	Lick
146.2065	0.20000000000001705	TimeIntervals	Lick
146.43975	0.09999999999999432	TimeIntervals	Lick
146.573	0.1002499999999884	TimeIntervals	Lick
146.7065	0.10000000000002274	TimeIntervals	Lick
146.84000000000003	0.06649999999999068	TimeIntervals	Lick
146.94	0.09999999999999432	TimeIntervals	Lick
147.07324999999997	0.10000000000002274	TimeIntervals	Lick
147.2065	0.10000000000002274	TimeIntervals	Lick
147.34000000000003	0.0999999999999659	TimeIntervals	Lick
147.47325000000004	0.2002499999999543	TimeIntervals	Lick
147.70675	0.4000000000000057	TimeIntervals	Lick
148.1735	0.0665000000000191	TimeIntervals	Lick
148.60675	0.09999999999999432	TimeIntervals	Lick
148.74	0.10025000000001683	TimeIntervals	Lick
148.8735	0.10000000000002274	TimeIntervals	Lick
149.007	0.26650000000000773	TimeIntervals	Lick
149.30700000000002	0.09999999999999432	TimeIntervals	Lick
149.44025	0.06675000000001319	TimeIntervals	Lick
149.5735	0.09999999999999432	TimeIntervals	Lick
149.74025	0.10025000000001683	TimeIntervals	Lick
149.907	0.06675000000001319	TimeIntervals	Lick
150.04050000000004	0.09999999999993747	TimeIntervals	Lick
150.20700000000002	0.09999999999999432	TimeIntervals	Lick
150.34050000000002	0.0999999999999659	TimeIntervals	Lick
150.47375000000002	0.09999999999999432	TimeIntervals	Lick
150.607	0.10000000000002274	TimeIntervals	Lick
150.77375	0.06675000000001319	TimeIntervals	Lick
150.907	0.06700000000000728	TimeIntervals	Lick
151.04050000000004	0.09999999999993747	TimeIntervals	Lick
151.174	0.10000000000002274	TimeIntervals	Lick
151.34050000000002	0.06674999999998477	TimeIntervals	Lick
151.47400000000002	0.0665000000000191	TimeIntervals	Lick
151.60725	0.06675000000001319	TimeIntervals	Lick
151.7405	0.10000000000002274	TimeIntervals	Lick
151.87400000000002	0.09999999999999432	TimeIntervals	Lick
152.00725	0.20025000000001114	TimeIntervals	Lick
152.174	0.10000000000002274	TimeIntervals	Reward
152.24075000000002	0.39999999999997726	TimeIntervals	Lick
152.674	0.10000000000002274	TimeIntervals	Lick
152.8075	0.0665000000000191	TimeIntervals	Lick
152.94075	0.06675000000001319	TimeIntervals	Lick
153.074	0.06699999999995043	TimeIntervals	Lick
153.2075	0.06674999999998477	TimeIntervals	Lick
153.34100000000004	0.06649999999996226	TimeIntervals	Lick
153.47425	0.06674999999998477	TimeIntervals	Lick
153.57425	0.09999999999999432	TimeIntervals	Lick
153.7075	0.09999999999999432	TimeIntervals	Lick
153.84100000000004	0.09999999999993747	TimeIntervals	Lick
153.97425	0.09999999999999432	TimeIntervals	Lick
154.1075	0.06675000000001319	TimeIntervals	Lick
154.2075	0.10025000000001683	TimeIntervals	Lick
154.34100000000004	0.13349999999996953	TimeIntervals	Lick
154.541	0.06674999999998477	TimeIntervals	Lick
154.64099999999996	0.10000000000005116	TimeIntervals	Lick
154.77450000000002	2.7002499999999827	TimeIntervals	Lick
157.508	0.23349999999999227	TimeIntervals	Lick
157.84150000000002	0.06674999999995634	TimeIntervals	Lick
157.97500000000002	0.06649999999999068	TimeIntervals	Lick
158.075	0.26650000000003615	TimeIntervals	Lick
158.40824999999998	0.10000000000002274	TimeIntervals	Lick
158.74175000000002	0.09999999999999432	TimeIntervals	Lick
158.87500000000003	0.09999999999999432	TimeIntervals	Lick
159.04174999999998	0.06674999999998477	TimeIntervals	Lick
159.175	0.10000000000002274	TimeIntervals	Lick
159.50850000000003	0.06649999999996226	TimeIntervals	Lick
159.74200000000002	0.26650000000000773	TimeIntervals	Lick
160.07525000000004	0.0999999999999659	TimeIntervals	Lick
160.342	0.13324999999997544	TimeIntervals	Lick
160.54199999999997	0.10000000000002274	TimeIntervals	Lick
160.74200000000002	0.13349999999999795	TimeIntervals	Lick
160.942	0.13349999999996953	TimeIntervals	Lick
161.10875	0.10000000000005116	TimeIntervals	Lick
161.27550000000005	0.13324999999994702	TimeIntervals	Lick
161.4755	0.0999999999999659	TimeIntervals	Lick
161.642	0.06675000000004161	TimeIntervals	Lick
161.77550000000005	0.0999999999999659	TimeIntervals	Lick
161.942	0.1002499999999884	TimeIntervals	Lick
162.109	0.06649999999999068	TimeIntervals	Lick
162.24225	0.06675000000001319	TimeIntervals	Lick
162.37550000000002	0.06674999999998477	TimeIntervals	Lick
162.50900000000001	0.06649999999996226	TimeIntervals	Lick
162.90899999999996	0.26675000000003024	TimeIntervals	Lick
163.209	0.10000000000002274	TimeIntervals	Lick
163.47575	0.19999999999998863	TimeIntervals	Lick
163.709	0.06675000000004161	TimeIntervals	Lick
163.97575	0.03325000000000955	TimeIntervals	Lick
164.109	0.06700000000000728	TimeIntervals	Lick
164.2425	0.10000000000002274	TimeIntervals	Lick
164.5425	0.06675000000001319	TimeIntervals	Lick
164.9425	0.09999999999999432	TimeIntervals	Lick
165.20950000000002	0.13325000000000387	TimeIntervals	Lick
165.4095	0.06649999999996226	TimeIntervals	Lick
165.94275	0.06675000000001319	TimeIntervals	Lick
166.14275	0.06675000000001319	TimeIntervals	Lick
166.9095	0.09999999999999432	TimeIntervals	Lick
167.20950000000002	0.0999999999999659	TimeIntervals	Lick
168.54325	0.06675000000001319	TimeIntervals	Lick
169.11	0.166499999999985	TimeIntervals	Lick
169.77675000000002	0.0999999999999659	TimeIntervals	Lick
170.57675	0.10000000000002274	TimeIntervals	Lick
170.87700000000004	0.0999999999999659	TimeIntervals	Lick
171.177	0.10000000000005116	TimeIntervals	Lick
171.477	0.09999999999999432	TimeIntervals	Lick
171.61025	0.10000000000002274	TimeIntervals	Lick
172.34375000000003	0.0999999999999659	TimeIntervals	Lick
172.84375000000003	0.1002499999999884	TimeIntervals	Lick
173.1105	0.10000000000002274	TimeIntervals	Lick
173.27725000000004	0.06675000000001319	TimeIntervals	Lick
173.41049999999998	0.2335000000000207	TimeIntervals	Lick
173.71050000000002	0.06675000000001319	TimeIntervals	Lick
173.91049999999998	0.10000000000002274	TimeIntervals	Lick
174.0775	0.4332499999999868	TimeIntervals	Lick
175.511	0.06649999999999068	TimeIntervals	Lick
175.6775	0.10000000000002274	TimeIntervals	Lick
176.0775	0.06675000000001319	TimeIntervals	Lick
177.211	0.13349999999999795	TimeIntervals	Lick
177.41125000000002	0.09999999999999432	TimeIntervals	Lick
177.578	0.0665000000000191	TimeIntervals	Lick
177.8445	0.19999999999998863	TimeIntervals	Lick
178.078	0.0665000000000191	TimeIntervals	Lick
178.84475	0.06675000000001319	TimeIntervals	Lick
179.34475	0.09999999999999432	TimeIntervals	Lick
179.84500000000003	0.09999999999999432	TimeIntervals	Lick
180.71175	0.06675000000004161	TimeIntervals	Lick
181.31175000000002	0.09999999999999432	TimeIntervals	Lick
182.3785	0.10000000000002274	TimeIntervals	Lick
182.54525	0.06674999999998477	TimeIntervals	Lick
182.6785	0.10000000000002274	TimeIntervals	Lick
182.812	0.09999999999999432	TimeIntervals	Lick
182.9455	0.09999999999999432	TimeIntervals	Lick
183.07875	0.06674999999998477	TimeIntervals	Lick
183.17874999999998	0.10000000000002274	TimeIntervals	Lick
183.312	0.06675000000001319	TimeIntervals	Lick
183.412	0.09999999999999432	TimeIntervals	Lick
183.5455	0.09999999999999432	TimeIntervals	Lick
183.67874999999998	0.06675000000004161	TimeIntervals	Lick
183.77875	0.10025000000001683	TimeIntervals	Lick
183.91225	0.10000000000002274	TimeIntervals	Lick
184.0455	0.09999999999999432	TimeIntervals	Lick
184.21225	0.06675000000001319	TimeIntervals	Lick
184.27900000000002	0.03325000000000955	TimeIntervals	Reward
184.34550000000002	0.06674999999998477	TimeIntervals	Lick
184.4455	0.19999999999998863	TimeIntervals	Lick
184.679	0.0665000000000191	TimeIntervals	Lick
184.77900000000002	0.19999999999998863	TimeIntervals	Lick
185.01250000000002	0.09999999999999432	TimeIntervals	Lick
185.14575000000002	0.09999999999999432	TimeIntervals	Lick
185.27900000000002	0.09999999999999432	TimeIntervals	Lick
185.41250000000002	0.06649999999999068	TimeIntervals	Lick
185.51250000000002	0.09999999999999432	TimeIntervals	Lick
185.64575000000002	0.09999999999999432	TimeIntervals	Lick
185.77900000000002	0.09999999999999432	TimeIntervals	Lick
185.91250000000002	0.09999999999999432	TimeIntervals	Lick
186.04575000000003	0.1002499999999884	TimeIntervals	Lick
186.17925	0.06675000000007003	TimeIntervals	Lick
186.31250000000003	0.09999999999999432	TimeIntervals	Lick
186.44600000000003	0.09999999999999432	TimeIntervals	Lick
186.57925000000003	0.0999999999999659	TimeIntervals	Lick
186.71249999999998	0.20000000000004547	TimeIntervals	Lick
186.97924999999998	0.06675000000004161	TimeIntervals	Lick
187.24600000000007	0.06674999999995634	TimeIntervals	Lick
187.346	0.10000000000002274	TimeIntervals	Lick
187.47950000000003	0.13324999999997544	TimeIntervals	Lick
187.646	0.10000000000007958	TimeIntervals	Lick
187.81275000000002	0.5002499999999941	TimeIntervals	Lick
188.71300000000002	0.166499999999985	TimeIntervals	Lick
188.94625	0.10000000000002274	TimeIntervals	Lick
189.113	0.10000000000002274	TimeIntervals	Lick
189.3795	0.06700000000000728	TimeIntervals	Lick
189.51299999999998	0.06675000000004161	TimeIntervals	Lick
189.91300000000004	0.09999999999993747	TimeIntervals	Lick
190.07975000000002	0.13325000000000387	TimeIntervals	Lick
190.94650000000001	0.06675000000001319	TimeIntervals	Lick
191.78000000000003	0.23349999999999227	TimeIntervals	Lick
192.1135	0.10000000000005116	TimeIntervals	Lick
192.31349999999998	0.2332500000000266	TimeIntervals	Lick
193.1135	0.06674999999998477	TimeIntervals	Lick
193.31349999999998	0.26675000000003024	TimeIntervals	Lick
194.1805	0.29999999999998295	TimeIntervals	Lick
195.24725	0.10000000000005116	TimeIntervals	Lick
195.514	0.0665000000000191	TimeIntervals	Lick
195.94725	0.13350000000002638	TimeIntervals	Lick
196.18075	0.06675000000001319	TimeIntervals	Lick
196.414	0.06675000000001319	TimeIntervals	Lick
196.814	0.06675000000001319	TimeIntervals	Lick
197.881	0.06649999999999068	TimeIntervals	Lick
198.24775	0.10000000000002274	TimeIntervals	Lick
199.21450000000002	0.09999999999999432	TimeIntervals	Lick
200.948	0.09999999999999432	TimeIntervals	Lick
201.28150000000005	0.0999999999999659	TimeIntervals	Lick
202.44824999999997	0.06675000000001319	TimeIntervals	Lick
202.58175	0.06674999999998477	TimeIntervals	Lick
202.715	0.06675000000001319	TimeIntervals	Lick
202.84850000000003	0.06649999999996226	TimeIntervals	Lick
202.9485	0.09999999999999432	TimeIntervals	Lick
203.08175	0.10000000000002274	TimeIntervals	Lick
203.215	0.10000000000002274	TimeIntervals	Lick
203.34850000000003	0.06649999999996226	TimeIntervals	Lick
203.4485	0.09999999999999432	TimeIntervals	Lick
203.58175	0.06674999999998477	TimeIntervals	Lick
203.71525	0.06675000000001319	TimeIntervals	Lick
203.81525000000002	0.09999999999999432	TimeIntervals	Lick
203.9485	0.06674999999998477	TimeIntervals	Lick
204.0485	0.09999999999999432	TimeIntervals	Lick
204.182	0.0665000000000191	TimeIntervals	Lick
204.282	0.09999999999999432	TimeIntervals	Reward
204.31525000000002	0.06674999999998477	TimeIntervals	Lick
204.41525000000001	0.5002500000000225	TimeIntervals	Lick
204.94875000000002	0.09999999999999432	TimeIntervals	Lick
205.08200000000002	0.06674999999998477	TimeIntervals	Lick
205.2155	0.06650000000004752	TimeIntervals	Lick
205.31550000000001	0.10000000000002274	TimeIntervals	Lick
205.44875000000002	0.09999999999999432	TimeIntervals	Lick
205.58200000000002	0.06674999999998477	TimeIntervals	Lick
205.682	0.10000000000005116	TimeIntervals	Lick
205.81550000000001	0.10000000000002274	TimeIntervals	Lick
205.98225000000002	0.06674999999998477	TimeIntervals	Lick
206.08225	0.10000000000002274	TimeIntervals	Lick
206.2155	0.10000000000002274	TimeIntervals	Lick
206.38225000000003	0.06674999999998477	TimeIntervals	Lick
206.51549999999997	0.06675000000001319	TimeIntervals	Lick
206.649	0.06649999999999068	TimeIntervals	Lick
206.74900000000002	0.09999999999999432	TimeIntervals	Lick
206.88225000000003	0.10025000000001683	TimeIntervals	Lick
207.01575	0.0999999999999659	TimeIntervals	Lick
207.149	0.10000000000002274	TimeIntervals	Lick
207.28250000000003	0.09999999999999432	TimeIntervals	Lick
207.41575	0.09999999999999432	TimeIntervals	Lick
207.549	0.09999999999999432	TimeIntervals	Lick
207.6825	0.10000000000002274	TimeIntervals	Lick
207.81575000000004	0.0999999999999659	TimeIntervals	Lick
207.949	0.06674999999998477	TimeIntervals	Lick
208.049	0.1002499999999884	TimeIntervals	Lick
208.1825	0.10000000000002274	TimeIntervals	Lick
208.31600000000003	0.13324999999997544	TimeIntervals	Lick
208.516	0.0665000000000191	TimeIntervals	Lick
208.64925	0.06675000000004161	TimeIntervals	Lick
208.916	0.06650000000004752	TimeIntervals	Lick
209.016	0.09999999999999432	TimeIntervals	Lick
209.1495	0.1332500000000323	TimeIntervals	Lick
209.31600000000003	0.0999999999999659	TimeIntervals	Lick
209.4495	0.1332500000000323	TimeIntervals	Lick
209.61599999999999	0.06675000000001319	TimeIntervals	Lick
209.71600000000004	0.09999999999999432	TimeIntervals	Lick
209.88275000000004	0.266749999999945	TimeIntervals	Lick
210.21600000000004	0.06699999999997885	TimeIntervals	Lick
210.31625000000003	0.13324999999997544	TimeIntervals	Lick
210.483	0.10000000000002274	TimeIntervals	Lick
210.61625	0.20000000000001705	TimeIntervals	Lick
210.91625	0.06675000000001319	TimeIntervals	Lick
211.3495	0.06700000000000728	TimeIntervals	Lick
211.483	0.10000000000002274	TimeIntervals	Lick
211.64975	0.09999999999999432	TimeIntervals	Lick
211.8165	0.06650000000004752	TimeIntervals	Lick
211.9165	0.16650000000001342	TimeIntervals	Lick
212.28300000000002	0.20025000000001114	TimeIntervals	Lick
212.58325000000002	0.06674999999995634	TimeIntervals	Lick
213.14999999999998	0.1332500000000323	TimeIntervals	Lick
213.38325	0.23349999999999227	TimeIntervals	Lick
213.6835	0.06649999999999068	TimeIntervals	Lick
213.81675	0.0999999999999659	TimeIntervals	Lick
214.25	0.29999999999998295	TimeIntervals	Lick
214.7835	0.10000000000002274	TimeIntervals	Lick
215.1835	0.06675000000001319	TimeIntervals	Lick
215.817	0.0999999999999659	TimeIntervals	Lick
216.017	0.06675000000001319	TimeIntervals	Lick
216.984	0.09999999999999432	TimeIntervals	Lick
217.15050000000002	0.20000000000001705	TimeIntervals	Lick
217.81725	0.1002499999999884	TimeIntervals	Lick
218.01749999999998	0.0665000000000191	TimeIntervals	Lick
218.15075000000002	0.09999999999999432	TimeIntervals	Lick
219.21750000000003	0.10000000000002274	TimeIntervals	Lick
219.351	0.06649999999999068	TimeIntervals	Lick
219.48425	0.06674999999998477	TimeIntervals	Lick
219.61749999999998	0.06675000000001319	TimeIntervals	Lick
219.75099999999998	0.06650000000007594	TimeIntervals	Lick
219.851	0.10000000000002274	TimeIntervals	Lick
219.98425	0.06674999999998477	TimeIntervals	Lick
220.11749999999998	0.0670000000000357	TimeIntervals	Lick
220.21775	0.09999999999999432	TimeIntervals	Lick
220.351	0.06675000000001319	TimeIntervals	Lick
220.45100000000002	0.0999999999999659	TimeIntervals	Lick
220.5845	0.0665000000000191	TimeIntervals	Lick
220.71775	0.06675000000001319	TimeIntervals	Lick
220.81775	0.06675000000001319	TimeIntervals	Lick
220.95100000000002	0.06674999999998477	TimeIntervals	Lick
221.051	0.06674999999998477	TimeIntervals	Lick
221.1845	0.06674999999998477	TimeIntervals	Lick
221.2845	0.09999999999999432	TimeIntervals	Lick
221.3845	0.033499999999975216	TimeIntervals	Reward
221.41799999999998	0.06650000000004752	TimeIntervals	Lick
221.518	0.19999999999998863	TimeIntervals	Lick
221.75125	0.06675000000001319	TimeIntervals	Lick
221.85125	0.10000000000002274	TimeIntervals	Lick
221.98450000000003	0.19999999999998863	TimeIntervals	Lick
222.218	0.10000000000002274	TimeIntervals	Lick
222.3515	0.10000000000002274	TimeIntervals	Lick
222.48475000000002	0.09999999999999432	TimeIntervals	Lick
222.618	0.09999999999999432	TimeIntervals	Lick
222.7515	0.09999999999999432	TimeIntervals	Lick
222.91799999999998	0.06675000000004161	TimeIntervals	Lick
223.0515	0.06649999999999068	TimeIntervals	Lick
223.18474999999998	0.06675000000001319	TimeIntervals	Lick
223.318	0.06675000000001319	TimeIntervals	Lick
223.41799999999998	0.10025000000001683	TimeIntervals	Lick
223.5515	0.09999999999999432	TimeIntervals	Lick
223.685	0.10000000000002274	TimeIntervals	Lick
223.81825	0.09999999999999432	TimeIntervals	Lick
223.985	0.06649999999999068	TimeIntervals	Lick
224.1515	0.06675000000001319	TimeIntervals	Lick
224.4515	0.23349999999999227	TimeIntervals	Lick
224.75175	0.06675000000001319	TimeIntervals	Lick
224.85175	0.09999999999999432	TimeIntervals	Lick
225.25175	0.20000000000001705	TimeIntervals	Lick
225.55175000000003	0.20025000000001114	TimeIntervals	Lick
225.8185	0.19999999999998863	TimeIntervals	Lick
226.08525	0.06675000000001319	TimeIntervals	Lick
226.58525	0.09999999999999432	TimeIntervals	Lick
226.7855	0.09999999999999432	TimeIntervals	Lick
226.91875000000002	0.0999999999999659	TimeIntervals	Lick
227.052	0.10000000000002274	TimeIntervals	Lick
227.25200000000004	0.266749999999945	TimeIntervals	Lick
227.552	0.10000000000002274	TimeIntervals	Lick
227.68550000000002	0.0999999999999659	TimeIntervals	Lick
227.819	0.10000000000002274	TimeIntervals	Lick
227.9855	0.2667500000000018	TimeIntervals	Lick
228.28549999999998	0.10000000000002274	TimeIntervals	Lick
228.419	0.09999999999999432	TimeIntervals	Lick
228.619	0.26650000000000773	TimeIntervals	Lick
228.919	0.9334999999999809	TimeIntervals	Lick
229.88574999999997	0.10025000000001683	TimeIntervals	Lick
230.01925	0.10000000000002274	TimeIntervals	Lick
230.1525	0.10000000000002274	TimeIntervals	Lick
230.3525	1.833500000000015	TimeIntervals	Lick
232.21950000000004	0.1999999999999602	TimeIntervals	Lick
232.51950000000002	0.20000000000001705	TimeIntervals	Lick
232.75300000000001	0.23324999999999818	TimeIntervals	Lick
233.05300000000003	0.19999999999998863	TimeIntervals	Lick
233.31975000000003	0.1999999999999602	TimeIntervals	Lick
233.5865	0.16650000000001342	TimeIntervals	Lick
233.78650000000002	0.13325000000000387	TimeIntervals	Lick
233.953	0.10000000000002274	TimeIntervals	Lick
234.0865	0.20000000000001705	TimeIntervals	Lick
234.35300000000004	0.2002499999999543	TimeIntervals	Lick
234.61999999999995	0.06650000000007594	TimeIntervals	Lick
234.75325000000004	0.06674999999995634	TimeIntervals	Lick
234.8865	0.06675000000001319	TimeIntervals	Lick
235.05325	0.06674999999995634	TimeIntervals	Lick
235.15324999999999	0.1332500000000323	TimeIntervals	Lick
235.42000000000002	0.09999999999999432	TimeIntervals	Lick
235.5535	0.0999999999999659	TimeIntervals	Lick
235.68675000000002	0.09999999999999432	TimeIntervals	Lick
235.98675000000003	0.16674999999995066	TimeIntervals	Lick
236.18675000000002	0.09999999999999432	TimeIntervals	Lick
236.48675000000003	0.10024999999995998	TimeIntervals	Lick
236.687	0.3332499999999925	TimeIntervals	Lick
237.187	0.16650000000001342	TimeIntervals	Lick
237.4535	0.06675000000001319	TimeIntervals	Lick
237.8205	0.16650000000004184	TimeIntervals	Lick
238.55374999999998	0.06675000000001319	TimeIntervals	Lick
238.787	0.20025000000001114	TimeIntervals	Lick
239.28725	0.06675000000001319	TimeIntervals	Lick
239.58725	0.30025000000000546	TimeIntervals	Lick
240.28750000000002	0.06649999999999068	TimeIntervals	Lick
240.45400000000004	0.23349999999996385	TimeIntervals	Lick
241.35425000000004	0.09999999999999432	TimeIntervals	Lick
241.58749999999995	0.10000000000005116	TimeIntervals	Lick
243.15449999999998	0.10000000000002274	TimeIntervals	Lick
243.35450000000003	0.06674999999998477	TimeIntervals	Lick
243.48800000000003	0.09999999999993747	TimeIntervals	Lick
243.62124999999997	0.10000000000002274	TimeIntervals	Lick
243.7545	0.10000000000002274	TimeIntervals	Lick
243.88799999999998	0.19999999999998863	TimeIntervals	Lick
244.12124999999997	0.10000000000002274	TimeIntervals	Lick
244.2545	0.06699999999997885	TimeIntervals	Lick
244.35474999999997	0.10000000000005116	TimeIntervals	Lick
244.48800000000003	0.06674999999998477	TimeIntervals	Lick
244.58799999999997	0.10000000000005116	TimeIntervals	Lick
244.72150000000002	0.0665000000000191	TimeIntervals	Lick
244.85474999999997	0.06675000000004161	TimeIntervals	Lick
244.95475000000002	0.09999999999999432	TimeIntervals	Lick
245.08799999999997	0.06675000000004161	TimeIntervals	Lick
245.22150000000002	0.0665000000000191	TimeIntervals	Lick
245.3215	0.10000000000002274	TimeIntervals	Lick
245.4215	0.09999999999999432	TimeIntervals	Reward
245.455	0.06649999999999068	TimeIntervals	Lick
245.555	0.29999999999998295	TimeIntervals	Lick
245.88824999999997	0.06675000000004161	TimeIntervals	Lick
245.98825	0.10000000000002274	TimeIntervals	Lick
246.12150000000003	0.1999999999999602	TimeIntervals	Lick
246.355	0.10000000000002274	TimeIntervals	Lick
246.48850000000002	0.0999999999999659	TimeIntervals	Lick
246.62175	0.10000000000002274	TimeIntervals	Lick
246.75500000000005	0.09999999999993747	TimeIntervals	Lick
246.88850000000002	0.09999999999999432	TimeIntervals	Lick
247.02174999999997	0.10000000000002274	TimeIntervals	Lick
247.15500000000003	0.06674999999998477	TimeIntervals	Lick
247.28850000000006	0.06649999999993383	TimeIntervals	Lick
247.42175	0.06675000000001319	TimeIntervals	Lick
247.555	0.0670000000000357	TimeIntervals	Lick
247.68849999999998	0.06675000000007003	TimeIntervals	Lick
247.82200000000006	0.06649999999996226	TimeIntervals	Lick
247.95525	0.06674999999995634	TimeIntervals	Lick
248.08849999999998	0.06675000000001319	TimeIntervals	Lick
248.222	0.06650000000004752	TimeIntervals	Lick
248.35525000000004	0.0999999999999659	TimeIntervals	Lick
248.52199999999996	0.0665000000000191	TimeIntervals	Lick
248.6555	0.2332500000000266	TimeIntervals	Lick
248.92200000000003	0.09999999999993747	TimeIntervals	Lick
249.0555	0.09999999999999432	TimeIntervals	Lick
249.222	0.06675000000004161	TimeIntervals	Lick
249.3555	0.10000000000002274	TimeIntervals	Lick
249.48874999999998	0.06675000000001319	TimeIntervals	Lick
249.58874999999998	0.10000000000002274	TimeIntervals	Lick
249.75550000000007	0.09999999999993747	TimeIntervals	Lick
249.88900000000004	0.09999999999993747	TimeIntervals	Lick
250.189	0.06650000000007594	TimeIntervals	Lick
250.32224999999997	0.06675000000007003	TimeIntervals	Lick
250.48899999999998	0.0665000000000191	TimeIntervals	Lick
250.6555	0.26700000000005275	TimeIntervals	Lick
251.38900000000004	0.06674999999995634	TimeIntervals	Lick
251.75575000000003	0.33349999999992974	TimeIntervals	Lick
252.456	0.10000000000002274	TimeIntervals	Lick
252.6225	0.10000000000002274	TimeIntervals	Lick
252.75600000000003	0.0999999999999659	TimeIntervals	Lick
252.956	0.10000000000002274	TimeIntervals	Lick
253.42275000000006	0.2332499999998845	TimeIntervals	Lick
254.22299999999998	0.06650000000004752	TimeIntervals	Lick
254.42300000000006	0.09999999999990905	TimeIntervals	Lick
254.92300000000006	0.06649999999999068	TimeIntervals	Lick
255.08949999999996	0.10000000000002274	TimeIntervals	Lick
256.4565	0.06674999999995634	TimeIntervals	Lick
256.65650000000005	0.09999999999990905	TimeIntervals	Lick
256.82325000000003	0.23324999999994134	TimeIntervals	Lick
257.22325	0.06675000000001319	TimeIntervals	Lick
257.7567499999999	0.10000000000007958	TimeIntervals	Lick
257.9235	0.06649999999996226	TimeIntervals	Lick
258.2567499999999	0.06675000000012687	TimeIntervals	Lick
258.39	0.06675000000001319	TimeIntervals	Lick
258.557	0.0999999999999659	TimeIntervals	Lick
258.7235	0.06674999999995634	TimeIntervals	Lick
258.8902499999999	0.26675000000005866	TimeIntervals	Lick
259.657	0.06675000000001319	TimeIntervals	Lick
259.75699999999995	0.13350000000002638	TimeIntervals	Lick
260.6905	0.13350000000002638	TimeIntervals	Lick
261.52399999999994	0.06650000000007594	TimeIntervals	Lick
261.79049999999995	0.10025000000001683	TimeIntervals	Lick
261.9239999999999	0.10000000000002274	TimeIntervals	Lick
262.09074999999996	0.06675000000001319	TimeIntervals	Lick
262.224	0.10000000000002274	TimeIntervals	Lick
262.4239999999999	0.06675000000001319	TimeIntervals	Lick
262.59074999999996	0.06675000000001319	TimeIntervals	Lick
262.7575	0.0665000000000191	TimeIntervals	Lick
262.89074999999997	0.10025000000001683	TimeIntervals	Lick
263.02424999999994	0.10000000000007958	TimeIntervals	Lick
263.191	0.0665000000000191	TimeIntervals	Lick
263.29099999999994	0.10000000000007958	TimeIntervals	Lick
263.4242499999999	0.10000000000002274	TimeIntervals	Lick
263.55749999999995	0.06675000000007003	TimeIntervals	Lick
263.691	0.0665000000000191	TimeIntervals	Lick
263.79099999999994	0.10000000000007958	TimeIntervals	Lick
263.9242499999999	0.06675000000007003	TimeIntervals	Lick
264.05774999999994	0.06675000000007003	TimeIntervals	Lick
264.191	0.06675000000001319	TimeIntervals	Lick
264.29099999999994	0.10000000000007958	TimeIntervals	Lick
264.4244999999999	0.06650000000007594	TimeIntervals	Lick
264.491	0.0999999999999659	TimeIntervals	Reward
264.55774999999994	0.06675000000007003	TimeIntervals	Lick
264.691	0.3667499999999677	TimeIntervals	Lick
265.09099999999995	0.10025000000001683	TimeIntervals	Lick
265.2245	0.06674999999995634	TimeIntervals	Lick
265.35799999999995	0.06649999999996226	TimeIntervals	Lick
265.49125	0.06675000000001319	TimeIntervals	Lick
265.59125	0.0999999999999659	TimeIntervals	Lick
265.7245	0.06674999999995634	TimeIntervals	Lick
265.85799999999995	0.06649999999996226	TimeIntervals	Lick
265.95799999999997	0.10000000000002274	TimeIntervals	Lick
266.1245	0.06674999999995634	TimeIntervals	Lick
266.2245	0.10025000000007367	TimeIntervals	Lick
266.35799999999995	0.10000000000002274	TimeIntervals	Lick
266.5247499999999	0.06675000000007003	TimeIntervals	Lick
266.658	0.06674999999995634	TimeIntervals	Lick
266.7915	0.06649999999996226	TimeIntervals	Lick
266.92474999999996	0.06674999999995634	TimeIntervals	Lick
267.058	0.06675000000001319	TimeIntervals	Lick
267.19149999999996	0.10000000000002274	TimeIntervals	Lick
267.35825000000006	0.06674999999984266	TimeIntervals	Lick
267.45825	0.0999999999999659	TimeIntervals	Lick
267.5915	0.0999999999999659	TimeIntervals	Lick
267.72499999999997	0.10000000000007958	TimeIntervals	Lick
267.85825000000006	0.0999999999999659	TimeIntervals	Lick
267.9914999999999	0.10000000000007958	TimeIntervals	Lick
268.125	0.0999999999999659	TimeIntervals	Lick
268.2582499999999	0.10000000000013642	TimeIntervals	Lick
268.39149999999995	0.10025000000001683	TimeIntervals	Lick
268.69174999999996	0.06674999999995634	TimeIntervals	Lick
268.79175	0.10000000000002274	TimeIntervals	Lick
268.9249999999999	0.26675000000005866	TimeIntervals	Lick
269.22499999999997	0.10000000000007958	TimeIntervals	Lick
269.35850000000005	0.0999999999999659	TimeIntervals	Lick
269.62525000000005	0.0667499999998995	TimeIntervals	Lick
269.792	0.10000000000002274	TimeIntervals	Lick
269.9585	0.1334999999999127	TimeIntervals	Lick
270.1585	0.09999999999990905	TimeIntervals	Lick
270.292	0.13324999999997544	TimeIntervals	Lick
270.492	0.09999999999990905	TimeIntervals	Lick
270.65875	0.06674999999995634	TimeIntervals	Lick
270.85875	0.26675000000005866	TimeIntervals	Lick
271.79224999999997	0.03325000000000955	TimeIntervals	Lick
271.89224999999993	0.13325000000008913	TimeIntervals	Lick
272.09225	0.0999999999999659	TimeIntervals	Lick
272.55899999999997	0.166499999999985	TimeIntervals	Lick
272.75899999999996	0.16674999999997908	TimeIntervals	Lick
273.95925	0.0999999999999659	TimeIntervals	Lick
274.6925	0.06675000000001319	TimeIntervals	Lick
275.59275	0.0999999999999659	TimeIntervals	Lick
276.45950000000005	0.13349999999996953	TimeIntervals	Lick
278.05974999999995	0.10000000000002274	TimeIntervals	Lick
279.52675	0.10000000000002274	TimeIntervals	Lick
279.66	0.0999999999999659	TimeIntervals	Lick
279.7935	0.10000000000007958	TimeIntervals	Lick
279.92675	0.06674999999995634	TimeIntervals	Lick
280.02675	0.10000000000002274	TimeIntervals	Lick
280.16	0.0999999999999659	TimeIntervals	Lick
280.2935	0.10000000000007958	TimeIntervals	Lick
280.42675	0.06674999999995634	TimeIntervals	Lick
280.52700000000004	0.09999999999990905	TimeIntervals	Lick
280.66024999999996	0.06675000000007003	TimeIntervals	Lick
280.7602499999999	0.10000000000007958	TimeIntervals	Lick
280.8935000000001	0.09999999999990905	TimeIntervals	Lick
281.02700000000004	0.06649999999990541	TimeIntervals	Lick
281.12699999999995	0.10000000000007958	TimeIntervals	Lick
281.2602499999999	0.06675000000012687	TimeIntervals	Lick
281.36025	0.0999999999999659	TimeIntervals	Lick
281.4935	0.0999999999999659	TimeIntervals	Lick
281.56024999999994	0.10025000000001683	TimeIntervals	Reward
281.62699999999995	0.06675000000001319	TimeIntervals	Lick
281.7604999999999	0.23325000000011187	TimeIntervals	Lick
282.0605	0.06649999999996226	TimeIntervals	Lick
282.16049999999996	0.0999999999999659	TimeIntervals	Lick
282.29374999999993	0.10000000000007958	TimeIntervals	Lick
282.4270000000001	0.0999999999999659	TimeIntervals	Lick
282.5605	0.06649999999996226	TimeIntervals	Lick
282.69399999999996	0.06649999999996226	TimeIntervals	Lick
282.82725	0.06675000000001319	TimeIntervals	Lick
282.92725	0.10000000000002274	TimeIntervals	Lick
283.094	0.06649999999996226	TimeIntervals	Lick
283.19399999999996	0.0999999999999659	TimeIntervals	Lick
283.32725	0.06675000000001319	TimeIntervals	Lick
283.42725	0.10000000000002274	TimeIntervals	Lick
283.5605	0.0999999999999659	TimeIntervals	Lick
283.72725	0.0667499999998995	TimeIntervals	Lick
283.82750000000004	0.0999999999999659	TimeIntervals	Lick
283.96075	0.0999999999999659	TimeIntervals	Lick
284.094	0.0999999999999659	TimeIntervals	Lick
284.2275	0.06649999999990541	TimeIntervals	Lick
284.36075000000005	0.0999999999999659	TimeIntervals	Lick
284.49399999999997	0.19999999999998863	TimeIntervals	Lick
284.7275	0.23349999999999227	TimeIntervals	Lick
285.0275	0.06675000000007003	TimeIntervals	Lick
285.161	0.0665000000000191	TimeIntervals	Lick
285.26099999999997	0.10000000000002274	TimeIntervals	Lick
285.39425	0.10000000000002274	TimeIntervals	Lick
285.5275	0.10000000000002274	TimeIntervals	Lick
285.661	0.0999999999999659	TimeIntervals	Lick
285.79425	0.10000000000002274	TimeIntervals	Lick
285.9275	0.10025000000001683	TimeIntervals	Lick
286.061	0.19999999999998863	TimeIntervals	Lick
286.29449999999997	0.1332500000000323	TimeIntervals	Lick
286.461	0.0999999999999659	TimeIntervals	Lick
286.5945	0.0999999999999659	TimeIntervals	Lick
286.82775	0.1332500000000323	TimeIntervals	Lick
287.061	0.10025000000001683	TimeIntervals	Lick
287.26125	0.033249999999952706	TimeIntervals	Lick
287.36125000000004	0.06675000000001319	TimeIntervals	Lick
287.528	0.0999999999999659	TimeIntervals	Lick
287.828	0.10000000000007958	TimeIntervals	Lick
288.42800000000005	0.1999999999999318	TimeIntervals	Lick
289.295	0.23324999999994134	TimeIntervals	Lick
289.595	0.06649999999996226	TimeIntervals	Lick
290.02824999999996	0.10000000000007958	TimeIntervals	Lick
290.6285000000001	0.06649999999996226	TimeIntervals	Lick
291.59524999999996	0.1332500000000323	TimeIntervals	Lick
291.99525	0.06675000000001319	TimeIntervals	Lick
292.26199999999994	0.10000000000007958	TimeIntervals	Lick
292.76199999999994	0.16675000000009277	TimeIntervals	Lick
293.0619999999999	0.13350000000008322	TimeIntervals	Lick
293.42875000000004	0.06674999999995634	TimeIntervals	Lick
293.92900000000003	0.06649999999996226	TimeIntervals	Lick
294.0955	0.23349999999999227	TimeIntervals	Lick
294.3955	0.0999999999999659	TimeIntervals	Lick
295.66249999999997	0.0665000000000191	TimeIntervals	Lick
296.22925	0.13324999999997544	TimeIntervals	Lick
299.063	0.0665000000000191	TimeIntervals	Lick
300.063	0.0999999999999659	TimeIntervals	Lick
300.8965	0.13350000000002638	TimeIntervals	Lick
305.49725	0.0999999999999659	TimeIntervals	Lick
305.99750000000006	0.09999999999990905	TimeIntervals	Lick
306.53075	0.19999999999998863	TimeIntervals	Lick
308.231	0.10000000000007958	TimeIntervals	Lick
308.53099999999995	0.10000000000007958	TimeIntervals	Lick
308.66450000000003	0.06649999999996226	TimeIntervals	Lick
308.79775	0.06675000000001319	TimeIntervals	Lick
308.89775	0.10000000000007958	TimeIntervals	Lick
309.03099999999995	0.20024999999998272	TimeIntervals	Lick
309.26449999999994	0.10000000000007958	TimeIntervals	Lick
309.398	0.0665000000000191	TimeIntervals	Lick
309.49800000000005	0.06649999999990541	TimeIntervals	Lick
309.59799999999996	0.0999999999999659	TimeIntervals	Lick
309.6312500000001	0.06674999999984266	TimeIntervals	Reward
309.73124999999993	0.20000000000010232	TimeIntervals	Lick
309.96450000000004	0.06674999999995634	TimeIntervals	Lick
310.06449999999995	0.10025000000007367	TimeIntervals	Lick
310.1979999999999	0.10000000000007958	TimeIntervals	Lick
310.3315	0.10000000000007958	TimeIntervals	Lick
310.4647500000001	0.09999999999985221	TimeIntervals	Lick
310.59799999999996	0.0999999999999659	TimeIntervals	Lick
310.7314999999999	0.06650000000007594	TimeIntervals	Lick
310.8315	0.10000000000007958	TimeIntervals	Lick
310.9647500000001	0.09999999999985221	TimeIntervals	Lick
311.09799999999996	0.3670000000000755	TimeIntervals	Lick
311.49825	0.10000000000002274	TimeIntervals	Lick
311.6315000000001	0.09999999999985221	TimeIntervals	Lick
311.765	0.10000000000002274	TimeIntervals	Lick
311.89825	0.0999999999999659	TimeIntervals	Lick
312.06499999999994	0.10000000000007958	TimeIntervals	Lick
312.2314999999999	0.10000000000007958	TimeIntervals	Lick
312.365	0.10000000000002274	TimeIntervals	Lick
312.53175	0.23324999999999818	TimeIntervals	Lick
312.7985	0.10000000000002274	TimeIntervals	Lick
312.9985	0.3332500000000209	TimeIntervals	Lick
313.365	0.06700000000006412	TimeIntervals	Lick
313.46525	0.0999999999999659	TimeIntervals	Lick
313.6985	0.0999999999999659	TimeIntervals	Lick
314.0985	0.10000000000002274	TimeIntervals	Lick
314.332	0.10000000000007958	TimeIntervals	Lick
314.99875	0.2667500000000018	TimeIntervals	Lick
316.19899999999996	0.13324999999997544	TimeIntervals	Lick
316.7657499999999	0.06675000000001319	TimeIntervals	Lick
318.79925000000003	0.06674999999995634	TimeIntervals	Lick
319.53275	0.10000000000002274	TimeIntervals	Lick
320.76624999999996	0.10000000000007958	TimeIntervals	Lick
320.8995	0.06675000000001319	TimeIntervals	Lick
320.9995	0.0999999999999659	TimeIntervals	Lick
321.13300000000004	0.09999999999990905	TimeIntervals	Lick
321.26649999999995	0.06650000000007594	TimeIntervals	Lick
321.36650000000003	0.0999999999999659	TimeIntervals	Lick
321.49974999999995	0.06675000000001319	TimeIntervals	Lick
321.59975000000003	0.0999999999999659	TimeIntervals	Lick
321.733	0.06674999999995634	TimeIntervals	Lick
321.86650000000003	0.06650000000007594	TimeIntervals	Lick
321.9665	0.06649999999996226	TimeIntervals	Lick
322.06649999999996	0.10000000000002274	TimeIntervals	Lick
322.19975	0.06674999999995634	TimeIntervals	Lick
322.29999999999995	0.10000000000007958	TimeIntervals	Lick
322.43325000000004	0.06674999999995634	TimeIntervals	Lick
322.53324999999995	0.10000000000007958	TimeIntervals	Lick
322.6665	0.0999999999999659	TimeIntervals	Lick
322.70000000000005	0.09999999999990905	TimeIntervals	Reward
322.79999999999995	0.5	TimeIntervals	Lick
323.3335	0.0665000000000191	TimeIntervals	Lick
323.43350000000004	0.0999999999999659	TimeIntervals	Lick
323.56675	0.0999999999999659	TimeIntervals	Lick
323.70000000000005	0.09999999999990905	TimeIntervals	Lick
323.8335	0.0665000000000191	TimeIntervals	Lick
323.93350000000004	0.0999999999999659	TimeIntervals	Lick
324.06675	0.0999999999999659	TimeIntervals	Lick
324.20000000000005	0.09999999999990905	TimeIntervals	Lick
324.3335	0.10000000000002274	TimeIntervals	Lick
324.46700000000004	0.09999999999990905	TimeIntervals	Lick
324.60024999999996	0.10000000000007958	TimeIntervals	Lick
324.7335	0.20000000000004547	TimeIntervals	Lick
324.96700000000004	0.09999999999990905	TimeIntervals	Lick
325.10024999999996	0.10000000000007958	TimeIntervals	Lick
325.2335	0.10000000000002274	TimeIntervals	Lick
325.40025	0.06675000000001319	TimeIntervals	Lick
325.50025	0.10024999999995998	TimeIntervals	Lick
325.63375	0.0999999999999659	TimeIntervals	Lick
325.767	0.10000000000002274	TimeIntervals	Lick
325.9005000000001	0.09999999999990905	TimeIntervals	Lick
326.03374999999994	0.06675000000001319	TimeIntervals	Lick
326.13375	0.13324999999997544	TimeIntervals	Lick
326.30049999999994	0.10000000000013642	TimeIntervals	Lick
326.43375000000003	0.09999999999990905	TimeIntervals	Lick
326.60049999999995	0.06675000000007003	TimeIntervals	Lick
326.70050000000003	0.23349999999999227	TimeIntervals	Lick
326.96725	0.0999999999999659	TimeIntervals	Lick
327.10049999999995	0.10000000000007958	TimeIntervals	Lick
327.234	0.3332499999999641	TimeIntervals	Lick
327.60049999999995	0.10000000000007958	TimeIntervals	Lick
327.734	0.13349999999996953	TimeIntervals	Lick
327.90075	0.13324999999997544	TimeIntervals	Lick
328.10075	0.10000000000002274	TimeIntervals	Lick
328.2675	0.1332500000000323	TimeIntervals	Lick
328.83425	0.06675000000001319	TimeIntervals	Lick
329.06749999999994	0.10000000000007958	TimeIntervals	Lick
329.23425000000003	0.06675000000001319	TimeIntervals	Lick
329.901	0.06675000000001319	TimeIntervals	Lick
330.101	0.06674999999995634	TimeIntervals	Lick
331.1345	0.16674999999997908	TimeIntervals	Lick
331.4680000000001	0.06649999999990541	TimeIntervals	Lick
331.60125	0.06674999999995634	TimeIntervals	Lick
331.70124999999996	0.10000000000002274	TimeIntervals	Lick
331.90124999999995	0.06675000000012687	TimeIntervals	Lick
332.43475	0.30000000000001137	TimeIntervals	Lick
333.53499999999997	0.06650000000007594	TimeIntervals	Lick
333.70149999999995	0.2667500000001155	TimeIntervals	Lick
335.335	0.06700000000006412	TimeIntervals	Lick
336.0684999999999	0.06675000000012687	TimeIntervals	Lick
337.302	0.13350000000002638	TimeIntervals	Lick
337.46875	0.06674999999995634	TimeIntervals	Lick
338.56899999999996	0.19999999999998863	TimeIntervals	Lick
344.67	0.09999999999990905	TimeIntervals	Lick
344.97	0.06649999999996226	TimeIntervals	Lick
345.10324999999995	0.10000000000002274	TimeIntervals	Lick
345.2364999999999	0.10025000000007367	TimeIntervals	Lick
345.37	0.10000000000002274	TimeIntervals	Lick
345.50350000000003	0.0999999999999659	TimeIntervals	Lick
345.63675000000006	0.06674999999995634	TimeIntervals	Lick
345.73675000000003	0.0999999999999659	TimeIntervals	Lick
345.87	0.06675000000001319	TimeIntervals	Lick
346.00350000000003	0.06649999999996226	TimeIntervals	Lick
346.1035	0.10000000000002274	TimeIntervals	Lick
346.23675000000003	0.06674999999995634	TimeIntervals	Lick
346.37	0.06700000000000728	TimeIntervals	Lick
346.47025	0.0667499999998995	TimeIntervals	Lick
346.57024999999993	0.10000000000007958	TimeIntervals	Lick
346.7035	0.0999999999999659	TimeIntervals	Lick
346.77025	0.10000000000002274	TimeIntervals	Reward
346.837	0.4000000000000341	TimeIntervals	Lick
347.27025	0.06675000000001319	TimeIntervals	Lick
347.4035	0.06700000000006412	TimeIntervals	Lick
347.50375	0.1999999999999318	TimeIntervals	Lick
347.737	0.0999999999999659	TimeIntervals	Lick
347.90375	0.06675000000007003	TimeIntervals	Lick
348.00375	0.0999999999999659	TimeIntervals	Lick
348.13700000000006	0.0999999999999659	TimeIntervals	Lick
348.27049999999997	0.10000000000002274	TimeIntervals	Lick
348.437	0.06675000000001319	TimeIntervals	Lick
348.5369999999999	0.10025000000013051	TimeIntervals	Lick
348.6705	0.0999999999999659	TimeIntervals	Lick
348.80400000000003	0.0999999999999659	TimeIntervals	Lick
348.93725	0.10000000000002274	TimeIntervals	Lick
349.0704999999999	0.10000000000007958	TimeIntervals	Lick
349.204	0.10000000000002274	TimeIntervals	Lick
349.33725	0.10000000000002274	TimeIntervals	Lick
349.4705000000001	0.09999999999985221	TimeIntervals	Lick
349.604	0.10000000000002274	TimeIntervals	Lick
349.77074999999996	0.06675000000001319	TimeIntervals	Lick
349.904	0.06675000000001319	TimeIntervals	Lick
350.03749999999997	0.0665000000000191	TimeIntervals	Lick
350.1375000000001	0.09999999999985221	TimeIntervals	Lick
350.27074999999996	0.10000000000002274	TimeIntervals	Lick
350.404	0.10000000000002274	TimeIntervals	Lick
350.704	0.10025000000001683	TimeIntervals	Lick
350.8375	0.10000000000002274	TimeIntervals	Lick
351.00425	0.0999999999999659	TimeIntervals	Lick
351.1375000000001	0.09999999999985221	TimeIntervals	Lick
351.271	0.06649999999996226	TimeIntervals	Lick
351.57099999999997	0.06650000000013279	TimeIntervals	Lick
351.971	0.0999999999999659	TimeIntervals	Lick
352.6045	0.16650000000004184	TimeIntervals	Lick
353.338	0.30000000000001137	TimeIntervals	Lick
354.30475	0.10000000000002274	TimeIntervals	Lick
354.47150000000005	0.03325000000000955	TimeIntervals	Lick
355.00475000000006	0.0999999999999659	TimeIntervals	Lick
355.43825000000004	0.13324999999997544	TimeIntervals	Lick
357.60524999999996	0.06675000000007003	TimeIntervals	Lick
357.73850000000004	0.06675000000001319	TimeIntervals	Lick
357.8385	0.0999999999999659	TimeIntervals	Lick
357.972	0.0999999999999659	TimeIntervals	Lick
358.10524999999996	0.10000000000002274	TimeIntervals	Lick
358.23850000000004	0.06675000000001319	TimeIntervals	Lick
358.3385	0.0999999999999659	TimeIntervals	Lick
358.472	0.0999999999999659	TimeIntervals	Lick
358.60549999999995	0.06650000000007594	TimeIntervals	Lick
358.73875	0.06675000000007003	TimeIntervals	Lick
358.83874999999995	0.10000000000007958	TimeIntervals	Lick
358.972	0.06675000000001319	TimeIntervals	Lick
359.07199999999995	0.10000000000007958	TimeIntervals	Lick
359.2055	0.06649999999996226	TimeIntervals	Lick
359.33874999999995	0.06675000000012687	TimeIntervals	Lick
359.43875	0.06674999999995634	TimeIntervals	Lick
359.57199999999995	0.06700000000006412	TimeIntervals	Lick
359.67225	0.09999999999990905	TimeIntervals	Lick
359.80550000000005	0.10000000000002274	TimeIntervals	Lick
359.83899999999994	0.10000000000007958	TimeIntervals	Reward
359.939	0.3999999999999204	TimeIntervals	Lick
360.37225	0.06675000000001319	TimeIntervals	Lick
360.47225000000003	0.0999999999999659	TimeIntervals	Lick
360.60549999999995	0.06700000000000728	TimeIntervals	Lick
360.70575	0.0999999999999659	TimeIntervals	Lick
360.83899999999994	0.10000000000007958	TimeIntervals	Lick
360.9725	0.0999999999999659	TimeIntervals	Lick
361.139	0.06675000000001319	TimeIntervals	Lick
361.23900000000003	0.09999999999990905	TimeIntervals	Lick
361.37249999999995	0.10000000000007958	TimeIntervals	Lick
361.50575	0.06675000000001319	TimeIntervals	Lick
361.60574999999994	0.10000000000007958	TimeIntervals	Lick
361.73900000000003	0.10024999999995998	TimeIntervals	Lick
361.90599999999995	0.06650000000007594	TimeIntervals	Lick
362.03925000000004	0.06674999999995634	TimeIntervals	Lick
362.13925	0.0999999999999659	TimeIntervals	Lick
362.2725	0.0999999999999659	TimeIntervals	Lick
362.40599999999995	0.26650000000000773	TimeIntervals	Lick
362.706	0.0999999999999659	TimeIntervals	Lick
362.83950000000004	0.09999999999990905	TimeIntervals	Lick
362.97275	0.0999999999999659	TimeIntervals	Lick
363.13950000000006	0.06649999999996226	TimeIntervals	Lick
363.2727499999999	0.06675000000012687	TimeIntervals	Lick
363.37275	0.10000000000002274	TimeIntervals	Lick
363.50600000000003	0.0999999999999659	TimeIntervals	Lick
363.63950000000006	0.13324999999986176	TimeIntervals	Lick
363.806	0.0999999999999659	TimeIntervals	Lick
364.10625	0.06675000000001319	TimeIntervals	Lick
364.20625	0.10000000000002274	TimeIntervals	Lick
364.373	0.06649999999996226	TimeIntervals	Lick
364.47299999999996	0.16650000000009868	TimeIntervals	Lick
364.7395	0.10000000000002274	TimeIntervals	Lick
364.873	0.0999999999999659	TimeIntervals	Lick
365.63975000000005	0.19999999999998863	TimeIntervals	Lick
365.873	0.06675000000007003	TimeIntervals	Lick
366.0065	0.13350000000002638	TimeIntervals	Lick
366.23999999999995	0.10000000000007958	TimeIntervals	Lick
366.40650000000005	0.0999999999999659	TimeIntervals	Lick
366.54	0.23324999999994134	TimeIntervals	Lick
367.27349999999996	0.2665000000000646	TimeIntervals	Lick
368.57349999999997	0.03350000000000364	TimeIntervals	Lick
369.00700000000006	0.09999999999990905	TimeIntervals	Lick
370.50700000000006	0.06699999999989359	TimeIntervals	Lick
372.7074999999999	0.10000000000007958	TimeIntervals	Lick
373.141	0.2664999999999509	TimeIntervals	Lick
376.37475	0.10000000000002274	TimeIntervals	Lick
377.575	0.19999999999998863	TimeIntervals	Lick
379.37525	0.10000000000002274	TimeIntervals	Lick
379.942	0.0999999999999659	TimeIntervals	Lick
380.07525000000004	0.09999999999990905	TimeIntervals	Lick
380.4755	0.13324999999997544	TimeIntervals	Lick
380.70875	0.06674999999995634	TimeIntervals	Lick
381.14200000000005	0.06674999999995634	TimeIntervals	Lick
384.0425	0.03350000000000364	TimeIntervals	Lick
384.7425	0.10025000000001683	TimeIntervals	Lick
384.876	0.13350000000002638	TimeIntervals	Lick
385.10949999999997	0.10000000000007958	TimeIntervals	Lick
385.84275	0.06674999999995634	TimeIntervals	Lick
386.77624999999995	0.10000000000007958	TimeIntervals	Lick
386.943	0.2335000000000491	TimeIntervals	Lick
388.77649999999994	0.06675000000001319	TimeIntervals	Lick
388.91	0.0665000000000191	TimeIntervals	Lick
389.04324999999994	0.06675000000007003	TimeIntervals	Lick
389.14325	0.10024999999995998	TimeIntervals	Lick
389.27674999999994	0.10000000000002274	TimeIntervals	Lick
389.41	0.10000000000002274	TimeIntervals	Lick
389.5435	0.0665000000000191	TimeIntervals	Lick
389.6435000000001	0.09999999999990905	TimeIntervals	Lick
389.77674999999994	0.06675000000001319	TimeIntervals	Lick
389.87674999999996	0.10000000000007958	TimeIntervals	Lick
390.01000000000005	0.06674999999995634	TimeIntervals	Lick
390.11	0.0999999999999659	TimeIntervals	Lick
390.2435	0.06649999999996226	TimeIntervals	Lick
390.34349999999995	0.10000000000007958	TimeIntervals	Lick
390.47700000000003	0.0999999999999659	TimeIntervals	Lick
390.61025000000006	0.06674999999995634	TimeIntervals	Lick
390.71025000000003	0.10000000000002274	TimeIntervals	Lick
390.84349999999995	0.10000000000007958	TimeIntervals	Lick
390.91025	0.06675000000001319	TimeIntervals	Reward
390.97700000000003	0.06649999999996226	TimeIntervals	Lick
391.077	0.1999999999999318	TimeIntervals	Lick
391.31025000000005	0.0667499999998995	TimeIntervals	Lick
391.41049999999996	0.0999999999999659	TimeIntervals	Lick
391.54375	0.10000000000002274	TimeIntervals	Lick
391.677	0.06674999999995634	TimeIntervals	Lick
391.77699999999993	0.10000000000002274	TimeIntervals	Lick
391.91049999999996	0.0999999999999659	TimeIntervals	Lick
392.077	0.06675000000001319	TimeIntervals	Lick
392.177	0.09999999999990905	TimeIntervals	Lick
392.31050000000005	0.09999999999990905	TimeIntervals	Lick
392.44374999999997	0.10025000000001683	TimeIntervals	Lick
392.57725	0.0999999999999659	TimeIntervals	Lick
392.7105	0.10000000000002274	TimeIntervals	Lick
392.84400000000005	0.0999999999999659	TimeIntervals	Lick
392.97725	0.0999999999999659	TimeIntervals	Lick
393.11050000000006	0.0999999999999659	TimeIntervals	Lick
393.544	0.20000000000004547	TimeIntervals	Lick
393.81075	0.1332500000000323	TimeIntervals	Lick
394.21074999999996	0.30000000000001137	TimeIntervals	Lick
394.644	0.033499999999946795	TimeIntervals	Lick
394.9775	0.33349999999995816	TimeIntervals	Lick
395.37749999999994	0.13350000000008322	TimeIntervals	Lick
395.54425	0.16674999999997908	TimeIntervals	Lick
395.7774999999999	0.23350000000010596	TimeIntervals	Lick
396.04449999999997	0.20000000000004547	TimeIntervals	Lick
396.27774999999997	0.06675000000001319	TimeIntervals	Lick
396.44450000000006	0.06649999999996226	TimeIntervals	Lick
396.57775	0.10000000000002274	TimeIntervals	Lick
396.7445	0.33349999999995816	TimeIntervals	Lick
397.11125000000004	0.266749999999945	TimeIntervals	Lick
397.44450000000006	0.266749999999945	TimeIntervals	Lick
397.7445	0.16674999999997908	TimeIntervals	Lick
397.97799999999995	0.20000000000010232	TimeIntervals	Lick
398.3115	0.0999999999999659	TimeIntervals	Lick
398.47799999999995	0.10000000000002274	TimeIntervals	Lick
398.8115	0.23324999999994134	TimeIntervals	Lick
399.11150000000004	0.19999999999998863	TimeIntervals	Lick
399.37825	0.0999999999999659	TimeIntervals	Lick
399.51149999999996	0.10000000000007958	TimeIntervals	Lick
399.645	0.10000000000002274	TimeIntervals	Lick
399.9115	0.23349999999999227	TimeIntervals	Lick
400.1785	0.09999999999990905	TimeIntervals	Lick
400.34499999999997	0.10000000000007958	TimeIntervals	Lick
400.4785	0.0999999999999659	TimeIntervals	Lick
400.645	0.10000000000002274	TimeIntervals	Lick
400.7784999999999	0.13325000000014597	TimeIntervals	Lick
400.94500000000005	0.06674999999995634	TimeIntervals	Reward
400.94500000000005	0.06674999999995634	TimeIntervals	Lick
401.1785	0.09999999999990905	TimeIntervals	Lick
401.312	0.06649999999996226	TimeIntervals	Lick
401.412	0.0665000000000191	TimeIntervals	Lick
401.512	0.3332500000000209	TimeIntervals	Lick
401.8785	0.10000000000002274	TimeIntervals	Lick
402.012	0.10000000000002274	TimeIntervals	Lick
402.14525	0.20000000000004547	TimeIntervals	Lick
402.3785	0.10025000000001683	TimeIntervals	Lick
402.512	0.10000000000002274	TimeIntervals	Lick
402.67875000000004	0.06674999999995634	TimeIntervals	Lick
402.77875	0.0999999999999659	TimeIntervals	Lick
402.912	0.10000000000002274	TimeIntervals	Lick
403.04549999999995	0.10000000000007958	TimeIntervals	Lick
403.212	0.06675000000001319	TimeIntervals	Lick
403.3455000000001	0.06649999999990541	TimeIntervals	Lick
403.44550000000004	0.09999999999990905	TimeIntervals	Lick
403.57899999999995	0.46649999999999636	TimeIntervals	Lick
404.07899999999995	0.23325000000005502	TimeIntervals	Lick
404.3455000000001	0.16674999999992224	TimeIntervals	Lick
404.57899999999995	0.16675000000003593	TimeIntervals	Lick
404.84575	0.033249999999952706	TimeIntervals	Lick
404.91249999999997	0.03325000000006639	TimeIntervals	Lick
405.0125	0.0999999999999659	TimeIntervals	Lick
405.14574999999996	0.10000000000002274	TimeIntervals	Lick
405.3125	0.06649999999996226	TimeIntervals	Lick
405.44575000000003	0.16674999999992224	TimeIntervals	Lick
405.67900000000003	0.06699999999989359	TimeIntervals	Lick
405.846	0.06649999999996226	TimeIntervals	Lick
405.946	0.0999999999999659	TimeIntervals	Lick
406.07924999999994	0.10000000000007958	TimeIntervals	Lick
406.2125	0.10000000000002274	TimeIntervals	Lick
406.47925	0.13324999999997544	TimeIntervals	Lick
406.646	0.09999999999990905	TimeIntervals	Lick
406.7794999999999	0.10000000000002274	TimeIntervals	Lick
406.91275	0.06674999999995634	TimeIntervals	Lick
407.0795	0.36650000000003047	TimeIntervals	Lick
407.5795	0.0665000000000191	TimeIntervals	Lick
407.71274999999997	0.30025000000000546	TimeIntervals	Lick
408.04625	0.10000000000002274	TimeIntervals	Lick
408.24625	0.06675000000001319	TimeIntervals	Lick
408.813	0.06649999999996226	TimeIntervals	Lick
409.07974999999993	0.2667500000001155	TimeIntervals	Lick
409.413	0.06675000000001319	TimeIntervals	Lick
409.513	0.10000000000002274	TimeIntervals	Lick
409.67975	0.06674999999995634	TimeIntervals	Lick
409.84650000000005	0.06649999999996226	TimeIntervals	Lick
410.013	0.06699999999995043	TimeIntervals	Lick
410.1465	0.0999999999999659	TimeIntervals	Lick
410.31325	0.06675000000001319	TimeIntervals	Lick
410.4465	0.06674999999995634	TimeIntervals	Lick
410.5799999999999	0.10000000000007958	TimeIntervals	Lick
410.71324999999996	0.10000000000002274	TimeIntervals	Lick
410.88	0.10000000000007958	TimeIntervals	Lick
410.9465	0.06674999999995634	TimeIntervals	Reward
411.01324999999997	0.30025000000000546	TimeIntervals	Lick
411.34675	0.10000000000007958	TimeIntervals	Lick
411.4800000000001	0.09999999999985221	TimeIntervals	Lick
411.6135	0.0665000000000191	TimeIntervals	Lick
411.71349999999995	0.10000000000002274	TimeIntervals	Lick
411.84675	0.10000000000007958	TimeIntervals	Lick
411.9800000000001	0.09999999999985221	TimeIntervals	Lick
412.14675	0.06674999999995634	TimeIntervals	Lick
412.24675	0.20024999999998272	TimeIntervals	Lick
412.48024999999996	0.10000000000002274	TimeIntervals	Lick
412.6135	0.0999999999999659	TimeIntervals	Lick
412.747	0.0999999999999659	TimeIntervals	Lick
412.88025	0.0999999999999659	TimeIntervals	Lick
413.047	0.06649999999996226	TimeIntervals	Lick
413.18025	0.20024999999998272	TimeIntervals	Lick
413.41375	0.2999999999999545	TimeIntervals	Lick
413.81375	0.23324999999999818	TimeIntervals	Lick
414.0805	0.16650000000004184	TimeIntervals	Lick
414.31375	0.3002499999999486	TimeIntervals	Lick
414.64725000000004	0.13324999999997544	TimeIntervals	Lick
414.98049999999995	0.10000000000002274	TimeIntervals	Lick
415.114	0.0999999999999659	TimeIntervals	Lick
415.2805	0.26699999999993906	TimeIntervals	Lick
415.58075	0.2999999999999545	TimeIntervals	Lick
415.91400000000004	0.0999999999999659	TimeIntervals	Lick
416.08075	0.06674999999995634	TimeIntervals	Lick
416.18075000000005	0.2667500000000018	TimeIntervals	Lick
416.48074999999994	0.1332500000000323	TimeIntervals	Lick
416.6475	0.0999999999999659	TimeIntervals	Lick
416.78099999999995	0.0665000000000191	TimeIntervals	Lick
416.94750000000005	0.3334999999999013	TimeIntervals	Lick
417.34749999999997	0.10000000000007958	TimeIntervals	Lick
417.51425	0.06674999999995634	TimeIntervals	Lick
417.74749999999995	0.26700000000005275	TimeIntervals	Lick
418.04775	0.10000000000007958	TimeIntervals	Lick
418.58099999999996	0.16674999999997908	TimeIntervals	Lick
418.948	0.0999999999999659	TimeIntervals	Lick
419.1145	0.10000000000002274	TimeIntervals	Lick
419.31449999999995	0.23349999999999227	TimeIntervals	Lick
419.6145	0.06675000000001319	TimeIntervals	Lick
419.748	1.5670000000000073	TimeIntervals	Lick
421.34825	0.13324999999997544	TimeIntervals	Lick
421.54825	0.1999999999999318	TimeIntervals	Lick
421.815	0.7667500000000018	TimeIntervals	Lick
422.7149999999999	0.20000000000010232	TimeIntervals	Lick
422.9485	0.0665000000000191	TimeIntervals	Lick
423.0485	0.10000000000002274	TimeIntervals	Lick
423.18175	0.10024999999990314	TimeIntervals	Lick
423.31525	0.10000000000007958	TimeIntervals	Lick
423.582	0.2999999999999545	TimeIntervals	Lick
423.9485	0.06674999999995634	TimeIntervals	Lick
424.082	0.10000000000002274	TimeIntervals	Lick
424.2484999999999	0.06675000000007003	TimeIntervals	Lick
424.38199999999995	0.23350000000010596	TimeIntervals	Lick
424.64875	0.1332499999999186	TimeIntervals	Lick
424.8155	0.10000000000002274	TimeIntervals	Lick
424.94875	0.0999999999999659	TimeIntervals	Lick
425.082	0.10000000000002274	TimeIntervals	Lick
425.24875	0.10000000000002274	TimeIntervals	Lick
425.38199999999995	0.10025000000001683	TimeIntervals	Lick
425.5489999999999	0.10000000000013642	TimeIntervals	Lick
425.68225000000007	0.09999999999985221	TimeIntervals	Lick
425.8155	0.10000000000002274	TimeIntervals	Lick
425.98224999999996	0.06674999999995634	TimeIntervals	Lick
426.11550000000005	0.06675000000001319	TimeIntervals	Lick
426.249	0.06649999999996226	TimeIntervals	Lick
426.38224999999994	0.06675000000001319	TimeIntervals	Lick
426.51550000000003	0.06699999999995043	TimeIntervals	Lick
426.64900000000006	0.0667499999998995	TimeIntervals	Lick
426.78249999999997	0.0665000000000191	TimeIntervals	Lick
426.8825	0.10000000000002274	TimeIntervals	Lick
427.01574999999997	0.06675000000001319	TimeIntervals	Lick
427.14900000000006	0.0667499999998995	TimeIntervals	Lick
427.28249999999997	0.0665000000000191	TimeIntervals	Lick
427.3825	0.10000000000002274	TimeIntervals	Lick
427.51574999999997	0.10000000000002274	TimeIntervals	Lick
427.64900000000006	0.10024999999990314	TimeIntervals	Lick
427.81600000000003	0.06649999999996226	TimeIntervals	Lick
427.94925	0.06674999999995634	TimeIntervals	Lick
428.0825	0.06675000000001319	TimeIntervals	Lick
428.1825	0.0999999999999659	TimeIntervals	Lick
428.31600000000003	0.10000000000002274	TimeIntervals	Lick
428.44925	0.19999999999998863	TimeIntervals	Lick
428.7159999999999	0.06675000000001319	TimeIntervals	Lick
428.81600000000003	0.10000000000002274	TimeIntervals	Lick
428.9495	0.10000000000002274	TimeIntervals	Lick
428.98274999999995	0.10000000000002274	TimeIntervals	Reward
429.08275	0.36675000000002456	TimeIntervals	Lick
429.51599999999996	0.06675000000001319	TimeIntervals	Lick
429.64950000000005	0.06649999999984857	TimeIntervals	Lick
429.7494999999999	0.10000000000007958	TimeIntervals	Lick
429.91625000000005	0.0667499999998995	TimeIntervals	Lick
430.0495	0.06675000000001319	TimeIntervals	Lick
430.183	0.06649999999990541	TimeIntervals	Lick
430.31625	0.0667499999998995	TimeIntervals	Lick
430.41625000000005	0.09999999999990905	TimeIntervals	Lick
430.5495	0.10000000000002274	TimeIntervals	Lick
430.71625	0.06674999999995634	TimeIntervals	Lick
430.81625	0.10000000000002274	TimeIntervals	Lick
430.9495	0.10025000000001683	TimeIntervals	Lick
431.083	0.0999999999999659	TimeIntervals	Lick
431.2165	0.06649999999996226	TimeIntervals	Lick
431.3165000000001	0.0999999999999659	TimeIntervals	Lick
431.44975	0.10000000000002274	TimeIntervals	Lick
431.583	0.0999999999999659	TimeIntervals	Lick
431.7165	0.10000000000007958	TimeIntervals	Lick
431.8829999999999	0.06675000000007003	TimeIntervals	Lick
432.01649999999995	0.06675000000001319	TimeIntervals	Lick
432.3832499999999	0.10000000000007958	TimeIntervals	Lick
432.51649999999995	0.10000000000007958	TimeIntervals	Lick
432.7165	0.2667500000000018	TimeIntervals	Lick
433.01649999999995	0.10000000000007958	TimeIntervals	Lick
433.25	0.06675000000001319	TimeIntervals	Lick
433.34999999999997	0.06675000000007003	TimeIntervals	Lick
433.45	0.13350000000002638	TimeIntervals	Lick
433.61675	0.0999999999999659	TimeIntervals	Lick
433.7835	0.0999999999999659	TimeIntervals	Lick
433.95	0.0999999999999659	TimeIntervals	Lick
434.11675	0.10024999999995998	TimeIntervals	Lick
434.317	0.10000000000007958	TimeIntervals	Lick
434.45025000000004	0.09999999999990905	TimeIntervals	Lick
434.61699999999996	0.10000000000002274	TimeIntervals	Lick
434.7835	0.0999999999999659	TimeIntervals	Lick
434.95025000000004	0.06674999999995634	TimeIntervals	Lick
435.0835	0.10000000000002274	TimeIntervals	Lick
435.25025	0.06675000000001319	TimeIntervals	Lick
435.38374999999996	0.06675000000007003	TimeIntervals	Lick
435.517	0.0999999999999659	TimeIntervals	Lick
435.717	0.2667500000000018	TimeIntervals	Lick
436.0505	0.06649999999996226	TimeIntervals	Lick
436.38374999999996	0.06675000000007003	TimeIntervals	Lick
436.61725	0.16674999999992224	TimeIntervals	Lick
436.81725000000006	0.06674999999995634	TimeIntervals	Lick
437.11725	0.20000000000004547	TimeIntervals	Lick
437.41725	0.03325000000000955	TimeIntervals	Lick
437.584	0.13349999999996953	TimeIntervals	Lick
437.78399999999993	0.06675000000007003	TimeIntervals	Lick
438.05074999999994	0.13325000000008913	TimeIntervals	Lick
438.28399999999993	0.2667500000000018	TimeIntervals	Lick
438.68425	0.06674999999995634	TimeIntervals	Lick
438.9175000000001	0.09999999999990905	TimeIntervals	Lick
439.351	0.06650000000007594	TimeIntervals	Lick
439.451	0.0999999999999659	TimeIntervals	Lick
439.81775000000005	0.06674999999995634	TimeIntervals	Lick
440.21775	0.19999999999998863	TimeIntervals	Lick
441.45125	0.0999999999999659	TimeIntervals	Lick
441.98475	0.09999999999990905	TimeIntervals	Lick
442.61800000000005	0.06674999999995634	TimeIntervals	Lick
442.818	0.19999999999998863	TimeIntervals	Lick
443.1182500000001	0.033249999999952706	TimeIntervals	Lick
443.2515	0.06674999999995634	TimeIntervals	Lick
444.55174999999997	0.06675000000007003	TimeIntervals	Lick
444.75175	0.10000000000002274	TimeIntervals	Lick
445.185	0.06699999999995043	TimeIntervals	Lick
445.28524999999996	0.06675000000001319	TimeIntervals	Lick
445.5185000000001	0.0999999999999659	TimeIntervals	Lick
445.71849999999995	0.10000000000007958	TimeIntervals	Lick
445.852	0.10000000000007958	TimeIntervals	Lick
445.98525	0.0999999999999659	TimeIntervals	Lick
446.15200000000004	0.09999999999990905	TimeIntervals	Lick
446.31850000000003	0.10024999999995998	TimeIntervals	Lick
446.552	0.06675000000001319	TimeIntervals	Lick
446.71875	0.06674999999995634	TimeIntervals	Lick
447.21875	0.13324999999997544	TimeIntervals	Lick
448.21899999999994	0.10000000000007958	TimeIntervals	Lick
449.05249999999995	0.2665000000000646	TimeIntervals	Lick
450.3525	0.23349999999993543	TimeIntervals	Lick
450.85274999999996	0.10000000000007958	TimeIntervals	Lick
452.55300000000005	0.0999999999999659	TimeIntervals	Lick
455.18674999999996	0.06675000000001319	TimeIntervals	Lick
455.68674999999996	0.10000000000002274	TimeIntervals	Lick
455.82	0.10000000000002274	TimeIntervals	Lick
456.887	0.0665000000000191	TimeIntervals	Lick
456.987	0.0999999999999659	TimeIntervals	Lick
457.12025000000006	0.09999999999990905	TimeIntervals	Lick
457.2535	0.10025000000001683	TimeIntervals	Lick
457.387	0.10000000000002274	TimeIntervals	Lick
457.5205	0.10000000000002274	TimeIntervals	Lick
457.65375	0.06675000000001319	TimeIntervals	Lick
457.7869999999999	0.06675000000007003	TimeIntervals	Lick
457.887	0.06675000000001319	TimeIntervals	Lick
457.987	0.0999999999999659	TimeIntervals	Lick
458.12050000000005	0.06649999999996226	TimeIntervals	Lick
458.25374999999997	0.06675000000007003	TimeIntervals	Lick
458.35375	0.06675000000007003	TimeIntervals	Lick
458.454	0.10000000000002274	TimeIntervals	Lick
458.5872499999999	0.06675000000007003	TimeIntervals	Lick
458.68725	0.0999999999999659	TimeIntervals	Lick
458.82050000000004	0.06674999999995634	TimeIntervals	Lick
458.92050000000006	0.0999999999999659	TimeIntervals	Lick
459.05400000000003	0.0665000000000191	TimeIntervals	Reward
459.0872499999999	0.06675000000007003	TimeIntervals	Lick
459.18725	0.06674999999995634	TimeIntervals	Lick
459.28725	0.06675000000001319	TimeIntervals	Lick
459.38725	0.10024999999995998	TimeIntervals	Lick
459.52074999999996	0.06674999999995634	TimeIntervals	Lick
459.62075	0.0999999999999659	TimeIntervals	Lick
459.75399999999996	0.10000000000002274	TimeIntervals	Lick
459.88750000000005	0.09999999999990905	TimeIntervals	Lick
460.02074999999996	0.19999999999998863	TimeIntervals	Lick
460.25399999999996	0.10000000000002274	TimeIntervals	Lick
460.38750000000005	0.09999999999990905	TimeIntervals	Lick
460.52074999999996	0.10025000000007367	TimeIntervals	Lick
460.65425000000005	0.06674999999995634	TimeIntervals	Lick
460.78749999999997	0.06675000000001319	TimeIntervals	Lick
460.95425	0.06675000000001319	TimeIntervals	Lick
461.1875	0.13349999999996953	TimeIntervals	Lick
461.421	0.03325000000000955	TimeIntervals	Lick
461.62100000000004	0.0999999999999659	TimeIntervals	Lick
461.78775	0.0999999999999659	TimeIntervals	Lick
461.921	0.13349999999996953	TimeIntervals	Lick
462.3545	0.03325000000000955	TimeIntervals	Lick
462.5877499999999	0.20025000000003956	TimeIntervals	Lick
463.22124999999994	0.06675000000001319	TimeIntervals	Lick
463.988	0.0999999999999659	TimeIntervals	Lick
464.62149999999997	0.0665000000000191	TimeIntervals	Lick
465.155	0.06649999999996226	TimeIntervals	Lick
466.455	0.19999999999998863	TimeIntervals	Lick
468.58874999999995	0.06675000000012687	TimeIntervals	Lick
468.68875	0.13324999999997544	TimeIntervals	Lick
469.58899999999994	0.10000000000007958	TimeIntervals	Lick
469.78900000000004	0.0999999999999659	TimeIntervals	Lick
469.989	0.0999999999999659	TimeIntervals	Lick
470.1555000000001	0.09999999999985221	TimeIntervals	Lick
470.28900000000004	0.1332500000000323	TimeIntervals	Lick
470.489	0.0999999999999659	TimeIntervals	Lick
470.7225	0.10000000000002274	TimeIntervals	Lick
470.9225	0.0999999999999659	TimeIntervals	Lick
471.35574999999994	0.1332500000000323	TimeIntervals	Lick
472.2225	0.13349999999996953	TimeIntervals	Lick
472.9560000000001	0.09999999999990905	TimeIntervals	Lick
473.2227499999999	0.10000000000013642	TimeIntervals	Lick
473.356	0.10000000000007958	TimeIntervals	Lick
473.7227499999999	0.10025000000007367	TimeIntervals	Lick
473.92300000000006	0.06649999999996226	TimeIntervals	Lick
474.05625	0.10000000000002274	TimeIntervals	Lick
474.08950000000004	0.06674999999995634	TimeIntervals	Reward
474.18949999999995	0.5335000000000036	TimeIntervals	Lick
474.75624999999997	0.06675000000001319	TimeIntervals	Lick
474.8564999999999	0.10000000000002274	TimeIntervals	Lick
474.98974999999996	0.06675000000001319	TimeIntervals	Lick
475.08975	0.0999999999999659	TimeIntervals	Lick
475.22299999999996	0.10000000000002274	TimeIntervals	Lick
475.3564999999999	0.10000000000002274	TimeIntervals	Lick
475.48974999999996	0.10000000000002274	TimeIntervals	Lick
475.62300000000005	0.3334999999999013	TimeIntervals	Lick
476.02324999999996	0.06675000000001319	TimeIntervals	Lick
476.1565	0.06675000000001319	TimeIntervals	Lick
476.32325000000003	0.06675000000001319	TimeIntervals	Lick
476.42325000000005	0.09999999999990905	TimeIntervals	Lick
476.59	0.0999999999999659	TimeIntervals	Lick
476.7565	0.06675000000001319	TimeIntervals	Lick
476.89000000000004	0.1332499999999186	TimeIntervals	Lick
477.05649999999997	0.06700000000000728	TimeIntervals	Lick
477.98999999999995	0.10000000000002274	TimeIntervals	Lick
478.257	0.0665000000000191	TimeIntervals	Lick
478.457	0.10000000000002274	TimeIntervals	Lick
478.6235	0.0999999999999659	TimeIntervals	Lick
478.89025	0.06675000000001319	TimeIntervals	Lick
478.99025	0.13324999999997544	TimeIntervals	Lick
479.22349999999994	0.06700000000000728	TimeIntervals	Lick
480.29049999999995	0.13350000000008322	TimeIntervals	Lick
482.3575	0.03325000000000955	TimeIntervals	Lick
482.691	0.10000000000002274	TimeIntervals	Lick
484.491	0.10000000000002274	TimeIntervals	Lick
487.99150000000003	0.10025000000001683	TimeIntervals	Lick
488.125	0.06675000000001319	TimeIntervals	Lick
488.25849999999997	0.0665000000000191	TimeIntervals	Lick
488.3585	0.10000000000002274	TimeIntervals	Lick
488.52500000000003	0.06675000000001319	TimeIntervals	Lick
488.625	0.0999999999999659	TimeIntervals	Lick
488.75849999999997	0.10000000000002274	TimeIntervals	Lick
488.89174999999994	0.10000000000007958	TimeIntervals	Lick
489.02500000000003	0.06675000000001319	TimeIntervals	Lick
489.125	0.10025000000001683	TimeIntervals	Lick
489.25849999999997	0.0999999999999659	TimeIntervals	Lick
489.39199999999994	0.06650000000007594	TimeIntervals	Lick
489.4919999999999	0.10000000000013642	TimeIntervals	Lick
489.62525	0.10000000000002274	TimeIntervals	Lick
489.75849999999997	0.06675000000007003	TimeIntervals	Lick
489.89199999999994	0.06650000000007594	TimeIntervals	Lick
489.9919999999999	0.10000000000013642	TimeIntervals	Lick
490.12525	0.10000000000002274	TimeIntervals	Reward
490.12525	0.10000000000002274	TimeIntervals	Lick
490.25849999999997	0.5002499999999941	TimeIntervals	Lick
490.792	0.06675000000001319	TimeIntervals	Lick
490.89199999999994	0.0999999999999659	TimeIntervals	Lick
491.02550000000014	0.09999999999985221	TimeIntervals	Lick
491.15875	0.0999999999999659	TimeIntervals	Lick
491.292	0.06700000000000728	TimeIntervals	Lick
491.42550000000006	0.06674999999995634	TimeIntervals	Lick
491.52550000000014	0.09999999999985221	TimeIntervals	Lick
491.69225000000006	0.0667499999998995	TimeIntervals	Lick
491.79224999999997	0.10000000000002274	TimeIntervals	Lick
491.92550000000006	0.10000000000007958	TimeIntervals	Lick
492.0589999999999	0.20000000000004547	TimeIntervals	Lick
492.3255	0.06675000000001319	TimeIntervals	Lick
492.45899999999995	0.06675000000007003	TimeIntervals	Lick
492.5589999999999	0.10000000000007958	TimeIntervals	Lick
492.6925000000001	0.09999999999985221	TimeIntervals	Lick
492.82574999999997	0.13324999999997544	TimeIntervals	Lick
492.99249999999995	0.10000000000007958	TimeIntervals	Lick
493.12575	0.0999999999999659	TimeIntervals	Lick
493.25899999999996	0.10000000000002274	TimeIntervals	Lick
493.3925	0.0999999999999659	TimeIntervals	Lick
493.55925	0.0667499999998995	TimeIntervals	Lick
493.95925	0.10000000000002274	TimeIntervals	Lick
494.09250000000003	0.10000000000007958	TimeIntervals	Lick
494.226	0.10000000000007958	TimeIntervals	Lick
494.35925000000003	0.0999999999999659	TimeIntervals	Lick
494.49249999999995	0.06675000000007003	TimeIntervals	Lick
494.726	0.16674999999997908	TimeIntervals	Lick
494.95950000000005	0.0999999999999659	TimeIntervals	Lick
495.42600000000004	0.16674999999997908	TimeIntervals	Lick
495.82625	0.06674999999995634	TimeIntervals	Lick
495.95950000000005	0.0999999999999659	TimeIntervals	Lick
496.15950000000004	0.0667499999998995	TimeIntervals	Lick
496.393	0.23325000000011187	TimeIntervals	Lick
496.9265	0.16650000000004184	TimeIntervals	Lick
497.1265	0.19999999999998863	TimeIntervals	Lick
497.45975000000004	0.09999999999985221	TimeIntervals	Lick
497.8265	0.13350000000008322	TimeIntervals	Lick
498.26	0.10000000000002274	TimeIntervals	Lick
502.8605	0.06675000000007003	TimeIntervals	Lick
503.2604999999999	0.13350000000008322	TimeIntervals	Lick
504.8275	0.10000000000002274	TimeIntervals	Lick
505.12750000000005	0.13349999999996953	TimeIntervals	Lick
506.2944999999999	0.06650000000007594	TimeIntervals	Lick
506.42775	0.06675000000007003	TimeIntervals	Lick
506.52775	0.10000000000007958	TimeIntervals	Lick
506.66100000000006	0.10024999999995998	TimeIntervals	Lick
506.7944999999999	0.10000000000007958	TimeIntervals	Lick
506.9280000000001	0.06649999999996226	TimeIntervals	Lick
507.0280000000001	0.09999999999990905	TimeIntervals	Lick
507.16125000000005	0.0999999999999659	TimeIntervals	Lick
507.2944999999999	0.06675000000007003	TimeIntervals	Lick
507.4280000000001	0.06649999999996226	TimeIntervals	Lick
507.5612499999999	0.10000000000013642	TimeIntervals	Lick
507.69449999999995	0.06675000000007003	TimeIntervals	Lick
507.8279999999999	0.06675000000012687	TimeIntervals	Lick
507.9280000000001	0.0999999999999659	TimeIntervals	Lick
508.06149999999997	0.0665000000000191	TimeIntervals	Lick
508.19475000000006	0.0667499999998995	TimeIntervals	Lick
508.19475000000006	0.0667499999998995	TimeIntervals	Reward
508.29474999999996	0.06675000000007003	TimeIntervals	Lick
508.39475000000004	0.0999999999999659	TimeIntervals	Lick
508.5280000000001	0.06675000000001319	TimeIntervals	Lick
508.628	0.0999999999999659	TimeIntervals	Lick
508.76149999999996	0.10000000000007958	TimeIntervals	Lick
508.89475000000004	0.06674999999995634	TimeIntervals	Lick
508.995	0.10000000000007958	TimeIntervals	Lick
509.12825000000004	0.09999999999985221	TimeIntervals	Lick
509.26149999999996	0.06675000000001319	TimeIntervals	Lick
509.36150000000004	0.0999999999999659	TimeIntervals	Lick
509.495	0.10000000000007958	TimeIntervals	Lick
509.62825000000004	0.1999999999999318	TimeIntervals	Lick
509.8949999999999	0.06650000000007594	TimeIntervals	Lick
510.0285	0.06650000000007594	TimeIntervals	Lick
510.16175	0.10000000000007958	TimeIntervals	Lick
510.42850000000004	0.06649999999996226	TimeIntervals	Lick
510.66175	0.10000000000007958	TimeIntervals	Lick
511.8285	0.10000000000002274	TimeIntervals	Lick
512.2287500000002	0.1667499999997517	TimeIntervals	Lick
512.52875	0.16675000000020646	TimeIntervals	Lick
513.062	0.10000000000013642	TimeIntervals	Lick
513.2287500000002	0.06674999999984266	TimeIntervals	Lick
513.9955	0.06675000000007003	TimeIntervals	Lick
514.26225	0.06674999999995634	TimeIntervals	Lick
514.7957499999999	0.23325000000011187	TimeIntervals	Lick
515.2290000000002	0.09999999999979536	TimeIntervals	Lick
515.39575	0.10025000000007367	TimeIntervals	Lick
515.6625	0.06675000000007003	TimeIntervals	Lick
515.7959999999999	0.13324999999997544	TimeIntervals	Lick
516.3625000000001	0.06674999999984266	TimeIntervals	Lick
516.6627500000001	0.09999999999990905	TimeIntervals	Lick
517.3294999999999	0.0665000000000191	TimeIntervals	Lick
517.7630000000001	0.06649999999979173	TimeIntervals	Lick
517.9294999999998	0.03350000000023101	TimeIntervals	Lick
518.5295000000001	0.3002499999997781	TimeIntervals	Lick
520.03	0.10000000000013642	TimeIntervals	Lick
520.16325	0.06675000000007003	TimeIntervals	Lick
520.2632500000001	0.10000000000002274	TimeIntervals	Lick
520.3965	0.06675000000007003	TimeIntervals	Lick
520.53	0.06650000000013279	TimeIntervals	Lick
520.66325	0.06675000000007003	TimeIntervals	Lick
520.7965	0.06675000000007003	TimeIntervals	Lick
520.93	0.10000000000002274	TimeIntervals	Lick
521.0635000000001	0.0665000000000191	TimeIntervals	Lick
521.1967500000001	0.06674999999995634	TimeIntervals	Lick
521.3299999999999	0.06675000000007003	TimeIntervals	Lick
521.43	0.10000000000002274	TimeIntervals	Lick
521.5635000000001	0.09999999999990905	TimeIntervals	Lick
521.6967500000001	0.06674999999995634	TimeIntervals	Lick
521.79675	0.10000000000002274	TimeIntervals	Lick
521.93	0.06675000000007003	TimeIntervals	Lick
522.03	0.10025000000018736	TimeIntervals	Lick
522.1635	0.06675000000007003	TimeIntervals	Lick
522.2302500000001	0.06674999999995634	TimeIntervals	Reward
522.297	0.0665000000000191	TimeIntervals	Lick
522.397	0.1999999999999318	TimeIntervals	Lick
522.6302500000002	0.06674999999984266	TimeIntervals	Lick
522.7302500000001	0.09999999999990905	TimeIntervals	Lick
522.8635	0.09999999999990905	TimeIntervals	Lick
523.03025	0.06674999999995634	TimeIntervals	Lick
523.1302500000002	0.10024999999995998	TimeIntervals	Lick
523.2637500000001	0.06674999999995634	TimeIntervals	Lick
523.36375	0.10000000000002274	TimeIntervals	Lick
523.497	0.10000000000002274	TimeIntervals	Lick
523.6305000000001	0.06649999999990541	TimeIntervals	Lick
523.7305000000001	0.09999999999990905	TimeIntervals	Lick
523.86375	0.10000000000002274	TimeIntervals	Lick
523.997	0.10000000000002274	TimeIntervals	Lick
524.1637499999999	0.06675000000018372	TimeIntervals	Lick
524.2637500000001	0.10024999999995998	TimeIntervals	Lick
524.664	0.03325000000006639	TimeIntervals	Lick
524.864	0.06649999999990541	TimeIntervals	Lick
524.964	0.39999999999997726	TimeIntervals	Lick
525.7975	0.13324999999997544	TimeIntervals	Lick
526.7975	0.2667500000000018	TimeIntervals	Lick
527.16425	0.06674999999995634	TimeIntervals	Lick
527.531	0.10000000000002274	TimeIntervals	Lick
527.931	0.06675000000007003	TimeIntervals	Lick
528.19775	0.06675000000007003	TimeIntervals	Lick
528.59775	0.10025000000007367	TimeIntervals	Lick
528.898	0.10000000000002274	TimeIntervals	Lick
529.098	0.10000000000013642	TimeIntervals	Lick
529.33125	0.09999999999990905	TimeIntervals	Lick
532.9650000000001	0.09999999999990905	TimeIntervals	Lick
535.1655000000001	0.06649999999990541	TimeIntervals	Lick
536.2655000000001	0.09999999999990905	TimeIntervals	Reward
536.4657500000001	0.36674999999991087	TimeIntervals	Lick
536.8657499999999	0.06675000000007003	TimeIntervals	Lick
536.9657500000001	0.09999999999990905	TimeIntervals	Lick
537.099	0.10000000000002274	TimeIntervals	Lick
537.2325000000001	0.0665000000000191	TimeIntervals	Lick
537.3325	0.10000000000002274	TimeIntervals	Lick
537.466	0.10000000000013642	TimeIntervals	Lick
537.59925	0.06675000000018372	TimeIntervals	Lick
537.69925	0.10000000000002274	TimeIntervals	Lick
537.8325	0.06675000000007003	TimeIntervals	Lick
537.9325	0.10000000000002274	TimeIntervals	Lick
538.09925	0.06675000000018372	TimeIntervals	Lick
538.19925	0.10000000000002274	TimeIntervals	Lick
538.3325	0.20000000000004547	TimeIntervals	Lick
538.5660000000001	0.10000000000002274	TimeIntervals	Lick
538.6995000000001	0.09999999999990905	TimeIntervals	Lick
538.8327499999999	0.10000000000002274	TimeIntervals	Lick
538.966	0.10000000000013642	TimeIntervals	Lick
539.0995000000001	0.0665000000000191	TimeIntervals	Lick
539.2327500000001	0.06674999999984266	TimeIntervals	Lick
539.3327499999999	0.10000000000002274	TimeIntervals	Lick
539.466	0.13350000000014006	TimeIntervals	Lick
539.86625	0.09999999999990905	TimeIntervals	Lick
539.9995	0.06675000000007003	TimeIntervals	Lick
540.133	0.0665000000000191	TimeIntervals	Lick
540.2995	0.06675000000007003	TimeIntervals	Lick
540.433	0.10000000000002274	TimeIntervals	Lick
540.5995000000001	0.09999999999990905	TimeIntervals	Lick
540.7997500000001	0.06674999999995634	TimeIntervals	Lick
540.933	0.10000000000002274	TimeIntervals	Lick
541.0665	0.10000000000013642	TimeIntervals	Lick
541.2330000000001	0.09999999999990905	TimeIntervals	Lick
541.3665000000001	0.09999999999990905	TimeIntervals	Lick
541.4997500000001	0.09999999999990905	TimeIntervals	Lick
541.633	0.06674999999995634	TimeIntervals	Lick
541.7665000000001	0.10000000000002274	TimeIntervals	Lick
541.93325	0.06674999999995634	TimeIntervals	Lick
542.0665	0.20000000000004547	TimeIntervals	Lick
542.3	0.10000000000013642	TimeIntervals	Lick
542.43325	0.09999999999990905	TimeIntervals	Lick
542.5665	0.10000000000013642	TimeIntervals	Lick
542.7000000000002	0.09999999999979536	TimeIntervals	Lick
542.8665000000001	0.06674999999995634	TimeIntervals	Lick
543.0	0.06674999999995634	TimeIntervals	Lick
543.1334999999999	0.10000000000025011	TimeIntervals	Lick
543.2667500000001	0.09999999999979536	TimeIntervals	Lick
543.4335000000001	0.06649999999990541	TimeIntervals	Lick
543.5335	0.09999999999990905	TimeIntervals	Lick
543.7000000000002	0.06674999999995634	TimeIntervals	Lick
543.8335	0.10000000000013642	TimeIntervals	Lick
543.96675	0.10024999999995998	TimeIntervals	Lick
544.1334999999999	0.06675000000007003	TimeIntervals	Lick
544.30025	0.033249999999952706	TimeIntervals	Lick
544.4335000000001	0.06674999999984266	TimeIntervals	Lick
544.567	0.10000000000002274	TimeIntervals	Lick
544.70025	0.06675000000018372	TimeIntervals	Lick
544.8335	0.06675000000007003	TimeIntervals	Lick
544.9670000000001	0.09999999999990905	TimeIntervals	Lick
545.2005000000001	0.19999999999970441	TimeIntervals	Lick
545.43375	0.10000000000002274	TimeIntervals	Lick
545.7005000000001	0.16649999999970078	TimeIntervals	Lick
545.9670000000001	0.09999999999990905	TimeIntervals	Lick
546.167	0.06675000000007003	TimeIntervals	Lick
546.734	0.06650000000013279	TimeIntervals	Lick
546.8672500000001	0.09999999999990905	TimeIntervals	Lick
548.40075	0.10024999999995998	TimeIntervals	Lick
548.5675000000001	0.10000000000002274	TimeIntervals	Lick
548.7675000000002	0.06674999999995634	TimeIntervals	Lick
548.901	0.10000000000002274	TimeIntervals	Lick
549.03425	0.10000000000002274	TimeIntervals	Lick
549.201	0.06650000000013279	TimeIntervals	Lick
549.3342500000001	0.09999999999990905	TimeIntervals	Lick
549.501	0.06675000000018372	TimeIntervals	Lick
549.6345	0.10000000000002274	TimeIntervals	Lick
549.7677500000001	0.09999999999990905	TimeIntervals	Lick
549.901	0.10000000000002274	TimeIntervals	Lick
550.0345	0.0665000000000191	TimeIntervals	Lick
550.1677500000001	0.06674999999995634	TimeIntervals	Lick
550.2677500000001	0.09999999999990905	TimeIntervals	Lick
550.2677500000001	0.06675000000007003	TimeIntervals	Reward
550.401	0.30025000000011914	TimeIntervals	Lick
550.768	0.06650000000013279	TimeIntervals	Lick
550.868	0.09999999999990905	TimeIntervals	Lick
551.0012499999999	0.10000000000013642	TimeIntervals	Lick
551.1345	0.10000000000002274	TimeIntervals	Lick
551.268	0.06650000000013279	TimeIntervals	Lick
551.368	0.09999999999990905	TimeIntervals	Lick
551.5012499999999	0.10000000000013642	TimeIntervals	Lick
551.6345	0.20024999999998272	TimeIntervals	Lick
551.868	0.09999999999990905	TimeIntervals	Lick
552.0680000000001	0.03350000000000364	TimeIntervals	Lick
552.1680000000001	0.09999999999990905	TimeIntervals	Lick
552.3015000000001	0.09999999999990905	TimeIntervals	Lick
552.43475	0.10000000000002274	TimeIntervals	Lick
552.5680000000001	0.13350000000002638	TimeIntervals	Lick
552.7347500000001	0.10025000000007367	TimeIntervals	Lick
552.8682500000001	0.09999999999979536	TimeIntervals	Lick
553.0015	0.10000000000013642	TimeIntervals	Lick
553.1682500000001	0.06674999999995634	TimeIntervals	Lick
553.3015000000001	0.2667500000000018	TimeIntervals	Lick
554.00175	0.09999999999990905	TimeIntervals	Lick
554.50175	0.06674999999995634	TimeIntervals	Lick
555.13525	0.13324999999997544	TimeIntervals	Lick
555.3685000000002	0.09999999999979536	TimeIntervals	Lick
557.1355	0.2335000000000491	TimeIntervals	Lick
557.9354999999999	0.06674999999995634	TimeIntervals	Lick
558.1690000000001	0.16649999999992815	TimeIntervals	Lick
559.269	0.10000000000002274	TimeIntervals	Lick
559.4025	0.06675000000007003	TimeIntervals	Lick
560.4692500000001	0.20024999999986903	TimeIntervals	Lick
564.1365	0.10000000000013642	TimeIntervals	Lick
565.2700000000001	0.06675000000007003	TimeIntervals	Lick
566.3370000000001	0.06649999999990541	TimeIntervals	Lick
569.004	0.06650000000013279	TimeIntervals	Lick
569.1705000000001	0.06675000000007003	TimeIntervals	Lick
569.5374999999999	0.06650000000024647	TimeIntervals	Lick
573.6045	0.06675000000007003	TimeIntervals	Lick
576.5385	0.10000000000002274	TimeIntervals	Lick
576.67175	0.10000000000013642	TimeIntervals	Lick
576.8385000000001	0.09999999999990905	TimeIntervals	Lick
577.0050000000001	0.06699999999989359	TimeIntervals	Lick
577.1385	0.10000000000013642	TimeIntervals	Lick
577.2720000000002	0.10000000000002274	TimeIntervals	Lick
577.4052500000001	0.10000000000002274	TimeIntervals	Lick
577.572	0.0665000000000191	TimeIntervals	Lick
577.672	0.06650000000013279	TimeIntervals	Lick
577.7720000000002	0.10000000000002274	TimeIntervals	Lick
577.9052500000001	0.10000000000002274	TimeIntervals	Lick
578.0385	0.10025000000007367	TimeIntervals	Lick
578.2055	0.10000000000002274	TimeIntervals	Lick
578.3055	0.09999999999990905	TimeIntervals	Reward
578.3387500000001	0.09999999999979536	TimeIntervals	Lick
578.472	0.40000000000020464	TimeIntervals	Lick
578.9055	0.10000000000013642	TimeIntervals	Lick
579.03875	0.10000000000002274	TimeIntervals	Lick
579.172	0.06700000000012096	TimeIntervals	Lick
579.27225	0.10000000000013642	TimeIntervals	Lick
579.439	0.06650000000013279	TimeIntervals	Lick
579.57225	0.06675000000007003	TimeIntervals	Lick
579.6722500000001	0.09999999999990905	TimeIntervals	Lick
579.8055	0.20000000000004547	TimeIntervals	Lick
580.0390000000001	0.10000000000002274	TimeIntervals	Lick
580.1722500000001	0.09999999999990905	TimeIntervals	Lick
580.339	0.06674999999995634	TimeIntervals	Lick
580.439	0.10000000000013642	TimeIntervals	Lick
580.5725	0.10000000000002274	TimeIntervals	Lick
580.70575	0.10000000000013642	TimeIntervals	Lick
580.8725000000002	0.06649999999979173	TimeIntervals	Lick
581.00575	0.06674999999995634	TimeIntervals	Lick
581.1057500000001	0.09999999999990905	TimeIntervals	Lick
581.2390000000001	0.09999999999990905	TimeIntervals	Lick
581.3725000000002	0.09999999999968168	TimeIntervals	Lick
581.506	0.10000000000002274	TimeIntervals	Lick
581.6392500000001	0.10000000000002274	TimeIntervals	Lick
581.8060000000002	0.0665000000000191	TimeIntervals	Lick
581.9724999999999	0.16675000000020646	TimeIntervals	Lick
582.1725	0.10000000000013642	TimeIntervals	Lick
582.3060000000002	0.09999999999990905	TimeIntervals	Lick
582.4724999999999	0.06700000000023465	TimeIntervals	Lick
582.606	0.16675000000009277	TimeIntervals	Lick
582.8395	0.09999999999990905	TimeIntervals	Lick
582.9727499999999	0.10000000000013642	TimeIntervals	Lick
583.1395000000001	0.09999999999990905	TimeIntervals	Lick
583.2727500000001	0.10000000000013642	TimeIntervals	Lick
583.4727499999999	0.06675000000018372	TimeIntervals	Lick
583.7062500000001	0.09999999999990905	TimeIntervals	Lick
583.9062500000001	0.1667499999998654	TimeIntervals	Lick
584.1395000000001	0.1999999999999318	TimeIntervals	Lick
584.3730000000002	0.16649999999992815	TimeIntervals	Lick
584.60625	0.2667500000001155	TimeIntervals	Lick
584.973	0.06675000000007003	TimeIntervals	Lick
585.1065000000001	0.09999999999990905	TimeIntervals	Lick
585.273	0.10000000000013642	TimeIntervals	Lick
585.573	0.06675000000018372	TimeIntervals	Lick
585.8732500000001	0.2667500000000018	TimeIntervals	Lick
586.17325	0.23325000000011187	TimeIntervals	Lick
586.4399999999999	0.23325000000011187	TimeIntervals	Lick
586.74	0.0665000000000191	TimeIntervals	Lick
586.8735000000001	0.09999999999979536	TimeIntervals	Lick
587.00675	0.10000000000002274	TimeIntervals	Lick
587.1400000000001	0.09999999999990905	TimeIntervals	Lick
587.2735000000001	0.10000000000002274	TimeIntervals	Lick
587.5735	0.03325000000006639	TimeIntervals	Lick
587.6400000000001	0.06674999999984266	TimeIntervals	Lick
587.74	0.13350000000014006	TimeIntervals	Lick
587.9067500000001	0.10024999999995998	TimeIntervals	Lick
588.04025	0.10000000000002274	TimeIntervals	Lick
588.207	0.06650000000013279	TimeIntervals	Lick
588.4070000000002	0.2332499999998845	TimeIntervals	Lick
588.707	0.20000000000015916	TimeIntervals	Lick
588.9735	0.2335000000000491	TimeIntervals	Lick
589.2405	0.20000000000004547	TimeIntervals	Lick
589.5070000000001	0.33349999999995816	TimeIntervals	Lick
589.9405	0.09999999999990905	TimeIntervals	Lick
590.07375	0.10025000000007367	TimeIntervals	Lick
590.374	0.2665000000000646	TimeIntervals	Lick
590.70725	0.16674999999997908	TimeIntervals	Lick
590.9405	0.09999999999990905	TimeIntervals	Lick
591.1072499999999	0.06675000000018372	TimeIntervals	Lick
591.3075000000001	0.06649999999990541	TimeIntervals	Lick
591.4075	0.0665000000000191	TimeIntervals	Lick
591.54075	0.10000000000013642	TimeIntervals	Lick
591.6740000000001	0.13350000000002638	TimeIntervals	Lick
591.874	0.10000000000002274	TimeIntervals	Lick
592.0075	0.09999999999990905	TimeIntervals	Lick
592.2075000000001	0.0665000000000191	TimeIntervals	Lick
592.3407500000001	0.10024999999995998	TimeIntervals	Lick
592.47425	0.10000000000002274	TimeIntervals	Lick
592.941	0.0665000000000191	TimeIntervals	Lick
593.07425	0.10000000000002274	TimeIntervals	Lick
593.241	0.10000000000002274	TimeIntervals	Lick
593.3742500000001	0.1002499999998463	TimeIntervals	Lick
593.50775	0.10000000000002274	TimeIntervals	Lick
593.841	0.2335000000000491	TimeIntervals	Lick
594.10775	0.2667500000001155	TimeIntervals	Lick
594.4077500000001	0.16674999999997908	TimeIntervals	Lick
594.6745	0.06675000000007003	TimeIntervals	Lick
594.9744999999999	0.06675000000018372	TimeIntervals	Lick
595.34125	0.06675000000018372	TimeIntervals	Lick
595.77475	0.06674999999995634	TimeIntervals	Lick
596.4080000000001	0.1667499999998654	TimeIntervals	Lick
596.708	0.06700000000012096	TimeIntervals	Lick
596.9749999999999	0.10000000000025011	TimeIntervals	Lick
597.1082499999999	0.10000000000025011	TimeIntervals	Lick
597.3750000000001	0.16650000000004184	TimeIntervals	Lick
597.4082500000001	0.033249999999952706	TimeIntervals	Reward
597.5750000000002	0.06649999999990541	TimeIntervals	Lick
597.6750000000001	0.0665000000000191	TimeIntervals	Lick
597.7750000000001	0.06649999999990541	TimeIntervals	Lick
597.8750000000001	0.09999999999979536	TimeIntervals	Lick
598.0084999999999	0.10000000000002274	TimeIntervals	Lick
598.1417500000001	0.1999999999999318	TimeIntervals	Lick
598.4085	0.06649999999990541	TimeIntervals	Lick
598.5084999999999	0.10000000000002274	TimeIntervals	Lick
598.6417500000001	0.06674999999995634	TimeIntervals	Lick
598.74175	0.10000000000002274	TimeIntervals	Lick
598.8750000000001	0.09999999999979536	TimeIntervals	Lick
599.0084999999999	0.10000000000002274	TimeIntervals	Lick
599.1419999999999	0.10000000000002274	TimeIntervals	Lick
599.2752500000001	0.09999999999990905	TimeIntervals	Lick
599.442	0.033249999999952706	TimeIntervals	Lick
599.7752500000001	0.4334999999999809	TimeIntervals	Lick
600.2755000000001	0.6000000000000227	TimeIntervals	Lick
601.00875	0.06675000000018372	TimeIntervals	Lick
601.10875	0.10025000000018736	TimeIntervals	Lick
601.2422500000001	0.09999999999990905	TimeIntervals	Lick
601.3755000000001	0.09999999999990905	TimeIntervals	Lick
601.509	0.10000000000002274	TimeIntervals	Lick
601.6755000000002	0.23349999999993543	TimeIntervals	Lick
601.9422500000001	0.10000000000002274	TimeIntervals	Lick
602.109	0.06650000000013279	TimeIntervals	Lick
602.2422500000001	0.23349999999982174	TimeIntervals	Lick
602.609	0.20000000000004547	TimeIntervals	Lick
602.8757500000002	0.06674999999995634	TimeIntervals	Lick
603.009	0.06675000000007003	TimeIntervals	Lick
603.109	0.10000000000013642	TimeIntervals	Lick
603.2425	0.10000000000013642	TimeIntervals	Lick
603.40925	0.06674999999995634	TimeIntervals	Lick
603.6760000000002	0.2332499999998845	TimeIntervals	Lick
603.9425000000001	0.09999999999990905	TimeIntervals	Lick
604.076	0.16649999999992815	TimeIntervals	Lick
604.3092500000002	0.20024999999975535	TimeIntervals	Lick
604.576	0.06674999999995634	TimeIntervals	Lick
604.6760000000002	0.1334999999999127	TimeIntervals	Lick
604.8427500000001	0.09999999999990905	TimeIntervals	Lick
605.0095	0.0665000000000191	TimeIntervals	Lick
605.14275	0.06675000000007003	TimeIntervals	Lick
605.2760000000001	0.13350000000002638	TimeIntervals	Lick
605.44275	0.10024999999995998	TimeIntervals	Lick
605.5762500000001	0.10000000000002274	TimeIntervals	Lick
605.743	0.10000000000002274	TimeIntervals	Lick
605.87625	0.06674999999995634	TimeIntervals	Lick
606.0095	0.06675000000007003	TimeIntervals	Lick
606.1762500000001	0.06674999999995634	TimeIntervals	Lick
606.3430000000001	0.0665000000000191	TimeIntervals	Lick
606.47625	0.10000000000002274	TimeIntervals	Lick
606.643	0.10000000000002274	TimeIntervals	Lick
606.8097500000001	0.09999999999990905	TimeIntervals	Lick
606.943	0.10000000000002274	TimeIntervals	Lick
607.1097500000001	0.09999999999990905	TimeIntervals	Lick
607.243	0.10000000000002274	TimeIntervals	Lick
607.3765000000001	0.10000000000002274	TimeIntervals	Lick
607.50975	0.10000000000002274	TimeIntervals	Lick
607.6765000000001	0.06649999999990541	TimeIntervals	Lick
607.7765	0.10000000000002274	TimeIntervals	Lick
607.91	0.10000000000002274	TimeIntervals	Lick
608.0432500000001	0.09999999999990905	TimeIntervals	Lick
608.1765000000001	0.09999999999990905	TimeIntervals	Lick
608.3100000000002	0.09999999999979536	TimeIntervals	Lick
608.41	0.06650000000013279	TimeIntervals	Reward
608.4765000000001	0.06674999999995634	TimeIntervals	Lick
608.5765000000001	0.1999999999999318	TimeIntervals	Lick
608.8435000000001	0.06649999999990541	TimeIntervals	Lick
608.9767499999999	0.06675000000007003	TimeIntervals	Lick
609.0767500000001	0.10000000000002274	TimeIntervals	Lick
609.2100000000002	0.06674999999984266	TimeIntervals	Lick
609.3100000000002	0.09999999999979536	TimeIntervals	Lick
609.4767499999999	0.16675000000009277	TimeIntervals	Lick
609.6767500000001	0.09999999999990905	TimeIntervals	Lick
609.8435000000001	0.06649999999990541	TimeIntervals	Lick
609.9435	0.10000000000002274	TimeIntervals	Lick
610.1102500000001	0.16674999999997908	TimeIntervals	Lick
610.3102500000001	0.09999999999979536	TimeIntervals	Lick
610.4770000000001	0.10000000000002274	TimeIntervals	Lick
610.6102500000001	0.20000000000004547	TimeIntervals	Lick
610.8435000000001	0.09999999999990905	TimeIntervals	Lick
610.9770000000001	0.10000000000002274	TimeIntervals	Lick
611.1437500000001	0.06674999999995634	TimeIntervals	Lick
611.24375	0.06675000000018372	TimeIntervals	Lick
611.4770000000001	0.6335000000000264	TimeIntervals	Lick
612.17725	0.20000000000004547	TimeIntervals	Lick
612.4105	0.16675000000020646	TimeIntervals	Lick
612.7105	0.23349999999993543	TimeIntervals	Lick
613.144	0.2999999999999545	TimeIntervals	Lick
613.4775000000001	0.3332500000000209	TimeIntervals	Lick
613.8775	0.23324999999999818	TimeIntervals	Lick
614.1775	0.3000000000000682	TimeIntervals	Lick
614.5775000000001	0.06674999999984266	TimeIntervals	Lick
614.6775	0.13350000000014006	TimeIntervals	Lick
614.8775	0.06674999999995634	TimeIntervals	Lick
615.011	0.10000000000013642	TimeIntervals	Lick
615.1775	0.13350000000014006	TimeIntervals	Lick
615.3442500000001	0.1002499999998463	TimeIntervals	Lick
615.47775	0.10000000000013642	TimeIntervals	Lick
615.8777500000001	0.26674999999988813	TimeIntervals	Lick
616.1777500000001	0.06674999999995634	TimeIntervals	Lick
616.3110000000001	0.09999999999979536	TimeIntervals	Lick
616.6445	0.10000000000002274	TimeIntervals	Lick
616.8112500000002	0.26674999999988813	TimeIntervals	Lick
617.1445	0.10000000000002274	TimeIntervals	Lick
617.278	0.06650000000013279	TimeIntervals	Lick
617.41125	0.10000000000002274	TimeIntervals	Lick
617.8115	0.16650000000004184	TimeIntervals	Lick
618.14475	0.3332500000000209	TimeIntervals	Lick
618.5115	0.10000000000013642	TimeIntervals	Lick
618.7115000000001	0.29999999999984084	TimeIntervals	Lick
619.2115000000001	0.16674999999997908	TimeIntervals	Lick
619.47825	0.16675000000009277	TimeIntervals	Lick
619.7115000000001	0.09999999999990905	TimeIntervals	Lick
619.8785000000001	0.06649999999990541	TimeIntervals	Lick
620.0785	1.6667500000000928	TimeIntervals	Lick
621.812	0.20000000000004547	TimeIntervals	Lick
622.07875	0.13325000000008913	TimeIntervals	Lick
622.312	0.2667500000000018	TimeIntervals	Lick
622.6455	0.39999999999997726	TimeIntervals	Lick
623.07875	0.10025000000007367	TimeIntervals	Lick
623.2455000000001	0.10000000000002274	TimeIntervals	Lick
623.3790000000001	0.13324999999986176	TimeIntervals	Lick
623.71225	0.10000000000002274	TimeIntervals	Lick
623.8455000000001	0.13350000000002638	TimeIntervals	Lick
624.01225	0.10000000000013642	TimeIntervals	Lick
624.1790000000001	0.20000000000004547	TimeIntervals	Lick
624.4124999999999	0.23325000000022555	TimeIntervals	Lick
625.4459999999999	0.20000000000015916	TimeIntervals	Lick
625.67925	0.06675000000007003	TimeIntervals	Lick
626.3460000000001	0.06649999999979173	TimeIntervals	Lick
626.51275	0.06674999999995634	TimeIntervals	Lick
626.6460000000001	0.06675000000007003	TimeIntervals	Lick
626.7795000000001	0.10000000000002274	TimeIntervals	Lick
626.9459999999999	0.06675000000007003	TimeIntervals	Lick
627.0794999999999	0.06650000000013279	TimeIntervals	Lick
627.2127500000001	0.06674999999995634	TimeIntervals	Lick
627.3460000000001	0.09999999999979536	TimeIntervals	Lick
627.4795	0.06674999999995634	TimeIntervals	Reward
627.513	0.06649999999990541	TimeIntervals	Lick
627.613	0.2665000000000646	TimeIntervals	Lick
627.913	0.10000000000002274	TimeIntervals	Lick
628.04625	0.06675000000007003	TimeIntervals	Lick
628.1795	0.06675000000007003	TimeIntervals	Lick
628.3130000000001	0.0665000000000191	TimeIntervals	Lick
628.44625	0.06675000000007003	TimeIntervals	Lick
628.54625	0.10025000000018736	TimeIntervals	Lick
628.6797500000001	0.09999999999990905	TimeIntervals	Lick
628.8130000000001	0.09999999999990905	TimeIntervals	Lick
628.9464999999999	0.06650000000013279	TimeIntervals	Lick
629.07975	0.06675000000018372	TimeIntervals	Lick
629.1797500000001	0.09999999999990905	TimeIntervals	Lick
629.3465000000001	0.06649999999990541	TimeIntervals	Lick
629.4464999999999	0.10000000000013642	TimeIntervals	Lick
629.57975	0.10000000000013642	TimeIntervals	Lick
629.7130000000001	0.10025000000007367	TimeIntervals	Lick
629.8800000000001	0.06649999999979173	TimeIntervals	Lick
630.0132500000001	0.06674999999995634	TimeIntervals	Lick
630.1465000000002	0.06674999999984266	TimeIntervals	Lick
630.2800000000001	0.10000000000002274	TimeIntervals	Lick
630.41325	0.3332500000000209	TimeIntervals	Lick
630.7800000000001	0.10000000000002274	TimeIntervals	Lick
630.94675	0.06675000000007003	TimeIntervals	Lick
631.04675	0.13325000000008913	TimeIntervals	Lick
631.2135	0.10000000000025011	TimeIntervals	Lick
631.34675	0.09999999999990905	TimeIntervals	Lick
631.48	0.10000000000013642	TimeIntervals	Lick
631.6135	0.23324999999999818	TimeIntervals	Lick
631.8800000000001	0.1334999999999127	TimeIntervals	Lick
632.0469999999999	0.10000000000013642	TimeIntervals	Lick
632.18025	0.10000000000013642	TimeIntervals	Lick
632.3470000000002	0.033249999999952706	TimeIntervals	Lick
632.4802500000001	0.06674999999984266	TimeIntervals	Lick
632.6135	0.06674999999995634	TimeIntervals	Lick
632.7135	0.13350000000025375	TimeIntervals	Lick
632.8802500000002	0.09999999999990905	TimeIntervals	Lick
633.0135	0.10024999999995998	TimeIntervals	Lick
633.2137500000001	0.06674999999995634	TimeIntervals	Lick
633.3470000000002	0.09999999999968168	TimeIntervals	Lick
633.647	0.06675000000007003	TimeIntervals	Lick
633.81375	0.2667500000000018	TimeIntervals	Lick
634.7472500000001	0.1667499999998654	TimeIntervals	Lick
635.2475000000001	0.09999999999990905	TimeIntervals	Lick
635.714	0.1334999999999127	TimeIntervals	Lick
636.014	0.06674999999995634	TimeIntervals	Lick
636.1807500000001	0.06674999999995634	TimeIntervals	Lick
636.3140000000001	0.1002499999998463	TimeIntervals	Lick
636.481	0.10000000000002274	TimeIntervals	Lick
636.6475000000002	0.23349999999993543	TimeIntervals	Lick
636.9142499999999	0.10000000000013642	TimeIntervals	Lick
637.0475	0.10000000000013642	TimeIntervals	Lick
637.1810000000002	0.09999999999990905	TimeIntervals	Lick
637.3475	0.06700000000012096	TimeIntervals	Lick
637.44775	0.10000000000002274	TimeIntervals	Lick
637.581	0.06675000000007003	TimeIntervals	Lick
637.7145	0.0665000000000191	TimeIntervals	Lick
637.8145000000001	0.10000000000002274	TimeIntervals	Lick
637.94775	0.06675000000007003	TimeIntervals	Lick
638.081	0.06675000000007003	TimeIntervals	Lick
638.1810000000002	0.06674999999995634	TimeIntervals	Lick
638.3145000000001	0.0665000000000191	TimeIntervals	Lick
638.44775	0.06675000000007003	TimeIntervals	Lick
638.548	0.10000000000002274	TimeIntervals	Reward
638.548	0.0665000000000191	TimeIntervals	Lick
638.648	0.39999999999997726	TimeIntervals	Lick
639.0812500000001	0.06674999999995634	TimeIntervals	Lick
639.2145	0.06675000000007003	TimeIntervals	Lick
639.3480000000001	0.0665000000000191	TimeIntervals	Lick
639.448	0.10000000000002274	TimeIntervals	Lick
639.5812500000001	0.06674999999995634	TimeIntervals	Lick
639.7147500000001	0.06675000000007003	TimeIntervals	Lick
639.81475	0.10000000000002274	TimeIntervals	Lick
639.948	0.20000000000004547	TimeIntervals	Lick
640.2147500000001	0.06675000000007003	TimeIntervals	Lick
640.31475	0.10000000000002274	TimeIntervals	Lick
640.448	0.10000000000002274	TimeIntervals	Lick
640.5815	0.10000000000002274	TimeIntervals	Lick
640.7150000000001	0.09999999999990905	TimeIntervals	Lick
640.8482500000001	0.09999999999979536	TimeIntervals	Lick
641.0150000000001	0.06649999999990541	TimeIntervals	Lick
641.1482500000002	0.06674999999995634	TimeIntervals	Lick
641.2482500000001	0.10000000000002274	TimeIntervals	Lick
641.3815000000001	0.10000000000002274	TimeIntervals	Lick
641.5150000000001	0.09999999999990905	TimeIntervals	Lick
641.6482500000002	0.09999999999990905	TimeIntervals	Lick
641.7815000000002	0.10024999999995998	TimeIntervals	Lick
641.915	0.13350000000002638	TimeIntervals	Lick
642.0817499999999	0.06675000000018372	TimeIntervals	Lick
642.2150000000001	0.09999999999990905	TimeIntervals	Lick
642.3817500000001	0.06674999999984266	TimeIntervals	Lick
642.515	0.06674999999995634	TimeIntervals	Lick
642.615	0.10000000000013642	TimeIntervals	Lick
642.7817500000001	0.10000000000002274	TimeIntervals	Lick
642.915	0.10025000000007367	TimeIntervals	Lick
643.082	0.06650000000013279	TimeIntervals	Lick
643.21525	0.10000000000013642	TimeIntervals	Lick
643.482	0.10000000000002274	TimeIntervals	Lick
643.6152500000001	0.09999999999990905	TimeIntervals	Lick
643.7485000000001	0.10000000000002274	TimeIntervals	Lick
643.8820000000001	0.09999999999990905	TimeIntervals	Lick
644.0155000000001	0.09999999999990905	TimeIntervals	Lick
644.44875	0.20000000000004547	TimeIntervals	Lick
644.6820000000001	0.06675000000007003	TimeIntervals	Lick
644.8155000000002	0.09999999999979536	TimeIntervals	Lick
644.94875	0.09999999999990905	TimeIntervals	Lick
645.1155	0.06675000000007003	TimeIntervals	Lick
645.249	0.06650000000013279	TimeIntervals	Lick
645.6490000000001	0.09999999999990905	TimeIntervals	Lick
645.949	0.06650000000013279	TimeIntervals	Lick
646.9825	0.10000000000013642	TimeIntervals	Lick
647.1157499999999	0.06675000000018372	TimeIntervals	Lick
647.2825	0.10000000000013642	TimeIntervals	Lick
647.4825	0.10000000000013642	TimeIntervals	Lick
647.7492500000001	0.06675000000007003	TimeIntervals	Lick
647.8825000000002	0.09999999999979536	TimeIntervals	Lick
648.04925	0.13325000000008913	TimeIntervals	Lick
648.216	0.13324999999997544	TimeIntervals	Lick
648.3825000000002	0.1002499999998463	TimeIntervals	Lick
648.8495000000001	0.06649999999990541	TimeIntervals	Lick
649.016	0.06675000000007003	TimeIntervals	Lick
649.4495000000001	0.06674999999984266	TimeIntervals	Lick
650.0495	0.06675000000007003	TimeIntervals	Lick
650.7165	0.2665000000000646	TimeIntervals	Lick
651.1830000000001	0.06674999999995634	TimeIntervals	Lick
651.9165000000002	0.09999999999968168	TimeIntervals	Lick
652.4165000000002	0.033499999999776264	TimeIntervals	Lick
652.5832500000001	0.30025000000000546	TimeIntervals	Lick
655.98375	0.13350000000014006	TimeIntervals	Lick
657.384	0.06674999999995634	TimeIntervals	Lick
659.51775	0.13324999999997544	TimeIntervals	Lick
660.9512500000001	0.09999999999990905	TimeIntervals	Lick
661.218	0.10000000000025011	TimeIntervals	Lick
661.3845000000001	0.06674999999995634	TimeIntervals	Lick
662.38475	0.06674999999995634	TimeIntervals	Lick
666.3520000000001	0.06674999999984266	TimeIntervals	Lick
667.35225	0.10000000000002274	TimeIntervals	Lick
667.519	0.0665000000000191	TimeIntervals	Lick
667.6522500000001	0.06675000000007003	TimeIntervals	Lick
667.75225	0.10000000000002274	TimeIntervals	Lick
667.8855000000001	0.09999999999990905	TimeIntervals	Lick
668.019	0.10000000000002274	TimeIntervals	Lick
668.1525000000001	0.0665000000000191	TimeIntervals	Lick
668.2525	0.10000000000002274	TimeIntervals	Lick
668.38575	0.06674999999995634	TimeIntervals	Lick
668.48575	0.10000000000013642	TimeIntervals	Lick
668.619	0.06675000000007003	TimeIntervals	Lick
668.7525	0.0665000000000191	TimeIntervals	Lick
668.8525000000001	0.0665000000000191	TimeIntervals	Lick
668.98575	0.06674999999995634	TimeIntervals	Lick
669.0857500000002	0.06674999999995634	TimeIntervals	Lick
669.2190000000002	0.06700000000000728	TimeIntervals	Lick
669.31925	0.10000000000002274	TimeIntervals	Lick
669.4525	0.10000000000002274	TimeIntervals	Lick
669.5860000000001	0.0665000000000191	TimeIntervals	Lick
669.6192500000001	0.06675000000007003	TimeIntervals	Reward
669.6860000000001	0.10000000000002274	TimeIntervals	Lick
669.81925	0.06674999999995634	TimeIntervals	Lick
669.91925	0.09999999999990905	TimeIntervals	Lick
670.0525	0.06675000000007003	TimeIntervals	Lick
670.1525000000001	0.09999999999990905	TimeIntervals	Lick
670.31925	0.06674999999995634	TimeIntervals	Lick
670.4195	0.0665000000000191	TimeIntervals	Lick
670.5195	0.10000000000002274	TimeIntervals	Lick
670.65275	0.10000000000013642	TimeIntervals	Lick
670.7860000000002	0.1999999999998181	TimeIntervals	Lick
671.0195	0.10000000000002274	TimeIntervals	Lick
671.1860000000001	0.10000000000002274	TimeIntervals	Lick
671.3195000000001	0.09999999999990905	TimeIntervals	Lick
671.4530000000001	0.09999999999990905	TimeIntervals	Lick
671.5862500000001	0.10000000000013642	TimeIntervals	Lick
671.7195000000002	0.09999999999990905	TimeIntervals	Lick
671.8530000000001	0.10000000000002274	TimeIntervals	Lick
672.053	0.03325000000006639	TimeIntervals	Lick
672.1862500000002	0.06674999999995634	TimeIntervals	Lick
672.28625	0.10000000000013642	TimeIntervals	Lick
672.4195	0.10000000000002274	TimeIntervals	Lick
672.7865	0.16650000000004184	TimeIntervals	Lick
673.01975	0.06675000000007003	TimeIntervals	Lick
673.3865000000001	0.13324999999997544	TimeIntervals	Lick
673.653	0.06700000000000728	TimeIntervals	Lick
673.7865	0.10000000000002274	TimeIntervals	Lick
674.12	0.0665000000000191	TimeIntervals	Lick
674.8200000000002	0.09999999999979536	TimeIntervals	Lick
675.5200000000001	0.09999999999990905	TimeIntervals	Lick
676.2535000000001	0.09999999999990905	TimeIntervals	Lick
678.0540000000001	0.09999999999990905	TimeIntervals	Lick
678.3872500000001	0.10000000000002274	TimeIntervals	Lick
679.3540000000002	0.03350000000000364	TimeIntervals	Lick
683.42125	0.09999999999990905	TimeIntervals	Lick
683.5545000000001	0.06700000000000728	TimeIntervals	Lick
683.65475	0.10000000000002274	TimeIntervals	Lick
683.788	0.10000000000013642	TimeIntervals	Lick
683.9214999999999	0.06650000000024647	TimeIntervals	Lick
684.0215	0.10000000000013642	TimeIntervals	Lick
684.15475	0.06674999999995634	TimeIntervals	Lick
684.288	0.06675000000007003	TimeIntervals	Lick
684.3880000000001	0.1999999999999318	TimeIntervals	Lick
684.6215000000001	0.06675000000007003	TimeIntervals	Lick
684.7215	0.10000000000002274	TimeIntervals	Lick
684.855	0.06649999999990541	TimeIntervals	Lick
684.9549999999999	0.0665000000000191	TimeIntervals	Lick
685.055	0.10000000000013642	TimeIntervals	Lick
685.1882500000002	0.06674999999995634	TimeIntervals	Lick
685.2882500000001	0.10000000000002274	TimeIntervals	Lick
685.4214999999999	0.06675000000018372	TimeIntervals	Lick
685.555	0.06650000000013279	TimeIntervals	Lick
685.6550000000001	0.10000000000002274	TimeIntervals	Lick
685.6550000000001	0.10000000000002274	TimeIntervals	Reward
685.7885000000001	0.5	TimeIntervals	Lick
686.3217500000001	0.09999999999990905	TimeIntervals	Lick
686.4549999999999	0.06675000000007003	TimeIntervals	Lick
686.555	0.10000000000013642	TimeIntervals	Lick
686.6885000000002	0.09999999999990905	TimeIntervals	Lick
686.8217500000001	0.06674999999995634	TimeIntervals	Lick
686.95525	0.06675000000007003	TimeIntervals	Lick
687.0552499999999	0.10000000000025011	TimeIntervals	Lick
687.1885000000002	0.1999999999998181	TimeIntervals	Lick
687.4219999999999	0.10000000000013642	TimeIntervals	Lick
687.5552499999999	0.10000000000025011	TimeIntervals	Lick
687.6885000000002	0.06674999999995634	TimeIntervals	Lick
687.7885000000001	0.09999999999990905	TimeIntervals	Lick
687.9555	0.0665000000000191	TimeIntervals	Lick
688.08875	0.06674999999995634	TimeIntervals	Lick
688.2220000000001	0.06675000000007003	TimeIntervals	Lick
688.3555	0.10000000000002274	TimeIntervals	Lick
688.48875	0.10000000000002274	TimeIntervals	Lick
688.622	0.10000000000013642	TimeIntervals	Lick
688.7555000000002	0.09999999999979536	TimeIntervals	Lick
688.9219999999999	0.06675000000007003	TimeIntervals	Lick
689.0554999999999	0.06675000000007003	TimeIntervals	Lick
689.1555	0.10000000000025011	TimeIntervals	Lick
689.2890000000002	0.09999999999990905	TimeIntervals	Lick
689.4222500000001	0.09999999999990905	TimeIntervals	Lick
689.5554999999999	0.10000000000002274	TimeIntervals	Lick
689.689	0.10000000000025011	TimeIntervals	Lick
689.82225	0.10000000000002274	TimeIntervals	Lick
689.989	0.06649999999990541	TimeIntervals	Lick
690.2225	0.23324999999999818	TimeIntervals	Lick
690.55575	0.13324999999997544	TimeIntervals	Lick
690.7890000000002	0.09999999999990905	TimeIntervals	Lick
690.9225	0.10000000000002274	TimeIntervals	Lick
691.089	0.09999999999990905	TimeIntervals	Lick
691.8892500000002	0.09999999999990905	TimeIntervals	Lick
692.3225	0.1334999999999127	TimeIntervals	Lick
692.52275	0.06675000000007003	TimeIntervals	Lick
693.3560000000001	0.1334999999999127	TimeIntervals	Lick
695.5565	0.2335000000000491	TimeIntervals	Lick
695.82325	0.10000000000002274	TimeIntervals	Lick
698.0235	0.2667500000000018	TimeIntervals	Lick
698.49025	0.06675000000007003	TimeIntervals	Lick
698.6235	0.06675000000007003	TimeIntervals	Lick
698.79025	0.10000000000013642	TimeIntervals	Lick
698.9905	0.10000000000002274	TimeIntervals	Lick
699.9237499999999	0.03325000000006639	TimeIntervals	Lick
699.9905	0.20000000000015916	TimeIntervals	Lick
702.3910000000001	0.0665000000000191	TimeIntervals	Lick
702.5242499999999	0.10000000000013642	TimeIntervals	Lick
702.6575	0.10000000000002274	TimeIntervals	Lick
702.7910000000002	0.06649999999990541	TimeIntervals	Lick
702.92425	0.06674999999995634	TimeIntervals	Lick
703.0242499999999	0.10000000000013642	TimeIntervals	Lick
703.1575	0.06675000000018372	TimeIntervals	Lick
703.2575	0.10025000000007367	TimeIntervals	Lick
703.3910000000001	0.09999999999990905	TimeIntervals	Lick
703.5245	0.0665000000000191	TimeIntervals	Lick
703.6577500000001	0.06675000000007003	TimeIntervals	Lick
703.7577500000001	0.06675000000007003	TimeIntervals	Lick
703.8577500000001	0.09999999999979536	TimeIntervals	Lick
703.991	0.06675000000007003	TimeIntervals	Lick
704.091	0.10000000000013642	TimeIntervals	Lick
704.2245000000001	0.0665000000000191	TimeIntervals	Lick
704.3245000000002	0.09999999999979536	TimeIntervals	Lick
704.458	0.10000000000002274	TimeIntervals	Lick
704.59125	0.06675000000018372	TimeIntervals	Lick
704.69125	0.10000000000025011	TimeIntervals	Lick
704.7245000000001	0.10000000000002274	TimeIntervals	Reward
704.8245000000002	0.5	TimeIntervals	Lick
705.3580000000001	0.09999999999990905	TimeIntervals	Lick
705.49125	0.06674999999995634	TimeIntervals	Lick
705.5915	0.10000000000002274	TimeIntervals	Lick
705.72475	0.10000000000002274	TimeIntervals	Lick
705.8580000000001	0.09999999999990905	TimeIntervals	Lick
705.9915000000001	0.09999999999990905	TimeIntervals	Lick
706.1247500000001	0.06674999999995634	TimeIntervals	Lick
706.22475	0.10000000000002274	TimeIntervals	Lick
706.3580000000001	0.09999999999990905	TimeIntervals	Lick
706.4915000000001	0.06649999999990541	TimeIntervals	Lick
706.625	0.0665000000000191	TimeIntervals	Lick
706.725	0.10000000000013642	TimeIntervals	Lick
706.8582500000001	0.09999999999990905	TimeIntervals	Lick
706.9915000000001	0.06674999999995634	TimeIntervals	Lick
707.0915	0.10000000000002274	TimeIntervals	Lick
707.225	0.10000000000013642	TimeIntervals	Lick
707.3582500000001	0.09999999999990905	TimeIntervals	Lick
707.4915000000001	0.09999999999990905	TimeIntervals	Lick
707.6582500000001	0.06674999999995634	TimeIntervals	Lick
707.8917500000001	0.16674999999997908	TimeIntervals	Lick
708.125	0.10000000000002274	TimeIntervals	Lick
708.2917500000002	0.1667499999998654	TimeIntervals	Lick
708.4917499999999	0.16675000000020646	TimeIntervals	Lick
708.69175	0.2335000000000491	TimeIntervals	Lick
708.9585000000001	0.10000000000002274	TimeIntervals	Lick
709.0920000000001	0.09999999999990905	TimeIntervals	Lick
709.2584999999999	0.2335000000001628	TimeIntervals	Lick
709.5252499999999	0.10000000000013642	TimeIntervals	Lick
709.6585000000001	0.09999999999979536	TimeIntervals	Lick
709.7920000000001	0.09999999999990905	TimeIntervals	Lick
709.9255000000002	0.09999999999968168	TimeIntervals	Lick
710.0920000000001	0.06674999999995634	TimeIntervals	Lick
710.2920000000001	0.23349999999970805	TimeIntervals	Lick
710.55875	0.7667500000000018	TimeIntervals	Lick
711.5590000000001	0.10000000000002274	TimeIntervals	Lick
711.7255	0.13350000000014006	TimeIntervals	Lick
711.959	0.10000000000013642	TimeIntervals	Lick
712.1257500000002	0.06674999999995634	TimeIntervals	Lick
712.3925	0.13324999999997544	TimeIntervals	Lick
712.5590000000001	0.06675000000007003	TimeIntervals	Lick
712.6925000000001	0.09999999999990905	TimeIntervals	Lick
712.8925	0.23325000000011187	TimeIntervals	Lick
713.1925000000001	0.09999999999990905	TimeIntervals	Lick
713.326	0.13324999999997544	TimeIntervals	Lick
713.4925	0.10000000000013642	TimeIntervals	Lick
713.65925	0.06674999999995634	TimeIntervals	Lick
714.2925	0.20024999999986903	TimeIntervals	Lick
714.526	0.36675000000013824	TimeIntervals	Lick
714.9595	0.06649999999990541	TimeIntervals	Lick
715.0927500000001	0.10000000000002274	TimeIntervals	Lick
715.5595	0.10000000000013642	TimeIntervals	Lick
715.7595000000001	0.06674999999995634	TimeIntervals	Lick
715.92625	0.06674999999995634	TimeIntervals	Lick
716.0595	0.10000000000013642	TimeIntervals	Lick
716.22625	0.10000000000002274	TimeIntervals	Lick
716.3595	0.10000000000002274	TimeIntervals	Lick
716.4929999999999	0.10000000000002274	TimeIntervals	Lick
716.6265	0.10000000000013642	TimeIntervals	Lick
716.75975	0.10000000000002274	TimeIntervals	Lick
716.893	0.06674999999995634	TimeIntervals	Lick
717.0265	0.06649999999990541	TimeIntervals	Lick
717.15975	0.10000000000002274	TimeIntervals	Lick
717.3265000000001	0.06649999999990541	TimeIntervals	Lick
717.45975	0.06675000000007003	TimeIntervals	Lick
717.55975	0.10024999999995998	TimeIntervals	Lick
717.6932500000001	0.10000000000002274	TimeIntervals	Lick
717.8265000000001	0.09999999999990905	TimeIntervals	Lick
717.8265000000001	0.03349999999988995	TimeIntervals	Reward
717.96	0.16649999999992815	TimeIntervals	Lick
718.1932500000001	0.06674999999984266	TimeIntervals	Lick
718.2932500000002	0.09999999999990905	TimeIntervals	Lick
718.46	0.0665000000000191	TimeIntervals	Lick
718.59325	0.06674999999995634	TimeIntervals	Lick
718.6935	0.10000000000013642	TimeIntervals	Lick
718.8267500000001	0.10000000000002274	TimeIntervals	Lick
718.96	0.09999999999990905	TimeIntervals	Lick
719.0935000000001	0.06649999999990541	TimeIntervals	Lick
719.1935	0.10000000000013642	TimeIntervals	Lick
719.3267500000001	0.10000000000002274	TimeIntervals	Lick
719.4935	0.06649999999990541	TimeIntervals	Lick
719.62675	0.06674999999995634	TimeIntervals	Lick
719.72675	0.13350000000002638	TimeIntervals	Lick
719.8935000000001	0.09999999999990905	TimeIntervals	Lick
720.027	0.09999999999990905	TimeIntervals	Lick
720.1935	0.10000000000013642	TimeIntervals	Lick
720.3270000000001	0.09999999999990905	TimeIntervals	Lick
720.4602500000001	0.2332499999998845	TimeIntervals	Lick
720.7270000000001	0.7334999999999354	TimeIntervals	Lick
721.527	0.09999999999990905	TimeIntervals	Lick
721.6605000000001	0.10000000000002274	TimeIntervals	Lick
721.7937500000002	0.09999999999990905	TimeIntervals	Lick
721.927	0.10025000000007367	TimeIntervals	Lick
722.22725	0.4667499999999336	TimeIntervals	Lick
722.72725	0.1999999999999318	TimeIntervals	Lick
723.0272500000001	0.20024999999998272	TimeIntervals	Lick
723.2607499999999	0.16675000000009277	TimeIntervals	Lick
723.494	0.06674999999995634	TimeIntervals	Lick
723.6275	0.10000000000002274	TimeIntervals	Lick
723.894	0.16674999999997908	TimeIntervals	Lick
724.1275	0.06649999999990541	TimeIntervals	Lick
724.2275000000001	0.10000000000002274	TimeIntervals	Lick
724.3942499999999	0.10000000000013642	TimeIntervals	Lick
724.5275	0.10000000000002274	TimeIntervals	Lick
724.8275000000001	0.06674999999984266	TimeIntervals	Lick
725.1610000000002	0.06649999999990541	TimeIntervals	Lick
725.261	0.10000000000013642	TimeIntervals	Lick
725.42775	0.10000000000002274	TimeIntervals	Lick
725.6277500000001	0.06674999999995634	TimeIntervals	Lick
725.92775	0.06675000000007003	TimeIntervals	Lick
726.0945000000002	0.1999999999998181	TimeIntervals	Lick
726.32775	0.20024999999998272	TimeIntervals	Lick
726.6612500000001	0.1999999999999318	TimeIntervals	Lick
726.96125	0.10000000000002274	TimeIntervals	Lick
727.1280000000002	0.06649999999990541	TimeIntervals	Lick
727.2280000000001	0.2332499999998845	TimeIntervals	Lick
727.4945	0.10025000000007367	TimeIntervals	Lick
727.6615000000002	0.09999999999990905	TimeIntervals	Lick
727.99475	0.06675000000007003	TimeIntervals	Lick
728.0947500000001	0.2999999999999545	TimeIntervals	Lick
728.4615	0.0665000000000191	TimeIntervals	Lick
728.7282500000001	0.16674999999997908	TimeIntervals	Lick
728.9282499999999	0.23325000000022555	TimeIntervals	Lick
729.2615000000001	0.10000000000013642	TimeIntervals	Lick
729.3950000000001	0.09999999999990905	TimeIntervals	Lick
729.62825	0.16675000000009277	TimeIntervals	Lick
729.8285	0.10000000000002274	TimeIntervals	Lick
729.96175	0.10000000000002274	TimeIntervals	Lick
730.095	0.10000000000002274	TimeIntervals	Lick
730.2285000000002	0.09999999999979536	TimeIntervals	Lick
730.3950000000001	0.06674999999995634	TimeIntervals	Lick
730.7285000000002	0.26674999999988813	TimeIntervals	Lick
731.062	0.10000000000013642	TimeIntervals	Lick
731.2952500000001	0.06674999999995634	TimeIntervals	Lick
731.462	0.06649999999990541	TimeIntervals	Lick
731.6285000000001	0.3334999999998445	TimeIntervals	Lick
731.9955	0.16650000000015552	TimeIntervals	Lick
732.1955000000002	0.06649999999990541	TimeIntervals	Lick
732.3955000000001	0.16649999999992815	TimeIntervals	Lick
732.5955	0.10000000000013642	TimeIntervals	Lick
733.029	0.0665000000000191	TimeIntervals	Lick
733.129	0.13324999999997544	TimeIntervals	Lick
733.3622500000001	1.1334999999999127	TimeIntervals	Lick
734.6625	0.6000000000001364	TimeIntervals	Lick
735.3625000000001	0.13350000000002638	TimeIntervals	Lick
735.6959999999999	0.16650000000015552	TimeIntervals	Lick
735.9960000000001	0.2665000000000646	TimeIntervals	Lick
736.3627500000001	0.13324999999997544	TimeIntervals	Lick
736.5295000000001	0.06649999999990541	TimeIntervals	Lick
736.6295	0.13324999999997544	TimeIntervals	Lick
736.7960000000002	0.09999999999990905	TimeIntervals	Lick
736.9295000000001	0.10000000000002274	TimeIntervals	Lick
737.06275	0.10000000000002274	TimeIntervals	Lick
737.26275	0.06674999999995634	TimeIntervals	Lick
737.4295000000001	0.06674999999995634	TimeIntervals	Lick
737.5630000000001	0.06649999999990541	TimeIntervals	Lick
737.69625	0.10000000000013642	TimeIntervals	Lick
737.8630000000002	0.06649999999990541	TimeIntervals	Lick
737.99625	0.10000000000002274	TimeIntervals	Lick
738.1295	0.10000000000002274	TimeIntervals	Lick
738.263	0.10000000000013642	TimeIntervals	Lick
738.39625	0.10025000000007367	TimeIntervals	Lick
738.5297499999999	0.10000000000013642	TimeIntervals	Lick
738.663	0.10000000000002274	TimeIntervals	Lick
738.7965000000002	0.09999999999990905	TimeIntervals	Lick
738.92975	0.06675000000007003	TimeIntervals	Lick
739.0630000000001	0.06674999999995634	TimeIntervals	Lick
739.163	0.10000000000002274	TimeIntervals	Lick
739.2965000000002	0.09999999999990905	TimeIntervals	Lick
739.42975	0.09999999999990905	TimeIntervals	Lick
739.5630000000001	0.10024999999995998	TimeIntervals	Lick
739.6965	0.06675000000007003	TimeIntervals	Lick
739.83	0.0665000000000191	TimeIntervals	Lick
739.8632500000002	0.09999999999979536	TimeIntervals	Reward
739.93	0.10000000000002274	TimeIntervals	Lick
740.1300000000001	0.3999999999998636	TimeIntervals	Lick
740.5965	0.06700000000000728	TimeIntervals	Lick
740.7299999999999	0.06675000000007003	TimeIntervals	Lick
740.83	0.09999999999990905	TimeIntervals	Lick
740.9635	0.10000000000025011	TimeIntervals	Lick
741.09675	0.10000000000002274	TimeIntervals	Lick
741.2299999999999	0.10000000000013642	TimeIntervals	Lick
741.3635000000003	0.06649999999967804	TimeIntervals	Lick
741.49675	0.06675000000018372	TimeIntervals	Lick
741.6300000000001	0.06674999999995634	TimeIntervals	Lick
741.7635	0.10000000000025011	TimeIntervals	Lick
741.897	0.20000000000004547	TimeIntervals	Lick
742.1635	0.10000000000002274	TimeIntervals	Lick
742.297	0.10000000000002274	TimeIntervals	Lick
742.4302499999999	0.10000000000002274	TimeIntervals	Lick
742.5635000000002	0.09999999999979536	TimeIntervals	Lick
742.6970000000001	0.09999999999990905	TimeIntervals	Lick
742.8302500000001	0.1002499999998463	TimeIntervals	Lick
742.997	0.20000000000015916	TimeIntervals	Lick
743.2305	0.10000000000002274	TimeIntervals	Lick
743.3637500000001	0.09999999999990905	TimeIntervals	Lick
743.497	0.10000000000013642	TimeIntervals	Lick
743.6305000000001	0.09999999999990905	TimeIntervals	Lick
743.797	0.06675000000007003	TimeIntervals	Lick
743.964	0.20000000000004547	TimeIntervals	Lick
744.19725	0.16675000000009277	TimeIntervals	Lick
744.4304999999999	0.16675000000009277	TimeIntervals	Lick
744.6640000000001	0.2664999999998372	TimeIntervals	Lick
744.964	0.09999999999979536	TimeIntervals	Lick
745.1307500000001	0.10000000000002274	TimeIntervals	Lick
745.43075	0.20000000000015916	TimeIntervals	Lick
745.6975	0.06650000000013279	TimeIntervals	Lick
745.964	0.30025000000000546	TimeIntervals	Lick
746.331	0.06650000000013279	TimeIntervals	Lick
746.4975	0.06675000000007003	TimeIntervals	Lick
746.631	0.10000000000013642	TimeIntervals	Lick
746.7642500000001	0.13325000000008913	TimeIntervals	Lick
746.9975	0.10000000000002274	TimeIntervals	Lick
747.131	0.10000000000013642	TimeIntervals	Lick
747.2977500000001	0.10000000000002274	TimeIntervals	Lick
747.7645000000001	0.2664999999998372	TimeIntervals	Lick
748.0645	0.20000000000015916	TimeIntervals	Lick
748.331	0.06700000000000728	TimeIntervals	Lick
748.53125	0.10000000000002274	TimeIntervals	Lick
749.6315	0.20000000000004547	TimeIntervals	Lick
749.9315	0.0665000000000191	TimeIntervals	Lick
750.2980000000001	0.09999999999990905	TimeIntervals	Lick
750.6315	0.10000000000013642	TimeIntervals	Lick
750.965	0.10000000000002274	TimeIntervals	Lick
751.3315	0.06675000000018372	TimeIntervals	Lick
752.5985	0.10000000000002274	TimeIntervals	Lick
753.8320000000001	0.06674999999995634	TimeIntervals	Lick
753.932	0.06674999999995634	TimeIntervals	Reward
754.09875	0.10000000000002274	TimeIntervals	Lick
754.232	0.06675000000007003	TimeIntervals	Lick
754.3320000000001	0.06674999999995634	TimeIntervals	Lick
754.432	0.20000000000004547	TimeIntervals	Lick
754.69875	0.06675000000007003	TimeIntervals	Lick
754.79875	0.06675000000007003	TimeIntervals	Lick
754.932	0.06700000000000728	TimeIntervals	Lick
755.0322500000001	0.10000000000002274	TimeIntervals	Lick
755.1655000000001	0.06674999999995634	TimeIntervals	Lick
755.2655000000001	0.10000000000002274	TimeIntervals	Lick
755.3990000000001	0.06649999999990541	TimeIntervals	Lick
755.499	0.10000000000002274	TimeIntervals	Lick
755.6322500000001	0.06674999999995634	TimeIntervals	Lick
755.73225	0.10000000000002274	TimeIntervals	Lick
755.8655000000001	0.20000000000004547	TimeIntervals	Lick
756.099	0.10000000000002274	TimeIntervals	Lick
756.2325	0.10000000000013642	TimeIntervals	Lick
756.3990000000001	0.09999999999990905	TimeIntervals	Lick
756.5325	0.10000000000002274	TimeIntervals	Lick
756.6657500000001	0.10000000000002274	TimeIntervals	Lick
756.8325000000001	0.0665000000000191	TimeIntervals	Lick
756.9325	0.2667500000001155	TimeIntervals	Lick
757.3325000000001	0.1999999999999318	TimeIntervals	Lick
757.6660000000002	0.16649999999992815	TimeIntervals	Lick
758.53275	0.10000000000013642	TimeIntervals	Lick
759.266	0.3670000000001892	TimeIntervals	Lick
760.433	0.06675000000007003	TimeIntervals	Lick
761.6665000000002	0.06674999999995634	TimeIntervals	Lick
761.8000000000001	0.0665000000000191	TimeIntervals	Lick
762.9000000000001	0.09999999999990905	TimeIntervals	Lick
763.3335000000001	0.10000000000002274	TimeIntervals	Lick
765.73375	0.10000000000013642	TimeIntervals	Lick
765.8670000000001	0.1002499999998463	TimeIntervals	Lick
766.0005000000001	0.09999999999990905	TimeIntervals	Lick
766.134	0.10000000000002274	TimeIntervals	Lick
766.26725	0.06675000000018372	TimeIntervals	Lick
766.4005000000001	0.06674999999984266	TimeIntervals	Lick
766.5005000000001	0.06674999999995634	TimeIntervals	Lick
766.634	0.0665000000000191	TimeIntervals	Lick
766.734	0.06650000000013279	TimeIntervals	Lick
766.8340000000002	0.09999999999990905	TimeIntervals	Lick
766.9672499999999	0.06675000000007003	TimeIntervals	Lick
767.1007500000001	0.06674999999995634	TimeIntervals	Lick
767.2007500000001	0.06674999999995634	TimeIntervals	Lick
767.3007500000001	0.09999999999990905	TimeIntervals	Lick
767.4340000000001	0.09999999999990905	TimeIntervals	Lick
767.5675000000001	0.06649999999990541	TimeIntervals	Lick
767.7007500000001	0.06674999999995634	TimeIntervals	Lick
767.8007500000001	0.09999999999990905	TimeIntervals	Lick
767.9340000000001	0.09999999999990905	TimeIntervals	Lick
767.9340000000001	0.09999999999990905	TimeIntervals	Reward
768.0675000000001	0.5	TimeIntervals	Lick
768.601	0.10000000000002274	TimeIntervals	Lick
768.73425	0.06675000000018372	TimeIntervals	Lick
768.8675000000002	0.06674999999984266	TimeIntervals	Lick
768.9675	0.10000000000013642	TimeIntervals	Lick
769.1342500000001	0.06674999999995634	TimeIntervals	Lick
769.2345	0.10000000000002274	TimeIntervals	Lick
769.36775	0.09999999999990905	TimeIntervals	Lick
769.501	0.06675000000018372	TimeIntervals	Lick
769.6345	0.0665000000000191	TimeIntervals	Lick
769.7345	0.10000000000002274	TimeIntervals	Lick
769.86775	0.20000000000015916	TimeIntervals	Lick
770.101	0.10000000000002274	TimeIntervals	Lick
770.2345	0.10000000000002274	TimeIntervals	Lick
770.40125	0.06674999999995634	TimeIntervals	Lick
770.5345	0.06675000000007003	TimeIntervals	Lick
770.668	0.10000000000002274	TimeIntervals	Lick
770.8012500000001	0.09999999999990905	TimeIntervals	Lick
770.9345	0.10000000000002274	TimeIntervals	Lick
771.10125	0.10000000000002274	TimeIntervals	Lick
773.1682500000002	0.06674999999984266	TimeIntervals	Lick
773.3015000000001	0.06674999999995634	TimeIntervals	Lick
773.4015	0.09999999999979536	TimeIntervals	Lick
773.5349999999999	0.10000000000013642	TimeIntervals	Lick
773.7685	0.06650000000013279	TimeIntervals	Lick
773.90175	0.2667500000001155	TimeIntervals	Lick
774.235	0.06675000000007003	TimeIntervals	Lick
774.40175	0.10000000000002274	TimeIntervals	Lick
774.6017499999999	0.06675000000018372	TimeIntervals	Lick
774.7685	0.06675000000007003	TimeIntervals	Lick
775.302	0.0665000000000191	TimeIntervals	Lick
776.1020000000001	0.06675000000007003	TimeIntervals	Lick
776.2687500000001	0.10000000000002274	TimeIntervals	Lick
777.1355	0.06675000000018372	TimeIntervals	Lick
777.569	0.10000000000013642	TimeIntervals	Lick
778.9025	0.10000000000002274	TimeIntervals	Lick
779.3025000000001	0.09999999999990905	TimeIntervals	Lick
779.9692500000001	0.09999999999990905	TimeIntervals	Lick
780.40275	0.10000000000013642	TimeIntervals	Lick
780.90275	0.10000000000013642	TimeIntervals	Lick
781.3030000000001	0.09999999999990905	TimeIntervals	Lick
785.17	0.06675000000007003	TimeIntervals	Lick
790.2042500000001	0.10000000000002274	TimeIntervals	Lick
790.3375000000001	0.1999999999998181	TimeIntervals	Lick
790.60425	0.06675000000018372	TimeIntervals	Lick
790.7375000000001	0.06675000000007003	TimeIntervals	Lick
790.8710000000002	0.09999999999968168	TimeIntervals	Lick
791.00425	0.06674999999995634	TimeIntervals	Lick
791.10425	0.10024999999995998	TimeIntervals	Lick
791.23775	0.06675000000007003	TimeIntervals	Lick
791.3377500000001	0.09999999999979536	TimeIntervals	Lick
791.4709999999999	0.10000000000002274	TimeIntervals	Lick
791.6045	0.06650000000013279	TimeIntervals	Lick
791.7044999999999	0.10000000000013642	TimeIntervals	Lick
791.8377500000001	0.09999999999979536	TimeIntervals	Lick
791.9709999999999	0.06675000000007003	TimeIntervals	Lick
792.0045	0.10000000000002274	TimeIntervals	Reward
792.1045	0.5	TimeIntervals	Lick
792.638	0.10000000000013642	TimeIntervals	Lick
792.7712500000001	0.06674999999995634	TimeIntervals	Lick
792.9045000000001	0.06674999999995634	TimeIntervals	Lick
793.0379999999999	0.06650000000013279	TimeIntervals	Lick
793.138	0.10000000000013642	TimeIntervals	Lick
793.2712500000001	0.06674999999995634	TimeIntervals	Lick
793.3712500000001	0.1002499999998463	TimeIntervals	Lick
793.5379999999999	0.06675000000018372	TimeIntervals	Lick
793.638	0.10000000000013642	TimeIntervals	Lick
793.8047500000001	0.06674999999995634	TimeIntervals	Lick
793.90475	0.10000000000002274	TimeIntervals	Lick
794.0379999999999	0.10000000000013642	TimeIntervals	Lick
794.1715	0.06650000000013279	TimeIntervals	Lick
794.2715000000002	0.09999999999990905	TimeIntervals	Lick
794.438	0.06700000000012096	TimeIntervals	Lick
794.5382500000001	0.10000000000002274	TimeIntervals	Lick
794.6715	0.10000000000013642	TimeIntervals	Lick
794.83825	0.06675000000007003	TimeIntervals	Lick
794.9715	0.10000000000002274	TimeIntervals	Lick
795.1049999999999	0.20000000000027285	TimeIntervals	Lick
795.33825	0.13324999999997544	TimeIntervals	Lick
795.5050000000001	0.09999999999979536	TimeIntervals	Lick
795.6385	0.10000000000013642	TimeIntervals	Lick
795.7717500000001	0.10000000000013642	TimeIntervals	Lick
795.9050000000001	0.10000000000002274	TimeIntervals	Lick
796.0385	0.10000000000002274	TimeIntervals	Lick
796.17175	0.10000000000013642	TimeIntervals	Lick
796.4050000000001	0.10000000000002274	TimeIntervals	Lick
796.5717500000001	0.09999999999990905	TimeIntervals	Lick
796.7385000000002	0.06674999999984266	TimeIntervals	Lick
796.9052500000001	0.1667499999998654	TimeIntervals	Lick
797.1385	0.10000000000013642	TimeIntervals	Lick
797.3385	0.06675000000018372	TimeIntervals	Lick
797.5385	0.06674999999995634	TimeIntervals	Lick
797.7052500000001	0.20024999999986903	TimeIntervals	Lick
798.83875	0.16675000000009277	TimeIntervals	Lick
799.039	0.0665000000000191	TimeIntervals	Lick
799.1722500000001	0.09999999999990905	TimeIntervals	Lick
799.4055	0.10000000000013642	TimeIntervals	Lick
799.6390000000001	0.09999999999990905	TimeIntervals	Lick
800.1725	0.13325000000008913	TimeIntervals	Lick
800.839	0.06674999999995634	TimeIntervals	Lick
801.00575	0.13350000000002638	TimeIntervals	Lick
801.2392500000001	0.09999999999990905	TimeIntervals	Lick
801.5392499999999	0.06675000000007003	TimeIntervals	Lick
802.806	0.1334999999999127	TimeIntervals	Lick
803.8395	0.133499999999799	TimeIntervals	Lick
804.573	0.06675000000018372	TimeIntervals	Lick
809.07375	0.06675000000007003	TimeIntervals	Lick
809.4405000000002	0.06649999999990541	TimeIntervals	Lick
810.1405000000001	0.09999999999990905	TimeIntervals	Lick
810.474	0.06649999999990541	TimeIntervals	Lick
821.2422500000001	0.06674999999995634	TimeIntervals	Lick
821.34225	0.10000000000002274	TimeIntervals	Lick
821.4754999999999	0.06675000000018372	TimeIntervals	Lick
821.5755	0.10000000000013642	TimeIntervals	Lick
821.7090000000002	0.09999999999990905	TimeIntervals	Lick
821.84225	0.10000000000002274	TimeIntervals	Lick
821.9754999999999	0.10025000000018736	TimeIntervals	Lick
822.109	0.10000000000013642	TimeIntervals	Lick
822.2425000000002	0.06649999999990541	TimeIntervals	Lick
822.3425000000001	0.10000000000002274	TimeIntervals	Lick
822.47575	0.10000000000013642	TimeIntervals	Lick
822.609	0.06675000000018372	TimeIntervals	Lick
822.7425000000002	0.06649999999990541	TimeIntervals	Lick
822.8425000000001	0.10000000000002274	TimeIntervals	Lick
822.97575	0.10025000000007367	TimeIntervals	Lick
823.076	0.0665000000000191	TimeIntervals	Reward
823.10925	0.3000000000000682	TimeIntervals	Lick
823.4425000000001	0.09999999999979536	TimeIntervals	Lick
823.576	0.1999999999999318	TimeIntervals	Lick
823.8092500000002	0.06674999999995634	TimeIntervals	Lick
823.90925	0.10000000000002274	TimeIntervals	Lick
824.0424999999999	0.10000000000013642	TimeIntervals	Lick
824.1760000000003	0.1999999999999318	TimeIntervals	Lick
824.44275	0.06674999999995634	TimeIntervals	Lick
824.54275	0.10000000000013642	TimeIntervals	Lick
824.6760000000003	0.09999999999968168	TimeIntervals	Lick
824.8095000000002	0.09999999999979536	TimeIntervals	Lick
824.976	0.06674999999995634	TimeIntervals	Lick
825.1427500000001	0.06674999999995634	TimeIntervals	Lick
825.24275	0.10024999999995998	TimeIntervals	Lick
825.37625	0.09999999999990905	TimeIntervals	Lick
825.543	0.10000000000002274	TimeIntervals	Lick
825.6762500000001	0.09999999999990905	TimeIntervals	Lick
825.9762499999999	0.03325000000006639	TimeIntervals	Lick
826.1094999999999	0.16675000000009277	TimeIntervals	Lick
826.3095000000002	0.1002499999998463	TimeIntervals	Lick
826.643	0.33349999999995816	TimeIntervals	Lick
827.6432500000001	0.16674999999997908	TimeIntervals	Lick
835.8445000000002	0.06649999999979173	TimeIntervals	Lick
835.97775	0.10000000000013642	TimeIntervals	Lick
836.111	0.10000000000013642	TimeIntervals	Lick
836.278	0.06650000000013279	TimeIntervals	Lick
836.3780000000002	0.09999999999979536	TimeIntervals	Lick
836.51125	0.09999999999990905	TimeIntervals	Lick
836.6445	0.06675000000007003	TimeIntervals	Lick
836.7445	0.10000000000013642	TimeIntervals	Lick
836.8780000000002	0.1999999999999318	TimeIntervals	Lick
837.1112499999999	0.20000000000027285	TimeIntervals	Lick
837.3445000000002	0.06699999999989359	TimeIntervals	Lick
837.478	0.06675000000007003	TimeIntervals	Lick
837.5780000000001	0.09999999999990905	TimeIntervals	Lick
837.7115000000001	0.06649999999990541	TimeIntervals	Lick
837.8447500000001	0.06674999999995634	TimeIntervals	Lick
837.94475	0.10000000000002274	TimeIntervals	Lick
838.0780000000001	0.06674999999995634	TimeIntervals	Lick
838.1115000000001	0.06649999999990541	TimeIntervals	Reward
838.178	0.30025000000011914	TimeIntervals	Lick
838.5115	0.10000000000013642	TimeIntervals	Lick
838.645	0.06650000000013279	TimeIntervals	Lick
838.7450000000001	0.10000000000002274	TimeIntervals	Lick
838.8782500000001	0.06674999999995634	TimeIntervals	Lick
838.9782500000001	0.10000000000002274	TimeIntervals	Lick
839.1115000000001	0.10000000000002274	TimeIntervals	Lick
839.2450000000001	0.06649999999990541	TimeIntervals	Lick
839.3450000000001	0.09999999999990905	TimeIntervals	Lick
839.4782500000001	0.1002499999998463	TimeIntervals	Lick
839.61175	0.10000000000013642	TimeIntervals	Lick
839.7785000000001	0.0665000000000191	TimeIntervals	Lick
839.8785000000001	0.09999999999990905	TimeIntervals	Lick
840.01175	0.10000000000002274	TimeIntervals	Lick
840.1785	0.06650000000013279	TimeIntervals	Lick
840.2785000000001	0.10000000000002274	TimeIntervals	Lick
840.41175	0.10000000000002274	TimeIntervals	Lick
840.545	0.10000000000002274	TimeIntervals	Lick
840.7120000000001	0.09999999999990905	TimeIntervals	Lick
840.8785000000001	0.09999999999990905	TimeIntervals	Lick
841.0120000000001	0.06649999999990541	TimeIntervals	Lick
841.112	0.10000000000013642	TimeIntervals	Lick
841.2785000000001	0.10000000000002274	TimeIntervals	Lick
841.6785	0.30025000000011914	TimeIntervals	Lick
842.2455000000001	0.16649999999981446	TimeIntervals	Lick
842.4787500000001	0.09999999999990905	TimeIntervals	Lick
843.01225	0.10000000000013642	TimeIntervals	Lick
844.0124999999999	0.10000000000013642	TimeIntervals	Lick
844.3790000000001	0.033499999999776264	TimeIntervals	Lick
845.0124999999999	0.06675000000018372	TimeIntervals	Lick
845.5459999999999	0.10000000000002274	TimeIntervals	Lick
845.77925	0.033249999999952706	TimeIntervals	Lick
846.0124999999999	0.10000000000013642	TimeIntervals	Lick
846.2127500000001	0.09999999999979536	TimeIntervals	Lick
846.5794999999999	0.13325000000020282	TimeIntervals	Lick
854.14725	0.06675000000007003	TimeIntervals	Reward
854.34725	0.2667500000000018	TimeIntervals	Lick
854.64725	0.06675000000007003	TimeIntervals	Lick
854.7472500000001	0.06674999999984266	TimeIntervals	Lick
854.84725	0.20024999999986903	TimeIntervals	Lick
855.0807500000001	0.1999999999999318	TimeIntervals	Lick
855.314	0.10000000000002274	TimeIntervals	Lick
855.4475	0.06650000000013279	TimeIntervals	Lick
855.5474999999999	0.20000000000015916	TimeIntervals	Lick
855.78075	0.10000000000013642	TimeIntervals	Lick
855.914	0.10000000000013642	TimeIntervals	Lick
856.0474999999999	0.06675000000018372	TimeIntervals	Lick
856.181	0.0665000000000191	TimeIntervals	Lick
856.2810000000001	0.10000000000013642	TimeIntervals	Lick
856.4142499999999	0.10000000000002274	TimeIntervals	Lick
856.5474999999999	0.10000000000025011	TimeIntervals	Lick
856.681	0.0665000000000191	TimeIntervals	Lick
856.8142500000001	0.09999999999979536	TimeIntervals	Lick
856.9475	0.09999999999990905	TimeIntervals	Lick
857.081	0.10000000000002274	TimeIntervals	Lick
857.2145	0.10000000000002274	TimeIntervals	Lick
857.3810000000002	0.36675000000002456	TimeIntervals	Lick
857.8145000000001	0.10000000000002274	TimeIntervals	Lick
857.981	0.06675000000007003	TimeIntervals	Lick
858.1145	0.10000000000002274	TimeIntervals	Lick
858.2812500000001	0.10000000000002274	TimeIntervals	Lick
858.4145000000001	0.1334999999999127	TimeIntervals	Lick
858.7480000000002	0.09999999999990905	TimeIntervals	Lick
859.61475	0.13325000000020282	TimeIntervals	Lick
859.7815000000002	0.06649999999990541	TimeIntervals	Lick
859.91475	0.10000000000013642	TimeIntervals	Lick
860.11475	0.06675000000007003	TimeIntervals	Lick
860.2480000000002	0.09999999999990905	TimeIntervals	Lick
860.54825	0.13324999999997544	TimeIntervals	Lick
860.7482500000001	0.10000000000002274	TimeIntervals	Lick
860.915	0.10000000000013642	TimeIntervals	Lick
861.0815	0.10000000000002274	TimeIntervals	Lick
861.2815000000002	0.06674999999995634	TimeIntervals	Lick
861.415	0.06650000000013279	TimeIntervals	Lick
861.5485	0.0665000000000191	TimeIntervals	Lick
861.6817500000001	0.10000000000002274	TimeIntervals	Lick
861.8485000000002	0.06649999999979173	TimeIntervals	Lick
861.98175	0.09999999999990905	TimeIntervals	Lick
862.115	0.10000000000013642	TimeIntervals	Lick
862.2485000000001	0.10000000000002274	TimeIntervals	Lick
862.415	0.10000000000013642	TimeIntervals	Lick
862.5485	0.10000000000002274	TimeIntervals	Lick
862.682	0.13325000000008913	TimeIntervals	Lick
862.8820000000001	0.09999999999990905	TimeIntervals	Lick
863.01525	0.09999999999990905	TimeIntervals	Lick
863.182	0.10000000000013642	TimeIntervals	Lick
863.5485	0.06674999999995634	TimeIntervals	Lick
863.7155	0.06650000000013279	TimeIntervals	Lick
864.0487499999999	0.23325000000022555	TimeIntervals	Lick
864.44875	0.20000000000004547	TimeIntervals	Lick
864.682	0.10000000000013642	TimeIntervals	Lick
864.8822500000001	0.06674999999984266	TimeIntervals	Lick
865.7155	0.16675000000009277	TimeIntervals	Lick
865.9155	0.20024999999998272	TimeIntervals	Lick
866.249	0.06674999999995634	TimeIntervals	Lick
866.9825	0.06675000000007003	TimeIntervals	Lick
867.216	0.03325000000006639	TimeIntervals	Lick
867.7492500000001	0.09999999999990905	TimeIntervals	Lick
867.916	0.06649999999990541	TimeIntervals	Lick
868.04925	0.10025000000007367	TimeIntervals	Lick
868.216	0.0667500000002974	TimeIntervals	Lick
868.3495000000001	0.06649999999990541	TimeIntervals	Lick
868.48275	0.06674999999995634	TimeIntervals	Lick
868.616	0.06675000000007003	TimeIntervals	Lick
868.7495	0.06650000000013279	TimeIntervals	Lick
868.8495000000001	0.09999999999990905	TimeIntervals	Lick
868.98275	0.09999999999990905	TimeIntervals	Lick
869.1495000000001	0.09999999999990905	TimeIntervals	Reward
869.216	0.06700000000012096	TimeIntervals	Lick
869.31625	0.39999999999997726	TimeIntervals	Lick
869.7495	0.06674999999995634	TimeIntervals	Lick
869.8830000000002	0.06649999999990541	TimeIntervals	Lick
869.9830000000001	0.09999999999990905	TimeIntervals	Lick
870.1495000000001	0.03350000000000364	TimeIntervals	Lick
870.2495	0.06700000000000728	TimeIntervals	Lick
870.34975	0.10000000000002274	TimeIntervals	Lick
870.5164999999998	0.06650000000013279	TimeIntervals	Lick
870.6165000000001	0.09999999999990905	TimeIntervals	Lick
870.7497500000001	0.06674999999995634	TimeIntervals	Lick
870.8830000000002	0.06674999999984266	TimeIntervals	Lick
870.9830000000001	0.09999999999990905	TimeIntervals	Lick
871.1165000000001	0.09999999999990905	TimeIntervals	Lick
871.2497500000001	0.09999999999990905	TimeIntervals	Lick
871.3830000000002	0.0669999999997799	TimeIntervals	Lick
871.5164999999998	0.06675000000018372	TimeIntervals	Lick
871.6500000000001	0.09999999999990905	TimeIntervals	Lick
871.7832500000001	0.10000000000002274	TimeIntervals	Lick
871.9499999999999	0.06649999999990541	TimeIntervals	Lick
872.08325	0.06675000000007003	TimeIntervals	Lick
872.2165	0.06675000000007003	TimeIntervals	Lick
872.35	0.09999999999990905	TimeIntervals	Lick
872.5164999999998	0.06700000000012096	TimeIntervals	Lick
872.6167499999999	0.06675000000018372	TimeIntervals	Lick
872.7835000000001	0.1999999999998181	TimeIntervals	Lick
873.0500000000001	0.2335000000000491	TimeIntervals	Lick
873.31675	0.1999999999999318	TimeIntervals	Lick
873.5500000000001	0.2335000000000491	TimeIntervals	Lick
873.85025	0.09999999999990905	TimeIntervals	Lick
874.05025	0.10000000000013642	TimeIntervals	Lick
874.55025	0.16675000000009277	TimeIntervals	Lick
874.7505000000001	0.09999999999990905	TimeIntervals	Lick
874.8837500000002	0.09999999999979536	TimeIntervals	Lick
875.0169999999999	0.10000000000013642	TimeIntervals	Lick
875.1837500000001	0.06674999999995634	TimeIntervals	Lick
875.317	0.16674999999997908	TimeIntervals	Lick
875.5169999999999	0.10000000000013642	TimeIntervals	Lick
875.6505000000001	0.10000000000002274	TimeIntervals	Lick
876.0172499999999	0.03325000000029377	TimeIntervals	Lick
876.6172500000001	0.13324999999997544	TimeIntervals	Lick
877.5174999999999	0.10000000000002274	TimeIntervals	Lick
878.051	0.09999999999990905	TimeIntervals	Lick
878.2175000000001	0.10000000000002274	TimeIntervals	Lick
878.6175	0.0667500000002974	TimeIntervals	Lick
878.751	0.10000000000002274	TimeIntervals	Lick
878.98425	0.10025000000007367	TimeIntervals	Lick
879.151	0.10000000000002274	TimeIntervals	Lick
879.3177500000002	0.09999999999979536	TimeIntervals	Lick
879.51775	0.09999999999990905	TimeIntervals	Lick
879.651	0.10000000000002274	TimeIntervals	Lick
880.218	0.23325000000011187	TimeIntervals	Lick
881.418	0.1999999999999318	TimeIntervals	Lick
883.4515	0.20024999999998272	TimeIntervals	Lick
887.019	0.10000000000002274	TimeIntervals	Lick
887.2190000000002	0.2664999999998372	TimeIntervals	Lick
888.88575	0.03325000000006639	TimeIntervals	Lick
891.9862499999999	0.06675000000007003	TimeIntervals	Lick
893.8865000000001	0.06675000000007003	TimeIntervals	Lick
893.9865000000001	0.10000000000002274	TimeIntervals	Lick
894.3865000000001	0.10000000000002274	TimeIntervals	Lick
896.2535000000001	0.06674999999995634	TimeIntervals	Lick
896.3870000000001	0.06649999999990541	TimeIntervals	Lick
896.5202499999999	0.06675000000018372	TimeIntervals	Lick
896.62025	0.10025000000007367	TimeIntervals	Lick
896.75375	0.10000000000025011	TimeIntervals	Lick
896.8870000000001	0.09999999999990905	TimeIntervals	Lick
897.0205	0.06650000000013279	TimeIntervals	Lick
897.15375	0.06675000000018372	TimeIntervals	Lick
897.25375	0.10000000000025011	TimeIntervals	Lick
897.3870000000001	0.06674999999984266	TimeIntervals	Lick
897.487	0.10000000000013642	TimeIntervals	Lick
897.65375	0.06675000000018372	TimeIntervals	Lick
897.754	0.06650000000013279	TimeIntervals	Lick
897.8540000000002	0.09999999999968168	TimeIntervals	Lick
898.0205	0.06675000000007003	TimeIntervals	Lick
898.1205	0.10000000000013642	TimeIntervals	Lick
898.254	0.06650000000013279	TimeIntervals	Lick
898.254	0.06650000000013279	TimeIntervals	Reward
898.3540000000002	0.5335000000000036	TimeIntervals	Lick
898.9207499999999	0.06675000000018372	TimeIntervals	Lick
899.02075	0.10000000000002274	TimeIntervals	Lick
899.154	0.10000000000002274	TimeIntervals	Lick
899.2875	0.06650000000013279	TimeIntervals	Lick
899.3875000000002	0.09999999999990905	TimeIntervals	Lick
899.52075	0.10000000000002274	TimeIntervals	Lick
899.654	0.06675000000007003	TimeIntervals	Lick
899.7875	0.06650000000013279	TimeIntervals	Lick
899.9207499999999	0.06675000000018372	TimeIntervals	Lick
900.0209999999998	0.10000000000025011	TimeIntervals	Lick
900.1875	0.06674999999995634	TimeIntervals	Lick
900.2875	0.10000000000013642	TimeIntervals	Lick
900.4542499999999	0.06674999999995634	TimeIntervals	Lick
900.5875000000001	0.06674999999995634	TimeIntervals	Lick
900.6875	0.10000000000002274	TimeIntervals	Lick
900.8542500000002	0.09999999999968168	TimeIntervals	Lick
900.9875000000001	0.10025000000007367	TimeIntervals	Lick
901.1877499999999	0.06675000000007003	TimeIntervals	Lick
901.28775	0.10000000000013642	TimeIntervals	Lick
901.4209999999999	0.09999999999990905	TimeIntervals	Lick
901.5545000000001	0.10000000000002274	TimeIntervals	Lick
901.6877499999999	0.10000000000002274	TimeIntervals	Lick
902.1210000000001	0.10024999999995998	TimeIntervals	Lick
902.288	0.06650000000013279	TimeIntervals	Lick
902.3880000000001	0.2999999999999545	TimeIntervals	Lick
902.72125	0.09999999999990905	TimeIntervals	Lick
902.8545000000001	0.09999999999979536	TimeIntervals	Lick
903.0880000000001	0.2667500000001155	TimeIntervals	Lick
903.4547499999999	0.06675000000007003	TimeIntervals	Lick
903.9880000000002	0.1667499999998654	TimeIntervals	Lick
904.3882500000001	0.10000000000002274	TimeIntervals	Lick
904.9882500000001	0.23324999999999818	TimeIntervals	Lick
906.1885	0.06650000000013279	TimeIntervals	Lick
906.3217500000001	0.06674999999995634	TimeIntervals	Lick
908.18875	0.10000000000002274	TimeIntervals	Lick
909.4555	0.06674999999995634	TimeIntervals	Lick
912.7560000000002	0.09999999999990905	TimeIntervals	Lick
913.3230000000001	0.03325000000006639	TimeIntervals	Reward
913.4895	0.10000000000002274	TimeIntervals	Lick
913.623	0.5332500000000664	TimeIntervals	Lick
914.1895	0.06700000000012096	TimeIntervals	Lick
914.28975	0.10000000000013642	TimeIntervals	Lick
914.423	0.20000000000004547	TimeIntervals	Lick
914.6565000000002	0.09999999999990905	TimeIntervals	Lick
914.78975	0.06675000000007003	TimeIntervals	Lick
914.8897500000002	0.09999999999979536	TimeIntervals	Lick
915.0229999999999	0.10000000000013642	TimeIntervals	Lick
915.1565000000002	0.09999999999990905	TimeIntervals	Lick
915.3230000000001	0.06700000000000728	TimeIntervals	Lick
915.4232499999999	0.10000000000002274	TimeIntervals	Lick
915.5565	0.10000000000013642	TimeIntervals	Lick
915.69	0.10000000000002274	TimeIntervals	Lick
916.1232500000001	0.16674999999997908	TimeIntervals	Lick
916.32325	0.20024999999998272	TimeIntervals	Lick
916.5567500000001	0.06675000000007003	TimeIntervals	Lick
916.6567500000001	0.13324999999997544	TimeIntervals	Lick
916.99	0.10000000000013642	TimeIntervals	Lick
917.557	0.13325000000008913	TimeIntervals	Lick
918.7905000000001	0.1999999999999318	TimeIntervals	Lick
919.85725	0.13324999999997544	TimeIntervals	Lick
925.82475	0.10000000000013642	TimeIntervals	Lick
925.958	0.10000000000002274	TimeIntervals	Lick
926.1247500000001	0.03325000000006639	TimeIntervals	Lick
926.22475	0.10024999999995998	TimeIntervals	Lick
926.3582500000001	0.09999999999990905	TimeIntervals	Lick
926.4915000000001	0.09999999999990905	TimeIntervals	Lick
926.625	0.06649999999990541	TimeIntervals	Lick
926.7582500000001	0.06674999999984266	TimeIntervals	Lick
926.8582500000001	0.09999999999990905	TimeIntervals	Lick
926.9915000000001	0.06674999999995634	TimeIntervals	Lick
927.0915	0.20000000000015916	TimeIntervals	Lick
927.3249999999999	0.06650000000024647	TimeIntervals	Lick
927.4584999999998	0.06650000000036016	TimeIntervals	Lick
927.5585000000001	0.06649999999990541	TimeIntervals	Lick
927.6585000000002	0.09999999999990905	TimeIntervals	Lick
927.7917500000002	0.19999999999970441	TimeIntervals	Lick
928.0585000000001	0.06649999999990541	TimeIntervals	Lick
928.1585000000002	0.06649999999979173	TimeIntervals	Lick
928.2585000000001	0.10000000000002274	TimeIntervals	Lick
928.3249999999999	0.03350000000023101	TimeIntervals	Reward
928.3917500000001	0.20024999999998272	TimeIntervals	Lick
928.6252499999999	0.06675000000007003	TimeIntervals	Lick
928.72525	0.10000000000002274	TimeIntervals	Lick
928.8585000000002	0.1999999999999318	TimeIntervals	Lick
929.0920000000001	0.09999999999990905	TimeIntervals	Lick
929.22525	0.10000000000002274	TimeIntervals	Lick
929.3585000000002	0.1999999999999318	TimeIntervals	Lick
929.5920000000001	0.09999999999990905	TimeIntervals	Lick
929.7255	0.10000000000002274	TimeIntervals	Lick
929.85875	0.09999999999990905	TimeIntervals	Lick
929.9920000000001	0.10000000000002274	TimeIntervals	Lick
930.1255000000001	0.09999999999990905	TimeIntervals	Lick
930.25875	0.23325000000011187	TimeIntervals	Lick
930.5255000000001	0.10000000000002274	TimeIntervals	Lick
930.692	0.06700000000000728	TimeIntervals	Lick
930.8255	0.2335000000000491	TimeIntervals	Lick
931.1922500000001	0.16674999999997908	TimeIntervals	Lick
931.39225	0.10000000000002274	TimeIntervals	Lick
931.6922500000001	0.06674999999995634	TimeIntervals	Lick
931.8255	0.16699999999991633	TimeIntervals	Lick
932.1257499999999	0.10000000000002274	TimeIntervals	Lick
933.626	0.10000000000002274	TimeIntervals	Lick
938.5267499999999	0.10000000000002274	TimeIntervals	Lick
946.02775	0.06675000000018372	TimeIntervals	Lick
946.2945	0.10000000000013642	TimeIntervals	Lick
946.4612500000001	0.06674999999995634	TimeIntervals	Lick
946.628	0.10000000000002274	TimeIntervals	Lick
946.9612500000001	0.06674999999995634	TimeIntervals	Lick
947.6947500000001	0.06674999999984266	TimeIntervals	Lick
951.8955000000001	0.06649999999990541	TimeIntervals	Lick
952.02875	0.10000000000002274	TimeIntervals	Lick
952.1955000000002	0.06649999999990541	TimeIntervals	Lick
952.3287500000001	0.09999999999990905	TimeIntervals	Lick
952.462	0.10000000000002274	TimeIntervals	Lick
952.5955000000001	0.10000000000002274	TimeIntervals	Lick
952.7290000000002	0.10000000000002274	TimeIntervals	Lick
952.8622500000001	0.06674999999995634	TimeIntervals	Lick
952.96225	0.10000000000002274	TimeIntervals	Lick
953.0955000000001	0.06674999999984266	TimeIntervals	Lick
953.1955000000002	0.09999999999990905	TimeIntervals	Lick
953.3290000000002	0.09999999999990905	TimeIntervals	Lick
953.46225	0.1999999999999318	TimeIntervals	Lick
953.6955000000002	0.09999999999990905	TimeIntervals	Lick
953.8290000000002	0.06674999999995634	TimeIntervals	Lick
953.9290000000001	0.09999999999990905	TimeIntervals	Lick
954.0625	0.06649999999990541	TimeIntervals	Lick
954.1625	0.09999999999990905	TimeIntervals	Lick
954.2957500000001	0.10000000000002274	TimeIntervals	Lick
954.3625000000001	0.03325000000006639	TimeIntervals	Reward
954.4290000000001	0.1999999999998181	TimeIntervals	Lick
954.6625	0.06650000000013279	TimeIntervals	Lick
954.7624999999999	0.10000000000013642	TimeIntervals	Lick
954.8960000000001	0.06650000000013279	TimeIntervals	Lick
954.9960000000001	0.09999999999990905	TimeIntervals	Lick
955.12925	0.10000000000025011	TimeIntervals	Lick
955.2624999999999	0.06675000000018372	TimeIntervals	Lick
955.3625000000001	0.10000000000013642	TimeIntervals	Lick
955.4960000000001	0.1999999999999318	TimeIntervals	Lick
955.7292500000002	0.09999999999990905	TimeIntervals	Lick
955.8625000000001	0.10000000000013642	TimeIntervals	Lick
956.0295000000001	0.06649999999990541	TimeIntervals	Lick
956.16275	0.10000000000002274	TimeIntervals	Lick
956.2960000000002	0.09999999999990905	TimeIntervals	Lick
956.4295000000001	0.10000000000002274	TimeIntervals	Lick
956.596	0.06674999999995634	TimeIntervals	Lick
956.9960000000001	0.20024999999986903	TimeIntervals	Lick
957.29625	0.06675000000018372	TimeIntervals	Lick
957.763	0.06650000000013279	TimeIntervals	Lick
958.2965	0.06650000000013279	TimeIntervals	Lick
959.0630000000001	0.03350000000000364	TimeIntervals	Lick
960.23	0.0665000000000191	TimeIntervals	Lick
960.33	0.06649999999990541	TimeIntervals	Lick
960.53	0.10000000000013642	TimeIntervals	Lick
970.2980000000001	0.06700000000000728	TimeIntervals	Lick
970.4314999999999	0.06675000000018372	TimeIntervals	Lick
970.5649999999999	0.06650000000013279	TimeIntervals	Lick
970.69825	0.06675000000007003	TimeIntervals	Lick
970.8315	0.06675000000018372	TimeIntervals	Lick
970.9314999999999	0.10000000000013642	TimeIntervals	Lick
971.0649999999999	0.06650000000013279	TimeIntervals	Lick
971.19825	0.06675000000007003	TimeIntervals	Lick
971.29825	0.10024999999995998	TimeIntervals	Lick
971.4317500000001	0.06675000000007003	TimeIntervals	Lick
971.5317500000001	0.10000000000002274	TimeIntervals	Lick
971.6650000000001	0.06674999999995634	TimeIntervals	Lick
971.7985000000001	0.0665000000000191	TimeIntervals	Lick
971.9317500000001	0.06675000000007003	TimeIntervals	Lick
972.0317500000001	0.06675000000007003	TimeIntervals	Lick
972.1317500000001	0.09999999999990905	TimeIntervals	Lick
972.2650000000001	0.06675000000007003	TimeIntervals	Lick
972.3650000000001	0.09999999999990905	TimeIntervals	Lick
972.3985	0.10000000000013642	TimeIntervals	Reward
972.4985000000001	0.5	TimeIntervals	Lick
973.032	0.10000000000002274	TimeIntervals	Lick
973.16525	0.06674999999995634	TimeIntervals	Lick
973.2985000000001	0.06675000000007003	TimeIntervals	Lick
973.432	0.06650000000013279	TimeIntervals	Lick
973.532	0.06674999999995634	TimeIntervals	Lick
973.6655	0.0665000000000191	TimeIntervals	Lick
973.7987499999999	0.06675000000018372	TimeIntervals	Lick
973.8987500000001	0.10000000000013642	TimeIntervals	Lick
974.032	0.10000000000002274	TimeIntervals	Lick
974.1655	0.0665000000000191	TimeIntervals	Lick
974.2987499999999	0.06675000000018372	TimeIntervals	Lick
974.432	0.06675000000018372	TimeIntervals	Lick
974.532	0.10000000000002274	TimeIntervals	Lick
974.6655	0.10000000000013642	TimeIntervals	Lick
974.83225	0.06675000000007003	TimeIntervals	Lick
974.93225	0.10000000000013642	TimeIntervals	Lick
975.099	0.09999999999990905	TimeIntervals	Lick
975.23225	0.10000000000002274	TimeIntervals	Lick
975.3655000000001	0.09999999999990905	TimeIntervals	Lick
975.499	0.10000000000002274	TimeIntervals	Lick
975.6322500000002	0.09999999999979536	TimeIntervals	Lick
975.7655000000001	0.10024999999995998	TimeIntervals	Lick
975.9325000000001	0.06649999999990541	TimeIntervals	Lick
976.2325	0.03325000000018008	TimeIntervals	Lick
976.36575	0.1999999999998181	TimeIntervals	Lick
976.6325000000002	0.09999999999979536	TimeIntervals	Lick
976.966	0.0665000000000191	TimeIntervals	Lick
977.1325000000002	0.09999999999979536	TimeIntervals	Lick
977.2660000000001	0.10000000000013642	TimeIntervals	Lick
977.4325000000001	0.09999999999990905	TimeIntervals	Lick
978.0327500000001	0.06675000000007003	TimeIntervals	Lick
978.1327500000001	0.16675000000009277	TimeIntervals	Lick
978.33275	0.09999999999990905	TimeIntervals	Lick
978.73275	0.16675000000020646	TimeIntervals	Lick
978.9995000000001	0.1999999999999318	TimeIntervals	Lick
979.3330000000002	0.09999999999979536	TimeIntervals	Lick
979.7330000000001	0.13325000000008913	TimeIntervals	Lick
979.8995000000002	0.1334999999999127	TimeIntervals	Lick
980.19975	0.10000000000013642	TimeIntervals	Lick
980.3665000000002	0.09999999999979536	TimeIntervals	Lick
980.5664999999999	0.10000000000025011	TimeIntervals	Lick
980.9665	0.13324999999997544	TimeIntervals	Lick
981.1665000000002	0.06649999999990541	TimeIntervals	Lick
982.2332500000001	0.06674999999995634	TimeIntervals	Lick
982.4000000000002	0.09999999999979536	TimeIntervals	Lick
982.56675	0.13324999999997544	TimeIntervals	Lick
982.8000000000001	0.29999999999984084	TimeIntervals	Lick
986.134	0.0665000000000191	TimeIntervals	Lick
992.9682499999999	0.06675000000007003	TimeIntervals	Lick
993.8685000000002	0.09999999999990905	TimeIntervals	Lick
1002.3365000000001	0.06649999999967804	TimeIntervals	Lick
1002.8030000000001	0.09999999999968168	TimeIntervals	Lick
1002.9697500000001	0.03324999999972533	TimeIntervals	Lick
1003.0697500000002	0.0667499999995016	TimeIntervals	Lick
1003.2030000000001	0.06699999999989359	TimeIntervals	Lick
1003.3365000000001	0.06675000000007003	TimeIntervals	Lick
1003.4365	0.10000000000002274	TimeIntervals	Lick
1003.57	0.06649999999967804	TimeIntervals	Lick
1003.67	0.10000000000002274	TimeIntervals	Lick
1003.80325	0.06675000000007003	TimeIntervals	Lick
1003.9365	0.06674999999995634	TimeIntervals	Lick
1004.07	0.06649999999967804	TimeIntervals	Lick
1004.47	0.10000000000002274	TimeIntervals	Reward
1004.47	0.06675000000018372	TimeIntervals	Lick
1004.57	0.599999999999909	TimeIntervals	Lick
1005.2035000000002	0.06649999999979173	TimeIntervals	Lick
1005.3035000000002	0.09999999999990905	TimeIntervals	Lick
1005.4369999999999	0.10000000000025011	TimeIntervals	Lick
1005.5702500000001	0.09999999999990905	TimeIntervals	Lick
1005.7035000000002	0.10000000000002274	TimeIntervals	Lick
1005.8370000000002	0.06649999999990541	TimeIntervals	Lick
1005.9369999999999	0.10000000000025011	TimeIntervals	Lick
1006.0702500000001	0.09999999999990905	TimeIntervals	Lick
1006.2035000000002	0.10000000000002274	TimeIntervals	Lick
1006.3370000000002	0.09999999999968168	TimeIntervals	Lick
1006.4702500000003	0.06674999999984266	TimeIntervals	Lick
1006.6037500000001	0.10000000000002274	TimeIntervals	Lick
1006.737	0.10000000000025011	TimeIntervals	Lick
1006.8705	0.10000000000013642	TimeIntervals	Lick
1007.00375	0.10000000000013642	TimeIntervals	Lick
1007.1705000000001	0.06649999999990541	TimeIntervals	Lick
1007.4037499999998	0.16675000000032014	TimeIntervals	Lick
1007.6037500000001	0.10024999999995998	TimeIntervals	Lick
1007.7705000000002	0.09999999999979536	TimeIntervals	Lick
1007.9372500000001	0.10000000000002274	TimeIntervals	Lick
1008.1039999999999	0.10000000000013642	TimeIntervals	Lick
1008.2705000000002	0.3667499999997972	TimeIntervals	Lick
1008.7040000000001	0.10000000000013642	TimeIntervals	Lick
1008.904	0.06675000000018372	TimeIntervals	Lick
1009.27075	0.13324999999997544	TimeIntervals	Lick
1009.4375	0.09999999999990905	TimeIntervals	Lick
1009.6039999999999	0.03350000000000364	TimeIntervals	Lick
1010.2709999999998	0.10000000000025011	TimeIntervals	Lick
1010.50425	0.06675000000018372	TimeIntervals	Lick
1011.4044999999999	0.06650000000013279	TimeIntervals	Lick
1013.138	0.10000000000013642	TimeIntervals	Lick
1013.3047500000001	0.09999999999979536	TimeIntervals	Lick
1013.5047500000001	0.033249999999952706	TimeIntervals	Lick
1013.6047500000002	0.09999999999979536	TimeIntervals	Lick
1014.53825	0.2667500000000018	TimeIntervals	Lick
1015.0715	0.06675000000007003	TimeIntervals	Lick
1015.1715000000003	0.13349999999968531	TimeIntervals	Lick
1017.772	0.06674999999995634	TimeIntervals	Lick
1017.9720000000002	0.06674999999972897	TimeIntervals	Lick
1018.1055000000001	0.06649999999990541	TimeIntervals	Lick
1018.2055	0.10000000000025011	TimeIntervals	Lick
1018.33875	0.09999999999979536	TimeIntervals	Lick
1018.4720000000002	0.06674999999972897	TimeIntervals	Lick
1018.5387499999999	0.06675000000018372	TimeIntervals	Reward
1018.6055000000001	0.06674999999984266	TimeIntervals	Lick
1018.7390000000003	0.16649999999970078	TimeIntervals	Lick
1018.939	0.1999999999999318	TimeIntervals	Lick
1019.17225	0.0667500000002974	TimeIntervals	Lick
1019.3055000000003	0.06674999999984266	TimeIntervals	Lick
1019.4055	0.10000000000002274	TimeIntervals	Lick
1019.539	0.06650000000013279	TimeIntervals	Lick
1019.67225	0.0667500000002974	TimeIntervals	Lick
1019.7725000000002	0.06649999999990541	TimeIntervals	Lick
1019.8725000000003	0.09999999999968168	TimeIntervals	Lick
1020.0057500000001	0.1999999999999318	TimeIntervals	Lick
1020.2390000000003	0.09999999999979536	TimeIntervals	Lick
1020.40575	0.06674999999995634	TimeIntervals	Lick
1020.539	0.09999999999990905	TimeIntervals	Lick
1020.7057500000001	0.06675000000007003	TimeIntervals	Lick
1020.839	0.06700000000000728	TimeIntervals	Lick
1020.93925	0.2332499999998845	TimeIntervals	Lick
1021.2725000000002	0.1999999999998181	TimeIntervals	Lick
1021.506	0.26650000000017826	TimeIntervals	Lick
1021.8392500000001	0.06674999999995634	TimeIntervals	Lick
1021.9394999999998	0.13325000000020282	TimeIntervals	Lick
1022.1060000000002	0.09999999999990905	TimeIntervals	Lick
1022.2394999999999	0.1332500000004302	TimeIntervals	Lick
1022.7060000000001	0.23349999999970805	TimeIntervals	Lick
1023.006	0.33350000000018554	TimeIntervals	Lick
1023.3730000000002	0.09999999999990905	TimeIntervals	Lick
1023.5395000000001	0.23349999999982174	TimeIntervals	Lick
1023.8062499999999	0.20000000000027285	TimeIntervals	Lick
1024.0730000000003	0.09999999999968168	TimeIntervals	Lick
1024.2065	0.13325000000008913	TimeIntervals	Lick
1024.373	0.10000000000013642	TimeIntervals	Lick
1024.5730000000003	0.7334999999995944	TimeIntervals	Lick
1025.34	0.4000000000003183	TimeIntervals	Lick
1025.7732500000002	0.06674999999972897	TimeIntervals	Lick
1025.97325	0.06674999999995634	TimeIntervals	Lick
1026.1065	0.06674999999972897	TimeIntervals	Lick
1026.2732500000002	0.13349999999968531	TimeIntervals	Lick
1026.44	0.09999999999990905	TimeIntervals	Lick
1026.5735000000002	0.09999999999968168	TimeIntervals	Lick
1026.7067500000003	0.09999999999968168	TimeIntervals	Lick
1026.8735	0.06650000000013279	TimeIntervals	Lick
1026.9735	0.10000000000013642	TimeIntervals	Lick
1027.1067500000001	0.10000000000013642	TimeIntervals	Lick
1027.2735	0.06649999999990541	TimeIntervals	Lick
1027.407	0.06650000000013279	TimeIntervals	Lick
1027.5070000000003	0.09999999999990905	TimeIntervals	Lick
1027.64025	0.13325000000008913	TimeIntervals	Lick
1027.84025	0.06674999999995634	TimeIntervals	Lick
1027.9735	0.10000000000013642	TimeIntervals	Lick
1028.1070000000002	0.09999999999990905	TimeIntervals	Lick
1028.2735	0.06674999999995634	TimeIntervals	Lick
1028.407	0.06650000000013279	TimeIntervals	Lick
1028.5405	0.06650000000013279	TimeIntervals	Lick
1028.57375	0.06674999999995634	TimeIntervals	Reward
1028.6405	0.23325000000022555	TimeIntervals	Lick
1028.907	0.06675000000041109	TimeIntervals	Lick
1029.0070000000003	0.09999999999990905	TimeIntervals	Lick
1029.1405	0.10000000000013642	TimeIntervals	Lick
1029.27375	0.10000000000013642	TimeIntervals	Lick
1029.4405	0.06650000000036016	TimeIntervals	Lick
1029.5405	0.09999999999990905	TimeIntervals	Lick
1029.674	0.10000000000013642	TimeIntervals	Lick
1029.80725	0.13324999999986176	TimeIntervals	Lick
1029.9740000000002	0.06649999999990541	TimeIntervals	Lick
1030.10725	0.7002500000000964	TimeIntervals	Lick
1030.8407499999998	0.7332500000004529	TimeIntervals	Lick
1031.674	0.13350000000014006	TimeIntervals	Lick
1031.87425	0.13324999999986176	TimeIntervals	Lick
1032.1075	0.1667499999998654	TimeIntervals	Lick
1032.37425	0.20000000000004547	TimeIntervals	Lick
1032.6075	0.2335000000000491	TimeIntervals	Lick
1032.87425	0.10025000000018736	TimeIntervals	Lick
1033.041	0.10000000000013642	TimeIntervals	Lick
1033.1744999999999	0.13325000000008913	TimeIntervals	Lick
1033.3745000000001	0.10000000000013642	TimeIntervals	Lick
1033.5745	0.13325000000008913	TimeIntervals	Lick
1033.7745	0.10000000000013642	TimeIntervals	Lick
1033.9410000000003	0.0669999999997799	TimeIntervals	Lick
1034.04125	0.2999999999999545	TimeIntervals	Lick
1034.44125	0.2667500000002292	TimeIntervals	Lick
1034.7412500000003	0.13324999999986176	TimeIntervals	Lick
1034.94125	0.09999999999990905	TimeIntervals	Lick
1035.2415000000003	0.1999999999998181	TimeIntervals	Lick
1035.57475	0.2667500000000018	TimeIntervals	Lick
1035.9080000000001	0.09999999999990905	TimeIntervals	Lick
1036.07475	0.09999999999990905	TimeIntervals	Lick
1036.5749999999998	0.10000000000013642	TimeIntervals	Lick
1036.7415000000003	0.0667499999995016	TimeIntervals	Lick
1036.875	0.1000000000003638	TimeIntervals	Lick
1037.0414999999998	0.06675000000041109	TimeIntervals	Lick
1037.175	0.06650000000036016	TimeIntervals	Lick
1037.3085	0.06649999999990541	TimeIntervals	Lick
1037.4085	0.10000000000013642	TimeIntervals	Lick
1037.54175	0.09999999999968168	TimeIntervals	Lick
1037.675	0.06675000000018372	TimeIntervals	Lick
1037.8085	0.06649999999990541	TimeIntervals	Lick
1037.9085	0.10000000000013642	TimeIntervals	Lick
1038.04175	0.06674999999995634	TimeIntervals	Lick
1038.175	0.06675000000018372	TimeIntervals	Lick
1038.275	0.09999999999990905	TimeIntervals	Lick
1038.4085	0.10000000000013642	TimeIntervals	Lick
1038.5419999999997	0.06650000000036016	TimeIntervals	Lick
1038.5752499999999	0.06674999999995634	TimeIntervals	Reward
1038.6752499999998	0.20000000000027285	TimeIntervals	Lick
1038.9085	0.06674999999995634	TimeIntervals	Lick
1039.0085000000001	0.09999999999990905	TimeIntervals	Lick
1039.1419999999998	0.1000000000003638	TimeIntervals	Lick
1039.2752500000001	0.06674999999972897	TimeIntervals	Lick
1039.4085	0.06674999999995634	TimeIntervals	Lick
1039.5085000000001	0.10024999999973261	TimeIntervals	Lick
1039.6419999999998	0.06675000000018372	TimeIntervals	Lick
1039.7420000000002	0.09999999999968168	TimeIntervals	Lick
1039.8755	0.09999999999990905	TimeIntervals	Lick
1040.00875	0.13324999999986176	TimeIntervals	Lick
1040.1755	0.10000000000013642	TimeIntervals	Lick
1040.3419999999999	0.06675000000018372	TimeIntervals	Lick
1040.4755	0.06649999999967804	TimeIntervals	Lick
1040.74225	0.06674999999995634	TimeIntervals	Lick
1040.9090000000003	0.06649999999967804	TimeIntervals	Lick
1041.009	0.7000000000000455	TimeIntervals	Lick
1041.7425000000003	0.16650000000004184	TimeIntervals	Lick
1041.9757500000003	0.16674999999963802	TimeIntervals	Lick
1042.1757499999999	0.13325000000008913	TimeIntervals	Lick
1042.3757500000002	0.13324999999986176	TimeIntervals	Lick
1042.5425	0.13324999999986176	TimeIntervals	Lick
1042.7757500000002	0.1334999999999127	TimeIntervals	Lick
1043.0425	0.1667499999998654	TimeIntervals	Lick
1043.30925	0.10000000000013642	TimeIntervals	Lick
1043.4425	0.09999999999990905	TimeIntervals	Lick
1043.576	0.09999999999968168	TimeIntervals	Lick
1043.8424999999997	0.2670000000002801	TimeIntervals	Lick
1044.1759999999997	0.06675000000041109	TimeIntervals	Lick
1044.3095	0.10000000000013642	TimeIntervals	Lick
1044.4760000000003	0.19999999999936335	TimeIntervals	Lick
1044.7094999999997	0.13325000000008913	TimeIntervals	Lick
1044.8760000000002	0.10000000000013642	TimeIntervals	Lick
1045.0095000000001	0.1334999999999127	TimeIntervals	Lick
1045.17625	0.10000000000013642	TimeIntervals	Lick
1045.4762500000002	0.06674999999972897	TimeIntervals	Lick
1045.57625	0.06674999999995634	TimeIntervals	Lick
1045.67625	0.13325000000008913	TimeIntervals	Lick
1045.843	0.10000000000013642	TimeIntervals	Lick
1046.0095000000001	0.06674999999995634	TimeIntervals	Lick
1046.1764999999998	0.06650000000036016	TimeIntervals	Lick
1046.4097500000003	0.09999999999990905	TimeIntervals	Lick
1046.7765	0.06650000000013279	TimeIntervals	Lick
1046.9097500000003	0.13324999999963438	TimeIntervals	Lick
1047.1097499999998	0.10024999999995998	TimeIntervals	Lick
1047.2765	0.06674999999995634	TimeIntervals	Lick
1047.4100000000003	0.09999999999968168	TimeIntervals	Lick
1047.61	0.06649999999990541	TimeIntervals	Lick
1047.74325	0.06674999999995634	TimeIntervals	Lick
1047.9100000000003	0.09999999999968168	TimeIntervals	Lick
1048.11	0.09999999999990905	TimeIntervals	Lick
1048.2765	0.10025000000018736	TimeIntervals	Lick
1048.4435	0.10000000000013642	TimeIntervals	Lick
1048.57675	0.10000000000013642	TimeIntervals	Lick
1048.7767500000002	0.09999999999990905	TimeIntervals	Lick
1048.9100000000003	0.06674999999972897	TimeIntervals	Lick
1049.31	0.1670000000001437	TimeIntervals	Lick
1049.5102500000003	0.6999999999998181	TimeIntervals	Lick
1049.61025	0.10000000000013642	TimeIntervals	Reward
1050.2435	0.09999999999990905	TimeIntervals	Lick
1050.377	0.06650000000013279	TimeIntervals	Lick
1050.5105	0.06649999999990541	TimeIntervals	Lick
1050.6437499999997	0.06675000000018372	TimeIntervals	Lick
1050.777	0.06674999999995634	TimeIntervals	Lick
1050.877	0.10000000000013642	TimeIntervals	Lick
1051.0437500000003	0.06674999999972897	TimeIntervals	Lick
1051.1437499999997	0.06675000000018372	TimeIntervals	Lick
1051.277	0.06674999999995634	TimeIntervals	Lick
1051.4105000000002	0.06649999999990541	TimeIntervals	Lick
1051.5437500000003	0.06674999999972897	TimeIntervals	Lick
1051.6439999999998	0.10000000000013642	TimeIntervals	Lick
1051.7772500000003	0.0667499999995016	TimeIntervals	Lick
1051.87725	1.5335000000000036	TimeIntervals	Lick
1053.444	0.10000000000013642	TimeIntervals	Lick
1053.5775	0.09999999999990905	TimeIntervals	Lick
1053.7107500000002	0.10024999999973261	TimeIntervals	Lick
1053.8774999999998	0.06675000000018372	TimeIntervals	Lick
1054.1109999999999	0.13325000000008913	TimeIntervals	Lick
1054.311	0.10000000000013642	TimeIntervals	Lick
1054.44425	0.10000000000013642	TimeIntervals	Lick
1054.6109999999999	0.06650000000013279	TimeIntervals	Lick
1054.711	0.16649999999981446	TimeIntervals	Lick
1055.07775	0.13325000000008913	TimeIntervals	Lick
1055.2445	0.09999999999968168	TimeIntervals	Lick
1055.37775	0.10000000000013642	TimeIntervals	Lick
1055.5445000000002	0.09999999999990905	TimeIntervals	Lick
1055.711	0.06675000000018372	TimeIntervals	Lick
1055.8444999999997	0.10000000000059117	TimeIntervals	Lick
1056.0112499999998	0.06675000000018372	TimeIntervals	Lick
1056.1445	0.19999999999959073	TimeIntervals	Lick
1056.4112500000003	0.06674999999995634	TimeIntervals	Lick
1056.5445000000002	0.09999999999990905	TimeIntervals	Lick
1056.678	0.10000000000013642	TimeIntervals	Lick
1056.8444999999997	0.10000000000059117	TimeIntervals	Lick
1057.0445000000002	0.0669999999997799	TimeIntervals	Lick
1057.2115	0.06650000000036016	TimeIntervals	Lick
1057.3115	0.09999999999990905	TimeIntervals	Lick
1057.4780000000003	0.06674999999972897	TimeIntervals	Lick
1057.6115	0.06650000000013279	TimeIntervals	Lick
1057.8115	0.06649999999990541	TimeIntervals	Lick
1057.9780000000003	0.06674999999972897	TimeIntervals	Lick
1058.14475	0.06674999999995634	TimeIntervals	Lick
1058.3115	0.06674999999972897	TimeIntervals	Lick
1058.445	0.06650000000013279	TimeIntervals	Lick
1058.57825	0.10000000000013642	TimeIntervals	Lick
1058.7450000000001	0.06649999999990541	TimeIntervals	Lick
1058.8782499999998	0.06675000000018372	TimeIntervals	Lick
1059.0115	0.06674999999995634	TimeIntervals	Lick
1059.145	0.06649999999990541	TimeIntervals	Lick
1059.2785000000001	0.06649999999967804	TimeIntervals	Lick
1059.3784999999998	0.10000000000013642	TimeIntervals	Lick
1059.545	0.06674999999995634	TimeIntervals	Lick
1059.61175	0.06675000000018372	TimeIntervals	Reward
1059.6785000000002	0.06649999999990541	TimeIntervals	Lick
1059.7785000000001	0.1999999999998181	TimeIntervals	Lick
1060.0117500000001	0.06674999999995634	TimeIntervals	Lick
1060.11175	0.09999999999990905	TimeIntervals	Lick
1060.2785000000001	0.06649999999967804	TimeIntervals	Lick
1060.3784999999998	0.10000000000013642	TimeIntervals	Lick
1060.512	0.06650000000013279	TimeIntervals	Lick
1060.6452499999998	0.06675000000018372	TimeIntervals	Lick
1060.74525	0.09999999999990905	TimeIntervals	Lick
1060.8784999999998	0.10000000000013642	TimeIntervals	Lick
1061.012	0.09999999999990905	TimeIntervals	Lick
1061.1452499999998	0.10000000000013642	TimeIntervals	Lick
1061.2785000000001	0.09999999999968168	TimeIntervals	Lick
1061.4120000000003	0.09999999999968168	TimeIntervals	Lick
1061.5455000000002	0.09999999999968168	TimeIntervals	Lick
1061.67875	0.1000000000003638	TimeIntervals	Lick
1061.8454999999997	0.06650000000058753	TimeIntervals	Lick
1061.97875	0.06675000000018372	TimeIntervals	Lick
1062.0787500000001	0.03324999999972533	TimeIntervals	Lick
1062.2455	0.06650000000013279	TimeIntervals	Lick
1062.3454999999997	0.1000000000003638	TimeIntervals	Lick
1062.512	0.10025000000018736	TimeIntervals	Lick
1062.779	0.06649999999967804	TimeIntervals	Lick
1062.879	0.20000000000027285	TimeIntervals	Lick
1063.1122500000001	0.1667499999998654	TimeIntervals	Lick
1063.479	0.10000000000013642	TimeIntervals	Lick
1063.6122500000001	0.06674999999995634	TimeIntervals	Lick
1063.7125	0.09999999999990905	TimeIntervals	Lick
1064.0124999999998	0.23324999999999818	TimeIntervals	Lick
1064.3125	0.06649999999990541	TimeIntervals	Lick
1064.479	0.1667499999998654	TimeIntervals	Lick
1064.7125	0.29999999999972715	TimeIntervals	Lick
1065.046	0.16650000000004184	TimeIntervals	Lick
1065.27925	0.033249999999952706	TimeIntervals	Lick
1065.37925	0.06675000000018372	TimeIntervals	Lick
1065.646	0.23349999999982174	TimeIntervals	Lick
1065.9460000000001	0.06674999999972897	TimeIntervals	Lick
1066.1795000000002	0.36649999999985994	TimeIntervals	Lick
1066.5794999999998	0.1000000000003638	TimeIntervals	Lick
1066.8794999999998	0.20000000000004547	TimeIntervals	Lick
1067.113	0.20000000000004547	TimeIntervals	Lick
1067.413	0.09999999999990905	TimeIntervals	Lick
1067.5462500000003	0.13324999999986176	TimeIntervals	Lick
1067.84625	0.13325000000008913	TimeIntervals	Lick
1068.013	0.06649999999990541	TimeIntervals	Lick
1068.17975	0.33324999999990723	TimeIntervals	Lick
1068.57975	0.33324999999990723	TimeIntervals	Lick
1068.97975	0.16675000000009277	TimeIntervals	Lick
1069.21325	0.13324999999986176	TimeIntervals	Lick
1069.4465000000002	0.09999999999990905	TimeIntervals	Lick
1069.6132499999999	0.10000000000013642	TimeIntervals	Lick
1069.9132500000003	0.09999999999968168	TimeIntervals	Lick
1070.0465000000002	0.1334999999999127	TimeIntervals	Lick
1070.21325	0.1667499999998654	TimeIntervals	Lick
1070.4135000000003	0.09999999999968168	TimeIntervals	Lick
1070.54675	0.09999999999990905	TimeIntervals	Lick
1070.8467500000002	0.2332499999997708	TimeIntervals	Lick
1071.1134999999997	0.1000000000003638	TimeIntervals	Lick
1071.3467500000002	0.06675000000018372	TimeIntervals	Lick
1071.5135	0.06675000000018372	TimeIntervals	Lick
1071.847	0.06650000000036016	TimeIntervals	Lick
1071.9470000000003	0.09999999999968168	TimeIntervals	Lick
1072.1134999999997	0.06675000000041109	TimeIntervals	Lick
1072.247	0.06650000000013279	TimeIntervals	Lick
1072.38025	0.10024999999995998	TimeIntervals	Lick
1072.51375	0.09999999999990905	TimeIntervals	Lick
1072.6469999999997	0.06675000000018372	TimeIntervals	Reward
1072.6805	0.06650000000013279	TimeIntervals	Lick
1072.8137499999998	0.06675000000018372	TimeIntervals	Lick
1072.9137500000002	0.06674999999972897	TimeIntervals	Lick
