onset	duration	nwb_table	event_type
8.364000000000003	0.09999999999999609	TimeIntervals	Lick
11.298000000000002	0.06649999999999956	TimeIntervals	Lick
12.764750000000001	0.06674999999999898	TimeIntervals	Lick
13.265000000000002	0.09999999999999787	TimeIntervals	Lick
13.4315	0.06675000000000075	TimeIntervals	Lick
13.565	0.06650000000000134	TimeIntervals	Lick
13.665	0.1000000000000032	TimeIntervals	Lick
13.798250000000003	0.09999999999999964	TimeIntervals	Lick
13.9315	0.2002499999999987	TimeIntervals	Lick
14.165	0.1000000000000032	TimeIntervals	Lick
14.298500000000002	0.09999999999999787	TimeIntervals	Lick
14.43175	0.06675000000000075	TimeIntervals	Lick
14.53175	0.09999999999999787	TimeIntervals	Lick
14.665	0.06675000000000075	TimeIntervals	Lick
14.765000000000002	0.09999999999999964	TimeIntervals	Lick
14.8985	0.06649999999999956	TimeIntervals	Lick
14.9985	0.10000000000000142	TimeIntervals	Lick
15.132	0.10000000000000142	TimeIntervals	Lick
15.198500000000001	0.06675000000000253	TimeIntervals	Reward
15.265250000000004	0.5332499999999953	TimeIntervals	Lick
15.832000000000003	0.3332499999999978	TimeIntervals	Lick
16.198500000000003	0.46699999999999875	TimeIntervals	Lick
16.732	0.3335000000000008	TimeIntervals	Lick
17.098750000000003	0.09999999999999787	TimeIntervals	Lick
17.232	0.10024999999999906	TimeIntervals	Lick
17.399	0.06650000000000134	TimeIntervals	Lick
17.499	0.10000000000000142	TimeIntervals	Lick
17.632250000000003	0.09999999999999787	TimeIntervals	Lick
17.799000000000003	0.3332499999999996	TimeIntervals	Lick
18.1655	0.09999999999999787	TimeIntervals	Lick
18.299000000000003	0.36674999999999613	TimeIntervals	Lick
18.7325	0.10000000000000142	TimeIntervals	Lick
18.86575	0.10000000000000497	TimeIntervals	Lick
18.999	0.10000000000000142	TimeIntervals	Lick
19.1325	0.2665000000000006	TimeIntervals	Lick
19.432500000000005	0.09999999999999076	TimeIntervals	Lick
19.59925	0.06674999999999898	TimeIntervals	Lick
19.69925	0.26675000000000537	TimeIntervals	Lick
19.99925	0.10000000000000142	TimeIntervals	Lick
20.1325	0.1334999999999944	TimeIntervals	Lick
20.299249999999997	0.10000000000000142	TimeIntervals	Lick
20.432500000000005	0.1334999999999944	TimeIntervals	Lick
20.5995	0.10000000000000142	TimeIntervals	Lick
20.732750000000003	0.09999999999999432	TimeIntervals	Lick
20.866	0.1335000000000015	TimeIntervals	Lick
21.03275	0.23324999999999463	TimeIntervals	Lick
21.366000000000003	0.06674999999999898	TimeIntervals	Lick
21.4995	0.06649999999999778	TimeIntervals	Lick
21.76625	0.10000000000000142	TimeIntervals	Lick
21.966250000000002	0.23324999999999818	TimeIntervals	Lick
22.233	0.10000000000000142	TimeIntervals	Lick
22.36625	0.10000000000000142	TimeIntervals	Lick
22.6995	0.09999999999999787	TimeIntervals	Lick
22.999750000000002	0.033250000000002444	TimeIntervals	Lick
23.69975	0.09999999999999432	TimeIntervals	Lick
23.900000000000002	0.09999999999999787	TimeIntervals	Lick
24.766499999999997	0.06675000000000253	TimeIntervals	Lick
25.400000000000002	0.09999999999999787	TimeIntervals	Lick
26.400250000000003	0.09999999999999787	TimeIntervals	Lick
26.70025	0.1332500000000003	TimeIntervals	Lick
27.333750000000002	0.06675000000000253	TimeIntervals	Lick
27.7005	0.1664999999999992	TimeIntervals	Lick
28.36725	0.10000000000000142	TimeIntervals	Lick
28.733999999999998	0.06650000000000489	TimeIntervals	Lick
29.70075	0.10000000000000142	TimeIntervals	Lick
29.834000000000003	0.09999999999999787	TimeIntervals	Lick
29.9675	0.5335000000000036	TimeIntervals	Lick
30.534250000000004	0.06674999999999542	TimeIntervals	Lick
30.63425	0.10000000000000142	TimeIntervals	Lick
30.767499999999995	0.33350000000000435	TimeIntervals	Lick
31.134249999999998	0.10000000000000497	TimeIntervals	Lick
31.267499999999995	0.10000000000000497	TimeIntervals	Lick
31.401000000000003	0.19999999999999574	TimeIntervals	Lick
31.66775	0.19999999999999574	TimeIntervals	Lick
31.901000000000003	0.10000000000000142	TimeIntervals	Lick
32.0345	0.10000000000000142	TimeIntervals	Lick
32.16775	0.5	TimeIntervals	Lick
33.20125	0.20000000000000284	TimeIntervals	Lick
33.83475	0.06674999999999898	TimeIntervals	Lick
34.1015	0.10000000000000142	TimeIntervals	Lick
35.16825	0.09999999999999432	TimeIntervals	Lick
35.935	0.13349999999999085	TimeIntervals	Lick
36.101749999999996	0.06674999999999898	TimeIntervals	Lick
37.902	0.10000000000000142	TimeIntervals	Lick
38.702	0.06675000000000608	TimeIntervals	Lick
40.369000000000014	0.0999999999999801	TimeIntervals	Lick
41.96924999999999	0.06675000000001319	TimeIntervals	Lick
42.102500000000006	0.09999999999999432	TimeIntervals	Lick
42.3025	0.06675000000001319	TimeIntervals	Lick
42.86950000000001	0.06649999999999068	TimeIntervals	Lick
42.96949999999999	0.2332500000000124	TimeIntervals	Lick
43.236	0.29999999999999716	TimeIntervals	Lick
43.5695	0.20000000000000284	TimeIntervals	Lick
43.803000000000004	0.09999999999999432	TimeIntervals	Lick
43.93625	0.20000000000000284	TimeIntervals	Lick
44.1695	0.10000000000000142	TimeIntervals	Lick
44.303000000000004	0.3332499999999996	TimeIntervals	Lick
44.6695	0.10000000000000142	TimeIntervals	Lick
44.803000000000004	0.06674999999999898	TimeIntervals	Lick
44.903	0.10000000000000142	TimeIntervals	Lick
45.0365	0.06649999999999778	TimeIntervals	Lick
45.136500000000005	0.10000000000000142	TimeIntervals	Lick
45.26975	2.6669999999999945	TimeIntervals	Lick
45.26975	0.10000000000000142	TimeIntervals	Reward
47.970000000000006	0.09999999999999432	TimeIntervals	Lick
48.1035	0.10000000000000142	TimeIntervals	Lick
48.237	0.09999999999999432	TimeIntervals	Lick
48.37025	0.10000000000000142	TimeIntervals	Lick
48.5035	0.23349999999999937	TimeIntervals	Lick
48.770250000000004	0.09999999999999432	TimeIntervals	Lick
48.903499999999994	0.10000000000000853	TimeIntervals	Lick
49.037	0.10000000000000142	TimeIntervals	Lick
49.17025	0.10025000000000261	TimeIntervals	Lick
49.30375000000001	0.09999999999999432	TimeIntervals	Lick
49.43699999999999	0.10000000000000853	TimeIntervals	Lick
49.603750000000005	0.23324999999999108	TimeIntervals	Lick
49.87049999999999	0.10000000000000853	TimeIntervals	Lick
50.00375	0.10000000000000853	TimeIntervals	Lick
50.137	0.13350000000000506	TimeIntervals	Lick
50.30400000000001	0.09999999999999432	TimeIntervals	Lick
50.437250000000006	0.09999999999998721	TimeIntervals	Lick
50.5705	0.10000000000000142	TimeIntervals	Lick
50.70400000000001	0.19999999999999574	TimeIntervals	Lick
50.937250000000006	0.09999999999998721	TimeIntervals	Lick
51.170500000000004	0.10000000000000142	TimeIntervals	Lick
51.37049999999999	0.10025000000000261	TimeIntervals	Lick
51.83750000000001	0.1664999999999779	TimeIntervals	Lick
52.27075	0.06675000000001319	TimeIntervals	Lick
52.5375	0.06674999999999898	TimeIntervals	Lick
52.771	0.066500000000012	TimeIntervals	Lick
53.0375	0.06674999999999898	TimeIntervals	Lick
53.737750000000005	0.06674999999999187	TimeIntervals	Lick
54.3045	0.10000000000000142	TimeIntervals	Lick
55.23800000000001	0.09999999999999432	TimeIntervals	Lick
55.4045	0.10000000000000142	TimeIntervals	Lick
56.0715	0.06650000000000489	TimeIntervals	Lick
56.437999999999995	0.10000000000000853	TimeIntervals	Lick
57.1715	0.13350000000000506	TimeIntervals	Lick
57.771499999999996	0.10000000000000142	TimeIntervals	Lick
58.23850000000001	0.09999999999999432	TimeIntervals	Lick
59.0385	0.06649999999999778	TimeIntervals	Lick
59.3385	0.06674999999999898	TimeIntervals	Lick
59.4385	0.13350000000000506	TimeIntervals	Lick
61.23875	0.10025000000000972	TimeIntervals	Lick
62.00549999999999	0.10000000000000142	TimeIntervals	Lick
63.0725	0.10000000000000142	TimeIntervals	Lick
63.506	0.10000000000000853	TimeIntervals	Lick
64.5725	0.1002499999999884	TimeIntervals	Lick
65.9395	0.06675000000001319	TimeIntervals	Lick
66.0395	0.3335000000000008	TimeIntervals	Lick
66.40625	0.06675000000001319	TimeIntervals	Lick
66.50625000000001	0.30024999999999125	TimeIntervals	Lick
66.83974999999998	0.10000000000002274	TimeIntervals	Lick
66.97300000000001	0.29999999999998295	TimeIntervals	Lick
67.3065	0.09999999999999432	TimeIntervals	Lick
67.43975	0.06674999999999898	TimeIntervals	Lick
67.53975	0.20000000000000284	TimeIntervals	Lick
67.773	0.20025000000001114	TimeIntervals	Lick
68.0065	0.06674999999999898	TimeIntervals	Lick
68.10650000000001	0.09999999999999432	TimeIntervals	Lick
68.24	0.09999999999999432	TimeIntervals	Lick
68.33999999999999	0.10000000000002274	TimeIntervals	Reward
68.37325	0.06675000000001319	TimeIntervals	Lick
68.47325000000001	0.3999999999999915	TimeIntervals	Lick
68.9065	1.2005000000000052	TimeIntervals	Lick
70.14025000000001	0.09999999999999432	TimeIntervals	Lick
70.27350000000001	0.0999999999999801	TimeIntervals	Lick
70.407	0.46649999999999636	TimeIntervals	Lick
70.907	0.36675000000001035	TimeIntervals	Lick
71.3405	0.23324999999999818	TimeIntervals	Lick
71.607	0.36674999999999613	TimeIntervals	Lick
72.00700000000002	0.0999999999999801	TimeIntervals	Lick
72.17375000000001	0.06674999999998477	TimeIntervals	Lick
72.27375	0.10025000000000261	TimeIntervals	Lick
72.40725	0.09999999999999432	TimeIntervals	Lick
72.5405	0.10000000000000853	TimeIntervals	Lick
72.674	0.09999999999999432	TimeIntervals	Lick
72.80725000000001	0.3999999999999915	TimeIntervals	Lick
73.2405	0.10000000000000853	TimeIntervals	Lick
73.4075	0.10000000000000853	TimeIntervals	Lick
73.54075	0.10000000000000853	TimeIntervals	Lick
73.67400000000002	0.7667499999999734	TimeIntervals	Lick
74.474	1.5337499999999835	TimeIntervals	Lick
76.04100000000001	0.23349999999999227	TimeIntervals	Lick
76.341	0.333500000000015	TimeIntervals	Lick
76.70800000000001	0.0999999999999801	TimeIntervals	Lick
76.84125	0.26675000000001603	TimeIntervals	Lick
77.14125000000001	0.09999999999999432	TimeIntervals	Lick
77.2745	0.10000000000000853	TimeIntervals	Lick
77.44125000000001	0.23324999999999818	TimeIntervals	Lick
77.70800000000001	0.0999999999999801	TimeIntervals	Lick
77.87475	0.06675000000001319	TimeIntervals	Lick
78.07475	0.10000000000002274	TimeIntervals	Lick
78.20800000000001	0.19999999999998863	TimeIntervals	Lick
78.44150000000002	0.13324999999997544	TimeIntervals	Lick
78.60800000000002	0.09999999999999432	TimeIntervals	Lick
78.77475	0.06674999999999898	TimeIntervals	Lick
78.908	0.10025000000000261	TimeIntervals	Lick
79.0415	0.20000000000000284	TimeIntervals	Lick
79.30824999999999	0.06675000000001319	TimeIntervals	Lick
79.44150000000002	0.2667499999999876	TimeIntervals	Lick
79.7415	0.46699999999999875	TimeIntervals	Lick
80.3085	0.10000000000000853	TimeIntervals	Lick
80.67500000000003	0.4669999999999703	TimeIntervals	Lick
81.9085	0.1667500000000075	TimeIntervals	Lick
82.1085	0.30025000000000546	TimeIntervals	Lick
82.642	0.06675000000001319	TimeIntervals	Lick
83.27550000000001	0.3334999999999866	TimeIntervals	Lick
84.07550000000002	0.06674999999999898	TimeIntervals	Lick
84.409	0.06675000000001319	TimeIntervals	Lick
85.109	0.09999999999999432	TimeIntervals	Lick
85.309	0.06674999999998477	TimeIntervals	Lick
86.64275	0.09999999999999432	TimeIntervals	Lick
86.776	0.09999999999999432	TimeIntervals	Lick
87.64275	0.1002499999999884	TimeIntervals	Lick
87.8095	0.0667500000000274	TimeIntervals	Lick
88.27625000000002	0.06674999999998477	TimeIntervals	Lick
89.0765	0.06650000000000489	TimeIntervals	Lick
90.04324999999999	0.0667500000000274	TimeIntervals	Lick
91.44350000000001	0.06649999999999068	TimeIntervals	Lick
95.27725000000001	0.10025000000000261	TimeIntervals	Lick
95.41075000000001	0.09999999999999432	TimeIntervals	Lick
97.0775	0.30000000000001137	TimeIntervals	Lick
97.411	0.30000000000001137	TimeIntervals	Lick
97.74449999999999	0.10000000000000853	TimeIntervals	Lick
97.87775	0.20000000000000284	TimeIntervals	Lick
98.11100000000002	0.19999999999997442	TimeIntervals	Lick
98.3445	0.10000000000002274	TimeIntervals	Lick
98.47775000000001	0.06674999999999898	TimeIntervals	Lick
98.57775000000001	0.06674999999999898	TimeIntervals	Lick
98.67800000000003	0.19999999999998863	TimeIntervals	Lick
98.91125	0.10000000000000853	TimeIntervals	Lick
99.04450000000001	0.19999999999997442	TimeIntervals	Lick
99.278	0.10000000000000853	TimeIntervals	Lick
99.41125	0.4334999999999951	TimeIntervals	Lick
99.44450000000002	0.09999999999999432	TimeIntervals	Reward
99.87800000000001	0.19999999999998863	TimeIntervals	Lick
100.1115	1.4667500000000047	TimeIntervals	Lick
101.6115	0.09999999999999432	TimeIntervals	Lick
101.745	0.09999999999999432	TimeIntervals	Lick
101.87825	0.10025000000001683	TimeIntervals	Lick
102.01174999999999	0.10000000000002274	TimeIntervals	Lick
102.14500000000001	0.23349999999997806	TimeIntervals	Lick
102.41175	0.09999999999999432	TimeIntervals	Lick
102.54499999999999	0.36675000000001035	TimeIntervals	Lick
102.94500000000001	0.0999999999999801	TimeIntervals	Lick
103.0785	0.10000000000002274	TimeIntervals	Lick
103.212	0.10000000000000853	TimeIntervals	Lick
103.34525000000001	0.09999999999999432	TimeIntervals	Lick
103.47850000000001	0.09999999999999432	TimeIntervals	Lick
103.61200000000001	0.09999999999999432	TimeIntervals	Lick
103.74525	0.13324999999998965	TimeIntervals	Lick
103.912	0.0999999999999801	TimeIntervals	Lick
104.04525	0.10000000000002274	TimeIntervals	Lick
104.17850000000003	0.13349999999998374	TimeIntervals	Lick
104.3455	0.10000000000000853	TimeIntervals	Lick
104.47875	0.09999999999999432	TimeIntervals	Lick
104.61200000000001	0.13349999999998374	TimeIntervals	Lick
104.81200000000001	0.06674999999999898	TimeIntervals	Lick
105.212	0.06700000000000728	TimeIntervals	Lick
105.3455	0.06675000000001319	TimeIntervals	Lick
105.71225	0.10000000000000853	TimeIntervals	Lick
105.8455	0.10000000000000853	TimeIntervals	Lick
106.0455	0.06674999999999898	TimeIntervals	Lick
106.27900000000001	0.03324999999999534	TimeIntervals	Lick
106.77900000000001	0.13349999999999795	TimeIntervals	Lick
107.51249999999999	0.10000000000002274	TimeIntervals	Lick
107.67925000000001	0.09999999999999432	TimeIntervals	Lick
108.04599999999999	0.0665000000000191	TimeIntervals	Lick
108.21250000000002	0.06674999999998477	TimeIntervals	Lick
108.77950000000001	0.09999999999999432	TimeIntervals	Lick
110.04625	0.10000000000000853	TimeIntervals	Lick
110.87975	0.10000000000000853	TimeIntervals	Lick
112.21325000000002	0.13324999999998965	TimeIntervals	Lick
113.71350000000001	0.0999999999999801	TimeIntervals	Lick
113.88	0.06675000000001319	TimeIntervals	Lick
115.31374999999998	0.13325000000001808	TimeIntervals	Lick
116.41399999999999	0.10000000000000853	TimeIntervals	Lick
116.54725	0.06675000000001319	TimeIntervals	Lick
118.11400000000002	0.09999999999999432	TimeIntervals	Lick
119.581	0.13349999999999795	TimeIntervals	Lick
121.2145	0.19999999999998863	TimeIntervals	Lick
121.448	0.10000000000000853	TimeIntervals	Lick
121.58125000000001	0.10000000000000853	TimeIntervals	Lick
122.21474999999998	0.10000000000000853	TimeIntervals	Lick
122.34799999999998	0.20000000000001705	TimeIntervals	Lick
122.58150000000002	0.06649999999999068	TimeIntervals	Lick
122.68150000000003	0.1999999999999602	TimeIntervals	Lick
122.915	0.06650000000000489	TimeIntervals	Lick
123.01500000000001	0.19999999999998863	TimeIntervals	Lick
123.24825	0.10000000000000853	TimeIntervals	Lick
123.38149999999999	0.06675000000001319	TimeIntervals	Lick
123.48150000000001	0.20000000000001705	TimeIntervals	Lick
123.715	0.09999999999999432	TimeIntervals	Lick
123.84825000000001	0.06674999999999898	TimeIntervals	Lick
123.94825	0.10025000000000261	TimeIntervals	Lick
124.08175000000001	0.09999999999999432	TimeIntervals	Lick
124.215	0.09999999999999432	TimeIntervals	Lick
124.3485	0.06650000000000489	TimeIntervals	Lick
124.44850000000001	0.09999999999999432	TimeIntervals	Lick
124.51500000000001	0.06674999999999898	TimeIntervals	Reward
124.58175000000001	1.3002500000000055	TimeIntervals	Lick
125.91525000000001	0.0999999999999801	TimeIntervals	Lick
126.0485	0.5669999999999931	TimeIntervals	Lick
126.64875000000002	0.23324999999999818	TimeIntervals	Lick
126.9155	0.6667500000000075	TimeIntervals	Lick
127.7155	0.10000000000000853	TimeIntervals	Lick
128.149	0.10000000000002274	TimeIntervals	Lick
128.31550000000001	0.1002499999999884	TimeIntervals	Lick
128.449	0.13349999999999795	TimeIntervals	Lick
129.04899999999998	0.10000000000002274	TimeIntervals	Lick
130.14925	0.13325000000000387	TimeIntervals	Lick
130.9495	0.20000000000001705	TimeIntervals	Lick
131.416	0.06675000000001319	TimeIntervals	Lick
132.9165	0.06649999999999068	TimeIntervals	Lick
133.04975000000002	0.09999999999999432	TimeIntervals	Lick
133.51650000000004	0.09999999999993747	TimeIntervals	Lick
133.64975	0.09999999999999432	TimeIntervals	Lick
134.45	0.10000000000002274	TimeIntervals	Lick
136.35025000000002	0.09999999999999432	TimeIntervals	Lick
138.01700000000002	0.0999999999999659	TimeIntervals	Lick
138.15050000000002	0.09999999999999432	TimeIntervals	Lick
138.28400000000002	0.09999999999999432	TimeIntervals	Lick
138.41724999999997	0.06675000000004161	TimeIntervals	Lick
139.35050000000004	0.06699999999995043	TimeIntervals	Lick
139.484	0.06674999999998477	TimeIntervals	Lick
140.484	0.1002499999999884	TimeIntervals	Lick
140.9175	0.13350000000002638	TimeIntervals	Lick
142.01775	0.09999999999999432	TimeIntervals	Lick
142.15100000000004	0.19999999999998863	TimeIntervals	Lick
142.3845	0.29999999999998295	TimeIntervals	Lick
142.71800000000002	0.1999999999999602	TimeIntervals	Lick
142.95125000000002	0.19999999999998863	TimeIntervals	Lick
143.18449999999999	0.20000000000001705	TimeIntervals	Lick
143.41799999999998	0.20000000000004547	TimeIntervals	Lick
143.65125	0.20025000000001114	TimeIntervals	Lick
143.88475	0.10000000000002274	TimeIntervals	Lick
144.01800000000003	0.06674999999998477	TimeIntervals	Lick
144.11800000000002	0.19999999999998863	TimeIntervals	Lick
144.35150000000002	0.19999999999998863	TimeIntervals	Lick
144.5515	0.09999999999999432	TimeIntervals	Reward
144.58475	0.09999999999999432	TimeIntervals	Lick
144.71800000000002	0.40024999999997135	TimeIntervals	Lick
145.1515	0.3334999999999866	TimeIntervals	Lick
145.51825000000002	1.6002499999999884	TimeIntervals	Lick
147.15200000000002	0.23324999999996976	TimeIntervals	Lick
147.4185	0.10000000000002274	TimeIntervals	Lick
147.552	0.10000000000002274	TimeIntervals	Lick
147.68525	0.10000000000005116	TimeIntervals	Lick
147.8185	0.09999999999999432	TimeIntervals	Lick
147.952	0.09999999999999432	TimeIntervals	Lick
148.08525	0.10025000000001683	TimeIntervals	Lick
148.21875000000003	0.2667499999999734	TimeIntervals	Lick
148.51875	0.6332500000000039	TimeIntervals	Lick
149.419	0.26650000000000773	TimeIntervals	Lick
149.75225	0.13325000000000387	TimeIntervals	Lick
150.5525	0.06649999999996226	TimeIntervals	Lick
151.5525	0.06674999999998477	TimeIntervals	Lick
151.61925	0.06675000000001319	TimeIntervals	Reward
151.686	0.533250000000038	TimeIntervals	Lick
152.25250000000003	0.19999999999998863	TimeIntervals	Lick
152.486	0.10000000000002274	TimeIntervals	Lick
152.6195	0.20000000000001705	TimeIntervals	Lick
152.85275000000001	0.19999999999998863	TimeIntervals	Lick
153.086	0.09999999999999432	TimeIntervals	Lick
153.21950000000004	0.3332499999999641	TimeIntervals	Lick
153.586	0.10025000000001683	TimeIntervals	Lick
153.71950000000004	0.0999999999999659	TimeIntervals	Lick
153.85300000000004	0.0999999999999659	TimeIntervals	Lick
153.98625	0.09999999999999432	TimeIntervals	Lick
154.1195	0.10000000000005116	TimeIntervals	Lick
154.25300000000001	0.10000000000002274	TimeIntervals	Lick
154.38625000000002	0.09999999999999432	TimeIntervals	Lick
154.51950000000002	0.0999999999999659	TimeIntervals	Lick
154.653	0.10000000000002274	TimeIntervals	Lick
154.78650000000002	0.666499999999985	TimeIntervals	Lick
155.653	0.10000000000002274	TimeIntervals	Lick
156.15324999999999	0.10000000000005116	TimeIntervals	Lick
156.28650000000002	0.09999999999999432	TimeIntervals	Lick
156.42	0.33325000000004934	TimeIntervals	Lick
156.78650000000002	0.09999999999999432	TimeIntervals	Lick
156.92	0.20000000000001705	TimeIntervals	Lick
157.1535	0.10000000000002274	TimeIntervals	Lick
157.28675	0.19999999999998863	TimeIntervals	Lick
157.52	0.0999999999999659	TimeIntervals	Lick
157.6535	0.0665000000000191	TimeIntervals	Lick
157.75350000000003	0.1999999999999602	TimeIntervals	Lick
157.98675	0.10025000000001683	TimeIntervals	Lick
158.12024999999997	0.10000000000005116	TimeIntervals	Lick
158.25350000000003	0.06674999999998477	TimeIntervals	Lick
158.35350000000003	0.23349999999999227	TimeIntervals	Lick
158.62024999999997	0.20000000000004547	TimeIntervals	Lick
158.62024999999997	0.06675000000004161	TimeIntervals	Reward
158.85350000000003	0.46699999999998454	TimeIntervals	Lick
159.35375000000002	0.09999999999999432	TimeIntervals	Lick
159.48700000000002	0.09999999999999432	TimeIntervals	Lick
159.6205	0.3332500000000209	TimeIntervals	Lick
159.98700000000002	0.06674999999998477	TimeIntervals	Lick
160.08700000000002	0.09999999999999432	TimeIntervals	Lick
160.22050000000004	0.0999999999999659	TimeIntervals	Lick
160.354	0.06649999999999068	TimeIntervals	Lick
160.45400000000004	0.0999999999999659	TimeIntervals	Lick
160.58725	0.09999999999999432	TimeIntervals	Lick
160.72050000000004	0.1999999999999602	TimeIntervals	Lick
160.95400000000004	0.5334999999999752	TimeIntervals	Lick
161.52075000000002	0.0999999999999659	TimeIntervals	Lick
161.654	0.2335000000000207	TimeIntervals	Lick
161.92075	0.10000000000002274	TimeIntervals	Lick
162.054	0.4000000000000341	TimeIntervals	Lick
162.4875	0.06674999999998477	TimeIntervals	Lick
163.35424999999998	0.20025000000001114	TimeIntervals	Lick
163.58775000000003	0.13324999999997544	TimeIntervals	Lick
163.75450000000004	0.2664999999999793	TimeIntervals	Lick
164.52100000000002	0.13349999999996953	TimeIntervals	Lick
164.92125000000001	0.09999999999999432	TimeIntervals	Lick
165.08800000000005	0.06649999999993383	TimeIntervals	Lick
165.28800000000004	0.09999999999993747	TimeIntervals	Lick
165.52125	0.0999999999999659	TimeIntervals	Lick
165.72125000000003	0.06675000000001319	TimeIntervals	Lick
166.08800000000005	0.06674999999995634	TimeIntervals	Lick
167.08825000000004	0.0999999999999659	TimeIntervals	Lick
167.28825000000003	0.06674999999995634	TimeIntervals	Lick
168.25500000000002	0.06674999999998477	TimeIntervals	Lick
168.65499999999997	0.06675000000007003	TimeIntervals	Reward
168.855	0.4002500000000282	TimeIntervals	Lick
169.28850000000003	0.19999999999998863	TimeIntervals	Lick
169.522	0.06650000000004752	TimeIntervals	Lick
169.62199999999999	0.06649999999999068	TimeIntervals	Lick
169.72200000000004	0.19999999999998863	TimeIntervals	Lick
169.95525	0.0999999999999659	TimeIntervals	Lick
170.08850000000004	0.30024999999997704	TimeIntervals	Lick
170.42200000000003	0.333500000000015	TimeIntervals	Lick
170.78875000000005	0.0999999999999659	TimeIntervals	Lick
170.92200000000003	0.1999999999999602	TimeIntervals	Lick
171.1555	0.10000000000005116	TimeIntervals	Lick
171.28900000000004	0.3664999999999452	TimeIntervals	Lick
171.689	0.10000000000005116	TimeIntervals	Lick
171.82225000000003	0.09999999999999432	TimeIntervals	Lick
171.95550000000003	0.0999999999999659	TimeIntervals	Lick
172.089	0.09999999999999432	TimeIntervals	Lick
172.22225000000006	0.0999999999999659	TimeIntervals	Lick
172.55575	0.10000000000002274	TimeIntervals	Lick
172.72250000000003	0.09999999999999432	TimeIntervals	Lick
172.889	0.06675000000001319	TimeIntervals	Lick
173.02250000000004	0.06649999999996226	TimeIntervals	Lick
173.52250000000004	0.0999999999999659	TimeIntervals	Lick
173.65599999999998	0.4000000000000341	TimeIntervals	Lick
174.356	0.0665000000000191	TimeIntervals	Lick
174.62275	0.06675000000001319	TimeIntervals	Lick
175.056	0.0999999999999659	TimeIntervals	Lick
175.6895	0.06675000000001319	TimeIntervals	Lick
176.223	0.0665000000000191	TimeIntervals	Lick
176.323	0.09999999999999432	TimeIntervals	Lick
176.45624999999998	0.3002500000000339	TimeIntervals	Lick
176.78975000000003	0.29999999999998295	TimeIntervals	Lick
177.12300000000002	0.06674999999998477	TimeIntervals	Lick
177.223	0.19999999999998863	TimeIntervals	Lick
177.4565	0.19999999999998863	TimeIntervals	Lick
177.68975	0.10000000000002274	TimeIntervals	Lick
177.823	0.06700000000000728	TimeIntervals	Lick
177.92325000000002	0.5667500000000132	TimeIntervals	Lick
178.52325	0.33325000000004934	TimeIntervals	Lick
178.6565	0.06675000000004161	TimeIntervals	Reward
178.89000000000001	0.19999999999998863	TimeIntervals	Lick
179.1235	0.3332499999999925	TimeIntervals	Lick
179.49000000000004	0.1999999999999602	TimeIntervals	Lick
179.72350000000006	0.0999999999999659	TimeIntervals	Lick
179.85675	0.09999999999999432	TimeIntervals	Lick
180.02349999999998	0.5335000000000321	TimeIntervals	Lick
180.59025	0.10000000000002274	TimeIntervals	Lick
180.72350000000006	0.23349999999996385	TimeIntervals	Lick
180.99025000000003	0.0999999999999659	TimeIntervals	Lick
181.1235	0.10025000000001683	TimeIntervals	Lick
181.257	0.09999999999999432	TimeIntervals	Lick
181.39050000000003	0.09999999999999432	TimeIntervals	Lick
181.52375	0.13325000000000387	TimeIntervals	Lick
181.82375000000002	0.03324999999998113	TimeIntervals	Lick
182.05700000000002	0.26700000000002433	TimeIntervals	Lick
182.45725	0.06675000000004161	TimeIntervals	Lick
182.82400000000004	0.06649999999999068	TimeIntervals	Lick
182.95725	0.06675000000004161	TimeIntervals	Lick
183.4575	0.09999999999999432	TimeIntervals	Lick
184.02400000000003	0.0999999999999659	TimeIntervals	Lick
184.35750000000004	0.06649999999996226	TimeIntervals	Lick
185.32425000000003	0.09999999999999432	TimeIntervals	Lick
185.8245	0.1332500000000323	TimeIntervals	Lick
187.0245	0.09999999999999432	TimeIntervals	Lick
187.59124999999997	0.10000000000005116	TimeIntervals	Lick
187.7245	0.13349999999999795	TimeIntervals	Lick
188.5915	0.09999999999999432	TimeIntervals	Lick
189.45825000000002	0.10000000000002274	TimeIntervals	Lick
190.49175	0.09999999999999432	TimeIntervals	Lick
190.6585	0.10000000000002274	TimeIntervals	Lick
190.82500000000002	0.13349999999996953	TimeIntervals	Lick
191.1585	0.10000000000002274	TimeIntervals	Lick
191.75850000000003	0.06675000000001319	TimeIntervals	Lick
192.0585	0.2335000000000207	TimeIntervals	Lick
193.1255	0.10000000000005116	TimeIntervals	Lick
194.1255	0.1335000000000548	TimeIntervals	Lick
194.92575	0.10000000000005116	TimeIntervals	Lick
195.3925	0.13350000000002638	TimeIntervals	Lick
197.09275000000002	0.0999999999999659	TimeIntervals	Lick
197.59275000000002	0.13349999999996953	TimeIntervals	Lick
198.193	0.23324999999996976	TimeIntervals	Lick
198.693	0.09999999999999432	TimeIntervals	Lick
199.8265	0.09999999999999432	TimeIntervals	Lick
199.96000000000004	0.13324999999997544	TimeIntervals	Lick
201.72675000000004	0.06674999999998477	TimeIntervals	Lick
202.1935	0.13349999999999795	TimeIntervals	Lick
202.86025	0.09999999999999432	TimeIntervals	Lick
203.22700000000003	0.0999999999999659	TimeIntervals	Lick
203.3605	0.20000000000001705	TimeIntervals	Lick
203.96050000000002	0.06649999999999068	TimeIntervals	Lick
204.2605	0.09999999999999432	TimeIntervals	Lick
204.394	0.09999999999999432	TimeIntervals	Lick
204.92725000000002	0.09999999999999432	TimeIntervals	Lick
205.9275	0.09999999999999432	TimeIntervals	Lick
207.1275	0.09999999999999432	TimeIntervals	Lick
207.26100000000002	0.4334999999999809	TimeIntervals	Lick
207.72775000000001	0.29999999999998295	TimeIntervals	Lick
208.061	0.20000000000001705	TimeIntervals	Lick
208.2945	0.20000000000001705	TimeIntervals	Lick
208.52775	0.20025000000003956	TimeIntervals	Lick
208.76125000000002	0.19999999999998863	TimeIntervals	Lick
208.99450000000002	0.09999999999999432	TimeIntervals	Lick
209.12799999999996	0.10000000000007958	TimeIntervals	Lick
209.26125000000002	0.3667499999999393	TimeIntervals	Lick
209.66125000000002	0.06675000000001319	TimeIntervals	Lick
209.6945	0.0670000000000357	TimeIntervals	Reward
209.76150000000004	0.29999999999998295	TimeIntervals	Lick
210.09475	0.4332499999999868	TimeIntervals	Lick
210.56150000000002	0.09999999999999432	TimeIntervals	Lick
210.69475000000003	0.20024999999998272	TimeIntervals	Lick
210.92825	0.46675000000001887	TimeIntervals	Lick
211.42825	0.8335000000000434	TimeIntervals	Lick
212.29500000000004	0.0999999999999659	TimeIntervals	Lick
212.4285	0.10000000000002274	TimeIntervals	Lick
212.56175	0.23325000000005502	TimeIntervals	Lick
212.8285	0.13325000000000387	TimeIntervals	Lick
212.995	0.06699999999997885	TimeIntervals	Lick
213.09524999999996	0.10000000000005116	TimeIntervals	Lick
213.22850000000003	0.0999999999999659	TimeIntervals	Lick
213.36200000000005	0.13324999999994702	TimeIntervals	Lick
213.69525000000002	0.20000000000001705	TimeIntervals	Lick
214.06199999999998	0.09999999999999432	TimeIntervals	Lick
214.2955	0.10000000000002274	TimeIntervals	Lick
214.42875	0.06674999999998477	TimeIntervals	Lick
215.0955	0.10000000000002274	TimeIntervals	Lick
215.36225000000002	0.09999999999999432	TimeIntervals	Lick
215.729	0.10000000000002274	TimeIntervals	Reward
215.86225000000002	0.4000000000000057	TimeIntervals	Lick
216.2955	0.5670000000000357	TimeIntervals	Lick
216.89575000000002	0.46675000000001887	TimeIntervals	Lick
217.39575000000002	0.1002499999999884	TimeIntervals	Lick
217.52925	0.19999999999998863	TimeIntervals	Lick
217.76250000000002	0.33349999999995816	TimeIntervals	Lick
218.12925	0.20000000000001705	TimeIntervals	Lick
218.36250000000004	0.3334999999999866	TimeIntervals	Lick
218.72950000000003	0.3332499999999925	TimeIntervals	Lick
219.09599999999998	0.10000000000005116	TimeIntervals	Lick
219.22950000000003	0.09999999999999432	TimeIntervals	Lick
219.36275	0.46675000000001887	TimeIntervals	Lick
219.86300000000003	0.13324999999994702	TimeIntervals	Lick
220.0295	0.5	TimeIntervals	Lick
220.56300000000002	0.0999999999999659	TimeIntervals	Lick
220.69625	0.13350000000002638	TimeIntervals	Lick
220.86300000000003	0.3334999999999866	TimeIntervals	Lick
221.22975	0.10000000000002274	TimeIntervals	Lick
221.36300000000003	0.13349999999999795	TimeIntervals	Lick
221.52974999999998	0.20000000000001705	TimeIntervals	Lick
221.76299999999998	0.10025000000001683	TimeIntervals	Lick
221.8965	0.10000000000002274	TimeIntervals	Lick
222.02999999999997	0.10000000000005116	TimeIntervals	Lick
222.16325	0.10000000000002274	TimeIntervals	Lick
222.2965	0.09999999999999432	TimeIntervals	Lick
222.42999999999998	0.09999999999999432	TimeIntervals	Lick
222.56325	0.09999999999999432	TimeIntervals	Lick
222.69650000000001	0.13349999999999795	TimeIntervals	Lick
222.73	0.10000000000002274	TimeIntervals	Reward
222.86325	0.4002500000000282	TimeIntervals	Lick
223.29675	0.7332499999999698	TimeIntervals	Lick
224.06349999999998	0.33350000000004343	TimeIntervals	Lick
224.43024999999997	0.10000000000002274	TimeIntervals	Lick
224.56349999999998	0.6002500000000168	TimeIntervals	Lick
225.197	0.10000000000002274	TimeIntervals	Lick
225.33050000000003	0.0999999999999659	TimeIntervals	Lick
225.46375	0.09999999999999432	TimeIntervals	Lick
225.597	0.09999999999999432	TimeIntervals	Lick
225.7305	0.23324999999999818	TimeIntervals	Lick
225.997	0.06674999999998477	TimeIntervals	Lick
226.097	0.09999999999999432	TimeIntervals	Lick
226.2305	0.10000000000002274	TimeIntervals	Lick
226.364	0.09999999999999432	TimeIntervals	Lick
226.49724999999998	0.10000000000002274	TimeIntervals	Lick
226.6305	0.09999999999999432	TimeIntervals	Lick
226.79725000000002	0.3332499999999925	TimeIntervals	Lick
227.164	0.10000000000005116	TimeIntervals	Lick
227.29725000000002	0.10025000000001683	TimeIntervals	Lick
227.43075	0.13325000000000387	TimeIntervals	Lick
227.5975	0.09999999999999432	TimeIntervals	Lick
227.73075000000003	0.09999999999999432	TimeIntervals	Lick
227.864	0.09999999999999432	TimeIntervals	Lick
228.03074999999998	0.09999999999999432	TimeIntervals	Lick
228.164	0.2335000000000491	TimeIntervals	Lick
228.431	0.0999999999999659	TimeIntervals	Lick
228.5975	0.06675000000001319	TimeIntervals	Lick
228.6975	0.10000000000002274	TimeIntervals	Lick
228.83100000000002	0.23324999999996976	TimeIntervals	Lick
229.0975	0.09999999999999432	TimeIntervals	Lick
229.2975	0.06675000000001319	TimeIntervals	Lick
229.431	0.06649999999999068	TimeIntervals	Lick
229.5645	0.09999999999999432	TimeIntervals	Lick
229.79775	0.06674999999998477	TimeIntervals	Lick
229.89775	0.2667500000000018	TimeIntervals	Lick
230.19774999999998	0.1332500000000323	TimeIntervals	Lick
230.39775	0.06675000000001319	TimeIntervals	Lick
230.49775	0.09999999999999432	TimeIntervals	Lick
230.631	0.10025000000001683	TimeIntervals	Lick
230.76450000000003	0.0999999999999659	TimeIntervals	Lick
230.89800000000002	0.09999999999999432	TimeIntervals	Lick
231.09799999999998	0.10000000000002274	TimeIntervals	Lick
231.23125000000002	0.09999999999999432	TimeIntervals	Lick
231.3645	0.10000000000002274	TimeIntervals	Lick
231.49800000000002	0.13324999999994702	TimeIntervals	Lick
231.6645	0.20025000000001114	TimeIntervals	Lick
231.93150000000003	0.13324999999997544	TimeIntervals	Lick
232.09799999999998	0.2335000000000207	TimeIntervals	Lick
232.36475000000002	0.10000000000002274	TimeIntervals	Lick
232.6315	0.0665000000000191	TimeIntervals	Lick
233.23150000000004	0.0999999999999659	TimeIntervals	Lick
233.39825000000002	0.10000000000002274	TimeIntervals	Lick
233.53150000000002	0.13349999999996953	TimeIntervals	Lick
233.73150000000004	0.0999999999999659	TimeIntervals	Lick
233.93150000000003	0.06699999999997885	TimeIntervals	Lick
234.1985	0.10000000000002274	TimeIntervals	Lick
234.365	0.06675000000001319	TimeIntervals	Lick
234.5985	0.06649999999999068	TimeIntervals	Lick
234.73175	0.09999999999999432	TimeIntervals	Lick
234.93175000000002	0.1002499999999884	TimeIntervals	Lick
235.132	0.09999999999999432	TimeIntervals	Lick
235.36525000000003	0.06674999999995634	TimeIntervals	Lick
235.56525000000002	0.09999999999999432	TimeIntervals	Lick
235.6985	0.06674999999998477	TimeIntervals	Lick
235.79850000000002	0.06675000000001319	TimeIntervals	Lick
236.06525000000002	0.10025000000001683	TimeIntervals	Lick
236.432	0.10000000000002274	TimeIntervals	Lick
237.16550000000004	0.13349999999996953	TimeIntervals	Lick
237.86550000000003	0.1999999999999602	TimeIntervals	Lick
238.43249999999998	0.1332500000000323	TimeIntervals	Lick
239.39900000000003	0.06700000000000728	TimeIntervals	Lick
240.266	0.10000000000002274	TimeIntervals	Lick
240.39925	0.06675000000004161	TimeIntervals	Lick
240.866	0.06674999999998477	TimeIntervals	Lick
241.6995	0.13350000000002638	TimeIntervals	Lick
243.233	0.13350000000002638	TimeIntervals	Lick
243.39975	0.06674999999998477	TimeIntervals	Lick
244.0	0.13325000000000387	TimeIntervals	Lick
244.23325000000003	0.09999999999999432	TimeIntervals	Lick
244.36650000000003	0.06674999999995634	TimeIntervals	Lick
244.4665	0.13350000000002638	TimeIntervals	Lick
244.86650000000003	0.16699999999997317	TimeIntervals	Lick
248.234	0.06649999999999068	TimeIntervals	Lick
248.634	0.06649999999999068	TimeIntervals	Lick
248.734	0.9667500000000189	TimeIntervals	Lick
249.734	0.09999999999999432	TimeIntervals	Lick
249.86750000000006	0.2999999999999261	TimeIntervals	Lick
250.20075000000003	0.0999999999999659	TimeIntervals	Lick
250.334	0.20025000000001114	TimeIntervals	Lick
250.5675	0.09999999999999432	TimeIntervals	Lick
250.73425	0.06675000000001319	TimeIntervals	Lick
250.80100000000002	0.10000000000002274	TimeIntervals	Reward
250.83425	1.4335000000000093	TimeIntervals	Lick
252.30100000000002	2.0670000000000357	TimeIntervals	Lick
254.4015	0.10000000000005116	TimeIntervals	Lick
254.53475	0.36674999999999613	TimeIntervals	Lick
254.935	0.1332500000000323	TimeIntervals	Lick
255.10150000000002	0.13350000000002638	TimeIntervals	Lick
255.26825000000005	0.06674999999995634	TimeIntervals	Lick
255.50150000000005	0.0999999999999659	TimeIntervals	Lick
255.66825000000003	0.06675000000001319	TimeIntervals	Lick
255.76825000000005	0.0999999999999659	TimeIntervals	Lick
255.9015	0.10025000000001683	TimeIntervals	Lick
256.10175	0.0999999999999659	TimeIntervals	Lick
256.235	0.13349999999996953	TimeIntervals	Lick
256.40175	0.0999999999999659	TimeIntervals	Lick
256.535	0.10000000000002274	TimeIntervals	Lick
256.835	0.13349999999996953	TimeIntervals	Lick
257.00174999999996	0.13350000000008322	TimeIntervals	Lick
257.3020000000001	0.09999999999990905	TimeIntervals	Lick
257.702	0.03325000000000955	TimeIntervals	Lick
257.76849999999996	0.06675000000001319	TimeIntervals	Lick
257.8685	0.06675000000001319	TimeIntervals	Lick
257.96849999999995	0.13350000000008322	TimeIntervals	Lick
258.13550000000004	0.0999999999999659	TimeIntervals	Lick
258.36875	0.13324999999997544	TimeIntervals	Lick
258.53549999999996	0.10000000000007958	TimeIntervals	Lick
258.96874999999994	0.06675000000001319	TimeIntervals	Lick
259.06874999999997	0.06675000000007003	TimeIntervals	Lick
259.36899999999997	0.0665000000000191	TimeIntervals	Lick
259.60225	0.06674999999995634	TimeIntervals	Lick
259.76899999999995	0.10000000000002274	TimeIntervals	Lick
259.9355	0.20000000000004547	TimeIntervals	Lick
260.5025	0.10000000000002274	TimeIntervals	Lick
260.669	0.0999999999999659	TimeIntervals	Lick
261.4024999999999	0.10000000000007958	TimeIntervals	Lick
261.9024999999999	0.13350000000008322	TimeIntervals	Lick
262.16925	0.06675000000001319	TimeIntervals	Lick
262.3025	0.13349999999996953	TimeIntervals	Lick
262.66949999999997	0.0665000000000191	TimeIntervals	Lick
263.136	0.0999999999999659	TimeIntervals	Lick
264.303	0.30000000000001137	TimeIntervals	Lick
264.63625	0.13349999999996953	TimeIntervals	Lick
264.8365	0.0665000000000191	TimeIntervals	Lick
265.203	0.06675000000001319	TimeIntervals	Lick
266.10325	0.06675000000001319	TimeIntervals	Lick
267.46999999999997	0.10000000000007958	TimeIntervals	Lick
268.037	0.0665000000000191	TimeIntervals	Lick
268.93699999999995	0.03325000000000955	TimeIntervals	Lick
269.0035	0.2669999999999959	TimeIntervals	Lick
270.43724999999995	0.10000000000002274	TimeIntervals	Lick
270.604	0.06649999999996226	TimeIntervals	Lick
272.771	0.09999999999990905	TimeIntervals	Lick
273.9044999999999	0.06650000000007594	TimeIntervals	Lick
274.77124999999995	0.10000000000002274	TimeIntervals	Lick
275.00449999999995	0.06675000000001319	TimeIntervals	Lick
275.57124999999996	0.20024999999998272	TimeIntervals	Lick
275.80475	0.1999999999999318	TimeIntervals	Lick
276.03799999999995	0.30000000000012506	TimeIntervals	Lick
276.3715	0.0999999999999659	TimeIntervals	Lick
276.50474999999994	0.06675000000007003	TimeIntervals	Lick
276.60474999999997	0.06674999999995634	TimeIntervals	Lick
276.70475	0.10000000000002274	TimeIntervals	Lick
276.8380000000001	0.20024999999992588	TimeIntervals	Lick
277.0715	0.1999999999999318	TimeIntervals	Lick
277.30499999999995	0.20000000000004547	TimeIntervals	Lick
277.53825	0.1999999999999318	TimeIntervals	Lick
277.77149999999995	0.20025000000003956	TimeIntervals	Lick
277.90500000000003	0.03350000000000364	TimeIntervals	Reward
278.005	0.2999999999999545	TimeIntervals	Lick
278.3385	0.19999999999998863	TimeIntervals	Lick
278.57175	0.2999999999999545	TimeIntervals	Lick
278.90500000000003	0.20024999999992588	TimeIntervals	Lick
279.1385	0.19999999999998863	TimeIntervals	Lick
279.372	0.19999999999998863	TimeIntervals	Lick
279.60524999999996	0.20000000000004547	TimeIntervals	Lick
279.8385	0.10000000000002274	TimeIntervals	Lick
279.972	0.19999999999998863	TimeIntervals	Lick
280.2055	0.10000000000002274	TimeIntervals	Lick
280.33875000000006	0.23324999999994134	TimeIntervals	Lick
280.6055	0.19999999999998863	TimeIntervals	Lick
280.83875000000006	0.10000000000002274	TimeIntervals	Lick
281.27225	0.06675000000007003	TimeIntervals	Lick
281.37224999999995	0.4000000000000341	TimeIntervals	Lick
282.639	0.06675000000001319	TimeIntervals	Lick
282.80575	0.06674999999995634	TimeIntervals	Lick
282.90575	0.10000000000002274	TimeIntervals	Lick
283.73925	0.0999999999999659	TimeIntervals	Lick
283.87249999999995	0.13350000000008322	TimeIntervals	Lick
284.0725	0.06675000000001319	TimeIntervals	Lick
284.33925	0.06674999999995634	TimeIntervals	Lick
284.63950000000006	0.0999999999999659	TimeIntervals	Lick
285.206	0.13350000000002638	TimeIntervals	Lick
285.40599999999995	0.3002500000000623	TimeIntervals	Lick
286.60625000000005	0.06674999999995634	TimeIntervals	Lick
286.73974999999996	0.3332499999999641	TimeIntervals	Lick
287.10650000000004	0.1999999999999318	TimeIntervals	Lick
287.33975000000004	0.06675000000001319	TimeIntervals	Lick
287.43975	0.06674999999995634	TimeIntervals	Lick
287.53975	0.0999999999999659	TimeIntervals	Lick
287.673	0.20024999999998272	TimeIntervals	Lick
287.90650000000005	0.06674999999995634	TimeIntervals	Lick
288.00649999999996	0.10000000000007958	TimeIntervals	Lick
288.14000000000004	0.2999999999999545	TimeIntervals	Lick
288.47325	0.20000000000004547	TimeIntervals	Lick
288.70649999999995	0.20000000000010232	TimeIntervals	Lick
288.94	0.5335000000000036	TimeIntervals	Lick
288.94	0.03350000000000364	TimeIntervals	Reward
289.50674999999995	0.20000000000004547	TimeIntervals	Lick
289.73999999999995	0.20000000000004547	TimeIntervals	Lick
289.9735	0.19999999999998863	TimeIntervals	Lick
290.207	0.19999999999998863	TimeIntervals	Lick
290.44025	0.30000000000001137	TimeIntervals	Lick
290.77349999999996	0.20000000000004547	TimeIntervals	Lick
291.00699999999995	0.2335000000000491	TimeIntervals	Lick
291.27374999999995	0.20000000000010232	TimeIntervals	Lick
291.50699999999995	0.10000000000007958	TimeIntervals	Lick
291.6405	0.10000000000002274	TimeIntervals	Lick
291.77374999999995	0.10000000000002274	TimeIntervals	Lick
291.907	0.0999999999999659	TimeIntervals	Lick
292.0405	0.23349999999993543	TimeIntervals	Lick
292.30725	0.4332499999999868	TimeIntervals	Lick
292.90725000000003	0.0999999999999659	TimeIntervals	Lick
293.84075000000007	0.0999999999999659	TimeIntervals	Lick
294.00750000000005	0.0999999999999659	TimeIntervals	Lick
294.14074999999997	0.06674999999995634	TimeIntervals	Lick
294.44100000000003	0.0665000000000191	TimeIntervals	Lick
294.6075	0.16674999999997908	TimeIntervals	Lick
294.94100000000003	0.0665000000000191	TimeIntervals	Lick
295.07424999999995	0.06675000000007003	TimeIntervals	Lick
295.9745	0.0999999999999659	TimeIntervals	Lick
296.10775	0.0999999999999659	TimeIntervals	Lick
296.241	0.10000000000002274	TimeIntervals	Lick
296.3744999999999	0.2667500000001155	TimeIntervals	Lick
296.84125	1.2002499999999827	TimeIntervals	Lick
296.9745	0.0999999999999659	TimeIntervals	Reward
298.07475	0.10000000000002274	TimeIntervals	Lick
298.208	0.0667499999998995	TimeIntervals	Lick
298.308	0.5669999999999504	TimeIntervals	Lick
298.90825	0.09999999999990905	TimeIntervals	Lick
299.0415	0.4667499999999336	TimeIntervals	Lick
299.5415	0.10000000000002274	TimeIntervals	Lick
299.67499999999995	0.333500000000015	TimeIntervals	Lick
300.04175	0.6000000000000227	TimeIntervals	Lick
300.67499999999995	0.0999999999999659	TimeIntervals	Lick
300.8085	0.10000000000002274	TimeIntervals	Lick
300.94175	0.10024999999995998	TimeIntervals	Lick
301.07525000000004	0.0999999999999659	TimeIntervals	Lick
301.2085	0.0999999999999659	TimeIntervals	Lick
301.34200000000004	0.09999999999990905	TimeIntervals	Lick
301.47524999999996	0.06675000000001319	TimeIntervals	Lick
301.60850000000005	0.06674999999995634	TimeIntervals	Lick
301.7085	0.0999999999999659	TimeIntervals	Lick
301.84200000000004	0.23324999999999818	TimeIntervals	Lick
302.10850000000005	0.10024999999995998	TimeIntervals	Lick
302.24199999999996	0.10000000000007958	TimeIntervals	Lick
302.3755	0.13324999999997544	TimeIntervals	Lick
302.542	0.06675000000001319	TimeIntervals	Lick
302.642	0.20000000000004547	TimeIntervals	Lick
302.8755	0.0999999999999659	TimeIntervals	Lick
303.00874999999996	0.10000000000002274	TimeIntervals	Lick
303.142	0.10025000000001683	TimeIntervals	Lick
303.2755	0.1999999999999318	TimeIntervals	Lick
303.50899999999996	0.10000000000002274	TimeIntervals	Lick
303.64225	0.10000000000002274	TimeIntervals	Lick
303.7755	0.0999999999999659	TimeIntervals	Lick
303.90900000000005	0.09999999999990905	TimeIntervals	Lick
303.97549999999995	0.06675000000007003	TimeIntervals	Reward
304.04225	0.0999999999999659	TimeIntervals	Lick
304.1755	0.9002499999999714	TimeIntervals	Lick
305.109	0.10000000000002274	TimeIntervals	Lick
305.24249999999995	0.20000000000004547	TimeIntervals	Lick
305.476	0.10000000000002274	TimeIntervals	Lick
305.60925000000003	0.0999999999999659	TimeIntervals	Lick
305.74249999999995	0.4667500000000473	TimeIntervals	Lick
306.24249999999995	0.5002500000000509	TimeIntervals	Lick
306.77599999999995	0.8000000000000682	TimeIntervals	Lick
307.60949999999997	0.06675000000001319	TimeIntervals	Lick
307.743	0.4332499999999868	TimeIntervals	Lick
308.20950000000005	0.0999999999999659	TimeIntervals	Lick
308.37624999999997	0.06675000000007003	TimeIntervals	Lick
308.47625000000005	0.40024999999997135	TimeIntervals	Lick
308.90975	0.10000000000002274	TimeIntervals	Lick
309.07649999999995	0.10000000000007958	TimeIntervals	Lick
309.20975000000004	0.13324999999997544	TimeIntervals	Lick
309.3765	0.4667500000000473	TimeIntervals	Lick
310.17650000000003	0.033499999999946795	TimeIntervals	Lick
310.41	0.0999999999999659	TimeIntervals	Lick
310.54325	0.10000000000002274	TimeIntervals	Lick
310.71	0.06649999999996226	TimeIntervals	Lick
310.8765	0.06700000000000728	TimeIntervals	Lick
311.07674999999995	0.4000000000000341	TimeIntervals	Lick
311.87675	0.06675000000001319	TimeIntervals	Lick
312.1435000000001	0.1999999999999318	TimeIntervals	Lick
312.41025	0.06675000000001319	TimeIntervals	Lick
312.5435	0.10000000000007958	TimeIntervals	Lick
312.677	0.0999999999999659	TimeIntervals	Lick
312.91025	0.13324999999997544	TimeIntervals	Lick
313.14375	0.06674999999995634	TimeIntervals	Lick
313.277	0.0999999999999659	TimeIntervals	Lick
313.54374999999993	0.10000000000007958	TimeIntervals	Lick
313.777	0.16675000000009277	TimeIntervals	Lick
314.27725	0.06675000000007003	TimeIntervals	Lick
314.37725	0.10000000000002274	TimeIntervals	Lick
314.5104999999999	0.10000000000007958	TimeIntervals	Lick
314.87725	0.06675000000007003	TimeIntervals	Lick
315.0104999999999	0.3335000000001287	TimeIntervals	Lick
315.5775	0.10000000000002274	TimeIntervals	Lick
315.81075	0.06675000000001319	TimeIntervals	Lick
315.944	0.0999999999999659	TimeIntervals	Lick
316.2775	0.10000000000002274	TimeIntervals	Lick
316.54425	0.30000000000001137	TimeIntervals	Lick
316.8775	0.06675000000001319	TimeIntervals	Lick
317.11100000000005	0.13324999999997544	TimeIntervals	Lick
317.311	0.1332500000000323	TimeIntervals	Lick
318.7445	0.0999999999999659	TimeIntervals	Lick
319.078	0.19999999999998863	TimeIntervals	Lick
319.31125000000003	0.10000000000002274	TimeIntervals	Lick
319.77799999999996	0.10000000000002274	TimeIntervals	Lick
319.94475	0.06674999999995634	TimeIntervals	Lick
320.578	0.10000000000002274	TimeIntervals	Lick
320.74475	0.266749999999945	TimeIntervals	Lick
321.345	0.0665000000000191	TimeIntervals	Lick
321.47825	0.1332500000000323	TimeIntervals	Lick
321.64500000000004	0.0999999999999659	TimeIntervals	Lick
322.64500000000004	0.06674999999995634	TimeIntervals	Lick
322.745	0.10000000000002274	TimeIntervals	Lick
322.87850000000003	0.2999999999999545	TimeIntervals	Lick
323.212	0.10000000000002274	TimeIntervals	Lick
323.34525	0.06675000000001319	TimeIntervals	Lick
323.44525	0.30000000000001137	TimeIntervals	Lick
323.7784999999999	0.10000000000013642	TimeIntervals	Lick
323.91200000000003	0.06649999999996226	TimeIntervals	Lick
324.012	0.19999999999998863	TimeIntervals	Lick
324.2455	0.0999999999999659	TimeIntervals	Lick
324.37875	0.1999999999999318	TimeIntervals	Lick
324.612	0.19999999999998863	TimeIntervals	Lick
324.84549999999996	0.20000000000004547	TimeIntervals	Lick
325.012	0.10000000000002274	TimeIntervals	Reward
325.07874999999996	0.5002499999999941	TimeIntervals	Lick
325.61224999999996	0.33325000000007776	TimeIntervals	Lick
325.979	0.333500000000015	TimeIntervals	Lick
326.34574999999995	0.33325000000007776	TimeIntervals	Lick
326.7124999999999	0.10000000000007958	TimeIntervals	Lick
326.84574999999995	0.33325000000007776	TimeIntervals	Lick
327.2124999999999	0.6000000000000796	TimeIntervals	Lick
327.846	0.13324999999997544	TimeIntervals	Lick
328.0125	0.1999999999999318	TimeIntervals	Lick
328.2459999999999	0.10000000000007958	TimeIntervals	Lick
328.37925	0.0999999999999659	TimeIntervals	Lick
328.5125	0.36700000000001864	TimeIntervals	Lick
328.91274999999996	0.23325000000005502	TimeIntervals	Lick
329.1795	0.0999999999999659	TimeIntervals	Lick
329.31275	0.0999999999999659	TimeIntervals	Lick
329.446	0.0999999999999659	TimeIntervals	Lick
329.5795	0.10000000000002274	TimeIntervals	Lick
329.71299999999997	0.10000000000002274	TimeIntervals	Lick
329.84624999999994	0.10000000000002274	TimeIntervals	Lick
329.9795	0.10000000000002274	TimeIntervals	Lick
330.113	0.0999999999999659	TimeIntervals	Lick
330.24625	0.0999999999999659	TimeIntervals	Lick
330.41299999999995	0.1332500000000323	TimeIntervals	Lick
330.613	0.6335000000000264	TimeIntervals	Lick
331.27975	0.10000000000002274	TimeIntervals	Lick
331.41299999999995	0.10000000000002274	TimeIntervals	Lick
331.57975	0.16675000000003593	TimeIntervals	Lick
332.21324999999996	0.16675000000003593	TimeIntervals	Lick
332.78	0.10000000000002274	TimeIntervals	Lick
332.94675000000007	0.23324999999994134	TimeIntervals	Lick
333.24674999999996	0.06675000000001319	TimeIntervals	Lick
333.5135	0.06649999999996226	TimeIntervals	Lick
333.71349999999995	0.0665000000000191	TimeIntervals	Lick
333.9135	0.0665000000000191	TimeIntervals	Lick
334.14700000000005	0.5664999999999054	TimeIntervals	Lick
334.747	0.13324999999997544	TimeIntervals	Lick
334.947	0.0665000000000191	TimeIntervals	Lick
335.08025	0.06675000000007003	TimeIntervals	Lick
335.21374999999995	0.46675000000010414	TimeIntervals	Lick
335.71374999999995	0.10000000000002274	TimeIntervals	Lick
336.0805	0.06650000000007594	TimeIntervals	Lick
336.3805	0.06675000000007003	TimeIntervals	Lick
336.5805	0.10000000000007958	TimeIntervals	Lick
337.58075	0.1332499999999186	TimeIntervals	Lick
338.3807499999999	0.16675000000003593	TimeIntervals	Lick
338.71425	0.033249999999952706	TimeIntervals	Lick
338.91425000000004	0.06675000000001319	TimeIntervals	Lick
339.34749999999997	0.16700000000003	TimeIntervals	Lick
339.91450000000003	0.0999999999999659	TimeIntervals	Lick
340.24774999999994	0.10000000000007958	TimeIntervals	Lick
341.18125000000003	0.06674999999995634	TimeIntervals	Lick
341.31449999999995	0.20000000000004547	TimeIntervals	Lick
341.548	0.10000000000002274	TimeIntervals	Lick
341.68125000000003	0.10025000000001683	TimeIntervals	Lick
341.84799999999996	0.33350000000007185	TimeIntervals	Lick
343.54825	0.0999999999999659	TimeIntervals	Lick
343.6815	0.19999999999998863	TimeIntervals	Lick
343.915	0.1999999999999318	TimeIntervals	Lick
344.14849999999996	0.20000000000004547	TimeIntervals	Lick
344.38174999999995	0.20000000000004547	TimeIntervals	Lick
344.61499999999995	0.20000000000010232	TimeIntervals	Lick
344.8485	0.0665000000000191	TimeIntervals	Lick
344.9485	0.3334999999999013	TimeIntervals	Lick
345.31525000000005	0.1999999999999318	TimeIntervals	Lick
345.5485	0.1999999999999318	TimeIntervals	Lick
345.7819999999999	0.10000000000007958	TimeIntervals	Lick
345.91525000000007	0.09999999999990905	TimeIntervals	Lick
346.0485	0.10025000000001683	TimeIntervals	Lick
346.082	0.10000000000007958	TimeIntervals	Reward
346.1820000000001	1.0	TimeIntervals	Lick
347.21549999999996	0.10000000000002274	TimeIntervals	Lick
347.349	0.10000000000007958	TimeIntervals	Lick
347.48224999999996	1.0667499999999563	TimeIntervals	Lick
348.5824999999999	0.10000000000007958	TimeIntervals	Lick
348.71574999999996	0.10000000000007958	TimeIntervals	Lick
348.849	0.23349999999993543	TimeIntervals	Lick
349.11575	0.0999999999999659	TimeIntervals	Lick
349.24899999999997	0.2335000000000491	TimeIntervals	Lick
349.516	0.3664999999999736	TimeIntervals	Lick
349.916	0.10000000000002274	TimeIntervals	Lick
350.04925000000003	0.3667499999999677	TimeIntervals	Lick
350.44925	0.20024999999998272	TimeIntervals	Lick
350.7159999999999	0.06675000000001319	TimeIntervals	Lick
350.81600000000003	0.0999999999999659	TimeIntervals	Lick
350.9495	0.10000000000002274	TimeIntervals	Lick
351.08275	0.10000000000002274	TimeIntervals	Lick
351.2494999999999	0.23325000000011187	TimeIntervals	Lick
351.516	0.0999999999999659	TimeIntervals	Lick
351.683	0.06649999999990541	TimeIntervals	Lick
351.8495	0.06675000000001319	TimeIntervals	Lick
352.01624999999996	0.06675000000007003	TimeIntervals	Lick
352.3829999999999	0.2665000000000646	TimeIntervals	Lick
353.0165	0.13324999999997544	TimeIntervals	Lick
353.183	0.06674999999995634	TimeIntervals	Lick
353.74974999999995	0.5335000000000036	TimeIntervals	Lick
354.34999999999997	0.0665000000000191	TimeIntervals	Lick
354.65	0.13324999999997544	TimeIntervals	Lick
354.9165	0.13349999999996953	TimeIntervals	Lick
355.0835	0.166499999999985	TimeIntervals	Lick
355.31675	0.10000000000002274	TimeIntervals	Lick
355.71675	0.10000000000002274	TimeIntervals	Lick
355.88349999999997	0.10000000000002274	TimeIntervals	Lick
356.25025	0.06675000000001319	TimeIntervals	Lick
356.7835	0.06675000000001319	TimeIntervals	Lick
357.6505	0.0999999999999659	TimeIntervals	Lick
357.95050000000003	0.0999999999999659	TimeIntervals	Lick
358.08375	0.20024999999998272	TimeIntervals	Lick
358.31725000000006	0.06674999999995634	TimeIntervals	Lick
359.1505	0.0999999999999659	TimeIntervals	Lick
359.5175	0.10000000000002274	TimeIntervals	Lick
359.8175000000001	0.06649999999990541	TimeIntervals	Lick
359.984	0.2667500000000018	TimeIntervals	Lick
360.48425000000003	0.06675000000001319	TimeIntervals	Lick
361.7845	0.0665000000000191	TimeIntervals	Lick
362.21775	0.23324999999999818	TimeIntervals	Lick
363.4845	0.0999999999999659	TimeIntervals	Lick
363.78475	0.06675000000007003	TimeIntervals	Lick
363.98475	0.09999999999990905	TimeIntervals	Lick
364.4515	0.06649999999996226	TimeIntervals	Lick
364.65149999999994	0.20000000000010232	TimeIntervals	Lick
364.885	0.0999999999999659	TimeIntervals	Lick
365.01825	0.1332499999999186	TimeIntervals	Lick
365.18499999999995	0.13325000000008913	TimeIntervals	Lick
365.91850000000005	0.06649999999990541	TimeIntervals	Lick
366.71849999999995	0.0665000000000191	TimeIntervals	Lick
368.18550000000005	0.06649999999990541	TimeIntervals	Lick
368.352	0.10000000000007958	TimeIntervals	Lick
369.08549999999997	0.10000000000007958	TimeIntervals	Lick
369.21900000000005	0.2664999999999509	TimeIntervals	Lick
369.95225000000005	0.09999999999990905	TimeIntervals	Lick
370.08549999999997	0.06675000000007003	TimeIntervals	Lick
370.18550000000005	0.23349999999993543	TimeIntervals	Lick
370.45250000000004	0.09999999999990905	TimeIntervals	Lick
370.58574999999996	0.30000000000001137	TimeIntervals	Lick
370.919	0.06675000000007003	TimeIntervals	Lick
371.01899999999995	0.20000000000010232	TimeIntervals	Lick
371.25249999999994	0.20000000000010232	TimeIntervals	Lick
371.48600000000005	0.1999999999999318	TimeIntervals	Lick
371.71925	0.19999999999998863	TimeIntervals	Lick
371.95250000000004	0.19999999999998863	TimeIntervals	Lick
372.15250000000003	0.06674999999995634	TimeIntervals	Reward
372.186	0.7667500000000018	TimeIntervals	Lick
372.98600000000005	0.5334999999999468	TimeIntervals	Lick
373.55275	0.333500000000015	TimeIntervals	Lick
373.9195	0.0999999999999659	TimeIntervals	Lick
374.05300000000005	0.1999999999999318	TimeIntervals	Lick
374.28625	0.10000000000002274	TimeIntervals	Lick
374.4195	0.0999999999999659	TimeIntervals	Lick
374.55300000000005	0.23349999999993543	TimeIntervals	Lick
374.81975	0.3332500000000209	TimeIntervals	Lick
375.1865	0.0999999999999659	TimeIntervals	Lick
375.31975	0.23325000000005502	TimeIntervals	Lick
375.5865	0.10000000000002274	TimeIntervals	Lick
375.82	0.166499999999985	TimeIntervals	Lick
376.15324999999996	0.10000000000002274	TimeIntervals	Lick
376.35324999999995	0.06675000000012687	TimeIntervals	Lick
376.62	0.23324999999994134	TimeIntervals	Lick
377.08675	0.10000000000002274	TimeIntervals	Lick
377.32	0.13350000000008322	TimeIntervals	Lick
377.71999999999997	0.10000000000002274	TimeIntervals	Lick
378.1535	0.0999999999999659	TimeIntervals	Lick
378.32025	0.6000000000000796	TimeIntervals	Lick
379.4205	0.10000000000002274	TimeIntervals	Lick
379.82050000000004	0.0999999999999659	TimeIntervals	Lick
380.78725000000003	0.0999999999999659	TimeIntervals	Lick
381.18725	0.3002499999999486	TimeIntervals	Lick
381.55400000000003	0.0999999999999659	TimeIntervals	Lick
382.62100000000004	0.0999999999999659	TimeIntervals	Lick
383.05425	0.10000000000002274	TimeIntervals	Lick
383.62100000000004	0.0999999999999659	TimeIntervals	Lick
383.88775000000004	0.13324999999997544	TimeIntervals	Lick
384.45450000000005	0.06649999999996226	TimeIntervals	Lick
385.58799999999997	0.06650000000007594	TimeIntervals	Lick
386.7215	0.19999999999998863	TimeIntervals	Lick
388.72174999999993	0.06675000000007003	TimeIntervals	Lick
388.82175000000007	0.0999999999999659	TimeIntervals	Lick
389.35524999999996	0.06675000000007003	TimeIntervals	Lick
389.52200000000005	0.0999999999999659	TimeIntervals	Lick
390.58874999999995	0.20000000000004547	TimeIntervals	Lick
391.72225	0.10000000000007958	TimeIntervals	Lick
392.98900000000003	0.06674999999995634	TimeIntervals	Lick
393.08899999999994	0.06675000000007003	TimeIntervals	Lick
394.62275000000005	0.30000000000001137	TimeIntervals	Lick
394.9560000000001	0.1999999999999318	TimeIntervals	Lick
395.18949999999995	0.0665000000000191	TimeIntervals	Lick
395.28950000000003	0.2999999999998977	TimeIntervals	Lick
395.62300000000005	0.1999999999999318	TimeIntervals	Lick
395.85625	0.19999999999998863	TimeIntervals	Lick
396.08949999999993	0.06675000000007003	TimeIntervals	Lick
396.18949999999995	0.20000000000004547	TimeIntervals	Lick
396.42300000000006	0.19999999999998863	TimeIntervals	Lick
396.65625	0.20024999999998272	TimeIntervals	Lick
396.88975	0.0999999999999659	TimeIntervals	Lick
397.023	0.10000000000002274	TimeIntervals	Lick
397.1565	0.06649999999996226	TimeIntervals	Lick
397.18975000000006	0.06674999999995634	TimeIntervals	Reward
397.2565	0.0999999999999659	TimeIntervals	Lick
397.38975	0.06675000000001319	TimeIntervals	Lick
397.48974999999996	0.4335000000000946	TimeIntervals	Lick
397.9565	0.5667499999999563	TimeIntervals	Lick
398.5564999999999	0.20000000000010232	TimeIntervals	Lick
398.79	0.1999999999999318	TimeIntervals	Lick
399.02349999999996	0.10000000000007958	TimeIntervals	Lick
399.15675	0.3332499999999641	TimeIntervals	Lick
399.52349999999996	0.6335000000000264	TimeIntervals	Lick
400.19025000000005	0.09999999999990905	TimeIntervals	Lick
400.3235	0.06674999999995634	TimeIntervals	Lick
400.42350000000005	0.06674999999995634	TimeIntervals	Lick
400.557	0.0665000000000191	TimeIntervals	Lick
400.657	1.2667500000001155	TimeIntervals	Lick
401.957	0.7334999999999923	TimeIntervals	Lick
402.75724999999994	0.4667500000000473	TimeIntervals	Lick
403.25724999999994	0.20025000000003956	TimeIntervals	Lick
403.49075	0.20000000000004547	TimeIntervals	Lick
403.7575	0.19999999999998863	TimeIntervals	Lick
403.99075	0.20000000000004547	TimeIntervals	Lick
404.224	0.23349999999999227	TimeIntervals	Lick
404.491	0.0665000000000191	TimeIntervals	Lick
404.62425	0.5999999999999659	TimeIntervals	Lick
405.2575	0.10000000000002274	TimeIntervals	Lick
405.42425000000003	0.10024999999995998	TimeIntervals	Lick
405.55774999999994	0.23325000000005502	TimeIntervals	Lick
405.8245	0.10000000000007958	TimeIntervals	Lick
405.95775	0.06675000000001319	TimeIntervals	Lick
406.05774999999994	0.10000000000007958	TimeIntervals	Lick
406.291	0.23349999999999227	TimeIntervals	Lick
406.79125	0.13325000000008913	TimeIntervals	Lick
407.1245	0.36675000000002456	TimeIntervals	Lick
407.558	0.10000000000007958	TimeIntervals	Lick
407.6915	0.1332500000000323	TimeIntervals	Lick
407.99150000000003	0.0999999999999659	TimeIntervals	Lick
408.42475	0.0999999999999659	TimeIntervals	Lick
408.558	0.10000000000007958	TimeIntervals	Lick
408.925	0.23324999999994134	TimeIntervals	Lick
409.3915	0.10000000000002274	TimeIntervals	Lick
409.5915	0.2667500000000018	TimeIntervals	Lick
409.89149999999995	0.10025000000007367	TimeIntervals	Lick
410.4585	0.166499999999985	TimeIntervals	Lick
411.02524999999997	0.10000000000002274	TimeIntervals	Lick
411.75849999999997	0.06675000000007003	TimeIntervals	Lick
411.9585	0.09999999999990905	TimeIntervals	Lick
412.09200000000004	0.0999999999999659	TimeIntervals	Lick
412.32550000000003	0.10000000000002274	TimeIntervals	Lick
412.45875	0.0999999999999659	TimeIntervals	Lick
412.59200000000004	0.16674999999992224	TimeIntervals	Lick
412.85875	0.10000000000002274	TimeIntervals	Lick
413.42550000000006	0.1334999999999127	TimeIntervals	Lick
414.3925	0.0665000000000191	TimeIntervals	Lick
414.6925	0.10000000000002274	TimeIntervals	Lick
414.859	0.10000000000002274	TimeIntervals	Lick
415.9260000000001	0.09999999999985221	TimeIntervals	Lick
416.4260000000001	0.09999999999985221	TimeIntervals	Lick
417.19275000000005	0.23325000000005502	TimeIntervals	Lick
418.29299999999995	0.10000000000007958	TimeIntervals	Lick
418.9265000000001	0.06649999999990541	TimeIntervals	Lick
419.52649999999994	0.10000000000007958	TimeIntervals	Lick
421.4935	0.0999999999999659	TimeIntervals	Lick
421.62675	0.06675000000001319	TimeIntervals	Lick
422.02700000000004	0.09999999999990905	TimeIntervals	Lick
422.19350000000003	0.0667499999998995	TimeIntervals	Lick
422.32700000000006	0.0999999999999659	TimeIntervals	Lick
422.7935	0.06675000000001319	TimeIntervals	Lick
422.8935000000001	0.09999999999990905	TimeIntervals	Lick
423.02700000000004	0.09999999999990905	TimeIntervals	Lick
423.16049999999996	0.20000000000004547	TimeIntervals	Lick
423.39375	0.2999999999999545	TimeIntervals	Lick
423.727	0.20000000000004547	TimeIntervals	Lick
423.9605000000001	0.19999999999987494	TimeIntervals	Lick
424.194	0.19999999999998863	TimeIntervals	Lick
424.42725	0.20000000000004547	TimeIntervals	Lick
424.66049999999996	0.0999999999999659	TimeIntervals	Lick
424.794	0.0665000000000191	TimeIntervals	Lick
424.894	0.1999999999999318	TimeIntervals	Lick
425.12725000000006	0.09999999999990905	TimeIntervals	Lick
425.22724999999997	0.10025000000007367	TimeIntervals	Reward
425.2604999999999	0.5002500000000509	TimeIntervals	Lick
425.794	0.10000000000002274	TimeIntervals	Lick
425.9275	0.0665000000000191	TimeIntervals	Lick
426.0275	0.10000000000007958	TimeIntervals	Lick
426.16075	0.19999999999998863	TimeIntervals	Lick
426.394	1.100500000000011	TimeIntervals	Lick
427.52775	0.23324999999999818	TimeIntervals	Lick
427.79449999999997	0.8667500000000246	TimeIntervals	Lick
428.69449999999995	0.10000000000002274	TimeIntervals	Lick
428.82800000000003	0.10000000000002274	TimeIntervals	Lick
428.96125	0.0999999999999659	TimeIntervals	Lick
429.0945	0.33350000000007185	TimeIntervals	Lick
429.46125	0.266749999999945	TimeIntervals	Lick
429.76149999999996	0.13325000000008913	TimeIntervals	Lick
429.92800000000005	0.06675000000001319	TimeIntervals	Lick
430.028	0.0999999999999659	TimeIntervals	Lick
430.32800000000003	0.06675000000001319	TimeIntervals	Lick
430.76149999999996	0.06675000000001319	TimeIntervals	Lick
431.0615	0.13349999999996953	TimeIntervals	Lick
431.5615	0.06675000000001319	TimeIntervals	Lick
431.8615	0.13350000000002638	TimeIntervals	Lick
432.09499999999997	0.06675000000001319	TimeIntervals	Lick
432.32849999999996	0.0665000000000191	TimeIntervals	Lick
432.9285	0.10000000000002274	TimeIntervals	Lick
433.2285	0.0999999999999659	TimeIntervals	Lick
433.62850000000003	0.0999999999999659	TimeIntervals	Lick
433.89525	0.10000000000002274	TimeIntervals	Lick
434.0955	0.06649999999996226	TimeIntervals	Lick
434.262	0.10000000000002274	TimeIntervals	Lick
434.62875	0.0667499999998995	TimeIntervals	Lick
434.79549999999995	0.20000000000004547	TimeIntervals	Lick
435.02875	0.20024999999998272	TimeIntervals	Lick
435.26225	0.5332499999999527	TimeIntervals	Lick
435.82899999999995	0.06650000000007594	TimeIntervals	Lick
435.92900000000003	0.20000000000004547	TimeIntervals	Lick
436.16225000000003	0.20024999999992588	TimeIntervals	Lick
436.39574999999996	0.10000000000002274	TimeIntervals	Lick
436.529	0.10000000000007958	TimeIntervals	Lick
436.66249999999997	0.0665000000000191	TimeIntervals	Lick
436.7625	0.0999999999999659	TimeIntervals	Lick
436.89574999999996	0.10000000000002274	TimeIntervals	Lick
437.029	0.10000000000007958	TimeIntervals	Lick
437.16249999999997	0.19999999999998863	TimeIntervals	Lick
437.29575	0.10025000000001683	TimeIntervals	Reward
437.396	1.1335000000000264	TimeIntervals	Lick
438.56275	0.10000000000007958	TimeIntervals	Lick
438.69599999999997	0.33350000000007185	TimeIntervals	Lick
439.06275	0.10000000000007958	TimeIntervals	Lick
439.19599999999997	0.4670000000000414	TimeIntervals	Lick
439.69624999999996	0.10000000000002274	TimeIntervals	Lick
439.8295	0.10000000000002274	TimeIntervals	Lick
439.96299999999997	0.3332500000000209	TimeIntervals	Lick
440.3295	0.10000000000002274	TimeIntervals	Lick
440.46299999999997	0.10000000000002274	TimeIntervals	Lick
440.59624999999994	0.2335000000000491	TimeIntervals	Lick
440.863	0.333500000000015	TimeIntervals	Lick
441.22974999999997	0.23324999999999818	TimeIntervals	Lick
441.4965	0.33349999999995816	TimeIntervals	Lick
441.8965	0.23349999999999227	TimeIntervals	Lick
442.16325	0.06675000000001319	TimeIntervals	Lick
442.2965	0.10000000000002274	TimeIntervals	Lick
442.43	0.0999999999999659	TimeIntervals	Lick
442.83	0.13349999999996953	TimeIntervals	Lick
443.03	0.06674999999995634	TimeIntervals	Lick
443.19675000000007	0.0999999999999659	TimeIntervals	Lick
443.36350000000004	0.06649999999996226	TimeIntervals	Lick
443.49675	0.06674999999995634	TimeIntervals	Lick
443.59674999999993	0.10000000000013642	TimeIntervals	Lick
443.73	0.0999999999999659	TimeIntervals	Lick
443.89675	0.10025000000001683	TimeIntervals	Lick
444.0635	0.10000000000002274	TimeIntervals	Lick
444.197	0.39999999999997726	TimeIntervals	Lick
444.96349999999995	0.10000000000002274	TimeIntervals	Lick
445.23049999999995	0.16650000000009868	TimeIntervals	Lick
445.46374999999995	0.10000000000002274	TimeIntervals	Lick
445.73049999999995	0.10000000000007958	TimeIntervals	Lick
446.19725000000005	0.0999999999999659	TimeIntervals	Lick
446.39725000000004	0.0999999999999659	TimeIntervals	Lick
446.69725000000005	0.19999999999998863	TimeIntervals	Lick
446.99725	0.13324999999997544	TimeIntervals	Lick
447.16400000000004	0.06649999999990541	TimeIntervals	Lick
447.79749999999996	0.166499999999985	TimeIntervals	Lick
448.56425	0.06675000000001319	TimeIntervals	Lick
448.96425	0.13324999999997544	TimeIntervals	Lick
449.3310000000001	0.0999999999999659	TimeIntervals	Lick
449.531	0.06674999999995634	TimeIntervals	Lick
449.93100000000004	0.0999999999999659	TimeIntervals	Lick
450.06449999999995	0.3332500000000209	TimeIntervals	Lick
450.43100000000004	0.20024999999992588	TimeIntervals	Lick
450.66450000000003	0.19999999999998863	TimeIntervals	Lick
450.8980000000001	0.06649999999996226	TimeIntervals	Lick
450.99800000000005	0.2999999999999545	TimeIntervals	Lick
451.33125	0.19999999999998863	TimeIntervals	Lick
451.56449999999995	0.10000000000007958	TimeIntervals	Lick
451.6979999999999	0.06675000000001319	TimeIntervals	Lick
451.798	0.06674999999995634	TimeIntervals	Lick
451.8980000000001	0.0999999999999659	TimeIntervals	Lick
452.03149999999994	0.20000000000004547	TimeIntervals	Lick
452.26474999999994	0.10000000000002274	TimeIntervals	Lick
452.3980000000001	0.5002499999998804	TimeIntervals	Lick
452.3980000000001	0.0999999999999659	TimeIntervals	Reward
452.9315000000001	0.1999999999999318	TimeIntervals	Lick
453.165	0.6999999999999318	TimeIntervals	Lick
453.89849999999996	0.10000000000002274	TimeIntervals	Lick
454.03175000000005	0.1999999999999318	TimeIntervals	Lick
454.265	0.0999999999999659	TimeIntervals	Lick
454.39849999999996	0.23325000000005502	TimeIntervals	Lick
454.665	0.1999999999999318	TimeIntervals	Lick
454.89849999999996	0.10000000000002274	TimeIntervals	Lick
455.032	0.10000000000007958	TimeIntervals	Lick
455.16524999999996	0.0999999999999659	TimeIntervals	Lick
455.2985	0.0999999999999659	TimeIntervals	Lick
455.4320000000001	0.09999999999990905	TimeIntervals	Lick
455.56524999999993	0.10000000000002274	TimeIntervals	Lick
455.6985	0.2335000000000491	TimeIntervals	Lick
455.96525	0.10024999999995998	TimeIntervals	Lick
456.09875	0.10000000000002274	TimeIntervals	Lick
456.23199999999997	0.10000000000002274	TimeIntervals	Lick
456.3655	0.2665000000000646	TimeIntervals	Lick
456.66549999999995	0.0665000000000191	TimeIntervals	Lick
456.79875	0.10000000000002274	TimeIntervals	Lick
456.9655	0.46674999999999045	TimeIntervals	Lick
457.599	0.23325000000005502	TimeIntervals	Lick
457.899	0.0665000000000191	TimeIntervals	Lick
458.0655	0.06675000000001319	TimeIntervals	Lick
458.23224999999996	0.13349999999996953	TimeIntervals	Lick
458.4325	0.0665000000000191	TimeIntervals	Lick
458.7325	0.03324999999989586	TimeIntervals	Lick
458.9325	0.30000000000001137	TimeIntervals	Lick
459.566	0.0999999999999659	TimeIntervals	Lick
459.7325	0.06675000000001319	TimeIntervals	Lick
460.16599999999994	0.10000000000002274	TimeIntervals	Lick
460.53274999999996	0.19999999999998863	TimeIntervals	Lick
461.33275	0.10000000000007958	TimeIntervals	Lick
461.833	0.0665000000000191	TimeIntervals	Lick
462.69975	0.0667499999998995	TimeIntervals	Lick
462.79974999999996	0.10000000000007958	TimeIntervals	Lick
464.06649999999996	0.10000000000002274	TimeIntervals	Lick
464.2	0.0999999999999659	TimeIntervals	Lick
464.4665	0.06675000000001319	TimeIntervals	Reward
464.53325	0.9335000000000377	TimeIntervals	Lick
465.5	0.5335000000000036	TimeIntervals	Lick
466.06699999999995	0.19999999999998863	TimeIntervals	Lick
466.30024999999995	0.3332500000000209	TimeIntervals	Lick
466.667	0.46674999999999045	TimeIntervals	Lick
467.167	0.0999999999999659	TimeIntervals	Lick
467.3005	0.10000000000007958	TimeIntervals	Lick
467.43375	0.10000000000002274	TimeIntervals	Lick
467.56699999999995	0.36675000000002456	TimeIntervals	Lick
467.96700000000004	0.23349999999993543	TimeIntervals	Lick
468.234	0.10000000000002274	TimeIntervals	Lick
468.56724999999994	0.10000000000002274	TimeIntervals	Lick
468.734	0.10000000000002274	TimeIntervals	Lick
468.86725	0.10000000000002274	TimeIntervals	Lick
469.0005	0.10000000000002274	TimeIntervals	Lick
469.16724999999997	0.10024999999995998	TimeIntervals	Lick
469.30074999999994	0.10000000000007958	TimeIntervals	Lick
469.43399999999997	0.10000000000002274	TimeIntervals	Lick
469.5675	0.1999999999999318	TimeIntervals	Lick
469.834	0.0999999999999659	TimeIntervals	Lick
470.2674999999999	0.43350000000003774	TimeIntervals	Lick
470.93425	0.0999999999999659	TimeIntervals	Lick
471.2674999999999	0.03350000000006048	TimeIntervals	Lick
471.3675	0.13349999999996953	TimeIntervals	Lick
471.6345	0.26650000000000773	TimeIntervals	Lick
472.301	0.10000000000002274	TimeIntervals	Lick
473.10125	0.10000000000002274	TimeIntervals	Lick
473.2345	0.3334999999999013	TimeIntervals	Lick
473.60125	0.3002500000000623	TimeIntervals	Lick
473.93475	0.30000000000001137	TimeIntervals	Lick
474.268	0.2999999999999545	TimeIntervals	Lick
474.60150000000004	0.1999999999999318	TimeIntervals	Lick
474.835	0.20000000000004547	TimeIntervals	Lick
475.06825	0.06675000000007003	TimeIntervals	Lick
475.16824999999994	0.20000000000004547	TimeIntervals	Lick
475.40150000000006	0.0999999999999659	TimeIntervals	Lick
475.46825	0.06675000000001319	TimeIntervals	Reward
475.535	0.0665000000000191	TimeIntervals	Lick
475.63500000000005	0.4334999999999809	TimeIntervals	Lick
476.10175	0.19999999999998863	TimeIntervals	Lick
476.335	0.20000000000004547	TimeIntervals	Lick
476.56850000000003	0.3332499999999641	TimeIntervals	Lick
476.935	0.20025000000003956	TimeIntervals	Lick
477.1685	0.19999999999998863	TimeIntervals	Lick
477.40200000000004	0.09999999999990905	TimeIntervals	Lick
477.53525	0.19999999999998863	TimeIntervals	Lick
477.7684999999999	0.10000000000007958	TimeIntervals	Lick
477.90200000000004	0.19999999999998863	TimeIntervals	Lick
478.1355	0.23324999999999818	TimeIntervals	Lick
478.40200000000004	0.09999999999990905	TimeIntervals	Lick
478.53549999999996	0.13324999999997544	TimeIntervals	Lick
478.702	0.2999999999999545	TimeIntervals	Lick
479.50225000000006	0.06674999999995634	TimeIntervals	Lick
479.70225000000005	0.16674999999992224	TimeIntervals	Lick
479.9022500000001	0.0999999999999659	TimeIntervals	Lick
480.63575000000003	0.1332499999999186	TimeIntervals	Lick
480.86899999999997	0.0999999999999659	TimeIntervals	Lick
481.00250000000005	0.06649999999996226	TimeIntervals	Lick
481.1689999999999	0.06675000000001319	TimeIntervals	Lick
481.4025	0.2335000000000491	TimeIntervals	Lick
482.20250000000004	0.09999999999990905	TimeIntervals	Lick
482.4695	0.10000000000002274	TimeIntervals	Lick
482.70275	0.10000000000002274	TimeIntervals	Lick
482.836	0.03350000000000364	TimeIntervals	Lick
482.9027500000001	0.0667499999998995	TimeIntervals	Lick
483.0695	0.10000000000002274	TimeIntervals	Lick
483.236	0.19999999999998863	TimeIntervals	Lick
483.903	0.0999999999999659	TimeIntervals	Lick
485.13649999999996	0.10000000000007958	TimeIntervals	Lick
485.26975000000004	0.06675000000001319	TimeIntervals	Lick
485.5365	0.06649999999996226	TimeIntervals	Lick
486.4365	0.0999999999999659	TimeIntervals	Lick
487.77	0.10000000000002274	TimeIntervals	Lick
487.90350000000007	0.09999999999990905	TimeIntervals	Lick
490.13700000000006	0.20024999999998272	TimeIntervals	Lick
491.73750000000007	0.06649999999996226	TimeIntervals	Lick
492.17075	0.1332500000000323	TimeIntervals	Lick
492.33750000000003	0.13349999999996953	TimeIntervals	Lick
494.07099999999997	0.0999999999999659	TimeIntervals	Lick
494.20449999999994	0.0999999999999659	TimeIntervals	Lick
494.33775	0.13324999999997544	TimeIntervals	Lick
494.97125	0.0999999999999659	TimeIntervals	Lick
496.038	0.0999999999999659	TimeIntervals	Lick
496.1715	0.06649999999996226	TimeIntervals	Lick
496.27149999999995	0.10000000000007958	TimeIntervals	Lick
496.40475000000004	0.19999999999987494	TimeIntervals	Lick
496.638	0.3002500000000623	TimeIntervals	Lick
496.9715	0.2999999999999545	TimeIntervals	Lick
497.30499999999995	0.10000000000007958	TimeIntervals	Lick
497.43825000000004	0.1999999999999318	TimeIntervals	Lick
497.6715	0.20000000000004547	TimeIntervals	Lick
497.90500000000003	0.1999999999999318	TimeIntervals	Lick
498.1385000000001	0.19999999999987494	TimeIntervals	Lick
498.37174999999996	0.10000000000007958	TimeIntervals	Lick
498.5050000000001	0.09999999999985221	TimeIntervals	Lick
498.5050000000001	0.03349999999988995	TimeIntervals	Reward
498.6385000000001	0.06649999999990541	TimeIntervals	Lick
498.73850000000004	0.19999999999998863	TimeIntervals	Lick
498.97200000000004	0.1999999999999318	TimeIntervals	Lick
499.20525	0.3332500000000209	TimeIntervals	Lick
499.572	0.1999999999999318	TimeIntervals	Lick
499.80525000000006	0.1999999999999318	TimeIntervals	Lick
500.0385	0.20024999999998272	TimeIntervals	Lick
500.27199999999993	0.10000000000007958	TimeIntervals	Lick
500.4055	0.19999999999998863	TimeIntervals	Lick
500.63875	0.0999999999999659	TimeIntervals	Lick
500.77199999999993	0.33350000000007185	TimeIntervals	Lick
501.13875	0.10024999999995998	TimeIntervals	Lick
501.27224999999993	0.10000000000007958	TimeIntervals	Lick
501.4055	0.09999999999990905	TimeIntervals	Lick
501.53900000000004	0.3332499999999641	TimeIntervals	Lick
501.9055	0.09999999999990905	TimeIntervals	Lick
502.03900000000004	0.0999999999999659	TimeIntervals	Lick
502.1722500000001	0.1334999999999127	TimeIntervals	Lick
502.50575000000003	0.0999999999999659	TimeIntervals	Lick
503.239	0.10000000000007958	TimeIntervals	Lick
503.37249999999995	0.10000000000007958	TimeIntervals	Lick
504.70599999999996	0.10000000000002274	TimeIntervals	Lick
505.50600000000003	0.16699999999997317	TimeIntervals	Lick
506.27299999999997	0.1332500000000323	TimeIntervals	Lick
506.80649999999997	0.16650000000009868	TimeIntervals	Lick
507.173	0.06674999999995634	TimeIntervals	Lick
507.673	0.13349999999996953	TimeIntervals	Lick
508.44000000000005	0.09999999999985221	TimeIntervals	Lick
508.64	0.0665000000000191	TimeIntervals	Lick
509.44000000000005	0.09999999999985221	TimeIntervals	Lick
509.80674999999997	0.13325000000008913	TimeIntervals	Lick
509.97350000000006	0.0999999999999659	TimeIntervals	Lick
510.7735	0.0999999999999659	TimeIntervals	Lick
511.2405	0.2664999999999509	TimeIntervals	Lick
512.7405	0.13350000000002638	TimeIntervals	Lick
513.20725	0.10024999999995998	TimeIntervals	Lick
516.541	0.06700000000000728	TimeIntervals	Lick
517.1080000000001	0.033249999999952706	TimeIntervals	Lick
517.2745000000001	0.03349999999988995	TimeIntervals	Lick
517.87475	0.20000000000004547	TimeIntervals	Lick
518.1415000000001	0.1999999999999318	TimeIntervals	Lick
518.408	0.06674999999995634	TimeIntervals	Lick
518.6415000000001	0.10000000000002274	TimeIntervals	Lick
518.7750000000001	0.09999999999990905	TimeIntervals	Lick
518.90825	0.10000000000013642	TimeIntervals	Lick
519.0750000000002	0.09999999999990905	TimeIntervals	Lick
519.2082500000001	0.09999999999990905	TimeIntervals	Lick
520.0750000000002	0.09999999999990905	TimeIntervals	Lick
520.2085000000001	0.43325000000004366	TimeIntervals	Lick
520.6750000000001	0.06674999999995634	TimeIntervals	Lick
520.7750000000001	0.30024999999989177	TimeIntervals	Lick
521.1085000000002	0.1999999999999318	TimeIntervals	Lick
521.3420000000001	0.1999999999999318	TimeIntervals	Lick
521.57525	0.20000000000015916	TimeIntervals	Lick
521.8085000000001	0.09999999999990905	TimeIntervals	Lick
521.942	0.06649999999990541	TimeIntervals	Lick
522.042	0.09999999999990905	TimeIntervals	Lick
522.1755000000002	0.1999999999998181	TimeIntervals	Lick
522.40875	0.09999999999990905	TimeIntervals	Lick
522.542	0.09999999999990905	TimeIntervals	Reward
522.542	0.06675000000007003	TimeIntervals	Lick
522.6419999999999	0.5	TimeIntervals	Lick
523.1755000000002	0.1999999999998181	TimeIntervals	Lick
523.409	0.10000000000002274	TimeIntervals	Lick
523.5422500000001	0.7000000000000455	TimeIntervals	Lick
524.2755000000001	0.33349999999995816	TimeIntervals	Lick
524.6425	0.09999999999990905	TimeIntervals	Lick
524.77575	1.000250000000051	TimeIntervals	Lick
525.80925	0.10000000000002274	TimeIntervals	Lick
525.9425000000001	0.09999999999990905	TimeIntervals	Lick
526.076	0.10000000000013642	TimeIntervals	Lick
526.2092500000001	0.23324999999999818	TimeIntervals	Lick
526.476	0.2335000000000491	TimeIntervals	Lick
526.7760000000001	0.06674999999995634	TimeIntervals	Lick
526.876	0.06675000000007003	TimeIntervals	Lick
527.0095	0.0665000000000191	TimeIntervals	Lick
527.34275	0.10000000000002274	TimeIntervals	Lick
527.576	0.06700000000000728	TimeIntervals	Lick
527.9762499999999	0.2667500000001155	TimeIntervals	Lick
528.743	0.09999999999990905	TimeIntervals	Lick
529.00975	0.10000000000002274	TimeIntervals	Lick
529.3765	0.5	TimeIntervals	Lick
529.94325	0.10000000000002274	TimeIntervals	Lick
530.51	0.10000000000002274	TimeIntervals	Lick
530.6432500000001	0.2332499999998845	TimeIntervals	Lick
531.3435	0.10000000000002274	TimeIntervals	Lick
531.4767499999999	0.20000000000015916	TimeIntervals	Lick
531.7100000000002	0.19999999999970441	TimeIntervals	Lick
531.9435	0.20000000000004547	TimeIntervals	Lick
532.177	0.06650000000013279	TimeIntervals	Lick
532.277	0.09999999999990905	TimeIntervals	Lick
532.4102499999999	0.06675000000018372	TimeIntervals	Lick
532.51025	0.20000000000004547	TimeIntervals	Lick
532.7435000000002	0.09999999999979536	TimeIntervals	Lick
532.877	0.0665000000000191	TimeIntervals	Lick
532.9770000000001	0.10000000000002274	TimeIntervals	Lick
533.1105	0.1999999999999318	TimeIntervals	Lick
533.34375	0.20000000000004547	TimeIntervals	Lick
533.5770000000001	0.09999999999990905	TimeIntervals	Lick
533.6105	0.10000000000002274	TimeIntervals	Reward
533.7105	2.567000000000121	TimeIntervals	Lick
536.31075	0.33350000000007185	TimeIntervals	Lick
536.6775	0.10000000000013642	TimeIntervals	Lick
536.811	0.09999999999990905	TimeIntervals	Lick
536.94425	1.10024999999996	TimeIntervals	Lick
538.111	0.10000000000013642	TimeIntervals	Lick
538.2445	0.10000000000002274	TimeIntervals	Lick
538.3777499999999	0.13325000000008913	TimeIntervals	Lick
538.5445	0.10000000000013642	TimeIntervals	Lick
538.7112500000001	0.09999999999990905	TimeIntervals	Lick
538.8445	0.2335000000000491	TimeIntervals	Lick
539.1112499999999	0.06675000000007003	TimeIntervals	Lick
539.2112500000001	0.09999999999990905	TimeIntervals	Lick
539.378	0.09999999999990905	TimeIntervals	Lick
539.51125	0.09999999999990905	TimeIntervals	Lick
539.678	0.06674999999995634	TimeIntervals	Lick
539.8114999999998	0.10000000000025011	TimeIntervals	Lick
540.178	0.2335000000000491	TimeIntervals	Lick
540.64475	0.06675000000007003	TimeIntervals	Lick
540.778	0.16700000000003	TimeIntervals	Lick
541.245	0.06649999999979173	TimeIntervals	Lick
541.6115000000001	0.10000000000002274	TimeIntervals	Lick
541.745	0.10000000000002274	TimeIntervals	Lick
543.1785	0.10000000000013642	TimeIntervals	Lick
543.5785	0.06675000000007003	TimeIntervals	Lick
543.7785000000001	0.06674999999995634	TimeIntervals	Lick
544.2455	0.10000000000002274	TimeIntervals	Lick
544.412	0.10000000000002274	TimeIntervals	Lick
544.5455000000001	0.09999999999990905	TimeIntervals	Lick
544.67875	0.10000000000002274	TimeIntervals	Lick
545.5790000000001	0.13324999999997544	TimeIntervals	Lick
546.1122500000001	0.09999999999990905	TimeIntervals	Lick
546.7125000000001	0.13325000000008913	TimeIntervals	Lick
547.1790000000001	0.10000000000002274	TimeIntervals	Lick
547.3125000000001	0.09999999999979536	TimeIntervals	Lick
547.4459999999999	0.10000000000002274	TimeIntervals	Lick
547.5792500000001	0.2999999999999545	TimeIntervals	Lick
547.9124999999999	0.20000000000015916	TimeIntervals	Lick
548.1460000000001	0.20000000000004547	TimeIntervals	Lick
548.3792500000001	0.30024999999989177	TimeIntervals	Lick
548.7127500000001	0.09999999999990905	TimeIntervals	Lick
548.8460000000001	0.2999999999999545	TimeIntervals	Lick
549.1795	0.20000000000015916	TimeIntervals	Lick
549.41275	0.10000000000002274	TimeIntervals	Lick
549.5459999999999	0.06700000000012096	TimeIntervals	Lick
549.6462500000001	0.4332499999998163	TimeIntervals	Lick
549.7130000000001	0.033249999999952706	TimeIntervals	Reward
550.113	0.20000000000004547	TimeIntervals	Lick
550.3462500000002	0.1999999999998181	TimeIntervals	Lick
550.5794999999999	0.2002500000000964	TimeIntervals	Lick
550.8130000000001	0.1999999999999318	TimeIntervals	Lick
551.0465	0.20000000000004547	TimeIntervals	Lick
551.27975	0.20000000000004547	TimeIntervals	Lick
551.513	0.10000000000002274	TimeIntervals	Lick
551.6465000000002	0.1999999999999318	TimeIntervals	Lick
551.8800000000001	0.09999999999990905	TimeIntervals	Lick
552.0132500000001	0.13325000000008913	TimeIntervals	Lick
552.1800000000001	0.10000000000002274	TimeIntervals	Lick
552.3132500000002	0.06674999999995634	TimeIntervals	Lick
552.5465	0.06675000000007003	TimeIntervals	Lick
553.3800000000001	0.09999999999990905	TimeIntervals	Lick
553.6135	0.16650000000004184	TimeIntervals	Lick
554.4469999999999	0.13325000000008913	TimeIntervals	Lick
555.0469999999999	0.06675000000007003	TimeIntervals	Lick
555.4805	0.10000000000002274	TimeIntervals	Lick
556.3805000000002	0.09999999999979536	TimeIntervals	Lick
557.314	0.13350000000002638	TimeIntervals	Lick
557.4807500000001	0.13324999999997544	TimeIntervals	Lick
557.714	0.09999999999990905	TimeIntervals	Lick
558.5142500000001	0.2667500000000018	TimeIntervals	Lick
559.8145000000001	0.10000000000002274	TimeIntervals	Lick
560.3145000000001	0.0665000000000191	TimeIntervals	Lick
561.9815000000001	0.09999999999990905	TimeIntervals	Lick
562.348	0.13350000000014006	TimeIntervals	Lick
563.6482500000002	0.09999999999979536	TimeIntervals	Lick
563.7815000000002	0.06674999999984266	TimeIntervals	Lick
564.7150000000001	0.09999999999990905	TimeIntervals	Reward
564.9485	0.36675000000013824	TimeIntervals	Lick
565.3485	1.7335000000000491	TimeIntervals	Lick
567.1155	0.20000000000015916	TimeIntervals	Lick
567.349	0.23324999999999818	TimeIntervals	Lick
567.6155	0.10000000000002274	TimeIntervals	Lick
567.749	0.3332500000000209	TimeIntervals	Lick
568.1155	0.5002499999999372	TimeIntervals	Lick
568.6490000000001	0.1999999999999318	TimeIntervals	Lick
568.8825	0.3664999999999736	TimeIntervals	Lick
569.716	0.06650000000013279	TimeIntervals	Lick
569.84925	0.10000000000002274	TimeIntervals	Lick
570.1492500000002	0.09999999999990905	TimeIntervals	Lick
570.3160000000001	0.06649999999990541	TimeIntervals	Lick
570.416	0.09999999999990905	TimeIntervals	Lick
570.7827500000003	0.13324999999974807	TimeIntervals	Lick
571.016	0.10000000000002274	TimeIntervals	Lick
571.216	0.10000000000013642	TimeIntervals	Lick
571.5495	0.06675000000007003	TimeIntervals	Lick
571.6830000000001	0.10000000000002274	TimeIntervals	Lick
571.8830000000002	0.06649999999990541	TimeIntervals	Lick
572.4495000000001	0.09999999999990905	TimeIntervals	Lick
573.34975	0.10000000000002274	TimeIntervals	Lick
573.64975	0.13350000000014006	TimeIntervals	Lick
574.3165	0.13350000000002638	TimeIntervals	Lick
575.3835000000001	0.13324999999986176	TimeIntervals	Lick
575.5500000000001	0.06674999999984266	TimeIntervals	Lick
576.1835000000002	0.09999999999990905	TimeIntervals	Lick
576.317	0.43324999999992997	TimeIntervals	Lick
576.7835000000001	0.30025000000000546	TimeIntervals	Lick
577.117	0.20000000000004547	TimeIntervals	Lick
577.3505	0.0665000000000191	TimeIntervals	Lick
577.4505	0.43325000000004366	TimeIntervals	Lick
577.917	0.1999999999999318	TimeIntervals	Lick
578.1505000000001	0.1999999999999318	TimeIntervals	Lick
578.384	0.20000000000015916	TimeIntervals	Lick
578.61725	0.7667500000000018	TimeIntervals	Lick
578.7505000000001	0.03350000000000364	TimeIntervals	Reward
579.4175	0.6332500000000891	TimeIntervals	Lick
580.0840000000002	0.4334999999997535	TimeIntervals	Lick
580.551	0.1999999999999318	TimeIntervals	Lick
580.78425	0.10000000000002274	TimeIntervals	Lick
580.9175	0.09999999999990905	TimeIntervals	Lick
581.051	0.09999999999990905	TimeIntervals	Lick
581.1842500000002	0.26674999999966076	TimeIntervals	Lick
581.51775	0.10000000000002274	TimeIntervals	Lick
581.651	0.10000000000002274	TimeIntervals	Lick
581.8177500000002	0.13324999999974807	TimeIntervals	Lick
582.2845000000002	0.06649999999990541	TimeIntervals	Lick
582.551	0.06700000000000728	TimeIntervals	Lick
583.0845	0.10000000000002274	TimeIntervals	Lick
583.25125	0.23324999999999818	TimeIntervals	Lick
583.518	0.0665000000000191	TimeIntervals	Lick
584.0515	0.10000000000002274	TimeIntervals	Lick
584.9515	0.10000000000002274	TimeIntervals	Lick
586.9852500000001	0.06674999999995634	TimeIntervals	Lick
587.552	0.10000000000002274	TimeIntervals	Lick
589.1855	0.033500000000117325	TimeIntervals	Lick
589.9855	0.06674999999995634	TimeIntervals	Lick
590.119	0.10000000000013642	TimeIntervals	Lick
590.88575	0.06675000000007003	TimeIntervals	Lick
594.6195	0.06700000000000728	TimeIntervals	Lick
595.1865	0.06650000000013279	TimeIntervals	Lick
595.7530000000002	0.06699999999989359	TimeIntervals	Lick
596.32	0.0665000000000191	TimeIntervals	Lick
596.42	0.06650000000013279	TimeIntervals	Lick
596.52	0.10000000000002274	TimeIntervals	Lick
596.6865	0.06675000000007003	TimeIntervals	Lick
600.6205	0.06675000000007003	TimeIntervals	Lick
603.6210000000001	0.06674999999984266	TimeIntervals	Lick
603.721	0.06675000000007003	TimeIntervals	Lick
603.821	0.09999999999990905	TimeIntervals	Lick
603.98775	0.10000000000013642	TimeIntervals	Lick
604.6545000000001	0.06674999999995634	TimeIntervals	Lick
605.288	0.20000000000004547	TimeIntervals	Lick
605.5212499999999	0.3335000000002992	TimeIntervals	Lick
605.8880000000001	0.06674999999972897	TimeIntervals	Lick
605.988	0.1999999999999318	TimeIntervals	Lick
606.2215000000001	0.06649999999990541	TimeIntervals	Lick
606.3215	0.1999999999999318	TimeIntervals	Lick
606.55475	0.33350000000007185	TimeIntervals	Lick
606.9215	0.06675000000007003	TimeIntervals	Lick
607.0215	0.10000000000013642	TimeIntervals	Lick
607.1550000000001	0.10000000000002274	TimeIntervals	Lick
607.2882500000001	0.10000000000002274	TimeIntervals	Lick
607.4215	0.20000000000004547	TimeIntervals	Lick
607.6550000000001	0.10000000000002274	TimeIntervals	Lick
607.7882500000001	1.000250000000051	TimeIntervals	Lick
607.7882500000001	0.06675000000007003	TimeIntervals	Reward
608.8217500000001	0.9667500000000473	TimeIntervals	Lick
609.822	1.500250000000051	TimeIntervals	Lick
611.3555000000001	0.2667500000000018	TimeIntervals	Lick
611.6555000000001	0.10000000000002274	TimeIntervals	Lick
611.7890000000002	0.09999999999990905	TimeIntervals	Lick
611.9222500000001	0.09999999999990905	TimeIntervals	Lick
612.0554999999999	0.10000000000013642	TimeIntervals	Lick
612.189	0.13350000000002638	TimeIntervals	Lick
612.3890000000001	0.1999999999999318	TimeIntervals	Lick
612.8225	0.06650000000013279	TimeIntervals	Lick
613.4559999999999	0.13325000000008913	TimeIntervals	Lick
613.6225000000001	0.06674999999995634	TimeIntervals	Lick
613.78925	0.10000000000013642	TimeIntervals	Lick
613.9559999999999	0.10000000000013642	TimeIntervals	Lick
614.1225000000001	0.06674999999995634	TimeIntervals	Lick
614.2225	0.10000000000002274	TimeIntervals	Lick
614.356	0.09999999999990905	TimeIntervals	Lick
614.556	0.06675000000007003	TimeIntervals	Lick
614.9227500000001	0.13324999999997544	TimeIntervals	Lick
615.5227500000001	0.2335000000000491	TimeIntervals	Lick
616.2562500000001	0.09999999999990905	TimeIntervals	Lick
617.023	0.10000000000002274	TimeIntervals	Lick
617.5897500000001	0.09999999999990905	TimeIntervals	Lick
617.9565	0.10000000000002274	TimeIntervals	Lick
620.7570000000001	0.13324999999997544	TimeIntervals	Lick
620.9235	0.06675000000007003	TimeIntervals	Lick
622.6905000000002	0.09999999999990905	TimeIntervals	Lick
622.85725	0.03325000000006639	TimeIntervals	Lick
622.85725	0.03325000000006639	TimeIntervals	Reward
623.05725	0.8335000000001855	TimeIntervals	Lick
623.9240000000001	0.4334999999999809	TimeIntervals	Lick
624.3910000000001	0.1999999999999318	TimeIntervals	Lick
624.6242500000001	0.1999999999999318	TimeIntervals	Lick
624.8575000000001	0.09999999999990905	TimeIntervals	Lick
624.991	0.5	TimeIntervals	Lick
625.55775	0.033249999999952706	TimeIntervals	Lick
625.6910000000001	0.06674999999995634	TimeIntervals	Lick
626.4245	0.10000000000002274	TimeIntervals	Lick
626.59125	0.06675000000018372	TimeIntervals	Lick
626.7580000000002	0.06649999999990541	TimeIntervals	Lick
626.8580000000001	0.09999999999990905	TimeIntervals	Lick
626.99125	0.09999999999990905	TimeIntervals	Lick
627.1245	0.4335000000000946	TimeIntervals	Lick
627.59125	0.06675000000018372	TimeIntervals	Lick
627.6915	0.10000000000013642	TimeIntervals	Lick
627.8247500000001	0.1999999999999318	TimeIntervals	Lick
628.0580000000001	0.20000000000004547	TimeIntervals	Lick
628.2915000000002	0.2332499999998845	TimeIntervals	Lick
628.5580000000001	0.20000000000004547	TimeIntervals	Lick
628.7915000000002	0.3334999999998445	TimeIntervals	Lick
629.1582500000002	0.09999999999990905	TimeIntervals	Lick
629.2915000000002	0.09999999999990905	TimeIntervals	Lick
629.4250000000001	0.10000000000002274	TimeIntervals	Lick
629.55825	0.10000000000013642	TimeIntervals	Lick
629.6915	0.10000000000013642	TimeIntervals	Lick
629.8250000000002	0.09999999999990905	TimeIntervals	Lick
629.9585	0.10000000000013642	TimeIntervals	Lick
630.19175	0.06675000000007003	TimeIntervals	Lick
630.725	0.10000000000013642	TimeIntervals	Lick
631.0920000000001	0.09999999999990905	TimeIntervals	Lick
631.5585000000001	0.06674999999984266	TimeIntervals	Lick
631.9585000000001	0.10000000000002274	TimeIntervals	Lick
633.4590000000001	0.13324999999997544	TimeIntervals	Lick
634.359	0.1999999999999318	TimeIntervals	Lick
634.5925000000001	0.09999999999990905	TimeIntervals	Lick
634.72575	0.39999999999997726	TimeIntervals	Lick
635.1590000000001	0.30024999999989177	TimeIntervals	Lick
635.4925	0.20000000000004547	TimeIntervals	Lick
635.7260000000001	0.1999999999999318	TimeIntervals	Lick
635.95925	0.06674999999995634	TimeIntervals	Lick
636.05925	0.10000000000002274	TimeIntervals	Lick
636.1925	0.20000000000004547	TimeIntervals	Lick
636.426	0.1999999999999318	TimeIntervals	Lick
636.6595000000001	0.1999999999999318	TimeIntervals	Lick
636.8595	0.0665000000000191	TimeIntervals	Reward
636.8927500000001	0.09999999999979536	TimeIntervals	Lick
637.026	0.6670000000001437	TimeIntervals	Lick
637.72625	0.1999999999999318	TimeIntervals	Lick
637.9595	0.33350000000007185	TimeIntervals	Lick
638.3262500000001	0.1999999999999318	TimeIntervals	Lick
638.5595	0.33350000000007185	TimeIntervals	Lick
638.9265	0.10000000000002274	TimeIntervals	Lick
639.05975	0.10000000000002274	TimeIntervals	Lick
639.1930000000001	0.10000000000002274	TimeIntervals	Lick
639.3265000000001	0.09999999999990905	TimeIntervals	Lick
639.45975	0.13324999999997544	TimeIntervals	Lick
639.8600000000001	0.10000000000002274	TimeIntervals	Lick
640.0265	0.06674999999995634	TimeIntervals	Lick
640.7932500000002	0.06674999999995634	TimeIntervals	Lick
641.4600000000002	0.09999999999990905	TimeIntervals	Lick
641.8267500000001	0.06674999999995634	TimeIntervals	Lick
642.5935000000001	0.09999999999990905	TimeIntervals	Lick
643.0937500000001	0.10000000000002274	TimeIntervals	Lick
643.2605000000001	0.10000000000002274	TimeIntervals	Lick
643.9605	0.10000000000002274	TimeIntervals	Lick
644.2940000000001	0.0665000000000191	TimeIntervals	Lick
644.394	0.10000000000002274	TimeIntervals	Lick
644.5605	0.06674999999995634	TimeIntervals	Lick
644.72725	0.03325000000006639	TimeIntervals	Lick
645.394	0.10000000000002274	TimeIntervals	Lick
645.7275000000001	0.10000000000002274	TimeIntervals	Lick
648.2945	0.10000000000013642	TimeIntervals	Lick
648.4277500000001	0.06674999999995634	TimeIntervals	Lick
649.79475	0.06675000000018372	TimeIntervals	Lick
650.8950000000001	0.03324999999983902	TimeIntervals	Reward
651.1615	0.5	TimeIntervals	Lick
651.6950000000002	0.06649999999990541	TimeIntervals	Lick
651.7950000000001	0.4334999999999809	TimeIntervals	Lick
652.26175	0.20000000000004547	TimeIntervals	Lick
652.495	0.20000000000015916	TimeIntervals	Lick
652.7285	0.1999999999999318	TimeIntervals	Lick
652.9620000000001	0.09999999999990905	TimeIntervals	Lick
653.0952500000001	0.33324999999990723	TimeIntervals	Lick
653.4620000000001	0.09999999999990905	TimeIntervals	Lick
653.6285000000001	0.06674999999995634	TimeIntervals	Lick
653.89525	0.033249999999952706	TimeIntervals	Lick
654.2287500000002	0.13324999999986176	TimeIntervals	Lick
654.42875	0.16674999999997908	TimeIntervals	Lick
654.7287500000002	0.06674999999984266	TimeIntervals	Lick
655.8955000000001	0.09999999999990905	TimeIntervals	Lick
656.129	0.10000000000013642	TimeIntervals	Lick
656.2625000000002	0.09999999999990905	TimeIntervals	Lick
656.3957500000001	0.09999999999990905	TimeIntervals	Lick
659.59625	0.09999999999990905	TimeIntervals	Lick
659.7295	0.10000000000013642	TimeIntervals	Lick
659.89625	0.06675000000007003	TimeIntervals	Lick
660.29625	0.10000000000002274	TimeIntervals	Lick
660.7630000000001	0.1334999999999127	TimeIntervals	Lick
660.92975	0.06675000000007003	TimeIntervals	Lick
661.0630000000001	0.06674999999995634	TimeIntervals	Lick
661.1965	0.10000000000002274	TimeIntervals	Lick
661.5965	0.0665000000000191	TimeIntervals	Lick
661.6965	0.20000000000004547	TimeIntervals	Lick
661.93	0.20000000000015916	TimeIntervals	Lick
662.1632500000001	0.2999999999999545	TimeIntervals	Lick
662.4965000000001	0.1999999999999318	TimeIntervals	Lick
662.73	0.0665000000000191	TimeIntervals	Lick
662.83	0.20000000000004547	TimeIntervals	Lick
663.0635	0.10000000000002274	TimeIntervals	Lick
663.1967500000001	0.2999999999999545	TimeIntervals	Lick
663.5300000000001	0.10000000000002274	TimeIntervals	Lick
663.6635	0.10000000000002274	TimeIntervals	Lick
663.79675	0.10000000000013642	TimeIntervals	Lick
663.8967500000001	0.1002499999998463	TimeIntervals	Reward
663.93	2.1337499999999636	TimeIntervals	Lick
666.097	0.10025000000007367	TimeIntervals	Lick
666.2305000000001	0.23349999999993543	TimeIntervals	Lick
666.49725	0.10000000000002274	TimeIntervals	Lick
666.6305000000001	0.6000000000000227	TimeIntervals	Lick
667.2640000000001	0.10000000000002274	TimeIntervals	Lick
667.3975000000002	0.3999999999998636	TimeIntervals	Lick
667.8307500000001	0.13324999999997544	TimeIntervals	Lick
667.9975	0.10000000000002274	TimeIntervals	Lick
668.1307500000001	0.09999999999990905	TimeIntervals	Lick
668.2640000000001	0.06674999999995634	TimeIntervals	Lick
668.3975000000002	0.06674999999984266	TimeIntervals	Lick
668.7975	0.16674999999997908	TimeIntervals	Lick
669.7977500000001	0.10000000000002274	TimeIntervals	Lick
670.0645	0.0665000000000191	TimeIntervals	Lick
670.231	0.10000000000002274	TimeIntervals	Lick
671.398	0.10000000000002274	TimeIntervals	Lick
671.998	0.16674999999997908	TimeIntervals	Lick
672.2315000000001	0.09999999999990905	TimeIntervals	Lick
672.398	0.03350000000000364	TimeIntervals	Lick
672.8982500000002	0.09999999999990905	TimeIntervals	Lick
673.4982500000001	0.09999999999990905	TimeIntervals	Lick
673.6650000000001	0.0665000000000191	TimeIntervals	Lick
673.79825	0.10024999999995998	TimeIntervals	Lick
673.965	0.10000000000002274	TimeIntervals	Lick
674.13175	0.13325000000008913	TimeIntervals	Lick
674.5985	0.10000000000002274	TimeIntervals	Lick
676.5655000000002	0.09999999999990905	TimeIntervals	Lick
676.69875	0.2999999999999545	TimeIntervals	Lick
677.9655	0.10000000000013642	TimeIntervals	Lick
679.1325	0.09999999999990905	TimeIntervals	Lick
679.2990000000002	0.06700000000000728	TimeIntervals	Lick
679.4325	0.06675000000007003	TimeIntervals	Lick
679.666	0.10000000000002274	TimeIntervals	Lick
679.966	0.10000000000013642	TimeIntervals	Reward
680.09925	2.8005000000000564	TimeIntervals	Lick
682.933	0.36675000000013824	TimeIntervals	Lick
683.3330000000001	0.09999999999990905	TimeIntervals	Lick
683.4665	0.36675000000013824	TimeIntervals	Lick
683.8665000000001	0.09999999999990905	TimeIntervals	Lick
684.0	0.10000000000002274	TimeIntervals	Lick
684.1665000000002	0.06674999999995634	TimeIntervals	Lick
684.3000000000001	0.0665000000000191	TimeIntervals	Lick
684.43325	0.06674999999995634	TimeIntervals	Lick
684.7665	0.033500000000117325	TimeIntervals	Lick
685.06675	0.06674999999995634	TimeIntervals	Lick
685.2335000000002	0.033249999999952706	TimeIntervals	Lick
685.3335000000001	0.10000000000002274	TimeIntervals	Lick
685.5334999999999	0.06650000000013279	TimeIntervals	Lick
685.8667500000001	0.06674999999995634	TimeIntervals	Lick
686.00025	0.06674999999995634	TimeIntervals	Lick
686.4002500000001	0.13324999999974807	TimeIntervals	Lick
687.00025	0.06674999999995634	TimeIntervals	Lick
687.1005	0.20000000000015916	TimeIntervals	Lick
687.3670000000001	0.10000000000002274	TimeIntervals	Lick
688.067	0.10000000000002274	TimeIntervals	Lick
688.26725	0.10000000000013642	TimeIntervals	Lick
689.8340000000002	0.09999999999990905	TimeIntervals	Lick
690.3007500000001	0.1002499999998463	TimeIntervals	Lick
691.1342500000001	0.09999999999990905	TimeIntervals	Lick
691.3342500000001	0.03325000000006639	TimeIntervals	Lick
692.3677500000001	0.06674999999984266	TimeIntervals	Lick
692.4677499999999	0.10025000000018736	TimeIntervals	Lick
692.60125	0.10000000000002274	TimeIntervals	Lick
692.7345	0.06675000000007003	TimeIntervals	Lick
692.8345	0.1999999999999318	TimeIntervals	Lick
693.0680000000001	0.0665000000000191	TimeIntervals	Lick
693.168	0.20000000000015916	TimeIntervals	Lick
693.40125	0.20000000000004547	TimeIntervals	Lick
693.6345000000001	0.06700000000000728	TimeIntervals	Lick
693.7347500000001	0.09999999999990905	TimeIntervals	Lick
693.8680000000002	0.29999999999984084	TimeIntervals	Lick
694.2015000000001	0.1999999999999318	TimeIntervals	Lick
694.43475	0.20000000000004547	TimeIntervals	Lick
694.668	0.2002500000000964	TimeIntervals	Lick
694.9015	0.09999999999990905	TimeIntervals	Lick
694.9682499999999	0.10000000000025011	TimeIntervals	Reward
695.0349999999999	2.300250000000233	TimeIntervals	Lick
697.402	0.20000000000004547	TimeIntervals	Lick
697.63525	0.36674999999991087	TimeIntervals	Lick
698.0355	0.10000000000013642	TimeIntervals	Lick
698.1687500000002	0.3999999999998636	TimeIntervals	Lick
698.6020000000001	0.10000000000002274	TimeIntervals	Lick
698.7355000000001	0.10000000000002274	TimeIntervals	Lick
698.8687500000001	0.09999999999990905	TimeIntervals	Lick
699.002	0.10000000000013642	TimeIntervals	Lick
699.1690000000001	0.09999999999990905	TimeIntervals	Lick
699.3022500000001	0.10000000000002274	TimeIntervals	Lick
699.469	0.06649999999990541	TimeIntervals	Lick
699.60225	0.03325000000006639	TimeIntervals	Lick
699.7355000000001	0.06674999999995634	TimeIntervals	Lick
700.0355	0.13350000000014006	TimeIntervals	Lick
700.2355000000001	0.06700000000000728	TimeIntervals	Lick
702.0025	0.2667500000001155	TimeIntervals	Lick
702.3360000000001	0.0665000000000191	TimeIntervals	Lick
703.50275	0.13350000000002638	TimeIntervals	Lick
704.2695000000001	0.10000000000002274	TimeIntervals	Lick
704.43625	0.06675000000007003	TimeIntervals	Lick
704.5695000000001	0.13350000000002638	TimeIntervals	Lick
704.76975	0.10000000000013642	TimeIntervals	Lick
705.4364999999999	0.10000000000013642	TimeIntervals	Lick
706.50325	0.10000000000002274	TimeIntervals	Lick
706.6365000000001	0.20000000000004547	TimeIntervals	Lick
706.8700000000001	0.09999999999990905	TimeIntervals	Lick
707.0035000000001	0.16649999999992815	TimeIntervals	Lick
707.2035	0.10000000000025011	TimeIntervals	Lick
707.3367500000002	0.1999999999998181	TimeIntervals	Lick
707.57	0.3000000000000682	TimeIntervals	Lick
707.9035	0.10000000000013642	TimeIntervals	Lick
708.0370000000001	0.1999999999998181	TimeIntervals	Lick
708.27025	0.43324999999992997	TimeIntervals	Lick
708.737	0.20000000000004547	TimeIntervals	Lick
708.9702500000001	0.9667499999999336	TimeIntervals	Lick
709.0705000000002	0.09999999999990905	TimeIntervals	Reward
709.9705	2.333500000000072	TimeIntervals	Lick
712.3375000000001	0.09999999999990905	TimeIntervals	Lick
712.4709999999999	0.10000000000002274	TimeIntervals	Lick
712.60425	0.10000000000013642	TimeIntervals	Lick
712.7375000000001	0.10000000000002274	TimeIntervals	Lick
712.8710000000002	0.09999999999968168	TimeIntervals	Lick
713.00425	0.23325000000011187	TimeIntervals	Lick
713.2710000000001	0.23349999999993543	TimeIntervals	Lick
713.5709999999999	0.06675000000007003	TimeIntervals	Lick
713.6710000000002	0.09999999999990905	TimeIntervals	Lick
713.8045000000001	0.3665000000000873	TimeIntervals	Lick
714.638	0.10000000000013642	TimeIntervals	Lick
714.8045000000001	0.23349999999982174	TimeIntervals	Lick
715.1045	0.33349999999995816	TimeIntervals	Lick
715.70475	0.06675000000018372	TimeIntervals	Lick
716.0379999999999	0.10000000000013642	TimeIntervals	Lick
716.20475	0.23324999999999818	TimeIntervals	Lick
716.6715000000002	0.10000000000002274	TimeIntervals	Lick
717.1715000000002	0.13350000000002638	TimeIntervals	Lick
717.5715	0.06675000000007003	TimeIntervals	Lick
718.47175	0.10000000000002274	TimeIntervals	Lick
718.6385	0.10000000000013642	TimeIntervals	Lick
718.8050000000002	0.09999999999990905	TimeIntervals	Lick
718.972	0.0665000000000191	TimeIntervals	Lick
719.0720000000001	0.06649999999990541	TimeIntervals	Lick
719.3052500000001	0.06675000000007003	TimeIntervals	Lick
719.7052500000001	0.06674999999995634	TimeIntervals	Lick
720.23875	0.10000000000002274	TimeIntervals	Lick
721.2055	0.10000000000013642	TimeIntervals	Lick
721.3722500000001	0.09999999999990905	TimeIntervals	Lick
721.839	0.13324999999997544	TimeIntervals	Lick
722.239	0.06675000000007003	TimeIntervals	Lick
723.606	0.10000000000002274	TimeIntervals	Lick
724.8395	0.20000000000004547	TimeIntervals	Lick
725.07275	0.10000000000002274	TimeIntervals	Lick
725.2395	0.0665000000000191	TimeIntervals	Lick
725.9062500000001	0.06674999999984266	TimeIntervals	Lick
726.7065	0.13325000000008913	TimeIntervals	Lick
728.1065000000001	0.09999999999990905	TimeIntervals	Lick
728.5732499999999	0.10000000000013642	TimeIntervals	Lick
728.74	0.13350000000014006	TimeIntervals	Lick
728.94	0.06674999999995634	TimeIntervals	Lick
729.8400000000001	0.09999999999990905	TimeIntervals	Lick
730.707	0.10000000000013642	TimeIntervals	Lick
730.84025	0.10000000000002274	TimeIntervals	Lick
732.3405	0.10000000000002274	TimeIntervals	Lick
732.474	0.06649999999990541	TimeIntervals	Lick
732.7405	0.10000000000002274	TimeIntervals	Lick
732.9072500000001	0.10000000000002274	TimeIntervals	Lick
733.3740000000001	0.06674999999984266	TimeIntervals	Lick
733.474	0.10000000000002274	TimeIntervals	Lick
734.0075	0.13325000000008913	TimeIntervals	Lick
734.741	0.13325000000008913	TimeIntervals	Lick
735.2075000000001	0.10000000000002274	TimeIntervals	Lick
735.641	0.13350000000014006	TimeIntervals	Lick
736.8745000000001	0.10000000000002274	TimeIntervals	Lick
738.7750000000001	0.06649999999990541	TimeIntervals	Lick
738.8750000000001	0.09999999999979536	TimeIntervals	Lick
739.0082500000001	0.20000000000004547	TimeIntervals	Lick
739.2415000000001	0.1999999999998181	TimeIntervals	Lick
739.4749999999999	0.40000000000020464	TimeIntervals	Lick
739.9085	0.3000000000000682	TimeIntervals	Lick
740.24175	0.1999999999999318	TimeIntervals	Lick
740.4749999999999	0.20000000000015916	TimeIntervals	Lick
740.7085000000001	0.1999999999999318	TimeIntervals	Lick
740.942	0.06649999999990541	TimeIntervals	Lick
741.042	0.09999999999990905	TimeIntervals	Lick
741.1419999999999	0.06650000000013279	TimeIntervals	Reward
741.17525	0.10000000000013642	TimeIntervals	Lick
741.3085000000002	0.2999999999999545	TimeIntervals	Lick
741.6419999999999	0.20000000000015916	TimeIntervals	Lick
741.87525	0.20024999999998272	TimeIntervals	Lick
742.10875	0.20000000000015916	TimeIntervals	Lick
742.3420000000001	0.29999999999984084	TimeIntervals	Lick
742.6755000000002	0.33324999999979354	TimeIntervals	Lick
743.042	0.09999999999990905	TimeIntervals	Lick
743.1755000000002	0.36674999999991087	TimeIntervals	Lick
743.5755	0.10000000000013642	TimeIntervals	Lick
743.7090000000002	0.13324999999986176	TimeIntervals	Lick
743.8755000000001	0.06674999999995634	TimeIntervals	Lick
743.9754999999999	0.16675000000009277	TimeIntervals	Lick
744.3090000000001	0.06675000000007003	TimeIntervals	Lick
744.4425000000001	0.06649999999990541	TimeIntervals	Lick
745.1425	0.10000000000013642	TimeIntervals	Lick
746.576	0.10000000000013642	TimeIntervals	Lick
747.44275	0.06674999999995634	TimeIntervals	Lick
749.443	0.10000000000002274	TimeIntervals	Lick
750.5765000000001	0.23349999999993543	TimeIntervals	Lick
750.8767500000001	0.06674999999984266	TimeIntervals	Lick
753.6437500000001	0.06675000000007003	TimeIntervals	Lick
753.74375	0.2999999999999545	TimeIntervals	Lick
754.0770000000001	0.30024999999989177	TimeIntervals	Lick
754.4104999999998	0.20000000000015916	TimeIntervals	Lick
754.644	0.2999999999999545	TimeIntervals	Lick
754.97725	0.06675000000007003	TimeIntervals	Lick
755.0772500000002	0.09999999999990905	TimeIntervals	Lick
755.2105000000001	0.06700000000000728	TimeIntervals	Lick
755.3107500000001	0.09999999999990905	TimeIntervals	Lick
755.444	0.06674999999995634	TimeIntervals	Lick
755.5440000000001	0.1999999999999318	TimeIntervals	Lick
755.7775000000001	0.09999999999990905	TimeIntervals	Lick
755.91075	0.06674999999995634	TimeIntervals	Lick
756.0107499999999	0.06675000000018372	TimeIntervals	Lick
756.11075	0.10000000000013642	TimeIntervals	Lick
756.1775000000001	0.10000000000002274	TimeIntervals	Reward
756.244	0.5002500000000509	TimeIntervals	Lick
756.7775000000001	0.6669999999998026	TimeIntervals	Lick
757.47775	1.2335000000000491	TimeIntervals	Lick
758.7445	0.10000000000013642	TimeIntervals	Lick
758.8780000000002	0.09999999999979536	TimeIntervals	Lick
759.01125	0.09999999999990905	TimeIntervals	Lick
759.1445	0.10000000000002274	TimeIntervals	Lick
759.278	0.10000000000013642	TimeIntervals	Lick
759.41125	0.10000000000002274	TimeIntervals	Lick
759.5445	0.10000000000002274	TimeIntervals	Lick
759.678	0.10000000000002274	TimeIntervals	Lick
759.8115	0.10000000000002274	TimeIntervals	Lick
759.94475	0.10000000000002274	TimeIntervals	Lick
760.1115000000001	0.06649999999990541	TimeIntervals	Lick
760.2115000000001	0.2332499999998845	TimeIntervals	Lick
760.5115000000001	0.0665000000000191	TimeIntervals	Lick
760.64475	0.2335000000000491	TimeIntervals	Lick
760.97825	0.10000000000013642	TimeIntervals	Lick
761.1450000000001	0.10000000000002274	TimeIntervals	Lick
761.4115	0.06674999999995634	TimeIntervals	Lick
761.545	0.3000000000000682	TimeIntervals	Lick
761.945	0.06674999999995634	TimeIntervals	Lick
762.3117500000001	0.06675000000007003	TimeIntervals	Lick
762.6785000000001	0.20000000000004547	TimeIntervals	Lick
763.3120000000001	0.0665000000000191	TimeIntervals	Lick
763.8785000000001	0.09999999999990905	TimeIntervals	Lick
764.7455000000001	0.33324999999990723	TimeIntervals	Lick
765.112	0.10025000000007367	TimeIntervals	Lick
765.2455000000001	0.7667499999998881	TimeIntervals	Lick
766.0455000000001	0.09999999999990905	TimeIntervals	Lick
766.1790000000001	0.0665000000000191	TimeIntervals	Lick
766.2790000000001	0.20000000000004547	TimeIntervals	Lick
766.5125000000002	0.1999999999999318	TimeIntervals	Lick
766.74575	0.1999999999999318	TimeIntervals	Lick
766.9790000000002	0.09999999999979536	TimeIntervals	Lick
767.1125000000001	0.1999999999999318	TimeIntervals	Lick
767.24575	0.06674999999995634	TimeIntervals	Reward
767.3460000000001	0.09999999999979536	TimeIntervals	Lick
767.47925	0.06674999999995634	TimeIntervals	Lick
767.5792500000001	0.1999999999999318	TimeIntervals	Lick
767.8125	0.20000000000015916	TimeIntervals	Lick
768.0459999999999	0.10000000000013642	TimeIntervals	Lick
768.17925	0.20000000000004547	TimeIntervals	Lick
768.4124999999999	0.4335000000002083	TimeIntervals	Lick
768.8795000000001	0.1999999999998181	TimeIntervals	Lick
769.11275	0.43324999999992997	TimeIntervals	Lick
769.5794999999999	0.10000000000013642	TimeIntervals	Lick
769.7130000000001	0.33324999999990723	TimeIntervals	Lick
770.0794999999999	0.10000000000013642	TimeIntervals	Lick
770.2130000000001	0.10000000000002274	TimeIntervals	Lick
770.34625	0.1999999999999318	TimeIntervals	Lick
770.6130000000002	0.23349999999993543	TimeIntervals	Lick
770.9129999999999	1.1002500000001874	TimeIntervals	Lick
772.0464999999999	0.5	TimeIntervals	Lick
772.58	0.7335000000000491	TimeIntervals	Lick
773.34675	0.700249999999869	TimeIntervals	Lick
774.0802500000001	0.09999999999990905	TimeIntervals	Lick
774.2470000000002	0.4332499999998163	TimeIntervals	Lick
774.7470000000002	0.4667499999998199	TimeIntervals	Lick
775.2470000000002	0.7667499999998881	TimeIntervals	Lick
776.0469999999999	2.0337500000001683	TimeIntervals	Lick
778.1475000000002	0.1999999999998181	TimeIntervals	Lick
778.4475	0.5	TimeIntervals	Lick
779.01425	0.06675000000007003	TimeIntervals	Lick
779.181	1.66700000000003	TimeIntervals	Lick
779.2810000000001	0.13324999999986176	TimeIntervals	Reward
780.8812500000001	0.09999999999979536	TimeIntervals	Lick
781.0145	1.3670000000000755	TimeIntervals	Lick
782.41475	1.0002499999999372	TimeIntervals	Lick
783.4482499999999	0.23325000000011187	TimeIntervals	Lick
783.7150000000001	0.26674999999988813	TimeIntervals	Lick
784.015	0.10000000000002274	TimeIntervals	Lick
784.1817500000001	0.2999999999999545	TimeIntervals	Lick
784.515	0.10000000000002274	TimeIntervals	Lick
784.6485	0.2664999999999509	TimeIntervals	Lick
784.9485	0.10000000000002274	TimeIntervals	Lick
785.11525	0.06675000000007003	TimeIntervals	Lick
785.2485000000001	0.10000000000002274	TimeIntervals	Lick
785.3820000000001	0.2332499999998845	TimeIntervals	Lick
785.6485	0.10000000000013642	TimeIntervals	Lick
785.8152500000001	0.06674999999995634	TimeIntervals	Lick
785.91525	0.13324999999997544	TimeIntervals	Lick
786.082	0.10000000000002274	TimeIntervals	Lick
786.3155000000002	0.09999999999979536	TimeIntervals	Lick
786.44875	0.3332500000001346	TimeIntervals	Lick
786.8155000000002	0.09999999999979536	TimeIntervals	Lick
786.94875	0.13324999999997544	TimeIntervals	Lick
787.1155	0.4335000000000946	TimeIntervals	Lick
787.6155	0.13350000000002638	TimeIntervals	Lick
788.1155	0.10000000000002274	TimeIntervals	Lick
788.249	0.06674999999995634	TimeIntervals	Lick
788.3825	0.06649999999990541	TimeIntervals	Lick
788.4825	0.5332500000000664	TimeIntervals	Lick
789.0490000000001	0.10000000000002274	TimeIntervals	Lick
789.2157500000001	0.09999999999990905	TimeIntervals	Lick
789.516	0.10000000000002274	TimeIntervals	Lick
789.6825000000001	0.06674999999995634	TimeIntervals	Lick
789.7825	0.16674999999997908	TimeIntervals	Lick
790.216	0.10000000000013642	TimeIntervals	Lick
790.34925	0.13350000000002638	TimeIntervals	Lick
790.98275	0.06674999999995634	TimeIntervals	Lick
791.116	0.06675000000007003	TimeIntervals	Lick
791.416	0.30024999999989177	TimeIntervals	Lick
792.51625	0.10000000000002274	TimeIntervals	Lick
792.84975	0.06675000000018372	TimeIntervals	Lick
793.3165	0.10000000000013642	TimeIntervals	Lick
793.7165	0.06675000000007003	TimeIntervals	Lick
794.4832499999999	0.06675000000018372	TimeIntervals	Lick
794.7165	0.13350000000002638	TimeIntervals	Lick
794.8835000000001	0.09999999999979536	TimeIntervals	Lick
795.0500000000001	0.2335000000000491	TimeIntervals	Lick
795.85	0.09999999999990905	TimeIntervals	Lick
796.817	0.06650000000013279	TimeIntervals	Lick
796.9834999999999	0.2002500000000964	TimeIntervals	Lick
797.2170000000001	0.1999999999999318	TimeIntervals	Lick
797.4505	0.10000000000013642	TimeIntervals	Lick
797.5837500000001	0.06674999999995634	TimeIntervals	Lick
797.68375	0.2999999999999545	TimeIntervals	Lick
798.0169999999999	0.10000000000013642	TimeIntervals	Lick
798.1505000000001	0.06674999999995634	TimeIntervals	Lick
798.2505000000001	0.33350000000007185	TimeIntervals	Lick
798.6172500000001	0.1999999999999318	TimeIntervals	Lick
798.8505	0.20000000000015916	TimeIntervals	Lick
799.0840000000002	0.06649999999990541	TimeIntervals	Lick
799.1840000000001	0.20000000000004547	TimeIntervals	Lick
799.3840000000001	0.09999999999990905	TimeIntervals	Reward
799.4174999999999	0.10000000000013642	TimeIntervals	Lick
799.5507500000001	2.0002499999999372	TimeIntervals	Lick
801.5845	1.7000000000000455	TimeIntervals	Lick
803.3180000000002	0.09999999999979536	TimeIntervals	Lick
803.4512500000001	0.09999999999990905	TimeIntervals	Lick
803.5845	0.10024999999995998	TimeIntervals	Lick
803.718	0.10000000000025011	TimeIntervals	Lick
803.88475	0.1999999999999318	TimeIntervals	Lick
804.4847500000001	0.09999999999990905	TimeIntervals	Lick
804.8850000000002	0.09999999999979536	TimeIntervals	Lick
805.4515	0.06674999999995634	TimeIntervals	Lick
805.785	0.10000000000025011	TimeIntervals	Lick
806.485	0.06675000000007003	TimeIntervals	Lick
806.65175	0.10000000000013642	TimeIntervals	Lick
807.5184999999999	0.10000000000013642	TimeIntervals	Lick
807.8520000000001	0.06649999999990541	TimeIntervals	Lick
807.952	0.10000000000002274	TimeIntervals	Lick
808.552	0.06674999999995634	TimeIntervals	Lick
808.8520000000001	0.09999999999990905	TimeIntervals	Lick
809.4855	0.06674999999995634	TimeIntervals	Lick
809.6522500000001	0.06675000000007003	TimeIntervals	Lick
809.75225	0.10000000000002274	TimeIntervals	Lick
810.05225	0.06675000000007003	TimeIntervals	Lick
810.2190000000002	0.06674999999995634	TimeIntervals	Lick
811.3525000000001	0.1999999999999318	TimeIntervals	Lick
811.5860000000001	0.09999999999990905	TimeIntervals	Lick
811.7192500000001	0.06675000000007003	TimeIntervals	Lick
811.81925	0.1999999999999318	TimeIntervals	Lick
812.0525	0.06675000000007003	TimeIntervals	Lick
812.1525000000001	0.29999999999984084	TimeIntervals	Lick
812.486	0.20000000000004547	TimeIntervals	Lick
812.7195000000002	0.1999999999998181	TimeIntervals	Lick
812.95275	0.1999999999999318	TimeIntervals	Lick
813.186	0.1999999999999318	TimeIntervals	Lick
813.4195	0.20000000000004547	TimeIntervals	Lick
813.486	0.03350000000000364	TimeIntervals	Reward
813.653	0.5332499999999527	TimeIntervals	Lick
814.2195000000002	0.29999999999984084	TimeIntervals	Lick
814.553	0.20000000000015916	TimeIntervals	Lick
814.7865	0.20000000000004547	TimeIntervals	Lick
815.01975	0.43325000000004366	TimeIntervals	Lick
815.4865000000001	0.10000000000002274	TimeIntervals	Lick
815.61975	0.10000000000013642	TimeIntervals	Lick
815.7530000000002	0.3669999999998481	TimeIntervals	Lick
816.1532500000001	0.09999999999990905	TimeIntervals	Lick
816.2865	0.10000000000002274	TimeIntervals	Lick
816.4865000000001	0.06674999999984266	TimeIntervals	Lick
816.62	0.10000000000002274	TimeIntervals	Lick
816.7865	0.03350000000000364	TimeIntervals	Lick
817.28675	0.10000000000013642	TimeIntervals	Lick
817.42	0.13350000000002638	TimeIntervals	Lick
818.2535000000001	0.10000000000002274	TimeIntervals	Lick
818.62025	0.033249999999952706	TimeIntervals	Lick
820.4205000000001	0.09999999999990905	TimeIntervals	Lick
820.6872500000001	0.13325000000008913	TimeIntervals	Lick
821.4207499999999	0.06675000000018372	TimeIntervals	Lick
822.4209999999999	0.09999999999990905	TimeIntervals	Lick
822.75425	0.06674999999995634	TimeIntervals	Lick
823.78775	0.06675000000018372	TimeIntervals	Lick
824.8880000000001	0.10000000000002274	TimeIntervals	Lick
826.9214999999999	0.10000000000002274	TimeIntervals	Lick
827.08825	0.13325000000008913	TimeIntervals	Lick
827.58825	0.16675000000009277	TimeIntervals	Lick
828.3550000000001	0.06674999999972897	TimeIntervals	Lick
828.8217500000001	0.09999999999979536	TimeIntervals	Lick
829.2885	0.10000000000002274	TimeIntervals	Lick
831.08875	0.10024999999995998	TimeIntervals	Lick
831.2555000000002	0.09999999999979536	TimeIntervals	Lick
831.489	0.10000000000002274	TimeIntervals	Lick
832.489	0.06674999999995634	TimeIntervals	Lick
832.6225000000001	0.09999999999990905	TimeIntervals	Lick
832.8890000000001	0.09999999999990905	TimeIntervals	Lick
836.023	0.10000000000002274	TimeIntervals	Lick
837.1565000000002	0.06649999999990541	TimeIntervals	Lick
837.2565000000001	0.10000000000002274	TimeIntervals	Lick
837.3897500000002	0.1999999999999318	TimeIntervals	Lick
837.623	0.06674999999995634	TimeIntervals	Lick
837.7230000000001	0.20024999999998272	TimeIntervals	Lick
837.9565	0.06675000000018372	TimeIntervals	Lick
838.0565	0.20000000000004547	TimeIntervals	Lick
838.2900000000001	0.39999999999997726	TimeIntervals	Lick
838.7232500000001	0.20024999999986903	TimeIntervals	Lick
838.9567499999999	0.10000000000013642	TimeIntervals	Lick
839.0900000000001	0.1999999999999318	TimeIntervals	Lick
839.3235	0.06650000000013279	TimeIntervals	Lick
839.4235	0.10000000000002274	TimeIntervals	Lick
839.5235	0.10000000000002274	TimeIntervals	Reward
839.5567500000001	0.5002499999999372	TimeIntervals	Lick
840.09025	0.06675000000018372	TimeIntervals	Lick
840.1902500000001	0.20000000000015916	TimeIntervals	Lick
840.4235	0.10000000000002274	TimeIntervals	Lick
840.557	0.20000000000004547	TimeIntervals	Lick
840.79025	1.3002500000000055	TimeIntervals	Lick
842.12375	0.10025000000007367	TimeIntervals	Lick
842.2572500000001	0.09999999999990905	TimeIntervals	Lick
842.3905000000001	0.5	TimeIntervals	Lick
842.9240000000001	0.10000000000002274	TimeIntervals	Lick
843.0905	0.10000000000013642	TimeIntervals	Lick
843.224	0.09999999999990905	TimeIntervals	Lick
843.4907499999999	0.10000000000013642	TimeIntervals	Lick
843.624	0.13350000000002638	TimeIntervals	Lick
843.7907500000001	0.10000000000002274	TimeIntervals	Lick
843.9240000000001	0.03349999999988995	TimeIntervals	Lick
843.9907499999999	0.10000000000013642	TimeIntervals	Lick
844.92425	0.06674999999995634	TimeIntervals	Lick
845.6245	0.06650000000013279	TimeIntervals	Lick
846.2245000000001	0.09999999999990905	TimeIntervals	Lick
847.3580000000001	0.09999999999990905	TimeIntervals	Lick
848.058	0.10000000000013642	TimeIntervals	Lick
848.1915	0.10000000000013642	TimeIntervals	Lick
848.32475	0.20000000000004547	TimeIntervals	Lick
848.558	0.20000000000015916	TimeIntervals	Lick
848.7915000000002	0.06674999999995634	TimeIntervals	Lick
848.8915000000002	0.1999999999998181	TimeIntervals	Lick
849.125	0.1999999999999318	TimeIntervals	Lick
849.3582500000001	0.06674999999995634	TimeIntervals	Lick
849.45825	0.20000000000004547	TimeIntervals	Lick
849.6915	0.10000000000013642	TimeIntervals	Lick
849.8249999999999	0.06675000000018372	TimeIntervals	Lick
849.9250000000001	0.1999999999999318	TimeIntervals	Lick
850.1585000000001	0.09999999999979536	TimeIntervals	Lick
850.2917500000002	0.09999999999990905	TimeIntervals	Lick
850.4250000000001	0.06674999999984266	TimeIntervals	Lick
850.5250000000001	0.09999999999990905	TimeIntervals	Lick
850.59175	0.06675000000007003	TimeIntervals	Reward
850.6585000000001	0.20000000000004547	TimeIntervals	Lick
850.8917500000001	0.6667499999999791	TimeIntervals	Lick
851.5920000000001	0.5667499999999563	TimeIntervals	Lick
852.192	0.10000000000013642	TimeIntervals	Lick
852.3255	0.46650000000011005	TimeIntervals	Lick
852.8255	0.33350000000007185	TimeIntervals	Lick
853.1922500000001	0.10000000000013642	TimeIntervals	Lick
853.3255	0.2667500000000018	TimeIntervals	Lick
853.6590000000001	0.06649999999990541	TimeIntervals	Lick
853.759	0.0665000000000191	TimeIntervals	Lick
853.89225	0.06674999999995634	TimeIntervals	Lick
854.1255000000001	0.06674999999995634	TimeIntervals	Lick
857.8262500000001	0.09999999999990905	TimeIntervals	Lick
857.9929999999999	0.06650000000024647	TimeIntervals	Lick
859.25975	0.10000000000002274	TimeIntervals	Lick
859.393	0.09999999999990905	TimeIntervals	Lick
859.55975	0.06674999999984266	TimeIntervals	Lick
859.7265	0.06675000000018372	TimeIntervals	Lick
861.0600000000001	0.09999999999990905	TimeIntervals	Lick
861.1935000000002	0.09999999999990905	TimeIntervals	Lick
863.5937500000001	0.10000000000002274	TimeIntervals	Lick
865.2607499999999	0.06675000000018372	TimeIntervals	Lick
865.36075	0.10000000000013642	TimeIntervals	Lick
866.2275000000001	0.10000000000002274	TimeIntervals	Lick
866.3610000000001	0.3000000000000682	TimeIntervals	Lick
866.69425	0.1999999999999318	TimeIntervals	Lick
866.9275	0.40000000000009095	TimeIntervals	Lick
867.3610000000001	0.8999999999998636	TimeIntervals	Lick
868.2945	0.20000000000004547	TimeIntervals	Lick
868.528	0.20000000000004547	TimeIntervals	Lick
868.628	0.0665000000000191	TimeIntervals	Reward
868.76125	0.2999999999999545	TimeIntervals	Lick
869.0945000000002	0.1999999999998181	TimeIntervals	Lick
869.3280000000001	0.1999999999999318	TimeIntervals	Lick
869.56125	0.20024999999998272	TimeIntervals	Lick
869.79475	0.1999999999999318	TimeIntervals	Lick
870.028	0.20000000000004547	TimeIntervals	Lick
870.2615	0.10000000000025011	TimeIntervals	Lick
870.39475	0.4335000000000946	TimeIntervals	Lick
870.8615000000002	0.09999999999990905	TimeIntervals	Lick
870.995	0.13324999999997544	TimeIntervals	Lick
871.1615	0.09999999999990905	TimeIntervals	Lick
871.3282500000001	0.09999999999979536	TimeIntervals	Lick
871.4615000000001	0.1667499999998654	TimeIntervals	Lick
871.7615	0.06700000000000728	TimeIntervals	Lick
875.0955000000001	0.10000000000002274	TimeIntervals	Lick
877.6959999999999	0.20000000000015916	TimeIntervals	Lick
877.9625000000001	0.06674999999995634	TimeIntervals	Lick
878.1625	0.03349999999988995	TimeIntervals	Lick
878.9960000000001	0.09999999999990905	TimeIntervals	Lick
879.4627500000001	0.10024999999995998	TimeIntervals	Lick
879.6295	0.06674999999995634	TimeIntervals	Lick
879.763	0.13324999999986176	TimeIntervals	Lick
879.9295000000001	0.13350000000002638	TimeIntervals	Lick
880.663	0.10000000000002274	TimeIntervals	Reward
880.8630000000002	0.36674999999991087	TimeIntervals	Lick
881.263	0.06674999999995634	TimeIntervals	Lick
881.3630000000002	0.6669999999998026	TimeIntervals	Lick
882.0632499999999	0.43325000000015734	TimeIntervals	Lick
882.53	0.10000000000013642	TimeIntervals	Lick
882.66325	0.7002500000003238	TimeIntervals	Lick
883.3967500000001	0.10000000000013642	TimeIntervals	Lick
883.53	0.3335000000002992	TimeIntervals	Lick
883.8967500000001	0.10025000000007367	TimeIntervals	Lick
884.0302499999999	0.46675000000027467	TimeIntervals	Lick
884.5302499999999	0.6667500000000928	TimeIntervals	Lick
885.2305	0.10000000000002274	TimeIntervals	Lick
885.3637500000002	0.13324999999997544	TimeIntervals	Lick
885.5305	0.0665000000000191	TimeIntervals	Lick
885.66375	0.06674999999995634	TimeIntervals	Lick
885.9970000000002	0.06674999999972897	TimeIntervals	Lick
886.7640000000001	0.1999999999999318	TimeIntervals	Lick
887.0305	0.10000000000025011	TimeIntervals	Lick
887.19725	0.10024999999995998	TimeIntervals	Lick
887.7975	0.06650000000013279	TimeIntervals	Lick
888.431	0.09999999999990905	TimeIntervals	Lick
888.5974999999999	0.06675000000018372	TimeIntervals	Lick
889.16425	0.10000000000013642	TimeIntervals	Lick
889.2975	0.10000000000013642	TimeIntervals	Lick
889.431	0.09999999999990905	TimeIntervals	Lick
889.5645	0.20000000000015916	TimeIntervals	Lick
889.7977500000001	0.29999999999984084	TimeIntervals	Lick
890.1310000000002	0.09999999999979536	TimeIntervals	Lick
890.2645000000001	0.06649999999990541	TimeIntervals	Lick
890.3645	0.09999999999990905	TimeIntervals	Lick
890.49775	0.10024999999995998	TimeIntervals	Lick
890.6312500000001	0.1999999999999318	TimeIntervals	Lick
890.8645	0.06674999999995634	TimeIntervals	Lick
890.9644999999999	0.20000000000015916	TimeIntervals	Lick
891.1980000000001	0.1999999999999318	TimeIntervals	Lick
891.43125	0.6667499999999791	TimeIntervals	Lick
891.66475	0.06675000000007003	TimeIntervals	Reward
892.1315000000001	0.2999999999999545	TimeIntervals	Lick
892.46475	0.20000000000004547	TimeIntervals	Lick
892.6980000000001	0.2002500000000964	TimeIntervals	Lick
892.9315	0.20000000000004547	TimeIntervals	Lick
893.1650000000001	0.20000000000004547	TimeIntervals	Lick
893.3982500000002	0.1999999999998181	TimeIntervals	Lick
893.6315000000001	0.10000000000002274	TimeIntervals	Lick
893.7650000000001	0.1999999999999318	TimeIntervals	Lick
893.9985	0.23324999999999818	TimeIntervals	Lick
894.2650000000001	0.13350000000002638	TimeIntervals	Lick
894.4317500000001	0.10000000000002274	TimeIntervals	Lick
894.6985	0.06650000000013279	TimeIntervals	Lick
895.1320000000001	0.06649999999990541	TimeIntervals	Lick
895.232	0.10000000000013642	TimeIntervals	Lick
895.8320000000001	0.09999999999990905	TimeIntervals	Lick
897.73225	0.10000000000002274	TimeIntervals	Lick
899.6660000000002	0.09999999999990905	TimeIntervals	Lick
900.5995000000001	0.09999999999990905	TimeIntervals	Lick
903.033	0.10000000000013642	TimeIntervals	Lick
904.1332500000001	0.10000000000002274	TimeIntervals	Lick
906.9670000000001	0.09999999999990905	TimeIntervals	Lick
907.7670000000002	0.06674999999995634	TimeIntervals	Lick
908.3340000000002	0.06649999999990541	TimeIntervals	Lick
908.4340000000001	0.1999999999999318	TimeIntervals	Lick
908.6672500000001	0.20000000000004547	TimeIntervals	Lick
908.9005000000001	0.2999999999999545	TimeIntervals	Lick
909.234	0.4334999999999809	TimeIntervals	Lick
909.7007500000001	0.1999999999999318	TimeIntervals	Lick
909.9340000000001	0.1999999999999318	TimeIntervals	Lick
910.1675	0.20000000000015916	TimeIntervals	Lick
910.401	0.10000000000002274	TimeIntervals	Lick
910.53425	0.1999999999999318	TimeIntervals	Lick
910.701	0.10000000000025011	TimeIntervals	Reward
910.7675	2.0670000000000073	TimeIntervals	Lick
912.868	0.3332500000000209	TimeIntervals	Lick
913.2344999999999	0.10000000000013642	TimeIntervals	Lick
913.368	1.166749999999979	TimeIntervals	Lick
914.5680000000001	0.10000000000002274	TimeIntervals	Lick
914.9350000000001	0.03324999999983902	TimeIntervals	Lick
915.0682500000001	0.03324999999983902	TimeIntervals	Lick
915.2015000000001	0.10000000000002274	TimeIntervals	Lick
915.7015000000001	0.16699999999991633	TimeIntervals	Lick
916.1017499999999	0.10000000000013642	TimeIntervals	Lick
916.6685000000001	0.06649999999990541	TimeIntervals	Lick
917.1020000000001	0.10000000000002274	TimeIntervals	Lick
917.9685	0.10025000000018736	TimeIntervals	Lick
918.2020000000001	0.06674999999995634	TimeIntervals	Lick
918.6355	0.06650000000013279	TimeIntervals	Lick
918.8355000000001	0.03324999999983902	TimeIntervals	Lick
919.7355	0.10000000000013642	TimeIntervals	Lick
919.969	0.16649999999992815	TimeIntervals	Lick
920.8357500000002	0.09999999999979536	TimeIntervals	Lick
921.536	0.10000000000002274	TimeIntervals	Lick
921.6692500000001	0.2332499999998845	TimeIntervals	Lick
921.936	0.1999999999999318	TimeIntervals	Lick
922.1692500000001	0.30024999999989177	TimeIntervals	Lick
922.50275	0.20000000000004547	TimeIntervals	Lick
922.736	0.20000000000004547	TimeIntervals	Lick
922.9695	0.06649999999990541	TimeIntervals	Lick
923.0695000000001	0.09999999999990905	TimeIntervals	Lick
923.20275	0.4334999999999809	TimeIntervals	Lick
923.6695	0.8667500000000246	TimeIntervals	Lick
923.7695000000001	0.06674999999995634	TimeIntervals	Reward
924.5695000000001	0.66700000000003	TimeIntervals	Lick
925.26975	0.20000000000004547	TimeIntervals	Lick
925.503	0.09999999999990905	TimeIntervals	Lick
925.6365	0.33350000000007185	TimeIntervals	Lick
926.00325	0.3332500000001346	TimeIntervals	Lick
926.3700000000001	0.09999999999990905	TimeIntervals	Lick
926.50325	0.2667500000001155	TimeIntervals	Lick
926.8365000000001	0.06699999999989359	TimeIntervals	Lick
927.07	0.09999999999990905	TimeIntervals	Lick
929.50375	0.06675000000018372	TimeIntervals	Lick
931.5039999999999	0.10000000000025011	TimeIntervals	Lick
931.6374999999999	0.06650000000024647	TimeIntervals	Lick
931.7707500000001	0.06675000000007003	TimeIntervals	Lick
931.87075	0.10000000000013642	TimeIntervals	Lick
933.3375000000002	0.09999999999979536	TimeIntervals	Lick
935.8380000000001	0.06674999999995634	TimeIntervals	Lick
935.9715000000001	0.09999999999990905	TimeIntervals	Lick
936.83825	0.09999999999990905	TimeIntervals	Lick
936.9715000000001	0.06674999999984266	TimeIntervals	Lick
937.7382500000002	0.06674999999995634	TimeIntervals	Lick
940.2055	0.03325000000006639	TimeIntervals	Lick
940.3055	0.06650000000013279	TimeIntervals	Lick
942.8725000000003	0.09999999999968168	TimeIntervals	Lick
943.6392500000001	0.10000000000013642	TimeIntervals	Lick
946.40625	0.1999999999999318	TimeIntervals	Lick
946.6395000000001	0.06699999999989359	TimeIntervals	Lick
952.3405	0.06675000000007003	TimeIntervals	Lick
952.4405	0.20000000000004547	TimeIntervals	Lick
952.6740000000001	0.20000000000004547	TimeIntervals	Lick
952.9072500000001	0.2999999999999545	TimeIntervals	Lick
953.2405000000001	0.10024999999995998	TimeIntervals	Lick
953.3740000000001	0.06674999999984266	TimeIntervals	Lick
953.474	0.20000000000004547	TimeIntervals	Lick
953.7075	0.10000000000013642	TimeIntervals	Lick
953.8407500000001	0.06674999999995634	TimeIntervals	Lick
953.94075	0.20000000000015916	TimeIntervals	Lick
954.1740000000001	0.33349999999995816	TimeIntervals	Lick
954.541	0.1999999999999318	TimeIntervals	Lick
954.7742500000003	0.19999999999970441	TimeIntervals	Lick
954.8075000000001	0.06674999999995634	TimeIntervals	Reward
955.0075	0.16674999999997908	TimeIntervals	Lick
955.2075	0.20000000000004547	TimeIntervals	Lick
955.441	0.4335000000000946	TimeIntervals	Lick
955.9077500000001	0.1999999999999318	TimeIntervals	Lick
956.1410000000001	0.1999999999999318	TimeIntervals	Lick
956.3745000000001	1.1335000000000264	TimeIntervals	Lick
957.5745000000001	0.10025000000007367	TimeIntervals	Lick
957.708	0.06675000000007003	TimeIntervals	Lick
957.8080000000001	0.06674999999995634	TimeIntervals	Lick
957.97475	0.03325000000018008	TimeIntervals	Lick
958.3080000000001	0.06674999999995634	TimeIntervals	Lick
958.5080000000002	0.09999999999990905	TimeIntervals	Lick
960.6750000000001	0.06675000000007003	TimeIntervals	Lick
981.4782500000001	0.1999999999999318	TimeIntervals	Lick
981.7115000000001	0.06675000000007003	TimeIntervals	Lick
981.8115	0.10025000000018736	TimeIntervals	Lick
981.945	0.06674999999995634	TimeIntervals	Lick
982.045	0.10000000000002274	TimeIntervals	Lick
982.1785000000002	0.19999999999970441	TimeIntervals	Lick
982.4117500000002	0.3000000000000682	TimeIntervals	Lick
982.7450000000001	0.4335000000000946	TimeIntervals	Lick
983.2120000000002	0.1999999999999318	TimeIntervals	Lick
983.4452499999999	0.20000000000004547	TimeIntervals	Lick
983.6785000000002	0.09999999999990905	TimeIntervals	Lick
983.8120000000001	0.8667499999999109	TimeIntervals	Lick
983.8452500000003	0.06674999999984266	TimeIntervals	Reward
984.7120000000002	0.1999999999999318	TimeIntervals	Lick
984.9454999999999	0.09999999999990905	TimeIntervals	Lick
985.0787500000001	0.30025000000000546	TimeIntervals	Lick
985.41225	0.3332500000000209	TimeIntervals	Lick
985.779	0.36649999999985994	TimeIntervals	Lick
986.1790000000001	0.09999999999990905	TimeIntervals	Lick
986.3125	0.09999999999990905	TimeIntervals	Lick
986.4789999999999	0.10000000000013642	TimeIntervals	Lick
986.6125000000001	0.0665000000000191	TimeIntervals	Lick
986.94575	0.06674999999995634	TimeIntervals	Lick
987.4459999999999	0.10000000000002274	TimeIntervals	Lick
991.1130000000002	0.09999999999990905	TimeIntervals	Lick
998.4142499999998	0.06675000000018372	TimeIntervals	Lick
998.5142500000002	0.09999999999990905	TimeIntervals	Lick
998.6475000000002	0.20000000000004547	TimeIntervals	Lick
998.881	0.0665000000000191	TimeIntervals	Lick
998.981	0.3000000000000682	TimeIntervals	Lick
999.3142500000002	0.20024999999998272	TimeIntervals	Lick
999.5477500000001	0.06674999999984266	TimeIntervals	Lick
999.64775	0.1000000000003638	TimeIntervals	Lick
999.7810000000001	0.1999999999999318	TimeIntervals	Lick
1000.0145000000002	0.33324999999990723	TimeIntervals	Lick
1000.381	0.10000000000002274	TimeIntervals	Lick
1000.5145000000002	0.09999999999968168	TimeIntervals	Lick
1000.6479999999999	0.20000000000015916	TimeIntervals	Lick
1000.8812500000004	0.09999999999956799	TimeIntervals	Reward
1000.8812500000004	0.09999999999956799	TimeIntervals	Lick
1001.0145000000002	0.26674999999977445	TimeIntervals	Lick
1001.3144999999998	0.20000000000038654	TimeIntervals	Lick
1001.548	0.20000000000015916	TimeIntervals	Lick
1001.7815000000002	0.06649999999990541	TimeIntervals	Lick
1001.8815000000003	0.09999999999979536	TimeIntervals	Lick
1002.0147500000002	0.10000000000002274	TimeIntervals	Lick
1002.1479999999999	0.10000000000025011	TimeIntervals	Lick
1002.2815000000002	0.23324999999999818	TimeIntervals	Lick
1002.548	0.20000000000015916	TimeIntervals	Lick
1002.7815000000002	0.10000000000013642	TimeIntervals	Lick
1002.9150000000001	0.10000000000002274	TimeIntervals	Lick
1003.0482499999998	0.20000000000038654	TimeIntervals	Lick
1003.2815000000002	0.23349999999993543	TimeIntervals	Lick
1003.5482499999998	0.1000000000003638	TimeIntervals	Lick
1003.6815	0.2335000000000491	TimeIntervals	Lick
1003.9484999999999	0.10000000000002274	TimeIntervals	Lick
1004.0817500000002	0.09999999999990905	TimeIntervals	Lick
1004.2485	0.10000000000013642	TimeIntervals	Lick
1004.4150000000001	0.10000000000002274	TimeIntervals	Lick
1004.5484999999999	0.10000000000013642	TimeIntervals	Lick
1006.1487500000001	0.06674999999995634	TimeIntervals	Lick
1019.4507499999999	0.06675000000018372	TimeIntervals	Lick
1024.0515	0.06649999999967804	TimeIntervals	Lick
1024.1515	0.1000000000003638	TimeIntervals	Lick
1024.2847500000003	0.06674999999972897	TimeIntervals	Lick
1024.418	0.06675000000018372	TimeIntervals	Lick
1024.5515	0.06649999999967804	TimeIntervals	Lick
1024.6515	0.1000000000003638	TimeIntervals	Lick
1024.7850000000003	0.09999999999968168	TimeIntervals	Lick
1024.9182500000002	0.1999999999998181	TimeIntervals	Lick
1025.1515	0.06675000000018372	TimeIntervals	Lick
1025.2515000000003	0.1999999999998181	TimeIntervals	Lick
1025.4850000000001	0.09999999999968168	TimeIntervals	Lick
1025.61825	0.1999999999998181	TimeIntervals	Lick
1025.8515	1.5670000000002346	TimeIntervals	Lick
1025.9850000000001	0.09999999999968168	TimeIntervals	Reward
1027.452	0.3332500000001346	TimeIntervals	Lick
1027.8185	1.2334999999998217	TimeIntervals	Lick
1029.0855	0.10000000000013642	TimeIntervals	Lick
1029.2189999999998	0.10000000000013642	TimeIntervals	Lick
1029.35225	0.26674999999977445	TimeIntervals	Lick
1029.65225	0.10000000000013642	TimeIntervals	Lick
1029.7855000000002	0.09999999999990905	TimeIntervals	Lick
1029.919	0.09999999999990905	TimeIntervals	Lick
1030.0855	0.06675000000018372	TimeIntervals	Lick
1030.2189999999998	0.10000000000013642	TimeIntervals	Lick
1030.38575	0.06675000000018372	TimeIntervals	Lick
1030.5857500000002	0.06674999999972897	TimeIntervals	Lick
1030.819	0.06674999999995634	TimeIntervals	Lick
1031.2189999999998	0.06675000000018372	TimeIntervals	Lick
1031.5525	0.06674999999972897	TimeIntervals	Lick
1031.6525	0.13350000000014006	TimeIntervals	Lick
1031.986	0.09999999999990905	TimeIntervals	Lick
1032.1525	0.10000000000013642	TimeIntervals	Lick
1032.286	0.09999999999990905	TimeIntervals	Lick
1032.65275	0.13325000000008913	TimeIntervals	Lick
1032.8195000000003	0.33324999999967986	TimeIntervals	Lick
1033.186	0.10000000000013642	TimeIntervals	Lick
1033.9530000000002	0.09999999999990905	TimeIntervals	Lick
1035.41975	0.09999999999990905	TimeIntervals	Lick
1044.18775	0.1999999999998181	TimeIntervals	Lick
1044.4210000000003	0.06674999999972897	TimeIntervals	Lick
1044.5545000000002	0.06674999999995634	TimeIntervals	Lick
1044.6544999999999	0.1000000000003638	TimeIntervals	Lick
1044.82125	0.1000000000003638	TimeIntervals	Lick
1044.9545000000003	0.09999999999990905	TimeIntervals	Lick
1045.0545000000002	0.06674999999995634	TimeIntervals	Reward
1045.0880000000002	0.8667500000001382	TimeIntervals	Lick
1045.988	0.10000000000013642	TimeIntervals	Lick
1046.1215	0.43325000000004366	TimeIntervals	Lick
1046.5880000000002	0.09999999999990905	TimeIntervals	Lick
1046.7215000000003	0.1999999999998181	TimeIntervals	Lick
1046.9550000000002	0.13324999999986176	TimeIntervals	Lick
1047.1215	0.1000000000003638	TimeIntervals	Lick
1047.255	0.09999999999990905	TimeIntervals	Lick
1047.4215000000002	0.06674999999995634	TimeIntervals	Lick
1047.6882500000002	0.06674999999995634	TimeIntervals	Lick
1047.855	0.06675000000018372	TimeIntervals	Lick
1048.1885000000002	0.06649999999990541	TimeIntervals	Lick
1053.0224999999998	0.06650000000013279	TimeIntervals	Lick
1053.15575	0.06675000000041109	TimeIntervals	Lick
1053.756	0.09999999999990905	TimeIntervals	Lick
1053.88925	0.10000000000013642	TimeIntervals	Lick
1054.0224999999998	0.06675000000041109	TimeIntervals	Lick
1054.1225	0.1000000000003638	TimeIntervals	Lick
1054.256	0.09999999999990905	TimeIntervals	Lick
1054.38925	0.10024999999995998	TimeIntervals	Lick
1054.6895	0.06650000000013279	TimeIntervals	Lick
1054.7895	0.09999999999990905	TimeIntervals	Lick
1054.9227500000002	0.13324999999986176	TimeIntervals	Lick
1055.6895	0.06675000000018372	TimeIntervals	Lick
1055.8895	0.06675000000018372	TimeIntervals	Lick
1056.0562499999999	0.06675000000018372	TimeIntervals	Lick
1056.1895	0.10000000000013642	TimeIntervals	Lick
1056.323	0.10000000000013642	TimeIntervals	Lick
1056.4562500000002	0.20024999999964166	TimeIntervals	Lick
1056.68975	0.06674999999995634	TimeIntervals	Lick
1056.78975	0.09999999999990905	TimeIntervals	Lick
1056.9230000000002	0.06674999999995634	TimeIntervals	Lick
1057.023	0.06675000000018372	TimeIntervals	Lick
1057.123	0.20000000000004547	TimeIntervals	Lick
1057.3565	0.06650000000013279	TimeIntervals	Lick
1057.4565000000002	0.09999999999968168	TimeIntervals	Lick
1057.58975	0.2002500000000964	TimeIntervals	Lick
1057.82325	0.06675000000018372	TimeIntervals	Lick
1057.92325	0.09999999999990905	TimeIntervals	Lick
1058.0565	0.2335000000002765	TimeIntervals	Lick
1058.09	0.06649999999990541	TimeIntervals	Reward
1058.32325	0.06675000000018372	TimeIntervals	Lick
1058.42325	0.20000000000004547	TimeIntervals	Lick
1058.6564999999998	0.10000000000013642	TimeIntervals	Lick
1058.7900000000002	0.06649999999990541	TimeIntervals	Lick
1058.89	0.10000000000013642	TimeIntervals	Lick
1059.0235	0.09999999999990905	TimeIntervals	Lick
1059.1567499999999	0.06675000000018372	TimeIntervals	Lick
1059.25675	0.20000000000027285	TimeIntervals	Lick
1059.4900000000002	0.09999999999968168	TimeIntervals	Lick
1059.6235	0.10000000000013642	TimeIntervals	Lick
1059.75675	0.2002500000000964	TimeIntervals	Lick
1059.99025	0.10000000000013642	TimeIntervals	Lick
1060.1235	0.33350000000018554	TimeIntervals	Lick
1060.5235	0.09999999999990905	TimeIntervals	Lick
1060.6902499999999	0.06675000000041109	TimeIntervals	Lick
1061.6904999999997	0.06650000000058753	TimeIntervals	Lick
1070.0249999999999	0.10000000000013642	TimeIntervals	Lick
1070.1585	0.06650000000013279	TimeIntervals	Lick
1070.2917500000003	0.09999999999968168	TimeIntervals	Lick
1070.8249999999998	0.1000000000003638	TimeIntervals	Lick
1071.1919999999998	0.1000000000003638	TimeIntervals	Lick
1071.3585	0.10000000000013642	TimeIntervals	Lick
1071.5252500000001	0.06674999999972897	TimeIntervals	Lick
1077.0595	0.06650000000013279	TimeIntervals	Lick
1077.1595	0.1000000000003638	TimeIntervals	Lick
1077.29275	0.20000000000027285	TimeIntervals	Lick
1077.526	0.30025000000000546	TimeIntervals	Lick
1077.8595	0.2999999999999545	TimeIntervals	Lick
1078.193	0.20000000000004547	TimeIntervals	Lick
1078.4262500000002	0.19999999999959073	TimeIntervals	Lick
1078.6595	0.30025000000000546	TimeIntervals	Lick
1078.9930000000002	0.09999999999990905	TimeIntervals	Lick
1079.1265	0.09999999999990905	TimeIntervals	Reward
