onset	duration	nwb_table	event_type
4.11575	0.1999999999999993	TimeIntervals	Lick
4.6825	0.3000000000000007	TimeIntervals	Lick
5.3492500000000005	0.23349999999999937	TimeIntervals	Lick
6.249500000000001	0.06649999999999867	TimeIntervals	Lick
6.3495	0.06650000000000045	TimeIntervals	Lick
6.516000000000001	0.0669999999999984	TimeIntervals	Lick
6.616250000000001	0.09999999999999876	TimeIntervals	Lick
6.749500000000001	0.09999999999999787	TimeIntervals	Lick
6.916250000000001	0.09999999999999964	TimeIntervals	Lick
7.116250000000001	0.06674999999999986	TimeIntervals	Lick
7.249500000000001	0.06674999999999898	TimeIntervals	Lick
7.416250000000001	0.09999999999999964	TimeIntervals	Lick
7.549499999999999	0.09999999999999964	TimeIntervals	Lick
7.683	0.10000000000000053	TimeIntervals	Lick
7.8165000000000004	0.06650000000000045	TimeIntervals	Lick
7.94975	0.10000000000000142	TimeIntervals	Lick
8.116499999999998	0.06650000000000311	TimeIntervals	Lick
8.2165	0.09999999999999964	TimeIntervals	Lick
8.383000000000001	0.03349999999999831	TimeIntervals	Lick
8.649750000000001	0.20025000000000048	TimeIntervals	Lick
8.916500000000001	0.06675000000000075	TimeIntervals	Lick
9.05	0.06649999999999778	TimeIntervals	Lick
9.216500000000003	0.09999999999999609	TimeIntervals	Lick
9.350000000000001	0.09999999999999787	TimeIntervals	Lick
9.483250000000002	0.09999999999999964	TimeIntervals	Lick
9.65	0.10000000000000142	TimeIntervals	Lick
9.8165	0.10025000000000084	TimeIntervals	Lick
10.583500000000003	0.033249999999997115	TimeIntervals	Lick
11.1835	0.1000000000000032	TimeIntervals	Lick
11.5835	0.09999999999999964	TimeIntervals	Lick
11.750250000000001	0.06674999999999898	TimeIntervals	Lick
12.383750000000001	0.03325000000000067	TimeIntervals	Lick
12.683750000000002	0.10000000000000142	TimeIntervals	Lick
13.51725	0.09999999999999787	TimeIntervals	Lick
13.8505	0.033500000000000085	TimeIntervals	Lick
14.084000000000003	0.06649999999999778	TimeIntervals	Lick
14.250500000000002	0.10024999999999729	TimeIntervals	Lick
14.384	0.06674999999999898	TimeIntervals	Lick
14.5175	0.06650000000000311	TimeIntervals	Lick
14.617500000000001	0.09999999999999964	TimeIntervals	Lick
14.750750000000002	0.09999999999999787	TimeIntervals	Lick
14.884	0.10000000000000142	TimeIntervals	Lick
14.984000000000002	0.10000000000000142	TimeIntervals	Reward
15.0175	0.06650000000000311	TimeIntervals	Lick
15.117500000000001	1.966999999999997	TimeIntervals	Lick
17.11775	0.19999999999999574	TimeIntervals	Lick
17.351	0.10000000000000497	TimeIntervals	Lick
17.4845	0.1999999999999993	TimeIntervals	Lick
17.718	0.3664999999999985	TimeIntervals	Lick
18.118	0.10000000000000142	TimeIntervals	Lick
18.251249999999995	0.10000000000000142	TimeIntervals	Lick
18.384500000000003	0.6002499999999991	TimeIntervals	Lick
19.017999999999997	0.10000000000000142	TimeIntervals	Lick
19.151500000000002	0.09999999999999787	TimeIntervals	Lick
19.28475	0.09999999999999787	TimeIntervals	Lick
19.418000000000006	0.09999999999999076	TimeIntervals	Lick
19.551499999999997	0.10000000000000497	TimeIntervals	Lick
19.68475	0.10024999999999551	TimeIntervals	Lick
19.81825	0.06675000000000253	TimeIntervals	Lick
19.918250000000004	0.09999999999999787	TimeIntervals	Lick
20.085	0.06649999999999778	TimeIntervals	Lick
20.31825	0.30000000000000426	TimeIntervals	Lick
20.7515	0.10024999999999906	TimeIntervals	Lick
21.1185	0.1999999999999993	TimeIntervals	Lick
21.485000000000003	0.06674999999999898	TimeIntervals	Lick
21.751749999999998	0.10000000000000142	TimeIntervals	Lick
22.152	0.2665000000000042	TimeIntervals	Lick
22.552	0.03324999999999889	TimeIntervals	Lick
22.751999999999995	0.06650000000000489	TimeIntervals	Lick
22.98525	0.1667500000000004	TimeIntervals	Lick
23.3855	0.06650000000000134	TimeIntervals	Lick
23.685500000000005	0.06649999999999068	TimeIntervals	Lick
23.8855	0.10000000000000142	TimeIntervals	Lick
24.319000000000003	0.06649999999999778	TimeIntervals	Lick
24.419000000000004	0.09999999999999787	TimeIntervals	Lick
24.685500000000005	0.06674999999999187	TimeIntervals	Lick
25.185500000000005	0.10024999999999551	TimeIntervals	Lick
25.385749999999998	0.10000000000000142	TimeIntervals	Lick
25.852500000000003	0.06650000000000134	TimeIntervals	Lick
26.51925	0.10000000000000142	TimeIntervals	Lick
26.81925	0.10000000000000142	TimeIntervals	Lick
27.21925	0.20025000000000404	TimeIntervals	Lick
27.619500000000002	0.1664999999999992	TimeIntervals	Lick
28.0195	0.43324999999999747	TimeIntervals	Lick
29.086250000000003	0.06674999999999542	TimeIntervals	Lick
29.252999999999997	0.06650000000000844	TimeIntervals	Lick
29.38625	0.06675000000000253	TimeIntervals	Lick
29.552999999999997	0.06650000000000489	TimeIntervals	Lick
29.719749999999998	0.06675000000000253	TimeIntervals	Lick
29.852999999999998	0.06675000000000253	TimeIntervals	Lick
30.01975	0.06675000000000253	TimeIntervals	Lick
30.119750000000003	0.06674999999999542	TimeIntervals	Lick
30.319750000000003	0.10000000000000142	TimeIntervals	Lick
30.552999999999997	0.16700000000000514	TimeIntervals	Lick
31.32	0.10000000000000497	TimeIntervals	Lick
31.453249999999997	0.10000000000000497	TimeIntervals	Lick
32.12	0.10000000000000853	TimeIntervals	Lick
32.28675	0.06674999999999898	TimeIntervals	Lick
32.419999999999995	0.06674999999999898	TimeIntervals	Lick
32.9535	0.10000000000000142	TimeIntervals	Lick
33.12025	0.06674999999999898	TimeIntervals	Lick
33.4535	0.13349999999999795	TimeIntervals	Lick
35.0205	0.06649999999999778	TimeIntervals	Lick
35.153999999999996	0.06650000000000489	TimeIntervals	Lick
35.82050000000001	0.09999999999998721	TimeIntervals	Lick
36.95399999999999	0.10000000000000853	TimeIntervals	Lick
38.58775	0.09999999999999432	TimeIntervals	Lick
39.0545	0.10000000000000142	TimeIntervals	Lick
39.321000000000005	0.09999999999999432	TimeIntervals	Lick
39.488	0.06649999999999778	TimeIntervals	Lick
39.988	0.10000000000000142	TimeIntervals	Lick
40.12125	0.09999999999999432	TimeIntervals	Lick
40.288000000000004	0.06649999999999068	TimeIntervals	Lick
40.4545	0.09999999999999432	TimeIntervals	Lick
40.687999999999995	0.06675000000000608	TimeIntervals	Lick
40.988	0.06674999999999898	TimeIntervals	Lick
41.088	0.09999999999999432	TimeIntervals	Lick
41.288000000000004	0.09999999999999432	TimeIntervals	Lick
41.45475	0.10000000000000142	TimeIntervals	Lick
42.6215	0.03349999999999653	TimeIntervals	Lick
43.0885	0.09999999999999432	TimeIntervals	Lick
44.65525	0.09999999999999432	TimeIntervals	Lick
45.0555	0.10000000000000853	TimeIntervals	Lick
45.355500000000006	0.06649999999999068	TimeIntervals	Lick
45.522000000000006	0.06674999999999898	TimeIntervals	Lick
45.622	0.10000000000000142	TimeIntervals	Lick
45.75549999999999	0.10000000000001563	TimeIntervals	Lick
45.88875	0.09999999999999432	TimeIntervals	Lick
46.022000000000006	0.06699999999999307	TimeIntervals	Lick
46.15550000000001	0.06674999999999187	TimeIntervals	Lick
46.25549999999999	0.06675000000001319	TimeIntervals	Lick
46.355500000000006	0.09999999999998721	TimeIntervals	Lick
46.489	0.20000000000000284	TimeIntervals	Lick
46.72225	0.10000000000000142	TimeIntervals	Lick
46.855500000000006	0.19999999999999574	TimeIntervals	Lick
47.089	0.03325000000000955	TimeIntervals	Reward
47.12225000000001	1.1337499999999991	TimeIntervals	Lick
48.289249999999996	0.3332500000000067	TimeIntervals	Lick
48.656000000000006	0.23324999999999108	TimeIntervals	Lick
48.9225	0.06674999999999187	TimeIntervals	Lick
49.056000000000004	0.23324999999999108	TimeIntervals	Lick
49.3225	0.10025000000000261	TimeIntervals	Lick
49.455999999999996	0.10000000000000853	TimeIntervals	Lick
49.5895	0.10000000000000853	TimeIntervals	Lick
49.722750000000005	0.09999999999999432	TimeIntervals	Lick
49.855999999999995	0.10000000000000142	TimeIntervals	Lick
49.9895	0.10000000000000142	TimeIntervals	Lick
50.122749999999996	0.10000000000000853	TimeIntervals	Lick
50.25600000000001	0.13349999999999085	TimeIntervals	Lick
50.42275	0.10024999999999551	TimeIntervals	Lick
50.5895	0.03349999999999653	TimeIntervals	Lick
50.68950000000001	0.09999999999999432	TimeIntervals	Lick
50.95625	0.7334999999999994	TimeIntervals	Lick
51.723	0.10000000000000142	TimeIntervals	Lick
52.023	0.13349999999999085	TimeIntervals	Lick
52.289750000000005	0.19999999999998863	TimeIntervals	Lick
52.5565	0.1667499999999933	TimeIntervals	Lick
52.99	0.30000000000000426	TimeIntervals	Lick
53.52325	0.10000000000000853	TimeIntervals	Lick
55.5235	0.10000000000000853	TimeIntervals	Lick
55.9235	0.06699999999999307	TimeIntervals	Lick
57.2905	0.03350000000000364	TimeIntervals	Lick
57.55725	0.06674999999999898	TimeIntervals	Lick
57.824000000000005	0.033250000000002444	TimeIntervals	Lick
59.657500000000006	0.13349999999999795	TimeIntervals	Lick
60.95775	0.10000000000000142	TimeIntervals	Lick
61.25775	0.10000000000000142	TimeIntervals	Lick
61.72449999999999	0.10000000000000853	TimeIntervals	Lick
61.89125000000001	0.06674999999999187	TimeIntervals	Lick
62.658	0.10000000000000142	TimeIntervals	Lick
63.158	0.10000000000000142	TimeIntervals	Lick
63.7915	0.13349999999999085	TimeIntervals	Lick
65.52499999999999	0.10000000000000853	TimeIntervals	Lick
67.22550000000001	0.13324999999998965	TimeIntervals	Lick
70.55925000000002	0.23324999999998397	TimeIntervals	Lick
71.026	0.10000000000000853	TimeIntervals	Lick
71.15925000000001	0.06674999999998477	TimeIntervals	Lick
71.2925	0.06699999999999307	TimeIntervals	Lick
71.39275	0.10000000000000853	TimeIntervals	Lick
71.526	0.06675000000001319	TimeIntervals	Lick
71.65950000000001	0.06649999999999068	TimeIntervals	Lick
71.7595	0.09999999999999432	TimeIntervals	Lick
71.89275	0.06675000000001319	TimeIntervals	Lick
71.99275000000002	0.09999999999999432	TimeIntervals	Lick
72.126	0.09999999999999432	TimeIntervals	Lick
72.2595	0.20000000000001705	TimeIntervals	Lick
72.49300000000001	0.06650000000000489	TimeIntervals	Lick
72.593	0.10000000000000853	TimeIntervals	Lick
72.72625	0.09999999999999432	TimeIntervals	Lick
72.8595	0.10000000000002274	TimeIntervals	Lick
72.99300000000001	0.09999999999999432	TimeIntervals	Lick
73.12625000000001	0.0999999999999801	TimeIntervals	Reward
73.12625000000001	0.06675000000001319	TimeIntervals	Lick
73.22625	2.66725000000001	TimeIntervals	Lick
75.92675	0.09999999999999432	TimeIntervals	Lick
76.06	0.10000000000000853	TimeIntervals	Lick
76.19350000000001	0.09999999999999432	TimeIntervals	Lick
76.32674999999999	0.10000000000000853	TimeIntervals	Lick
76.46000000000002	0.0999999999999801	TimeIntervals	Lick
76.5935	0.10000000000000853	TimeIntervals	Lick
76.72675000000001	0.1002499999999884	TimeIntervals	Lick
76.86025	0.10000000000000853	TimeIntervals	Lick
76.99350000000001	0.09999999999999432	TimeIntervals	Lick
77.16025000000002	0.06674999999999898	TimeIntervals	Lick
77.26025	0.36674999999999613	TimeIntervals	Lick
77.66025000000002	0.0999999999999801	TimeIntervals	Lick
77.79350000000001	0.09999999999999432	TimeIntervals	Lick
77.927	0.0999999999999801	TimeIntervals	Lick
78.0605	0.10000000000000853	TimeIntervals	Lick
78.19375000000002	0.09999999999999432	TimeIntervals	Lick
78.327	0.13350000000001216	TimeIntervals	Lick
78.49375	0.20000000000001705	TimeIntervals	Lick
78.7605	0.09999999999999432	TimeIntervals	Lick
78.927	0.06699999999999307	TimeIntervals	Lick
79.12725	0.1667500000000075	TimeIntervals	Lick
79.32724999999999	0.2667500000000018	TimeIntervals	Lick
79.62725	0.06675000000001319	TimeIntervals	Lick
79.7605	0.09999999999999432	TimeIntervals	Lick
80.0605	0.06700000000000728	TimeIntervals	Lick
80.16075000000001	0.4332499999999868	TimeIntervals	Lick
80.86075	0.10000000000000853	TimeIntervals	Lick
81.02749999999999	0.06650000000000489	TimeIntervals	Lick
81.261	0.06649999999999068	TimeIntervals	Lick
81.361	0.06649999999999068	TimeIntervals	Lick
81.46100000000001	0.5664999999999765	TimeIntervals	Lick
82.32775	0.06674999999999898	TimeIntervals	Lick
82.92775	0.06674999999998477	TimeIntervals	Lick
83.49449999999999	0.06674999999999898	TimeIntervals	Lick
83.72800000000001	0.06649999999999068	TimeIntervals	Lick
83.99449999999999	0.13350000000002638	TimeIntervals	Lick
84.3945	0.2670000000000101	TimeIntervals	Lick
85.19475	0.10000000000000853	TimeIntervals	Lick
85.36149999999999	0.10000000000000853	TimeIntervals	Lick
85.528	0.10025000000001683	TimeIntervals	Lick
86.69500000000001	0.06674999999999898	TimeIntervals	Lick
86.86175	0.2667500000000018	TimeIntervals	Lick
87.395	0.06675000000001319	TimeIntervals	Lick
87.79525	0.10000000000000853	TimeIntervals	Lick
88.66200000000002	0.13324999999997544	TimeIntervals	Lick
88.92875000000001	0.09999999999999432	TimeIntervals	Lick
89.2955	0.13325000000000387	TimeIntervals	Lick
91.19575000000003	0.0999999999999659	TimeIntervals	Lick
93.2295	0.06649999999999068	TimeIntervals	Lick
93.36275	0.06675000000001319	TimeIntervals	Lick
93.52950000000001	0.06649999999999068	TimeIntervals	Lick
93.7295	0.09999999999999432	TimeIntervals	Lick
94.2295	0.13350000000001216	TimeIntervals	Lick
94.69625000000002	0.0999999999999801	TimeIntervals	Lick
95.36300000000001	0.09999999999999432	TimeIntervals	Lick
96.06299999999999	0.06675000000001319	TimeIntervals	Lick
96.2965	0.0665000000000191	TimeIntervals	Lick
96.86325000000001	0.06674999999999898	TimeIntervals	Lick
97.73	0.09999999999999432	TimeIntervals	Lick
97.89675000000001	0.10000000000000853	TimeIntervals	Lick
98.69675000000001	0.13349999999998374	TimeIntervals	Lick
100.2305	0.0999999999999801	TimeIntervals	Lick
100.49700000000001	0.06675000000001319	TimeIntervals	Lick
100.63050000000001	0.06649999999999068	TimeIntervals	Lick
100.7305	0.0999999999999801	TimeIntervals	Lick
100.86375	0.10025000000001683	TimeIntervals	Lick
100.99725000000001	0.06675000000001319	TimeIntervals	Lick
101.09725000000002	0.0999999999999801	TimeIntervals	Lick
101.2305	0.06674999999999898	TimeIntervals	Lick
101.33049999999999	0.10000000000002274	TimeIntervals	Lick
101.46400000000001	0.06649999999999068	TimeIntervals	Lick
101.56400000000002	0.09999999999999432	TimeIntervals	Lick
101.69725	0.10000000000000853	TimeIntervals	Lick
101.83049999999999	0.06675000000001319	TimeIntervals	Lick
101.93050000000001	0.09999999999999432	TimeIntervals	Lick
102.06400000000002	0.09999999999999432	TimeIntervals	Lick
102.1975	0.06649999999999068	TimeIntervals	Lick
102.1975	0.03324999999998113	TimeIntervals	Reward
102.2975	2.000249999999994	TimeIntervals	Lick
104.33099999999999	0.10000000000002274	TimeIntervals	Lick
104.4645	0.09999999999999432	TimeIntervals	Lick
104.59775	0.09999999999999432	TimeIntervals	Lick
104.731	0.09999999999999432	TimeIntervals	Lick
104.8645	0.19999999999998863	TimeIntervals	Lick
105.131	0.09999999999999432	TimeIntervals	Lick
105.26450000000001	0.09999999999999432	TimeIntervals	Lick
105.39800000000001	0.10000000000000853	TimeIntervals	Lick
105.53125	0.10000000000002274	TimeIntervals	Lick
105.698	0.09999999999999432	TimeIntervals	Lick
105.8645	0.03350000000000364	TimeIntervals	Lick
106.16450000000002	0.5334999999999752	TimeIntervals	Lick
106.8315	0.3332500000000067	TimeIntervals	Lick
107.66500000000002	0.29999999999998295	TimeIntervals	Lick
108.09825000000001	0.10000000000002274	TimeIntervals	Lick
109.49849999999999	0.0665000000000191	TimeIntervals	Lick
109.76525000000001	0.13325000000000387	TimeIntervals	Lick
115.09925	0.10025000000001683	TimeIntervals	Lick
115.43275000000001	0.13324999999997544	TimeIntervals	Lick
116.56625000000001	0.09999999999999432	TimeIntervals	Lick
116.69950000000001	0.09999999999999432	TimeIntervals	Lick
117.8665	0.06650000000000489	TimeIntervals	Lick
120.4335	0.10000000000000853	TimeIntervals	Lick
120.6	0.03350000000003206	TimeIntervals	Lick
121.10025	0.10000000000000853	TimeIntervals	Lick
122.96725	0.06674999999999898	TimeIntervals	Lick
123.10050000000001	0.06674999999999898	TimeIntervals	Lick
123.93400000000003	0.06674999999998477	TimeIntervals	Lick
126.1675	0.23349999999999227	TimeIntervals	Lick
126.43450000000001	0.19999999999998863	TimeIntervals	Lick
126.73450000000003	0.19999999999998863	TimeIntervals	Lick
127.00100000000002	0.06674999999997056	TimeIntervals	Lick
127.1345	0.06650000000000489	TimeIntervals	Lick
127.23450000000003	3.7339999999999804	TimeIntervals	Lick
127.23450000000003	0.09999999999995168	TimeIntervals	Reward
131.00175	2.2670000000000243	TimeIntervals	Lick
133.40200000000002	0.09999999999999432	TimeIntervals	Lick
133.83550000000002	0.09999999999999432	TimeIntervals	Lick
134.10225	0.06674999999998477	TimeIntervals	Lick
134.30225000000002	0.19999999999998863	TimeIntervals	Lick
134.769	0.10000000000002274	TimeIntervals	Lick
135.0025	0.13324999999997544	TimeIntervals	Lick
135.36900000000003	0.09999999999999432	TimeIntervals	Lick
135.5025	0.09999999999999432	TimeIntervals	Lick
135.70250000000001	0.19999999999998863	TimeIntervals	Lick
136.20250000000001	0.09999999999999432	TimeIntervals	Lick
136.36925000000002	0.06674999999998477	TimeIntervals	Lick
136.5025	0.06675000000001319	TimeIntervals	Lick
136.6025	0.10000000000002274	TimeIntervals	Lick
137.036	0.5335000000000036	TimeIntervals	Lick
137.80275	0.06675000000001319	TimeIntervals	Lick
138.0695	0.09999999999999432	TimeIntervals	Lick
138.20274999999998	0.10025000000001683	TimeIntervals	Lick
138.50300000000001	0.26650000000000773	TimeIntervals	Lick
138.93625	0.03325000000000955	TimeIntervals	Lick
139.403	0.06675000000001319	TimeIntervals	Lick
139.66975	0.06675000000001319	TimeIntervals	Lick
139.76975000000002	0.39999999999997726	TimeIntervals	Lick
140.2365	0.10000000000002274	TimeIntervals	Lick
141.57000000000002	0.0999999999999659	TimeIntervals	Lick
141.73675000000003	0.03325000000000955	TimeIntervals	Lick
141.90350000000004	0.09999999999993747	TimeIntervals	Lick
142.3035	0.10000000000002274	TimeIntervals	Lick
142.8035	0.10000000000002274	TimeIntervals	Lick
142.97025000000002	0.033249999999952706	TimeIntervals	Lick
143.1035	0.03350000000000364	TimeIntervals	Lick
143.23700000000002	0.06649999999999068	TimeIntervals	Lick
143.40350000000004	0.06674999999998477	TimeIntervals	Lick
143.537	0.06649999999999068	TimeIntervals	Lick
143.637	0.10000000000002274	TimeIntervals	Lick
143.77050000000003	0.19999999999998863	TimeIntervals	Lick
144.00375000000003	0.19999999999998863	TimeIntervals	Lick
144.23700000000002	0.06674999999998477	TimeIntervals	Lick
144.33700000000002	0.09999999999999432	TimeIntervals	Lick
144.47050000000002	0.09999999999999432	TimeIntervals	Lick
144.60375	0.06675000000001319	TimeIntervals	Lick
144.70375	0.1002499999999884	TimeIntervals	Lick
144.83725	0.09999999999999432	TimeIntervals	Lick
144.97050000000002	0.06674999999998477	TimeIntervals	Lick
145.0705	0.09999999999999432	TimeIntervals	Lick
145.20400000000004	0.0999999999999659	TimeIntervals	Lick
145.304	0.10000000000002274	TimeIntervals	Reward
145.33725	3.800499999999971	TimeIntervals	Lick
149.171	0.333500000000015	TimeIntervals	Lick
149.538	0.0999999999999659	TimeIntervals	Lick
149.67125000000001	0.09999999999999432	TimeIntervals	Lick
149.8045	0.13350000000002638	TimeIntervals	Lick
150.0045	0.6670000000000016	TimeIntervals	Lick
150.70475000000002	1.8669999999999902	TimeIntervals	Lick
152.605	0.10000000000002274	TimeIntervals	Lick
152.73850000000002	0.16650000000001342	TimeIntervals	Lick
152.93849999999998	1.7335000000000207	TimeIntervals	Lick
154.70550000000003	0.2664999999999793	TimeIntervals	Lick
155.0055	0.20000000000001705	TimeIntervals	Lick
155.23874999999998	0.26675000000003024	TimeIntervals	Lick
155.572	0.16674999999997908	TimeIntervals	Lick
155.77200000000002	0.2669999999999675	TimeIntervals	Lick
156.07225	0.2667500000000018	TimeIntervals	Lick
156.47225	0.20000000000001705	TimeIntervals	Lick
156.70550000000003	0.2669999999999959	TimeIntervals	Lick
157.00575	0.29999999999998295	TimeIntervals	Lick
157.40575	0.2667499999999734	TimeIntervals	Lick
157.70575000000002	0.13324999999997544	TimeIntervals	Lick
157.939	0.36700000000001864	TimeIntervals	Lick
158.33925000000002	0.0999999999999659	TimeIntervals	Lick
158.506	0.700000000000017	TimeIntervals	Lick
159.37275	0.23324999999999818	TimeIntervals	Lick
160.573	0.09999999999999432	TimeIntervals	Lick
160.87300000000002	0.09999999999999432	TimeIntervals	Lick
161.073	0.06649999999999068	TimeIntervals	Lick
161.2395	0.06700000000000728	TimeIntervals	Lick
161.40650000000005	0.09999999999993747	TimeIntervals	Lick
161.73975000000002	0.09999999999999432	TimeIntervals	Lick
161.90650000000005	0.09999999999993747	TimeIntervals	Lick
162.073	0.09999999999999432	TimeIntervals	Lick
162.23975000000002	0.06674999999998477	TimeIntervals	Lick
162.37300000000002	0.10025000000001683	TimeIntervals	Lick
162.54	0.06649999999999068	TimeIntervals	Lick
162.67325	0.10000000000002274	TimeIntervals	Lick
162.90650000000005	0.033499999999946795	TimeIntervals	Lick
163.04	0.10000000000002274	TimeIntervals	Lick
163.17325	0.10000000000002274	TimeIntervals	Lick
163.3065	0.10000000000005116	TimeIntervals	Lick
163.47350000000006	0.0999999999999659	TimeIntervals	Lick
163.6735	0.20000000000001705	TimeIntervals	Lick
163.90675000000002	0.06675000000004161	TimeIntervals	Lick
164.6735	0.06675000000001319	TimeIntervals	Lick
165.20700000000002	0.09999999999999432	TimeIntervals	Lick
165.3735	0.10000000000005116	TimeIntervals	Lick
165.8405	0.1332500000000323	TimeIntervals	Lick
166.20700000000002	0.13349999999996953	TimeIntervals	Lick
166.47375000000002	0.13324999999997544	TimeIntervals	Lick
168.00750000000002	0.0999999999999659	TimeIntervals	Lick
168.37400000000002	0.09999999999999432	TimeIntervals	Lick
169.34100000000004	0.09999999999993747	TimeIntervals	Lick
169.50750000000002	0.03350000000000364	TimeIntervals	Lick
169.64099999999996	0.06650000000004752	TimeIntervals	Lick
169.77425000000002	0.06675000000001319	TimeIntervals	Lick
169.9075	0.06675000000001319	TimeIntervals	Lick
170.04100000000003	0.06674999999995634	TimeIntervals	Lick
170.14099999999996	0.10000000000005116	TimeIntervals	Lick
170.27450000000002	0.0665000000000191	TimeIntervals	Lick
170.3745	0.09999999999999432	TimeIntervals	Lick
170.50775000000002	0.06674999999998477	TimeIntervals	Lick
170.64099999999996	0.06675000000007003	TimeIntervals	Lick
170.741	0.06675000000001319	TimeIntervals	Lick
170.8745	0.06649999999999068	TimeIntervals	Lick
170.9745	0.09999999999999432	TimeIntervals	Lick
171.10774999999998	0.10025000000004525	TimeIntervals	Lick
171.24125	0.09999999999999432	TimeIntervals	Lick
171.3745	0.06675000000001319	TimeIntervals	Lick
171.3745	0.06675000000001319	TimeIntervals	Reward
171.4745	0.3000000000000398	TimeIntervals	Lick
171.80800000000002	0.0999999999999659	TimeIntervals	Lick
171.94125000000003	0.06674999999998477	TimeIntervals	Lick
172.04125000000002	0.20025000000001114	TimeIntervals	Lick
172.27475000000004	0.09999999999999432	TimeIntervals	Lick
172.408	0.06675000000001319	TimeIntervals	Lick
172.508	0.0999999999999659	TimeIntervals	Lick
172.6415	0.20000000000001705	TimeIntervals	Lick
172.87475000000003	0.0999999999999659	TimeIntervals	Lick
173.008	0.0999999999999659	TimeIntervals	Lick
173.1415	0.10000000000002274	TimeIntervals	Lick
173.30800000000002	0.06700000000000728	TimeIntervals	Lick
173.40825	0.09999999999999432	TimeIntervals	Lick
173.5415	0.13349999999999795	TimeIntervals	Lick
173.84150000000002	0.0999999999999659	TimeIntervals	Lick
174.10824999999997	0.16675000000006435	TimeIntervals	Lick
174.34150000000002	0.03350000000000364	TimeIntervals	Lick
174.4415	0.0670000000000357	TimeIntervals	Lick
174.675	0.5667500000000132	TimeIntervals	Lick
175.34175000000002	0.5002499999999941	TimeIntervals	Lick
175.942	0.4332499999999868	TimeIntervals	Lick
176.4085	0.06674999999998477	TimeIntervals	Lick
176.642	0.30000000000001137	TimeIntervals	Lick
177.57549999999998	0.5335000000000321	TimeIntervals	Lick
178.14225000000002	0.06674999999998477	TimeIntervals	Lick
178.64225000000002	0.03324999999998113	TimeIntervals	Lick
178.77550000000005	0.06699999999997885	TimeIntervals	Lick
179.109	0.03350000000000364	TimeIntervals	Lick
179.40899999999996	0.06675000000004161	TimeIntervals	Lick
181.84275000000002	0.06674999999998477	TimeIntervals	Lick
181.94275	0.06675000000001319	TimeIntervals	Lick
182.07600000000002	0.06700000000000728	TimeIntervals	Lick
182.20950000000002	0.06675000000001319	TimeIntervals	Lick
182.30949999999999	0.10000000000002274	TimeIntervals	Lick
182.47625	0.06674999999998477	TimeIntervals	Lick
182.60950000000003	0.09999999999999432	TimeIntervals	Lick
182.87625	0.09999999999999432	TimeIntervals	Lick
183.20950000000002	0.1002499999999884	TimeIntervals	Lick
183.3765	0.0665000000000191	TimeIntervals	Lick
183.77650000000006	0.09999999999993747	TimeIntervals	Lick
183.9765	0.06649999999999068	TimeIntervals	Lick
184.1765	0.10000000000005116	TimeIntervals	Lick
184.61	0.13325000000000387	TimeIntervals	Lick
184.8765	0.09999999999999432	TimeIntervals	Lick
185.11	0.13325000000000387	TimeIntervals	Lick
185.3765	0.13349999999999795	TimeIntervals	Lick
186.4435	0.09999999999999432	TimeIntervals	Lick
186.6435	0.10000000000002274	TimeIntervals	Lick
187.5435	0.1002499999999884	TimeIntervals	Lick
188.37700000000004	0.0999999999999659	TimeIntervals	Lick
189.31050000000002	0.0999999999999659	TimeIntervals	Lick
189.47725	0.09999999999999432	TimeIntervals	Lick
189.64399999999998	0.06650000000004752	TimeIntervals	Lick
190.744	0.10000000000005116	TimeIntervals	Lick
194.37800000000001	0.10000000000002274	TimeIntervals	Lick
194.678	0.10000000000002274	TimeIntervals	Lick
198.27850000000004	0.06674999999998477	TimeIntervals	Lick
198.3785	0.06675000000001319	TimeIntervals	Lick
198.512	0.06649999999999068	TimeIntervals	Lick
198.64550000000003	0.06649999999999068	TimeIntervals	Lick
198.77875	0.06675000000001319	TimeIntervals	Lick
198.87875000000003	0.09999999999999432	TimeIntervals	Lick
199.012	0.10000000000002274	TimeIntervals	Lick
199.14550000000003	0.19999999999998863	TimeIntervals	Lick
199.37875000000003	0.06674999999998477	TimeIntervals	Lick
199.47875000000002	0.06674999999998477	TimeIntervals	Lick
199.57874999999999	0.10025000000004525	TimeIntervals	Lick
199.71225	0.10000000000002274	TimeIntervals	Lick
199.84550000000002	0.06674999999998477	TimeIntervals	Lick
199.9455	0.09999999999999432	TimeIntervals	Lick
200.07900000000004	0.09999999999999432	TimeIntervals	Lick
200.21225	0.19999999999998863	TimeIntervals	Lick
200.41225	0.06675000000001319	TimeIntervals	Reward
200.4455	4.03400000000002	TimeIntervals	Lick
204.51299999999998	0.06650000000004752	TimeIntervals	Lick
204.81300000000002	0.06649999999999068	TimeIntervals	Lick
205.11299999999997	0.0665000000000191	TimeIntervals	Lick
205.44650000000001	0.06649999999996226	TimeIntervals	Lick
205.94650000000001	0.06649999999996226	TimeIntervals	Lick
206.41325	0.13325000000000387	TimeIntervals	Lick
209.74700000000004	0.2667499999999734	TimeIntervals	Lick
211.61399999999998	0.1332500000000323	TimeIntervals	Lick
215.5145	4.800750000000022	TimeIntervals	Lick
220.3485	0.06675000000001319	TimeIntervals	Lick
220.4485	0.20025000000001114	TimeIntervals	Lick
220.7155	0.06650000000004752	TimeIntervals	Lick
220.81550000000001	0.10000000000002274	TimeIntervals	Lick
220.94875000000002	0.06674999999995634	TimeIntervals	Lick
221.04875	0.06674999999998477	TimeIntervals	Lick
221.14875	0.10000000000002274	TimeIntervals	Lick
221.28200000000004	0.0999999999999659	TimeIntervals	Lick
221.41550000000004	0.09999999999993747	TimeIntervals	Lick
221.44875000000002	0.09999999999999432	TimeIntervals	Reward
221.54875	3.133749999999992	TimeIntervals	Lick
224.71600000000004	0.09999999999999432	TimeIntervals	Lick
224.84925	0.1002499999999884	TimeIntervals	Lick
224.98275000000004	0.09999999999999432	TimeIntervals	Lick
225.11599999999999	0.10000000000005116	TimeIntervals	Lick
225.24950000000004	0.0999999999999659	TimeIntervals	Lick
225.38275000000004	0.09999999999999432	TimeIntervals	Lick
225.54950000000002	0.06649999999996226	TimeIntervals	Lick
225.6495	0.10000000000005116	TimeIntervals	Lick
225.78275000000002	0.10000000000002274	TimeIntervals	Lick
225.9495	0.10000000000002274	TimeIntervals	Lick
226.08300000000003	0.0999999999999659	TimeIntervals	Lick
226.21625	0.10000000000002274	TimeIntervals	Lick
226.38300000000004	0.0999999999999659	TimeIntervals	Lick
226.54950000000002	0.06674999999998477	TimeIntervals	Lick
226.683	0.1332500000000323	TimeIntervals	Lick
226.8495	0.6002500000000168	TimeIntervals	Lick
227.54974999999996	0.06675000000001319	TimeIntervals	Lick
228.11649999999997	0.16675000000003593	TimeIntervals	Lick
228.38325	0.5332500000000095	TimeIntervals	Lick
229.41674999999998	0.03325000000003797	TimeIntervals	Lick
229.54999999999998	0.06675000000001319	TimeIntervals	Lick
229.75	0.10000000000002274	TimeIntervals	Lick
230.01675000000003	0.0999999999999659	TimeIntervals	Lick
230.21675000000002	0.5002499999999941	TimeIntervals	Lick
230.75025	0.06675000000001319	TimeIntervals	Lick
231.05025	0.06674999999998477	TimeIntervals	Lick
231.25025	0.09999999999999432	TimeIntervals	Lick
231.5505	0.06649999999999068	TimeIntervals	Lick
231.5505	0.03325000000000955	TimeIntervals	Reward
231.717	1.3002499999999486	TimeIntervals	Lick
233.084	0.0665000000000191	TimeIntervals	Lick
233.18400000000003	0.19999999999998863	TimeIntervals	Lick
233.41724999999997	0.20000000000001705	TimeIntervals	Lick
233.65050000000002	0.1002499999999884	TimeIntervals	Lick
233.784	0.10000000000002274	TimeIntervals	Lick
233.9175	0.3332500000000209	TimeIntervals	Lick
234.284	0.10000000000002274	TimeIntervals	Lick
234.4175	0.10000000000002274	TimeIntervals	Lick
234.55075	0.23324999999999818	TimeIntervals	Lick
234.81750000000002	0.0999999999999659	TimeIntervals	Lick
234.95100000000002	0.06649999999999068	TimeIntervals	Lick
235.05100000000002	0.13324999999997544	TimeIntervals	Lick
235.21750000000003	0.1999999999999602	TimeIntervals	Lick
235.48425	0.09999999999999432	TimeIntervals	Lick
235.651	0.0665000000000191	TimeIntervals	Lick
235.78425000000001	0.09999999999999432	TimeIntervals	Lick
235.95100000000002	0.06674999999998477	TimeIntervals	Lick
236.151	0.06674999999998477	TimeIntervals	Lick
236.45100000000002	0.23349999999999227	TimeIntervals	Lick
236.75099999999998	4.100750000000033	TimeIntervals	Lick
240.885	0.10000000000002274	TimeIntervals	Lick
241.0185	0.0665000000000191	TimeIntervals	Lick
241.11849999999998	0.20000000000001705	TimeIntervals	Lick
241.35175	0.1002499999999884	TimeIntervals	Lick
241.5185	0.06675000000001319	TimeIntervals	Lick
241.55200000000002	0.09999999999993747	TimeIntervals	Reward
241.61849999999998	2.7670000000000243	TimeIntervals	Lick
244.41900000000004	0.23324999999994134	TimeIntervals	Lick
244.68550000000002	0.10025000000001683	TimeIntervals	Lick
244.819	0.10000000000007958	TimeIntervals	Lick
244.95250000000007	0.0999999999999659	TimeIntervals	Lick
245.08575	0.10000000000002274	TimeIntervals	Lick
245.21900000000005	0.06674999999998477	TimeIntervals	Lick
245.3525	0.06650000000007594	TimeIntervals	Lick
245.45250000000007	0.0999999999999659	TimeIntervals	Lick
245.58575	0.10000000000002274	TimeIntervals	Lick
245.71900000000005	0.10024999999995998	TimeIntervals	Lick
245.8525	0.10000000000007958	TimeIntervals	Lick
246.01925	0.06674999999998477	TimeIntervals	Lick
246.11925000000002	0.09999999999999432	TimeIntervals	Lick
246.2525	1.833750000000009	TimeIntervals	Lick
248.35300000000004	0.13325000000000387	TimeIntervals	Lick
248.6195	0.13350000000002638	TimeIntervals	Lick
248.78625000000002	0.06675000000001319	TimeIntervals	Lick
249.0865	0.06649999999999068	TimeIntervals	Lick
249.25300000000001	0.10000000000002274	TimeIntervals	Lick
249.553	0.7669999999999959	TimeIntervals	Lick
250.5865	0.10000000000002274	TimeIntervals	Lick
250.72000000000003	0.0999999999999659	TimeIntervals	Lick
250.92	0.10000000000002274	TimeIntervals	Lick
251.32	0.13349999999999795	TimeIntervals	Lick
251.5535	0.13324999999997544	TimeIntervals	Lick
251.82	0.03350000000000364	TimeIntervals	Lick
252.02	0.06674999999998477	TimeIntervals	Lick
253.22025000000002	0.09999999999999432	TimeIntervals	Lick
253.6205	0.09999999999999432	TimeIntervals	Lick
254.6205	0.09999999999999432	TimeIntervals	Reward
254.754	2.3334999999999866	TimeIntervals	Lick
257.121	0.10000000000002274	TimeIntervals	Lick
257.25424999999996	0.3332500000000209	TimeIntervals	Lick
257.621	0.33349999999995816	TimeIntervals	Lick
257.98774999999995	0.10000000000002274	TimeIntervals	Lick
258.121	0.10000000000002274	TimeIntervals	Lick
258.25449999999995	0.3332500000000209	TimeIntervals	Lick
258.65450000000004	0.06649999999996226	TimeIntervals	Lick
258.75449999999995	1.9670000000000414	TimeIntervals	Lick
260.78799999999995	4.93425000000002	TimeIntervals	Lick
265.7554999999999	0.06675000000007003	TimeIntervals	Lick
265.8555	0.0999999999999659	TimeIntervals	Lick
265.989	0.0999999999999659	TimeIntervals	Lick
266.12225	0.06675000000001319	TimeIntervals	Lick
266.22225	0.10000000000002274	TimeIntervals	Lick
266.389	0.06649999999996226	TimeIntervals	Lick
266.489	0.0999999999999659	TimeIntervals	Lick
266.62225	0.10025000000001683	TimeIntervals	Reward
266.62225	0.06675000000001319	TimeIntervals	Lick
266.7225	3.933749999999975	TimeIntervals	Lick
270.72299999999996	0.10000000000002274	TimeIntervals	Lick
270.85625	0.333500000000015	TimeIntervals	Lick
271.25649999999996	0.20000000000004547	TimeIntervals	Lick
271.48974999999996	0.10000000000002274	TimeIntervals	Lick
271.65650000000005	0.09999999999990905	TimeIntervals	Lick
271.78975	0.09999999999990905	TimeIntervals	Lick
271.923	0.4334999999999809	TimeIntervals	Lick
272.39	2.16700000000003	TimeIntervals	Lick
274.59025	0.19999999999998863	TimeIntervals	Lick
274.92350000000005	0.3667499999999677	TimeIntervals	Lick
275.42350000000005	0.36699999999990496	TimeIntervals	Lick
275.85699999999997	2.100500000000011	TimeIntervals	Lick
277.99075	0.43325000000004366	TimeIntervals	Lick
278.4575	0.23324999999999818	TimeIntervals	Lick
278.82425	0.3332500000000209	TimeIntervals	Lick
279.191	0.5665000000000191	TimeIntervals	Lick
279.791	0.19999999999998863	TimeIntervals	Lick
280.1245	0.06649999999996226	TimeIntervals	Lick
280.391	0.06675000000001319	TimeIntervals	Lick
280.491	0.09999999999990905	TimeIntervals	Lick
280.6245	0.0999999999999659	TimeIntervals	Lick
280.791	0.06675000000001319	TimeIntervals	Lick
280.9245000000001	0.06674999999995634	TimeIntervals	Lick
281.0245	0.10000000000002274	TimeIntervals	Lick
281.158	0.06649999999996226	TimeIntervals	Lick
281.258	0.0999999999999659	TimeIntervals	Lick
281.4245000000001	0.06674999999995634	TimeIntervals	Lick
281.558	0.0665000000000191	TimeIntervals	Lick
281.658	0.0999999999999659	TimeIntervals	Lick
281.79124999999993	0.10000000000002274	TimeIntervals	Lick
281.9245000000001	0.06674999999995634	TimeIntervals	Lick
282.058	0.06675000000001319	TimeIntervals	Lick
282.158	0.0999999999999659	TimeIntervals	Lick
282.2915	0.10000000000002274	TimeIntervals	Lick
282.42475	0.09999999999990905	TimeIntervals	Lick
282.558	0.06675000000001319	TimeIntervals	Lick
282.658	0.0999999999999659	TimeIntervals	Lick
282.69149999999996	0.0665000000000191	TimeIntervals	Reward
282.7915	0.20000000000004547	TimeIntervals	Lick
283.0247499999999	0.06675000000001319	TimeIntervals	Lick
283.125	0.0999999999999659	TimeIntervals	Lick
283.2582499999999	0.06675000000007003	TimeIntervals	Lick
283.3915	0.06675000000001319	TimeIntervals	Lick
283.49150000000003	0.1999999999999318	TimeIntervals	Lick
283.72499999999997	0.20000000000004547	TimeIntervals	Lick
283.95825	0.0999999999999659	TimeIntervals	Lick
284.09149999999994	0.20025000000003956	TimeIntervals	Lick
284.3585	0.0665000000000191	TimeIntervals	Lick
284.4585	0.09999999999990905	TimeIntervals	Lick
284.59175	0.10000000000002274	TimeIntervals	Lick
284.72499999999997	0.10000000000002274	TimeIntervals	Lick
284.8585	0.10000000000002274	TimeIntervals	Lick
284.99175	0.0999999999999659	TimeIntervals	Lick
285.125	0.0999999999999659	TimeIntervals	Lick
285.25849999999997	0.10000000000002274	TimeIntervals	Lick
285.39200000000005	0.0999999999999659	TimeIntervals	Lick
285.52524999999997	0.10000000000007958	TimeIntervals	Lick
285.6585	0.0999999999999659	TimeIntervals	Lick
285.792	0.10000000000007958	TimeIntervals	Lick
285.9585	0.06674999999995634	TimeIntervals	Lick
286.0919999999999	0.06650000000007594	TimeIntervals	Lick
286.19199999999995	0.39999999999997726	TimeIntervals	Lick
286.62550000000005	0.1999999999999318	TimeIntervals	Lick
286.85875	0.10000000000007958	TimeIntervals	Lick
287.0255	0.23324999999994134	TimeIntervals	Lick
287.292	0.10000000000007958	TimeIntervals	Lick
287.42550000000006	0.0999999999999659	TimeIntervals	Lick
287.559	0.4000000000000341	TimeIntervals	Lick
287.99225	0.39999999999997726	TimeIntervals	Lick
288.42550000000006	0.9002499999999714	TimeIntervals	Lick
289.3925	0.30000000000001137	TimeIntervals	Lick
289.75925	0.2667500000000018	TimeIntervals	Lick
290.09250000000003	0.06675000000001319	TimeIntervals	Lick
290.226	0.166499999999985	TimeIntervals	Lick
290.59250000000003	0.06675000000001319	TimeIntervals	Lick
290.75925	0.06675000000001319	TimeIntervals	Lick
290.89275000000004	0.0999999999999659	TimeIntervals	Lick
291.0595	0.10000000000002274	TimeIntervals	Lick
291.226	0.10000000000002274	TimeIntervals	Lick
291.39275000000004	0.0999999999999659	TimeIntervals	Lick
291.5595	0.06649999999996226	TimeIntervals	Lick
291.69275	0.03325000000000955	TimeIntervals	Lick
291.826	0.033499999999946795	TimeIntervals	Lick
291.89300000000003	0.26650000000000773	TimeIntervals	Lick
292.79299999999995	0.1332500000000323	TimeIntervals	Lick
293.45975000000004	0.09999999999990905	TimeIntervals	Lick
293.693	0.0999999999999659	TimeIntervals	Lick
293.8265	0.10000000000002274	TimeIntervals	Lick
294.02649999999994	0.06650000000007594	TimeIntervals	Lick
294.1932499999999	0.10000000000007958	TimeIntervals	Lick
294.39325	0.03325000000000955	TimeIntervals	Lick
294.52649999999994	0.10000000000007958	TimeIntervals	Lick
294.6932499999999	0.06675000000007003	TimeIntervals	Lick
294.8265	0.06675000000001319	TimeIntervals	Lick
294.99325	0.10000000000002274	TimeIntervals	Lick
295.1265	0.10024999999995998	TimeIntervals	Lick
295.46	0.06675000000001319	TimeIntervals	Lick
295.59349999999995	0.0665000000000191	TimeIntervals	Lick
296.36025	0.0999999999999659	TimeIntervals	Lick
296.56025	0.13324999999997544	TimeIntervals	Lick
296.72700000000003	0.03324999999989586	TimeIntervals	Reward
296.7935	3.933999999999969	TimeIntervals	Lick
301.061	0.10000000000002274	TimeIntervals	Lick
301.19424999999995	0.06674999999995634	TimeIntervals	Lick
301.3275	0.06675000000001319	TimeIntervals	Lick
301.4275	0.06675000000001319	TimeIntervals	Lick
301.72749999999996	0.06700000000000728	TimeIntervals	Lick
301.9945000000001	0.06649999999990541	TimeIntervals	Lick
302.0945	0.36650000000003047	TimeIntervals	Lick
302.72775	0.0999999999999659	TimeIntervals	Lick
302.928	0.06650000000007594	TimeIntervals	Lick
303.06125	0.10000000000007958	TimeIntervals	Lick
303.528	0.10000000000002274	TimeIntervals	Lick
303.6945	0.13350000000002638	TimeIntervals	Lick
304.06149999999997	0.10000000000007958	TimeIntervals	Lick
304.72799999999995	0.06675000000007003	TimeIntervals	Lick
304.99475	0.10025000000001683	TimeIntervals	Lick
305.52824999999996	0.10000000000007958	TimeIntervals	Lick
305.92825	0.4002500000000282	TimeIntervals	Lick
306.395	0.10000000000002274	TimeIntervals	Lick
306.62850000000003	0.0665000000000191	TimeIntervals	Lick
306.995	0.10000000000002274	TimeIntervals	Lick
307.2285	0.13350000000002638	TimeIntervals	Lick
307.462	0.1332500000000323	TimeIntervals	Lick
308.82875	0.06675000000001319	TimeIntervals	Lick
309.1287500000001	0.0667499999998995	TimeIntervals	Lick
309.26199999999994	0.06675000000007003	TimeIntervals	Lick
309.3955	0.0999999999999659	TimeIntervals	Lick
309.529	0.10000000000007958	TimeIntervals	Lick
309.66225000000003	0.0999999999999659	TimeIntervals	Lick
309.79549999999995	0.06675000000007003	TimeIntervals	Lick
309.8955	0.19999999999998863	TimeIntervals	Lick
310.1290000000001	0.06649999999990541	TimeIntervals	Lick
310.229	0.10000000000002274	TimeIntervals	Lick
310.36225	0.06675000000001319	TimeIntervals	Lick
310.4955	0.06699999999995043	TimeIntervals	Lick
310.59574999999995	0.0999999999999659	TimeIntervals	Lick
310.729	0.10000000000002274	TimeIntervals	Reward
310.7625	7.46750000000003	TimeIntervals	Lick
318.26349999999996	0.2335000000000491	TimeIntervals	Lick
318.6635	0.0999999999999659	TimeIntervals	Lick
318.89700000000005	0.06649999999996226	TimeIntervals	Lick
319.13025	0.0999999999999659	TimeIntervals	Lick
319.497	0.0999999999999659	TimeIntervals	Lick
319.697	0.0667499999998995	TimeIntervals	Lick
319.89700000000005	0.13349999999996953	TimeIntervals	Lick
320.06374999999997	0.06675000000001319	TimeIntervals	Lick
320.23049999999995	0.033249999999952706	TimeIntervals	Lick
320.36375	0.06675000000007003	TimeIntervals	Lick
321.2639999999999	0.10000000000013642	TimeIntervals	Lick
321.63075000000003	0.0999999999999659	TimeIntervals	Lick
322.03075000000007	0.0999999999999659	TimeIntervals	Lick
322.73100000000005	0.0999999999999659	TimeIntervals	Lick
322.931	0.1332499999999186	TimeIntervals	Lick
323.3975	0.13349999999996953	TimeIntervals	Lick
323.79775	0.13324999999997544	TimeIntervals	Lick
324.23100000000005	0.06674999999995634	TimeIntervals	Lick
324.5644999999999	0.10000000000013642	TimeIntervals	Lick
324.8645	0.13350000000002638	TimeIntervals	Lick
325.398	0.13324999999997544	TimeIntervals	Lick
326.03150000000005	0.06649999999990541	TimeIntervals	Lick
327.265	0.10000000000002274	TimeIntervals	Lick
327.46500000000003	0.09999999999990905	TimeIntervals	Lick
327.865	0.13324999999997544	TimeIntervals	Lick
328.3985	0.0999999999999659	TimeIntervals	Lick
329.36525	0.10000000000002274	TimeIntervals	Lick
329.8985	0.0999999999999659	TimeIntervals	Lick
330.0985	0.09999999999990905	TimeIntervals	Lick
330.36550000000005	0.0999999999999659	TimeIntervals	Lick
330.63200000000006	0.06674999999995634	TimeIntervals	Lick
332.4655	0.06700000000000728	TimeIntervals	Lick
332.86575	0.0999999999999659	TimeIntervals	Lick
334.13250000000005	0.06674999999995634	TimeIntervals	Lick
334.26599999999996	0.10000000000002274	TimeIntervals	Lick
334.69925	0.13349999999996953	TimeIntervals	Lick
336.26624999999996	0.10000000000007958	TimeIntervals	Lick
337.06649999999996	0.10000000000002274	TimeIntervals	Lick
337.233	0.06675000000001319	TimeIntervals	Lick
337.39975	0.06675000000001319	TimeIntervals	Lick
337.53299999999996	0.06675000000007003	TimeIntervals	Lick
337.63300000000004	0.19999999999998863	TimeIntervals	Lick
337.86650000000003	0.1999999999999318	TimeIntervals	Lick
338.13325000000003	0.16674999999992224	TimeIntervals	Lick
338.33324999999996	0.10000000000013642	TimeIntervals	Lick
338.4665	0.06674999999995634	TimeIntervals	Lick
338.56649999999996	0.10000000000002274	TimeIntervals	Lick
338.70000000000005	0.19999999999998863	TimeIntervals	Lick
338.79999999999995	0.06650000000007594	TimeIntervals	Reward
338.9332500000001	1.2334999999998786	TimeIntervals	Lick
340.20000000000005	0.20024999999998272	TimeIntervals	Lick
340.43350000000004	0.0999999999999659	TimeIntervals	Lick
340.56699999999995	0.10000000000002274	TimeIntervals	Lick
340.70025000000004	0.0999999999999659	TimeIntervals	Lick
340.8335	0.10000000000002274	TimeIntervals	Lick
340.96700000000004	0.09999999999990905	TimeIntervals	Lick
341.10024999999996	0.20024999999998272	TimeIntervals	Lick
341.367	0.10000000000002274	TimeIntervals	Lick
341.5005	0.10000000000002274	TimeIntervals	Lick
341.63375	0.0999999999999659	TimeIntervals	Lick
341.767	0.10000000000002274	TimeIntervals	Lick
341.9005	0.0999999999999659	TimeIntervals	Lick
342.03374999999994	0.10000000000007958	TimeIntervals	Lick
342.2005	0.10000000000002274	TimeIntervals	Lick
342.33375	0.10025000000001683	TimeIntervals	Lick
342.5005	0.10000000000002274	TimeIntervals	Lick
342.66725	0.06674999999995634	TimeIntervals	Lick
342.934	0.0999999999999659	TimeIntervals	Lick
343.2005	0.10000000000002274	TimeIntervals	Lick
343.4005	0.0999999999999659	TimeIntervals	Lick
343.60075	0.06675000000001319	TimeIntervals	Lick
343.8675	0.0665000000000191	TimeIntervals	Lick
345.2674999999999	0.10000000000007958	TimeIntervals	Lick
345.4675	0.10000000000002274	TimeIntervals	Lick
345.701	0.2667500000000018	TimeIntervals	Lick
346.56774999999993	2.2002500000000396	TimeIntervals	Lick
348.80150000000003	0.09999999999990905	TimeIntervals	Lick
348.93475	0.06675000000001319	TimeIntervals	Lick
349.03499999999997	0.06650000000007594	TimeIntervals	Lick
349.13500000000005	0.09999999999990905	TimeIntervals	Lick
349.26824999999997	0.20000000000010232	TimeIntervals	Lick
349.5015	0.10000000000002274	TimeIntervals	Lick
349.63500000000005	0.09999999999990905	TimeIntervals	Lick
349.76824999999997	0.10000000000002274	TimeIntervals	Lick
349.835	0.06649999999996226	TimeIntervals	Reward
349.90149999999994	1.233500000000106	TimeIntervals	Lick
351.1685	0.8334999999999582	TimeIntervals	Lick
352.0685	0.06675000000007003	TimeIntervals	Lick
352.1685	0.0999999999999659	TimeIntervals	Lick
352.302	0.10000000000002274	TimeIntervals	Lick
352.43550000000005	0.09999999999990905	TimeIntervals	Lick
352.56874999999997	0.10000000000002274	TimeIntervals	Lick
352.7355	0.20000000000004547	TimeIntervals	Lick
353.00199999999995	0.10000000000007958	TimeIntervals	Lick
353.1355	0.10000000000002274	TimeIntervals	Lick
353.26874999999995	0.10000000000007958	TimeIntervals	Lick
353.40200000000004	0.10025000000001683	TimeIntervals	Lick
353.569	0.03325000000000955	TimeIntervals	Lick
353.80224999999996	0.13325000000008913	TimeIntervals	Lick
353.96900000000005	0.2999999999998977	TimeIntervals	Lick
354.43550000000005	0.06700000000000728	TimeIntervals	Lick
354.569	0.06675000000007003	TimeIntervals	Lick
354.70250000000004	0.06649999999990541	TimeIntervals	Lick
355.00250000000005	0.06649999999996226	TimeIntervals	Lick
355.30249999999995	0.06650000000007594	TimeIntervals	Lick
356.36925	0.0999999999999659	TimeIntervals	Lick
357.903	0.7332499999999982	TimeIntervals	Lick
358.73625	6.600999999999999	TimeIntervals	Lick
365.404	0.06650000000007594	TimeIntervals	Lick
365.604	0.10000000000002274	TimeIntervals	Lick
366.03749999999997	0.0665000000000191	TimeIntervals	Lick
369.7045	0.06675000000001319	TimeIntervals	Lick
369.838	0.06675000000001319	TimeIntervals	Lick
370.13800000000003	0.0999999999999659	TimeIntervals	Lick
371.705	1.7334999999999923	TimeIntervals	Lick
373.50525000000005	0.0667499999998995	TimeIntervals	Lick
373.6385	0.06674999999995634	TimeIntervals	Lick
373.73850000000004	0.0999999999999659	TimeIntervals	Lick
373.872	0.06649999999996226	TimeIntervals	Lick
373.972	0.20000000000004547	TimeIntervals	Lick
374.20525	0.06674999999995634	TimeIntervals	Lick
374.30550000000005	0.10000000000002274	TimeIntervals	Lick
374.43875	0.0999999999999659	TimeIntervals	Lick
374.57199999999995	0.06675000000007003	TimeIntervals	Lick
374.672	0.09999999999990905	TimeIntervals	Lick
374.80550000000005	0.10000000000002274	TimeIntervals	Lick
374.872	0.0999999999999659	TimeIntervals	Reward
374.93875	2.2002499999999827	TimeIntervals	Lick
377.17249999999996	0.10000000000002274	TimeIntervals	Lick
377.30575	0.46674999999999045	TimeIntervals	Lick
377.806	0.10000000000007958	TimeIntervals	Lick
377.93925	0.10000000000002274	TimeIntervals	Lick
378.0725	0.0999999999999659	TimeIntervals	Lick
378.206	0.23324999999999818	TimeIntervals	Lick
378.50600000000003	0.3667499999999677	TimeIntervals	Lick
378.90600000000006	0.1999999999999318	TimeIntervals	Lick
379.13950000000006	0.0999999999999659	TimeIntervals	Lick
379.306	0.06675000000001319	TimeIntervals	Lick
379.43949999999995	0.10000000000007958	TimeIntervals	Lick
379.5727499999999	0.10000000000007958	TimeIntervals	Lick
379.706	0.06699999999995043	TimeIntervals	Lick
379.80625000000003	0.1332499999999186	TimeIntervals	Lick
379.97299999999996	0.0999999999999659	TimeIntervals	Lick
380.13950000000006	0.0999999999999659	TimeIntervals	Lick
380.30625000000003	0.0999999999999659	TimeIntervals	Lick
380.43949999999995	0.10000000000007958	TimeIntervals	Lick
380.60625	0.06675000000001319	TimeIntervals	Lick
380.83950000000004	0.20024999999992588	TimeIntervals	Lick
381.0729999999999	0.4335000000000946	TimeIntervals	Lick
381.83975000000004	0.10025000000001683	TimeIntervals	Lick
382.04	0.06649999999996226	TimeIntervals	Lick
383.34000000000003	0.10000000000002274	TimeIntervals	Lick
383.50675	0.06674999999995634	TimeIntervals	Lick
383.67350000000005	0.13324999999997544	TimeIntervals	Lick
384.07349999999997	0.06650000000007594	TimeIntervals	Lick
385.207	0.10000000000007958	TimeIntervals	Lick
385.77374999999995	0.06675000000007003	TimeIntervals	Lick
386.3405	0.0999999999999659	TimeIntervals	Lick
387.30725000000007	0.09999999999990905	TimeIntervals	Lick
387.57399999999996	0.10000000000002274	TimeIntervals	Lick
387.84074999999996	0.03325000000006639	TimeIntervals	Lick
390.041	0.10000000000002274	TimeIntervals	Lick
390.37449999999995	0.06650000000007594	TimeIntervals	Lick
391.2745	0.06675000000001319	TimeIntervals	Lick
391.408	0.10000000000002274	TimeIntervals	Lick
391.97475000000003	0.03325000000000955	TimeIntervals	Lick
392.47475000000003	0.06674999999995634	TimeIntervals	Lick
392.74150000000003	0.06649999999996226	TimeIntervals	Lick
392.87475	0.03325000000000955	TimeIntervals	Lick
393.17499999999995	0.06650000000007594	TimeIntervals	Lick
393.67499999999995	0.10000000000002274	TimeIntervals	Lick
393.97499999999997	0.06675000000001319	TimeIntervals	Lick
394.64175	0.06675000000001319	TimeIntervals	Lick
395.30850000000004	0.0999999999999659	TimeIntervals	Lick
395.64200000000005	0.09999999999990905	TimeIntervals	Lick
400.0425	0.10000000000002274	TimeIntervals	Lick
402.3095	0.0999999999999659	TimeIntervals	Lick
403.843	0.10024999999995998	TimeIntervals	Lick
405.2435	0.033249999999952706	TimeIntervals	Lick
405.37674999999996	0.06675000000007003	TimeIntervals	Lick
405.51000000000005	0.06674999999995634	TimeIntervals	Lick
405.61	0.06674999999995634	TimeIntervals	Lick
405.71	0.0999999999999659	TimeIntervals	Lick
405.84349999999995	0.10000000000007958	TimeIntervals	Lick
406.01000000000005	0.06674999999995634	TimeIntervals	Lick
406.11	0.20025000000003956	TimeIntervals	Lick
406.34349999999995	0.10000000000007958	TimeIntervals	Lick
406.47700000000003	0.0999999999999659	TimeIntervals	Lick
406.61025000000006	0.06674999999995634	TimeIntervals	Lick
406.7435	0.06675000000007003	TimeIntervals	Lick
406.84349999999995	0.10000000000007958	TimeIntervals	Lick
406.94350000000003	0.06675000000001319	TimeIntervals	Reward
406.97700000000003	20.169749999999965	TimeIntervals	Lick
417.97850000000005	0.0667499999998995	TimeIntervals	Reward
427.18	0.0999999999999659	TimeIntervals	Lick
427.3135	0.10000000000002274	TimeIntervals	Lick
427.44675000000007	0.06674999999995634	TimeIntervals	Lick
427.54675000000003	0.0999999999999659	TimeIntervals	Lick
427.68	0.0999999999999659	TimeIntervals	Lick
427.8135	0.10000000000002274	TimeIntervals	Lick
427.94675000000007	0.06674999999995634	TimeIntervals	Lick
427.9800000000001	0.06699999999995043	TimeIntervals	Reward
428.047	3.200249999999926	TimeIntervals	Lick
431.2805	0.06699999999995043	TimeIntervals	Lick
431.41400000000004	0.0667499999998995	TimeIntervals	Lick
431.514	1.1334999999999695	TimeIntervals	Lick
432.681	0.5332500000000095	TimeIntervals	Lick
433.24749999999995	0.4670000000000982	TimeIntervals	Lick
433.81449999999995	0.16650000000004184	TimeIntervals	Lick
434.0145	0.4000000000000341	TimeIntervals	Lick
434.481	0.30025000000000546	TimeIntervals	Lick
435.21450000000004	0.266749999999945	TimeIntervals	Lick
435.68125000000003	0.10024999999990314	TimeIntervals	Lick
435.84799999999996	0.06675000000007003	TimeIntervals	Lick
436.08149999999995	0.10000000000007958	TimeIntervals	Lick
436.31475	0.06675000000001319	TimeIntervals	Lick
436.51475000000005	0.09999999999990905	TimeIntervals	Lick
437.1815	0.0667499999998995	TimeIntervals	Lick
437.7482499999999	0.10000000000007958	TimeIntervals	Lick
437.9485	0.13324999999997544	TimeIntervals	Lick
438.7484999999999	0.10000000000002274	TimeIntervals	Lick
438.98175	0.13350000000002638	TimeIntervals	Lick
439.2484999999999	0.06675000000007003	TimeIntervals	Lick
439.61525	0.0999999999999659	TimeIntervals	Lick
440.11525	0.10024999999995998	TimeIntervals	Lick
440.3155	0.10000000000002274	TimeIntervals	Lick
440.54875	0.10000000000002274	TimeIntervals	Lick
440.7819999999999	0.10000000000002274	TimeIntervals	Lick
441.21549999999996	0.03350000000006048	TimeIntervals	Lick
442.01550000000003	0.10000000000002274	TimeIntervals	Lick
444.81600000000003	0.0667499999998995	TimeIntervals	Lick
444.9495	0.10000000000002274	TimeIntervals	Lick
446.083	0.0665000000000191	TimeIntervals	Lick
446.4495	0.06674999999995634	TimeIntervals	Lick
446.61625000000004	0.03325000000000955	TimeIntervals	Lick
447.183	0.13350000000008322	TimeIntervals	Lick
447.51649999999995	0.06650000000007594	TimeIntervals	Lick
447.7165	0.06649999999996226	TimeIntervals	Lick
447.95	0.06649999999996226	TimeIntervals	Lick
448.15	0.0665000000000191	TimeIntervals	Lick
448.45	0.13324999999997544	TimeIntervals	Lick
449.65	0.10000000000002274	TimeIntervals	Lick
450.45025000000004	0.09999999999990905	TimeIntervals	Lick
451.217	0.13350000000002638	TimeIntervals	Lick
452.0505	0.0999999999999659	TimeIntervals	Lick
453.0505	0.0999999999999659	TimeIntervals	Lick
453.55074999999994	0.13325000000008913	TimeIntervals	Lick
454.98425000000003	0.0999999999999659	TimeIntervals	Lick
455.2175	0.10000000000002274	TimeIntervals	Lick
455.38425000000007	0.06674999999995634	TimeIntervals	Lick
455.5175	0.10025000000007367	TimeIntervals	Lick
455.6845	0.06649999999996226	TimeIntervals	Lick
455.7845	0.10000000000002274	TimeIntervals	Lick
455.91775000000007	0.06675000000001319	TimeIntervals	Lick
456.01775	0.10000000000007958	TimeIntervals	Lick
456.151	0.06675000000001319	TimeIntervals	Lick
456.251	0.06675000000001319	TimeIntervals	Lick
456.351	0.10000000000002274	TimeIntervals	Lick
456.4845000000001	0.09999999999990905	TimeIntervals	Lick
456.61800000000005	0.06649999999996226	TimeIntervals	Lick
456.718	0.0999999999999659	TimeIntervals	Lick
456.85125	0.10000000000002274	TimeIntervals	Lick
456.9845000000001	0.0667499999998995	TimeIntervals	Lick
457.018	0.10000000000007958	TimeIntervals	Reward
457.11800000000005	1.9669999999999277	TimeIntervals	Lick
459.1182500000001	0.33324999999990723	TimeIntervals	Lick
459.48499999999996	0.10000000000002274	TimeIntervals	Lick
459.6182500000001	0.09999999999985221	TimeIntervals	Lick
459.7515	0.4669999999999277	TimeIntervals	Lick
460.2849999999999	0.3335000000001287	TimeIntervals	Lick
460.65175	0.10000000000002274	TimeIntervals	Lick
460.7849999999999	0.10000000000007958	TimeIntervals	Lick
460.95175	0.06675000000007003	TimeIntervals	Lick
461.052	0.10000000000002274	TimeIntervals	Lick
461.18525	0.09999999999990905	TimeIntervals	Lick
461.31850000000003	0.13349999999996953	TimeIntervals	Lick
461.48525	0.0999999999999659	TimeIntervals	Lick
461.65200000000004	0.09999999999990905	TimeIntervals	Lick
461.7852499999999	0.10000000000013642	TimeIntervals	Lick
461.91850000000005	0.13349999999996953	TimeIntervals	Lick
462.08549999999997	0.06650000000007594	TimeIntervals	Lick
462.18550000000005	0.3999999999999204	TimeIntervals	Lick
462.75199999999995	0.06675000000001319	TimeIntervals	Lick
462.952	0.10000000000002274	TimeIntervals	Lick
463.21899999999994	0.10000000000007958	TimeIntervals	Lick
463.51899999999995	0.10000000000007958	TimeIntervals	Lick
463.68550000000005	0.09999999999990905	TimeIntervals	Lick
463.85225	0.06675000000001319	TimeIntervals	Lick
464.01899999999995	0.0665000000000191	TimeIntervals	Lick
464.38575	0.10000000000007958	TimeIntervals	Lick
464.71899999999994	0.13350000000008322	TimeIntervals	Lick
465.18575	0.10000000000002274	TimeIntervals	Lick
465.3525	0.13349999999996953	TimeIntervals	Lick
465.95250000000004	0.1334999999999127	TimeIntervals	Lick
466.41925000000003	0.06674999999995634	TimeIntervals	Lick
466.7194999999999	0.1332500000000323	TimeIntervals	Lick
467.15275	0.033249999999952706	TimeIntervals	Lick
467.31950000000006	0.06649999999996226	TimeIntervals	Lick
468.153	0.0999999999999659	TimeIntervals	Lick
468.81975	0.10000000000002274	TimeIntervals	Lick
469.6865	0.0999999999999659	TimeIntervals	Lick
469.92	0.0999999999999659	TimeIntervals	Lick
470.65325000000007	0.33349999999995816	TimeIntervals	Lick
471.12	2.3670000000000186	TimeIntervals	Lick
474.454	10.735000000000014	TimeIntervals	Lick
485.22225	0.06675000000001319	TimeIntervals	Lick
485.3555	0.06675000000007003	TimeIntervals	Lick
485.4555	0.10000000000002274	TimeIntervals	Lick
485.589	0.10000000000002274	TimeIntervals	Lick
485.72225	0.06675000000001319	TimeIntervals	Lick
485.82225000000005	0.10000000000002274	TimeIntervals	Lick
485.989	0.0665000000000191	TimeIntervals	Lick
486.089	1.500249999999994	TimeIntervals	Lick
486.089	0.06650000000007594	TimeIntervals	Reward
487.6225	0.10000000000002274	TimeIntervals	Lick
487.75600000000003	0.23324999999994134	TimeIntervals	Lick
488.0225	0.2335000000000491	TimeIntervals	Lick
488.28925	0.10000000000002274	TimeIntervals	Lick
488.4225	0.10025000000007367	TimeIntervals	Lick
488.556	0.10000000000002274	TimeIntervals	Lick
488.68949999999995	0.0999999999999659	TimeIntervals	Lick
488.82275000000004	0.10000000000002274	TimeIntervals	Lick
488.9895	0.06649999999996226	TimeIntervals	Lick
489.12275	0.06674999999995634	TimeIntervals	Lick
489.25600000000003	0.06675000000001319	TimeIntervals	Lick
489.5227500000001	0.23349999999993543	TimeIntervals	Lick
489.85624999999993	0.900250000000085	TimeIntervals	Lick
490.8229999999999	0.2335000000000491	TimeIntervals	Lick
491.08975	0.20000000000004547	TimeIntervals	Lick
491.3229999999999	0.7335000000000491	TimeIntervals	Lick
492.09	0.2664999999999509	TimeIntervals	Lick
492.39000000000004	0.5667499999999563	TimeIntervals	Lick
492.99	0.0999999999999659	TimeIntervals	Lick
493.22349999999994	0.20000000000015916	TimeIntervals	Lick
493.45675	0.16674999999997908	TimeIntervals	Lick
493.65675000000005	0.0999999999999659	TimeIntervals	Lick
493.79	0.10000000000002274	TimeIntervals	Lick
494.1235	0.06674999999995634	TimeIntervals	Reward
494.19024999999993	0.20000000000010232	TimeIntervals	Lick
494.4235000000001	0.366749999999854	TimeIntervals	Lick
494.8235	0.3002499999999486	TimeIntervals	Lick
495.157	0.1999999999999318	TimeIntervals	Lick
495.39050000000003	0.20000000000004547	TimeIntervals	Lick
495.62375	0.5667500000000132	TimeIntervals	Lick
496.22400000000005	0.09999999999990905	TimeIntervals	Lick
496.35724999999996	0.10000000000007958	TimeIntervals	Lick
496.524	0.06650000000007594	TimeIntervals	Lick
496.6240000000001	0.0999999999999659	TimeIntervals	Lick
496.75725000000006	0.13324999999997544	TimeIntervals	Lick
496.92400000000004	0.06649999999996226	TimeIntervals	Lick
497.1905	0.16700000000003	TimeIntervals	Lick
497.39074999999997	0.06674999999995634	TimeIntervals	Lick
497.49074999999993	0.2667500000001155	TimeIntervals	Lick
497.7907499999999	0.13325000000014597	TimeIntervals	Lick
497.99074999999993	0.2999999999999545	TimeIntervals	Lick
498.32399999999996	0.13349999999996953	TimeIntervals	Lick
498.491	0.19999999999998863	TimeIntervals	Lick
498.75750000000005	0.19999999999987494	TimeIntervals	Lick
499.02425	0.0999999999999659	TimeIntervals	Lick
499.1575000000001	0.16674999999997908	TimeIntervals	Lick
499.42425000000003	0.10025000000007367	TimeIntervals	Lick
499.591	0.06675000000001319	TimeIntervals	Lick
499.82450000000006	0.0999999999999659	TimeIntervals	Lick
500.0245000000001	0.06649999999990541	TimeIntervals	Lick
500.191	0.10000000000007958	TimeIntervals	Lick
500.35775	0.0999999999999659	TimeIntervals	Lick
500.491	0.06700000000000728	TimeIntervals	Lick
500.6245	0.06674999999995634	TimeIntervals	Lick
500.7245	0.10000000000007958	TimeIntervals	Lick
500.89125	0.10000000000002274	TimeIntervals	Lick
501.0245000000001	0.09999999999990905	TimeIntervals	Lick
501.1245	0.0999999999999659	TimeIntervals	Reward
501.1580000000001	1.8669999999999618	TimeIntervals	Lick
503.05825	0.4667500000000473	TimeIntervals	Lick
503.55825	0.0999999999999659	TimeIntervals	Lick
503.72499999999997	0.0665000000000191	TimeIntervals	Lick
503.82500000000005	0.23349999999987858	TimeIntervals	Lick
504.09175000000005	0.0999999999999659	TimeIntervals	Lick
504.22499999999997	0.10000000000007958	TimeIntervals	Lick
504.35849999999994	0.10000000000007958	TimeIntervals	Lick
504.49174999999997	0.10000000000007958	TimeIntervals	Lick
504.625	0.0999999999999659	TimeIntervals	Lick
504.75849999999997	0.0999999999999659	TimeIntervals	Lick
504.89174999999994	0.10024999999995998	TimeIntervals	Lick
505.0252500000001	0.2332499999998845	TimeIntervals	Lick
505.292	0.0999999999999659	TimeIntervals	Lick
505.4585	0.09999999999990905	TimeIntervals	Lick
505.6585	0.0999999999999659	TimeIntervals	Lick
505.792	0.8667500000000246	TimeIntervals	Lick
506.692	0.3335000000001287	TimeIntervals	Lick
507.09200000000004	1.1002500000000168	TimeIntervals	Lick
508.25899999999996	0.06675000000001319	TimeIntervals	Lick
508.3925	0.16649999999992815	TimeIntervals	Lick
508.59250000000003	0.16649999999992815	TimeIntervals	Lick
508.79249999999996	0.19999999999998863	TimeIntervals	Lick
509.02575	0.13324999999997544	TimeIntervals	Lick
509.22575	0.20025000000003956	TimeIntervals	Lick
509.45925	0.20000000000004547	TimeIntervals	Lick
509.6925000000001	0.366749999999854	TimeIntervals	Lick
510.226	0.166499999999985	TimeIntervals	Lick
510.42600000000004	0.766749999999945	TimeIntervals	Lick
511.226	0.2999999999999545	TimeIntervals	Lick
511.5595	0.10000000000002274	TimeIntervals	Lick
511.6929999999999	0.06650000000007594	TimeIntervals	Lick
511.82625	0.3667500000000814	TimeIntervals	Lick
512.293	0.8334999999999582	TimeIntervals	Lick
513.15975	2.033749999999941	TimeIntervals	Lick
515.2600000000001	0.20000000000004547	TimeIntervals	Lick
515.4935	0.13324999999997544	TimeIntervals	Lick
515.66	1.3335000000000719	TimeIntervals	Lick
516.2270000000001	0.09999999999990905	TimeIntervals	Reward
517.0269999999999	0.20000000000015916	TimeIntervals	Lick
517.2605000000001	0.09999999999990905	TimeIntervals	Lick
517.3937500000001	0.1999999999999318	TimeIntervals	Lick
517.6270000000001	0.10000000000002274	TimeIntervals	Lick
517.7605000000001	0.09999999999990905	TimeIntervals	Lick
517.8937500000001	0.09999999999990905	TimeIntervals	Lick
518.0269999999999	0.2002500000000964	TimeIntervals	Lick
518.2605000000001	0.1999999999999318	TimeIntervals	Lick
518.52725	0.06675000000007003	TimeIntervals	Lick
518.62725	0.10000000000002274	TimeIntervals	Lick
518.7605000000001	0.1999999999999318	TimeIntervals	Lick
518.994	0.10000000000002274	TimeIntervals	Lick
519.12725	0.10024999999995998	TimeIntervals	Lick
519.2940000000001	0.06674999999995634	TimeIntervals	Lick
519.394	0.10000000000002274	TimeIntervals	Lick
519.5275	0.10000000000002274	TimeIntervals	Lick
519.66075	0.10000000000002274	TimeIntervals	Lick
519.7940000000001	0.09999999999990905	TimeIntervals	Lick
519.9275	0.23324999999999818	TimeIntervals	Lick
520.2275	0.06650000000013279	TimeIntervals	Lick
520.3275	2.2005000000000337	TimeIntervals	Lick
522.5612500000001	0.09999999999990905	TimeIntervals	Lick
522.7280000000001	0.40000000000009095	TimeIntervals	Lick
523.16125	0.13324999999997544	TimeIntervals	Lick
523.3612499999999	0.10000000000013642	TimeIntervals	Lick
523.5612500000001	0.06675000000007003	TimeIntervals	Lick
523.7280000000001	0.4667500000000473	TimeIntervals	Lick
524.39475	0.09999999999990905	TimeIntervals	Lick
524.5615	0.13350000000002638	TimeIntervals	Lick
524.7282500000001	0.06674999999984266	TimeIntervals	Lick
524.8615000000001	0.06674999999984266	TimeIntervals	Lick
525.095	0.10000000000002274	TimeIntervals	Lick
525.32825	0.09999999999990905	TimeIntervals	Lick
525.495	0.0665000000000191	TimeIntervals	Lick
525.62825	0.06675000000007003	TimeIntervals	Lick
525.7615000000001	0.26699999999993906	TimeIntervals	Lick
526.095	0.10000000000002274	TimeIntervals	Lick
526.26175	0.06674999999995634	TimeIntervals	Lick
526.395	0.6002500000000737	TimeIntervals	Lick
527.3952499999999	0.20000000000015916	TimeIntervals	Lick
527.6952500000001	0.06674999999995634	TimeIntervals	Lick
527.8952499999999	0.06675000000018372	TimeIntervals	Lick
528.02875	0.06675000000007003	TimeIntervals	Lick
528.1620000000001	0.06675000000007003	TimeIntervals	Lick
528.362	0.10000000000013642	TimeIntervals	Lick
528.52875	0.06675000000007003	TimeIntervals	Lick
528.6620000000001	0.1999999999998181	TimeIntervals	Lick
528.92875	0.09999999999990905	TimeIntervals	Lick
529.0955	0.10000000000013642	TimeIntervals	Lick
529.26225	0.03325000000006639	TimeIntervals	Lick
529.529	0.3664999999999736	TimeIntervals	Lick
529.96225	0.06674999999995634	TimeIntervals	Lick
530.0955	0.06674999999995634	TimeIntervals	Lick
530.2290000000002	0.06674999999972897	TimeIntervals	Lick
530.5957500000001	0.10000000000002274	TimeIntervals	Lick
530.7957499999999	0.06675000000018372	TimeIntervals	Lick
531.1957500000001	0.1002499999998463	TimeIntervals	Lick
531.4960000000001	0.09999999999990905	TimeIntervals	Lick
531.7292500000001	0.09999999999990905	TimeIntervals	Lick
532.12925	0.10000000000013642	TimeIntervals	Lick
532.2959999999999	0.06650000000013279	TimeIntervals	Lick
532.4294999999998	0.06650000000024647	TimeIntervals	Lick
532.5627499999999	0.10000000000013642	TimeIntervals	Lick
532.7295	0.09999999999990905	TimeIntervals	Lick
532.86275	0.10000000000013642	TimeIntervals	Lick
532.9960000000001	0.09999999999990905	TimeIntervals	Lick
533.1295	0.10000000000002274	TimeIntervals	Lick
533.26275	0.06674999999995634	TimeIntervals	Lick
533.2959999999999	0.06675000000007003	TimeIntervals	Reward
533.36275	0.6667500000000928	TimeIntervals	Lick
534.0630000000001	0.20000000000004547	TimeIntervals	Lick
534.2962500000001	0.1999999999999318	TimeIntervals	Lick
534.5295000000001	0.20024999999998272	TimeIntervals	Lick
534.7965	0.1999999999999318	TimeIntervals	Lick
535.0630000000001	0.06674999999995634	TimeIntervals	Lick
535.163	0.10000000000013642	TimeIntervals	Lick
535.2965	0.09999999999990905	TimeIntervals	Lick
535.42975	0.09999999999990905	TimeIntervals	Lick
535.5630000000001	0.09999999999990905	TimeIntervals	Lick
535.6965	0.4667499999999336	TimeIntervals	Lick
536.1965	0.10000000000002274	TimeIntervals	Lick
536.3632500000001	0.09999999999990905	TimeIntervals	Lick
536.4965	0.10000000000013642	TimeIntervals	Lick
536.6965	0.06675000000007003	TimeIntervals	Lick
536.8635	0.09999999999990905	TimeIntervals	Lick
537.0635000000001	0.0665000000000191	TimeIntervals	Lick
537.1967500000001	0.09999999999990905	TimeIntervals	Lick
537.3635	0.09999999999990905	TimeIntervals	Lick
537.53	0.10000000000013642	TimeIntervals	Lick
537.6635	0.10000000000002274	TimeIntervals	Lick
537.8635	0.06674999999984266	TimeIntervals	Lick
537.997	0.06650000000013279	TimeIntervals	Lick
538.33025	0.09999999999990905	TimeIntervals	Lick
538.53025	0.06674999999995634	TimeIntervals	Lick
538.697	0.0665000000000191	TimeIntervals	Lick
538.8635	0.06674999999984266	TimeIntervals	Lick
539.1305000000001	0.06649999999990541	TimeIntervals	Lick
539.2637500000001	0.13324999999997544	TimeIntervals	Lick
539.46375	0.06674999999995634	TimeIntervals	Lick
539.697	0.10000000000002274	TimeIntervals	Lick
539.997	0.06675000000007003	TimeIntervals	Lick
540.464	0.09999999999990905	TimeIntervals	Lick
540.7972500000001	0.06674999999995634	TimeIntervals	Lick
540.964	0.09999999999990905	TimeIntervals	Lick
541.864	0.36675000000002456	TimeIntervals	Lick
542.3309999999999	0.10000000000013642	TimeIntervals	Lick
543.7977500000001	17.769249999999943	TimeIntervals	Lick
561.6005	0.20000000000015916	TimeIntervals	Lick
561.8337500000001	0.09999999999990905	TimeIntervals	Lick
561.9670000000001	0.06674999999995634	TimeIntervals	Lick
562.067	0.10025000000018736	TimeIntervals	Lick
562.234	0.06650000000013279	TimeIntervals	Lick
562.3340000000002	3.000499999999988	TimeIntervals	Lick
562.3340000000002	0.06649999999990541	TimeIntervals	Reward
565.36775	3.6337499999999636	TimeIntervals	Lick
569.1015000000001	0.10000000000002274	TimeIntervals	Lick
569.3015000000001	0.09999999999990905	TimeIntervals	Lick
569.5682500000001	0.09999999999990905	TimeIntervals	Lick
569.735	0.13350000000014006	TimeIntervals	Lick
570.0349999999999	0.10000000000013642	TimeIntervals	Lick
570.2017500000001	0.10000000000002274	TimeIntervals	Lick
570.8350000000002	0.1002499999998463	TimeIntervals	Lick
571.902	0.20000000000004547	TimeIntervals	Lick
572.3687500000001	0.06674999999984266	TimeIntervals	Lick
572.8355	0.09999999999990905	TimeIntervals	Lick
574.369	0.1334999999999127	TimeIntervals	Lick
575.4025	0.09999999999990905	TimeIntervals	Lick
576.2025000000001	0.09999999999990905	TimeIntervals	Lick
577.5695000000001	0.09999999999990905	TimeIntervals	Lick
577.9695	0.13350000000002638	TimeIntervals	Lick
579.7032500000001	0.06674999999995634	TimeIntervals	Lick
579.80325	0.06675000000007003	TimeIntervals	Lick
579.9365	0.06674999999995634	TimeIntervals	Lick
580.0365	0.09999999999990905	TimeIntervals	Lick
580.1700000000001	0.10000000000002274	TimeIntervals	Lick
580.30325	0.1999999999999318	TimeIntervals	Lick
580.5365	0.06675000000007003	TimeIntervals	Lick
580.6365	0.10000000000013642	TimeIntervals	Lick
580.7700000000001	0.10000000000002274	TimeIntervals	Lick
580.9035	0.0665000000000191	TimeIntervals	Lick
581.0035000000001	0.06649999999990541	TimeIntervals	Lick
581.1035000000002	0.09999999999979536	TimeIntervals	Lick
581.23675	0.06675000000007003	TimeIntervals	Lick
581.3367500000002	0.09999999999979536	TimeIntervals	Lick
581.3700000000001	0.09999999999990905	TimeIntervals	Reward
581.47	1.1002500000000737	TimeIntervals	Lick
582.6035000000002	0.1999999999999318	TimeIntervals	Lick
582.8702500000002	0.06674999999972897	TimeIntervals	Lick
582.9705	0.20000000000004547	TimeIntervals	Lick
583.2037500000001	0.09999999999990905	TimeIntervals	Lick
583.3370000000001	0.09999999999979536	TimeIntervals	Lick
583.4705	0.20000000000004547	TimeIntervals	Lick
583.7037500000001	0.09999999999990905	TimeIntervals	Lick
583.8370000000001	0.09999999999979536	TimeIntervals	Lick
583.9705	0.10000000000013642	TimeIntervals	Lick
584.1040000000002	0.09999999999990905	TimeIntervals	Lick
584.2372500000001	0.09999999999990905	TimeIntervals	Lick
584.3705000000001	0.09999999999990905	TimeIntervals	Lick
584.504	0.10000000000013642	TimeIntervals	Lick
584.63725	0.10000000000013642	TimeIntervals	Lick
584.7705000000001	0.1999999999999318	TimeIntervals	Lick
585.004	0.10000000000013642	TimeIntervals	Lick
585.1707500000001	0.06674999999995634	TimeIntervals	Lick
585.2707500000001	0.09999999999990905	TimeIntervals	Lick
585.404	0.10000000000002274	TimeIntervals	Lick
585.5374999999999	0.10000000000013642	TimeIntervals	Lick
585.6707500000001	0.10000000000002274	TimeIntervals	Lick
585.8040000000001	0.09999999999990905	TimeIntervals	Lick
585.9375	0.09999999999990905	TimeIntervals	Lick
586.0707500000001	0.10000000000002274	TimeIntervals	Lick
586.2375000000001	0.06674999999995634	TimeIntervals	Lick
586.3375000000001	0.1334999999999127	TimeIntervals	Lick
586.50425	0.10000000000013642	TimeIntervals	Lick
586.6375	0.10000000000002274	TimeIntervals	Lick
586.8375000000001	0.09999999999990905	TimeIntervals	Lick
587.0374999999999	0.06675000000018372	TimeIntervals	Lick
587.2375000000001	0.4002499999999145	TimeIntervals	Lick
587.7045000000002	13.90199999999993	TimeIntervals	Lick
601.6400000000001	0.09999999999990905	TimeIntervals	Lick
601.7732500000002	0.06674999999995634	TimeIntervals	Lick
601.8732500000001	0.09999999999990905	TimeIntervals	Lick
602.0065	0.10000000000013642	TimeIntervals	Lick
602.1400000000001	0.06649999999990541	TimeIntervals	Lick
602.24	0.10000000000013642	TimeIntervals	Lick
602.3732500000001	0.09999999999990905	TimeIntervals	Lick
602.4399999999999	0.0665000000000191	TimeIntervals	Reward
602.5065	1.5670000000000073	TimeIntervals	Lick
604.107	0.10000000000002274	TimeIntervals	Lick
604.2402500000001	0.2332499999998845	TimeIntervals	Lick
604.5070000000001	0.09999999999990905	TimeIntervals	Lick
604.64025	0.33349999999995816	TimeIntervals	Lick
605.0070000000001	0.09999999999990905	TimeIntervals	Lick
605.1405000000001	0.23325000000011187	TimeIntervals	Lick
605.4070000000002	0.09999999999990905	TimeIntervals	Lick
605.57375	0.06675000000007003	TimeIntervals	Lick
605.707	0.10000000000002274	TimeIntervals	Lick
605.8405	0.10000000000002274	TimeIntervals	Lick
605.97375	0.1334999999999127	TimeIntervals	Lick
606.1740000000001	0.06649999999990541	TimeIntervals	Lick
606.30725	0.10000000000013642	TimeIntervals	Lick
606.474	0.06649999999990541	TimeIntervals	Lick
606.6740000000001	0.8334999999999582	TimeIntervals	Lick
607.54075	0.06674999999995634	TimeIntervals	Lick
607.6740000000001	0.10000000000002274	TimeIntervals	Lick
607.8407500000001	0.13324999999997544	TimeIntervals	Lick
608.0075	0.4667499999999336	TimeIntervals	Lick
608.6075	0.10000000000013642	TimeIntervals	Lick
608.741	0.06650000000013279	TimeIntervals	Lick
608.97425	0.06675000000007003	TimeIntervals	Lick
609.1075	0.10000000000013642	TimeIntervals	Lick
609.2742500000002	0.10024999999995998	TimeIntervals	Lick
609.4744999999999	0.8000000000001819	TimeIntervals	Lick
610.341	0.10024999999995998	TimeIntervals	Lick
610.708	0.13324999999997544	TimeIntervals	Lick
610.94125	0.06675000000007003	TimeIntervals	Lick
611.8415	0.13324999999997544	TimeIntervals	Lick
612.1415000000001	0.06649999999990541	TimeIntervals	Lick
612.3080000000001	0.10000000000002274	TimeIntervals	Lick
612.6750000000001	0.10000000000002274	TimeIntervals	Lick
613.84175	0.09999999999990905	TimeIntervals	Lick
614.0417500000001	0.06674999999984266	TimeIntervals	Lick
614.6084999999999	0.06650000000013279	TimeIntervals	Lick
614.74175	0.10025000000007367	TimeIntervals	Lick
615.0084999999999	0.10000000000002274	TimeIntervals	Lick
615.6419999999999	0.10000000000002274	TimeIntervals	Lick
616.1419999999999	0.10000000000002274	TimeIntervals	Lick
618.47575	0.06675000000007003	TimeIntervals	Reward
618.5425	1.5335000000000036	TimeIntervals	Lick
620.10925	0.36675000000002456	TimeIntervals	Lick
620.5095	0.10000000000002274	TimeIntervals	Lick
620.6760000000002	0.20000000000004547	TimeIntervals	Lick
620.9095000000001	0.09999999999990905	TimeIntervals	Lick
621.0427500000001	0.6335000000000264	TimeIntervals	Lick
621.7095	0.10000000000002274	TimeIntervals	Lick
621.8430000000001	10.868249999999989	TimeIntervals	Lick
632.7445000000001	0.06675000000007003	TimeIntervals	Lick
632.8445000000002	0.09999999999979536	TimeIntervals	Lick
632.9780000000001	0.06649999999990541	TimeIntervals	Lick
633.1112499999999	0.06675000000007003	TimeIntervals	Lick
633.2112500000001	0.1999999999999318	TimeIntervals	Lick
633.4780000000001	0.10000000000002274	TimeIntervals	Reward
633.4780000000001	0.06674999999984266	TimeIntervals	Lick
633.5780000000001	3.3339999999998327	TimeIntervals	Lick
636.94525	0.36675000000002456	TimeIntervals	Lick
637.3785000000001	0.06674999999984266	TimeIntervals	Lick
637.5120000000001	0.09999999999990905	TimeIntervals	Lick
637.6785	0.033500000000117325	TimeIntervals	Lick
637.7785000000001	0.30025000000000546	TimeIntervals	Lick
638.17875	0.3332500000000209	TimeIntervals	Lick
638.5787500000001	0.33324999999979354	TimeIntervals	Lick
638.979	0.06649999999990541	TimeIntervals	Lick
639.1455	0.10000000000013642	TimeIntervals	Lick
639.3790000000001	0.13324999999986176	TimeIntervals	Lick
639.6790000000001	0.10000000000002274	TimeIntervals	Lick
639.91225	0.06675000000007003	TimeIntervals	Lick
640.0455	0.2335000000001628	TimeIntervals	Lick
640.5125	0.10000000000002274	TimeIntervals	Lick
640.8125000000001	0.0665000000000191	TimeIntervals	Lick
641.0125	0.0665000000000191	TimeIntervals	Lick
641.2460000000001	0.10000000000002274	TimeIntervals	Lick
641.5125	0.10000000000002274	TimeIntervals	Lick
641.77925	0.06675000000007003	TimeIntervals	Lick
641.97925	0.06674999999995634	TimeIntervals	Lick
642.1125000000001	0.10000000000002274	TimeIntervals	Lick
642.3460000000001	0.06674999999984266	TimeIntervals	Lick
642.5459999999999	0.7000000000001592	TimeIntervals	Lick
643.31275	0.1002499999998463	TimeIntervals	Lick
643.8795000000001	0.06674999999984266	TimeIntervals	Lick
644.3462500000002	0.10024999999973261	TimeIntervals	Lick
644.6797500000001	0.06674999999995634	TimeIntervals	Lick
645.27975	0.10000000000013642	TimeIntervals	Lick
645.7465000000001	0.10000000000002274	TimeIntervals	Lick
645.9799999999999	0.0665000000000191	TimeIntervals	Lick
646.3800000000001	0.06649999999979173	TimeIntervals	Lick
647.4135	0.10000000000002274	TimeIntervals	Lick
647.9135	0.1334999999999127	TimeIntervals	Lick
648.247	0.10000000000013642	TimeIntervals	Lick
650.0805	0.10000000000002274	TimeIntervals	Lick
651.3807500000001	0.06674999999984266	TimeIntervals	Lick
651.5140000000001	0.06674999999984266	TimeIntervals	Lick
651.6475000000002	0.06649999999990541	TimeIntervals	Lick
651.78075	0.06674999999995634	TimeIntervals	Lick
651.9807500000001	0.09999999999990905	TimeIntervals	Lick
652.1475000000002	0.06674999999984266	TimeIntervals	Lick
652.2475000000001	0.09999999999990905	TimeIntervals	Lick
652.3810000000002	0.06649999999979173	TimeIntervals	Lick
652.481	0.10000000000002274	TimeIntervals	Lick
652.6142500000001	0.20000000000004547	TimeIntervals	Lick
652.8475	0.10000000000002274	TimeIntervals	Lick
652.981	0.0665000000000191	TimeIntervals	Lick
653.081	0.06650000000013279	TimeIntervals	Lick
653.181	0.10000000000002274	TimeIntervals	Lick
653.3145000000001	0.10000000000002274	TimeIntervals	Lick
653.44775	0.06675000000007003	TimeIntervals	Lick
653.5477500000001	0.10000000000002274	TimeIntervals	Lick
653.5477500000001	0.06674999999995634	TimeIntervals	Reward
653.681	0.2999999999999545	TimeIntervals	Lick
654.0145000000001	0.1999999999999318	TimeIntervals	Lick
654.2477500000001	0.20024999999986903	TimeIntervals	Lick
654.48125	0.20000000000004547	TimeIntervals	Lick
654.7145	0.10000000000002274	TimeIntervals	Lick
654.8480000000001	0.1999999999999318	TimeIntervals	Lick
655.0812500000001	0.10000000000002274	TimeIntervals	Lick
655.2145	0.20000000000004547	TimeIntervals	Lick
655.448	0.10000000000002274	TimeIntervals	Lick
655.5815	0.23324999999999818	TimeIntervals	Lick
655.8480000000001	0.09999999999990905	TimeIntervals	Lick
655.9815000000001	0.09999999999990905	TimeIntervals	Lick
656.11475	0.10000000000013642	TimeIntervals	Lick
656.248	0.10000000000002274	TimeIntervals	Lick
656.3815000000001	0.10000000000002274	TimeIntervals	Lick
656.548	0.06700000000000728	TimeIntervals	Lick
656.6482500000002	0.13324999999997544	TimeIntervals	Lick
656.815	0.09999999999990905	TimeIntervals	Lick
656.9815000000001	0.06674999999995634	TimeIntervals	Lick
657.0815	0.10000000000002274	TimeIntervals	Lick
657.2482500000001	0.10000000000002274	TimeIntervals	Lick
657.3815000000001	2.4340000000000828	TimeIntervals	Lick
659.84875	0.06674999999995634	TimeIntervals	Lick
659.94875	0.09999999999990905	TimeIntervals	Lick
660.1487500000001	0.23324999999999818	TimeIntervals	Lick
660.44875	0.033249999999952706	TimeIntervals	Lick
660.582	0.06675000000007003	TimeIntervals	Lick
660.7155	0.06650000000013279	TimeIntervals	Lick
660.84875	0.10024999999995998	TimeIntervals	Lick
661.0490000000001	0.10000000000002274	TimeIntervals	Lick
661.2155	0.10000000000013642	TimeIntervals	Lick
661.4155	0.06675000000007003	TimeIntervals	Lick
661.5155000000001	0.09999999999990905	TimeIntervals	Lick
661.6822500000001	0.06674999999995634	TimeIntervals	Lick
661.9155	0.2335000000001628	TimeIntervals	Lick
662.2157500000001	0.06674999999995634	TimeIntervals	Lick
662.8825000000002	0.09999999999979536	TimeIntervals	Lick
664.116	0.06650000000013279	TimeIntervals	Lick
664.2495	0.03325000000006639	TimeIntervals	Lick
664.416	0.06674999999995634	TimeIntervals	Lick
664.5495	0.10000000000013642	TimeIntervals	Lick
664.616	0.033500000000117325	TimeIntervals	Reward
664.716	1.800499999999829	TimeIntervals	Lick
666.583	0.06675000000007003	TimeIntervals	Lick
666.6830000000001	0.20000000000004547	TimeIntervals	Lick
666.9165000000002	0.09999999999968168	TimeIntervals	Lick
667.0497500000001	0.1999999999999318	TimeIntervals	Lick
667.2830000000001	0.10000000000002274	TimeIntervals	Lick
667.4165000000002	0.09999999999968168	TimeIntervals	Lick
667.5500000000001	0.10000000000002274	TimeIntervals	Lick
667.68325	0.10000000000002274	TimeIntervals	Lick
667.8165	0.10000000000013642	TimeIntervals	Lick
667.9499999999999	0.10000000000013642	TimeIntervals	Lick
668.1165000000001	0.03350000000000364	TimeIntervals	Lick
668.2165	0.10000000000002274	TimeIntervals	Lick
668.4832499999999	0.06675000000018372	TimeIntervals	Lick
668.6165000000001	0.10024999999995998	TimeIntervals	Lick
668.7835000000001	0.06649999999990541	TimeIntervals	Lick
668.8835000000001	0.2664999999999509	TimeIntervals	Lick
669.2835000000001	0.10000000000002274	TimeIntervals	Lick
669.4499999999999	0.06675000000007003	TimeIntervals	Lick
669.6167499999999	0.06675000000018372	TimeIntervals	Lick
669.8502500000001	0.1999999999999318	TimeIntervals	Lick
670.1170000000001	0.0665000000000191	TimeIntervals	Lick
670.2170000000001	0.13324999999997544	TimeIntervals	Lick
670.3835000000001	0.06674999999984266	TimeIntervals	Lick
670.55025	0.10000000000013642	TimeIntervals	Lick
670.6835000000001	0.13350000000002638	TimeIntervals	Lick
671.0505000000002	0.09999999999990905	TimeIntervals	Lick
671.38375	0.10000000000002274	TimeIntervals	Lick
672.1172500000001	0.13324999999997544	TimeIntervals	Lick
673.5507500000001	0.13324999999997544	TimeIntervals	Lick
674.9509999999999	0.10000000000013642	TimeIntervals	Lick
675.1175	0.06675000000007003	TimeIntervals	Lick
675.551	0.09999999999990905	TimeIntervals	Lick
675.7177500000001	0.06674999999995634	TimeIntervals	Lick
675.8177500000002	0.13324999999974807	TimeIntervals	Lick
676.051	0.09999999999990905	TimeIntervals	Lick
677.58475	0.10000000000002274	TimeIntervals	Lick
679.0515	0.10000000000002274	TimeIntervals	Lick
680.3185	0.10000000000002274	TimeIntervals	Lick
680.8185	0.13350000000002638	TimeIntervals	Lick
681.052	0.13325000000008913	TimeIntervals	Lick
682.2520000000001	0.10000000000002274	TimeIntervals	Lick
683.4190000000001	0.09999999999990905	TimeIntervals	Lick
683.55225	0.06675000000007003	TimeIntervals	Lick
683.7190000000002	0.06649999999990541	TimeIntervals	Lick
683.85225	0.06675000000007003	TimeIntervals	Lick
683.95225	0.10024999999995998	TimeIntervals	Lick
684.0857500000002	0.09999999999979536	TimeIntervals	Lick
684.2525	0.10000000000002274	TimeIntervals	Lick
684.4190000000001	0.06674999999995634	TimeIntervals	Lick
684.5525	0.10000000000013642	TimeIntervals	Lick
684.68575	0.10000000000013642	TimeIntervals	Lick
684.8190000000001	0.10000000000002274	TimeIntervals	Lick
684.9525	0.10000000000002274	TimeIntervals	Lick
685.0860000000001	0.09999999999990905	TimeIntervals	Lick
685.2192500000001	0.06675000000007003	TimeIntervals	Lick
685.31925	0.06675000000007003	TimeIntervals	Lick
685.41925	0.09999999999990905	TimeIntervals	Lick
685.5525	0.10000000000013642	TimeIntervals	Lick
685.6525000000001	0.06674999999995634	TimeIntervals	Reward
685.686	3.366999999999962	TimeIntervals	Lick
689.0865000000001	0.09999999999990905	TimeIntervals	Lick
689.2530000000002	0.09999999999990905	TimeIntervals	Lick
689.3865000000001	0.10000000000002274	TimeIntervals	Lick
689.5200000000001	0.3664999999999736	TimeIntervals	Lick
689.92	0.10000000000013642	TimeIntervals	Lick
690.0532499999999	0.10000000000013642	TimeIntervals	Lick
690.22	0.10000000000002274	TimeIntervals	Lick
690.42	0.3000000000000682	TimeIntervals	Lick
690.7535000000001	0.10000000000002274	TimeIntervals	Lick
690.92	0.10000000000013642	TimeIntervals	Lick
691.0867500000002	0.09999999999990905	TimeIntervals	Lick
691.22	0.7669999999999391	TimeIntervals	Lick
692.1535	0.06675000000007003	TimeIntervals	Lick
692.487	0.36675000000025193	TimeIntervals	Lick
692.9205000000001	0.06649999999990541	TimeIntervals	Lick
693.0870000000001	0.06674999999984266	TimeIntervals	Lick
693.2205	0.10000000000013642	TimeIntervals	Lick
693.3870000000002	0.06674999999972897	TimeIntervals	Lick
693.5870000000001	0.06674999999984266	TimeIntervals	Lick
694.254	0.10000000000013642	TimeIntervals	Lick
694.3872500000001	0.10000000000002274	TimeIntervals	Lick
695.02075	0.06675000000007003	TimeIntervals	Lick
695.3207500000001	0.09999999999990905	TimeIntervals	Lick
696.3542500000002	0.06674999999984266	TimeIntervals	Lick
696.6210000000001	0.06649999999990541	TimeIntervals	Lick
697.0210000000001	0.10000000000002274	TimeIntervals	Lick
697.15425	0.10024999999995998	TimeIntervals	Lick
697.3545000000001	0.09999999999979536	TimeIntervals	Lick
698.6880000000001	0.09999999999990905	TimeIntervals	Lick
698.8545000000001	0.06674999999984266	TimeIntervals	Lick
698.9880000000002	0.06649999999990541	TimeIntervals	Lick
699.12125	0.10000000000002274	TimeIntervals	Lick
699.2545	0.10000000000013642	TimeIntervals	Lick
699.4214999999999	0.06650000000024647	TimeIntervals	Lick
699.55475	0.06675000000007003	TimeIntervals	Lick
699.65475	0.10000000000002274	TimeIntervals	Lick
699.788	0.06675000000007003	TimeIntervals	Lick
699.8880000000001	0.10000000000002274	TimeIntervals	Lick
700.0215	0.06650000000013279	TimeIntervals	Lick
700.1215000000001	0.09999999999990905	TimeIntervals	Lick
700.2547500000001	0.06674999999995634	TimeIntervals	Lick
700.3547500000001	0.09999999999979536	TimeIntervals	Lick
700.4880000000002	0.1002499999998463	TimeIntervals	Lick
700.6215000000001	0.06675000000007003	TimeIntervals	Lick
700.7215	2.467000000000212	TimeIntervals	Lick
700.7215	0.033500000000117325	TimeIntervals	Reward
703.2220000000001	0.10000000000002274	TimeIntervals	Lick
703.3885	0.06674999999995634	TimeIntervals	Lick
703.4885	0.1334999999999127	TimeIntervals	Lick
703.6552500000001	0.10000000000002274	TimeIntervals	Lick
703.7885000000001	0.10024999999995998	TimeIntervals	Lick
703.9555	0.0665000000000191	TimeIntervals	Lick
704.122	0.06675000000007003	TimeIntervals	Lick
704.2555000000002	0.5332499999999527	TimeIntervals	Lick
704.8220000000001	0.3334999999998445	TimeIntervals	Lick
705.2890000000002	0.09999999999990905	TimeIntervals	Lick
705.489	0.06649999999990541	TimeIntervals	Lick
705.589	0.5	TimeIntervals	Lick
706.2557500000001	0.06674999999984266	TimeIntervals	Lick
706.489	0.10000000000002274	TimeIntervals	Lick
706.6225	0.0665000000000191	TimeIntervals	Lick
706.7557500000001	0.06674999999984266	TimeIntervals	Lick
706.8890000000001	0.09999999999990905	TimeIntervals	Lick
707.1560000000001	0.2664999999999509	TimeIntervals	Lick
707.4559999999999	0.6665000000000418	TimeIntervals	Lick
708.3560000000001	0.23349999999993543	TimeIntervals	Lick
709.2227500000001	0.10024999999995998	TimeIntervals	Lick
710.48975	0.10000000000013642	TimeIntervals	Lick
710.78975	0.13324999999997544	TimeIntervals	Lick
710.9565	0.13325000000008913	TimeIntervals	Lick
711.92325	0.09999999999990905	TimeIntervals	Lick
712.0900000000001	0.0665000000000191	TimeIntervals	Lick
712.2232500000001	0.09999999999990905	TimeIntervals	Lick
713.8235	0.13350000000002638	TimeIntervals	Lick
714.0235	0.13350000000014006	TimeIntervals	Lick
714.457	0.10000000000002274	TimeIntervals	Lick
715.7237500000001	0.06674999999995634	TimeIntervals	Lick
715.82375	0.10025000000007367	TimeIntervals	Lick
716.524	0.0665000000000191	TimeIntervals	Lick
716.8240000000001	0.0665000000000191	TimeIntervals	Lick
717.0907500000001	0.09999999999990905	TimeIntervals	Lick
717.9575000000001	0.09999999999990905	TimeIntervals	Lick
718.1242500000001	0.06675000000007003	TimeIntervals	Lick
718.3910000000001	0.09999999999990905	TimeIntervals	Lick
718.5575	0.10000000000002274	TimeIntervals	Lick
718.7910000000002	0.13324999999986176	TimeIntervals	Lick
719.091	0.13350000000014006	TimeIntervals	Lick
719.491	0.10000000000002274	TimeIntervals	Lick
719.9245	0.10000000000002274	TimeIntervals	Lick
720.1245	0.13350000000014006	TimeIntervals	Lick
721.0245	0.10000000000002274	TimeIntervals	Lick
721.958	0.10000000000002274	TimeIntervals	Lick
722.9250000000001	0.0665000000000191	TimeIntervals	Lick
723.2915000000002	0.1334999999999127	TimeIntervals	Lick
723.4915000000001	0.06700000000000728	TimeIntervals	Lick
724.7584999999999	0.10000000000025011	TimeIntervals	Lick
726.5254999999999	0.10000000000025011	TimeIntervals	Lick
726.692	0.10000000000013642	TimeIntervals	Lick
727.8590000000002	0.0665000000000191	TimeIntervals	Lick
727.9925	0.06650000000013279	TimeIntervals	Lick
728.1925000000001	0.06649999999990541	TimeIntervals	Lick
728.3590000000002	0.06674999999995634	TimeIntervals	Lick
728.4925	0.10000000000013642	TimeIntervals	Lick
728.6257500000002	0.1999999999999318	TimeIntervals	Lick
728.8590000000002	0.1999999999999318	TimeIntervals	Lick
729.0925000000001	0.06674999999995634	TimeIntervals	Lick
729.1925000000001	0.09999999999990905	TimeIntervals	Lick
729.326	0.0665000000000191	TimeIntervals	Lick
729.426	0.09999999999990905	TimeIntervals	Lick
729.55925	0.10000000000002274	TimeIntervals	Lick
729.6925000000001	0.06674999999995634	TimeIntervals	Lick
729.7592500000001	0.09999999999990905	TimeIntervals	Reward
729.7925	2.70049999999992	TimeIntervals	Lick
732.55975	0.3332500000000209	TimeIntervals	Lick
732.9265	0.10000000000002274	TimeIntervals	Lick
733.093	0.2335000000001628	TimeIntervals	Lick
733.3597500000001	0.5002499999999372	TimeIntervals	Lick
733.8932500000001	0.09999999999990905	TimeIntervals	Lick
734.0265	0.09999999999990905	TimeIntervals	Lick
734.16	16.10250000000019	TimeIntervals	Lick
745.8285	0.10000000000002274	TimeIntervals	Reward
750.2957500000001	0.4667500000000473	TimeIntervals	Lick
750.7957500000001	1.5337499999998272	TimeIntervals	Lick
752.3627500000001	0.09999999999990905	TimeIntervals	Lick
752.5295000000001	0.06649999999990541	TimeIntervals	Lick
752.6959999999999	0.2335000000001628	TimeIntervals	Lick
752.96275	0.06675000000007003	TimeIntervals	Lick
753.0627499999999	0.10000000000013642	TimeIntervals	Lick
753.1959999999999	0.10025000000007367	TimeIntervals	Lick
753.3630000000002	0.09999999999979536	TimeIntervals	Lick
753.5295000000001	0.29999999999984084	TimeIntervals	Lick
753.89625	0.06674999999995634	TimeIntervals	Lick
754.0295000000001	0.09999999999990905	TimeIntervals	Lick
754.163	0.10000000000002274	TimeIntervals	Lick
754.3630000000002	0.06674999999984266	TimeIntervals	Lick
754.5630000000001	0.09999999999990905	TimeIntervals	Lick
754.7297500000001	0.09999999999990905	TimeIntervals	Lick
755.0297499999999	0.4335000000000946	TimeIntervals	Lick
755.4965000000001	0.13350000000002638	TimeIntervals	Lick
755.83	0.13324999999997544	TimeIntervals	Lick
756.03	0.10000000000013642	TimeIntervals	Lick
756.3632500000002	0.13324999999986176	TimeIntervals	Lick
756.59675	0.43324999999992997	TimeIntervals	Lick
757.0635	0.9334999999999809	TimeIntervals	Lick
758.0302499999999	0.10000000000025011	TimeIntervals	Lick
758.1635000000001	0.1334999999999127	TimeIntervals	Lick
758.3302500000001	0.09999999999979536	TimeIntervals	Lick
758.5970000000001	0.0665000000000191	TimeIntervals	Lick
758.7305	0.0665000000000191	TimeIntervals	Lick
758.8637500000001	0.06674999999984266	TimeIntervals	Lick
759.0305	0.3000000000000682	TimeIntervals	Lick
759.46375	0.06674999999995634	TimeIntervals	Lick
759.7637500000001	0.10025000000007367	TimeIntervals	Lick
759.99725	0.06674999999984266	TimeIntervals	Lick
760.1305000000001	0.09999999999990905	TimeIntervals	Lick
760.3640000000001	0.06649999999979173	TimeIntervals	Lick
760.49725	0.10000000000002274	TimeIntervals	Lick
760.6305000000001	0.09999999999990905	TimeIntervals	Lick
760.7640000000001	0.10000000000002274	TimeIntervals	Lick
760.8975000000002	0.09999999999979536	TimeIntervals	Lick
761.0307499999999	0.06675000000007003	TimeIntervals	Lick
761.1307500000001	0.10000000000002274	TimeIntervals	Lick
761.2640000000001	0.1999999999999318	TimeIntervals	Lick
761.4975	0.20000000000004547	TimeIntervals	Lick
761.7307500000002	0.09999999999990905	TimeIntervals	Lick
761.8307500000001	0.09999999999990905	TimeIntervals	Reward
761.8640000000001	4.634249999999838	TimeIntervals	Lick
766.5315	1.8002499999998918	TimeIntervals	Lick
768.3650000000001	0.5002500000000509	TimeIntervals	Lick
768.8985	0.13350000000002638	TimeIntervals	Lick
769.0652500000001	0.13324999999986176	TimeIntervals	Lick
769.232	0.13325000000020282	TimeIntervals	Lick
769.3985	0.13350000000002638	TimeIntervals	Lick
769.5652500000001	0.09999999999990905	TimeIntervals	Lick
769.6985	0.10025000000007367	TimeIntervals	Lick
769.8320000000001	0.09999999999990905	TimeIntervals	Lick
769.9655	1.1335000000000264	TimeIntervals	Lick
771.1322500000001	0.13324999999997544	TimeIntervals	Lick
771.2990000000002	0.13324999999974807	TimeIntervals	Lick
771.4655	0.40000000000009095	TimeIntervals	Lick
771.8990000000001	1.16700000000003	TimeIntervals	Lick
773.1325	0.09999999999990905	TimeIntervals	Lick
773.2992500000001	0.13324999999986176	TimeIntervals	Lick
773.4992500000001	0.09999999999990905	TimeIntervals	Lick
773.6660000000002	0.16649999999992815	TimeIntervals	Lick
773.8660000000002	0.5	TimeIntervals	Lick
774.43275	0.599999999999909	TimeIntervals	Lick
775.0995000000001	0.0665000000000191	TimeIntervals	Lick
775.1995000000002	0.53349999999989	TimeIntervals	Lick
775.76625	0.1999999999999318	TimeIntervals	Lick
775.9995	0.2667500000000018	TimeIntervals	Lick
776.3330000000001	0.09999999999990905	TimeIntervals	Lick
776.4997500000001	0.36675000000002456	TimeIntervals	Lick
776.89975	0.10000000000002274	TimeIntervals	Lick
777.0665	0.13324999999997544	TimeIntervals	Lick
777.3330000000001	0.4002500000000282	TimeIntervals	Lick
777.8000000000001	0.10000000000002274	TimeIntervals	Lick
777.93325	0.09999999999990905	TimeIntervals	Lick
778.0665	0.10000000000013642	TimeIntervals	Lick
778.2000000000002	0.06649999999979173	TimeIntervals	Lick
778.3332500000001	0.4002500000000282	TimeIntervals	Lick
778.8000000000001	0.10000000000002274	TimeIntervals	Lick
778.9335000000001	0.5999999999997954	TimeIntervals	Lick
779.56675	0.5335000000001173	TimeIntervals	Lick
780.167	0.09999999999990905	TimeIntervals	Lick
780.3002500000001	0.10000000000002274	TimeIntervals	Lick
780.5334999999999	0.2335000000000491	TimeIntervals	Lick
781.13375	0.06675000000007003	TimeIntervals	Lick
781.2669999999999	0.06675000000018372	TimeIntervals	Lick
781.5005000000001	0.53349999999989	TimeIntervals	Lick
782.3672500000001	0.09999999999979536	TimeIntervals	Lick
782.534	0.0665000000000191	TimeIntervals	Lick
782.8005000000002	0.1002499999998463	TimeIntervals	Lick
783.1007500000001	0.10000000000002274	TimeIntervals	Lick
783.3340000000002	0.09999999999990905	TimeIntervals	Lick
783.7675	0.10000000000013642	TimeIntervals	Lick
783.9340000000001	0.10024999999995998	TimeIntervals	Lick
784.101	0.0665000000000191	TimeIntervals	Lick
784.23425	0.10000000000013642	TimeIntervals	Lick
784.401	0.10000000000002274	TimeIntervals	Lick
784.8342500000001	0.09999999999990905	TimeIntervals	Lick
784.9675	0.06675000000007003	TimeIntervals	Lick
785.1677500000001	0.10000000000002274	TimeIntervals	Lick
785.8345	0.09999999999990905	TimeIntervals	Lick
786.101	0.06700000000000728	TimeIntervals	Lick
786.268	0.0665000000000191	TimeIntervals	Lick
786.468	0.0665000000000191	TimeIntervals	Lick
786.60125	0.06674999999995634	TimeIntervals	Lick
786.7012500000001	0.10000000000002274	TimeIntervals	Lick
786.8345	0.09999999999990905	TimeIntervals	Lick
787.0012499999999	0.06675000000018372	TimeIntervals	Lick
787.1345	0.06675000000007003	TimeIntervals	Lick
787.2345	0.06700000000012096	TimeIntervals	Lick
787.33475	0.10000000000002274	TimeIntervals	Lick
787.468	0.06675000000007003	TimeIntervals	Lick
787.5680000000001	0.09999999999990905	TimeIntervals	Lick
787.7015000000001	0.10000000000002274	TimeIntervals	Lick
787.83475	0.06675000000007003	TimeIntervals	Lick
787.9015	0.06649999999990541	TimeIntervals	Reward
787.968	2.16700000000003	TimeIntervals	Lick
790.1685000000001	0.06649999999990541	TimeIntervals	Lick
790.3017500000001	0.09999999999990905	TimeIntervals	Lick
790.4685	0.7335000000001628	TimeIntervals	Lick
791.2352500000001	0.06674999999995634	TimeIntervals	Lick
791.3685	0.1334999999999127	TimeIntervals	Lick
791.6020000000001	0.10000000000002274	TimeIntervals	Lick
792.002	0.13350000000002638	TimeIntervals	Lick
792.2355000000001	0.13324999999997544	TimeIntervals	Lick
792.4354999999999	0.0665000000000191	TimeIntervals	Lick
792.56875	0.13325000000008913	TimeIntervals	Lick
792.869	0.10000000000002274	TimeIntervals	Lick
793.00225	0.06674999999995634	TimeIntervals	Lick
793.1690000000001	0.09999999999990905	TimeIntervals	Lick
793.3355000000001	0.1334999999999127	TimeIntervals	Lick
793.60225	0.13325000000008913	TimeIntervals	Lick
793.8022500000001	0.06674999999995634	TimeIntervals	Lick
793.9025	0.0665000000000191	TimeIntervals	Lick
794.069	0.10000000000013642	TimeIntervals	Lick
794.5025	0.06649999999990541	TimeIntervals	Lick
795.036	0.10000000000002274	TimeIntervals	Lick
795.8025000000001	0.1334999999999127	TimeIntervals	Lick
796.8695000000001	0.06649999999990541	TimeIntervals	Lick
801.03675	0.10000000000002274	TimeIntervals	Lick
803.00375	0.13325000000008913	TimeIntervals	Lick
803.1705000000001	0.06649999999990541	TimeIntervals	Lick
803.737	0.10025000000007367	TimeIntervals	Lick
805.204	0.10000000000013642	TimeIntervals	Lick
805.3375000000001	0.06649999999990541	TimeIntervals	Lick
805.5707500000001	0.10000000000002274	TimeIntervals	Lick
805.7375000000001	0.10000000000002274	TimeIntervals	Lick
807.00425	0.10025000000007367	TimeIntervals	Lick
807.8710000000002	0.133499999999799	TimeIntervals	Lick
808.17125	0.06675000000018372	TimeIntervals	Lick
809.7715000000002	0.09999999999990905	TimeIntervals	Lick
810.5382500000001	0.10000000000002274	TimeIntervals	Lick
811.5050000000001	0.1334999999999127	TimeIntervals	Lick
814.2055	0.0665000000000191	TimeIntervals	Lick
814.3055	0.06650000000013279	TimeIntervals	Lick
814.4387499999999	0.06675000000018372	TimeIntervals	Lick
814.5387499999999	0.10000000000013642	TimeIntervals	Lick
814.672	0.2002500000000964	TimeIntervals	Lick
814.9055	0.06675000000007003	TimeIntervals	Lick
815.0055000000001	0.09999999999990905	TimeIntervals	Lick
815.1390000000001	0.09999999999990905	TimeIntervals	Lick
815.27225	0.06675000000007003	TimeIntervals	Lick
815.3722500000001	0.09999999999990905	TimeIntervals	Lick
815.5055000000001	0.09999999999990905	TimeIntervals	Lick
815.6390000000001	0.06649999999990541	TimeIntervals	Lick
815.77225	0.06675000000007003	TimeIntervals	Lick
815.8725000000003	0.09999999999956799	TimeIntervals	Lick
815.9389999999999	0.10000000000013642	TimeIntervals	Reward
816.00575	5.867500000000064	TimeIntervals	Lick
821.97325	0.20000000000004547	TimeIntervals	Lick
822.2065	0.23349999999993543	TimeIntervals	Lick
822.5735	0.06650000000013279	TimeIntervals	Lick
822.9067500000001	0.1667499999998654	TimeIntervals	Lick
823.4399999999999	0.06675000000007003	TimeIntervals	Lick
823.6735	0.10000000000013642	TimeIntervals	Lick
824.207	0.06650000000013279	TimeIntervals	Lick
824.34025	0.13324999999997544	TimeIntervals	Lick
824.5735	0.10024999999995998	TimeIntervals	Lick
824.8405	0.06650000000013279	TimeIntervals	Lick
825.4070000000002	0.09999999999990905	TimeIntervals	Lick
826.574	0.10000000000013642	TimeIntervals	Lick
828.67425	0.10000000000013642	TimeIntervals	Lick
828.8742500000001	0.09999999999990905	TimeIntervals	Lick
829.0745000000001	0.13324999999986176	TimeIntervals	Lick
829.5077500000001	0.13324999999986176	TimeIntervals	Lick
830.208	0.10000000000013642	TimeIntervals	Lick
830.8745000000001	0.13350000000002638	TimeIntervals	Lick
831.3747500000001	0.06674999999984266	TimeIntervals	Lick
831.5415000000002	0.13324999999997544	TimeIntervals	Lick
831.7415000000001	0.09999999999990905	TimeIntervals	Lick
831.9414999999999	0.10000000000025011	TimeIntervals	Lick
834.3085000000002	0.09999999999979536	TimeIntervals	Lick
834.67525	0.10000000000013642	TimeIntervals	Lick
835.47525	0.10000000000002274	TimeIntervals	Lick
835.7087500000001	0.13324999999997544	TimeIntervals	Lick
836.5755	0.13350000000014006	TimeIntervals	Lick
837.109	0.06650000000013279	TimeIntervals	Lick
838.509	0.06675000000007003	TimeIntervals	Lick
838.609	0.10000000000013642	TimeIntervals	Lick
838.8425000000001	0.1334999999999127	TimeIntervals	Lick
841.0095	0.09999999999990905	TimeIntervals	Lick
841.343	0.10000000000002274	TimeIntervals	Lick
841.743	0.06650000000013279	TimeIntervals	Lick
842.543	0.06675000000007003	TimeIntervals	Lick
843.00975	0.10000000000002274	TimeIntervals	Lick
843.3765000000002	0.09999999999979536	TimeIntervals	Lick
843.5432500000001	0.06674999999995634	TimeIntervals	Lick
843.6432500000001	0.10000000000002274	TimeIntervals	Lick
843.8100000000001	0.09999999999979536	TimeIntervals	Lick
843.9432500000001	0.06674999999984266	TimeIntervals	Lick
844.0432500000001	0.10000000000002274	TimeIntervals	Lick
844.1765000000001	0.20000000000004547	TimeIntervals	Lick
844.4099999999999	0.10000000000013642	TimeIntervals	Lick
844.5435	0.20000000000004547	TimeIntervals	Lick
844.77675	0.10000000000013642	TimeIntervals	Lick
844.9099999999999	0.06675000000007003	TimeIntervals	Lick
845.01	0.10000000000002274	TimeIntervals	Lick
845.01	0.06675000000018372	TimeIntervals	Reward
845.1435	1.60024999999996	TimeIntervals	Lick
846.777	0.10000000000002274	TimeIntervals	Lick
846.9104999999998	0.23325000000022555	TimeIntervals	Lick
847.177	0.10000000000002274	TimeIntervals	Lick
847.3105	0.09999999999979536	TimeIntervals	Lick
847.44375	0.09999999999990905	TimeIntervals	Lick
847.6105	0.10000000000013642	TimeIntervals	Lick
847.7772500000001	0.06675000000007003	TimeIntervals	Lick
847.9104999999998	0.10000000000013642	TimeIntervals	Lick
848.144	0.10000000000002274	TimeIntervals	Lick
848.2772500000001	0.09999999999990905	TimeIntervals	Lick
848.444	0.0665000000000191	TimeIntervals	Lick
848.644	0.06650000000013279	TimeIntervals	Lick
848.8105	0.10024999999995998	TimeIntervals	Lick
848.9775	0.10000000000013642	TimeIntervals	Lick
849.3440000000002	0.09999999999979536	TimeIntervals	Lick
849.5107499999999	0.03325000000018008	TimeIntervals	Lick
849.8107500000001	0.1002499999998463	TimeIntervals	Lick
850.3775	0.09999999999990905	TimeIntervals	Lick
850.54425	0.06674999999995634	TimeIntervals	Lick
851.0445	0.03325000000018008	TimeIntervals	Lick
853.01125	0.09999999999990905	TimeIntervals	Lick
853.178	0.06674999999995634	TimeIntervals	Lick
853.44475	0.13325000000008913	TimeIntervals	Lick
854.4115	9.534749999999917	TimeIntervals	Lick
855.045	0.10000000000002274	TimeIntervals	Reward
863.9795	5.300999999999931	TimeIntervals	Lick
864.04625	0.06675000000018372	TimeIntervals	Reward
869.3805000000002	0.29999999999984084	TimeIntervals	Lick
869.7472500000001	0.6999999999999318	TimeIntervals	Lick
870.6805	0.06675000000007003	TimeIntervals	Lick
870.814	0.33350000000018554	TimeIntervals	Lick
871.614	0.06675000000007003	TimeIntervals	Lick
871.714	0.4002500000000282	TimeIntervals	Lick
872.3142500000001	0.09999999999979536	TimeIntervals	Lick
872.8475	0.13350000000002638	TimeIntervals	Lick
873.4145000000001	0.09999999999990905	TimeIntervals	Lick
873.6145	0.10000000000002274	TimeIntervals	Lick
874.0145	0.10000000000002274	TimeIntervals	Lick
876.2480000000002	0.06699999999989359	TimeIntervals	Lick
876.415	0.10000000000013642	TimeIntervals	Lick
876.6815	0.13350000000002638	TimeIntervals	Lick
877.0815	0.13350000000014006	TimeIntervals	Lick
877.7817500000001	0.10000000000002274	TimeIntervals	Lick
878.0150000000001	0.1334999999999127	TimeIntervals	Lick
878.61525	0.10000000000002274	TimeIntervals	Lick
878.7820000000002	0.13324999999986176	TimeIntervals	Lick
879.01525	0.06674999999995634	TimeIntervals	Lick
879.51525	0.10024999999995998	TimeIntervals	Lick
881.3155000000002	0.133499999999799	TimeIntervals	Lick
881.48225	0.10000000000002274	TimeIntervals	Lick
881.9157500000001	0.13324999999997544	TimeIntervals	Lick
883.6825000000001	0.10000000000002274	TimeIntervals	Lick
884.98275	0.10024999999995998	TimeIntervals	Lick
885.4495000000001	0.06674999999984266	TimeIntervals	Lick
885.583	0.06650000000013279	TimeIntervals	Lick
885.7495	0.06674999999995634	TimeIntervals	Lick
885.8495000000001	0.09999999999990905	TimeIntervals	Lick
886.0162499999999	0.06675000000007003	TimeIntervals	Lick
886.1495000000001	0.06699999999989359	TimeIntervals	Lick
886.2830000000001	0.06674999999984266	TimeIntervals	Lick
886.3830000000002	0.09999999999990905	TimeIntervals	Lick
886.5164999999998	0.06650000000013279	TimeIntervals	Lick
886.64975	0.06674999999995634	TimeIntervals	Lick
886.7497500000001	0.09999999999990905	TimeIntervals	Lick
886.8830000000002	0.06674999999984266	TimeIntervals	Lick
886.9830000000001	0.09999999999990905	TimeIntervals	Lick
887.083	0.06675000000007003	TimeIntervals	Reward
887.1165000000001	2.4004999999998518	TimeIntervals	Lick
889.55025	0.10000000000013642	TimeIntervals	Lick
889.7170000000001	0.09999999999990905	TimeIntervals	Lick
889.85025	0.09999999999990905	TimeIntervals	Lick
889.9834999999999	0.10000000000002274	TimeIntervals	Lick
890.1170000000001	0.10000000000002274	TimeIntervals	Lick
890.2835000000001	0.10000000000002274	TimeIntervals	Lick
890.4834999999999	0.10025000000018736	TimeIntervals	Lick
890.6505000000001	0.0665000000000191	TimeIntervals	Lick
890.7505000000001	0.599999999999909	TimeIntervals	Lick
891.5169999999999	0.06675000000018372	TimeIntervals	Lick
891.7840000000001	0.033249999999952706	TimeIntervals	Lick
891.8505	0.13350000000002638	TimeIntervals	Lick
892.484	0.10000000000013642	TimeIntervals	Lick
892.6505000000001	0.13350000000002638	TimeIntervals	Lick
892.9174999999999	0.1332500000003165	TimeIntervals	Lick
893.5174999999999	0.06650000000024647	TimeIntervals	Lick
896.3845000000001	0.09999999999979536	TimeIntervals	Lick
896.8845000000001	0.09999999999979536	TimeIntervals	Lick
897.38475	0.10000000000002274	TimeIntervals	Lick
898.2515	0.10000000000013642	TimeIntervals	Lick
899.01825	0.10000000000002274	TimeIntervals	Lick
899.285	0.13350000000002638	TimeIntervals	Lick
900.4185	0.09999999999990905	TimeIntervals	Lick
901.4852500000001	0.10025000000007367	TimeIntervals	Lick
901.6855	0.13325000000008913	TimeIntervals	Lick
902.5187500000001	0.09999999999990905	TimeIntervals	Lick
902.75225	0.10000000000002274	TimeIntervals	Lick
902.8855000000001	0.06675000000007003	TimeIntervals	Lick
903.2190000000002	0.06649999999990541	TimeIntervals	Lick
904.0525	0.13325000000008913	TimeIntervals	Lick
905.1525000000001	0.13350000000002638	TimeIntervals	Lick
905.5525	0.10000000000013642	TimeIntervals	Lick
906.6195	0.10000000000013642	TimeIntervals	Lick
907.553	0.10000000000002274	TimeIntervals	Lick
908.8530000000001	0.06674999999995634	TimeIntervals	Lick
909.6532500000001	0.06674999999995634	TimeIntervals	Lick
909.75325	0.10000000000013642	TimeIntervals	Lick
909.8865000000001	0.10000000000002274	TimeIntervals	Lick
910.02	0.10000000000002274	TimeIntervals	Lick
910.1532500000001	0.06674999999995634	TimeIntervals	Lick
910.25325	0.10025000000018736	TimeIntervals	Lick
910.38675	0.20000000000027285	TimeIntervals	Lick
910.6535	0.0665000000000191	TimeIntervals	Lick
910.7535000000001	0.10000000000002274	TimeIntervals	Lick
910.88675	0.06675000000007003	TimeIntervals	Lick
911.02	0.0667500000002974	TimeIntervals	Lick
911.12	0.10000000000002274	TimeIntervals	Reward
911.12	0.10000000000002274	TimeIntervals	Lick
911.2535000000001	2.70049999999992	TimeIntervals	Lick
913.9872500000001	0.26674999999988813	TimeIntervals	Lick
914.28725	0.10000000000002274	TimeIntervals	Lick
914.4205000000001	0.13350000000002638	TimeIntervals	Lick
914.9207499999999	0.10000000000013642	TimeIntervals	Lick
915.2207500000002	0.06674999999984266	TimeIntervals	Lick
916.2210000000002	0.2332499999998845	TimeIntervals	Lick
916.6875	0.06674999999995634	TimeIntervals	Lick
916.8875000000002	0.1002499999998463	TimeIntervals	Lick
917.0877500000001	0.06674999999995634	TimeIntervals	Lick
917.2545	0.06650000000013279	TimeIntervals	Lick
917.8545000000001	0.1999999999999318	TimeIntervals	Lick
918.62125	0.10000000000013642	TimeIntervals	Lick
919.3547500000002	0.09999999999979536	TimeIntervals	Lick
920.9214999999999	0.0667500000002974	TimeIntervals	Lick
921.5885	0.03325000000006639	TimeIntervals	Lick
922.2550000000001	0.09999999999990905	TimeIntervals	Lick
922.8552500000002	0.09999999999979536	TimeIntervals	Lick
923.78875	0.10000000000002274	TimeIntervals	Lick
924.622	0.10025000000030104	TimeIntervals	Lick
925.52225	0.10000000000013642	TimeIntervals	Lick
925.689	0.13350000000025375	TimeIntervals	Lick
925.9224999999999	0.10000000000013642	TimeIntervals	Lick
926.3890000000001	0.09999999999990905	TimeIntervals	Lick
926.6225000000001	0.10000000000013642	TimeIntervals	Lick
929.1895	0.06675000000018372	TimeIntervals	Lick
929.3230000000001	0.06650000000013279	TimeIntervals	Lick
933.1567500000001	0.10000000000013642	TimeIntervals	Lick
933.2900000000001	0.06675000000007003	TimeIntervals	Lick
933.4235	0.06674999999995634	TimeIntervals	Lick
935.2570000000002	0.06674999999984266	TimeIntervals	Lick
935.4905	0.10000000000002274	TimeIntervals	Lick
940.8245000000001	0.09999999999990905	TimeIntervals	Lick
940.958	0.10000000000002274	TimeIntervals	Lick
941.0915	0.06650000000013279	TimeIntervals	Lick
941.3580000000001	0.09999999999990905	TimeIntervals	Lick
941.4915000000001	0.09999999999990905	TimeIntervals	Lick
941.6247500000001	0.09999999999990905	TimeIntervals	Lick
941.7915000000002	0.10000000000002274	TimeIntervals	Lick
941.9247500000001	0.06674999999995634	TimeIntervals	Lick
942.02475	0.10000000000002274	TimeIntervals	Lick
942.1580000000001	0.10024999999995998	TimeIntervals	Lick
942.225	0.06650000000013279	TimeIntervals	Reward
942.2915000000002	3.0670000000000073	TimeIntervals	Lick
945.3920000000002	1.6334999999999127	TimeIntervals	Lick
947.4255000000002	0.06674999999984266	TimeIntervals	Lick
947.8257500000001	0.13324999999986176	TimeIntervals	Lick
948.359	0.06675000000018372	TimeIntervals	Lick
948.52575	0.06675000000007003	TimeIntervals	Lick
948.6925000000001	0.06649999999990541	TimeIntervals	Lick
948.85925	0.03325000000006639	TimeIntervals	Lick
949.026	0.03325000000006639	TimeIntervals	Lick
949.2592500000001	0.06674999999995634	TimeIntervals	Lick
949.426	0.13324999999997544	TimeIntervals	Lick
949.7592500000001	0.09999999999990905	TimeIntervals	Lick
950.026	0.10000000000002274	TimeIntervals	Lick
950.3927500000001	0.13324999999986176	TimeIntervals	Lick
950.6595000000002	19.76949999999988	TimeIntervals	Lick
957.2937500000002	0.06674999999995634	TimeIntervals	Reward
970.4625000000002	0.09999999999979536	TimeIntervals	Lick
970.5957500000002	0.06674999999972897	TimeIntervals	Lick
970.6957500000001	0.10025000000007367	TimeIntervals	Lick
970.8292500000001	0.06674999999984266	TimeIntervals	Lick
970.9625000000002	0.06674999999984266	TimeIntervals	Lick
971.0625	0.09999999999990905	TimeIntervals	Lick
971.1960000000001	0.06649999999979173	TimeIntervals	Lick
971.2960000000002	4.167249999999854	TimeIntervals	Lick
971.2960000000002	0.09999999999979536	TimeIntervals	Reward
975.5299999999999	0.6332500000000891	TimeIntervals	Lick
976.1965	0.8002500000002328	TimeIntervals	Lick
977.0635000000002	0.06649999999990541	TimeIntervals	Lick
977.1635	0.10000000000002274	TimeIntervals	Lick
977.29675	0.10024999999995998	TimeIntervals	Lick
977.43025	0.09999999999990905	TimeIntervals	Lick
977.5635000000002	0.09999999999979536	TimeIntervals	Lick
977.6970000000001	0.13324999999997544	TimeIntervals	Lick
977.8969999999999	0.06650000000013279	TimeIntervals	Lick
978.0635000000002	0.8669999999998481	TimeIntervals	Lick
978.96375	0.20000000000004547	TimeIntervals	Lick
979.1970000000001	4.367499999999723	TimeIntervals	Lick
979.3637500000003	0.09999999999968168	TimeIntervals	Reward
983.5977499999999	0.06675000000018372	TimeIntervals	Lick
983.6977500000003	0.09999999999979536	TimeIntervals	Lick
983.8310000000001	0.10000000000002274	TimeIntervals	Lick
983.9980000000002	0.09999999999990905	TimeIntervals	Lick
984.1980000000001	0.06650000000013279	TimeIntervals	Lick
984.298	0.09999999999990905	TimeIntervals	Lick
984.4312499999999	0.2667500000002292	TimeIntervals	Lick
984.7645000000002	0.09999999999968168	TimeIntervals	Lick
984.9312499999999	0.36675000000013824	TimeIntervals	Lick
985.3315	0.09999999999979536	TimeIntervals	Lick
985.4647500000001	0.09999999999979536	TimeIntervals	Lick
985.6315000000001	0.0665000000000191	TimeIntervals	Lick
985.798	0.09999999999990905	TimeIntervals	Lick
986.0314999999999	4.600750000000289	TimeIntervals	Lick
986.3650000000002	0.06649999999956435	TimeIntervals	Reward
990.6655	0.8335000000000719	TimeIntervals	Lick
991.5654999999998	0.5002500000000509	TimeIntervals	Lick
992.099	0.56675000000007	TimeIntervals	Lick
992.7325	0.5667500000001837	TimeIntervals	Lick
993.3660000000002	0.7667499999998881	TimeIntervals	Lick
994.1995000000001	0.20000000000015916	TimeIntervals	Lick
994.4327499999999	0.40000000000009095	TimeIntervals	Lick
994.9995000000001	0.2667500000000018	TimeIntervals	Lick
995.4662499999998	0.3667500000003656	TimeIntervals	Lick
995.8995000000002	0.5002499999999372	TimeIntervals	Lick
996.433	0.10000000000013642	TimeIntervals	Lick
996.5664999999999	0.7667500000001155	TimeIntervals	Lick
997.3665000000002	0.19999999999970441	TimeIntervals	Lick
997.6332500000001	0.23325000000011187	TimeIntervals	Lick
997.9000000000002	0.09999999999979536	TimeIntervals	Lick
998.0664999999999	0.10000000000025011	TimeIntervals	Lick
998.1999999999999	0.20000000000027285	TimeIntervals	Lick
998.5999999999999	0.10000000000002274	TimeIntervals	Lick
998.7667500000003	0.09999999999979536	TimeIntervals	Lick
998.9335000000001	0.09999999999990905	TimeIntervals	Lick
999.2335000000002	0.09999999999968168	TimeIntervals	Lick
999.4669999999999	0.13325000000020282	TimeIntervals	Lick
999.6670000000001	0.10000000000002274	TimeIntervals	Lick
999.8670000000001	0.13324999999986176	TimeIntervals	Lick
1000.067	0.10000000000013642	TimeIntervals	Lick
1000.3002500000002	0.09999999999990905	TimeIntervals	Lick
1000.5337500000002	0.09999999999979536	TimeIntervals	Lick
1000.7337499999999	0.0667500000002974	TimeIntervals	Lick
1000.9005000000001	0.06649999999979173	TimeIntervals	Lick
1001.13375	0.06675000000007003	TimeIntervals	Lick
1001.3337500000001	0.06674999999995634	TimeIntervals	Lick
1001.4669999999999	0.06700000000046202	TimeIntervals	Lick
1001.634	0.0665000000000191	TimeIntervals	Lick
1001.76725	0.06674999999995634	TimeIntervals	Lick
1001.8672500000001	0.09999999999979536	TimeIntervals	Lick
1002.0340000000003	0.06649999999967804	TimeIntervals	Lick
1002.134	0.10000000000002274	TimeIntervals	Lick
1002.26725	0.06674999999995634	TimeIntervals	Lick
1002.3672500000001	0.09999999999979536	TimeIntervals	Lick
1002.4005000000001	0.06674999999984266	TimeIntervals	Reward
1002.5004999999999	0.5335000000004584	TimeIntervals	Lick
1003.0675000000001	0.1999999999999318	TimeIntervals	Lick
1003.3007500000002	0.10000000000002274	TimeIntervals	Lick
1003.4339999999999	0.0667500000002974	TimeIntervals	Lick
1003.5340000000003	0.09999999999968168	TimeIntervals	Lick
1003.6675000000002	0.3667499999997972	TimeIntervals	Lick
1004.0675000000001	0.10000000000013642	TimeIntervals	Lick
1004.201	0.10000000000002274	TimeIntervals	Lick
1004.3342499999999	0.1000000000003638	TimeIntervals	Lick
1004.4675	0.10000000000013642	TimeIntervals	Lick
1004.6009999999999	0.10000000000013642	TimeIntervals	Lick
1004.7675	0.10024999999995998	TimeIntervals	Lick
1004.9010000000002	0.10000000000002274	TimeIntervals	Lick
1005.06775	0.06675000000007003	TimeIntervals	Lick
1005.201	0.2335000000001628	TimeIntervals	Lick
1005.4677499999999	0.3332500000001346	TimeIntervals	Lick
1005.8345	1.6002500000000737	TimeIntervals	Lick
1007.468	0.66700000000003	TimeIntervals	Lick
1008.1682500000003	0.13324999999997544	TimeIntervals	Lick
1008.3350000000002	1.2334999999998217	TimeIntervals	Lick
1009.6017499999998	0.7000000000002728	TimeIntervals	Lick
1010.3350000000002	0.10025000000018736	TimeIntervals	Lick
1010.4685000000001	0.16674999999997908	TimeIntervals	Lick
1010.6685000000002	0.29999999999984084	TimeIntervals	Lick
1011.0019999999998	1.6335000000002537	TimeIntervals	Lick
1012.6690000000001	0.43324999999992997	TimeIntervals	Lick
1013.1355000000001	0.1334999999999127	TimeIntervals	Lick
1013.3022500000002	0.4334999999998672	TimeIntervals	Lick
1013.8025000000002	0.3999999999998636	TimeIntervals	Lick
1014.3025000000002	0.2664999999998372	TimeIntervals	Lick
1014.6025000000001	0.10000000000002274	TimeIntervals	Lick
1014.7360000000001	0.09999999999990905	TimeIntervals	Lick
1014.8692500000001	0.09999999999990905	TimeIntervals	Lick
1015.036	0.16650000000015552	TimeIntervals	Lick
1015.2360000000001	0.16649999999992815	TimeIntervals	Lick
1015.436	0.13324999999997544	TimeIntervals	Lick
1015.6025000000001	0.10000000000002274	TimeIntervals	Lick
1015.7360000000001	0.1334999999999127	TimeIntervals	Lick
1015.9695	0.10000000000013642	TimeIntervals	Lick
1016.1359999999999	0.10000000000025011	TimeIntervals	Lick
1016.3027500000002	0.09999999999979536	TimeIntervals	Lick
1016.436	0.09999999999990905	TimeIntervals	Reward
1016.436	0.09999999999990905	TimeIntervals	Lick
1016.5695000000002	2.0334999999997763	TimeIntervals	Lick
1018.6364999999997	0.10000000000025011	TimeIntervals	Lick
1018.7697500000002	0.10000000000002274	TimeIntervals	Lick
1018.9029999999998	0.10000000000002274	TimeIntervals	Lick
1019.0365	0.09999999999968168	TimeIntervals	Lick
1019.17	0.10000000000002274	TimeIntervals	Lick
1019.3365000000001	0.09999999999990905	TimeIntervals	Lick
1019.50325	0.13324999999974807	TimeIntervals	Lick
1019.7032500000003	0.06674999999972897	TimeIntervals	Lick
1019.80325	0.10000000000013642	TimeIntervals	Lick
1019.9365	0.19999999999970441	TimeIntervals	Lick
1020.2365	0.4334999999999809	TimeIntervals	Lick
1020.7035000000002	0.29999999999972715	TimeIntervals	Lick
1021.0367500000002	0.2332499999997708	TimeIntervals	Lick
1021.3035000000002	0.566749999999729	TimeIntervals	Lick
1021.9035000000001	0.16674999999997908	TimeIntervals	Lick
1022.1370000000001	0.33350000000007185	TimeIntervals	Lick
1022.50375	0.10000000000013642	TimeIntervals	Lick
1022.6370000000001	0.16675000000020646	TimeIntervals	Lick
1022.9037499999998	0.0667500000002974	TimeIntervals	Lick
1023.00375	0.2667500000002292	TimeIntervals	Lick
1023.3037500000003	0.09999999999956799	TimeIntervals	Lick
1023.50375	0.10024999999995998	TimeIntervals	Lick
1023.7040000000001	0.10000000000013642	TimeIntervals	Lick
1023.8705	0.1334999999999127	TimeIntervals	Lick
1024.0705	0.06674999999972897	TimeIntervals	Lick
1024.2040000000002	0.10000000000013642	TimeIntervals	Lick
1024.3705	0.10000000000013642	TimeIntervals	Lick
1024.504	0.09999999999990905	TimeIntervals	Lick
1024.6374999999996	0.10000000000059117	TimeIntervals	Lick
1024.8040000000003	0.0667499999995016	TimeIntervals	Lick
1024.904	0.09999999999990905	TimeIntervals	Lick
1025.07075	0.0667499999995016	TimeIntervals	Lick
1025.2040000000002	0.10000000000013642	TimeIntervals	Lick
1025.3707499999998	0.1000000000003638	TimeIntervals	Lick
1025.5375000000001	0.06649999999967804	TimeIntervals	Lick
1025.6374999999996	0.10000000000059117	TimeIntervals	Lick
1025.7710000000002	0.09999999999990905	TimeIntervals	Lick
1025.90425	0.09999999999990905	TimeIntervals	Lick
1026.0710000000001	0.06649999999945067	TimeIntervals	Lick
1026.2042499999998	0.06675000000041109	TimeIntervals	Lick
1026.3042500000001	0.09999999999990905	TimeIntervals	Lick
1026.4375000000002	0.09999999999990905	TimeIntervals	Lick
1026.5710000000001	0.09999999999968168	TimeIntervals	Lick
1026.7042499999998	0.10025000000041473	TimeIntervals	Lick
1026.871	0.09999999999990905	TimeIntervals	Lick
1027.03775	0.06674999999972897	TimeIntervals	Lick
1027.1709999999998	0.06675000000018372	TimeIntervals	Lick
1027.3045000000002	0.09999999999968168	TimeIntervals	Lick
1027.4377500000003	0.09999999999968168	TimeIntervals	Lick
1027.6044999999997	0.06650000000013279	TimeIntervals	Lick
1027.73775	0.06675000000018372	TimeIntervals	Lick
1027.871	0.10024999999995998	TimeIntervals	Lick
1028.0045	0.09999999999968168	TimeIntervals	Lick
1028.1712499999999	0.1000000000003638	TimeIntervals	Lick
1028.3380000000002	0.10000000000013642	TimeIntervals	Lick
1028.5045	0.06674999999995634	TimeIntervals	Lick
1028.6379999999997	0.06650000000013279	TimeIntervals	Lick
1028.8712500000001	0.06675000000018372	TimeIntervals	Lick
1029.538	0.09999999999968168	TimeIntervals	Lick
1029.738	0.10000000000013642	TimeIntervals	Lick
1029.9047500000001	0.09999999999990905	TimeIntervals	Lick
1030.13825	0.06674999999995634	TimeIntervals	Lick
1030.3050000000003	0.06649999999967804	TimeIntervals	Lick
1030.4382500000002	0.09999999999990905	TimeIntervals	Lick
1030.605	0.09999999999990905	TimeIntervals	Lick
1030.7715	0.06674999999995634	TimeIntervals	Lick
1030.9050000000002	0.09999999999990905	TimeIntervals	Lick
1031.03825	0.09999999999990905	TimeIntervals	Lick
1031.205	0.06675000000018372	TimeIntervals	Lick
1031.3385	0.10000000000013642	TimeIntervals	Lick
1031.4717500000002	0.06674999999972897	TimeIntervals	Lick
1031.505	0.09999999999990905	TimeIntervals	Reward
1031.605	2.0004999999998745	TimeIntervals	Lick
1033.63875	0.10000000000013642	TimeIntervals	Lick
1033.772	0.10000000000013642	TimeIntervals	Lick
1033.9055	0.10000000000013642	TimeIntervals	Lick
1034.03875	0.10000000000013642	TimeIntervals	Lick
1034.172	0.09999999999990905	TimeIntervals	Lick
1034.3055000000002	0.09999999999990905	TimeIntervals	Lick
1034.4720000000002	0.0669999999997799	TimeIntervals	Lick
1034.6055	0.06674999999995634	TimeIntervals	Lick
1034.7055	0.10000000000013642	TimeIntervals	Lick
1034.839	0.2664999999999509	TimeIntervals	Lick
1035.139	0.10000000000013642	TimeIntervals	Lick
1035.3055000000002	0.06674999999972897	TimeIntervals	Lick
1035.4390000000003	0.09999999999968168	TimeIntervals	Lick
1035.6055	0.10025000000018736	TimeIntervals	Lick
1035.739	0.09999999999990905	TimeIntervals	Lick
1035.8725	0.1332500000003165	TimeIntervals	Lick
1036.0725000000002	0.09999999999968168	TimeIntervals	Lick
1036.239	0.09999999999990905	TimeIntervals	Lick
1036.4057500000001	0.10000000000013642	TimeIntervals	Lick
1036.6725	0.16675000000032014	TimeIntervals	Lick
1036.9060000000002	0.09999999999990905	TimeIntervals	Lick
1037.106	0.06649999999990541	TimeIntervals	Lick
1037.3392500000002	0.13325000000008913	TimeIntervals	Lick
1037.506	0.36674999999991087	TimeIntervals	Lick
1037.9060000000002	0.06674999999995634	TimeIntervals	Lick
1038.2060000000001	0.09999999999990905	TimeIntervals	Lick
1038.3395	0.10000000000013642	TimeIntervals	Lick
1038.506	0.09999999999990905	TimeIntervals	Lick
1038.7395	0.10000000000013642	TimeIntervals	Lick
1038.9395000000002	0.06674999999995634	TimeIntervals	Lick
1039.10625	0.06674999999995634	TimeIntervals	Lick
1039.2730000000001	0.06649999999990541	TimeIntervals	Lick
1039.5730000000003	0.09999999999968168	TimeIntervals	Lick
1039.873	0.1667499999998654	TimeIntervals	Lick
1040.0730000000003	0.09999999999968168	TimeIntervals	Lick
1040.23975	0.13325000000008913	TimeIntervals	Lick
1040.4397500000002	0.09999999999968168	TimeIntervals	Lick
1040.7065	0.16650000000004184	TimeIntervals	Lick
1040.9397500000002	0.3667499999996835	TimeIntervals	Lick
1041.6065	0.06674999999972897	TimeIntervals	Lick
1041.9064999999998	0.1000000000003638	TimeIntervals	Lick
1042.1065	0.09999999999990905	TimeIntervals	Lick
1042.34	0.06674999999995634	TimeIntervals	Lick
1042.54	0.06675000000018372	TimeIntervals	Lick
1042.7400000000002	0.13349999999968531	TimeIntervals	Lick
1043.2067500000003	0.06674999999972897	TimeIntervals	Lick
1043.5070000000003	0.09999999999990905	TimeIntervals	Lick
1044.04025	0.13324999999986176	TimeIntervals	Lick
1044.24025	0.033249999999952706	TimeIntervals	Lick
1044.7405	0.06649999999990541	TimeIntervals	Lick
1044.9405	0.13325000000008913	TimeIntervals	Lick
1045.4405	0.13350000000036744	TimeIntervals	Lick
1045.9405	0.10000000000013642	TimeIntervals	Lick
1046.30725	0.10000000000013642	TimeIntervals	Lick
1047.9075	0.06675000000018372	TimeIntervals	Lick
1049.141	0.10000000000013642	TimeIntervals	Lick
1050.2080000000003	0.09999999999968168	TimeIntervals	Lick
1051.1080000000002	0.10000000000013642	TimeIntervals	Lick
1052.2415000000003	0.09999999999968168	TimeIntervals	Lick
1053.3085	0.09999999999990905	TimeIntervals	Lick
1054.3419999999999	0.13325000000008913	TimeIntervals	Lick
1054.6419999999998	0.1000000000003638	TimeIntervals	Lick
1055.8755	0.09999999999990905	TimeIntervals	Lick
1056.00875	0.06674999999995634	TimeIntervals	Lick
1056.20875	0.06675000000018372	TimeIntervals	Lick
1056.6755	0.06674999999995634	TimeIntervals	Lick
1059.6425	0.06674999999995634	TimeIntervals	Lick
1059.8760000000002	0.06674999999972897	TimeIntervals	Lick
1059.9760000000003	0.09999999999968168	TimeIntervals	Lick
1060.1095	0.06649999999967804	TimeIntervals	Lick
1060.2427500000001	0.06674999999995634	TimeIntervals	Lick
1060.3427499999998	0.10000000000013642	TimeIntervals	Lick
1060.4760000000003	0.06674999999972897	TimeIntervals	Lick
1060.576	0.09999999999968168	TimeIntervals	Lick
1060.576	0.06674999999995634	TimeIntervals	Reward
1060.7094999999997	0.5	TimeIntervals	Lick
1061.2430000000002	0.20000000000004547	TimeIntervals	Lick
1061.4762500000002	0.1999999999998181	TimeIntervals	Lick
1061.7094999999997	0.1000000000003638	TimeIntervals	Lick
1061.843	0.10000000000013642	TimeIntervals	Lick
1061.9765000000002	0.19999999999959073	TimeIntervals	Lick
1062.20975	0.09999999999990905	TimeIntervals	Lick
1062.343	0.4667499999998199	TimeIntervals	Lick
1062.843	0.10000000000013642	TimeIntervals	Lick
1062.9765000000002	0.09999999999968168	TimeIntervals	Lick
1063.14325	0.06674999999972897	TimeIntervals	Lick
1063.24325	0.09999999999990905	TimeIntervals	Lick
1063.3765	0.10000000000013642	TimeIntervals	Lick
1063.54325	0.10000000000013642	TimeIntervals	Lick
1063.6764999999998	0.10000000000013642	TimeIntervals	Lick
1063.84325	0.06675000000041109	TimeIntervals	Lick
1064.01	0.09999999999990905	TimeIntervals	Lick
1064.1764999999998	0.06700000000023465	TimeIntervals	Lick
1064.3767500000001	0.06674999999995634	TimeIntervals	Lick
1064.5435000000002	0.06649999999967804	TimeIntervals	Lick
1064.7767500000002	0.09999999999990905	TimeIntervals	Lick
1064.97675	0.09999999999990905	TimeIntervals	Lick
1065.1435000000001	0.06649999999967804	TimeIntervals	Lick
1065.277	0.06649999999990541	TimeIntervals	Lick
1065.977	0.33324999999990723	TimeIntervals	Lick
1066.777	0.09999999999990905	TimeIntervals	Lick
1067.0105	0.09999999999990905	TimeIntervals	Lick
1067.2437499999999	0.06675000000018372	TimeIntervals	Lick
1067.477	0.06700000000000728	TimeIntervals	Lick
1067.7105	0.10000000000013642	TimeIntervals	Lick
1067.944	0.06650000000013279	TimeIntervals	Lick
1068.07725	0.06674999999972897	TimeIntervals	Lick
1070.64425	0.09999999999990905	TimeIntervals	Lick
1070.811	0.06675000000018372	TimeIntervals	Lick
1070.9777500000002	0.09999999999968168	TimeIntervals	Lick
1071.1445	0.09999999999990905	TimeIntervals	Lick
1071.37775	0.06675000000018372	TimeIntervals	Lick
1071.5445000000002	0.13324999999963438	TimeIntervals	Lick
1071.811	0.06700000000000728	TimeIntervals	Lick
1071.9445000000003	0.09999999999990905	TimeIntervals	Lick
1072.1445	0.09999999999990905	TimeIntervals	Lick
1072.3112500000002	0.06674999999972897	TimeIntervals	Lick
1073.54475	0.09999999999990905	TimeIntervals	Lick
1074.04475	0.10024999999995998	TimeIntervals	Lick
1074.27825	0.13324999999986176	TimeIntervals	Lick
1075.2785000000001	0.09999999999968168	TimeIntervals	Lick
1076.045	0.09999999999990905	TimeIntervals	Lick
1076.4452500000002	0.13324999999986176	TimeIntervals	Lick
1076.6452499999998	0.10000000000013642	TimeIntervals	Lick
1076.8120000000001	0.13325000000008913	TimeIntervals	Lick
1077.1452499999998	0.10000000000013642	TimeIntervals	Lick
1077.8787499999999	0.10000000000013642	TimeIntervals	Lick
1078.6122500000001	0.09999999999990905	TimeIntervals	Lick
1079.7457499999998	0.06675000000018372	TimeIntervals	Lick
1079.879	0.06675000000041109	TimeIntervals	Lick
1080.0124999999998	0.06650000000036016	TimeIntervals	Lick
1080.14575	0.06675000000018372	TimeIntervals	Lick
1080.279	0.06674999999995634	TimeIntervals	Lick
1080.4125000000001	0.06649999999990541	TimeIntervals	Lick
1080.5124999999998	0.06650000000036016	TimeIntervals	Lick
1080.6125000000002	0.09999999999990905	TimeIntervals	Lick
1080.746	0.06649999999990541	TimeIntervals	Lick
1080.846	0.10000000000013642	TimeIntervals	Lick
1080.9792500000003	0.1999999999998181	TimeIntervals	Lick
1081.2125	0.09999999999990905	TimeIntervals	Lick
1081.37925	0.06675000000018372	TimeIntervals	Lick
1081.5124999999998	0.06675000000018372	TimeIntervals	Lick
1081.6125000000002	2.900499999999738	TimeIntervals	Lick
1081.6125000000002	0.09999999999990905	TimeIntervals	Reward
1084.5465000000002	0.06649999999990541	TimeIntervals	Lick
1084.67975	0.10000000000013642	TimeIntervals	Lick
1084.813	0.09999999999990905	TimeIntervals	Lick
1084.9465000000002	0.09999999999990905	TimeIntervals	Lick
1085.08	0.10000000000013642	TimeIntervals	Lick
1085.2465	0.2335000000000491	TimeIntervals	Lick
1085.51325	0.09999999999990905	TimeIntervals	Lick
1085.6465	0.13350000000014006	TimeIntervals	Lick
1085.8132500000002	0.10000000000013642	TimeIntervals	Lick
1085.98	0.06650000000013279	TimeIntervals	Lick
1086.54675	0.3000000000001819	TimeIntervals	Lick
1086.9135000000003	0.06649999999967804	TimeIntervals	Lick
1087.1467499999999	0.10025000000018736	TimeIntervals	Lick
1087.347	0.033249999999952706	TimeIntervals	Lick
1087.6134999999997	0.06675000000041109	TimeIntervals	Lick
1087.747	0.06650000000013279	TimeIntervals	Lick
1087.9470000000003	0.13324999999986176	TimeIntervals	Lick
1088.247	0.1334999999999127	TimeIntervals	Lick
1088.51375	0.13324999999963438	TimeIntervals	Lick
1088.7805	0.06649999999990541	TimeIntervals	Lick
1089.01375	0.13324999999963438	TimeIntervals	Lick
1089.3805	0.1334999999999127	TimeIntervals	Lick
1090.8475	0.10000000000013642	TimeIntervals	Lick
1091.0475	0.13325000000008913	TimeIntervals	Lick
1091.2475	0.10000000000013642	TimeIntervals	Lick
1092.981	0.10000000000013642	TimeIntervals	Lick
1093.2477499999998	0.10000000000013642	TimeIntervals	Lick
1094.1145	0.10000000000013642	TimeIntervals	Lick
1094.548	0.10000000000013642	TimeIntervals	Lick
1095.1815000000004	0.0999999999994543	TimeIntervals	Lick
1095.4815	0.13324999999986176	TimeIntervals	Lick
1095.8815	0.2667500000002292	TimeIntervals	Lick
1096.6482500000002	0.09999999999968168	TimeIntervals	Lick
1096.9815	0.2669999999998254	TimeIntervals	Lick
1097.3485	0.06650000000013279	TimeIntervals	Lick
1097.6485	0.09999999999990905	TimeIntervals	Lick
1097.8485	0.10000000000013642	TimeIntervals	Lick
1100.5822500000002	0.10000000000013642	TimeIntervals	Lick
1101.1490000000001	0.13325000000008913	TimeIntervals	Lick
1101.5825	0.13325000000008913	TimeIntervals	Lick
1102.8492500000002	0.33324999999990723	TimeIntervals	Lick
1104.8159999999998	0.6670000000003711	TimeIntervals	Lick
1107.1165000000003	0.8334999999997308	TimeIntervals	Lick
1107.9832500000005	0.13324999999986176	TimeIntervals	Lick
1108.15	0.09999999999990905	TimeIntervals	Lick
1108.2835	0.16650000000004184	TimeIntervals	Lick
1108.4835000000003	0.09999999999990905	TimeIntervals	Lick
1108.6167500000001	0.10000000000013642	TimeIntervals	Lick
1108.7167500000003	0.03324999999972533	TimeIntervals	Reward
1108.75	1.200249999999869	TimeIntervals	Lick
1109.9835000000003	0.09999999999990905	TimeIntervals	Lick
1110.1170000000002	0.09999999999990905	TimeIntervals	Lick
1110.25025	0.10024999999995998	TimeIntervals	Lick
1110.38375	0.1000000000003638	TimeIntervals	Lick
1110.5169999999998	0.1000000000003638	TimeIntervals	Lick
1110.6505000000002	0.09999999999990905	TimeIntervals	Lick
1110.7837499999998	0.10000000000013642	TimeIntervals	Lick
1110.917	0.09999999999990905	TimeIntervals	Lick
1111.08375	0.06675000000018372	TimeIntervals	Lick
1111.217	0.09999999999968168	TimeIntervals	Lick
1111.38375	0.10025000000018736	TimeIntervals	Lick
1111.5505	0.10000000000013642	TimeIntervals	Lick
1111.7172500000001	0.06674999999972897	TimeIntervals	Lick
1111.884	0.06649999999990541	TimeIntervals	Lick
1112.0505	0.06674999999995634	TimeIntervals	Lick
1112.2172500000001	0.06674999999972897	TimeIntervals	Lick
1113.0175	0.1332500000003165	TimeIntervals	Lick
1119.2517500000001	0.06674999999972897	TimeIntervals	Lick
1119.4850000000004	0.06674999999972897	TimeIntervals	Lick
1119.785	0.10000000000013642	TimeIntervals	Lick
1119.9185	0.10000000000013642	TimeIntervals	Lick
1126.3194999999998	0.1000000000003638	TimeIntervals	Lick
1127.853	0.09999999999990905	TimeIntervals	Lick
1128.0197500000002	0.033249999999952706	TimeIntervals	Lick
1128.21975	0.06674999999995634	TimeIntervals	Lick
1128.3197499999999	0.10000000000013642	TimeIntervals	Lick
1128.453	0.10000000000013642	TimeIntervals	Lick
1128.5865	0.10000000000013642	TimeIntervals	Lick
1128.71975	0.09999999999990905	TimeIntervals	Lick
1128.753	0.10000000000013642	TimeIntervals	Reward
1128.853	4.100750000000062	TimeIntervals	Lick
1133.05375	0.1000000000003638	TimeIntervals	Lick
1133.2204999999997	0.1332500000003165	TimeIntervals	Lick
1133.4205000000002	0.06674999999995634	TimeIntervals	Lick
1133.78725	0.06674999999972897	TimeIntervals	Lick
1133.9540000000002	0.09999999999990905	TimeIntervals	Lick
1134.1872500000002	0.06674999999995634	TimeIntervals	Lick
1134.3204999999998	0.06675000000041109	TimeIntervals	Lick
1134.5874999999999	0.06650000000036016	TimeIntervals	Lick
1134.8539999999998	0.06675000000063847	TimeIntervals	Lick
1135.1875000000002	0.06649999999990541	TimeIntervals	Lick
1137.321	0.1000000000003638	TimeIntervals	Lick
1137.48775	0.06675000000018372	TimeIntervals	Lick
1137.6877500000003	0.06674999999995634	TimeIntervals	Lick
1137.9212500000003	0.1667499999998654	TimeIntervals	Lick
1139.488	3.634000000000242	TimeIntervals	Lick
1143.1552500000003	0.06674999999995634	TimeIntervals	Lick
1143.25525	0.06675000000018372	TimeIntervals	Lick
1143.3555	0.20000000000027285	TimeIntervals	Lick
1143.58875	0.1000000000003638	TimeIntervals	Lick
1143.7220000000002	0.09999999999990905	TimeIntervals	Lick
1143.8220000000001	0.06674999999995634	TimeIntervals	Reward
1143.8555	0.06650000000036016	TimeIntervals	Lick
1143.9555	1.1000000000001364	TimeIntervals	Lick
1145.089	0.20000000000027285	TimeIntervals	Lick
1145.3222500000002	0.09999999999990905	TimeIntervals	Lick
1145.4555	0.10024999999995998	TimeIntervals	Lick
1145.589	0.1000000000003638	TimeIntervals	Lick
1145.7225	0.10000000000013642	TimeIntervals	Lick
1145.85575	0.10000000000013642	TimeIntervals	Lick
1146.0224999999998	0.06650000000013279	TimeIntervals	Lick
1146.1557500000001	0.09999999999990905	TimeIntervals	Lick
1146.2890000000002	0.09999999999968168	TimeIntervals	Lick
1146.45575	0.06674999999972897	TimeIntervals	Lick
1146.6225000000002	0.09999999999990905	TimeIntervals	Lick
1146.98925	0.06674999999995634	TimeIntervals	Lick
1147.1560000000002	0.06649999999990541	TimeIntervals	Lick
1147.4560000000001	0.13325000000008913	TimeIntervals	Lick
1147.6225000000002	0.5670000000002346	TimeIntervals	Lick
1150.28975	0.06675000000018372	TimeIntervals	Lick
1151.3565	0.06675000000018372	TimeIntervals	Lick
1151.5232499999997	0.06675000000018372	TimeIntervals	Lick
1157.0575000000001	0.09999999999990905	TimeIntervals	Lick
1157.6575	0.1334999999999127	TimeIntervals	Lick
1157.8575	0.1000000000003638	TimeIntervals	Reward
1158.0575000000001	5.93425000000002	TimeIntervals	Lick
1164.0249999999999	0.1000000000003638	TimeIntervals	Lick
1164.1585	0.10000000000013642	TimeIntervals	Lick
1165.3587499999999	0.1000000000003638	TimeIntervals	Lick
1165.5255	0.06650000000013279	TimeIntervals	Lick
1165.6920000000002	0.09999999999968168	TimeIntervals	Lick
1166.092	0.1334999999999127	TimeIntervals	Lick
1166.3255	1.13350000000014	TimeIntervals	Lick
1167.5257499999998	0.10000000000059117	TimeIntervals	Lick
1167.6925	0.09999999999968168	TimeIntervals	Lick
1167.8925	0.06650000000013279	TimeIntervals	Lick
1168.0925000000002	0.09999999999990905	TimeIntervals	Lick
1168.42575	0.09999999999968168	TimeIntervals	Lick
