onset	duration	nwb_table	event_type
11.797000000000004	0.06649999999999778	TimeIntervals	Lick
12.030249999999999	0.10000000000000142	TimeIntervals	Reward
12.330250000000001	0.16674999999999862	TimeIntervals	Lick
12.530249999999999	0.06675000000000253	TimeIntervals	Lick
12.63025	0.06675000000000075	TimeIntervals	Lick
12.73025	0.10025000000000261	TimeIntervals	Lick
12.863750000000003	0.09999999999999787	TimeIntervals	Lick
12.997	0.06674999999999898	TimeIntervals	Lick
13.1305	0.06650000000000134	TimeIntervals	Lick
13.263750000000002	0.06675000000000075	TimeIntervals	Lick
13.397	0.06675000000000075	TimeIntervals	Lick
13.497	0.09999999999999964	TimeIntervals	Lick
13.6305	0.10000000000000142	TimeIntervals	Lick
13.763750000000002	0.10000000000000142	TimeIntervals	Lick
13.897	0.10025000000000084	TimeIntervals	Lick
14.0305	0.09999999999999964	TimeIntervals	Lick
14.164000000000001	0.20000000000000107	TimeIntervals	Lick
14.397250000000001	0.09999999999999964	TimeIntervals	Lick
14.5305	0.10000000000000142	TimeIntervals	Lick
14.697250000000002	0.033249999999997115	TimeIntervals	Lick
14.8305	0.09999999999999964	TimeIntervals	Lick
16.46425	0.09999999999999787	TimeIntervals	Lick
16.631	0.1332500000000003	TimeIntervals	Lick
16.86425	0.06675000000000253	TimeIntervals	Lick
17.131	0.06650000000000134	TimeIntervals	Lick
17.264499999999998	0.10000000000000142	TimeIntervals	Lick
17.697750000000003	0.06674999999999542	TimeIntervals	Lick
18.131	0.06675000000000253	TimeIntervals	Lick
18.298000000000002	0.10000000000000142	TimeIntervals	Lick
18.73125	0.06675000000000253	TimeIntervals	Lick
18.8645	0.10000000000000142	TimeIntervals	Lick
19.098	0.06650000000000134	TimeIntervals	Lick
19.23125	0.06675000000000253	TimeIntervals	Lick
19.3645	0.10025000000000261	TimeIntervals	Lick
19.964750000000002	0.06674999999999898	TimeIntervals	Lick
20.89825	0.10000000000000142	TimeIntervals	Lick
21.064999999999998	0.06650000000000489	TimeIntervals	Lick
21.231499999999997	0.10000000000000497	TimeIntervals	Lick
21.465000000000003	0.06650000000000134	TimeIntervals	Lick
21.965000000000003	0.06675000000000253	TimeIntervals	Lick
22.131750000000004	0.09999999999999432	TimeIntervals	Lick
22.9985	0.10000000000000142	TimeIntervals	Lick
23.66525	0.06674999999999898	TimeIntervals	Lick
24.19875	0.06674999999999898	TimeIntervals	Lick
24.532000000000004	0.06674999999999898	TimeIntervals	Lick
24.965500000000002	0.09999999999999432	TimeIntervals	Lick
25.132250000000003	0.06674999999999542	TimeIntervals	Lick
25.33225	0.06675000000000253	TimeIntervals	Lick
25.698999999999998	0.06650000000000134	TimeIntervals	Lick
25.865499999999997	0.06675000000000608	TimeIntervals	Lick
26.06575	0.09999999999999787	TimeIntervals	Lick
26.198999999999998	0.10000000000000497	TimeIntervals	Lick
26.332500000000003	0.10000000000000142	TimeIntervals	Lick
26.465750000000003	0.09999999999999787	TimeIntervals	Lick
26.599	0.09999999999999787	TimeIntervals	Lick
26.765749999999997	0.10000000000000142	TimeIntervals	Lick
26.965750000000003	0.06674999999999542	TimeIntervals	Lick
27.099250000000005	0.06674999999999187	TimeIntervals	Lick
27.19925	0.10000000000000142	TimeIntervals	Lick
27.332500000000003	0.10000000000000142	TimeIntervals	Reward
27.332500000000003	0.10000000000000142	TimeIntervals	Lick
27.466000000000005	0.3999999999999986	TimeIntervals	Lick
27.899250000000002	0.06675000000000253	TimeIntervals	Lick
27.999250000000004	0.10000000000000142	TimeIntervals	Lick
28.132500000000004	0.10024999999999551	TimeIntervals	Lick
28.265999999999995	0.06675000000000253	TimeIntervals	Lick
28.366000000000003	0.10000000000000142	TimeIntervals	Lick
28.4995	0.09999999999999432	TimeIntervals	Lick
28.63275	0.06674999999999898	TimeIntervals	Lick
28.73275	0.09999999999999787	TimeIntervals	Lick
28.866	0.10000000000000497	TimeIntervals	Lick
28.9995	0.1999999999999993	TimeIntervals	Lick
29.23275	0.10024999999999906	TimeIntervals	Lick
29.399500000000003	0.19999999999999218	TimeIntervals	Lick
29.666249999999998	0.09999999999999787	TimeIntervals	Lick
29.833	0.06650000000000489	TimeIntervals	Lick
29.933000000000003	0.13324999999999676	TimeIntervals	Lick
30.099499999999995	0.06675000000000253	TimeIntervals	Lick
30.599750000000004	0.1332500000000003	TimeIntervals	Lick
32.9335	0.09999999999999432	TimeIntervals	Lick
33.1	0.06674999999999898	TimeIntervals	Lick
34.60025	0.09999999999999432	TimeIntervals	Lick
34.83375	0.09999999999999432	TimeIntervals	Lick
35.80050000000001	0.09999999999998721	TimeIntervals	Lick
37.20075	0.06674999999999898	TimeIntervals	Lick
37.534000000000006	0.09999999999999432	TimeIntervals	Lick
39.967749999999995	0.06674999999999898	TimeIntervals	Lick
40.668000000000006	0.06649999999999068	TimeIntervals	Lick
40.9345	0.09999999999999432	TimeIntervals	Lick
41.1345	0.06674999999999898	TimeIntervals	Lick
41.30125	0.10025000000000261	TimeIntervals	Lick
41.43475	0.10000000000000142	TimeIntervals	Lick
42.268	0.10000000000000853	TimeIntervals	Lick
42.56824999999999	0.10000000000000853	TimeIntervals	Lick
43.668499999999995	0.10000000000000142	TimeIntervals	Lick
43.835	0.10000000000000142	TimeIntervals	Lick
44.468500000000006	0.06649999999999068	TimeIntervals	Lick
45.402	0.10000000000000853	TimeIntervals	Lick
45.9355	0.10000000000000142	TimeIntervals	Lick
47.56900000000001	0.0999999999999801	TimeIntervals	Lick
48.56900000000001	0.0999999999999801	TimeIntervals	Lick
50.0025	0.10000000000000853	TimeIntervals	Lick
50.70275	0.06674999999999187	TimeIntervals	Lick
51.0695	0.10000000000000142	TimeIntervals	Lick
51.236250000000005	0.06674999999999898	TimeIntervals	Lick
51.33625	0.10000000000000142	TimeIntervals	Lick
51.503	0.09999999999999432	TimeIntervals	Lick
51.669500000000006	0.10000000000000142	TimeIntervals	Lick
51.736250000000005	0.09999999999999432	TimeIntervals	Reward
51.803000000000004	0.3999999999999986	TimeIntervals	Lick
52.236250000000005	0.06674999999999898	TimeIntervals	Lick
52.3365	0.19999999999999574	TimeIntervals	Lick
52.56975	0.10000000000000853	TimeIntervals	Lick
52.703	0.06674999999999898	TimeIntervals	Lick
52.803000000000004	0.10000000000000142	TimeIntervals	Lick
52.9365	0.09999999999999432	TimeIntervals	Lick
53.06975	0.06675000000000608	TimeIntervals	Lick
53.16975000000001	0.09999999999999432	TimeIntervals	Lick
53.303000000000004	0.10000000000000142	TimeIntervals	Lick
53.4365	0.20000000000000284	TimeIntervals	Lick
53.67	0.10000000000000142	TimeIntervals	Lick
53.803250000000006	0.09999999999999432	TimeIntervals	Lick
53.9365	0.09999999999999432	TimeIntervals	Lick
54.07	0.10000000000000142	TimeIntervals	Lick
54.20325	0.10000000000000853	TimeIntervals	Lick
54.37	0.06650000000000489	TimeIntervals	Lick
56.1035	0.10000000000000142	TimeIntervals	Lick
59.77075	0.06675000000001319	TimeIntervals	Lick
59.971	0.06650000000000489	TimeIntervals	Lick
61.17100000000001	0.09999999999999432	TimeIntervals	Lick
62.2045	0.09999999999999432	TimeIntervals	Lick
62.9045	0.09999999999999432	TimeIntervals	Lick
63.238	0.06675000000000608	TimeIntervals	Lick
63.37149999999999	0.06650000000000489	TimeIntervals	Lick
63.50475	0.09999999999999432	TimeIntervals	Lick
63.83800000000001	0.09999999999998721	TimeIntervals	Lick
64.00475	0.06674999999999898	TimeIntervals	Lick
64.0715	0.09999999999999432	TimeIntervals	Reward
64.10474999999998	0.400250000000014	TimeIntervals	Lick
64.53824999999999	0.09999999999999432	TimeIntervals	Lick
64.6715	0.06675000000001319	TimeIntervals	Lick
64.7715	0.10000000000000853	TimeIntervals	Lick
64.905	0.20000000000000284	TimeIntervals	Lick
65.13824999999999	0.10000000000002274	TimeIntervals	Lick
65.2715	0.20000000000000284	TimeIntervals	Lick
65.505	0.10000000000000853	TimeIntervals	Lick
65.6385	0.10000000000000853	TimeIntervals	Lick
65.77175000000001	0.09999999999999432	TimeIntervals	Lick
65.905	0.20000000000000284	TimeIntervals	Lick
66.1385	0.10000000000000853	TimeIntervals	Lick
66.27175000000001	0.09999999999999432	TimeIntervals	Lick
66.405	0.06675000000001319	TimeIntervals	Lick
66.505	0.10025000000000261	TimeIntervals	Lick
66.672	0.06650000000000489	TimeIntervals	Lick
66.77200000000002	0.0999999999999801	TimeIntervals	Lick
69.839	0.06675000000001319	TimeIntervals	Lick
69.97250000000001	0.06649999999999068	TimeIntervals	Lick
72.2395	0.0999999999999801	TimeIntervals	Lick
73.873	0.10000000000000853	TimeIntervals	Lick
74.17300000000002	0.0999999999999801	TimeIntervals	Lick
74.63975	0.09999999999999432	TimeIntervals	Lick
75.44000000000001	0.06649999999999068	TimeIntervals	Lick
77.04	0.06674999999999898	TimeIntervals	Lick
77.33999999999999	0.10000000000002274	TimeIntervals	Reward
77.54	0.2669999999999817	TimeIntervals	Lick
77.84025	0.16675000000002171	TimeIntervals	Lick
78.0735	0.06675000000001319	TimeIntervals	Lick
78.17350000000003	0.06674999999997056	TimeIntervals	Lick
78.27350000000001	0.0999999999999801	TimeIntervals	Lick
78.407	0.10000000000002274	TimeIntervals	Lick
78.54025	0.06675000000001319	TimeIntervals	Lick
78.6405	0.09999999999999432	TimeIntervals	Lick
78.77375	0.19999999999998863	TimeIntervals	Lick
79.00700000000002	0.09999999999999432	TimeIntervals	Lick
79.1405	0.20000000000000284	TimeIntervals	Lick
79.37374999999999	0.10000000000000853	TimeIntervals	Lick
79.50700000000002	0.09999999999999432	TimeIntervals	Lick
79.6405	0.09999999999999432	TimeIntervals	Lick
79.774	0.09999999999999432	TimeIntervals	Lick
79.90724999999999	0.10000000000000853	TimeIntervals	Lick
80.0405	0.10000000000000853	TimeIntervals	Lick
80.20725	0.06674999999999898	TimeIntervals	Lick
83.17450000000002	0.0999999999999659	TimeIntervals	Lick
83.30775	0.06675000000001319	TimeIntervals	Lick
83.441	0.10000000000000853	TimeIntervals	Lick
83.64100000000002	0.0999999999999801	TimeIntervals	Lick
83.80775	0.10000000000000853	TimeIntervals	Lick
84.60800000000002	0.09999999999999432	TimeIntervals	Lick
86.8415	0.06675000000001319	TimeIntervals	Lick
87.10825	0.0667500000000274	TimeIntervals	Lick
87.2415	0.09999999999999432	TimeIntervals	Lick
87.6085	0.09999999999999432	TimeIntervals	Lick
87.77500000000002	0.06674999999998477	TimeIntervals	Lick
87.94175000000001	0.06674999999998477	TimeIntervals	Lick
88.1085	0.0665000000000191	TimeIntervals	Lick
88.2085	0.09999999999999432	TimeIntervals	Lick
89.042	0.09999999999999432	TimeIntervals	Lick
89.27525000000001	0.0999999999999801	TimeIntervals	Lick
91.109	0.09999999999999432	TimeIntervals	Lick
91.27550000000001	0.06674999999998477	TimeIntervals	Lick
91.70899999999999	0.10000000000000853	TimeIntervals	Lick
91.87574999999998	0.06675000000001319	TimeIntervals	Lick
92.00899999999999	0.10000000000000853	TimeIntervals	Lick
92.17575000000001	0.06674999999999898	TimeIntervals	Lick
92.309	0.10000000000000853	TimeIntervals	Lick
92.4425	0.10000000000000853	TimeIntervals	Reward
92.57575	0.2667500000000018	TimeIntervals	Lick
92.87599999999999	0.20000000000001705	TimeIntervals	Lick
93.10925000000002	0.09999999999999432	TimeIntervals	Lick
93.2425	0.06675000000001319	TimeIntervals	Lick
93.37600000000002	0.06649999999999068	TimeIntervals	Lick
93.47600000000003	0.0999999999999801	TimeIntervals	Lick
93.60925000000002	0.09999999999999432	TimeIntervals	Lick
93.7425	0.06675000000001319	TimeIntervals	Lick
93.8425	0.10000000000000853	TimeIntervals	Lick
93.97600000000003	0.19999999999998863	TimeIntervals	Lick
94.20950000000002	0.0999999999999801	TimeIntervals	Lick
94.34275000000001	0.19999999999998863	TimeIntervals	Lick
94.57600000000001	0.10000000000000853	TimeIntervals	Lick
94.70950000000002	0.0999999999999801	TimeIntervals	Lick
94.84275000000001	0.333500000000015	TimeIntervals	Lick
95.243	0.06650000000000489	TimeIntervals	Lick
97.61000000000001	0.10000000000000853	TimeIntervals	Lick
98.24325	0.10000000000000853	TimeIntervals	Lick
98.51	0.10000000000000853	TimeIntervals	Lick
98.87675000000002	0.10000000000000853	TimeIntervals	Lick
99.777	0.10000000000000853	TimeIntervals	Reward
99.97700000000002	0.166499999999985	TimeIntervals	Lick
100.17700000000002	0.06649999999997647	TimeIntervals	Lick
100.277	0.06650000000000489	TimeIntervals	Lick
100.37700000000001	0.10000000000000853	TimeIntervals	Lick
100.51025	0.10025000000000261	TimeIntervals	Lick
100.64375	0.06675000000001319	TimeIntervals	Lick
100.74374999999999	0.10000000000000853	TimeIntervals	Lick
100.87700000000001	0.06674999999999898	TimeIntervals	Lick
100.97700000000002	0.0999999999999801	TimeIntervals	Lick
101.1105	0.10000000000000853	TimeIntervals	Lick
101.24374999999999	0.10000000000000853	TimeIntervals	Lick
101.37700000000001	0.10000000000000853	TimeIntervals	Lick
101.5105	0.10000000000000853	TimeIntervals	Lick
101.64375	0.20024999999999693	TimeIntervals	Lick
101.87725	0.10000000000002274	TimeIntervals	Lick
102.0105	0.10000000000000853	TimeIntervals	Lick
102.144	0.09999999999999432	TimeIntervals	Lick
102.3105	0.06674999999999898	TimeIntervals	Lick
102.444	0.10000000000000853	TimeIntervals	Lick
102.57725	0.09999999999999432	TimeIntervals	Lick
102.71050000000001	0.1002499999999884	TimeIntervals	Lick
103.31075	0.10000000000000853	TimeIntervals	Lick
103.47750000000002	0.0999999999999801	TimeIntervals	Lick
103.644	0.09999999999999432	TimeIntervals	Lick
104.04425000000002	0.06674999999998477	TimeIntervals	Lick
106.27800000000002	0.03324999999999534	TimeIntervals	Lick
106.37800000000001	0.06650000000000489	TimeIntervals	Lick
106.51125	0.06674999999999898	TimeIntervals	Lick
106.67800000000001	0.06649999999997647	TimeIntervals	Lick
106.91125	0.10000000000000853	TimeIntervals	Lick
107.078	0.10000000000000853	TimeIntervals	Lick
107.578	0.10000000000000853	TimeIntervals	Lick
107.94475000000001	0.06674999999997056	TimeIntervals	Lick
108.245	0.09999999999999432	TimeIntervals	Lick
108.37825	0.10000000000000853	TimeIntervals	Lick
108.51149999999998	0.10000000000002274	TimeIntervals	Lick
108.64500000000001	0.09999999999999432	TimeIntervals	Lick
108.77825000000001	0.0999999999999801	TimeIntervals	Reward
108.77825000000001	0.0999999999999801	TimeIntervals	Lick
108.9115	0.1667500000000075	TimeIntervals	Lick
109.1115	0.09999999999999432	TimeIntervals	Lick
109.245	0.06650000000000489	TimeIntervals	Lick
109.345	0.19999999999998863	TimeIntervals	Lick
109.61175	0.0667500000000274	TimeIntervals	Lick
109.71175000000001	0.10000000000000853	TimeIntervals	Lick
109.845	0.10000000000000853	TimeIntervals	Lick
109.97850000000001	0.20000000000001705	TimeIntervals	Lick
110.21175000000001	0.10000000000000853	TimeIntervals	Lick
110.345	0.10000000000000853	TimeIntervals	Lick
110.51199999999999	0.0665000000000191	TimeIntervals	Lick
110.61200000000001	0.09999999999999432	TimeIntervals	Lick
110.74525	0.20000000000000284	TimeIntervals	Lick
110.97850000000001	0.09999999999999432	TimeIntervals	Lick
111.11200000000001	0.09999999999999432	TimeIntervals	Lick
111.27850000000001	0.06674999999999898	TimeIntervals	Lick
111.37849999999999	0.10000000000002274	TimeIntervals	Lick
111.51199999999999	0.10000000000002274	TimeIntervals	Lick
111.6455	0.09999999999999432	TimeIntervals	Lick
111.81200000000001	0.06674999999999898	TimeIntervals	Lick
111.94550000000001	0.06649999999997647	TimeIntervals	Lick
113.5455	0.09999999999999432	TimeIntervals	Lick
113.77900000000001	0.10000000000000853	TimeIntervals	Lick
114.179	0.10000000000000853	TimeIntervals	Lick
114.34575000000001	0.10000000000000853	TimeIntervals	Lick
114.47900000000001	0.09999999999999432	TimeIntervals	Lick
117.24625	0.09999999999999432	TimeIntervals	Lick
117.41300000000001	0.03325000000000955	TimeIntervals	Lick
117.51300000000002	0.09999999999999432	TimeIntervals	Lick
119.1465	0.09999999999999432	TimeIntervals	Lick
119.71325000000002	0.0999999999999659	TimeIntervals	Lick
120.34674999999999	0.10000000000002274	TimeIntervals	Lick
120.51350000000001	0.06650000000000489	TimeIntervals	Lick
120.68000000000002	0.06674999999999898	TimeIntervals	Lick
120.78000000000002	0.0999999999999801	TimeIntervals	Lick
121.04675000000002	0.0999999999999801	TimeIntervals	Lick
121.4135	0.06674999999999898	TimeIntervals	Lick
121.54700000000003	0.0999999999999801	TimeIntervals	Lick
121.71350000000001	0.0999999999999801	TimeIntervals	Lick
121.847	0.10000000000000853	TimeIntervals	Lick
122.01350000000001	0.10000000000000853	TimeIntervals	Lick
122.38024999999999	0.10000000000000853	TimeIntervals	Lick
122.68050000000001	0.06649999999997647	TimeIntervals	Lick
122.847	0.10000000000000853	TimeIntervals	Lick
123.347	0.06674999999999898	TimeIntervals	Lick
123.48049999999999	0.10000000000000853	TimeIntervals	Lick
123.61400000000002	0.0999999999999801	TimeIntervals	Lick
124.0805	0.10000000000000853	TimeIntervals	Reward
124.14725000000001	0.3667499999999819	TimeIntervals	Lick
124.54725	0.06675000000001319	TimeIntervals	Lick
124.64725000000001	0.1002499999999884	TimeIntervals	Lick
124.78075000000001	0.06674999999998477	TimeIntervals	Lick
124.88074999999999	0.10000000000002274	TimeIntervals	Lick
125.014	0.20000000000000284	TimeIntervals	Lick
125.28075000000001	0.06674999999998477	TimeIntervals	Lick
125.38074999999999	0.10000000000002274	TimeIntervals	Lick
125.514	0.10000000000002274	TimeIntervals	Lick
125.64750000000002	0.0999999999999801	TimeIntervals	Lick
125.78075000000001	0.06674999999998477	TimeIntervals	Lick
125.91425000000001	0.06674999999999898	TimeIntervals	Lick
126.01425	0.10000000000000853	TimeIntervals	Lick
126.14750000000002	0.0999999999999801	TimeIntervals	Lick
126.28100000000002	0.06649999999997647	TimeIntervals	Lick
126.381	0.10000000000000853	TimeIntervals	Lick
126.54749999999999	0.20000000000001705	TimeIntervals	Lick
126.78100000000002	0.0999999999999801	TimeIntervals	Lick
126.91449999999999	0.10000000000000853	TimeIntervals	Lick
127.04775	0.10000000000003695	TimeIntervals	Lick
127.18100000000004	0.0999999999999801	TimeIntervals	Lick
127.44775	0.09999999999999432	TimeIntervals	Lick
128.08125	0.10000000000002274	TimeIntervals	Lick
129.148	0.10000000000002274	TimeIntervals	Lick
130.94824999999997	0.10000000000002274	TimeIntervals	Lick
133.18200000000002	0.09999999999999432	TimeIntervals	Lick
133.482	0.10000000000002274	TimeIntervals	Lick
133.64875	0.06674999999998477	TimeIntervals	Lick
133.74875000000003	0.0999999999999659	TimeIntervals	Lick
134.18200000000002	0.09999999999999432	TimeIntervals	Lick
135.28225	0.10000000000002274	TimeIntervals	Lick
135.5155	0.06674999999998477	TimeIntervals	Lick
135.71574999999999	0.06675000000001319	TimeIntervals	Lick
135.849	0.06675000000001319	TimeIntervals	Lick
135.98250000000002	0.09999999999999432	TimeIntervals	Lick
136.11575	0.09999999999999432	TimeIntervals	Lick
136.24900000000002	0.0999999999999659	TimeIntervals	Lick
136.38250000000002	0.06649999999999068	TimeIntervals	Lick
136.51575	0.06675000000001319	TimeIntervals	Lick
136.88250000000002	0.09999999999999432	TimeIntervals	Lick
137.016	0.20000000000004547	TimeIntervals	Lick
137.28250000000003	0.09999999999999432	TimeIntervals	Lick
137.44925	0.06674999999998477	TimeIntervals	Lick
137.616	0.06649999999999068	TimeIntervals	Lick
137.74925000000002	0.09999999999999432	TimeIntervals	Lick
138.54950000000002	0.06649999999999068	TimeIntervals	Lick
138.7495	0.06649999999996226	TimeIntervals	Lick
140.04950000000002	0.06699999999995043	TimeIntervals	Lick
140.883	0.09999999999999432	TimeIntervals	Lick
141.04975000000002	0.10024999999995998	TimeIntervals	Lick
141.9165	0.10000000000002274	TimeIntervals	Lick
142.91674999999998	0.10000000000002274	TimeIntervals	Lick
143.25000000000003	0.06674999999998477	TimeIntervals	Lick
143.38350000000003	0.06674999999995634	TimeIntervals	Lick
143.51700000000002	0.0999999999999659	TimeIntervals	Lick
143.95024999999998	0.09999999999999432	TimeIntervals	Lick
145.88400000000001	0.06649999999996226	TimeIntervals	Lick
147.05075	0.10000000000002274	TimeIntervals	Lick
147.35075000000003	0.06674999999995634	TimeIntervals	Lick
147.484	0.09999999999999432	TimeIntervals	Lick
147.65075000000002	0.10024999999995998	TimeIntervals	Lick
148.28425000000001	0.09999999999999432	TimeIntervals	Lick
148.85100000000003	0.06674999999998477	TimeIntervals	Lick
148.9845	0.0665000000000191	TimeIntervals	Lick
149.0845	0.09999999999999432	TimeIntervals	Lick
149.21775000000002	0.06675000000001319	TimeIntervals	Lick
149.31775	0.10000000000002274	TimeIntervals	Lick
149.3845	0.09999999999999432	TimeIntervals	Reward
149.45100000000002	0.3667499999999677	TimeIntervals	Lick
149.8845	0.0665000000000191	TimeIntervals	Lick
149.9845	0.19999999999998863	TimeIntervals	Lick
150.21800000000002	0.09999999999999432	TimeIntervals	Lick
150.35125000000002	0.09999999999999432	TimeIntervals	Lick
150.4845	0.09999999999999432	TimeIntervals	Lick
150.618	0.06649999999999068	TimeIntervals	Lick
150.71800000000002	0.09999999999999432	TimeIntervals	Lick
150.85125000000002	0.09999999999999432	TimeIntervals	Lick
150.9845	0.2335000000000207	TimeIntervals	Lick
151.2515	0.10000000000002274	TimeIntervals	Lick
151.38475	0.06675000000001319	TimeIntervals	Lick
151.48475000000002	0.09999999999999432	TimeIntervals	Lick
151.6515	0.0665000000000191	TimeIntervals	Lick
151.7515	0.10000000000002274	TimeIntervals	Lick
151.88475	0.10000000000002274	TimeIntervals	Lick
154.15175000000002	0.09999999999999432	TimeIntervals	Lick
156.21875000000003	0.0999999999999659	TimeIntervals	Lick
156.352	0.06674999999998477	TimeIntervals	Lick
156.61899999999997	0.10000000000007958	TimeIntervals	Lick
156.78550000000004	0.0999999999999659	TimeIntervals	Lick
157.25225	0.10000000000002274	TimeIntervals	Lick
158.91925	0.09999999999999432	TimeIntervals	Lick
160.6195	0.0665000000000191	TimeIntervals	Lick
160.78600000000006	0.06674999999995634	TimeIntervals	Lick
160.9195	0.06675000000001319	TimeIntervals	Lick
161.4195	0.10000000000002274	TimeIntervals	Lick
161.71950000000004	0.0999999999999659	TimeIntervals	Lick
162.75300000000004	0.06674999999995634	TimeIntervals	Lick
163.32000000000002	0.03324999999998113	TimeIntervals	Lick
163.58650000000003	0.06674999999995634	TimeIntervals	Lick
163.72000000000003	0.06649999999999068	TimeIntervals	Lick
165.48700000000002	0.06649999999999068	TimeIntervals	Lick
166.58700000000002	0.06674999999995634	TimeIntervals	Lick
166.75375000000003	0.09999999999999432	TimeIntervals	Lick
167.9205	0.06675000000001319	TimeIntervals	Lick
170.721	0.06650000000004752	TimeIntervals	Lick
170.82100000000003	0.09999999999999432	TimeIntervals	Lick
170.95450000000002	0.0999999999999659	TimeIntervals	Lick
171.08775000000003	0.0999999999999659	TimeIntervals	Lick
171.35450000000003	0.06649999999999068	TimeIntervals	Lick
171.48775000000003	0.06674999999995634	TimeIntervals	Lick
171.62099999999998	0.06675000000001319	TimeIntervals	Lick
171.7545	0.0665000000000191	TimeIntervals	Reward
171.7545	0.0665000000000191	TimeIntervals	Lick
171.85450000000003	0.09999999999999432	TimeIntervals	Lick
171.98800000000003	0.16649999999995657	TimeIntervals	Lick
172.188	0.0665000000000191	TimeIntervals	Lick
172.28800000000004	0.09999999999993747	TimeIntervals	Lick
172.42125000000001	0.06675000000001319	TimeIntervals	Lick
172.52125	0.0999999999999659	TimeIntervals	Lick
172.65449999999998	0.20000000000004547	TimeIntervals	Lick
172.88799999999998	0.10000000000005116	TimeIntervals	Lick
173.0215	0.06650000000004752	TimeIntervals	Lick
173.15474999999998	0.06675000000001319	TimeIntervals	Lick
173.25475000000003	0.09999999999999432	TimeIntervals	Lick
173.38799999999998	0.2000000000000739	TimeIntervals	Lick
173.62150000000003	0.0999999999999659	TimeIntervals	Lick
173.75475000000003	0.09999999999999432	TimeIntervals	Lick
173.88799999999998	0.10000000000005116	TimeIntervals	Lick
174.0215	0.10000000000002274	TimeIntervals	Lick
174.15499999999997	0.10000000000005116	TimeIntervals	Lick
174.28825000000003	0.06674999999998477	TimeIntervals	Lick
174.9215	0.03350000000000364	TimeIntervals	Lick
176.02175	0.09999999999999432	TimeIntervals	Reward
176.18849999999998	0.26675000000003024	TimeIntervals	Lick
176.48850000000002	0.06674999999995634	TimeIntervals	Lick
176.62199999999999	0.06649999999999068	TimeIntervals	Lick
176.72200000000004	0.19999999999998863	TimeIntervals	Lick
176.95525	0.0999999999999659	TimeIntervals	Lick
177.08850000000004	0.09999999999993747	TimeIntervals	Lick
177.22200000000004	0.06649999999999068	TimeIntervals	Lick
177.322	0.10000000000002274	TimeIntervals	Lick
177.45550000000003	0.0999999999999659	TimeIntervals	Lick
177.58875	0.20000000000004547	TimeIntervals	Lick
177.822	0.10000000000002274	TimeIntervals	Lick
177.95550000000003	0.06649999999996226	TimeIntervals	Lick
178.0555	0.09999999999999432	TimeIntervals	Lick
178.18874999999997	0.10000000000007958	TimeIntervals	Lick
178.322	0.10000000000002274	TimeIntervals	Lick
178.45550000000003	0.0999999999999659	TimeIntervals	Lick
178.589	0.09999999999999432	TimeIntervals	Lick
178.72225000000006	0.0999999999999659	TimeIntervals	Lick
178.889	0.0665000000000191	TimeIntervals	Lick
179.1555	0.06675000000007003	TimeIntervals	Lick
179.28900000000004	0.06649999999993383	TimeIntervals	Lick
180.95600000000002	0.09999999999999432	TimeIntervals	Lick
181.48925000000003	0.09999999999999432	TimeIntervals	Lick
181.65599999999998	0.10000000000005116	TimeIntervals	Lick
181.78950000000003	0.10000000000002274	TimeIntervals	Lick
181.95600000000002	0.09999999999999432	TimeIntervals	Lick
182.056	0.06674999999998477	TimeIntervals	Reward
182.08950000000002	0.06649999999996226	TimeIntervals	Lick
182.1895	0.29999999999998295	TimeIntervals	Lick
182.52275	0.06675000000001319	TimeIntervals	Lick
182.62275	0.10000000000002274	TimeIntervals	Lick
182.75600000000003	0.0999999999999659	TimeIntervals	Lick
182.88950000000006	0.09999999999993747	TimeIntervals	Lick
183.023	0.0665000000000191	TimeIntervals	Lick
183.15625	0.06675000000001319	TimeIntervals	Lick
183.25625000000002	0.09999999999999432	TimeIntervals	Lick
183.38950000000006	0.06674999999992792	TimeIntervals	Lick
183.4895	0.10000000000002274	TimeIntervals	Lick
183.62300000000002	0.09999999999999432	TimeIntervals	Lick
183.75625000000002	0.09999999999999432	TimeIntervals	Lick
183.88950000000006	0.10024999999995998	TimeIntervals	Lick
184.0565	0.0665000000000191	TimeIntervals	Lick
184.1565	0.10000000000002274	TimeIntervals	Lick
184.28975000000003	0.09999999999999432	TimeIntervals	Lick
184.423	0.09999999999999432	TimeIntervals	Lick
184.5565	0.09999999999999432	TimeIntervals	Lick
184.723	0.06675000000001319	TimeIntervals	Lick
184.85650000000004	0.06649999999996226	TimeIntervals	Lick
185.19	0.10000000000002274	TimeIntervals	Lick
186.89	0.06675000000001319	TimeIntervals	Lick
187.05675000000002	0.09999999999999432	TimeIntervals	Lick
187.22350000000003	0.0999999999999659	TimeIntervals	Lick
189.1905	0.0665000000000191	TimeIntervals	Lick
189.32375000000002	0.06674999999995634	TimeIntervals	Lick
189.45700000000002	0.1002499999999884	TimeIntervals	Lick
189.624	0.10000000000002274	TimeIntervals	Lick
191.79100000000003	0.0665000000000191	TimeIntervals	Lick
192.02425	0.09999999999999432	TimeIntervals	Lick
192.35750000000004	0.06674999999998477	TimeIntervals	Lick
192.991	0.06674999999998477	TimeIntervals	Lick
193.12449999999998	0.10000000000002274	TimeIntervals	Lick
194.058	0.06649999999999068	TimeIntervals	Lick
194.49125	0.06674999999998477	TimeIntervals	Lick
194.62449999999998	0.10000000000002274	TimeIntervals	Lick
194.79125000000002	0.06674999999998477	TimeIntervals	Lick
194.92450000000002	0.1002499999999884	TimeIntervals	Lick
195.058	0.09999999999999432	TimeIntervals	Lick
195.1915	0.20000000000004547	TimeIntervals	Lick
195.42474999999996	0.10000000000005116	TimeIntervals	Lick
195.5915	0.06649999999999068	TimeIntervals	Lick
195.6915	0.10000000000002274	TimeIntervals	Lick
195.82475000000002	0.09999999999993747	TimeIntervals	Lick
195.99150000000003	0.0999999999999659	TimeIntervals	Lick
196.15825	0.06675000000001319	TimeIntervals	Lick
196.625	0.06649999999999068	TimeIntervals	Lick
198.22500000000002	0.06700000000000728	TimeIntervals	Lick
198.492	0.10000000000002274	TimeIntervals	Lick
199.02525	0.09999999999999432	TimeIntervals	Lick
199.592	0.09999999999999432	TimeIntervals	Lick
199.82549999999998	0.0665000000000191	TimeIntervals	Lick
201.29225000000002	0.06674999999998477	TimeIntervals	Lick
201.52550000000002	0.06699999999995043	TimeIntervals	Lick
203.426	0.10000000000005116	TimeIntervals	Lick
203.69250000000002	0.10025000000001683	TimeIntervals	Lick
204.893	0.09999999999999432	TimeIntervals	Lick
206.25975000000003	0.06674999999998477	TimeIntervals	Lick
207.46000000000004	0.0999999999999659	TimeIntervals	Lick
208.62674999999996	0.06675000000004161	TimeIntervals	Lick
208.72675	0.06675000000001319	TimeIntervals	Lick
208.86	0.10000000000002274	TimeIntervals	Lick
209.02675	0.06674999999998477	TimeIntervals	Lick
209.96025	0.09999999999999432	TimeIntervals	Lick
210.99375	0.09999999999999432	TimeIntervals	Lick
211.12699999999998	0.10000000000002274	TimeIntervals	Lick
211.994	0.10000000000002274	TimeIntervals	Lick
212.12725	0.10000000000002274	TimeIntervals	Lick
212.2605	0.09999999999999432	TimeIntervals	Lick
212.3605	0.06675000000001319	TimeIntervals	Reward
212.394	0.4000000000000341	TimeIntervals	Lick
212.8275	0.10000000000002274	TimeIntervals	Lick
212.96075000000002	0.06674999999998477	TimeIntervals	Lick
213.06075	0.09999999999999432	TimeIntervals	Lick
213.194	0.10000000000005116	TimeIntervals	Lick
213.3275	0.0665000000000191	TimeIntervals	Lick
213.4275	0.09999999999999432	TimeIntervals	Lick
213.56075	0.1002499999999884	TimeIntervals	Lick
213.69425	0.19999999999998863	TimeIntervals	Lick
213.9275	0.09999999999999432	TimeIntervals	Lick
214.061	0.09999999999999432	TimeIntervals	Lick
214.19425	0.09999999999999432	TimeIntervals	Lick
214.3275	0.06675000000001319	TimeIntervals	Lick
214.461	0.06649999999999068	TimeIntervals	Lick
214.59425	0.06675000000001319	TimeIntervals	Lick
214.72775000000001	0.06674999999998477	TimeIntervals	Lick
215.828	0.0665000000000191	TimeIntervals	Lick
216.22800000000004	0.0999999999999659	TimeIntervals	Lick
218.895	0.09999999999999432	TimeIntervals	Lick
219.69500000000002	0.10000000000002274	TimeIntervals	Reward
219.8285	0.36675000000002456	TimeIntervals	Lick
220.22850000000003	0.06675000000001319	TimeIntervals	Lick
220.3285	0.06675000000004161	TimeIntervals	Lick
220.4285	0.10000000000002274	TimeIntervals	Lick
220.56199999999998	0.09999999999999432	TimeIntervals	Lick
220.69525000000002	0.06675000000001319	TimeIntervals	Lick
220.79525000000004	0.1999999999999602	TimeIntervals	Lick
221.02850000000004	0.0999999999999659	TimeIntervals	Lick
221.16199999999998	0.06650000000004752	TimeIntervals	Lick
221.26200000000003	0.10000000000002274	TimeIntervals	Lick
221.39550000000003	0.1999999999999602	TimeIntervals	Lick
221.66199999999998	0.06675000000004161	TimeIntervals	Lick
221.76200000000003	0.10000000000002274	TimeIntervals	Lick
221.89550000000003	0.06649999999999068	TimeIntervals	Lick
222.02874999999997	0.20000000000004547	TimeIntervals	Lick
222.26200000000003	0.10000000000002274	TimeIntervals	Lick
222.39550000000003	0.3334999999999866	TimeIntervals	Lick
222.76225000000002	0.09999999999999432	TimeIntervals	Lick
222.89550000000003	0.0999999999999659	TimeIntervals	Lick
223.029	0.09999999999999432	TimeIntervals	Lick
223.16225	0.10000000000002274	TimeIntervals	Lick
223.32900000000004	0.06649999999999068	TimeIntervals	Lick
223.46249999999998	0.0665000000000191	TimeIntervals	Lick
225.896	0.06675000000001319	TimeIntervals	Lick
226.1295	0.10000000000002274	TimeIntervals	Lick
226.29600000000002	0.06674999999998477	TimeIntervals	Lick
226.4295	0.0665000000000191	TimeIntervals	Lick
226.5295	0.13324999999997544	TimeIntervals	Lick
227.563	0.09999999999999432	TimeIntervals	Lick
228.32975000000002	0.0999999999999659	TimeIntervals	Lick
228.46300000000002	0.0999999999999659	TimeIntervals	Lick
228.62975	0.06675000000001319	TimeIntervals	Lick
228.76299999999998	0.06675000000004161	TimeIntervals	Lick
228.99650000000003	0.0999999999999659	TimeIntervals	Lick
229.16325	0.10000000000002274	TimeIntervals	Lick
229.52999999999997	0.10000000000005116	TimeIntervals	Lick
229.69650000000001	0.09999999999999432	TimeIntervals	Lick
229.69650000000001	0.09999999999999432	TimeIntervals	Reward
229.83	0.1999999999999602	TimeIntervals	Lick
230.06349999999998	0.06650000000004752	TimeIntervals	Lick
230.1635	0.06649999999999068	TimeIntervals	Lick
230.26350000000002	0.20000000000001705	TimeIntervals	Lick
230.49675	0.10000000000002274	TimeIntervals	Lick
230.63000000000002	0.06674999999998477	TimeIntervals	Lick
230.73	0.10000000000002274	TimeIntervals	Lick
230.86350000000002	0.10000000000002274	TimeIntervals	Lick
230.99675	0.20025000000001114	TimeIntervals	Lick
231.26350000000002	0.06674999999998477	TimeIntervals	Lick
231.36350000000002	0.1999999999999602	TimeIntervals	Lick
231.597	0.09999999999999432	TimeIntervals	Lick
231.73025	0.09999999999999432	TimeIntervals	Lick
231.86350000000002	0.3334999999999866	TimeIntervals	Lick
232.23049999999998	0.10000000000005116	TimeIntervals	Lick
232.36374999999998	0.09999999999999432	TimeIntervals	Lick
232.497	0.09999999999999432	TimeIntervals	Lick
232.6305	0.0999999999999659	TimeIntervals	Lick
233.49725	0.09999999999999432	TimeIntervals	Lick
235.0975	0.09999999999999432	TimeIntervals	Lick
235.26400000000004	0.06674999999998477	TimeIntervals	Lick
235.39750000000004	0.0999999999999659	TimeIntervals	Lick
236.89775	0.09999999999999432	TimeIntervals	Lick
237.0645	0.03324999999998113	TimeIntervals	Lick
237.19774999999998	0.06675000000004161	TimeIntervals	Lick
237.33100000000002	0.09999999999999432	TimeIntervals	Lick
239.06475	0.06674999999998477	TimeIntervals	Lick
239.198	0.09999999999999432	TimeIntervals	Lick
239.3315	0.10000000000002274	TimeIntervals	Lick
239.49800000000002	0.0999999999999659	TimeIntervals	Lick
239.6315	0.10000000000005116	TimeIntervals	Lick
240.53150000000002	0.06674999999998477	TimeIntervals	Lick
240.665	0.06650000000004752	TimeIntervals	Lick
240.76500000000001	0.09999999999999432	TimeIntervals	Lick
240.89825000000002	0.10000000000002274	TimeIntervals	Lick
241.03150000000002	0.06699999999997885	TimeIntervals	Lick
241.165	0.06675000000001319	TimeIntervals	Lick
241.29850000000002	0.0665000000000191	TimeIntervals	Lick
241.43175000000005	0.09999999999993747	TimeIntervals	Lick
241.5985	0.09999999999999432	TimeIntervals	Lick
241.79850000000002	0.0665000000000191	TimeIntervals	Lick
241.93175000000005	0.06674999999995634	TimeIntervals	Lick
242.065	0.10025000000001683	TimeIntervals	Lick
242.26525	0.10000000000002274	TimeIntervals	Lick
242.39849999999998	0.10000000000002274	TimeIntervals	Lick
242.56525000000002	0.09999999999999432	TimeIntervals	Lick
242.6985	0.10000000000002274	TimeIntervals	Lick
242.83200000000002	0.10000000000002274	TimeIntervals	Lick
242.96525000000003	0.09999999999999432	TimeIntervals	Lick
243.06525000000002	0.09999999999999432	TimeIntervals	Reward
243.0985	0.06675000000001319	TimeIntervals	Lick
243.1985	0.3002500000000339	TimeIntervals	Lick
243.532	0.06674999999995634	TimeIntervals	Lick
243.632	0.09999999999999432	TimeIntervals	Lick
243.76550000000003	0.06649999999999068	TimeIntervals	Lick
243.86550000000003	0.09999999999999432	TimeIntervals	Lick
243.99875000000003	0.09999999999993747	TimeIntervals	Lick
244.132	0.20024999999998272	TimeIntervals	Lick
244.36550000000003	0.09999999999999432	TimeIntervals	Lick
244.49900000000002	0.06649999999993383	TimeIntervals	Lick
244.63225000000003	0.06674999999995634	TimeIntervals	Lick
244.73225	0.09999999999999432	TimeIntervals	Lick
244.8655	0.06675000000004161	TimeIntervals	Lick
244.96550000000005	0.09999999999990905	TimeIntervals	Lick
245.09899999999996	0.10000000000002274	TimeIntervals	Lick
245.23225	0.09999999999999432	TimeIntervals	Lick
245.3655	0.10025000000001683	TimeIntervals	Lick
245.49900000000002	0.06674999999998477	TimeIntervals	Lick
245.76575000000003	0.06674999999998477	TimeIntervals	Lick
246.89925	0.06675000000004161	TimeIntervals	Lick
247.49925	0.06674999999998477	TimeIntervals	Lick
248.76625000000004	0.0999999999999659	TimeIntervals	Lick
249.9665	0.06649999999999068	TimeIntervals	Lick
250.33300000000003	0.0999999999999659	TimeIntervals	Lick
250.49974999999998	0.10000000000002274	TimeIntervals	Lick
250.6665	0.06649999999999068	TimeIntervals	Lick
250.90000000000003	0.0999999999999659	TimeIntervals	Lick
251.10000000000002	0.06649999999999068	TimeIntervals	Lick
251.23325000000003	0.09999999999999432	TimeIntervals	Lick
251.40000000000003	0.0999999999999659	TimeIntervals	Lick
252.16674999999998	0.06675000000004161	TimeIntervals	Lick
253.13350000000003	0.09999999999999432	TimeIntervals	Lick
253.66699999999997	0.10000000000007958	TimeIntervals	Lick
253.8335	0.10000000000002274	TimeIntervals	Lick
253.967	0.09999999999999432	TimeIntervals	Lick
254.13350000000003	0.06699999999995043	TimeIntervals	Lick
254.23375000000001	0.09999999999999432	TimeIntervals	Lick
254.367	0.06675000000004161	TimeIntervals	Lick
254.467	0.09999999999999432	TimeIntervals	Lick
254.60049999999998	0.09999999999999432	TimeIntervals	Lick
254.73375000000001	0.09999999999999432	TimeIntervals	Lick
254.867	0.10000000000002274	TimeIntervals	Lick
255.00050000000002	0.06649999999999068	TimeIntervals	Lick
255.10049999999998	0.09999999999999432	TimeIntervals	Lick
255.26700000000005	0.06699999999995043	TimeIntervals	Lick
255.56725	0.06674999999998477	TimeIntervals	Lick
255.70049999999998	0.06675000000004161	TimeIntervals	Lick
255.86725000000004	0.06674999999998477	TimeIntervals	Lick
256.0005	0.06674999999995634	TimeIntervals	Lick
256.534	0.10000000000002274	TimeIntervals	Lick
257.034	0.06675000000001319	TimeIntervals	Lick
257.234	0.06675000000001319	TimeIntervals	Lick
257.63425000000007	0.0667499999998995	TimeIntervals	Lick
258.7345	0.0999999999999659	TimeIntervals	Lick
259.001	0.10000000000002274	TimeIntervals	Lick
259.501	0.06674999999995634	TimeIntervals	Lick
259.668	0.0665000000000191	TimeIntervals	Lick
259.8345	0.06674999999995634	TimeIntervals	Lick
259.96799999999996	0.0999999999999659	TimeIntervals	Lick
260.10125000000005	0.0999999999999659	TimeIntervals	Lick
260.2345	0.0999999999999659	TimeIntervals	Lick
260.40124999999995	0.06675000000001319	TimeIntervals	Lick
260.50124999999997	0.10000000000007958	TimeIntervals	Lick
260.668	0.0665000000000191	TimeIntervals	Lick
260.93474999999995	0.10000000000002274	TimeIntervals	Lick
261.0679999999999	0.13350000000008322	TimeIntervals	Lick
261.73475	0.06674999999995634	TimeIntervals	Lick
263.10175	0.0999999999999659	TimeIntervals	Lick
263.46849999999995	0.06650000000007594	TimeIntervals	Lick
263.5685	0.10000000000002274	TimeIntervals	Lick
263.70174999999995	0.10000000000007958	TimeIntervals	Lick
263.835	0.0999999999999659	TimeIntervals	Lick
263.96849999999995	0.10000000000002274	TimeIntervals	Lick
264.10200000000003	0.0999999999999659	TimeIntervals	Lick
264.23525	0.0999999999999659	TimeIntervals	Lick
264.83525	0.13324999999997544	TimeIntervals	Lick
265.60200000000003	0.0999999999999659	TimeIntervals	Lick
265.8020000000001	0.0667499999998995	TimeIntervals	Lick
266.06874999999997	0.06675000000007003	TimeIntervals	Lick
266.33549999999997	0.06675000000001319	TimeIntervals	Lick
266.9355	0.0999999999999659	TimeIntervals	Lick
267.20225	0.0999999999999659	TimeIntervals	Lick
267.33549999999997	0.10025000000001683	TimeIntervals	Lick
267.46899999999994	0.10000000000002274	TimeIntervals	Lick
267.6025	0.0999999999999659	TimeIntervals	Lick
267.73575	0.13324999999997544	TimeIntervals	Lick
268.36899999999997	0.0999999999999659	TimeIntervals	Lick
268.736	0.0665000000000191	TimeIntervals	Lick
268.86925	0.09999999999990905	TimeIntervals	Lick
269.036	0.0665000000000191	TimeIntervals	Lick
269.2025	0.10000000000002274	TimeIntervals	Lick
269.33599999999996	0.13324999999997544	TimeIntervals	Lick
269.56949999999995	0.06650000000007594	TimeIntervals	Lick
271.8365	0.10000000000002274	TimeIntervals	Lick
272.06975	0.10000000000002274	TimeIntervals	Lick
272.203	0.10000000000002274	TimeIntervals	Lick
272.36974999999995	0.10000000000002274	TimeIntervals	Lick
273.10325	0.0999999999999659	TimeIntervals	Lick
273.2365	0.10000000000002274	TimeIntervals	Lick
273.37	0.10000000000002274	TimeIntervals	Reward
273.40325	0.39999999999997726	TimeIntervals	Lick
273.8365	0.06675000000001319	TimeIntervals	Lick
273.9365000000001	0.10024999999995998	TimeIntervals	Lick
274.07000000000005	0.0999999999999659	TimeIntervals	Lick
274.2035	0.06649999999990541	TimeIntervals	Lick
274.3035	0.0999999999999659	TimeIntervals	Lick
274.4367500000001	0.06674999999995634	TimeIntervals	Lick
274.53675000000004	0.0999999999999659	TimeIntervals	Lick
274.67	0.09999999999990905	TimeIntervals	Lick
274.8035	0.20000000000004547	TimeIntervals	Lick
275.037	0.10000000000002274	TimeIntervals	Lick
275.17025	0.06675000000001319	TimeIntervals	Lick
275.27025	0.10000000000002274	TimeIntervals	Lick
275.40349999999995	0.10000000000007958	TimeIntervals	Lick
275.537	0.10000000000002274	TimeIntervals	Lick
275.67025	0.19999999999998863	TimeIntervals	Lick
275.937	0.0999999999999659	TimeIntervals	Lick
276.1035	0.06699999999995043	TimeIntervals	Lick
276.20375	0.10000000000002274	TimeIntervals	Lick
276.3705	0.0665000000000191	TimeIntervals	Lick
276.4705	1.0	TimeIntervals	Lick
277.504	0.46649999999999636	TimeIntervals	Lick
278.004	0.16649999999992815	TimeIntervals	Lick
278.204	0.16674999999997908	TimeIntervals	Lick
278.404	0.19999999999998863	TimeIntervals	Lick
278.63750000000005	0.166499999999985	TimeIntervals	Lick
278.8375	0.23324999999994134	TimeIntervals	Lick
279.204	0.16674999999997908	TimeIntervals	Lick
279.4375	0.16674999999997908	TimeIntervals	Lick
279.70425	0.30000000000001137	TimeIntervals	Lick
280.03749999999997	0.13350000000002638	TimeIntervals	Lick
280.30425	0.333500000000015	TimeIntervals	Lick
280.671	0.10000000000002274	TimeIntervals	Lick
281.1045	0.1332500000000323	TimeIntervals	Lick
282.6045	0.10000000000002274	TimeIntervals	Lick
283.20475	0.10000000000002274	TimeIntervals	Lick
283.60474999999997	0.13324999999997544	TimeIntervals	Lick
283.80475	0.06675000000001319	TimeIntervals	Lick
283.93825000000004	0.13324999999997544	TimeIntervals	Lick
284.6714999999999	0.10000000000002274	TimeIntervals	Lick
284.8715	0.06700000000000728	TimeIntervals	Lick
285.17175	0.06675000000001319	TimeIntervals	Lick
285.30499999999995	0.10000000000007958	TimeIntervals	Lick
285.43850000000003	0.0999999999999659	TimeIntervals	Lick
285.605	0.0999999999999659	TimeIntervals	Lick
285.77175	0.06675000000001319	TimeIntervals	Lick
285.87174999999996	0.10000000000002274	TimeIntervals	Lick
286.005	0.10024999999995998	TimeIntervals	Lick
286.17199999999997	0.0665000000000191	TimeIntervals	Lick
286.70525	0.06675000000001319	TimeIntervals	Lick
287.63875	0.0999999999999659	TimeIntervals	Lick
289.60575	0.06675000000001319	TimeIntervals	Lick
290.1725	0.09999999999990905	TimeIntervals	Lick
291.806	0.06674999999995634	TimeIntervals	Lick
292.43949999999995	0.10000000000007958	TimeIntervals	Lick
292.70625	0.10000000000002274	TimeIntervals	Lick
293.53950000000003	0.10000000000002274	TimeIntervals	Lick
294.84000000000003	0.10000000000002274	TimeIntervals	Lick
294.97325	0.06675000000001319	TimeIntervals	Lick
296.10675	0.10000000000002274	TimeIntervals	Lick
296.3735	0.10000000000002274	TimeIntervals	Lick
296.54	0.06674999999995634	TimeIntervals	Lick
297.3735	0.10000000000002274	TimeIntervals	Lick
297.607	0.06649999999996226	TimeIntervals	Lick
297.77349999999996	0.06675000000007003	TimeIntervals	Lick
298.27374999999995	0.06675000000007003	TimeIntervals	Lick
298.44050000000004	0.0999999999999659	TimeIntervals	Lick
298.64050000000003	0.0999999999999659	TimeIntervals	Lick
298.77374999999995	0.06675000000007003	TimeIntervals	Lick
299.007	0.10000000000002274	TimeIntervals	Lick
299.14050000000003	0.0999999999999659	TimeIntervals	Lick
299.274	0.0999999999999659	TimeIntervals	Lick
299.44050000000004	0.0999999999999659	TimeIntervals	Lick
299.64050000000003	0.06674999999995634	TimeIntervals	Lick
300.774	0.0999999999999659	TimeIntervals	Lick
301.541	0.1332500000000323	TimeIntervals	Lick
301.741	0.10000000000002274	TimeIntervals	Reward
301.94100000000003	0.3664999999999736	TimeIntervals	Lick
302.341	0.0665000000000191	TimeIntervals	Lick
302.44100000000003	0.19999999999998863	TimeIntervals	Lick
302.6745	0.19999999999987494	TimeIntervals	Lick
302.90775	0.0999999999999659	TimeIntervals	Lick
303.041	0.10000000000002274	TimeIntervals	Lick
303.1745	0.19999999999987494	TimeIntervals	Lick
303.40775	0.20024999999998272	TimeIntervals	Lick
303.64125	0.10000000000002274	TimeIntervals	Lick
303.7745	0.09999999999990905	TimeIntervals	Lick
303.9080000000001	0.09999999999990905	TimeIntervals	Lick
304.04125	0.10000000000002274	TimeIntervals	Lick
304.1745	0.06675000000001319	TimeIntervals	Lick
307.00849999999997	0.10000000000007958	TimeIntervals	Lick
308.4085	0.06674999999995634	TimeIntervals	Lick
308.642	0.0999999999999659	TimeIntervals	Lick
308.77524999999997	0.10000000000002274	TimeIntervals	Lick
308.94199999999995	0.10000000000002274	TimeIntervals	Lick
309.10875	0.10000000000002274	TimeIntervals	Lick
309.30875000000003	0.06674999999995634	TimeIntervals	Lick
310.609	0.0665000000000191	TimeIntervals	Lick
312.309	0.06699999999995043	TimeIntervals	Lick
312.6425	0.0999999999999659	TimeIntervals	Lick
312.80924999999996	0.06675000000001319	TimeIntervals	Lick
313.0425	0.0999999999999659	TimeIntervals	Lick
313.34250000000003	0.0999999999999659	TimeIntervals	Lick
314.20950000000005	0.0999999999999659	TimeIntervals	Lick
314.643	0.10000000000002274	TimeIntervals	Lick
314.77624999999995	0.06675000000007003	TimeIntervals	Lick
315.943	0.06675000000001319	TimeIntervals	Lick
316.84325000000007	0.0999999999999659	TimeIntervals	Lick
317.17650000000003	0.09999999999990905	TimeIntervals	Lick
317.30999999999995	0.10000000000007958	TimeIntervals	Lick
317.44325000000003	0.0999999999999659	TimeIntervals	Lick
317.61	0.0999999999999659	TimeIntervals	Lick
317.77649999999994	0.06700000000006412	TimeIntervals	Lick
318.91	0.10025000000001683	TimeIntervals	Lick
319.31025	0.06674999999995634	TimeIntervals	Lick
321.144	0.0999999999999659	TimeIntervals	Lick
321.37725	0.10000000000002274	TimeIntervals	Lick
321.5104999999999	0.10000000000013642	TimeIntervals	Lick
321.71049999999997	0.06675000000001319	TimeIntervals	Lick
321.84400000000005	0.0999999999999659	TimeIntervals	Lick
322.0104999999999	0.10000000000013642	TimeIntervals	Lick
322.044	0.10000000000002274	TimeIntervals	Reward
322.144	0.20000000000004547	TimeIntervals	Lick
322.37750000000005	0.06649999999996226	TimeIntervals	Lick
322.4775	0.06649999999996226	TimeIntervals	Lick
322.5775	0.0665000000000191	TimeIntervals	Lick
322.6775	0.09999999999990905	TimeIntervals	Lick
322.81075	0.19999999999998863	TimeIntervals	Lick
323.044	0.20000000000004547	TimeIntervals	Lick
323.2774999999999	0.10000000000013642	TimeIntervals	Lick
323.411	0.0665000000000191	TimeIntervals	Lick
323.511	0.10000000000002274	TimeIntervals	Lick
323.64425	0.10000000000002274	TimeIntervals	Lick
323.7774999999999	0.20000000000010232	TimeIntervals	Lick
324.011	0.10000000000002274	TimeIntervals	Lick
324.14425	0.10000000000002274	TimeIntervals	Lick
324.2774999999999	0.10000000000013642	TimeIntervals	Lick
324.411	0.06675000000001319	TimeIntervals	Lick
324.511	0.10000000000002274	TimeIntervals	Lick
324.6445	0.10000000000002274	TimeIntervals	Lick
324.77774999999997	0.10000000000002274	TimeIntervals	Lick
324.911	0.06675000000001319	TimeIntervals	Lick
327.378	0.0999999999999659	TimeIntervals	Lick
327.64475000000004	0.06674999999995634	TimeIntervals	Lick
329.01175	0.10000000000002274	TimeIntervals	Lick
330.57849999999996	0.10000000000002274	TimeIntervals	Lick
330.87850000000003	0.0999999999999659	TimeIntervals	Lick
331.012	0.10000000000002274	TimeIntervals	Lick
331.1455	0.0999999999999659	TimeIntervals	Lick
333.24575	0.06675000000001319	TimeIntervals	Lick
333.44575000000003	0.06674999999995634	TimeIntervals	Lick
334.07899999999995	0.10000000000007958	TimeIntervals	Lick
334.7124999999999	0.06675000000007003	TimeIntervals	Lick
335.946	0.06675000000001319	TimeIntervals	Lick
336.2795	0.10000000000002274	TimeIntervals	Lick
336.41274999999996	0.06675000000001319	TimeIntervals	Lick
336.5795	0.10000000000002274	TimeIntervals	Lick
336.71299999999997	0.10000000000002274	TimeIntervals	Lick
336.84624999999994	0.10000000000002274	TimeIntervals	Lick
337.013	0.10000000000002274	TimeIntervals	Lick
337.14625	0.0999999999999659	TimeIntervals	Lick
337.2795	0.10000000000002274	TimeIntervals	Lick
337.34624999999994	0.10000000000002274	TimeIntervals	Reward
337.41299999999995	0.5	TimeIntervals	Lick
337.9465	0.19999999999998863	TimeIntervals	Lick
338.17975	0.0999999999999659	TimeIntervals	Lick
338.313	0.19999999999998863	TimeIntervals	Lick
338.5465	0.20000000000004547	TimeIntervals	Lick
338.78	0.10000000000002274	TimeIntervals	Lick
338.91325	0.1999999999999318	TimeIntervals	Lick
339.1465	0.10000000000002274	TimeIntervals	Lick
339.28	0.20000000000004547	TimeIntervals	Lick
339.51324999999997	0.0999999999999659	TimeIntervals	Lick
339.6465	0.10000000000002274	TimeIntervals	Lick
341.747	0.06649999999996226	TimeIntervals	Lick
341.88024999999993	0.10025000000001683	TimeIntervals	Lick
342.91375	0.0999999999999659	TimeIntervals	Lick
343.11400000000003	0.0665000000000191	TimeIntervals	Lick
345.6475	0.0999999999999659	TimeIntervals	Lick
345.91425000000004	0.0999999999999659	TimeIntervals	Lick
346.04749999999996	0.10000000000002274	TimeIntervals	Lick
347.1145	0.09999999999990905	TimeIntervals	Lick
348.41450000000003	0.06674999999995634	TimeIntervals	Lick
348.91475	0.0999999999999659	TimeIntervals	Lick
349.08149999999995	0.06650000000007594	TimeIntervals	Lick
349.248	0.19999999999998863	TimeIntervals	Lick
349.51475	0.0999999999999659	TimeIntervals	Lick
350.11499999999995	0.0999999999999659	TimeIntervals	Lick
350.28150000000005	0.0999999999999659	TimeIntervals	Lick
352.3485	0.06675000000007003	TimeIntervals	Lick
352.6820000000001	0.09999999999985221	TimeIntervals	Lick
353.61550000000005	0.09999999999990905	TimeIntervals	Lick
353.8155	0.10000000000002274	TimeIntervals	Lick
353.94875	0.0999999999999659	TimeIntervals	Lick
354.082	0.10025000000007367	TimeIntervals	Lick
354.21549999999996	0.10000000000002274	TimeIntervals	Lick
354.349	0.0665000000000191	TimeIntervals	Lick
354.48224999999996	0.06674999999995634	TimeIntervals	Lick
354.58225	0.10000000000007958	TimeIntervals	Lick
354.71549999999996	0.10000000000002274	TimeIntervals	Lick
354.71549999999996	0.10000000000002274	TimeIntervals	Reward
354.849	0.166499999999985	TimeIntervals	Lick
355.0489999999999	0.06650000000013279	TimeIntervals	Lick
355.149	0.06674999999995634	TimeIntervals	Lick
355.24899999999997	0.10000000000002274	TimeIntervals	Lick
355.3825	0.06650000000007594	TimeIntervals	Lick
355.4825	0.09999999999990905	TimeIntervals	Lick
355.61575	0.0999999999999659	TimeIntervals	Lick
355.74899999999997	0.06675000000007003	TimeIntervals	Lick
355.849	0.10000000000007958	TimeIntervals	Lick
355.9825	0.09999999999990905	TimeIntervals	Lick
356.11575	0.06675000000001319	TimeIntervals	Lick
356.21574999999996	0.10025000000007367	TimeIntervals	Lick
356.34925000000004	0.0999999999999659	TimeIntervals	Lick
356.4825	0.09999999999990905	TimeIntervals	Lick
356.616	0.20000000000004547	TimeIntervals	Lick
356.84925000000004	0.0999999999999659	TimeIntervals	Lick
356.9825	0.09999999999990905	TimeIntervals	Lick
357.116	0.09999999999990905	TimeIntervals	Lick
358.2494999999999	0.10000000000007958	TimeIntervals	Lick
359.0495	0.13349999999996953	TimeIntervals	Lick
361.95000000000005	0.06674999999995634	TimeIntervals	Lick
362.65	0.06675000000001319	TimeIntervals	Lick
363.55025	0.06675000000001319	TimeIntervals	Lick
363.68350000000004	0.0999999999999659	TimeIntervals	Lick
364.117	0.0999999999999659	TimeIntervals	Lick
365.084	0.0665000000000191	TimeIntervals	Lick
367.78424999999993	0.10000000000007958	TimeIntervals	Lick
367.951	0.06649999999996226	TimeIntervals	Lick
368.951	0.10000000000002274	TimeIntervals	Lick
369.5845	0.10000000000002274	TimeIntervals	Lick
369.85125	0.06675000000007003	TimeIntervals	Lick
369.9845	0.0999999999999659	TimeIntervals	Reward
369.9845	0.0999999999999659	TimeIntervals	Lick
370.11800000000005	0.3664999999999736	TimeIntervals	Lick
370.518	0.06674999999995634	TimeIntervals	Lick
370.61800000000005	0.1999999999999318	TimeIntervals	Lick
370.85150000000004	0.19999999999998863	TimeIntervals	Lick
371.08474999999993	0.20000000000004547	TimeIntervals	Lick
371.318	0.19999999999998863	TimeIntervals	Lick
371.58474999999993	0.06675000000001319	TimeIntervals	Lick
371.68499999999995	0.20000000000004547	TimeIntervals	Lick
371.91825	0.10000000000002274	TimeIntervals	Lick
372.05150000000003	0.1999999999999318	TimeIntervals	Lick
372.31825000000003	0.06674999999995634	TimeIntervals	Lick
372.41825	0.10000000000002274	TimeIntervals	Lick
372.55150000000003	0.10000000000002274	TimeIntervals	Lick
372.68499999999995	0.10000000000002274	TimeIntervals	Lick
372.81850000000003	0.06649999999996226	TimeIntervals	Lick
373.48499999999996	0.10000000000002274	TimeIntervals	Lick
375.552	0.10000000000002274	TimeIntervals	Lick
375.71875	0.0999999999999659	TimeIntervals	Lick
375.8854999999999	0.06650000000013279	TimeIntervals	Lick
376.08549999999997	0.06675000000007003	TimeIntervals	Lick
376.21899999999994	0.10000000000007958	TimeIntervals	Lick
376.35225	0.10000000000002274	TimeIntervals	Lick
376.4855	0.06674999999995634	TimeIntervals	Lick
376.58549999999997	0.10000000000007958	TimeIntervals	Lick
376.71899999999994	0.10000000000007958	TimeIntervals	Lick
376.85225	0.10000000000002274	TimeIntervals	Lick
376.9855	0.06674999999995634	TimeIntervals	Lick
377.08549999999997	0.10025000000001683	TimeIntervals	Lick
377.25249999999994	0.10000000000007958	TimeIntervals	Lick
377.38575	0.10000000000007958	TimeIntervals	Lick
377.55249999999995	0.10000000000007958	TimeIntervals	Lick
377.71899999999994	0.06675000000007003	TimeIntervals	Lick
377.8525	0.10000000000002274	TimeIntervals	Lick
377.98575000000005	0.13324999999997544	TimeIntervals	Lick
378.58599999999996	0.10000000000002274	TimeIntervals	Lick
378.8525	0.10000000000002274	TimeIntervals	Lick
380.15275	0.09999999999990905	TimeIntervals	Lick
380.38599999999997	0.06700000000006412	TimeIntervals	Lick
380.55300000000005	0.0999999999999659	TimeIntervals	Lick
380.7194999999999	0.10000000000013642	TimeIntervals	Lick
380.9195	0.0999999999999659	TimeIntervals	Lick
381.08624999999995	0.10000000000002274	TimeIntervals	Lick
381.35299999999995	0.10000000000007958	TimeIntervals	Lick
381.61975000000007	0.09999999999985221	TimeIntervals	Lick
381.753	0.0999999999999659	TimeIntervals	Lick
381.88649999999996	0.10000000000002274	TimeIntervals	Lick
382.05300000000005	0.0999999999999659	TimeIntervals	Lick
382.1865	0.06649999999996226	TimeIntervals	Lick
382.2865	0.0999999999999659	TimeIntervals	Lick
382.41975	0.0999999999999659	TimeIntervals	Lick
382.55300000000005	0.10024999999990314	TimeIntervals	Lick
382.6865	0.0999999999999659	TimeIntervals	Lick
382.82	0.10000000000007958	TimeIntervals	Lick
382.95325	0.0667499999998995	TimeIntervals	Lick
383.0865	0.10000000000002274	TimeIntervals	Lick
383.2865	0.0999999999999659	TimeIntervals	Lick
383.65324999999996	0.13350000000002638	TimeIntervals	Lick
384.82	0.10025000000007367	TimeIntervals	Lick
385.387	0.06650000000007594	TimeIntervals	Lick
386.25374999999997	0.06675000000007003	TimeIntervals	Lick
386.85375	0.10000000000002274	TimeIntervals	Lick
387.0205	0.0999999999999659	TimeIntervals	Lick
387.05400000000003	0.0999999999999659	TimeIntervals	Reward
387.18725	0.30000000000001137	TimeIntervals	Lick
387.5205	0.0667499999998995	TimeIntervals	Lick
387.6205	0.06675000000001319	TimeIntervals	Lick
387.72049999999996	0.10000000000007958	TimeIntervals	Lick
387.854	0.0665000000000191	TimeIntervals	Lick
387.954	0.10000000000002274	TimeIntervals	Lick
388.0875	0.0665000000000191	TimeIntervals	Lick
388.1875	0.23325000000005502	TimeIntervals	Lick
388.454	0.10000000000002274	TimeIntervals	Lick
388.5875	0.0665000000000191	TimeIntervals	Lick
388.72074999999995	0.06675000000001319	TimeIntervals	Lick
388.82075000000003	0.10000000000002274	TimeIntervals	Lick
388.954	0.06674999999995634	TimeIntervals	Lick
389.05400000000003	0.0999999999999659	TimeIntervals	Lick
389.221	0.06649999999996226	TimeIntervals	Lick
389.35425	0.06675000000007003	TimeIntervals	Lick
389.48749999999995	0.06675000000007003	TimeIntervals	Lick
389.98749999999995	0.13350000000008322	TimeIntervals	Lick
390.15425000000005	0.0999999999999659	TimeIntervals	Lick
392.25449999999995	0.06675000000007003	TimeIntervals	Lick
393.0215	0.06649999999996226	TimeIntervals	Lick
394.1215	0.0999999999999659	TimeIntervals	Lick
394.7885	0.0665000000000191	TimeIntervals	Lick
395.08849999999995	0.10000000000002274	TimeIntervals	Lick
395.22174999999993	0.10000000000013642	TimeIntervals	Lick
395.6885	0.0665000000000191	TimeIntervals	Lick
396.52200000000005	0.0999999999999659	TimeIntervals	Lick
396.6885	0.06674999999995634	TimeIntervals	Lick
396.85524999999996	0.10025000000007367	TimeIntervals	Lick
396.98875	0.0999999999999659	TimeIntervals	Lick
397.122	0.0999999999999659	TimeIntervals	Lick
397.2554999999999	0.06650000000007594	TimeIntervals	Lick
397.35549999999995	0.10000000000007958	TimeIntervals	Lick
397.35549999999995	0.10000000000007958	TimeIntervals	Reward
397.48875	0.0999999999999659	TimeIntervals	Lick
397.622	0.06675000000001319	TimeIntervals	Lick
397.722	0.06675000000001319	TimeIntervals	Lick
397.822	0.06674999999995634	TimeIntervals	Lick
397.922	0.20024999999998272	TimeIntervals	Lick
398.1555000000001	0.09999999999985221	TimeIntervals	Lick
398.28900000000004	0.19999999999998863	TimeIntervals	Lick
398.52225000000004	0.0999999999999659	TimeIntervals	Lick
398.6555000000001	0.09999999999985221	TimeIntervals	Lick
398.78900000000004	0.06649999999990541	TimeIntervals	Lick
398.88899999999995	0.10000000000007958	TimeIntervals	Lick
399.02225000000004	0.10025000000001683	TimeIntervals	Lick
399.15575	0.1999999999999318	TimeIntervals	Lick
399.4225	0.0999999999999659	TimeIntervals	Lick
399.55575	0.10000000000002274	TimeIntervals	Lick
399.689	0.10000000000002274	TimeIntervals	Lick
399.82250000000005	0.06649999999990541	TimeIntervals	Lick
403.523	0.0667499999998995	TimeIntervals	Lick
403.68975000000006	0.06674999999995634	TimeIntervals	Lick
404.023	0.10000000000002274	TimeIntervals	Lick
404.323	0.06675000000001319	TimeIntervals	Lick
404.523	0.10024999999995998	TimeIntervals	Lick
404.69000000000005	0.0999999999999659	TimeIntervals	Lick
405.12325	0.06675000000007003	TimeIntervals	Lick
405.98999999999995	0.06675000000001319	TimeIntervals	Lick
407.22349999999994	0.06675000000001319	TimeIntervals	Lick
407.757	0.0665000000000191	TimeIntervals	Lick
408.52375	0.0999999999999659	TimeIntervals	Lick
408.657	0.10000000000002274	TimeIntervals	Lick
408.79049999999995	0.10000000000002274	TimeIntervals	Lick
409.32399999999996	0.10000000000007958	TimeIntervals	Lick
409.45725000000004	0.0999999999999659	TimeIntervals	Lick
409.624	0.0999999999999659	TimeIntervals	Lick
409.75724999999994	0.10000000000002274	TimeIntervals	Lick
409.92400000000004	0.0665000000000191	TimeIntervals	Lick
410.0575	0.10000000000002274	TimeIntervals	Lick
410.19075	0.06675000000001319	TimeIntervals	Lick
410.32399999999996	0.10000000000007958	TimeIntervals	Lick
410.49075	0.0999999999999659	TimeIntervals	Lick
415.2579999999999	0.10000000000002274	TimeIntervals	Lick
415.7915	0.0999999999999659	TimeIntervals	Lick
415.95824999999996	0.10000000000002274	TimeIntervals	Lick
416.0915	0.10000000000002274	TimeIntervals	Lick
416.2582499999999	0.10000000000007958	TimeIntervals	Lick
416.39149999999995	0.10000000000007958	TimeIntervals	Lick
416.525	0.0665000000000191	TimeIntervals	Lick
416.625	0.0999999999999659	TimeIntervals	Reward
416.625	0.0999999999999659	TimeIntervals	Lick
416.75849999999997	0.16650000000009868	TimeIntervals	Lick
416.9585	0.06649999999996226	TimeIntervals	Lick
417.0584999999999	0.20000000000004547	TimeIntervals	Lick
417.2917499999999	0.06675000000007003	TimeIntervals	Lick
417.39174999999994	0.10000000000007958	TimeIntervals	Lick
417.525	0.06675000000007003	TimeIntervals	Lick
417.625	0.0999999999999659	TimeIntervals	Lick
417.75849999999997	0.20000000000004547	TimeIntervals	Lick
417.99199999999996	0.10000000000007958	TimeIntervals	Lick
418.12525	0.20000000000004547	TimeIntervals	Lick
418.3585	0.10000000000002274	TimeIntervals	Lick
418.49199999999996	0.10000000000007958	TimeIntervals	Lick
418.62525	0.20025000000003956	TimeIntervals	Lick
418.85875	0.10000000000002274	TimeIntervals	Lick
418.99199999999996	0.10000000000007958	TimeIntervals	Lick
419.15874999999994	0.06675000000007003	TimeIntervals	Lick
419.85875	0.10025000000001683	TimeIntervals	Lick
421.52574999999996	0.06675000000001319	TimeIntervals	Lick
423.326	0.06675000000001319	TimeIntervals	Lick
423.726	0.06674999999995634	TimeIntervals	Lick
424.1595	0.10000000000002274	TimeIntervals	Lick
424.326	0.10025000000001683	TimeIntervals	Lick
424.493	0.0665000000000191	TimeIntervals	Lick
425.5930000000001	0.0667499999998995	TimeIntervals	Lick
425.9265000000001	0.09999999999985221	TimeIntervals	Lick
426.1265	0.06649999999996226	TimeIntervals	Lick
427.2265	0.06674999999995634	TimeIntervals	Lick
427.46	0.0999999999999659	TimeIntervals	Lick
427.69350000000003	0.0999999999999659	TimeIntervals	Lick
427.85999999999996	0.10000000000002274	TimeIntervals	Lick
428.09349999999995	0.0665000000000191	TimeIntervals	Lick
428.22675000000004	0.0999999999999659	TimeIntervals	Lick
428.35999999999996	0.10000000000002274	TimeIntervals	Lick
428.4935	0.06649999999996226	TimeIntervals	Lick
428.59349999999995	0.10000000000007958	TimeIntervals	Lick
428.727	0.10000000000007958	TimeIntervals	Lick
428.86025	0.06675000000001319	TimeIntervals	Lick
428.9602500000001	0.09999999999990905	TimeIntervals	Lick
429.09349999999995	0.10000000000007958	TimeIntervals	Lick
429.227	0.10000000000007958	TimeIntervals	Lick
429.36025	0.10000000000007958	TimeIntervals	Lick
429.4935	0.0999999999999659	TimeIntervals	Lick
429.62699999999995	0.06650000000007594	TimeIntervals	Lick
429.7602499999999	0.06675000000012687	TimeIntervals	Lick
429.89375	0.10000000000002274	TimeIntervals	Lick
430.02700000000004	0.09999999999990905	TimeIntervals	Lick
430.16049999999996	0.1332500000000323	TimeIntervals	Lick
430.3605	0.10000000000007958	TimeIntervals	Lick
430.9605000000001	0.0999999999999659	TimeIntervals	Lick
432.494	0.09999999999990905	TimeIntervals	Lick
432.794	0.10000000000002274	TimeIntervals	Lick
433.09399999999994	0.10025000000001683	TimeIntervals	Lick
433.2275	0.06674999999995634	TimeIntervals	Lick
433.4275	0.0999999999999659	TimeIntervals	Lick
434.36100000000005	0.0999999999999659	TimeIntervals	Lick
434.761	0.10000000000002274	TimeIntervals	Lick
434.9945	0.0999999999999659	TimeIntervals	Reward
434.9945	0.06649999999990541	TimeIntervals	Lick
435.12775000000005	0.266749999999945	TimeIntervals	Lick
435.42800000000005	0.06649999999996226	TimeIntervals	Lick
435.528	0.1999999999999318	TimeIntervals	Lick
435.76125	0.0999999999999659	TimeIntervals	Lick
435.8945	0.06675000000001319	TimeIntervals	Lick
435.9945	0.0999999999999659	TimeIntervals	Lick
436.128	0.20000000000004547	TimeIntervals	Lick
436.36125	0.10025000000007367	TimeIntervals	Lick
436.49475000000007	0.09999999999990905	TimeIntervals	Lick
436.628	0.06674999999995634	TimeIntervals	Lick
436.76149999999996	0.06650000000007594	TimeIntervals	Lick
436.8615	0.10000000000007958	TimeIntervals	Lick
436.99475000000007	0.09999999999990905	TimeIntervals	Lick
437.128	0.20000000000004547	TimeIntervals	Lick
437.39475000000004	0.06675000000001319	TimeIntervals	Lick
437.495	0.0999999999999659	TimeIntervals	Lick
437.62825000000004	0.09999999999990905	TimeIntervals	Lick
437.76149999999996	0.10000000000002274	TimeIntervals	Lick
438.795	0.06675000000001319	TimeIntervals	Lick
441.96225	0.10000000000002274	TimeIntervals	Lick
442.56225	0.1332499999999186	TimeIntervals	Lick
442.76225	0.06674999999995634	TimeIntervals	Lick
442.8955	0.0999999999999659	TimeIntervals	Lick
443.0625	0.06650000000007594	TimeIntervals	Lick
443.16249999999997	0.1332500000000323	TimeIntervals	Lick
443.36249999999995	0.10000000000002274	TimeIntervals	Lick
444.12925	0.0999999999999659	TimeIntervals	Lick
444.296	0.06649999999996226	TimeIntervals	Lick
444.4292500000001	0.0999999999999659	TimeIntervals	Lick
444.796	0.10000000000002274	TimeIntervals	Lick
445.0625	0.0999999999999659	TimeIntervals	Lick
445.2295	0.10000000000002274	TimeIntervals	Lick
445.46274999999997	0.06675000000007003	TimeIntervals	Lick
445.596	0.0999999999999659	TimeIntervals	Lick
445.76275	0.10000000000002274	TimeIntervals	Lick
445.896	0.10000000000002274	TimeIntervals	Lick
446.06275	0.10000000000007958	TimeIntervals	Lick
446.19599999999997	0.10025000000001683	TimeIntervals	Lick
446.3295	0.06675000000001319	TimeIntervals	Lick
446.4295	0.10000000000002274	TimeIntervals	Lick
446.563	0.10000000000002274	TimeIntervals	Lick
446.763	0.0665000000000191	TimeIntervals	Lick
447.96299999999997	0.10000000000002274	TimeIntervals	Lick
453.19725000000005	0.06674999999984266	TimeIntervals	Lick
453.46399999999994	0.10000000000007958	TimeIntervals	Lick
455.4975	0.09999999999990905	TimeIntervals	Lick
455.76424999999995	0.10000000000002274	TimeIntervals	Lick
455.93100000000004	0.06649999999996226	TimeIntervals	Lick
456.0974999999999	0.10025000000013051	TimeIntervals	Lick
456.26449999999994	0.10000000000007958	TimeIntervals	Lick
456.531	0.10000000000002274	TimeIntervals	Lick
456.66450000000003	0.09999999999990905	TimeIntervals	Lick
456.79775	0.0999999999999659	TimeIntervals	Lick
456.93100000000004	0.06674999999995634	TimeIntervals	Lick
460.93175	0.10000000000002274	TimeIntervals	Lick
461.43175	0.10000000000002274	TimeIntervals	Lick
461.56499999999994	0.10025000000001683	TimeIntervals	Lick
461.6985	0.0999999999999659	TimeIntervals	Lick
461.86525	0.06675000000007003	TimeIntervals	Lick
461.96525	0.09999999999990905	TimeIntervals	Lick
462.09849999999994	0.10000000000007958	TimeIntervals	Lick
462.23199999999997	0.10000000000002274	TimeIntervals	Lick
462.2652499999999	0.10000000000007958	TimeIntervals	Reward
462.36525	0.10000000000002274	TimeIntervals	Lick
462.4985	0.26699999999993906	TimeIntervals	Lick
462.79875	0.19999999999998863	TimeIntervals	Lick
463.032	0.19999999999998863	TimeIntervals	Lick
463.2654999999999	0.10000000000007958	TimeIntervals	Lick
463.39875	0.19999999999998863	TimeIntervals	Lick
463.63200000000006	0.09999999999990905	TimeIntervals	Lick
463.7654999999999	0.10000000000007958	TimeIntervals	Lick
463.899	0.10000000000002274	TimeIntervals	Lick
464.03225	0.06675000000001319	TimeIntervals	Lick
464.13225	0.0999999999999659	TimeIntervals	Lick
464.299	0.0665000000000191	TimeIntervals	Lick
464.399	0.10000000000002274	TimeIntervals	Lick
464.5655	0.06675000000001319	TimeIntervals	Lick
464.66549999999995	0.0999999999999659	TimeIntervals	Lick
464.799	0.10000000000002274	TimeIntervals	Lick
468.16599999999994	0.06700000000000728	TimeIntervals	Lick
468.2995	0.06675000000001319	TimeIntervals	Lick
468.43300000000005	0.0999999999999659	TimeIntervals	Lick
468.56624999999997	0.10000000000002274	TimeIntervals	Lick
468.7995	0.10000000000002274	TimeIntervals	Lick
468.96625	0.0999999999999659	TimeIntervals	Lick
469.0994999999999	0.10000000000007958	TimeIntervals	Lick
469.2995	0.10025000000001683	TimeIntervals	Lick
469.49975	0.10000000000002274	TimeIntervals	Lick
470.53325	0.10000000000002274	TimeIntervals	Reward
470.56649999999996	0.10000000000002274	TimeIntervals	Lick
470.73325	0.16675000000003593	TimeIntervals	Lick
470.93325	0.16674999999997908	TimeIntervals	Lick
471.13325000000003	0.06674999999995634	TimeIntervals	Lick
471.23325	0.0999999999999659	TimeIntervals	Lick
471.36650000000003	0.20024999999992588	TimeIntervals	Lick
471.59999999999997	0.06675000000001319	TimeIntervals	Lick
471.7	0.0999999999999659	TimeIntervals	Lick
471.8335	0.0665000000000191	TimeIntervals	Lick
471.93350000000004	0.0999999999999659	TimeIntervals	Lick
472.06674999999996	0.10000000000002274	TimeIntervals	Lick
472.2	0.20000000000004547	TimeIntervals	Lick
472.43350000000004	0.0999999999999659	TimeIntervals	Lick
472.56674999999996	0.06675000000001319	TimeIntervals	Lick
472.667	0.0999999999999659	TimeIntervals	Lick
472.80024999999995	0.10000000000007958	TimeIntervals	Lick
472.93350000000004	0.0999999999999659	TimeIntervals	Lick
473.06699999999995	0.10000000000002274	TimeIntervals	Lick
476.8675	0.06649999999996226	TimeIntervals	Lick
477.00075	0.10025000000001683	TimeIntervals	Lick
477.13425000000007	0.0667499999998995	TimeIntervals	Lick
477.2674999999999	0.10000000000007958	TimeIntervals	Lick
477.401	0.0999999999999659	TimeIntervals	Lick
477.53425	0.10000000000007958	TimeIntervals	Lick
477.6675	0.09999999999990905	TimeIntervals	Lick
477.801	0.0665000000000191	TimeIntervals	Lick
477.901	0.0999999999999659	TimeIntervals	Lick
478.03425	0.10025000000001683	TimeIntervals	Lick
478.20099999999996	0.10000000000002274	TimeIntervals	Lick
478.6345	0.10000000000002274	TimeIntervals	Lick
478.8345	0.10000000000002274	TimeIntervals	Lick
479.268	0.10000000000002274	TimeIntervals	Lick
479.4345	0.0999999999999659	TimeIntervals	Lick
480.0345	0.06675000000001319	TimeIntervals	Lick
480.33475	0.10000000000002274	TimeIntervals	Lick
480.5015	0.10000000000002274	TimeIntervals	Lick
480.66799999999995	0.10000000000002274	TimeIntervals	Lick
481.0679999999999	0.06675000000012687	TimeIntervals	Lick
481.2015	0.06649999999996226	TimeIntervals	Lick
481.3015	0.10000000000007958	TimeIntervals	Lick
481.46825	0.0999999999999659	TimeIntervals	Lick
481.60150000000004	0.0667499999998995	TimeIntervals	Lick
481.63500000000005	0.09999999999990905	TimeIntervals	Reward
481.73499999999996	0.2665000000000646	TimeIntervals	Lick
482.035	0.0665000000000191	TimeIntervals	Lick
482.13500000000005	0.09999999999990905	TimeIntervals	Lick
482.26824999999997	0.10000000000002274	TimeIntervals	Lick
482.40150000000006	0.06674999999995634	TimeIntervals	Lick
482.5015	0.10024999999995998	TimeIntervals	Lick
482.63500000000005	0.09999999999990905	TimeIntervals	Lick
482.7684999999999	0.10000000000007958	TimeIntervals	Lick
482.90175	0.10000000000002274	TimeIntervals	Lick
483.035	0.10000000000002274	TimeIntervals	Lick
483.1685	0.09999999999990905	TimeIntervals	Lick
483.30174999999997	0.06675000000001319	TimeIntervals	Lick
483.435	0.06675000000001319	TimeIntervals	Lick
483.535	0.10025000000001683	TimeIntervals	Lick
483.6685	0.06674999999995634	TimeIntervals	Lick
483.7684999999999	0.10000000000007958	TimeIntervals	Lick
483.90200000000004	0.09999999999990905	TimeIntervals	Lick
484.03525	0.1999999999999318	TimeIntervals	Lick
484.2684999999999	0.10000000000007958	TimeIntervals	Lick
484.40200000000004	0.09999999999990905	TimeIntervals	Lick
484.96875	0.06674999999995634	TimeIntervals	Lick
485.46875	0.033249999999952706	TimeIntervals	Lick
489.436	0.0999999999999659	TimeIntervals	Lick
491.46975000000003	0.06675000000001319	TimeIntervals	Lick
492.2029999999999	0.10000000000007958	TimeIntervals	Lick
492.36975	0.06675000000007003	TimeIntervals	Lick
492.57000000000005	0.0999999999999659	TimeIntervals	Lick
492.73650000000004	0.0999999999999659	TimeIntervals	Lick
492.9365000000001	0.0999999999999659	TimeIntervals	Lick
495.4035	0.06675000000001319	TimeIntervals	Lick
496.00374999999997	0.10000000000002274	TimeIntervals	Lick
496.13700000000006	0.0999999999999659	TimeIntervals	Lick
496.2705	0.0999999999999659	TimeIntervals	Lick
496.40375000000006	0.09999999999990905	TimeIntervals	Lick
496.537	0.06675000000007003	TimeIntervals	Lick
496.63700000000006	0.0999999999999659	TimeIntervals	Lick
496.7705	0.0999999999999659	TimeIntervals	Lick
496.904	0.06649999999996226	TimeIntervals	Lick
497.00399999999996	0.10000000000002274	TimeIntervals	Lick
497.03725000000003	0.0999999999999659	TimeIntervals	Reward
497.13725	0.20000000000004547	TimeIntervals	Lick
497.3705	0.06675000000001319	TimeIntervals	Lick
497.47049999999996	0.06675000000007003	TimeIntervals	Lick
497.5705000000001	0.09999999999985221	TimeIntervals	Lick
497.70399999999995	0.20000000000004547	TimeIntervals	Lick
497.9375	0.0999999999999659	TimeIntervals	Lick
498.07075000000003	0.09999999999990905	TimeIntervals	Lick
498.20399999999995	0.20000000000004547	TimeIntervals	Lick
498.4375	0.0999999999999659	TimeIntervals	Lick
498.604	0.06674999999995634	TimeIntervals	Lick
498.70399999999995	0.10000000000007958	TimeIntervals	Lick
498.83750000000003	0.0999999999999659	TimeIntervals	Lick
498.971	0.0999999999999659	TimeIntervals	Lick
499.10425	0.0999999999999659	TimeIntervals	Lick
499.23750000000007	0.0999999999999659	TimeIntervals	Lick
499.37100000000004	0.0999999999999659	TimeIntervals	Lick
499.80424999999997	0.06675000000007003	TimeIntervals	Lick
499.90425000000005	0.1332499999999186	TimeIntervals	Lick
500.07099999999997	0.0999999999999659	TimeIntervals	Lick
500.20449999999994	0.0999999999999659	TimeIntervals	Lick
501.0045	0.06649999999996226	TimeIntervals	Lick
506.6385000000001	0.06699999999989359	TimeIntervals	Lick
508.03900000000004	0.0999999999999659	TimeIntervals	Lick
508.2055	0.0999999999999659	TimeIntervals	Lick
508.37225	0.0999999999999659	TimeIntervals	Lick
508.5054999999999	0.10000000000007958	TimeIntervals	Lick
508.639	0.0999999999999659	TimeIntervals	Lick
508.77224999999993	0.2002500000000964	TimeIntervals	Lick
509.00575000000003	0.0999999999999659	TimeIntervals	Lick
509.139	0.0999999999999659	TimeIntervals	Lick
509.2725	0.06650000000007594	TimeIntervals	Lick
509.37249999999995	0.10000000000007958	TimeIntervals	Lick
509.50575000000003	0.0999999999999659	TimeIntervals	Lick
509.6725	0.0999999999999659	TimeIntervals	Lick
511.67275	0.06675000000007003	TimeIntervals	Lick
511.87274999999994	0.10000000000007958	TimeIntervals	Lick
512.5730000000001	0.0665000000000191	TimeIntervals	Lick
513.1395000000001	0.06674999999995634	TimeIntervals	Lick
513.273	0.09999999999990905	TimeIntervals	Lick
513.4065	0.09999999999990905	TimeIntervals	Lick
514.03975	0.10000000000013642	TimeIntervals	Lick
514.37325	0.10000000000002274	TimeIntervals	Lick
514.7065000000001	0.09999999999990905	TimeIntervals	Lick
514.87325	0.10000000000002274	TimeIntervals	Lick
515.04	0.10000000000013642	TimeIntervals	Lick
515.24	0.10000000000002274	TimeIntervals	Lick
518.47375	0.06674999999995634	TimeIntervals	Lick
518.607	0.06675000000007003	TimeIntervals	Lick
519.374	0.10000000000002274	TimeIntervals	Lick
519.5405	0.06675000000007003	TimeIntervals	Lick
519.70725	0.09999999999990905	TimeIntervals	Lick
519.8404999999999	0.10024999999995998	TimeIntervals	Lick
519.974	0.09999999999990905	TimeIntervals	Lick
520.1075	0.10000000000013642	TimeIntervals	Lick
520.2407499999999	0.10000000000002274	TimeIntervals	Lick
520.374	0.13350000000002638	TimeIntervals	Reward
520.374	0.06674999999984266	TimeIntervals	Lick
520.474	0.20000000000004547	TimeIntervals	Lick
520.7075000000001	0.16649999999992815	TimeIntervals	Lick
520.9075	0.06674999999995634	TimeIntervals	Lick
521.0075	0.09999999999990905	TimeIntervals	Lick
521.141	0.06650000000013279	TimeIntervals	Lick
521.241	0.10000000000002274	TimeIntervals	Lick
521.4075	0.06674999999995634	TimeIntervals	Lick
521.5075	0.09999999999990905	TimeIntervals	Lick
521.641	0.10000000000002274	TimeIntervals	Lick
521.7742500000002	0.09999999999979536	TimeIntervals	Lick
521.9075	0.10000000000002274	TimeIntervals	Lick
522.041	0.06674999999995634	TimeIntervals	Lick
522.1745	0.10000000000013642	TimeIntervals	Lick
522.30775	0.06674999999984266	TimeIntervals	Lick
522.4077500000001	0.09999999999990905	TimeIntervals	Lick
522.541	0.09999999999990905	TimeIntervals	Lick
522.6745	0.10000000000013642	TimeIntervals	Lick
522.80775	0.06674999999984266	TimeIntervals	Lick
522.9077500000001	0.09999999999990905	TimeIntervals	Lick
523.041	0.09999999999990905	TimeIntervals	Lick
523.1745	0.10000000000013642	TimeIntervals	Lick
523.34125	0.23325000000011187	TimeIntervals	Lick
523.6080000000001	0.10000000000002274	TimeIntervals	Lick
524.7080000000001	0.06674999999995634	TimeIntervals	Lick
525.6750000000001	0.0665000000000191	TimeIntervals	Lick
525.7750000000001	0.06649999999990541	TimeIntervals	Lick
525.90825	0.033249999999952706	TimeIntervals	Lick
527.1750000000001	0.10000000000002274	TimeIntervals	Lick
528.4085	0.09999999999990905	TimeIntervals	Lick
528.57525	0.06674999999995634	TimeIntervals	Lick
528.7087500000001	0.06674999999995634	TimeIntervals	Lick
529.7755000000001	0.09999999999990905	TimeIntervals	Lick
529.9422500000001	0.10000000000002274	TimeIntervals	Lick
535.1095	0.06675000000007003	TimeIntervals	Lick
537.0432500000001	0.06674999999995634	TimeIntervals	Lick
537.5435	0.10000000000002274	TimeIntervals	Lick
537.7100000000002	0.09999999999979536	TimeIntervals	Lick
537.9767499999999	0.10000000000013642	TimeIntervals	Lick
538.1767500000001	0.09999999999990905	TimeIntervals	Lick
538.5435	0.10000000000002274	TimeIntervals	Lick
538.7102500000001	0.13324999999986176	TimeIntervals	Lick
538.9435	0.10000000000002274	TimeIntervals	Lick
539.1435	0.06675000000007003	TimeIntervals	Lick
539.277	0.09999999999990905	TimeIntervals	Lick
539.4435	0.10000000000002274	TimeIntervals	Lick
542.41075	0.06674999999995634	TimeIntervals	Lick
545.878	0.06649999999990541	TimeIntervals	Lick
547.3782500000001	0.09999999999990905	TimeIntervals	Lick
547.6115000000001	0.10000000000002274	TimeIntervals	Lick
547.745	0.10000000000013642	TimeIntervals	Lick
548.0782500000001	0.09999999999979536	TimeIntervals	Lick
548.245	0.10000000000013642	TimeIntervals	Lick
548.41175	0.10000000000002274	TimeIntervals	Lick
548.945	0.09999999999990905	TimeIntervals	Lick
549.2785000000001	0.10000000000002274	TimeIntervals	Lick
549.445	0.10024999999995998	TimeIntervals	Lick
549.612	0.10000000000013642	TimeIntervals	Lick
549.74525	0.13325000000008913	TimeIntervals	Lick
550.6455	0.10000000000013642	TimeIntervals	Lick
550.8455000000001	0.09999999999990905	TimeIntervals	Lick
551.0120000000001	0.09999999999990905	TimeIntervals	Lick
551.1455	0.06650000000013279	TimeIntervals	Lick
551.2455000000001	0.10000000000002274	TimeIntervals	Lick
551.3787500000002	0.09999999999990905	TimeIntervals	Lick
551.5120000000001	0.09999999999990905	TimeIntervals	Lick
551.6455	0.10000000000013642	TimeIntervals	Lick
551.7455000000001	0.10000000000002274	TimeIntervals	Reward
551.7790000000001	0.0665000000000191	TimeIntervals	Lick
551.8790000000001	0.2999999999999545	TimeIntervals	Lick
552.21225	0.06675000000007003	TimeIntervals	Lick
552.3455000000001	0.06674999999984266	TimeIntervals	Lick
552.4455	0.09999999999990905	TimeIntervals	Lick
552.5790000000001	0.10000000000002274	TimeIntervals	Lick
552.71225	0.10025000000007367	TimeIntervals	Lick
552.8457500000002	0.06674999999972897	TimeIntervals	Lick
552.94575	0.09999999999990905	TimeIntervals	Lick
553.0790000000001	0.10000000000002274	TimeIntervals	Lick
553.2125000000001	0.10000000000002274	TimeIntervals	Lick
553.3457500000002	0.09999999999979536	TimeIntervals	Lick
553.4790000000002	0.09999999999990905	TimeIntervals	Lick
553.6125000000001	0.0665000000000191	TimeIntervals	Lick
553.74575	0.20024999999986903	TimeIntervals	Lick
554.0125	0.10000000000002274	TimeIntervals	Lick
554.1460000000001	0.10000000000002274	TimeIntervals	Lick
560.08	0.10000000000002274	TimeIntervals	Lick
561.9469999999999	0.10000000000002274	TimeIntervals	Lick
563.314	0.10000000000013642	TimeIntervals	Lick
564.214	0.09999999999990905	TimeIntervals	Lick
564.3475	0.10000000000002274	TimeIntervals	Lick
564.514	0.10000000000002274	TimeIntervals	Lick
564.6475000000002	0.09999999999990905	TimeIntervals	Lick
564.8475	0.06674999999995634	TimeIntervals	Lick
564.981	0.10000000000002274	TimeIntervals	Lick
565.1142500000001	0.09999999999990905	TimeIntervals	Lick
568.948	0.06675000000007003	TimeIntervals	Lick
572.84875	0.10000000000002274	TimeIntervals	Lick
572.982	0.06674999999995634	TimeIntervals	Lick
573.1155	0.0665000000000191	TimeIntervals	Lick
573.2155	0.10000000000013642	TimeIntervals	Lick
573.34875	0.10000000000002274	TimeIntervals	Lick
573.482	0.10000000000002274	TimeIntervals	Lick
573.6490000000001	0.09999999999990905	TimeIntervals	Lick
573.8155000000002	0.06674999999995634	TimeIntervals	Lick
573.949	0.10000000000013642	TimeIntervals	Lick
574.08225	0.09999999999990905	TimeIntervals	Lick
574.08225	0.09999999999990905	TimeIntervals	Reward
574.2155	0.06675000000007003	TimeIntervals	Lick
574.3155000000002	0.1667499999997517	TimeIntervals	Lick
574.5155000000001	0.06674999999995634	TimeIntervals	Lick
574.6155	0.10000000000002274	TimeIntervals	Lick
574.749	0.06675000000007003	TimeIntervals	Lick
574.849	0.09999999999990905	TimeIntervals	Lick
574.9825	0.20000000000004547	TimeIntervals	Lick
575.2157500000001	0.10000000000002274	TimeIntervals	Lick
575.349	0.06674999999995634	TimeIntervals	Lick
575.4825	0.06650000000013279	TimeIntervals	Lick
575.6157499999999	0.06675000000007003	TimeIntervals	Lick
575.7157500000001	0.20024999999998272	TimeIntervals	Lick
575.94925	0.10000000000002274	TimeIntervals	Lick
576.0825000000001	0.09999999999990905	TimeIntervals	Lick
576.216	0.20000000000004547	TimeIntervals	Lick
576.44925	0.10000000000002274	TimeIntervals	Lick
576.616	0.10000000000002274	TimeIntervals	Lick
581.81675	0.06675000000018372	TimeIntervals	Lick
582.817	0.06650000000013279	TimeIntervals	Lick
582.9502499999999	0.10000000000013642	TimeIntervals	Lick
583.317	0.06650000000013279	TimeIntervals	Lick
583.5837500000001	0.10000000000002274	TimeIntervals	Lick
583.7505000000001	0.09999999999990905	TimeIntervals	Lick
583.8837500000001	0.09999999999990905	TimeIntervals	Lick
587.5842500000001	0.10000000000013642	TimeIntervals	Lick
602.153	0.06700000000000728	TimeIntervals	Lick
602.4865000000001	0.10000000000002274	TimeIntervals	Lick
602.82	0.09999999999990905	TimeIntervals	Lick
602.9865000000001	0.10000000000002274	TimeIntervals	Lick
603.12	0.20000000000004547	TimeIntervals	Lick
603.3535000000002	0.09999999999979536	TimeIntervals	Lick
603.38675	0.10000000000002274	TimeIntervals	Reward
603.48675	0.36675000000013824	TimeIntervals	Lick
603.88675	0.06674999999995634	TimeIntervals	Lick
603.98675	0.10000000000013642	TimeIntervals	Lick
604.12	0.10000000000002274	TimeIntervals	Lick
604.2535000000001	0.1999999999998181	TimeIntervals	Lick
604.487	0.10000000000013642	TimeIntervals	Lick
604.62025	0.06674999999995634	TimeIntervals	Lick
604.7202500000001	0.10000000000002274	TimeIntervals	Lick
604.8870000000001	0.06649999999990541	TimeIntervals	Lick
604.987	0.10000000000013642	TimeIntervals	Lick
605.12025	0.20000000000004547	TimeIntervals	Lick
605.3535000000002	0.09999999999979536	TimeIntervals	Lick
605.487	0.10000000000013642	TimeIntervals	Lick
605.6205	0.10000000000002274	TimeIntervals	Lick
605.7537500000001	0.10000000000013642	TimeIntervals	Lick
605.8870000000001	0.09999999999990905	TimeIntervals	Lick
606.05375	0.09999999999990905	TimeIntervals	Lick
606.8205000000002	0.06674999999995634	TimeIntervals	Lick
616.68875	0.10000000000013642	TimeIntervals	Lick
621.556	0.10000000000002274	TimeIntervals	Lick
621.6895	0.10000000000013642	TimeIntervals	Lick
621.856	0.09999999999990905	TimeIntervals	Lick
622.023	0.10000000000002274	TimeIntervals	Lick
622.1895	0.10000000000013642	TimeIntervals	Lick
622.3230000000001	0.09999999999990905	TimeIntervals	Lick
622.4562500000001	0.09999999999990905	TimeIntervals	Lick
622.5895	0.06675000000007003	TimeIntervals	Lick
622.6562500000001	0.10000000000002274	TimeIntervals	Reward
622.6895	0.20000000000015916	TimeIntervals	Lick
622.923	0.0665000000000191	TimeIntervals	Lick
623.023	0.06675000000007003	TimeIntervals	Lick
623.123	0.09999999999990905	TimeIntervals	Lick
623.2565000000001	0.0665000000000191	TimeIntervals	Lick
623.3565000000001	0.09999999999990905	TimeIntervals	Lick
623.48975	0.06675000000007003	TimeIntervals	Lick
623.5897500000001	0.09999999999990905	TimeIntervals	Lick
623.723	0.10000000000013642	TimeIntervals	Lick
623.8565000000001	0.09999999999990905	TimeIntervals	Lick
623.98975	0.06675000000007003	TimeIntervals	Lick
624.0897500000001	0.10024999999995998	TimeIntervals	Lick
624.22325	0.10000000000002274	TimeIntervals	Lick
624.3565000000001	0.09999999999990905	TimeIntervals	Lick
624.49	0.10000000000013642	TimeIntervals	Lick
624.62325	0.06675000000007003	TimeIntervals	Lick
624.72325	0.10000000000002274	TimeIntervals	Lick
624.8565000000001	0.09999999999990905	TimeIntervals	Lick
625.0232500000002	0.09999999999979536	TimeIntervals	Lick
625.4567499999999	0.10000000000013642	TimeIntervals	Lick
634.8580000000001	0.09999999999990905	TimeIntervals	Lick
636.5585000000001	0.10000000000002274	TimeIntervals	Lick
636.725	0.10000000000013642	TimeIntervals	Lick
636.8917500000001	0.06674999999995634	TimeIntervals	Lick
637.0250000000001	0.1999999999999318	TimeIntervals	Lick
637.2585	0.20000000000004547	TimeIntervals	Lick
637.492	0.20000000000004547	TimeIntervals	Lick
637.7252500000001	0.09999999999990905	TimeIntervals	Lick
637.8585000000002	0.06674999999984266	TimeIntervals	Lick
637.9585000000001	0.10000000000002274	TimeIntervals	Reward
637.992	0.06650000000013279	TimeIntervals	Lick
638.0920000000001	0.2665000000000646	TimeIntervals	Lick
638.392	0.20000000000004547	TimeIntervals	Lick
638.6255	0.20000000000015916	TimeIntervals	Lick
638.8587500000001	0.09999999999990905	TimeIntervals	Lick
638.992	0.06675000000007003	TimeIntervals	Lick
639.1255	0.0665000000000191	TimeIntervals	Lick
639.25875	0.06675000000018372	TimeIntervals	Lick
639.3587500000001	0.09999999999990905	TimeIntervals	Lick
639.6255	0.10000000000002274	TimeIntervals	Lick
639.759	0.06650000000013279	TimeIntervals	Lick
639.859	0.10000000000002274	TimeIntervals	Lick
639.99225	0.10000000000002274	TimeIntervals	Lick
640.1255	0.10000000000002274	TimeIntervals	Lick
640.259	0.10000000000002274	TimeIntervals	Lick
641.1925	0.0665000000000191	TimeIntervals	Lick
641.7925	0.10000000000002274	TimeIntervals	Lick
649.0935000000001	0.06674999999995634	TimeIntervals	Lick
649.2270000000001	0.0665000000000191	TimeIntervals	Lick
649.3602500000001	0.10024999999995998	TimeIntervals	Lick
649.5937500000001	0.10000000000002274	TimeIntervals	Lick
649.7270000000001	0.10000000000002274	TimeIntervals	Lick
649.8605000000001	0.09999999999990905	TimeIntervals	Lick
649.99375	0.10000000000013642	TimeIntervals	Lick
650.127	0.06675000000018372	TimeIntervals	Lick
650.2270000000001	0.10000000000002274	TimeIntervals	Lick
650.2937500000002	0.09999999999990905	TimeIntervals	Reward
650.3937500000001	0.26674999999988813	TimeIntervals	Lick
650.694	0.06650000000013279	TimeIntervals	Lick
650.7940000000001	0.0665000000000191	TimeIntervals	Lick
650.894	0.10000000000002274	TimeIntervals	Lick
651.0272499999999	0.10000000000013642	TimeIntervals	Lick
651.1605	0.06675000000007003	TimeIntervals	Lick
651.2605000000001	0.10000000000002274	TimeIntervals	Lick
651.394	0.10000000000002274	TimeIntervals	Lick
651.5272499999999	0.0667500000002974	TimeIntervals	Lick
651.6275	0.10000000000002274	TimeIntervals	Lick
651.7607499999999	0.06675000000018372	TimeIntervals	Lick
651.86075	0.10000000000013642	TimeIntervals	Lick
651.994	0.10000000000013642	TimeIntervals	Lick
652.1275	0.06649999999990541	TimeIntervals	Lick
652.2607499999999	0.06675000000018372	TimeIntervals	Lick
652.36075	0.10000000000013642	TimeIntervals	Lick
652.494	0.10000000000013642	TimeIntervals	Lick
652.66075	0.10024999999995998	TimeIntervals	Lick
652.9275	0.06675000000007003	TimeIntervals	Lick
653.8945000000001	0.09999999999990905	TimeIntervals	Lick
667.1297500000001	0.10000000000002274	TimeIntervals	Lick
667.52975	0.10000000000002274	TimeIntervals	Lick
667.6965	0.06650000000013279	TimeIntervals	Lick
667.7965	0.10000000000002274	TimeIntervals	Lick
667.9630000000001	0.10000000000002274	TimeIntervals	Lick
668.1300000000001	0.06649999999990541	TimeIntervals	Lick
668.23	0.10000000000002274	TimeIntervals	Lick
668.3632500000002	0.09999999999979536	TimeIntervals	Lick
668.4965000000001	0.06674999999984266	TimeIntervals	Lick
668.6300000000001	0.06649999999990541	TimeIntervals	Lick
668.6632500000001	0.10000000000002274	TimeIntervals	Reward
668.73	0.40000000000009095	TimeIntervals	Lick
669.1635	0.0665000000000191	TimeIntervals	Lick
669.2635	0.10000000000025011	TimeIntervals	Lick
669.3967500000001	0.09999999999990905	TimeIntervals	Lick
669.5300000000001	0.10000000000002274	TimeIntervals	Lick
669.6635	0.0665000000000191	TimeIntervals	Lick
669.79675	0.0667500000002974	TimeIntervals	Lick
669.8967500000001	0.09999999999990905	TimeIntervals	Lick
670.0300000000001	0.10000000000002274	TimeIntervals	Lick
670.1635	0.10000000000002274	TimeIntervals	Lick
670.3302500000001	0.06674999999995634	TimeIntervals	Lick
670.4302499999999	0.10000000000013642	TimeIntervals	Lick
670.5635	0.10000000000002274	TimeIntervals	Lick
670.697	0.0665000000000191	TimeIntervals	Lick
670.8302500000001	0.06674999999995634	TimeIntervals	Lick
670.9635	0.10000000000002274	TimeIntervals	Lick
671.097	0.10000000000002274	TimeIntervals	Lick
673.19725	0.03325000000006639	TimeIntervals	Lick
677.9645	0.06699999999989359	TimeIntervals	Reward
678.098	0.36675000000013824	TimeIntervals	Lick
678.498	0.20000000000004547	TimeIntervals	Lick
678.7315000000001	0.09999999999990905	TimeIntervals	Lick
678.8647500000001	0.10000000000002274	TimeIntervals	Lick
678.998	0.06700000000000728	TimeIntervals	Lick
679.09825	0.10000000000002274	TimeIntervals	Lick
679.2315000000001	0.09999999999990905	TimeIntervals	Lick
679.3650000000001	0.1999999999999318	TimeIntervals	Lick
679.59825	0.10000000000002274	TimeIntervals	Lick
679.7315000000001	0.09999999999990905	TimeIntervals	Lick
679.8650000000001	0.06649999999990541	TimeIntervals	Lick
679.9982500000001	0.09999999999990905	TimeIntervals	Lick
680.1315	0.06700000000000728	TimeIntervals	Lick
680.2650000000001	0.06674999999984266	TimeIntervals	Lick
680.3985	0.10000000000013642	TimeIntervals	Lick
684.2990000000002	0.06649999999990541	TimeIntervals	Lick
684.4655	0.06675000000007003	TimeIntervals	Lick
684.6990000000001	0.10000000000013642	TimeIntervals	Lick
684.8325000000001	0.09999999999990905	TimeIntervals	Lick
684.9657500000001	0.09999999999990905	TimeIntervals	Lick
685.099	0.10000000000002274	TimeIntervals	Lick
685.2325000000001	0.10000000000002274	TimeIntervals	Lick
685.36575	0.1999999999999318	TimeIntervals	Lick
685.599	0.10025000000007367	TimeIntervals	Lick
685.7325000000001	0.06675000000007003	TimeIntervals	Lick
685.8660000000002	0.06649999999979173	TimeIntervals	Lick
685.966	0.10000000000013642	TimeIntervals	Lick
686.09925	0.10000000000013642	TimeIntervals	Lick
686.2325000000001	0.06675000000007003	TimeIntervals	Lick
686.3325000000001	0.09999999999990905	TimeIntervals	Lick
686.4992500000001	0.06675000000007003	TimeIntervals	Lick
686.59925	0.10000000000013642	TimeIntervals	Lick
686.766	0.06675000000007003	TimeIntervals	Lick
686.8995000000001	0.06649999999990541	TimeIntervals	Lick
687.03275	0.10000000000013642	TimeIntervals	Lick
687.1660000000002	0.09999999999979536	TimeIntervals	Lick
687.2995000000001	0.10000000000002274	TimeIntervals	Lick
687.43275	0.09999999999990905	TimeIntervals	Lick
687.5660000000001	0.10000000000002274	TimeIntervals	Lick
687.6995000000002	0.09999999999990905	TimeIntervals	Lick
687.8330000000001	0.09999999999990905	TimeIntervals	Lick
687.96625	0.10000000000002274	TimeIntervals	Lick
688.0995000000001	0.10000000000002274	TimeIntervals	Lick
688.2330000000001	0.10000000000002274	TimeIntervals	Lick
688.3662500000002	0.09999999999979536	TimeIntervals	Lick
688.4995	0.10000000000013642	TimeIntervals	Lick
688.6662500000002	0.06674999999984266	TimeIntervals	Lick
688.7995000000001	0.10000000000002274	TimeIntervals	Lick
688.9665	0.13324999999997544	TimeIntervals	Reward
689.1330000000002	0.16674999999997908	TimeIntervals	Lick
689.433	0.06675000000007003	TimeIntervals	Lick
689.5329999999999	0.06675000000007003	TimeIntervals	Lick
689.6665000000002	0.06649999999990541	TimeIntervals	Lick
689.7665	0.10000000000013642	TimeIntervals	Lick
689.89975	0.10000000000002274	TimeIntervals	Lick
690.0665	0.06675000000007003	TimeIntervals	Lick
690.2000000000002	0.06649999999979173	TimeIntervals	Lick
690.3332500000001	0.06674999999995634	TimeIntervals	Lick
690.4665	0.06674999999995634	TimeIntervals	Lick
690.5665	0.10000000000013642	TimeIntervals	Lick
690.7000000000002	0.09999999999990905	TimeIntervals	Lick
690.8332500000001	0.09999999999990905	TimeIntervals	Lick
690.9665	0.10000000000002274	TimeIntervals	Lick
691.1	0.10000000000013642	TimeIntervals	Lick
691.2667500000001	0.06674999999995634	TimeIntervals	Lick
692.2000000000002	0.0669999999997799	TimeIntervals	Lick
696.5007500000002	0.09999999999990905	TimeIntervals	Lick
699.3012500000001	0.09999999999990905	TimeIntervals	Lick
699.468	0.0665000000000191	TimeIntervals	Lick
699.5680000000001	0.0665000000000191	TimeIntervals	Lick
699.7012500000001	0.06674999999995634	TimeIntervals	Lick
699.8345	0.06674999999995634	TimeIntervals	Lick
700.03475	0.10000000000002274	TimeIntervals	Lick
700.168	0.10000000000002274	TimeIntervals	Lick
700.3015000000001	0.09999999999990905	TimeIntervals	Lick
702.2685	0.10000000000002274	TimeIntervals	Lick
702.6685000000001	0.09999999999990905	TimeIntervals	Lick
702.8685	0.06649999999990541	TimeIntervals	Lick
703.00175	0.06674999999995634	TimeIntervals	Lick
703.135	0.10000000000002274	TimeIntervals	Lick
703.2685	0.10000000000002274	TimeIntervals	Lick
703.3685	0.09999999999990905	TimeIntervals	Reward
703.43525	0.36675000000002456	TimeIntervals	Lick
703.8352500000001	0.06674999999995634	TimeIntervals	Lick
703.93525	0.09999999999990905	TimeIntervals	Lick
704.0685	0.06675000000007003	TimeIntervals	Lick
704.1685000000001	0.09999999999990905	TimeIntervals	Lick
704.302	0.10000000000002274	TimeIntervals	Lick
704.4354999999999	0.10000000000002274	TimeIntervals	Lick
704.56875	0.06675000000007003	TimeIntervals	Lick
704.6687500000002	0.09999999999990905	TimeIntervals	Lick
704.8355000000001	0.06649999999990541	TimeIntervals	Lick
704.9354999999999	0.10000000000002274	TimeIntervals	Lick
705.06875	0.10000000000013642	TimeIntervals	Lick
705.2020000000001	0.09999999999990905	TimeIntervals	Lick
705.3355000000001	0.09999999999979536	TimeIntervals	Lick
705.469	0.06649999999990541	TimeIntervals	Lick
705.9022500000001	0.06674999999995634	TimeIntervals	Lick
728.4724999999999	0.10000000000013642	TimeIntervals	Lick
728.8057500000001	0.09999999999990905	TimeIntervals	Lick
728.939	0.10000000000002274	TimeIntervals	Lick
729.2725000000002	0.10000000000013642	TimeIntervals	Lick
729.4724999999999	0.06650000000013279	TimeIntervals	Lick
729.5725	0.10000000000002274	TimeIntervals	Lick
729.6725	0.13350000000002638	TimeIntervals	Reward
729.7392500000001	0.06674999999995634	TimeIntervals	Lick
729.83925	0.2667500000000018	TimeIntervals	Lick
730.1392500000001	0.06674999999995634	TimeIntervals	Lick
730.2392500000001	0.09999999999990905	TimeIntervals	Lick
730.3725000000003	0.06674999999972897	TimeIntervals	Lick
730.4724999999999	0.10000000000013642	TimeIntervals	Lick
730.606	0.10000000000002274	TimeIntervals	Lick
730.7395	0.10000000000002274	TimeIntervals	Lick
730.8727500000002	0.09999999999968168	TimeIntervals	Lick
731.006	0.10000000000002274	TimeIntervals	Lick
731.1395000000001	0.09999999999990905	TimeIntervals	Lick
731.2727500000001	0.10000000000013642	TimeIntervals	Lick
731.4060000000001	0.09999999999990905	TimeIntervals	Lick
731.5395000000001	0.10000000000002274	TimeIntervals	Lick
731.6727500000001	0.10025000000007367	TimeIntervals	Lick
731.8395	0.06675000000007003	TimeIntervals	Lick
760.97725	0.06675000000007003	TimeIntervals	Lick
761.2105000000001	0.06674999999995634	TimeIntervals	Lick
761.37725	0.06674999999995634	TimeIntervals	Lick
761.744	0.10000000000013642	TimeIntervals	Lick
761.8775	0.09999999999990905	TimeIntervals	Lick
762.0107499999999	0.10000000000013642	TimeIntervals	Lick
762.0440000000001	0.09999999999990905	TimeIntervals	Reward
762.144	0.3669999999999618	TimeIntervals	Lick
762.54425	0.06674999999995634	TimeIntervals	Lick
762.6442499999999	0.10000000000013642	TimeIntervals	Lick
762.7775000000001	0.09999999999990905	TimeIntervals	Lick
762.911	0.10000000000002274	TimeIntervals	Lick
763.04425	0.09999999999990905	TimeIntervals	Lick
763.1775000000001	0.10000000000002274	TimeIntervals	Lick
763.3110000000001	0.09999999999979536	TimeIntervals	Lick
763.4442499999999	0.10000000000013642	TimeIntervals	Lick
763.5775000000001	0.10024999999995998	TimeIntervals	Lick
763.7110000000001	0.10000000000002274	TimeIntervals	Lick
763.8445000000002	0.09999999999979536	TimeIntervals	Lick
763.97775	0.10000000000002274	TimeIntervals	Lick
764.111	0.10000000000013642	TimeIntervals	Lick
764.8112500000001	0.09999999999990905	TimeIntervals	Lick
778.9132500000001	0.10024999999995998	TimeIntervals	Lick
779.3800000000001	0.09999999999979536	TimeIntervals	Reward
779.4135	0.06649999999990541	TimeIntervals	Lick
779.5135	0.5	TimeIntervals	Lick
780.04675	0.06675000000007003	TimeIntervals	Lick
780.147	0.10000000000013642	TimeIntervals	Lick
780.2802500000001	0.10000000000002274	TimeIntervals	Lick
780.4135	0.20000000000004547	TimeIntervals	Lick
780.647	0.10000000000013642	TimeIntervals	Lick
780.7802500000001	0.10000000000002274	TimeIntervals	Lick
780.9135	0.10000000000002274	TimeIntervals	Lick
781.0469999999999	0.10000000000013642	TimeIntervals	Lick
781.18025	0.10024999999995998	TimeIntervals	Lick
781.31375	0.09999999999990905	TimeIntervals	Lick
781.4469999999999	0.10000000000002274	TimeIntervals	Lick
781.5805	0.10000000000002274	TimeIntervals	Lick
783.314	0.06650000000024647	TimeIntervals	Lick
799.6830000000001	0.10000000000002274	TimeIntervals	Reward
799.84975	0.4667500000000473	TimeIntervals	Lick
800.35	0.09999999999990905	TimeIntervals	Lick
800.4832499999999	0.06675000000018372	TimeIntervals	Lick
800.6165000000001	0.06674999999995634	TimeIntervals	Lick
800.7165	0.10000000000002274	TimeIntervals	Lick
800.85	0.09999999999990905	TimeIntervals	Lick
800.9834999999999	0.06650000000013279	TimeIntervals	Lick
801.91675	0.06674999999995634	TimeIntervals	Lick
817.019	0.06675000000018372	TimeIntervals	Lick
817.2857500000001	0.06674999999995634	TimeIntervals	Lick
817.4190000000001	0.06699999999989359	TimeIntervals	Lick
817.5525	0.06675000000007003	TimeIntervals	Lick
817.6525000000001	0.09999999999990905	TimeIntervals	Lick
817.7860000000002	0.06649999999990541	TimeIntervals	Lick
819.0860000000001	0.09999999999990905	TimeIntervals	Reward
819.2195000000002	0.3664999999999736	TimeIntervals	Lick
819.653	0.06650000000013279	TimeIntervals	Lick
819.7530000000002	0.06649999999990541	TimeIntervals	Lick
820.0195	0.06675000000007003	TimeIntervals	Lick
820.153	0.06650000000013279	TimeIntervals	Lick
820.28625	0.06675000000007003	TimeIntervals	Lick
833.3550000000001	0.09999999999979536	TimeIntervals	Reward
833.58825	0.33324999999990723	TimeIntervals	Lick
834.9217499999999	0.03325000000006639	TimeIntervals	Lick
835.022	0.06649999999990541	TimeIntervals	Lick
835.3220000000001	0.06649999999990541	TimeIntervals	Lick
835.45525	0.06675000000007003	TimeIntervals	Lick
835.5552499999999	0.10000000000025011	TimeIntervals	Lick
835.6885	0.10000000000002274	TimeIntervals	Lick
847.6570000000002	0.09999999999990905	TimeIntervals	Reward
847.8905000000001	0.2665000000000646	TimeIntervals	Lick
856.9250000000001	0.10025000000007367	TimeIntervals	Reward
868.9935	0.10025000000007367	TimeIntervals	Reward
891.3305	0.09999999999990905	TimeIntervals	Reward
919.7015000000001	0.10000000000002274	TimeIntervals	Reward
923.8685	0.8669999999999618	TimeIntervals	Lick
925.1355	0.16675000000020646	TimeIntervals	Lick
925.469	0.43324999999992997	TimeIntervals	Lick
926.0022499999999	0.06675000000018372	TimeIntervals	Lick
926.1355	0.06700000000012096	TimeIntervals	Lick
926.269	0.06675000000018372	TimeIntervals	Lick
926.4025	0.0665000000000191	TimeIntervals	Lick
926.53575	0.06674999999995634	TimeIntervals	Lick
926.6690000000001	0.06674999999995634	TimeIntervals	Lick
926.8025000000001	0.06649999999990541	TimeIntervals	Lick
926.93575	0.06674999999995634	TimeIntervals	Lick
927.0690000000001	0.06674999999984266	TimeIntervals	Lick
927.2025000000001	0.06649999999990541	TimeIntervals	Lick
927.3360000000001	0.06649999999990541	TimeIntervals	Lick
927.4692500000001	0.10000000000002274	TimeIntervals	Lick
927.636	0.06650000000013279	TimeIntervals	Lick
927.8360000000001	0.06649999999990541	TimeIntervals	Lick
927.936	0.09999999999990905	TimeIntervals	Reward
927.9692500000001	0.4667499999999336	TimeIntervals	Lick
928.60275	0.06674999999995634	TimeIntervals	Lick
928.70275	0.10000000000013642	TimeIntervals	Lick
928.8360000000001	0.06674999999984266	TimeIntervals	Lick
928.9695	0.06649999999990541	TimeIntervals	Lick
929.10275	0.10000000000002274	TimeIntervals	Lick
929.236	0.06675000000018372	TimeIntervals	Lick
929.8030000000001	0.06649999999990541	TimeIntervals	Lick
929.903	0.10000000000002274	TimeIntervals	Lick
933.17	0.06675000000007003	TimeIntervals	Lick
933.3700000000001	0.06674999999972897	TimeIntervals	Lick
933.47	0.10000000000002274	TimeIntervals	Lick
933.63675	0.06675000000007003	TimeIntervals	Lick
933.73675	0.10000000000025011	TimeIntervals	Lick
933.9035	0.06675000000007003	TimeIntervals	Lick
934.9705000000001	0.10000000000002274	TimeIntervals	Lick
935.50375	0.06675000000018372	TimeIntervals	Lick
938.971	0.09999999999990905	TimeIntervals	Reward
939.10425	0.10000000000013642	TimeIntervals	Lick
939.2710000000001	0.1667499999998654	TimeIntervals	Lick
940.7045000000002	0.06674999999984266	TimeIntervals	Lick
943.03825	0.16675000000009277	TimeIntervals	Lick
943.4715000000001	0.1334999999999127	TimeIntervals	Lick
943.705	0.1334999999999127	TimeIntervals	Lick
943.8717500000002	0.46674999999970623	TimeIntervals	Lick
944.3717500000002	0.60024999999996	TimeIntervals	Lick
945.0052500000002	0.09999999999990905	TimeIntervals	Lick
945.1385	0.10000000000025011	TimeIntervals	Lick
945.272	0.10000000000013642	TimeIntervals	Lick
945.4385	0.23349999999993543	TimeIntervals	Lick
945.7052500000001	0.3334999999998445	TimeIntervals	Lick
946.072	0.20000000000004547	TimeIntervals	Lick
946.3055	0.13324999999986176	TimeIntervals	Lick
946.4720000000002	0.4334999999997535	TimeIntervals	Lick
947.0055000000001	0.1999999999999318	TimeIntervals	Lick
947.3055	0.16674999999997908	TimeIntervals	Lick
947.5055000000001	0.13350000000002638	TimeIntervals	Lick
947.8055	0.09999999999990905	TimeIntervals	Lick
948.039	0.20000000000015916	TimeIntervals	Lick
948.3057500000001	0.13324999999974807	TimeIntervals	Lick
948.6057500000001	0.2667500000002292	TimeIntervals	Lick
948.9057499999999	0.10000000000025011	TimeIntervals	Lick
949.039	0.10000000000013642	TimeIntervals	Lick
949.406	0.20000000000004547	TimeIntervals	Lick
950.906	0.10000000000002274	TimeIntervals	Lick
957.07375	0.4667499999999336	TimeIntervals	Lick
957.7405000000001	0.13325000000008913	TimeIntervals	Lick
971.3425000000001	0.10000000000002274	TimeIntervals	Reward
971.6425	0.20000000000004547	TimeIntervals	Lick
990.7455	0.06650000000013279	TimeIntervals	Reward
999.9802500000001	0.09999999999990905	TimeIntervals	Reward
1012.0487499999999	0.10000000000013642	TimeIntervals	Reward
1043.3535	0.1000000000003638	TimeIntervals	Reward
