onset	duration	nwb_table	event_type
7.8145	0.23325000000000085	TimeIntervals	Lick
8.081000000000001	0.10025000000000084	TimeIntervals	Lick
8.314500000000002	0.566749999999999	TimeIntervals	Lick
8.914499999999999	0.16675000000000217	TimeIntervals	Lick
9.1145	0.40025000000000155	TimeIntervals	Lick
9.614749999999999	0.29999999999999893	TimeIntervals	Lick
9.948	0.2667500000000018	TimeIntervals	Lick
10.315000000000001	0.3332499999999996	TimeIntervals	Lick
10.6815	0.10000000000000142	TimeIntervals	Lick
10.981500000000002	0.2334999999999976	TimeIntervals	Lick
11.281500000000001	0.33349999999999724	TimeIntervals	Lick
11.6485	0.1000000000000032	TimeIntervals	Lick
12.48175	0.06674999999999898	TimeIntervals	Lick
12.615249999999998	0.06675000000000075	TimeIntervals	Lick
12.715250000000003	0.09999999999999787	TimeIntervals	Lick
12.848500000000001	0.09999999999999964	TimeIntervals	Lick
13.048500000000002	0.0667499999999972	TimeIntervals	Lick
13.1485	0.10000000000000142	TimeIntervals	Lick
13.31525	0.06675000000000075	TimeIntervals	Lick
13.41525	0.09999999999999964	TimeIntervals	Lick
13.582000000000003	0.0667499999999972	TimeIntervals	Lick
13.682	0.10000000000000142	TimeIntervals	Lick
13.8155	0.06650000000000134	TimeIntervals	Lick
13.915500000000002	0.09999999999999964	TimeIntervals	Lick
14.04875	0.09999999999999964	TimeIntervals	Lick
14.182	0.06675000000000075	TimeIntervals	Lick
14.282000000000002	0.09999999999999964	TimeIntervals	Lick
14.415500000000002	0.06649999999999956	TimeIntervals	Lick
14.515500000000001	0.09999999999999964	TimeIntervals	Reward
14.54875	0.5335000000000036	TimeIntervals	Lick
15.1155	0.10000000000000142	TimeIntervals	Lick
15.249000000000002	0.06649999999999778	TimeIntervals	Lick
15.349	0.10000000000000142	TimeIntervals	Lick
15.48225	0.1000000000000032	TimeIntervals	Lick
15.615499999999999	0.1000000000000032	TimeIntervals	Lick
15.749	0.20000000000000107	TimeIntervals	Lick
15.982500000000002	0.09999999999999787	TimeIntervals	Lick
16.11575	0.10000000000000497	TimeIntervals	Lick
16.249	0.10000000000000142	TimeIntervals	Lick
16.382499999999997	0.10000000000000142	TimeIntervals	Lick
16.51575	0.20000000000000284	TimeIntervals	Lick
16.749	0.10000000000000142	TimeIntervals	Lick
16.882499999999997	0.10000000000000142	TimeIntervals	Lick
17.016	0.10000000000000142	TimeIntervals	Lick
17.14925	0.10000000000000142	TimeIntervals	Lick
17.282499999999995	0.10000000000000142	TimeIntervals	Lick
17.416	0.09999999999999787	TimeIntervals	Lick
17.549249999999997	0.10000000000000142	TimeIntervals	Lick
17.682500000000005	0.1334999999999944	TimeIntervals	Lick
17.84925	0.23349999999999582	TimeIntervals	Lick
18.116	0.10000000000000497	TimeIntervals	Lick
18.2495	0.09999999999999787	TimeIntervals	Lick
18.38275	0.13324999999999676	TimeIntervals	Lick
18.5495	0.1332500000000003	TimeIntervals	Lick
18.716000000000005	0.4002499999999962	TimeIntervals	Lick
19.149500000000003	0.13349999999999795	TimeIntervals	Lick
19.316250000000004	0.5	TimeIntervals	Lick
19.8495	0.10000000000000142	TimeIntervals	Lick
20.1495	0.06700000000000017	TimeIntervals	Lick
20.383	0.40000000000000213	TimeIntervals	Lick
20.983000000000004	0.06674999999999542	TimeIntervals	Lick
21.14975	0.8002500000000019	TimeIntervals	Lick
21.983250000000005	0.09999999999999432	TimeIntervals	Lick
22.283250000000002	0.06674999999999542	TimeIntervals	Lick
22.3835	0.33324999999999605	TimeIntervals	Lick
22.75	0.06674999999999898	TimeIntervals	Lick
22.849999999999998	0.10000000000000497	TimeIntervals	Lick
23.483500000000006	0.3334999999999937	TimeIntervals	Lick
23.85025	0.433250000000001	TimeIntervals	Lick
24.45025	0.46675000000000466	TimeIntervals	Lick
24.983750000000004	0.06674999999999542	TimeIntervals	Lick
25.083750000000002	0.09999999999999787	TimeIntervals	Lick
25.283749999999998	0.13325000000000742	TimeIntervals	Lick
25.483750000000004	0.03324999999999889	TimeIntervals	Lick
25.650500000000005	0.29999999999999716	TimeIntervals	Lick
25.983999999999998	0.10000000000000497	TimeIntervals	Lick
26.417250000000003	0.5667499999999954	TimeIntervals	Lick
27.450750000000003	0.06674999999999898	TimeIntervals	Lick
27.584000000000003	0.09999999999999787	TimeIntervals	Lick
27.7175	0.1999999999999993	TimeIntervals	Lick
27.951000000000004	0.19999999999999574	TimeIntervals	Lick
28.18425	0.20000000000000284	TimeIntervals	Lick
28.4175	0.10000000000000142	TimeIntervals	Lick
28.551000000000002	0.1999999999999993	TimeIntervals	Lick
28.784249999999997	0.10000000000000853	TimeIntervals	Lick
28.9175	0.10024999999999906	TimeIntervals	Lick
29.051000000000002	0.09999999999999787	TimeIntervals	Lick
29.1845	0.09999999999999787	TimeIntervals	Lick
29.31775	2.2002500000000005	TimeIntervals	Lick
29.61775	0.03324999999999889	TimeIntervals	Reward
31.551499999999997	0.633250000000011	TimeIntervals	Lick
32.21800000000001	0.40024999999999267	TimeIntervals	Lick
32.7515	0.09999999999998721	TimeIntervals	Lick
32.88499999999999	0.4000000000000128	TimeIntervals	Lick
33.31824999999999	0.23350000000000648	TimeIntervals	Lick
33.618500000000004	0.13325000000000387	TimeIntervals	Lick
33.785000000000004	0.06674999999999187	TimeIntervals	Lick
34.018499999999996	0.2332500000000124	TimeIntervals	Lick
34.351749999999996	0.10025000000000261	TimeIntervals	Lick
34.852	0.06649999999999778	TimeIntervals	Lick
35.085249999999995	0.433250000000001	TimeIntervals	Lick
35.552	0.06674999999999898	TimeIntervals	Lick
35.81875000000001	0.06674999999999187	TimeIntervals	Lick
35.918749999999996	0.3332500000000067	TimeIntervals	Lick
36.352	0.20000000000000284	TimeIntervals	Lick
36.652	0.5334999999999965	TimeIntervals	Lick
37.252250000000004	1.133499999999998	TimeIntervals	Lick
38.419	0.6002500000000026	TimeIntervals	Lick
39.11925	0.20000000000000995	TimeIntervals	Lick
39.352500000000006	0.2667499999999947	TimeIntervals	Lick
39.686	0.2664999999999935	TimeIntervals	Lick
40.086	0.30000000000000426	TimeIntervals	Lick
40.4195	0.09999999999999432	TimeIntervals	Lick
40.55275	0.10000000000000142	TimeIntervals	Lick
40.652750000000005	0.03324999999999534	TimeIntervals	Reward
40.75274999999999	1.5337500000000048	TimeIntervals	Lick
42.31975	0.09999999999999432	TimeIntervals	Lick
42.453	0.10000000000000142	TimeIntervals	Lick
42.586499999999994	0.36650000000000915	TimeIntervals	Lick
42.98649999999999	0.10000000000000142	TimeIntervals	Lick
43.11975	0.23349999999999937	TimeIntervals	Lick
43.386500000000005	0.13349999999999795	TimeIntervals	Lick
43.55324999999999	0.13325000000001097	TimeIntervals	Lick
43.720000000000006	0.13324999999999676	TimeIntervals	Lick
43.886500000000005	0.36674999999999613	TimeIntervals	Lick
44.2865	0.10025000000000261	TimeIntervals	Lick
44.42	0.10000000000000142	TimeIntervals	Lick
44.586749999999995	0.06675000000000608	TimeIntervals	Lick
44.720000000000006	0.29999999999999716	TimeIntervals	Lick
45.12	0.2667500000000018	TimeIntervals	Lick
45.42	0.10024999999999551	TimeIntervals	Lick
45.5535	0.13349999999999085	TimeIntervals	Lick
45.7535	0.5	TimeIntervals	Lick
46.520500000000006	0.23324999999999818	TimeIntervals	Lick
46.787000000000006	0.09999999999999432	TimeIntervals	Lick
47.32050000000001	0.19999999999999574	TimeIntervals	Lick
47.55375	0.10025000000000261	TimeIntervals	Lick
47.687250000000006	0.09999999999999432	TimeIntervals	Lick
48.354000000000006	0.1664999999999992	TimeIntervals	Lick
48.587250000000004	0.06674999999999898	TimeIntervals	Lick
48.820750000000004	0.09999999999999432	TimeIntervals	Lick
49.22075000000001	0.09999999999999432	TimeIntervals	Lick
49.354000000000006	0.09999999999998721	TimeIntervals	Lick
50.221000000000004	0.03324999999999534	TimeIntervals	Lick
50.35425	0.06674999999999898	TimeIntervals	Lick
50.6875	0.10000000000000142	TimeIntervals	Lick
51.2545	0.23324999999999818	TimeIntervals	Lick
51.5545	0.10000000000000142	TimeIntervals	Lick
51.821	0.06675000000000608	TimeIntervals	Lick
52.388000000000005	0.09999999999999432	TimeIntervals	Lick
53.221500000000006	0.09999999999999432	TimeIntervals	Lick
53.35475000000001	0.13324999999998965	TimeIntervals	Lick
54.35500000000001	0.09999999999998721	TimeIntervals	Lick
54.48825	0.29999999999999716	TimeIntervals	Lick
54.85500000000001	0.06649999999999068	TimeIntervals	Lick
55.42175	0.10000000000000142	TimeIntervals	Lick
55.5885	0.23324999999999818	TimeIntervals	Lick
56.75525	0.2332500000000053	TimeIntervals	Lick
57.5555	0.06649999999999778	TimeIntervals	Lick
58.18875	0.10000000000000142	TimeIntervals	Lick
58.72225	0.06674999999999898	TimeIntervals	Lick
58.855500000000006	0.06674999999998477	TimeIntervals	Lick
59.02225000000001	0.1667499999999933	TimeIntervals	Lick
59.989	0.06675000000000608	TimeIntervals	Lick
60.1225	0.13324999999998965	TimeIntervals	Lick
63.123	0.13325000000001097	TimeIntervals	Lick
64.323	0.06675000000001319	TimeIntervals	Lick
64.42299999999999	0.20000000000001705	TimeIntervals	Lick
64.6565	0.10000000000000853	TimeIntervals	Lick
64.78975	0.20000000000000284	TimeIntervals	Lick
65.02299999999998	0.0667500000000274	TimeIntervals	Lick
65.123	0.333500000000015	TimeIntervals	Lick
65.49	0.3332499999999925	TimeIntervals	Lick
65.85650000000001	0.19999999999998863	TimeIntervals	Lick
66.09	0.10000000000000853	TimeIntervals	Lick
66.22325000000001	0.20024999999999693	TimeIntervals	Lick
66.45675000000001	0.0999999999999801	TimeIntervals	Lick
66.59	0.10000000000000853	TimeIntervals	Lick
66.69000000000001	0.09999999999999432	TimeIntervals	Reward
66.7235	0.4332499999999868	TimeIntervals	Lick
67.19000000000001	0.06674999999998477	TimeIntervals	Lick
67.29	0.7334999999999923	TimeIntervals	Lick
68.057	0.09999999999999432	TimeIntervals	Lick
68.19024999999999	0.3335000000000008	TimeIntervals	Lick
68.5905	0.733249999999984	TimeIntervals	Lick
69.357	0.23350000000000648	TimeIntervals	Lick
69.62400000000001	0.09999999999999432	TimeIntervals	Lick
69.75725	0.10000000000000853	TimeIntervals	Lick
69.89049999999999	0.10000000000002274	TimeIntervals	Lick
70.024	0.26650000000000773	TimeIntervals	Lick
70.324	0.10000000000000853	TimeIntervals	Lick
70.45725	0.10000000000000853	TimeIntervals	Lick
70.5905	0.10025000000000261	TimeIntervals	Lick
70.724	0.13349999999999795	TimeIntervals	Lick
70.89075	0.10000000000000853	TimeIntervals	Lick
71.024	0.10000000000000853	TimeIntervals	Lick
71.15750000000001	0.09999999999999432	TimeIntervals	Lick
71.29075	0.13325000000000387	TimeIntervals	Lick
71.4575	0.10000000000000853	TimeIntervals	Lick
71.59075	0.13325000000000387	TimeIntervals	Lick
71.75750000000001	0.09999999999999432	TimeIntervals	Lick
71.891	0.26650000000000773	TimeIntervals	Lick
72.22424999999998	0.10000000000000853	TimeIntervals	Lick
72.3575	0.09999999999999432	TimeIntervals	Lick
72.65750000000001	0.09999999999999432	TimeIntervals	Lick
72.82424999999999	0.06675000000001319	TimeIntervals	Lick
73.02449999999999	0.20000000000000284	TimeIntervals	Lick
73.25774999999999	0.10000000000000853	TimeIntervals	Lick
73.79100000000001	0.09999999999999432	TimeIntervals	Lick
74.858	0.10000000000000853	TimeIntervals	Lick
74.99125000000001	0.06674999999998477	TimeIntervals	Lick
75.15800000000002	0.06674999999998477	TimeIntervals	Lick
75.358	0.10000000000000853	TimeIntervals	Lick
75.82475	0.10000000000000853	TimeIntervals	Lick
76.0915	0.0665000000000191	TimeIntervals	Lick
76.49150000000002	0.033499999999975216	TimeIntervals	Lick
77.0915	0.23349999999999227	TimeIntervals	Lick
77.3585	0.06650000000000489	TimeIntervals	Lick
77.95850000000002	0.0999999999999801	TimeIntervals	Lick
79.59200000000001	0.06674999999999898	TimeIntervals	Lick
79.75875	0.09999999999999432	TimeIntervals	Lick
80.859	0.30000000000001137	TimeIntervals	Lick
81.72574999999999	0.13325000000000387	TimeIntervals	Lick
83.15925	0.10000000000000853	TimeIntervals	Lick
84.3595	0.10000000000003695	TimeIntervals	Lick
84.49275000000002	0.20000000000000284	TimeIntervals	Lick
84.726	0.09999999999999432	TimeIntervals	Lick
84.8595	0.20000000000000284	TimeIntervals	Lick
85.093	0.20000000000000284	TimeIntervals	Lick
85.32624999999999	0.10000000000002274	TimeIntervals	Lick
85.45950000000003	0.19999999999998863	TimeIntervals	Lick
85.69300000000001	0.06649999999999068	TimeIntervals	Lick
85.793	0.09999999999999432	TimeIntervals	Lick
85.92625000000001	0.1002499999999884	TimeIntervals	Lick
86.05975000000001	0.06675000000001319	TimeIntervals	Lick
86.15975000000002	0.19999999999998863	TimeIntervals	Lick
86.393	0.10000000000000853	TimeIntervals	Lick
86.5265	0.10000000000002274	TimeIntervals	Lick
86.65975000000002	0.0999999999999801	TimeIntervals	Lick
86.75975	0.06674999999999898	TimeIntervals	Reward
86.793	0.8670000000000044	TimeIntervals	Lick
87.69325000000003	0.09999999999995168	TimeIntervals	Lick
87.8265	0.20000000000000284	TimeIntervals	Lick
88.05999999999999	0.10000000000002274	TimeIntervals	Lick
88.19325000000003	0.10024999999995998	TimeIntervals	Lick
88.32674999999999	0.20000000000000284	TimeIntervals	Lick
88.55999999999999	0.23350000000000648	TimeIntervals	Lick
88.82674999999999	0.10000000000000853	TimeIntervals	Lick
88.96000000000002	0.0999999999999659	TimeIntervals	Lick
89.0935	0.10000000000000853	TimeIntervals	Lick
89.22675000000001	0.1002499999999884	TimeIntervals	Lick
89.36025	0.26675000000001603	TimeIntervals	Lick
89.66025000000002	0.0999999999999801	TimeIntervals	Lick
89.7935	0.10000000000000853	TimeIntervals	Lick
89.96025	0.09999999999999432	TimeIntervals	Lick
90.0935	0.10000000000000853	TimeIntervals	Lick
90.22700000000002	0.13324999999997544	TimeIntervals	Lick
90.427	0.0999999999999801	TimeIntervals	Lick
90.5605	0.06650000000000489	TimeIntervals	Lick
90.69375000000002	0.0999999999999801	TimeIntervals	Lick
90.96050000000001	0.29999999999998295	TimeIntervals	Lick
91.694	0.20000000000000284	TimeIntervals	Lick
92.394	0.2667500000000018	TimeIntervals	Lick
93.66075000000001	0.1002499999999884	TimeIntervals	Lick
93.861	0.06649999999999068	TimeIntervals	Lick
93.99425000000001	0.0999999999999801	TimeIntervals	Lick
94.2275	0.06674999999999898	TimeIntervals	Lick
95.22775	0.13325000000000387	TimeIntervals	Lick
95.661	0.06674999999999898	TimeIntervals	Lick
96.62800000000001	0.09999999999999432	TimeIntervals	Lick
97.29475000000001	0.09999999999999432	TimeIntervals	Lick
98.22825	0.20000000000000284	TimeIntervals	Lick
100.295	0.10025000000000261	TimeIntervals	Lick
100.72850000000001	0.09999999999999432	TimeIntervals	Lick
103.99575000000002	0.09999999999999432	TimeIntervals	Lick
104.16250000000001	0.09999999999999432	TimeIntervals	Lick
104.96250000000002	0.0999999999999801	TimeIntervals	Lick
106.99625000000002	0.06674999999997056	TimeIntervals	Lick
107.363	0.0665000000000191	TimeIntervals	Lick
108.5965	0.06650000000000489	TimeIntervals	Lick
108.69650000000001	0.19999999999997442	TimeIntervals	Lick
108.92975000000001	0.0999999999999801	TimeIntervals	Lick
109.06299999999999	0.06700000000002149	TimeIntervals	Lick
109.16325000000002	0.06674999999998477	TimeIntervals	Lick
109.26325	0.20000000000001705	TimeIntervals	Lick
109.49650000000001	0.09999999999999432	TimeIntervals	Lick
109.63000000000001	0.19999999999998863	TimeIntervals	Lick
109.86325	0.10000000000002274	TimeIntervals	Lick
109.99650000000001	0.06674999999999898	TimeIntervals	Lick
110.0965	0.10025000000000261	TimeIntervals	Lick
110.23	0.09999999999999432	TimeIntervals	Lick
110.3635	0.06650000000000489	TimeIntervals	Lick
110.46350000000001	0.10000000000000853	TimeIntervals	Lick
110.59675	0.10000000000000853	TimeIntervals	Lick
110.73	0.09999999999999432	TimeIntervals	Lick
110.79674999999999	0.10000000000002274	TimeIntervals	Reward
110.8635	2.433499999999995	TimeIntervals	Lick
113.33049999999999	0.10000000000000853	TimeIntervals	Lick
113.46400000000001	0.09999999999999432	TimeIntervals	Lick
113.59725	0.09999999999999432	TimeIntervals	Lick
113.7305	0.0999999999999801	TimeIntervals	Lick
113.864	0.10000000000000853	TimeIntervals	Lick
113.99725000000001	0.09999999999999432	TimeIntervals	Lick
114.13050000000001	0.09999999999999432	TimeIntervals	Lick
114.26400000000001	0.09999999999999432	TimeIntervals	Lick
114.39725	0.10000000000000853	TimeIntervals	Lick
114.5305	0.10025000000001683	TimeIntervals	Lick
114.66400000000002	0.09999999999999432	TimeIntervals	Lick
114.7975	0.10000000000000853	TimeIntervals	Lick
114.93075	0.09999999999999432	TimeIntervals	Lick
115.06400000000001	0.10000000000000853	TimeIntervals	Lick
115.1975	0.09999999999999432	TimeIntervals	Lick
115.33075	0.10000000000000853	TimeIntervals	Lick
115.46400000000001	0.09999999999999432	TimeIntervals	Lick
115.59750000000001	0.09999999999999432	TimeIntervals	Lick
115.731	0.09999999999999432	TimeIntervals	Lick
115.89750000000001	0.36674999999999613	TimeIntervals	Lick
116.2975	0.13350000000001216	TimeIntervals	Lick
116.46425	0.13325000000000387	TimeIntervals	Lick
116.6975	0.06700000000000728	TimeIntervals	Lick
116.8645	0.09999999999999432	TimeIntervals	Reward
116.9645	1.5335000000000178	TimeIntervals	Lick
118.53125	0.2332500000000124	TimeIntervals	Lick
118.798	0.23349999999999227	TimeIntervals	Lick
119.06475	0.3332500000000067	TimeIntervals	Lick
119.43150000000001	0.0999999999999801	TimeIntervals	Lick
119.56475	0.10000000000000853	TimeIntervals	Lick
119.698	0.10000000000000853	TimeIntervals	Lick
119.8315	0.10000000000000853	TimeIntervals	Lick
119.96475000000001	0.13349999999999795	TimeIntervals	Lick
120.1315	0.46675000000000466	TimeIntervals	Lick
120.6315	0.0999999999999801	TimeIntervals	Lick
120.76500000000001	0.0999999999999801	TimeIntervals	Lick
120.89825	0.09999999999999432	TimeIntervals	Lick
121.0315	0.10000000000000853	TimeIntervals	Lick
121.16500000000002	0.23349999999999227	TimeIntervals	Lick
121.43175000000001	0.0999999999999801	TimeIntervals	Lick
121.56500000000001	0.10000000000000853	TimeIntervals	Lick
121.69850000000002	0.0999999999999801	TimeIntervals	Lick
121.83175000000001	0.09999999999999432	TimeIntervals	Lick
121.965	0.10000000000000853	TimeIntervals	Lick
122.0985	0.10000000000002274	TimeIntervals	Lick
122.23175	0.10025000000000261	TimeIntervals	Lick
122.36525	0.13325000000001808	TimeIntervals	Lick
122.532	0.06650000000000489	TimeIntervals	Lick
122.63200000000002	0.0999999999999801	TimeIntervals	Lick
122.76525000000001	0.09999999999999432	TimeIntervals	Lick
122.89850000000001	0.10000000000000853	TimeIntervals	Lick
123.032	0.10000000000002274	TimeIntervals	Lick
123.16525000000001	0.13324999999998965	TimeIntervals	Lick
123.33200000000001	0.06675000000001319	TimeIntervals	Lick
123.43200000000002	0.0999999999999801	TimeIntervals	Lick
123.56550000000001	0.10000000000000853	TimeIntervals	Lick
123.69875000000002	0.09999999999999432	TimeIntervals	Lick
123.83200000000001	0.10000000000000853	TimeIntervals	Lick
123.8655	0.10000000000000853	TimeIntervals	Reward
123.9655	0.43325000000001523	TimeIntervals	Lick
124.43200000000002	0.06699999999999307	TimeIntervals	Lick
124.53225	0.7332499999999982	TimeIntervals	Lick
125.29899999999999	0.23350000000000648	TimeIntervals	Lick
125.56575000000002	0.0999999999999801	TimeIntervals	Lick
125.69900000000001	0.0999999999999801	TimeIntervals	Lick
125.8325	0.26650000000000773	TimeIntervals	Lick
126.13250000000004	0.09999999999995168	TimeIntervals	Lick
126.26575000000001	0.20000000000001705	TimeIntervals	Lick
126.5325	0.19999999999998863	TimeIntervals	Lick
126.766	0.10000000000000853	TimeIntervals	Lick
126.89925000000001	0.10000000000000853	TimeIntervals	Lick
127.0325	0.10000000000003695	TimeIntervals	Lick
127.16600000000001	0.09999999999999432	TimeIntervals	Lick
127.29925	0.10000000000000853	TimeIntervals	Lick
127.43250000000002	0.0999999999999801	TimeIntervals	Lick
127.566	0.10000000000000853	TimeIntervals	Lick
127.69925000000002	0.10024999999995998	TimeIntervals	Lick
127.83274999999999	0.10000000000003695	TimeIntervals	Lick
127.96600000000002	0.0999999999999801	TimeIntervals	Lick
128.09949999999998	0.13325000000000387	TimeIntervals	Lick
128.266	0.10000000000002274	TimeIntervals	Lick
128.39950000000002	0.23324999999996976	TimeIntervals	Lick
128.666	0.09999999999999432	TimeIntervals	Lick
128.79950000000002	0.13349999999999795	TimeIntervals	Lick
128.96625	0.10000000000002274	TimeIntervals	Lick
129.09949999999998	0.10000000000002274	TimeIntervals	Lick
129.233	0.10000000000002274	TimeIntervals	Lick
129.36625	0.09999999999999432	TimeIntervals	Lick
129.4995	0.0999999999999659	TimeIntervals	Lick
129.633	0.09999999999999432	TimeIntervals	Lick
129.76625	0.09999999999999432	TimeIntervals	Lick
129.89950000000002	0.13349999999996953	TimeIntervals	Lick
130.0665	0.10000000000002274	TimeIntervals	Lick
130.19975	0.10000000000002274	TimeIntervals	Lick
130.33300000000003	0.09999999999999432	TimeIntervals	Lick
130.49975	0.23324999999999818	TimeIntervals	Lick
130.76650000000004	0.09999999999999432	TimeIntervals	Lick
130.89975	0.09999999999999432	TimeIntervals	Lick
131.033	0.10025000000001683	TimeIntervals	Lick
131.1665	0.10000000000002274	TimeIntervals	Lick
131.3	0.13325000000000387	TimeIntervals	Lick
131.46650000000002	0.0999999999999659	TimeIntervals	Lick
131.60000000000002	0.9334999999999809	TimeIntervals	Lick
132.56675	0.06674999999998477	TimeIntervals	Lick
132.66674999999998	0.10000000000002274	TimeIntervals	Lick
132.8335	0.2332500000000266	TimeIntervals	Lick
133.10000000000002	0.09999999999993747	TimeIntervals	Lick
133.267	0.20000000000001705	TimeIntervals	Lick
133.567	0.06649999999999068	TimeIntervals	Lick
133.667	0.09999999999999432	TimeIntervals	Lick
133.80025	0.1332500000000323	TimeIntervals	Lick
134.067	0.13325000000000387	TimeIntervals	Lick
134.23349999999996	0.10000000000002274	TimeIntervals	Lick
134.40050000000002	0.06649999999999068	TimeIntervals	Lick
134.53375000000003	0.23324999999996976	TimeIntervals	Lick
134.8005	0.1332500000000323	TimeIntervals	Lick
134.967	0.09999999999999432	TimeIntervals	Lick
135.1005	0.09999999999999432	TimeIntervals	Lick
135.3005	0.10000000000002274	TimeIntervals	Lick
135.46725000000004	0.06674999999995634	TimeIntervals	Lick
135.56725	0.06674999999998477	TimeIntervals	Lick
135.734	0.09999999999999432	TimeIntervals	Lick
135.86725	0.10000000000002274	TimeIntervals	Lick
136.0005	0.10000000000002274	TimeIntervals	Lick
136.16725	0.13325000000000387	TimeIntervals	Lick
136.334	0.1332500000000323	TimeIntervals	Lick
136.56750000000002	0.0999999999999659	TimeIntervals	Lick
137.1675	0.10000000000005116	TimeIntervals	Lick
137.334	0.16674999999997908	TimeIntervals	Lick
137.56750000000002	0.0999999999999659	TimeIntervals	Lick
137.93425	0.06674999999998477	TimeIntervals	Lick
138.26750000000004	0.23349999999993543	TimeIntervals	Lick
138.63425	0.06675000000001319	TimeIntervals	Lick
139.1345	0.0665000000000191	TimeIntervals	Lick
139.33450000000002	0.16649999999995657	TimeIntervals	Lick
139.96800000000002	0.06649999999999068	TimeIntervals	Lick
140.36800000000005	0.13324999999994702	TimeIntervals	Lick
141.03475	0.2332500000000266	TimeIntervals	Lick
141.3015	0.06650000000004752	TimeIntervals	Lick
141.6015	0.2332500000000266	TimeIntervals	Lick
141.93475	0.1002499999999884	TimeIntervals	Lick
142.1015	0.06675000000001319	TimeIntervals	Lick
142.73499999999999	0.13325000000000387	TimeIntervals	Lick
143.76850000000002	0.0665000000000191	TimeIntervals	Lick
144.035	0.333500000000015	TimeIntervals	Lick
144.40200000000002	0.03324999999998113	TimeIntervals	Lick
144.53525000000002	0.0999999999999659	TimeIntervals	Lick
145.4355	0.13325000000000387	TimeIntervals	Lick
145.6355	0.06649999999999068	TimeIntervals	Lick
146.86900000000003	0.1999999999999602	TimeIntervals	Lick
147.1355	0.06674999999998477	TimeIntervals	Lick
147.4355	0.03350000000006048	TimeIntervals	Lick
148.3025	0.09999999999999432	TimeIntervals	Lick
149.036	0.03325000000000955	TimeIntervals	Lick
149.96950000000004	0.23324999999994134	TimeIntervals	Lick
150.536	0.09999999999999432	TimeIntervals	Lick
150.6695	0.06649999999999068	TimeIntervals	Lick
150.76950000000002	0.29999999999998295	TimeIntervals	Lick
151.103	0.09999999999999432	TimeIntervals	Lick
151.23625	0.19999999999998863	TimeIntervals	Lick
151.46950000000004	0.06674999999995634	TimeIntervals	Lick
151.5695	0.09999999999999432	TimeIntervals	Lick
151.703	0.09999999999999432	TimeIntervals	Lick
151.83625	0.06674999999998477	TimeIntervals	Lick
151.93650000000002	0.3332499999999641	TimeIntervals	Lick
152.303	0.3334999999999866	TimeIntervals	Lick
152.66975	0.09999999999999432	TimeIntervals	Lick
152.803	0.06675000000001319	TimeIntervals	Lick
152.903	0.10025000000001683	TimeIntervals	Lick
152.97000000000003	0.03324999999998113	TimeIntervals	Reward
153.0365	0.20000000000001705	TimeIntervals	Lick
153.27	0.20000000000001705	TimeIntervals	Lick
153.50325	0.20000000000001705	TimeIntervals	Lick
153.7365	0.10000000000002274	TimeIntervals	Lick
153.87	0.0665000000000191	TimeIntervals	Lick
153.97000000000003	0.09999999999999432	TimeIntervals	Lick
154.1035	0.20000000000001705	TimeIntervals	Lick
154.33675	0.10000000000002274	TimeIntervals	Lick
154.47000000000003	0.09999999999999432	TimeIntervals	Lick
154.6035	0.20000000000001705	TimeIntervals	Lick
154.83675	0.1332500000000323	TimeIntervals	Lick
155.0035	0.333500000000015	TimeIntervals	Lick
155.37025000000003	0.09999999999999432	TimeIntervals	Lick
155.5035	0.09999999999999432	TimeIntervals	Lick
155.637	0.4000000000000057	TimeIntervals	Lick
156.07025000000002	0.0999999999999659	TimeIntervals	Lick
156.2035	0.4002499999999998	TimeIntervals	Lick
156.637	0.06675000000001319	TimeIntervals	Lick
156.77050000000003	0.16650000000001342	TimeIntervals	Lick
157.037	0.20000000000001705	TimeIntervals	Lick
157.53725	0.4000000000000057	TimeIntervals	Lick
158.20400000000004	0.0999999999999659	TimeIntervals	Lick
158.97075	0.13325000000000387	TimeIntervals	Lick
159.971	0.10000000000002274	TimeIntervals	Lick
161.03775	0.09999999999999432	TimeIntervals	Lick
161.17099999999996	0.10000000000005116	TimeIntervals	Lick
161.67099999999996	0.20025000000003956	TimeIntervals	Lick
163.00475	0.13324999999997544	TimeIntervals	Lick
163.90475000000004	0.10024999999995998	TimeIntervals	Lick
164.305	0.0665000000000191	TimeIntervals	Lick
164.605	0.13325000000000387	TimeIntervals	Lick
165.205	0.09999999999999432	TimeIntervals	Lick
166.13850000000002	0.23349999999996385	TimeIntervals	Lick
166.40525000000002	0.06675000000001319	TimeIntervals	Lick
167.73875	0.10000000000002274	TimeIntervals	Lick
169.17225000000002	0.03325000000000955	TimeIntervals	Lick
170.539	0.3002500000000339	TimeIntervals	Lick
170.8725	0.30000000000001137	TimeIntervals	Lick
171.20600000000002	0.19999999999998863	TimeIntervals	Lick
171.43925	0.06675000000001319	TimeIntervals	Lick
171.53925	0.1002499999999884	TimeIntervals	Lick
171.67275	0.19999999999998863	TimeIntervals	Lick
171.906	0.09999999999999432	TimeIntervals	Lick
172.0395	0.19999999999998863	TimeIntervals	Lick
172.27275000000003	0.06675000000001319	TimeIntervals	Lick
172.37275	0.10000000000002274	TimeIntervals	Lick
172.506	0.09999999999999432	TimeIntervals	Lick
172.6395	0.20000000000004547	TimeIntervals	Lick
172.87300000000002	0.09999999999999432	TimeIntervals	Lick
173.00625	0.06675000000001319	TimeIntervals	Lick
173.00625	0.03325000000000955	TimeIntervals	Reward
173.10625	0.20000000000004547	TimeIntervals	Lick
173.33950000000004	0.1999999999999602	TimeIntervals	Lick
173.573	0.20000000000001705	TimeIntervals	Lick
173.80625000000003	0.10025000000001683	TimeIntervals	Lick
173.93975	0.19999999999998863	TimeIntervals	Lick
174.173	0.20000000000001705	TimeIntervals	Lick
174.40650000000005	0.0999999999999659	TimeIntervals	Lick
174.53975	0.20000000000001705	TimeIntervals	Lick
174.77300000000002	0.09999999999999432	TimeIntervals	Lick
174.90650000000005	0.1999999999999602	TimeIntervals	Lick
175.14	0.10000000000005116	TimeIntervals	Lick
175.27325000000002	0.20000000000001705	TimeIntervals	Lick
175.50650000000002	0.09999999999999432	TimeIntervals	Lick
175.64	0.10000000000005116	TimeIntervals	Lick
175.77325000000002	0.10000000000002274	TimeIntervals	Lick
175.90650000000005	0.40024999999997135	TimeIntervals	Lick
176.34	0.09999999999999432	TimeIntervals	Lick
176.50675	0.03324999999998113	TimeIntervals	Lick
176.70675	0.10000000000002274	TimeIntervals	Lick
177.04	0.16700000000003	TimeIntervals	Lick
177.54025000000001	0.0999999999999659	TimeIntervals	Lick
178.67374999999998	0.3332500000000209	TimeIntervals	Lick
180.47400000000002	0.30000000000001137	TimeIntervals	Lick
181.741	0.10000000000002274	TimeIntervals	Lick
182.60749999999996	0.0670000000000357	TimeIntervals	Lick
183.04100000000003	0.06674999999995634	TimeIntervals	Lick
183.94125000000003	0.29999999999998295	TimeIntervals	Lick
185.17475	0.06675000000004161	TimeIntervals	Lick
185.57475000000002	0.0999999999999659	TimeIntervals	Lick
187.34175000000005	0.06674999999995634	TimeIntervals	Lick
187.575	0.06675000000004161	TimeIntervals	Lick
187.77500000000003	0.09999999999999432	TimeIntervals	Lick
187.9085	0.10000000000002274	TimeIntervals	Lick
188.04174999999998	0.2335000000000207	TimeIntervals	Lick
188.87525000000002	0.13325000000000387	TimeIntervals	Lick
189.742	0.06674999999998477	TimeIntervals	Lick
190.00875	0.20000000000001705	TimeIntervals	Lick
190.242	0.20025000000001114	TimeIntervals	Lick
190.47550000000004	0.09999999999993747	TimeIntervals	Lick
190.609	0.06649999999999068	TimeIntervals	Lick
190.709	0.10000000000002274	TimeIntervals	Lick
190.84225000000004	0.1999999999999318	TimeIntervals	Lick
191.07549999999998	0.20000000000004547	TimeIntervals	Lick
191.30900000000003	0.09999999999993747	TimeIntervals	Lick
191.44250000000005	0.09999999999993747	TimeIntervals	Lick
191.57575000000003	0.06674999999995634	TimeIntervals	Lick
191.67575	0.20000000000001705	TimeIntervals	Lick
191.90899999999996	0.10000000000005116	TimeIntervals	Lick
192.0425	0.20000000000001705	TimeIntervals	Lick
192.0425	0.03325000000003797	TimeIntervals	Reward
192.27575000000004	0.1999999999999602	TimeIntervals	Lick
192.50900000000001	0.20024999999998272	TimeIntervals	Lick
192.7425	0.10000000000002274	TimeIntervals	Lick
192.87599999999998	0.10000000000002274	TimeIntervals	Lick
193.00925	0.19999999999998863	TimeIntervals	Lick
193.2425	0.20000000000004547	TimeIntervals	Lick
193.476	0.10000000000002274	TimeIntervals	Lick
193.6095	0.06649999999999068	TimeIntervals	Lick
193.70950000000002	0.10000000000002274	TimeIntervals	Lick
193.84275000000002	0.0999999999999659	TimeIntervals	Lick
193.976	0.10000000000002274	TimeIntervals	Lick
194.1095	0.10000000000002274	TimeIntervals	Lick
194.24275000000003	0.23324999999996976	TimeIntervals	Lick
194.5095	0.36674999999999613	TimeIntervals	Lick
194.9095	0.09999999999999432	TimeIntervals	Lick
195.04299999999998	0.10000000000002274	TimeIntervals	Lick
195.17624999999998	0.1332500000000607	TimeIntervals	Lick
195.343	0.10000000000002274	TimeIntervals	Lick
195.47625	0.10000000000002274	TimeIntervals	Lick
195.67624999999998	0.06675000000007003	TimeIntervals	Lick
195.80975	0.06674999999998477	TimeIntervals	Lick
195.90975	0.09999999999999432	TimeIntervals	Lick
197.04325	0.06675000000001319	TimeIntervals	Lick
197.1765	0.06675000000001319	TimeIntervals	Lick
198.91	0.2669999999999959	TimeIntervals	Lick
200.677	0.2667500000000018	TimeIntervals	Lick
202.27725000000004	0.1002499999999884	TimeIntervals	Lick
202.9775	0.09999999999999432	TimeIntervals	Lick
204.211	0.0665000000000191	TimeIntervals	Lick
204.4775	0.09999999999999432	TimeIntervals	Lick
206.47800000000004	0.0999999999999659	TimeIntervals	Lick
206.61124999999998	0.10000000000002274	TimeIntervals	Lick
206.77800000000002	0.09999999999999432	TimeIntervals	Lick
207.27800000000002	0.13349999999999795	TimeIntervals	Lick
208.9785	0.09999999999999432	TimeIntervals	Lick
209.11174999999997	0.06675000000001319	TimeIntervals	Lick
209.21175	0.09999999999999432	TimeIntervals	Lick
209.34500000000003	0.0999999999999659	TimeIntervals	Lick
209.4785	0.09999999999999432	TimeIntervals	Lick
209.61174999999997	0.10000000000002274	TimeIntervals	Lick
209.74500000000003	0.5002499999999941	TimeIntervals	Lick
210.27850000000004	0.09999999999999432	TimeIntervals	Lick
210.71200000000002	0.1999999999999602	TimeIntervals	Lick
211.9455	0.09999999999999432	TimeIntervals	Lick
212.07875000000004	0.20024999999998272	TimeIntervals	Lick
212.31224999999998	0.10000000000002274	TimeIntervals	Lick
212.4455	0.09999999999999432	TimeIntervals	Lick
212.57900000000004	0.09999999999993747	TimeIntervals	Lick
212.71225000000004	0.1999999999999602	TimeIntervals	Lick
212.9455	0.09999999999999432	TimeIntervals	Lick
213.07900000000004	0.19999999999998863	TimeIntervals	Lick
213.31224999999998	0.10025000000004525	TimeIntervals	Lick
213.44575	0.10000000000002274	TimeIntervals	Lick
213.57900000000004	0.09999999999993747	TimeIntervals	Lick
213.74575000000004	0.0999999999999659	TimeIntervals	Lick
213.879	0.10000000000002274	TimeIntervals	Lick
214.01250000000002	0.0999999999999659	TimeIntervals	Lick
214.07900000000004	0.09999999999993747	TimeIntervals	Reward
214.14575000000002	0.7667500000000018	TimeIntervals	Lick
214.94600000000003	0.1999999999999602	TimeIntervals	Lick
215.17925	0.10000000000005116	TimeIntervals	Lick
215.3125	0.10000000000002274	TimeIntervals	Lick
215.44600000000003	0.09999999999999432	TimeIntervals	Lick
215.57950000000002	0.36650000000000205	TimeIntervals	Lick
215.97949999999997	0.4665000000000532	TimeIntervals	Lick
216.47949999999997	0.33350000000004343	TimeIntervals	Lick
216.84625000000003	0.0999999999999659	TimeIntervals	Lick
216.97949999999997	0.5	TimeIntervals	Lick
217.51299999999998	0.09999999999999432	TimeIntervals	Lick
217.64624999999998	0.10025000000004525	TimeIntervals	Lick
217.77975000000004	0.0999999999999659	TimeIntervals	Lick
217.91299999999998	0.09999999999999432	TimeIntervals	Lick
218.0465	0.0999999999999659	TimeIntervals	Lick
218.17974999999998	0.10000000000005116	TimeIntervals	Lick
218.31300000000002	0.13349999999999795	TimeIntervals	Lick
218.47974999999997	0.10000000000005116	TimeIntervals	Lick
218.61299999999997	0.10000000000005116	TimeIntervals	Lick
218.74650000000003	0.2667500000000018	TimeIntervals	Lick
219.08	0.0999999999999659	TimeIntervals	Lick
219.24650000000003	0.13350000000002638	TimeIntervals	Lick
219.48	0.13324999999997544	TimeIntervals	Lick
219.64649999999997	0.4002500000000282	TimeIntervals	Lick
220.58	0.20000000000001705	TimeIntervals	Lick
221.48025	0.06675000000001319	TimeIntervals	Lick
222.08025	0.06674999999995634	TimeIntervals	Lick
222.947	0.10000000000002274	TimeIntervals	Lick
223.44725	0.19999999999998863	TimeIntervals	Lick
224.1805	0.09999999999999432	TimeIntervals	Lick
224.314	0.09999999999999432	TimeIntervals	Lick
225.11399999999998	0.06675000000001319	TimeIntervals	Lick
225.58100000000002	0.09999999999999432	TimeIntervals	Lick
226.71450000000002	0.09999999999999432	TimeIntervals	Lick
226.84775000000002	0.19999999999998863	TimeIntervals	Lick
227.08100000000002	0.19999999999998863	TimeIntervals	Lick
227.3145	0.19999999999998863	TimeIntervals	Lick
227.54775	0.20025000000001114	TimeIntervals	Lick
227.78125000000003	0.19999999999998863	TimeIntervals	Lick
228.0145	0.3334999999999866	TimeIntervals	Lick
228.38125	0.06675000000001319	TimeIntervals	Lick
228.48125000000002	0.09999999999999432	TimeIntervals	Lick
228.6145	0.10000000000002274	TimeIntervals	Lick
228.74800000000002	0.19999999999998863	TimeIntervals	Lick
228.98150000000004	0.1999999999999602	TimeIntervals	Lick
229.148	0.03350000000000364	TimeIntervals	Reward
229.21475000000004	0.0999999999999659	TimeIntervals	Lick
229.34799999999998	0.20000000000001705	TimeIntervals	Lick
229.5815	0.20000000000004547	TimeIntervals	Lick
229.81500000000003	0.0999999999999659	TimeIntervals	Lick
229.94824999999997	0.10000000000005116	TimeIntervals	Lick
230.0815	0.06674999999998477	TimeIntervals	Lick
230.1815	0.3334999999999866	TimeIntervals	Lick
230.54825000000002	0.0999999999999659	TimeIntervals	Lick
230.6815	0.06675000000004161	TimeIntervals	Lick
230.78150000000005	0.0999999999999659	TimeIntervals	Lick
230.915	0.20000000000001705	TimeIntervals	Lick
231.1485	0.3332499999999925	TimeIntervals	Lick
231.515	0.10000000000002274	TimeIntervals	Lick
231.6485	0.09999999999999432	TimeIntervals	Lick
231.78175000000002	0.09999999999999432	TimeIntervals	Lick
231.915	0.09999999999999432	TimeIntervals	Lick
232.0485	0.10000000000002274	TimeIntervals	Lick
232.182	0.10000000000005116	TimeIntervals	Lick
232.31525000000002	0.09999999999999432	TimeIntervals	Lick
232.4485	0.09999999999999432	TimeIntervals	Lick
232.61524999999997	0.10000000000005116	TimeIntervals	Lick
232.7485	0.1667500000000075	TimeIntervals	Lick
232.982	0.10000000000002274	TimeIntervals	Lick
233.14875	0.06675000000001319	TimeIntervals	Lick
233.6155	0.3000000000000398	TimeIntervals	Lick
234.449	0.09999999999999432	TimeIntervals	Lick
234.6155	0.06675000000001319	TimeIntervals	Lick
235.24900000000002	0.06649999999999068	TimeIntervals	Lick
235.51575	0.06675000000001319	TimeIntervals	Lick
235.88250000000002	0.06649999999999068	TimeIntervals	Lick
236.98250000000004	0.16674999999995066	TimeIntervals	Lick
239.51624999999999	0.06675000000001319	TimeIntervals	Lick
242.25	0.03350000000000364	TimeIntervals	Lick
242.45000000000002	0.13349999999996953	TimeIntervals	Lick
242.64999999999995	0.10000000000005116	TimeIntervals	Lick
243.65025	0.09999999999999432	TimeIntervals	Lick
243.7835	0.10000000000002274	TimeIntervals	Lick
243.91699999999997	0.10000000000002274	TimeIntervals	Lick
244.05025	0.06674999999998477	TimeIntervals	Lick
244.15049999999997	0.30000000000001137	TimeIntervals	Lick
244.48375000000001	0.1999999999999602	TimeIntervals	Lick
244.717	0.1999999999999602	TimeIntervals	Lick
244.95049999999998	0.33350000000004343	TimeIntervals	Lick
245.31724999999997	0.06675000000001319	TimeIntervals	Lick
245.41724999999997	0.10000000000005116	TimeIntervals	Lick
245.5505	0.0999999999999659	TimeIntervals	Lick
245.68400000000003	0.09999999999999432	TimeIntervals	Lick
245.81724999999997	0.09999999999999432	TimeIntervals	Lick
245.95049999999998	0.2335000000000491	TimeIntervals	Lick
246.18400000000003	0.09999999999999432	TimeIntervals	Reward
246.21725000000004	0.06674999999998477	TimeIntervals	Lick
246.3175	0.4000000000000341	TimeIntervals	Lick
246.75075	0.3332499999999925	TimeIntervals	Lick
247.1175	0.0665000000000191	TimeIntervals	Lick
247.21750000000003	0.0999999999999659	TimeIntervals	Lick
247.35075000000003	0.1002499999999884	TimeIntervals	Lick
247.48425	0.09999999999999432	TimeIntervals	Lick
247.6175	0.36674999999999613	TimeIntervals	Lick
248.0175	0.06674999999998477	TimeIntervals	Lick
248.1175	0.10000000000002274	TimeIntervals	Lick
248.25099999999998	0.10000000000007958	TimeIntervals	Lick
248.38425000000004	0.3667499999999393	TimeIntervals	Lick
248.7845	0.10000000000005116	TimeIntervals	Lick
248.91774999999998	0.10000000000002274	TimeIntervals	Lick
249.05100000000002	0.0999999999999659	TimeIntervals	Lick
249.18450000000004	0.0999999999999659	TimeIntervals	Lick
249.31775	0.09999999999999432	TimeIntervals	Lick
249.45100000000002	0.09999999999999432	TimeIntervals	Lick
249.58449999999996	0.10000000000007958	TimeIntervals	Lick
249.718	0.10000000000002274	TimeIntervals	Lick
249.85125000000005	0.0999999999999659	TimeIntervals	Lick
249.98450000000003	0.09999999999993747	TimeIntervals	Lick
250.118	0.09999999999999432	TimeIntervals	Lick
250.25125000000006	0.09999999999999432	TimeIntervals	Lick
250.38450000000006	0.0999999999999659	TimeIntervals	Lick
250.51800000000003	0.5334999999999468	TimeIntervals	Lick
251.08474999999999	0.10000000000002274	TimeIntervals	Lick
251.218	0.10000000000002274	TimeIntervals	Lick
251.35150000000002	0.13325000000000387	TimeIntervals	Lick
251.51800000000003	0.0999999999999659	TimeIntervals	Lick
251.6515	0.10000000000005116	TimeIntervals	Lick
251.78500000000003	0.09999999999999432	TimeIntervals	Lick
251.95150000000004	0.2667499999999734	TimeIntervals	Lick
252.25150000000005	0.0999999999999659	TimeIntervals	Lick
252.78500000000003	0.13349999999996953	TimeIntervals	Lick
253.085	0.09999999999999432	TimeIntervals	Lick
253.2185	0.0665000000000191	TimeIntervals	Lick
253.78500000000003	0.26700000000002433	TimeIntervals	Lick
254.98525000000006	0.10024999999990314	TimeIntervals	Lick
255.15199999999996	0.06675000000004161	TimeIntervals	Lick
255.38550000000004	0.26649999999992247	TimeIntervals	Lick
255.71875	0.1332500000000323	TimeIntervals	Lick
258.28575	0.3002499999999486	TimeIntervals	Lick
258.9525	0.06675000000001319	TimeIntervals	Lick
260.25275	0.06675000000001319	TimeIntervals	Lick
260.58624999999995	0.06675000000007003	TimeIntervals	Lick
261.71975	0.06675000000001319	TimeIntervals	Lick
262.82000000000005	0.06649999999996226	TimeIntervals	Lick
263.88675	0.09999999999990905	TimeIntervals	Lick
264.92	0.10025000000001683	TimeIntervals	Lick
265.9869999999999	0.06650000000007594	TimeIntervals	Lick
266.12050000000005	0.06649999999990541	TimeIntervals	Lick
267.78725	0.10000000000007958	TimeIntervals	Lick
267.92049999999995	0.06675000000001319	TimeIntervals	Lick
268.0205	0.53349999999989	TimeIntervals	Lick
268.5875	0.3000000000000682	TimeIntervals	Lick
268.92075	0.10000000000002274	TimeIntervals	Lick
269.0539999999999	0.10000000000007958	TimeIntervals	Lick
269.1875	0.06649999999996226	TimeIntervals	Lick
269.28749999999997	0.10000000000007958	TimeIntervals	Lick
269.421	0.06649999999990541	TimeIntervals	Lick
269.521	0.0999999999999659	TimeIntervals	Lick
269.65425000000005	0.09999999999990905	TimeIntervals	Lick
269.78749999999997	0.1999999999999318	TimeIntervals	Lick
270.021	0.0999999999999659	TimeIntervals	Lick
270.15425000000005	0.09999999999990905	TimeIntervals	Lick
270.25424999999996	0.10000000000002274	TimeIntervals	Reward
270.28749999999997	0.30025000000000546	TimeIntervals	Lick
270.621	0.19999999999998863	TimeIntervals	Lick
270.8545	0.833500000000015	TimeIntervals	Lick
271.72125	0.6332499999999754	TimeIntervals	Lick
272.388	0.2335000000000491	TimeIntervals	Lick
272.65475	0.0999999999999659	TimeIntervals	Lick
272.78799999999995	0.10000000000002274	TimeIntervals	Lick
272.9214999999999	0.10000000000007958	TimeIntervals	Lick
273.05475	0.0999999999999659	TimeIntervals	Lick
273.188	0.6002500000000168	TimeIntervals	Lick
273.8215	0.6667499999999791	TimeIntervals	Lick
274.5215	0.10000000000002274	TimeIntervals	Lick
274.65500000000003	0.0999999999999659	TimeIntervals	Lick
274.78825	0.13349999999996953	TimeIntervals	Lick
274.955	0.0999999999999659	TimeIntervals	Lick
275.08849999999995	0.13324999999997544	TimeIntervals	Lick
275.255	0.10000000000002274	TimeIntervals	Lick
275.42175	0.06675000000007003	TimeIntervals	Lick
275.55499999999995	0.16674999999997908	TimeIntervals	Lick
276.15525	0.0999999999999659	TimeIntervals	Lick
276.322	0.0665000000000191	TimeIntervals	Lick
276.85524999999996	0.26675000000005866	TimeIntervals	Lick
277.5555	0.10000000000002274	TimeIntervals	Lick
278.389	0.1332500000000323	TimeIntervals	Lick
278.62225	0.06675000000001319	TimeIntervals	Lick
279.2557499999999	0.10000000000007958	TimeIntervals	Lick
279.4225	0.0999999999999659	TimeIntervals	Lick
280.9225	0.0999999999999659	TimeIntervals	Lick
281.18925	0.0667499999998995	TimeIntervals	Lick
282.0895	0.0665000000000191	TimeIntervals	Lick
282.78950000000003	0.06674999999995634	TimeIntervals	Lick
286.3235	0.10000000000002274	TimeIntervals	Lick
286.45675	0.10000000000002274	TimeIntervals	Lick
286.6235	0.06649999999996226	TimeIntervals	Lick
287.79025	0.06674999999995634	TimeIntervals	Lick
287.8902499999999	0.10000000000007958	TimeIntervals	Lick
288.0235	0.06700000000000728	TimeIntervals	Lick
288.12375000000003	0.19999999999998863	TimeIntervals	Lick
288.35699999999997	0.06675000000012687	TimeIntervals	Lick
288.457	0.19999999999998863	TimeIntervals	Lick
288.6905	0.0999999999999659	TimeIntervals	Lick
288.82375	0.06674999999995634	TimeIntervals	Lick
288.9237500000001	0.20024999999992588	TimeIntervals	Lick
289.15725	0.0999999999999659	TimeIntervals	Lick
289.29049999999995	0.10000000000002274	TimeIntervals	Lick
289.42400000000004	0.19999999999998863	TimeIntervals	Lick
289.65725	0.0999999999999659	TimeIntervals	Lick
289.79049999999995	0.20000000000004547	TimeIntervals	Lick
290.02399999999994	0.10000000000007958	TimeIntervals	Lick
290.15725	0.333500000000015	TimeIntervals	Lick
290.32399999999996	0.06675000000001319	TimeIntervals	Reward
290.52399999999994	1.2335000000000491	TimeIntervals	Lick
291.791	0.10000000000002274	TimeIntervals	Lick
291.92425000000003	0.19999999999998863	TimeIntervals	Lick
292.1575	0.6002499999999031	TimeIntervals	Lick
292.791	0.10000000000002274	TimeIntervals	Lick
292.9245000000001	0.09999999999990905	TimeIntervals	Lick
293.05774999999994	0.10000000000007958	TimeIntervals	Lick
293.191	0.26675000000005866	TimeIntervals	Lick
293.491	0.10025000000001683	TimeIntervals	Lick
293.6245	0.0999999999999659	TimeIntervals	Lick
293.79124999999993	0.10000000000007958	TimeIntervals	Lick
293.958	0.06649999999996226	TimeIntervals	Lick
294.058	0.10000000000002274	TimeIntervals	Lick
294.29124999999993	0.5335000000000605	TimeIntervals	Lick
294.8915	0.10000000000002274	TimeIntervals	Lick
295.0247499999999	0.10000000000007958	TimeIntervals	Lick
295.158	0.13349999999996953	TimeIntervals	Lick
297.5584999999999	0.10000000000007958	TimeIntervals	Lick
299.092	0.0999999999999659	TimeIntervals	Lick
301.8925	0.03325000000006639	TimeIntervals	Lick
304.126	0.06675000000001319	TimeIntervals	Lick
304.5595	0.0999999999999659	TimeIntervals	Lick
305.29299999999995	0.10000000000007958	TimeIntervals	Lick
307.02649999999994	0.06675000000007003	TimeIntervals	Lick
308.22675	0.10000000000002274	TimeIntervals	Lick
308.36	0.13349999999996953	TimeIntervals	Lick
309.06025	0.033249999999952706	TimeIntervals	Lick
309.96049999999997	0.06650000000007594	TimeIntervals	Lick
310.0605	0.39999999999997726	TimeIntervals	Lick
311.2604999999999	0.36675000000013824	TimeIntervals	Lick
311.7939999999999	0.23325000000011187	TimeIntervals	Lick
312.594	0.06675000000001319	TimeIntervals	Lick
314.9945000000001	0.06649999999990541	TimeIntervals	Lick
315.0944999999999	0.10000000000002274	TimeIntervals	Lick
315.22774999999996	0.40025000000008504	TimeIntervals	Lick
315.66125000000005	0.1999999999999318	TimeIntervals	Lick
315.8945	0.1999999999999318	TimeIntervals	Lick
316.12800000000004	0.09999999999990905	TimeIntervals	Lick
316.26125	0.1999999999999318	TimeIntervals	Lick
316.4945000000001	0.10024999999990314	TimeIntervals	Lick
316.62800000000004	0.1999999999999318	TimeIntervals	Lick
316.8615	0.19999999999998863	TimeIntervals	Lick
317.09475	0.10000000000002274	TimeIntervals	Lick
317.22799999999995	0.10000000000002274	TimeIntervals	Lick
317.3615	0.10000000000002274	TimeIntervals	Reward
317.3615	0.0665000000000191	TimeIntervals	Lick
317.4615	0.20000000000004547	TimeIntervals	Lick
317.69500000000005	0.1999999999999318	TimeIntervals	Lick
317.92825000000005	0.06675000000001319	TimeIntervals	Lick
318.02824999999996	0.23324999999999818	TimeIntervals	Lick
318.295	0.20000000000004547	TimeIntervals	Lick
318.52824999999996	0.10000000000007958	TimeIntervals	Lick
318.66150000000005	0.09999999999990905	TimeIntervals	Lick
318.795	0.0999999999999659	TimeIntervals	Lick
318.92850000000004	0.0999999999999659	TimeIntervals	Lick
319.06174999999996	0.10000000000002274	TimeIntervals	Lick
319.19500000000005	0.33349999999995816	TimeIntervals	Lick
319.56174999999996	0.10000000000002274	TimeIntervals	Lick
319.69500000000005	0.0999999999999659	TimeIntervals	Lick
319.8285	0.10000000000002274	TimeIntervals	Lick
319.962	0.09999999999990905	TimeIntervals	Lick
320.0952499999999	0.10000000000007958	TimeIntervals	Lick
320.2285	0.10000000000002274	TimeIntervals	Lick
320.362	0.0999999999999659	TimeIntervals	Lick
320.49525	0.09999999999990905	TimeIntervals	Lick
320.62850000000003	0.0999999999999659	TimeIntervals	Lick
320.76199999999994	0.10000000000007958	TimeIntervals	Lick
320.89525000000003	0.10025000000001683	TimeIntervals	Lick
321.02875	0.10000000000007958	TimeIntervals	Lick
321.162	0.10000000000002274	TimeIntervals	Lick
321.2955	0.10000000000002274	TimeIntervals	Lick
321.42875000000004	0.5332499999999527	TimeIntervals	Lick
322.029	0.19999999999998863	TimeIntervals	Lick
322.2955	0.10000000000002274	TimeIntervals	Lick
322.46225	0.06675000000001319	TimeIntervals	Lick
322.59549999999996	0.06675000000007003	TimeIntervals	Lick
322.6955	0.13350000000002638	TimeIntervals	Lick
322.9955	0.5335000000000036	TimeIntervals	Lick
323.59574999999995	0.06675000000001319	TimeIntervals	Lick
323.7625	0.16650000000004184	TimeIntervals	Lick
326.06275	0.1332500000000323	TimeIntervals	Lick
326.26275000000004	0.0999999999999659	TimeIntervals	Lick
326.396	0.13350000000002638	TimeIntervals	Lick
326.59624999999994	0.06675000000001319	TimeIntervals	Lick
327.82975	0.13325000000008913	TimeIntervals	Lick
329.56325	0.06675000000012687	TimeIntervals	Lick
329.6965	0.13349999999996953	TimeIntervals	Lick
330.76349999999996	0.0665000000000191	TimeIntervals	Lick
331.76349999999996	0.10000000000007958	TimeIntervals	Lick
338.33125	0.06675000000001319	TimeIntervals	Lick
345.16574999999995	0.0999999999999659	TimeIntervals	Lick
347.03249999999997	0.06675000000007003	TimeIntervals	Lick
347.1325	0.20024999999998272	TimeIntervals	Lick
347.366	0.06675000000007003	TimeIntervals	Lick
347.466	0.19999999999998863	TimeIntervals	Lick
347.6995	0.19999999999998863	TimeIntervals	Lick
347.93275000000006	0.1999999999999318	TimeIntervals	Lick
348.166	0.0999999999999659	TimeIntervals	Lick
348.2995	0.0999999999999659	TimeIntervals	Lick
348.43300000000005	0.06649999999990541	TimeIntervals	Lick
348.5330000000001	0.0999999999999659	TimeIntervals	Lick
348.66625	0.3332499999999641	TimeIntervals	Lick
349.0330000000001	0.0999999999999659	TimeIntervals	Lick
349.16625	0.09999999999990905	TimeIntervals	Lick
349.2995	0.1999999999999318	TimeIntervals	Lick
349.46625	0.10024999999995998	TimeIntervals	Reward
349.5330000000001	0.39999999999997726	TimeIntervals	Lick
349.9665	0.9667499999999905	TimeIntervals	Lick
350.9665	0.23349999999999227	TimeIntervals	Lick
351.23325	0.0999999999999659	TimeIntervals	Lick
351.36650000000003	0.33349999999995816	TimeIntervals	Lick
351.7335	0.10000000000002274	TimeIntervals	Lick
351.86675	0.23324999999994134	TimeIntervals	Lick
352.1335	0.0999999999999659	TimeIntervals	Lick
352.26674999999994	0.10000000000007958	TimeIntervals	Lick
352.4	0.10000000000002274	TimeIntervals	Lick
352.5335	0.10000000000002274	TimeIntervals	Lick
352.66675	0.0999999999999659	TimeIntervals	Lick
352.79999999999995	0.10025000000001683	TimeIntervals	Lick
352.93350000000004	0.0999999999999659	TimeIntervals	Lick
353.06699999999995	0.6665000000000418	TimeIntervals	Lick
353.767	0.10000000000002274	TimeIntervals	Lick
353.9005	0.0999999999999659	TimeIntervals	Lick
354.03374999999994	0.10000000000007958	TimeIntervals	Lick
354.2005	0.10000000000002274	TimeIntervals	Lick
354.33375	0.1332500000000323	TimeIntervals	Lick
354.5005	0.06649999999996226	TimeIntervals	Lick
354.63375	0.0999999999999659	TimeIntervals	Lick
354.8005	0.10000000000002274	TimeIntervals	Lick
354.96700000000004	0.10024999999995998	TimeIntervals	Lick
355.76724999999993	0.06675000000007003	TimeIntervals	Lick
356.034	0.06675000000001319	TimeIntervals	Lick
356.1675	0.09999999999990905	TimeIntervals	Lick
356.40074999999996	0.10000000000007958	TimeIntervals	Lick
356.834	0.23349999999999227	TimeIntervals	Lick
357.83425	0.10000000000002274	TimeIntervals	Lick
359.80125	0.0999999999999659	TimeIntervals	Lick
359.9680000000001	0.1332499999999186	TimeIntervals	Lick
362.10150000000004	0.09999999999990905	TimeIntervals	Lick
362.23499999999996	0.06650000000007594	TimeIntervals	Lick
362.335	0.19999999999998863	TimeIntervals	Lick
362.56825	0.20024999999998272	TimeIntervals	Lick
362.80174999999997	0.20000000000004547	TimeIntervals	Lick
363.03499999999997	0.19999999999998863	TimeIntervals	Lick
363.26849999999996	0.10000000000002274	TimeIntervals	Lick
363.40175	0.06674999999995634	TimeIntervals	Lick
363.50175	0.10000000000002274	TimeIntervals	Lick
363.63500000000005	0.09999999999990905	TimeIntervals	Lick
363.76849999999996	0.06675000000007003	TimeIntervals	Lick
363.8685	0.0999999999999659	TimeIntervals	Lick
364.00199999999995	0.20000000000004547	TimeIntervals	Lick
364.23525	0.10000000000002274	TimeIntervals	Lick
364.3685	0.06675000000007003	TimeIntervals	Lick
364.46849999999995	0.10000000000002274	TimeIntervals	Lick
364.53524999999996	0.10000000000007958	TimeIntervals	Reward
364.60200000000003	1.8002500000000055	TimeIntervals	Lick
366.43550000000005	0.09999999999990905	TimeIntervals	Lick
366.569	0.0999999999999659	TimeIntervals	Lick
366.70225	0.0999999999999659	TimeIntervals	Lick
366.8355	0.1999999999999318	TimeIntervals	Lick
367.069	0.0999999999999659	TimeIntervals	Lick
367.20250000000004	0.09999999999990905	TimeIntervals	Lick
367.33574999999996	0.733250000000055	TimeIntervals	Lick
368.1025	0.2667500000000018	TimeIntervals	Lick
368.40250000000003	0.10000000000002274	TimeIntervals	Lick
368.53599999999994	0.10000000000007958	TimeIntervals	Lick
368.66925	0.13324999999997544	TimeIntervals	Lick
368.83599999999996	0.10000000000007958	TimeIntervals	Lick
368.96925	0.4002500000000282	TimeIntervals	Lick
369.43600000000004	0.06675000000001319	TimeIntervals	Lick
369.5695	0.23324999999999818	TimeIntervals	Lick
369.83599999999996	0.10000000000007958	TimeIntervals	Lick
370.00275000000005	0.3667499999999677	TimeIntervals	Lick
370.403	0.0999999999999659	TimeIntervals	Lick
370.53625	1.2334999999999923	TimeIntervals	Lick
371.8365	0.3999999999999204	TimeIntervals	Lick
372.26975	0.10000000000002274	TimeIntervals	Lick
372.403	1.9669999999999845	TimeIntervals	Lick
374.40349999999995	0.20000000000004547	TimeIntervals	Lick
374.63675000000006	0.33349999999995816	TimeIntervals	Lick
375.07024999999993	0.20000000000004547	TimeIntervals	Lick
375.337	0.3332499999999641	TimeIntervals	Lick
375.7035	0.13349999999996953	TimeIntervals	Lick
375.937	0.16674999999997908	TimeIntervals	Lick
376.13700000000006	0.266749999999945	TimeIntervals	Lick
376.4705000000001	0.2664999999999509	TimeIntervals	Lick
376.80375000000004	0.26674999999988813	TimeIntervals	Lick
377.17049999999995	0.30000000000012506	TimeIntervals	Lick
377.504	0.0999999999999659	TimeIntervals	Lick
377.63725000000005	0.1332499999999186	TimeIntervals	Lick
377.8705	0.16699999999997317	TimeIntervals	Lick
378.104	0.23349999999999227	TimeIntervals	Lick
378.47075	0.19999999999998863	TimeIntervals	Lick
378.77074999999996	0.2667500000000018	TimeIntervals	Lick
379.0707499999999	0.10025000000007367	TimeIntervals	Lick
379.20425	0.13324999999997544	TimeIntervals	Lick
379.37100000000004	0.13324999999997544	TimeIntervals	Lick
379.53749999999997	0.10000000000013642	TimeIntervals	Lick
379.70425	0.10000000000002274	TimeIntervals	Lick
379.8375	0.13350000000002638	TimeIntervals	Lick
380.23749999999995	0.06700000000000728	TimeIntervals	Lick
380.37100000000004	0.06674999999995634	TimeIntervals	Lick
380.5045	0.26650000000000773	TimeIntervals	Lick
380.80449999999996	0.10000000000007958	TimeIntervals	Lick
380.93775	0.10000000000002274	TimeIntervals	Lick
381.07099999999997	0.10000000000002274	TimeIntervals	Lick
381.2045	0.23349999999999227	TimeIntervals	Lick
381.47125	0.0999999999999659	TimeIntervals	Lick
381.6045	0.10000000000002274	TimeIntervals	Lick
381.738	0.10000000000002274	TimeIntervals	Lick
381.87125	0.10000000000002274	TimeIntervals	Lick
382.0045	0.0999999999999659	TimeIntervals	Lick
382.13800000000003	0.0999999999999659	TimeIntervals	Lick
382.27125	0.06675000000001319	TimeIntervals	Lick
382.37125	0.10025000000007367	TimeIntervals	Lick
382.50475000000006	0.0999999999999659	TimeIntervals	Lick
382.63800000000003	0.033499999999946795	TimeIntervals	Reward
382.6715	0.16650000000004184	TimeIntervals	Lick
382.8715	0.19999999999998863	TimeIntervals	Lick
383.10475	0.19999999999998863	TimeIntervals	Lick
383.338	0.0999999999999659	TimeIntervals	Lick
383.47150000000005	0.33349999999995816	TimeIntervals	Lick
383.83824999999996	0.10000000000002274	TimeIntervals	Lick
383.97150000000005	0.0999999999999659	TimeIntervals	Lick
384.105	0.0999999999999659	TimeIntervals	Lick
384.23824999999994	0.20000000000004547	TimeIntervals	Lick
384.47150000000005	0.0999999999999659	TimeIntervals	Lick
384.605	0.0999999999999659	TimeIntervals	Lick
384.73850000000004	0.0999999999999659	TimeIntervals	Lick
384.87175	0.2667500000000018	TimeIntervals	Lick
385.17175000000003	0.09999999999990905	TimeIntervals	Lick
385.305	0.39999999999997726	TimeIntervals	Lick
385.73850000000004	0.36674999999991087	TimeIntervals	Lick
386.1385	0.23349999999999227	TimeIntervals	Lick
386.4385	0.20000000000004547	TimeIntervals	Lick
386.672	0.2667500000000018	TimeIntervals	Lick
386.972	0.23349999999999227	TimeIntervals	Lick
387.30550000000005	0.26649999999989404	TimeIntervals	Lick
387.63875	0.23324999999999818	TimeIntervals	Lick
388.03900000000004	0.19999999999998863	TimeIntervals	Lick
388.27224999999993	0.13325000000014597	TimeIntervals	Lick
388.5055	0.3000000000000682	TimeIntervals	Lick
388.939	0.19999999999998863	TimeIntervals	Lick
389.17249999999996	0.1332500000000323	TimeIntervals	Lick
389.33899999999994	0.10000000000007958	TimeIntervals	Lick
389.50575	0.1332500000000323	TimeIntervals	Lick
389.67249999999996	0.10000000000002274	TimeIntervals	Lick
389.83899999999994	0.10000000000007958	TimeIntervals	Lick
390.00575	0.0999999999999659	TimeIntervals	Lick
390.139	0.10024999999995998	TimeIntervals	Lick
390.2725	0.13350000000008322	TimeIntervals	Lick
390.4725	0.0999999999999659	TimeIntervals	Lick
390.606	0.10000000000002274	TimeIntervals	Lick
390.7725	0.0999999999999659	TimeIntervals	Lick
390.93925	0.10000000000002274	TimeIntervals	Lick
391.0725	0.0999999999999659	TimeIntervals	Lick
391.206	0.0999999999999659	TimeIntervals	Lick
391.37275	0.10000000000002274	TimeIntervals	Lick
391.53950000000003	0.2332499999998845	TimeIntervals	Lick
392.33950000000004	0.09999999999990905	TimeIntervals	Lick
392.47299999999996	0.0999999999999659	TimeIntervals	Lick
392.60625	0.10000000000002274	TimeIntervals	Lick
392.7395	0.10000000000002274	TimeIntervals	Lick
392.873	0.0999999999999659	TimeIntervals	Lick
393.00624999999997	0.20000000000004547	TimeIntervals	Lick
393.2395	0.3002499999999486	TimeIntervals	Lick
393.5729999999999	0.20000000000004547	TimeIntervals	Lick
393.8065	0.10000000000002274	TimeIntervals	Lick
393.93975000000006	0.06674999999995634	TimeIntervals	Lick
394.03974999999997	0.19999999999998863	TimeIntervals	Lick
394.27299999999997	0.10000000000002274	TimeIntervals	Lick
394.40650000000005	0.1999999999999318	TimeIntervals	Lick
394.64000000000004	0.39999999999997726	TimeIntervals	Lick
394.67325	0.0999999999999659	TimeIntervals	Reward
395.07325	0.10000000000002274	TimeIntervals	Lick
395.20649999999995	0.4335000000000946	TimeIntervals	Lick
395.67350000000005	0.09999999999990905	TimeIntervals	Lick
395.80675	0.0999999999999659	TimeIntervals	Lick
395.94000000000005	0.0999999999999659	TimeIntervals	Lick
396.07349999999997	0.10000000000007958	TimeIntervals	Lick
396.20675	0.10000000000002274	TimeIntervals	Lick
396.34000000000003	0.10000000000002274	TimeIntervals	Lick
396.47350000000006	0.09999999999990905	TimeIntervals	Lick
396.60675	0.06675000000007003	TimeIntervals	Lick
396.707	0.10000000000007958	TimeIntervals	Lick
396.84025	0.10000000000002274	TimeIntervals	Lick
396.97350000000006	0.333500000000015	TimeIntervals	Lick
397.34025	0.10000000000002274	TimeIntervals	Lick
397.47350000000006	0.09999999999990905	TimeIntervals	Lick
397.60699999999997	0.2667500000000018	TimeIntervals	Lick
397.907	0.10000000000007958	TimeIntervals	Lick
398.04049999999995	0.10000000000007958	TimeIntervals	Lick
398.17375	0.3667499999999677	TimeIntervals	Lick
398.57375	0.0999999999999659	TimeIntervals	Lick
398.74050000000005	0.0665000000000191	TimeIntervals	Lick
398.8405	0.13350000000002638	TimeIntervals	Lick
399.00725	0.23325000000005502	TimeIntervals	Lick
399.274	0.10000000000002274	TimeIntervals	Lick
399.40725	0.10000000000002274	TimeIntervals	Lick
399.54049999999995	0.10000000000007958	TimeIntervals	Lick
399.674	0.10000000000002274	TimeIntervals	Lick
399.80725000000007	0.09999999999990905	TimeIntervals	Lick
399.9405	0.10024999999995998	TimeIntervals	Lick
400.07399999999996	0.13349999999996953	TimeIntervals	Lick
400.24075	0.23325000000005502	TimeIntervals	Lick
400.5075	0.10000000000002274	TimeIntervals	Lick
400.64075	0.0999999999999659	TimeIntervals	Lick
400.774	0.20000000000004547	TimeIntervals	Lick
401.0075	0.10000000000002274	TimeIntervals	Lick
401.141	0.0999999999999659	TimeIntervals	Lick
401.27425	0.10000000000002274	TimeIntervals	Lick
401.40749999999997	0.20000000000004547	TimeIntervals	Lick
401.641	0.0999999999999659	TimeIntervals	Lick
401.77425	0.10000000000002274	TimeIntervals	Lick
401.90749999999997	0.10000000000002274	TimeIntervals	Lick
402.041	0.10000000000002274	TimeIntervals	Lick
402.17425000000003	0.10024999999995998	TimeIntervals	Lick
402.30775	0.0999999999999659	TimeIntervals	Lick
402.47450000000003	0.06649999999996226	TimeIntervals	Lick
402.5745	0.10000000000002274	TimeIntervals	Lick
402.70775	0.10000000000002274	TimeIntervals	Lick
402.841	0.3667499999999677	TimeIntervals	Lick
403.241	0.20025000000003956	TimeIntervals	Lick
403.47450000000003	0.0999999999999659	TimeIntervals	Lick
403.60799999999995	0.13325000000008913	TimeIntervals	Lick
403.7745	0.0999999999999659	TimeIntervals	Lick
403.908	0.10000000000002274	TimeIntervals	Lick
404.04125	0.1332500000000323	TimeIntervals	Lick
404.208	0.0999999999999659	TimeIntervals	Lick
404.37449999999995	0.10025000000007367	TimeIntervals	Lick
404.50800000000004	0.06674999999995634	TimeIntervals	Lick
404.6415	0.10000000000002274	TimeIntervals	Lick
404.808	0.03350000000000364	TimeIntervals	Lick
404.908	0.10000000000002274	TimeIntervals	Lick
405.07475	0.1332500000000323	TimeIntervals	Lick
405.2747499999999	0.06675000000007003	TimeIntervals	Lick
405.50800000000004	0.10024999999995998	TimeIntervals	Lick
405.67499999999995	0.2665000000001214	TimeIntervals	Lick
406.50825000000003	0.06674999999995634	TimeIntervals	Lick
407.24175	0.0999999999999659	TimeIntervals	Lick
407.375	0.0999999999999659	TimeIntervals	Lick
407.842	0.0665000000000191	TimeIntervals	Lick
408.14200000000005	0.06649999999996226	TimeIntervals	Lick
409.542	0.13350000000002638	TimeIntervals	Lick
411.14250000000004	0.06649999999996226	TimeIntervals	Lick
411.309	0.10000000000002274	TimeIntervals	Lick
414.07599999999996	0.10000000000002274	TimeIntervals	Lick
416.243	0.19999999999998863	TimeIntervals	Lick
416.47650000000004	0.1999999999999318	TimeIntervals	Lick
416.71	0.19999999999998863	TimeIntervals	Lick
416.94325	0.20000000000004547	TimeIntervals	Lick
417.1765	0.20000000000004547	TimeIntervals	Lick
417.40999999999997	0.06650000000007594	TimeIntervals	Lick
417.51000000000005	0.0999999999999659	TimeIntervals	Lick
417.6435000000001	0.19999999999987494	TimeIntervals	Lick
417.87675	0.10000000000002274	TimeIntervals	Lick
418.01000000000005	0.06674999999995634	TimeIntervals	Lick
418.11	0.0999999999999659	TimeIntervals	Lick
418.2435	0.20000000000004547	TimeIntervals	Lick
418.47675000000004	0.0999999999999659	TimeIntervals	Lick
418.61	0.10024999999995998	TimeIntervals	Lick
418.7435	0.20000000000004547	TimeIntervals	Lick
418.7435	0.06675000000001319	TimeIntervals	Reward
418.97700000000003	0.5332500000000095	TimeIntervals	Lick
419.5435	0.43350000000003774	TimeIntervals	Lick
420.0104999999999	0.20000000000004547	TimeIntervals	Lick
420.24375	0.19999999999998863	TimeIntervals	Lick
420.47700000000003	0.0999999999999659	TimeIntervals	Lick
420.61050000000006	0.09999999999990905	TimeIntervals	Lick
420.74375	0.10000000000002274	TimeIntervals	Lick
420.87699999999995	0.10025000000007367	TimeIntervals	Lick
421.0104999999999	0.10000000000013642	TimeIntervals	Lick
421.144	0.3664999999999168	TimeIntervals	Lick
421.544	0.10000000000002274	TimeIntervals	Lick
421.71049999999997	0.10000000000007958	TimeIntervals	Lick
421.84400000000005	0.0999999999999659	TimeIntervals	Lick
421.9775	0.10000000000002274	TimeIntervals	Lick
422.11075000000005	0.09999999999990905	TimeIntervals	Lick
422.37749999999994	0.03325000000006639	TimeIntervals	Lick
422.4775	0.1999999999999318	TimeIntervals	Lick
423.01075	0.10025000000007367	TimeIntervals	Lick
423.21099999999996	0.06649999999996226	TimeIntervals	Lick
423.67749999999995	0.26675000000005866	TimeIntervals	Lick
425.77799999999996	0.16650000000009868	TimeIntervals	Lick
427.24475	0.0999999999999659	TimeIntervals	Lick
427.645	0.0665000000000191	TimeIntervals	Lick
427.91150000000005	0.09999999999990905	TimeIntervals	Lick
428.045	0.13324999999997544	TimeIntervals	Lick
430.97875	0.06674999999995634	TimeIntervals	Lick
432.91225000000003	0.06674999999995634	TimeIntervals	Lick
434.17925	0.0999999999999659	TimeIntervals	Lick
434.346	0.10000000000002274	TimeIntervals	Lick
438.313	0.40024999999997135	TimeIntervals	Lick
438.74649999999997	0.20000000000004547	TimeIntervals	Lick
438.9800000000001	0.1999999999999318	TimeIntervals	Lick
439.21324999999996	0.06675000000001319	TimeIntervals	Lick
439.31325	0.333500000000015	TimeIntervals	Lick
439.68	0.0999999999999659	TimeIntervals	Lick
439.8135	0.20000000000004547	TimeIntervals	Lick
440.04675000000003	0.0999999999999659	TimeIntervals	Lick
440.18	0.06675000000001319	TimeIntervals	Lick
440.28	0.10000000000002274	TimeIntervals	Lick
440.4135	0.10000000000002274	TimeIntervals	Lick
440.54675000000003	0.20024999999998272	TimeIntervals	Lick
440.78024999999997	0.4332499999999868	TimeIntervals	Lick
440.78024999999997	0.06675000000001319	TimeIntervals	Reward
441.247	0.0999999999999659	TimeIntervals	Lick
441.38025	0.3332499999999641	TimeIntervals	Lick
441.747	0.33349999999995816	TimeIntervals	Lick
442.11375	0.20000000000004547	TimeIntervals	Lick
442.347	0.10000000000002274	TimeIntervals	Lick
442.48049999999995	0.10000000000002274	TimeIntervals	Lick
442.61375	0.20000000000004547	TimeIntervals	Lick
442.847	0.10025000000007367	TimeIntervals	Lick
442.98049999999995	0.10000000000002274	TimeIntervals	Lick
443.114	0.33325000000007776	TimeIntervals	Lick
443.48049999999995	0.66700000000003	TimeIntervals	Lick
444.18075000000005	0.09999999999990905	TimeIntervals	Lick
444.34749999999997	0.10000000000007958	TimeIntervals	Lick
444.48074999999994	0.1332500000000323	TimeIntervals	Lick
444.6475	0.0999999999999659	TimeIntervals	Lick
444.78074999999995	0.06675000000001319	TimeIntervals	Lick
444.91400000000004	0.0667499999998995	TimeIntervals	Lick
445.24749999999995	0.10000000000002274	TimeIntervals	Lick
445.91425000000004	0.06674999999995634	TimeIntervals	Lick
446.88100000000003	0.13349999999996953	TimeIntervals	Lick
450.915	0.06674999999995634	TimeIntervals	Lick
451.81525	0.1332500000000323	TimeIntervals	Reward
451.98199999999997	0.39999999999997726	TimeIntervals	Lick
452.41525000000007	0.0667499999998995	TimeIntervals	Lick
452.51525	0.333500000000015	TimeIntervals	Lick
452.9155	0.06649999999996226	TimeIntervals	Lick
453.01550000000003	1.6999999999999318	TimeIntervals	Lick
454.749	0.0999999999999659	TimeIntervals	Lick
454.88224999999994	0.20025000000003956	TimeIntervals	Lick
455.11575	0.0999999999999659	TimeIntervals	Lick
455.249	0.23349999999999227	TimeIntervals	Lick
455.51575	0.09999999999990905	TimeIntervals	Lick
455.64900000000006	0.33349999999995816	TimeIntervals	Lick
456.016	0.0999999999999659	TimeIntervals	Lick
456.14925	0.0999999999999659	TimeIntervals	Lick
456.28249999999997	0.10000000000002274	TimeIntervals	Lick
456.41600000000005	0.0999999999999659	TimeIntervals	Lick
456.54925000000003	0.0999999999999659	TimeIntervals	Lick
456.6825	0.0999999999999659	TimeIntervals	Lick
456.81600000000003	0.5334999999999468	TimeIntervals	Lick
457.38275	0.0999999999999659	TimeIntervals	Lick
457.516	0.13350000000002638	TimeIntervals	Lick
457.68275000000006	0.3667499999999677	TimeIntervals	Lick
458.08275	0.10000000000007958	TimeIntervals	Lick
458.2159999999999	0.13350000000008322	TimeIntervals	Lick
458.383	0.0999999999999659	TimeIntervals	Lick
458.51624999999996	0.10000000000007958	TimeIntervals	Lick
458.64950000000005	0.0999999999999659	TimeIntervals	Lick
458.78299999999996	0.10000000000002274	TimeIntervals	Lick
458.91625	0.0999999999999659	TimeIntervals	Lick
459.083	0.10000000000002274	TimeIntervals	Lick
459.2495	0.06700000000006412	TimeIntervals	Lick
459.54974999999996	0.10000000000007958	TimeIntervals	Lick
459.68300000000005	0.09999999999990905	TimeIntervals	Lick
459.8165000000001	0.09999999999990905	TimeIntervals	Lick
459.94975	0.0999999999999659	TimeIntervals	Lick
460.083	0.06675000000001319	TimeIntervals	Lick
460.18300000000005	0.23349999999993543	TimeIntervals	Lick
460.45	0.0999999999999659	TimeIntervals	Lick
460.58324999999996	0.10000000000002274	TimeIntervals	Lick
460.7165	0.19999999999998863	TimeIntervals	Lick
460.95	0.0999999999999659	TimeIntervals	Lick
461.08324999999996	0.10000000000002274	TimeIntervals	Lick
461.2165	0.10000000000007958	TimeIntervals	Lick
461.34999999999997	0.33350000000007185	TimeIntervals	Lick
461.71675	0.10000000000002274	TimeIntervals	Lick
461.81675	0.06674999999995634	TimeIntervals	Reward
461.84999999999997	0.2335000000000491	TimeIntervals	Lick
462.11675	1.0667500000000132	TimeIntervals	Lick
463.217	0.10000000000002274	TimeIntervals	Lick
463.3502500000001	0.0999999999999659	TimeIntervals	Lick
463.4835	0.10000000000002274	TimeIntervals	Lick
463.61699999999996	0.10000000000002274	TimeIntervals	Lick
463.7505	0.23324999999999818	TimeIntervals	Lick
464.017	0.5	TimeIntervals	Lick
464.5505	0.39999999999997726	TimeIntervals	Lick
464.984	0.1332500000000323	TimeIntervals	Lick
465.1505	0.1334999999999127	TimeIntervals	Lick
465.3505	0.0999999999999659	TimeIntervals	Lick
465.484	0.26650000000000773	TimeIntervals	Lick
465.78399999999993	0.10000000000007958	TimeIntervals	Lick
465.984	0.03350000000000364	TimeIntervals	Lick
466.15075	0.0999999999999659	TimeIntervals	Lick
466.3175	0.166499999999985	TimeIntervals	Lick
466.8175	0.0665000000000191	TimeIntervals	Lick
467.051	0.10000000000002274	TimeIntervals	Lick
467.18425	0.09999999999990905	TimeIntervals	Lick
467.551	0.10000000000002274	TimeIntervals	Lick
467.751	0.0665000000000191	TimeIntervals	Lick
468.11775000000006	0.1332499999999186	TimeIntervals	Lick
468.8845	0.0665000000000191	TimeIntervals	Lick
469.0845	0.0665000000000191	TimeIntervals	Lick
469.218	0.06649999999996226	TimeIntervals	Lick
469.3845	0.06675000000001319	TimeIntervals	Lick
469.518	0.10000000000007958	TimeIntervals	Lick
471.48499999999996	0.10000000000002274	TimeIntervals	Lick
471.6182500000001	0.0667499999998995	TimeIntervals	Lick
473.85200000000003	0.03325000000000955	TimeIntervals	Reward
474.61850000000004	0.5335000000000036	TimeIntervals	Lick
475.18550000000005	0.4332499999999868	TimeIntervals	Lick
475.65200000000004	0.20024999999998272	TimeIntervals	Lick
475.8854999999999	0.10000000000007958	TimeIntervals	Lick
476.01899999999995	0.19999999999998863	TimeIntervals	Lick
476.25224999999995	0.3332500000000209	TimeIntervals	Lick
476.619	0.09999999999990905	TimeIntervals	Lick
476.75224999999995	0.10000000000007958	TimeIntervals	Lick
476.8854999999999	0.10025000000013051	TimeIntervals	Lick
477.01899999999995	0.10000000000007958	TimeIntervals	Lick
477.1525	0.0999999999999659	TimeIntervals	Lick
477.28575	0.0999999999999659	TimeIntervals	Lick
477.41900000000004	0.09999999999990905	TimeIntervals	Lick
477.55249999999995	1.0335000000000036	TimeIntervals	Lick
478.61925	0.09999999999990905	TimeIntervals	Lick
478.75249999999994	0.10000000000007958	TimeIntervals	Lick
478.91925000000003	0.266749999999945	TimeIntervals	Lick
480.15275	0.20024999999992588	TimeIntervals	Lick
480.4195	0.0999999999999659	TimeIntervals	Lick
480.85299999999995	0.06650000000007594	TimeIntervals	Lick
480.98625	0.06675000000001319	TimeIntervals	Lick
481.08624999999995	0.10000000000002274	TimeIntervals	Lick
481.253	0.06675000000001319	TimeIntervals	Lick
481.35299999999995	0.10000000000007958	TimeIntervals	Lick
481.4865	0.0999999999999659	TimeIntervals	Lick
481.61975	0.0999999999999659	TimeIntervals	Lick
481.7865	0.23325000000005502	TimeIntervals	Lick
482.42	0.0999999999999659	TimeIntervals	Lick
482.55324999999993	0.20000000000004547	TimeIntervals	Lick
482.7865	0.23349999999999227	TimeIntervals	Lick
483.05324999999993	0.4332500000001005	TimeIntervals	Lick
483.52	0.20000000000004547	TimeIntervals	Lick
483.7535	0.10000000000002274	TimeIntervals	Lick
483.88675	0.19999999999998863	TimeIntervals	Lick
484.12	0.10000000000002274	TimeIntervals	Lick
484.2535	0.10000000000002274	TimeIntervals	Lick
484.38675	0.06675000000001319	TimeIntervals	Lick
484.48675000000003	0.10025000000001683	TimeIntervals	Lick
484.62024999999994	0.10000000000002274	TimeIntervals	Lick
484.7535	1.8335000000000719	TimeIntervals	Lick
484.8535	0.10000000000002274	TimeIntervals	Reward
486.6205	0.0999999999999659	TimeIntervals	Lick
486.75399999999996	0.10000000000002274	TimeIntervals	Lick
486.88725	0.10000000000002274	TimeIntervals	Lick
487.0205	0.0999999999999659	TimeIntervals	Lick
487.154	0.7667500000000018	TimeIntervals	Lick
487.95399999999995	0.10000000000007958	TimeIntervals	Lick
488.0874999999999	0.10000000000007958	TimeIntervals	Lick
488.22074999999995	0.26675000000005866	TimeIntervals	Lick
488.52074999999996	0.10000000000002274	TimeIntervals	Lick
488.654	0.0999999999999659	TimeIntervals	Lick
488.78749999999997	0.26675000000005866	TimeIntervals	Lick
489.0874999999999	0.10000000000007958	TimeIntervals	Lick
489.221	0.2665000000000646	TimeIntervals	Lick
489.521	0.10000000000002274	TimeIntervals	Lick
489.65425000000005	0.0999999999999659	TimeIntervals	Lick
489.78749999999997	0.2335000000000491	TimeIntervals	Lick
490.0877499999999	0.10000000000007958	TimeIntervals	Lick
490.2545	0.0999999999999659	TimeIntervals	Lick
490.38775	0.10000000000002274	TimeIntervals	Lick
490.721	0.0999999999999659	TimeIntervals	Lick
491.32124999999996	0.16674999999997908	TimeIntervals	Lick
491.98799999999994	0.06649999999996226	TimeIntervals	Lick
492.2545	0.06700000000000728	TimeIntervals	Lick
493.05475	0.06675000000001319	TimeIntervals	Lick
493.35499999999996	0.0665000000000191	TimeIntervals	Lick
494.2215	0.10000000000002274	TimeIntervals	Lick
494.4215	0.06700000000006412	TimeIntervals	Lick
494.58849999999995	0.06650000000007594	TimeIntervals	Lick
495.6884999999999	0.06675000000012687	TimeIntervals	Lick
496.02200000000005	0.0999999999999659	TimeIntervals	Lick
496.322	0.06649999999996226	TimeIntervals	Lick
496.9220000000001	0.0667499999998995	TimeIntervals	Reward
497.1555	0.09999999999990905	TimeIntervals	Lick
497.28875000000005	0.6335000000000264	TimeIntervals	Lick
497.9555	0.20000000000004547	TimeIntervals	Lick
498.189	0.0999999999999659	TimeIntervals	Lick
498.3222500000001	0.1999999999999318	TimeIntervals	Lick
498.55550000000005	0.4669999999999277	TimeIntervals	Lick
499.05575	0.20000000000004547	TimeIntervals	Lick
499.289	0.10000000000002274	TimeIntervals	Lick
499.4225	0.46649999999999636	TimeIntervals	Lick
499.9225	0.0999999999999659	TimeIntervals	Lick
500.056	0.8999999999999773	TimeIntervals	Lick
500.98925	0.1334999999999127	TimeIntervals	Lick
501.556	0.10000000000007958	TimeIntervals	Lick
502.0227500000001	0.3334999999998445	TimeIntervals	Lick
502.3895	0.10000000000007958	TimeIntervals	Lick
502.95625000000007	0.0999999999999659	TimeIntervals	Lick
503.62300000000005	0.16674999999997908	TimeIntervals	Lick
503.8564999999999	0.06650000000018963	TimeIntervals	Lick
503.9565	0.0999999999999659	TimeIntervals	Lick
504.55649999999997	0.10000000000007958	TimeIntervals	Lick
504.68999999999994	0.20000000000010232	TimeIntervals	Lick
504.9565	0.0999999999999659	TimeIntervals	Lick
505.5235	0.06649999999996226	TimeIntervals	Lick
505.6235	0.0999999999999659	TimeIntervals	Lick
505.75675	0.19999999999998863	TimeIntervals	Lick
505.99	0.0999999999999659	TimeIntervals	Lick
506.1235	0.06649999999996226	TimeIntervals	Lick
506.22349999999994	0.3335000000001287	TimeIntervals	Lick
506.59025	0.06674999999995634	TimeIntervals	Lick
506.69025	0.06674999999995634	TimeIntervals	Lick
506.79024999999996	0.20000000000004547	TimeIntervals	Lick
507.0235	0.1999999999999318	TimeIntervals	Lick
507.25699999999995	0.20000000000004547	TimeIntervals	Lick
507.49025	0.10000000000002274	TimeIntervals	Lick
507.6235	0.4335000000000946	TimeIntervals	Lick
507.92375	0.06675000000001319	TimeIntervals	Reward
508.0905000000001	0.19999999999987494	TimeIntervals	Lick
508.32375	0.20000000000004547	TimeIntervals	Lick
508.5570000000001	0.20024999999998272	TimeIntervals	Lick
508.79049999999995	0.20000000000004547	TimeIntervals	Lick
509.024	0.20000000000004547	TimeIntervals	Lick
509.25725000000006	0.09999999999990905	TimeIntervals	Lick
509.39050000000003	0.20000000000004547	TimeIntervals	Lick
509.6240000000001	0.0999999999999659	TimeIntervals	Lick
509.75725000000006	0.0667499999998995	TimeIntervals	Lick
509.8575	0.09999999999990905	TimeIntervals	Lick
509.99074999999993	0.20000000000010232	TimeIntervals	Lick
510.22400000000005	0.09999999999990905	TimeIntervals	Lick
510.3575	0.09999999999990905	TimeIntervals	Lick
510.49074999999993	0.10000000000013642	TimeIntervals	Lick
510.6240000000001	0.0999999999999659	TimeIntervals	Lick
510.75750000000005	0.0999999999999659	TimeIntervals	Lick
510.89074999999997	0.10025000000001683	TimeIntervals	Lick
511.02425	0.0999999999999659	TimeIntervals	Lick
511.1575000000001	0.0999999999999659	TimeIntervals	Lick
511.29100000000005	0.2664999999998372	TimeIntervals	Lick
511.591	0.0999999999999659	TimeIntervals	Lick
511.72425	0.10000000000007958	TimeIntervals	Lick
511.891	0.0999999999999659	TimeIntervals	Lick
512.0245	0.10000000000002274	TimeIntervals	Lick
512.1577500000001	0.10000000000002274	TimeIntervals	Lick
512.3245000000001	0.09999999999990905	TimeIntervals	Lick
512.591	0.13350000000014006	TimeIntervals	Lick
513.4245	0.06675000000007003	TimeIntervals	Lick
513.5245	0.10000000000002274	TimeIntervals	Lick
515.0247499999999	0.23325000000022555	TimeIntervals	Lick
516.125	0.10000000000002274	TimeIntervals	Lick
516.2582500000001	0.09999999999990905	TimeIntervals	Lick
516.4585	0.06650000000013279	TimeIntervals	Lick
516.625	0.10000000000002274	TimeIntervals	Lick
516.8249999999999	0.06675000000007003	TimeIntervals	Lick
517.7252500000001	0.09999999999979536	TimeIntervals	Lick
518.6587500000002	0.13324999999986176	TimeIntervals	Lick
519.959	0.10000000000013642	TimeIntervals	Reward
520.1590000000001	1.6999999999999318	TimeIntervals	Lick
521.8924999999999	0.33350000000007185	TimeIntervals	Lick
522.2592500000001	0.09999999999990905	TimeIntervals	Lick
522.3924999999999	0.10000000000002274	TimeIntervals	Lick
522.526	0.10000000000013642	TimeIntervals	Lick
522.65925	0.10000000000002274	TimeIntervals	Lick
522.7925	0.1999999999999318	TimeIntervals	Lick
523.026	0.10000000000013642	TimeIntervals	Lick
523.1595000000001	1.2667499999998881	TimeIntervals	Lick
524.4595	0.10000000000002274	TimeIntervals	Lick
524.593	0.13324999999997544	TimeIntervals	Lick
524.793	0.10000000000002274	TimeIntervals	Lick
524.9595	0.06674999999995634	TimeIntervals	Lick
525.25975	0.09999999999990905	TimeIntervals	Lick
525.7265	0.0665000000000191	TimeIntervals	Lick
525.8265	0.033249999999952706	TimeIntervals	Lick
525.893	0.06674999999995634	TimeIntervals	Lick
526.093	0.10000000000013642	TimeIntervals	Lick
526.66	0.0665000000000191	TimeIntervals	Lick
526.7932500000001	0.16675000000009277	TimeIntervals	Lick
527.0265	0.06674999999995634	TimeIntervals	Lick
527.4600000000002	0.09999999999990905	TimeIntervals	Lick
528.5602500000001	0.06674999999995634	TimeIntervals	Lick
528.66025	0.1999999999999318	TimeIntervals	Lick
528.8934999999999	0.20000000000015916	TimeIntervals	Lick
529.1270000000001	0.1999999999999318	TimeIntervals	Lick
529.36025	0.20000000000015916	TimeIntervals	Lick
529.5935000000001	0.20024999999986903	TimeIntervals	Lick
529.827	0.1999999999999318	TimeIntervals	Lick
530.0605	0.09999999999990905	TimeIntervals	Lick
530.1937500000001	0.1999999999999318	TimeIntervals	Lick
530.4269999999999	0.20000000000015916	TimeIntervals	Lick
530.6605	0.10000000000013642	TimeIntervals	Lick
530.7940000000001	0.09999999999990905	TimeIntervals	Lick
530.92725	0.06675000000007003	TimeIntervals	Lick
530.9605	0.10000000000002274	TimeIntervals	Reward
531.02725	0.9002500000000282	TimeIntervals	Lick
531.9607500000002	0.2332499999998845	TimeIntervals	Lick
532.2275	0.10000000000002274	TimeIntervals	Lick
532.36075	0.10000000000013642	TimeIntervals	Lick
532.494	0.20000000000004547	TimeIntervals	Lick
532.7275	0.10000000000002274	TimeIntervals	Lick
532.86075	0.2335000000000491	TimeIntervals	Lick
533.1275	0.599999999999909	TimeIntervals	Lick
533.7610000000001	0.09999999999990905	TimeIntervals	Lick
533.8942499999999	0.10025000000007367	TimeIntervals	Lick
534.02775	0.7667500000000018	TimeIntervals	Lick
534.8277499999999	0.10000000000013642	TimeIntervals	Lick
534.961	0.10000000000002274	TimeIntervals	Lick
535.0945000000002	0.09999999999990905	TimeIntervals	Lick
535.2280000000001	0.13324999999986176	TimeIntervals	Lick
535.3945	0.2335000000001628	TimeIntervals	Lick
535.66125	0.13324999999997544	TimeIntervals	Lick
535.828	0.23325000000011187	TimeIntervals	Lick
536.0945000000002	0.1334999999999127	TimeIntervals	Lick
536.328	0.06675000000007003	TimeIntervals	Lick
536.4615000000001	0.06649999999990541	TimeIntervals	Lick
536.7615000000001	0.06649999999990541	TimeIntervals	Lick
537.295	0.10000000000002274	TimeIntervals	Lick
537.5282500000001	0.20000000000004547	TimeIntervals	Lick
538.46175	0.10000000000002274	TimeIntervals	Lick
538.595	0.06674999999995634	TimeIntervals	Lick
539.0285	0.13324999999997544	TimeIntervals	Lick
539.3285	0.10000000000002274	TimeIntervals	Lick
540.0952500000001	0.13325000000008913	TimeIntervals	Lick
540.2952500000001	0.2332499999998845	TimeIntervals	Lick
540.562	0.10000000000013642	TimeIntervals	Lick
540.7287500000002	0.06674999999984266	TimeIntervals	Lick
540.92875	0.06674999999995634	TimeIntervals	Lick
541.4620000000001	0.16674999999997908	TimeIntervals	Lick
542.629	0.10000000000013642	TimeIntervals	Lick
543.0625	0.0665000000000191	TimeIntervals	Reward
543.1957500000001	1.3667499999999109	TimeIntervals	Lick
544.596	0.1999999999999318	TimeIntervals	Lick
544.82925	0.09999999999990905	TimeIntervals	Lick
544.9625000000001	0.20024999999998272	TimeIntervals	Lick
545.1959999999999	0.10000000000002274	TimeIntervals	Lick
545.3294999999999	0.09999999999990905	TimeIntervals	Lick
545.4627500000001	0.46674999999970623	TimeIntervals	Lick
545.9627500000001	0.09999999999979536	TimeIntervals	Lick
546.096	0.3334999999998445	TimeIntervals	Lick
546.4630000000001	0.09999999999990905	TimeIntervals	Lick
546.59625	0.09999999999990905	TimeIntervals	Lick
546.7295	0.10000000000013642	TimeIntervals	Lick
546.8630000000002	0.09999999999990905	TimeIntervals	Lick
546.99625	0.6335000000000264	TimeIntervals	Lick
547.663	0.10000000000013642	TimeIntervals	Lick
547.7965	0.23324999999999818	TimeIntervals	Lick
548.063	0.13350000000002638	TimeIntervals	Lick
548.2297500000002	0.10024999999995998	TimeIntervals	Lick
548.3965000000002	0.06674999999984266	TimeIntervals	Lick
548.66325	0.13325000000008913	TimeIntervals	Lick
548.8300000000002	0.09999999999979536	TimeIntervals	Lick
548.96325	0.09999999999990905	TimeIntervals	Lick
549.0965000000001	0.3000000000000682	TimeIntervals	Lick
549.43	0.33350000000007185	TimeIntervals	Lick
549.79675	0.10000000000013642	TimeIntervals	Lick
549.93	0.20000000000015916	TimeIntervals	Lick
550.1635	0.10000000000002274	TimeIntervals	Lick
550.29675	0.10000000000013642	TimeIntervals	Lick
550.43	0.10025000000007367	TimeIntervals	Lick
550.5635	0.10000000000002274	TimeIntervals	Lick
550.697	0.10000000000002274	TimeIntervals	Lick
550.8302500000001	0.13324999999986176	TimeIntervals	Lick
551.03025	0.033249999999952706	TimeIntervals	Lick
551.4302499999999	0.03325000000006639	TimeIntervals	Lick
551.697	0.10000000000002274	TimeIntervals	Lick
551.8305	0.09999999999990905	TimeIntervals	Lick
551.96375	0.09999999999990905	TimeIntervals	Lick
552.097	0.10000000000002274	TimeIntervals	Lick
552.2305000000001	0.09999999999990905	TimeIntervals	Lick
552.3637500000002	0.19999999999970441	TimeIntervals	Lick
552.597	0.10025000000007367	TimeIntervals	Lick
552.7305000000001	0.09999999999990905	TimeIntervals	Lick
552.8640000000001	0.06649999999979173	TimeIntervals	Lick
552.964	0.09999999999990905	TimeIntervals	Lick
553.09725	0.20000000000004547	TimeIntervals	Lick
553.3305	0.09999999999990905	TimeIntervals	Lick
553.464	0.09999999999990905	TimeIntervals	Lick
553.59725	0.23349999999993543	TimeIntervals	Lick
553.8640000000001	0.06674999999984266	TimeIntervals	Lick
553.964	0.09999999999990905	TimeIntervals	Lick
554.064	0.10000000000013642	TimeIntervals	Reward
554.0975	1.2000000000000455	TimeIntervals	Lick
555.331	0.23324999999999818	TimeIntervals	Lick
555.5975	0.10000000000002274	TimeIntervals	Lick
555.731	0.10000000000002274	TimeIntervals	Lick
555.8642500000002	0.1002499999998463	TimeIntervals	Lick
555.9977500000001	0.09999999999990905	TimeIntervals	Lick
556.131	0.33350000000007185	TimeIntervals	Lick
556.531	0.20000000000004547	TimeIntervals	Lick
556.7645000000001	0.10000000000002274	TimeIntervals	Lick
556.8977500000001	0.10000000000002274	TimeIntervals	Lick
557.031	0.10025000000018736	TimeIntervals	Lick
557.1645000000001	0.10000000000002274	TimeIntervals	Lick
557.2980000000001	0.2664999999998372	TimeIntervals	Lick
557.598	0.10000000000013642	TimeIntervals	Lick
557.73125	0.10000000000002274	TimeIntervals	Lick
557.8645000000001	0.09999999999990905	TimeIntervals	Lick
557.998	0.09999999999990905	TimeIntervals	Lick
558.1312500000001	0.13350000000002638	TimeIntervals	Lick
558.2980000000001	0.09999999999990905	TimeIntervals	Lick
558.4315	0.23325000000011187	TimeIntervals	Lick
558.6980000000001	0.10000000000002274	TimeIntervals	Lick
558.8315	0.10000000000002274	TimeIntervals	Lick
558.9647500000001	0.09999999999990905	TimeIntervals	Lick
559.1315000000001	0.2667500000001155	TimeIntervals	Lick
559.465	0.10000000000002274	TimeIntervals	Lick
559.59825	0.13325000000008913	TimeIntervals	Lick
559.79825	0.10000000000013642	TimeIntervals	Lick
559.965	0.0665000000000191	TimeIntervals	Lick
560.9317500000001	0.10000000000002274	TimeIntervals	Lick
561.0985	0.06650000000013279	TimeIntervals	Lick
561.2650000000001	0.10000000000002274	TimeIntervals	Lick
561.4317500000001	0.06674999999995634	TimeIntervals	Lick
561.5985	0.06675000000007003	TimeIntervals	Lick
561.7652500000002	0.33324999999979354	TimeIntervals	Lick
562.932	0.10000000000002274	TimeIntervals	Lick
563.4987500000001	0.09999999999990905	TimeIntervals	Lick
564.0322500000001	0.09999999999990905	TimeIntervals	Lick
564.199	0.10000000000013642	TimeIntervals	Lick
564.5322500000001	0.06674999999995634	TimeIntervals	Lick
564.63225	0.10000000000002274	TimeIntervals	Lick
565.4325	0.10000000000002274	TimeIntervals	Lick
565.699	0.10000000000013642	TimeIntervals	Lick
565.8660000000002	0.06649999999979173	TimeIntervals	Lick
566.466	0.0665000000000191	TimeIntervals	Lick
567.466	0.03350000000000364	TimeIntervals	Lick
567.5995000000001	0.0665000000000191	TimeIntervals	Lick
567.6995000000001	0.10000000000002274	TimeIntervals	Lick
568.8330000000001	0.0665000000000191	TimeIntervals	Lick
569.8665000000001	0.1999999999999318	TimeIntervals	Lick
570.133	0.10000000000002274	TimeIntervals	Lick
570.6	0.10000000000013642	TimeIntervals	Lick
570.7332500000001	0.06674999999995634	TimeIntervals	Lick
570.8332500000001	0.1999999999998181	TimeIntervals	Lick
571.0665	0.20000000000004547	TimeIntervals	Lick
571.3000000000001	0.1999999999999318	TimeIntervals	Lick
571.5335	0.20000000000015916	TimeIntervals	Lick
571.7667500000001	0.06674999999995634	TimeIntervals	Lick
571.86675	0.10000000000002274	TimeIntervals	Lick
572.0	0.20000000000015916	TimeIntervals	Lick
572.2335000000002	0.1999999999999318	TimeIntervals	Lick
572.4670000000001	0.3332500000000209	TimeIntervals	Lick
572.8335000000001	0.33349999999995816	TimeIntervals	Lick
573.1334999999999	0.06675000000007003	TimeIntervals	Reward
573.20025	0.20000000000015916	TimeIntervals	Lick
573.4335000000001	0.4334999999999809	TimeIntervals	Lick
573.9005000000001	0.3332500000000209	TimeIntervals	Lick
574.2670000000002	0.3334999999998445	TimeIntervals	Lick
574.634	0.20000000000015916	TimeIntervals	Lick
574.8672500000001	0.09999999999990905	TimeIntervals	Lick
575.0005	0.33350000000018554	TimeIntervals	Lick
575.3672500000001	0.09999999999990905	TimeIntervals	Lick
575.5005	0.10000000000002274	TimeIntervals	Lick
575.634	0.10000000000002274	TimeIntervals	Lick
575.7675000000002	0.39999999999997726	TimeIntervals	Lick
576.2007500000001	0.1999999999999318	TimeIntervals	Lick
576.434	0.06674999999995634	TimeIntervals	Lick
576.7675000000002	0.09999999999990905	TimeIntervals	Lick
576.9675000000001	0.06674999999995634	TimeIntervals	Lick
577.3342500000001	0.13324999999997544	TimeIntervals	Lick
577.501	0.20000000000004547	TimeIntervals	Lick
578.7677500000001	0.13324999999986176	TimeIntervals	Lick
578.9345	0.0665000000000191	TimeIntervals	Lick
579.3345000000002	0.133499999999799	TimeIntervals	Lick
580.10125	0.16674999999997908	TimeIntervals	Lick
580.7347500000001	0.06675000000007003	TimeIntervals	Lick
581.1015000000001	0.10000000000002274	TimeIntervals	Lick
581.4682499999999	0.10000000000025011	TimeIntervals	Lick
582.3685000000002	0.13324999999986176	TimeIntervals	Lick
582.635	0.10000000000002274	TimeIntervals	Lick
584.2685	0.13350000000002638	TimeIntervals	Lick
585.402	0.09999999999990905	TimeIntervals	Lick
585.5687500000001	0.10024999999995998	TimeIntervals	Lick
585.7022500000002	0.09999999999979536	TimeIntervals	Lick
585.869	0.06649999999990541	TimeIntervals	Lick
586.6355	0.10000000000013642	TimeIntervals	Lick
586.769	0.13350000000002638	TimeIntervals	Lick
586.93575	0.13325000000008913	TimeIntervals	Lick
587.6357499999999	0.13325000000008913	TimeIntervals	Lick
589.3360000000001	0.1667499999998654	TimeIntervals	Lick
589.5695000000001	0.09999999999990905	TimeIntervals	Lick
591.5697500000001	0.13324999999997544	TimeIntervals	Lick
592.7032500000001	0.06674999999995634	TimeIntervals	Lick
592.8700000000001	0.06649999999979173	TimeIntervals	Lick
594.8035000000001	0.03350000000000364	TimeIntervals	Lick
594.8702500000002	0.09999999999990905	TimeIntervals	Lick
595.0369999999999	0.10000000000013642	TimeIntervals	Lick
595.27025	0.06675000000007003	TimeIntervals	Lick
596.8040000000001	0.0665000000000191	TimeIntervals	Lick
596.904	0.20000000000015916	TimeIntervals	Lick
597.13725	0.39999999999997726	TimeIntervals	Lick
597.5705000000002	0.09999999999990905	TimeIntervals	Lick
597.7040000000001	0.1999999999999318	TimeIntervals	Lick
597.9375	0.20000000000004547	TimeIntervals	Lick
598.1707500000001	0.06674999999995634	TimeIntervals	Lick
598.2707500000001	0.09999999999990905	TimeIntervals	Lick
598.404	0.10000000000002274	TimeIntervals	Lick
598.5374999999999	0.10000000000013642	TimeIntervals	Lick
598.6707500000001	0.10000000000002274	TimeIntervals	Lick
598.8040000000001	0.10024999999995998	TimeIntervals	Lick
598.9375	0.20000000000004547	TimeIntervals	Lick
599.1710000000002	0.33324999999979354	TimeIntervals	Lick
599.1710000000002	0.09999999999990905	TimeIntervals	Reward
599.5374999999999	0.16675000000020646	TimeIntervals	Lick
599.7375000000001	0.8334999999998445	TimeIntervals	Lick
600.6045	0.10000000000013642	TimeIntervals	Lick
600.7710000000001	0.33349999999995816	TimeIntervals	Lick
601.138	0.23325000000011187	TimeIntervals	Lick
601.4045000000001	0.33350000000007185	TimeIntervals	Lick
601.7712500000001	0.2332499999998845	TimeIntervals	Lick
602.038	0.4667500000000473	TimeIntervals	Lick
602.538	0.36675000000002456	TimeIntervals	Lick
602.938	0.10000000000002274	TimeIntervals	Lick
603.0715	0.2667500000000018	TimeIntervals	Lick
603.3715000000001	0.10000000000002274	TimeIntervals	Lick
603.5050000000001	0.09999999999990905	TimeIntervals	Lick
603.6382500000001	0.10000000000002274	TimeIntervals	Lick
603.8050000000001	0.0665000000000191	TimeIntervals	Lick
603.9715000000001	0.06674999999984266	TimeIntervals	Lick
604.105	0.0665000000000191	TimeIntervals	Lick
604.7385000000002	0.13325000000008913	TimeIntervals	Lick
604.9050000000001	0.06674999999995634	TimeIntervals	Lick
605.5052500000002	0.09999999999990905	TimeIntervals	Lick
605.9385	0.06675000000018372	TimeIntervals	Lick
606.2052500000001	0.09999999999990905	TimeIntervals	Lick
606.3385000000001	0.09999999999990905	TimeIntervals	Lick
606.6055	0.0665000000000191	TimeIntervals	Lick
607.0055000000001	0.06649999999990541	TimeIntervals	Lick
609.2390000000001	0.09999999999990905	TimeIntervals	Lick
610.43925	0.09999999999990905	TimeIntervals	Lick
610.5725	0.06675000000007003	TimeIntervals	Lick
611.706	0.10000000000013642	TimeIntervals	Lick
611.8395	0.09999999999990905	TimeIntervals	Lick
611.9727499999999	0.2002500000002101	TimeIntervals	Lick
612.2062500000001	0.06674999999995634	TimeIntervals	Lick
612.30625	0.20000000000004547	TimeIntervals	Lick
612.5395000000001	0.06674999999995634	TimeIntervals	Lick
612.6395000000001	0.3334999999998445	TimeIntervals	Lick
613.00625	0.06674999999995634	TimeIntervals	Lick
613.1065000000001	0.09999999999990905	TimeIntervals	Lick
613.23975	0.06675000000007003	TimeIntervals	Lick
613.3397500000001	0.09999999999979536	TimeIntervals	Lick
613.473	0.06675000000007003	TimeIntervals	Lick
613.573	0.10000000000013642	TimeIntervals	Lick
613.7065	0.10000000000002274	TimeIntervals	Lick
613.8397500000001	0.2332499999998845	TimeIntervals	Lick
614.1065000000001	0.0665000000000191	TimeIntervals	Lick
614.2065	0.10000000000002274	TimeIntervals	Lick
614.24	0.10000000000013642	TimeIntervals	Reward
614.3400000000001	0.1999999999998181	TimeIntervals	Lick
614.5732499999999	0.06675000000018372	TimeIntervals	Lick
614.67325	0.6667500000000928	TimeIntervals	Lick
615.3735000000001	0.2332499999998845	TimeIntervals	Lick
615.6400000000001	0.06674999999984266	TimeIntervals	Lick
615.74	0.13350000000014006	TimeIntervals	Lick
615.9067500000001	0.33324999999990723	TimeIntervals	Lick
616.2735000000001	0.10000000000002274	TimeIntervals	Lick
616.4070000000002	0.09999999999990905	TimeIntervals	Lick
616.54025	0.10000000000002274	TimeIntervals	Lick
616.6735000000001	0.10000000000002274	TimeIntervals	Lick
616.807	0.10000000000013642	TimeIntervals	Lick
616.94025	0.10000000000002274	TimeIntervals	Lick
617.0735	0.10000000000013642	TimeIntervals	Lick
617.207	0.7667500000000018	TimeIntervals	Lick
618.0070000000001	0.09999999999990905	TimeIntervals	Lick
618.1405000000001	0.09999999999990905	TimeIntervals	Lick
618.2737500000001	0.10000000000013642	TimeIntervals	Lick
618.4405	0.09999999999990905	TimeIntervals	Lick
618.57375	0.10025000000007367	TimeIntervals	Lick
618.7405	0.10000000000002274	TimeIntervals	Lick
618.874	0.10000000000002274	TimeIntervals	Lick
619.00725	0.09999999999990905	TimeIntervals	Lick
619.1405000000001	0.09999999999990905	TimeIntervals	Lick
619.2740000000001	0.13324999999997544	TimeIntervals	Lick
619.4405	0.09999999999990905	TimeIntervals	Lick
619.574	0.13350000000014006	TimeIntervals	Lick
619.7740000000001	0.29999999999984084	TimeIntervals	Lick
620.3075000000001	0.09999999999990905	TimeIntervals	Lick
620.841	0.13324999999997544	TimeIntervals	Lick
621.041	0.06649999999990541	TimeIntervals	Lick
622.0745000000001	0.23325000000011187	TimeIntervals	Lick
622.8745000000001	0.09999999999979536	TimeIntervals	Lick
627.0084999999999	0.10000000000002274	TimeIntervals	Lick
627.1750000000001	0.06674999999995634	TimeIntervals	Lick
627.2750000000001	0.1334999999999127	TimeIntervals	Lick
627.8420000000001	0.09999999999990905	TimeIntervals	Lick
628.0084999999999	0.06675000000007003	TimeIntervals	Lick
629.9090000000001	0.09999999999990905	TimeIntervals	Lick
630.4090000000001	0.06649999999990541	TimeIntervals	Lick
630.9090000000001	0.09999999999990905	TimeIntervals	Lick
632.5092500000001	0.06674999999995634	TimeIntervals	Lick
632.7092500000001	0.10000000000013642	TimeIntervals	Lick
632.976	0.10000000000002274	TimeIntervals	Lick
635.8765000000001	0.10000000000002274	TimeIntervals	Lick
636.34325	0.10000000000002274	TimeIntervals	Lick
638.0435	0.10000000000002274	TimeIntervals	Lick
639.2435000000002	0.06674999999995634	TimeIntervals	Lick
639.3435000000001	0.09999999999990905	TimeIntervals	Lick
639.8770000000001	0.10000000000002274	TimeIntervals	Lick
640.0105	0.06650000000013279	TimeIntervals	Lick
640.1105000000001	0.20000000000004547	TimeIntervals	Lick
640.3437500000001	0.30024999999989177	TimeIntervals	Lick
640.67725	0.20000000000004547	TimeIntervals	Lick
640.9105	0.4335000000002083	TimeIntervals	Lick
641.37725	0.10000000000002274	TimeIntervals	Lick
641.5105	0.10000000000013642	TimeIntervals	Lick
641.644	0.20000000000015916	TimeIntervals	Lick
641.8775	0.10000000000002274	TimeIntervals	Lick
642.0107499999999	0.10000000000013642	TimeIntervals	Lick
642.144	0.10000000000002274	TimeIntervals	Lick
642.2775000000001	0.0665000000000191	TimeIntervals	Lick
642.3440000000002	0.03349999999988995	TimeIntervals	Reward
642.3775	1.1334999999999127	TimeIntervals	Lick
643.54425	0.3332500000000209	TimeIntervals	Lick
643.911	0.466750000000161	TimeIntervals	Lick
644.411	0.10000000000002274	TimeIntervals	Lick
644.5445	0.10000000000002274	TimeIntervals	Lick
644.6777500000001	0.09999999999990905	TimeIntervals	Lick
644.8110000000001	0.09999999999979536	TimeIntervals	Lick
644.9445	0.5335000000001173	TimeIntervals	Lick
645.51125	0.13324999999997544	TimeIntervals	Lick
645.7112500000001	0.06674999999995634	TimeIntervals	Lick
645.91125	0.10000000000002274	TimeIntervals	Lick
646.0445	0.10025000000007367	TimeIntervals	Lick
646.2115000000001	0.09999999999990905	TimeIntervals	Lick
646.4115	0.0665000000000191	TimeIntervals	Lick
646.5447499999999	0.10000000000013642	TimeIntervals	Lick
646.678	0.06675000000007003	TimeIntervals	Lick
648.0782500000001	0.09999999999979536	TimeIntervals	Lick
649.44525	0.10000000000002274	TimeIntervals	Lick
651.2455000000001	0.10000000000002274	TimeIntervals	Lick
651.3787500000002	0.09999999999990905	TimeIntervals	Lick
652.3455000000001	0.09999999999979536	TimeIntervals	Lick
654.0124999999999	0.10000000000013642	TimeIntervals	Lick
655.8795000000001	0.06649999999979173	TimeIntervals	Lick
656.013	0.06650000000013279	TimeIntervals	Lick
656.1130000000002	0.09999999999990905	TimeIntervals	Lick
656.24625	0.1999999999999318	TimeIntervals	Lick
656.4795	0.20000000000004547	TimeIntervals	Lick
656.7130000000001	0.10000000000002274	TimeIntervals	Lick
656.8462500000002	0.09999999999979536	TimeIntervals	Lick
656.9795	0.06699999999989359	TimeIntervals	Lick
657.07975	0.10000000000013642	TimeIntervals	Lick
657.2130000000001	0.10000000000002274	TimeIntervals	Lick
657.3465000000001	0.1999999999998181	TimeIntervals	Lick
657.57975	0.10000000000013642	TimeIntervals	Lick
657.7130000000001	0.10000000000002274	TimeIntervals	Lick
657.8465000000001	0.06649999999979173	TimeIntervals	Lick
657.9464999999999	0.10000000000002274	TimeIntervals	Lick
658.07975	0.06675000000018372	TimeIntervals	Lick
658.1800000000002	0.09999999999990905	TimeIntervals	Lick
658.3132500000002	0.09999999999990905	TimeIntervals	Lick
658.3465000000001	0.06674999999995634	TimeIntervals	Reward
658.4464999999999	0.9002500000002556	TimeIntervals	Lick
659.3800000000001	0.1999999999999318	TimeIntervals	Lick
659.6135	0.20000000000015916	TimeIntervals	Lick
659.8467500000002	0.09999999999979536	TimeIntervals	Lick
659.9799999999999	0.20000000000027285	TimeIntervals	Lick
660.2135	0.10000000000025011	TimeIntervals	Lick
660.3470000000001	0.46650000000011005	TimeIntervals	Lick
660.8470000000001	0.1999999999998181	TimeIntervals	Lick
661.0802500000001	0.2667500000000018	TimeIntervals	Lick
661.3802500000002	0.1002499999998463	TimeIntervals	Lick
661.5137500000001	0.13324999999997544	TimeIntervals	Lick
661.6805	0.13324999999997544	TimeIntervals	Lick
661.8470000000001	0.26674999999988813	TimeIntervals	Lick
662.147	0.09999999999990905	TimeIntervals	Lick
663.14725	0.06675000000007003	TimeIntervals	Lick
664.1475000000002	0.09999999999990905	TimeIntervals	Lick
664.5140000000001	0.06674999999995634	TimeIntervals	Lick
666.5145000000001	0.13324999999997544	TimeIntervals	Lick
666.681	0.10000000000002274	TimeIntervals	Lick
666.8477500000001	0.1002499999998463	TimeIntervals	Lick
667.448	0.10000000000002274	TimeIntervals	Lick
667.5812500000001	0.09999999999990905	TimeIntervals	Lick
669.7482500000001	0.10000000000002274	TimeIntervals	Lick
670.7817500000001	0.1667499999998654	TimeIntervals	Lick
672.482	0.10000000000002274	TimeIntervals	Lick
674.3822500000001	0.09999999999990905	TimeIntervals	Lick
676.1492500000002	0.09999999999990905	TimeIntervals	Lick
679.2165	0.10000000000002274	TimeIntervals	Lick
681.6500000000001	0.09999999999990905	TimeIntervals	Lick
682.9835000000002	0.09999999999990905	TimeIntervals	Lick
683.417	0.09999999999990905	TimeIntervals	Lick
683.917	0.09999999999990905	TimeIntervals	Lick
684.0505000000002	0.06649999999990541	TimeIntervals	Lick
684.18375	0.2999999999999545	TimeIntervals	Lick
684.5169999999999	0.4335000000000946	TimeIntervals	Lick
684.984	0.20000000000004547	TimeIntervals	Lick
685.21725	0.10000000000002274	TimeIntervals	Lick
685.3505	0.20000000000015916	TimeIntervals	Lick
685.5840000000002	0.1999999999999318	TimeIntervals	Lick
685.8175000000001	0.09999999999979536	TimeIntervals	Lick
685.95075	0.06675000000007003	TimeIntervals	Lick
686.0507500000001	0.09999999999990905	TimeIntervals	Lick
686.1840000000001	0.20000000000004547	TimeIntervals	Lick
686.3840000000001	0.09999999999990905	TimeIntervals	Reward
686.4174999999999	1.0	TimeIntervals	Lick
687.451	0.10000000000002274	TimeIntervals	Lick
687.5842500000001	0.09999999999990905	TimeIntervals	Lick
687.7175000000001	0.10000000000002274	TimeIntervals	Lick
687.8510000000001	0.9667500000000473	TimeIntervals	Lick
688.8510000000001	0.10024999999995998	TimeIntervals	Lick
688.9845	0.10000000000002274	TimeIntervals	Lick
689.1179999999999	0.10000000000002274	TimeIntervals	Lick
689.25125	0.10000000000013642	TimeIntervals	Lick
689.3845000000001	0.09999999999990905	TimeIntervals	Lick
689.518	0.09999999999990905	TimeIntervals	Lick
689.65125	0.10000000000002274	TimeIntervals	Lick
689.7845000000001	0.10000000000002274	TimeIntervals	Lick
689.918	0.10000000000002274	TimeIntervals	Lick
690.0515	0.10000000000002274	TimeIntervals	Lick
690.18475	0.5332499999999527	TimeIntervals	Lick
690.7515	0.10000000000025011	TimeIntervals	Lick
690.8847500000002	0.13324999999986176	TimeIntervals	Lick
691.0515	0.23349999999993543	TimeIntervals	Lick
691.3182500000001	0.13324999999986176	TimeIntervals	Lick
691.51825	0.06675000000018372	TimeIntervals	Lick
691.6515	0.06674999999995634	TimeIntervals	Lick
692.185	0.13350000000025375	TimeIntervals	Lick
692.785	0.16674999999997908	TimeIntervals	Lick
692.985	0.06675000000007003	TimeIntervals	Lick
693.15175	0.033249999999952706	TimeIntervals	Lick
694.61875	0.03325000000006639	TimeIntervals	Lick
695.1855	0.0665000000000191	TimeIntervals	Lick
695.55225	0.13325000000008913	TimeIntervals	Lick
696.7525	0.10000000000002274	TimeIntervals	Lick
697.5857500000002	0.09999999999979536	TimeIntervals	Lick
698.6192500000001	0.10000000000002274	TimeIntervals	Lick
699.186	0.10000000000013642	TimeIntervals	Lick
700.2862500000001	0.10000000000002274	TimeIntervals	Lick
701.153	0.10000000000013642	TimeIntervals	Lick
701.3197500000001	0.13324999999997544	TimeIntervals	Lick
705.55375	0.09999999999990905	TimeIntervals	Lick
706.1205	0.0665000000000191	TimeIntervals	Lick
706.8540000000002	0.06649999999990541	TimeIntervals	Lick
706.9872500000001	0.09999999999990905	TimeIntervals	Lick
709.75425	0.10025000000018736	TimeIntervals	Lick
710.0545000000001	0.0665000000000191	TimeIntervals	Lick
711.12125	0.10000000000002274	TimeIntervals	Lick
711.2545	0.1999999999999318	TimeIntervals	Lick
711.4880000000002	0.06649999999990541	TimeIntervals	Lick
711.5880000000001	0.3000000000000682	TimeIntervals	Lick
711.92125	0.2002500000000964	TimeIntervals	Lick
712.15475	0.10000000000002274	TimeIntervals	Lick
712.288	0.06675000000007003	TimeIntervals	Lick
712.3880000000001	0.10000000000002274	TimeIntervals	Lick
712.5215	0.20000000000004547	TimeIntervals	Lick
712.7547500000001	0.10000000000002274	TimeIntervals	Lick
712.8880000000001	0.1999999999999318	TimeIntervals	Lick
713.1215000000001	0.3334999999998445	TimeIntervals	Lick
713.4882500000001	0.9002499999999145	TimeIntervals	Lick
713.4882500000001	0.03324999999983902	TimeIntervals	Reward
714.42175	0.20000000000004547	TimeIntervals	Lick
714.6550000000001	0.33349999999995816	TimeIntervals	Lick
715.02175	1.1667500000002065	TimeIntervals	Lick
716.2220000000001	0.10000000000002274	TimeIntervals	Lick
716.4219999999999	0.10000000000013642	TimeIntervals	Lick
716.5554999999999	0.10000000000002274	TimeIntervals	Lick
716.7220000000001	0.1334999999999127	TimeIntervals	Lick
716.8887500000001	0.06674999999995634	TimeIntervals	Lick
717.3220000000001	0.1334999999999127	TimeIntervals	Lick
719.6225	0.10000000000002274	TimeIntervals	Lick
719.8892500000002	0.09999999999990905	TimeIntervals	Lick
722.3895000000002	0.09999999999979536	TimeIntervals	Lick
723.5565	0.10000000000013642	TimeIntervals	Lick
727.9905	0.10000000000002274	TimeIntervals	Lick
728.1570000000002	0.06674999999995634	TimeIntervals	Lick
729.05725	0.06675000000007003	TimeIntervals	Lick
729.1905000000002	0.06674999999995634	TimeIntervals	Lick
729.524	0.10000000000002274	TimeIntervals	Lick
730.8242500000001	0.13324999999997544	TimeIntervals	Lick
733.3580000000001	0.09999999999990905	TimeIntervals	Lick
734.82475	0.06675000000007003	TimeIntervals	Lick
735.0915	0.06675000000007003	TimeIntervals	Lick
735.1915	1.63350000000014	TimeIntervals	Lick
737.0585000000001	0.26674999999988813	TimeIntervals	Lick
737.3585000000002	0.03349999999988995	TimeIntervals	Lick
737.4585000000001	0.06674999999984266	TimeIntervals	Lick
740.5925000000001	0.10000000000002274	TimeIntervals	Lick
742.05925	0.10000000000002274	TimeIntervals	Lick
742.1925000000001	0.06674999999995634	TimeIntervals	Lick
742.2925	0.10000000000002274	TimeIntervals	Lick
742.426	0.20000000000015916	TimeIntervals	Lick
742.65925	0.30025000000000546	TimeIntervals	Lick
742.9927499999999	0.20000000000027285	TimeIntervals	Lick
743.226	0.20000000000004547	TimeIntervals	Lick
743.4595	0.09999999999990905	TimeIntervals	Lick
743.5927500000001	0.1999999999999318	TimeIntervals	Lick
743.826	0.10024999999995998	TimeIntervals	Lick
743.9595	0.06674999999995634	TimeIntervals	Lick
744.0595	0.10000000000013642	TimeIntervals	Lick
744.1930000000001	0.09999999999990905	TimeIntervals	Lick
744.3262500000001	0.06674999999995634	TimeIntervals	Lick
744.42625	0.10000000000002274	TimeIntervals	Lick
744.52625	0.033249999999952706	TimeIntervals	Reward
744.5595	0.8002500000001191	TimeIntervals	Lick
745.393	0.8002500000001191	TimeIntervals	Lick
746.2265000000002	0.09999999999990905	TimeIntervals	Lick
746.36	0.10000000000002274	TimeIntervals	Lick
746.49325	0.10000000000002274	TimeIntervals	Lick
746.6264999999999	0.1000000000003638	TimeIntervals	Lick
746.76	0.10000000000002274	TimeIntervals	Lick
746.8932500000001	0.4002500000000282	TimeIntervals	Lick
747.3267500000001	0.10000000000002274	TimeIntervals	Lick
747.46	0.13350000000002638	TimeIntervals	Lick
747.62675	0.10000000000002274	TimeIntervals	Lick
747.76	0.10000000000002274	TimeIntervals	Lick
747.8935000000001	0.09999999999990905	TimeIntervals	Lick
748.06	0.06675000000007003	TimeIntervals	Lick
748.1935	0.0665000000000191	TimeIntervals	Lick
748.3602500000001	0.06674999999995634	TimeIntervals	Lick
749.5605	0.10000000000002274	TimeIntervals	Lick
750.3605000000001	0.06649999999990541	TimeIntervals	Lick
755.56125	0.10000000000002274	TimeIntervals	Lick
758.6285000000001	0.13324999999986176	TimeIntervals	Lick
759.8285	0.10000000000002274	TimeIntervals	Lick
760.562	0.10000000000013642	TimeIntervals	Reward
760.7620000000001	0.36674999999991087	TimeIntervals	Lick
761.1620000000001	0.3334999999998445	TimeIntervals	Lick
761.529	0.20000000000015916	TimeIntervals	Lick
761.76225	0.20000000000004547	TimeIntervals	Lick
761.9955	0.20000000000015916	TimeIntervals	Lick
762.26225	0.20000000000004547	TimeIntervals	Lick
762.4955	0.10024999999995998	TimeIntervals	Lick
762.629	0.4667499999999336	TimeIntervals	Lick
763.129	0.9002500000000282	TimeIntervals	Lick
764.0625	0.10000000000002274	TimeIntervals	Lick
764.1959999999999	0.10000000000025011	TimeIntervals	Lick
764.3292500000001	0.09999999999979536	TimeIntervals	Lick
764.4625	0.4002500000001419	TimeIntervals	Lick
764.8960000000001	0.10000000000002274	TimeIntervals	Lick
765.096	0.06675000000007003	TimeIntervals	Lick
765.1959999999999	0.06675000000007003	TimeIntervals	Lick
765.2960000000002	0.1334999999999127	TimeIntervals	Lick
765.6627500000001	0.06674999999995634	TimeIntervals	Lick
765.7960000000002	0.1002499999998463	TimeIntervals	Lick
766.163	0.13324999999997544	TimeIntervals	Lick
767.0297499999999	0.16675000000009277	TimeIntervals	Lick
768.6300000000001	0.09999999999979536	TimeIntervals	Lick
771.2635	0.10025000000007367	TimeIntervals	Lick
771.46375	0.033249999999952706	TimeIntervals	Lick
773.1305000000001	0.06674999999995634	TimeIntervals	Lick
773.2305	0.06675000000007003	TimeIntervals	Lick
773.3305	0.09999999999990905	TimeIntervals	Lick
773.464	0.06649999999990541	TimeIntervals	Lick
773.5639999999999	0.0667500000002974	TimeIntervals	Lick
773.6640000000002	0.29999999999984084	TimeIntervals	Lick
773.9975	0.20000000000004547	TimeIntervals	Lick
774.2307500000002	0.1999999999998181	TimeIntervals	Lick
774.464	0.20024999999998272	TimeIntervals	Lick
774.6975	0.10000000000002274	TimeIntervals	Lick
774.831	0.1999999999999318	TimeIntervals	Lick
775.06425	0.10000000000002274	TimeIntervals	Lick
775.1975	0.06675000000007003	TimeIntervals	Lick
775.2975	0.10000000000013642	TimeIntervals	Lick
775.431	0.09999999999990905	TimeIntervals	Lick
775.56425	0.2002500000000964	TimeIntervals	Lick
775.56425	0.10000000000002274	TimeIntervals	Reward
775.7977500000001	0.7667499999998881	TimeIntervals	Lick
776.59775	0.7335000000000491	TimeIntervals	Lick
777.3645	0.10000000000002274	TimeIntervals	Lick
777.498	0.599999999999909	TimeIntervals	Lick
778.1315	0.10000000000013642	TimeIntervals	Lick
778.2647500000002	0.09999999999990905	TimeIntervals	Lick
778.398	0.10000000000002274	TimeIntervals	Lick
778.5315	0.09999999999990905	TimeIntervals	Lick
778.66475	0.23324999999999818	TimeIntervals	Lick
778.9315	0.10000000000002274	TimeIntervals	Lick
779.065	0.10000000000002274	TimeIntervals	Lick
779.19825	0.10000000000002274	TimeIntervals	Lick
779.3315	0.40000000000009095	TimeIntervals	Lick
779.7650000000001	0.10000000000002274	TimeIntervals	Lick
779.8982500000002	0.09999999999979536	TimeIntervals	Lick
780.065	0.10000000000002274	TimeIntervals	Lick
780.1985	0.13324999999997544	TimeIntervals	Lick
780.3985	0.0665000000000191	TimeIntervals	Lick
780.5317500000001	0.06674999999984266	TimeIntervals	Lick
781.0317500000001	0.13324999999997544	TimeIntervals	Lick
781.3652500000002	0.09999999999979536	TimeIntervals	Lick
781.5652500000001	0.09999999999990905	TimeIntervals	Lick
782.432	0.10000000000002274	TimeIntervals	Lick
783.432	0.16700000000003	TimeIntervals	Lick
784.33225	0.09999999999990905	TimeIntervals	Lick
785.2990000000002	0.1999999999998181	TimeIntervals	Lick
785.56575	0.10025000000018736	TimeIntervals	Lick
785.766	0.06650000000013279	TimeIntervals	Lick
785.9992500000001	0.13324999999997544	TimeIntervals	Lick
786.1660000000002	0.09999999999979536	TimeIntervals	Lick
786.7325	0.06700000000012096	TimeIntervals	Lick
788.6330000000002	0.0665000000000191	TimeIntervals	Reward
788.76625	0.13325000000008913	TimeIntervals	Lick
788.933	0.6335000000000264	TimeIntervals	Lick
789.59975	0.4334999999999809	TimeIntervals	Lick
790.0665	0.33350000000007185	TimeIntervals	Lick
790.43325	0.09999999999990905	TimeIntervals	Lick
790.5665	0.4667499999999336	TimeIntervals	Lick
791.0665	0.10025000000007367	TimeIntervals	Lick
791.2000000000002	0.09999999999990905	TimeIntervals	Lick
791.3335000000001	0.10000000000002274	TimeIntervals	Lick
791.46675	0.09999999999990905	TimeIntervals	Lick
791.6	0.2667500000001155	TimeIntervals	Lick
791.9000000000001	0.133499999999799	TimeIntervals	Lick
792.06675	0.10000000000013642	TimeIntervals	Lick
792.4002500000001	0.06674999999995634	TimeIntervals	Lick
792.5334999999999	0.06675000000018372	TimeIntervals	Lick
793.3005000000002	0.09999999999990905	TimeIntervals	Lick
793.53375	0.06674999999995634	TimeIntervals	Lick
794.3337500000001	0.10024999999995998	TimeIntervals	Lick
795.3005000000002	0.09999999999990905	TimeIntervals	Lick
795.4672499999999	0.10025000000018736	TimeIntervals	Lick
796.701	0.10000000000013642	TimeIntervals	Lick
798.101	0.10000000000002274	TimeIntervals	Lick
798.2677500000001	0.06674999999995634	TimeIntervals	Lick
798.36775	0.09999999999990905	TimeIntervals	Lick
798.501	0.10000000000002274	TimeIntervals	Lick
798.6345	0.0665000000000191	TimeIntervals	Lick
798.7345	0.2999999999999545	TimeIntervals	Lick
799.0680000000001	0.09999999999990905	TimeIntervals	Lick
799.2012500000001	0.06674999999995634	TimeIntervals	Lick
799.3012500000001	0.09999999999990905	TimeIntervals	Lick
799.4345	0.06674999999995634	TimeIntervals	Lick
799.5345	0.20000000000004547	TimeIntervals	Lick
799.768	0.10000000000002274	TimeIntervals	Lick
799.9015	0.06649999999990541	TimeIntervals	Lick
800.0014999999999	0.20000000000027285	TimeIntervals	Lick
800.2347500000001	0.09999999999990905	TimeIntervals	Lick
800.368	0.20000000000004547	TimeIntervals	Lick
800.6015000000001	2.7337499999999864	TimeIntervals	Lick
800.63475	0.10000000000002274	TimeIntervals	Reward
803.3685	0.09999999999990905	TimeIntervals	Lick
803.502	0.2665000000000646	TimeIntervals	Lick
803.802	0.5	TimeIntervals	Lick
804.3355000000001	0.09999999999979536	TimeIntervals	Lick
804.46875	0.10000000000002274	TimeIntervals	Lick
804.6020000000001	0.10000000000002274	TimeIntervals	Lick
804.7355000000001	0.10000000000002274	TimeIntervals	Lick
804.8687500000001	0.5	TimeIntervals	Lick
805.402	0.133499999999799	TimeIntervals	Lick
805.569	0.10000000000013642	TimeIntervals	Lick
805.7022500000002	0.09999999999990905	TimeIntervals	Lick
805.869	0.06649999999990541	TimeIntervals	Lick
806.1690000000001	0.03325000000006639	TimeIntervals	Lick
806.4354999999999	0.10025000000007367	TimeIntervals	Lick
806.6025000000001	0.20000000000004547	TimeIntervals	Lick
806.869	0.10000000000002274	TimeIntervals	Lick
807.0025	0.10000000000002274	TimeIntervals	Lick
807.1690000000001	0.16675000000009277	TimeIntervals	Lick
807.369	0.10000000000002274	TimeIntervals	Lick
807.5025	0.36675000000013824	TimeIntervals	Lick
807.9025	0.10000000000002274	TimeIntervals	Lick
808.036	0.3000000000001819	TimeIntervals	Lick
808.4025	0.03350000000000364	TimeIntervals	Lick
808.5025	0.16675000000009277	TimeIntervals	Lick
809.1695	0.16650000000015552	TimeIntervals	Lick
810.1030000000001	0.06649999999990541	TimeIntervals	Lick
811.903	0.10000000000013642	TimeIntervals	Lick
812.0365	0.06674999999995634	TimeIntervals	Lick
812.17	0.03325000000018008	TimeIntervals	Lick
813.93675	0.10000000000002274	TimeIntervals	Lick
816.1705000000001	0.06649999999990541	TimeIntervals	Lick
817.03725	0.10000000000002274	TimeIntervals	Lick
818.8375000000001	0.09999999999990905	TimeIntervals	Lick
819.6042500000002	0.06674999999995634	TimeIntervals	Lick
819.7044999999999	0.20000000000015916	TimeIntervals	Lick
820.2710000000001	2.3004999999999427	TimeIntervals	Lick
822.6047500000001	0.23324999999999818	TimeIntervals	Lick
822.8715000000001	0.2667500000000018	TimeIntervals	Lick
823.1715	0.20000000000004547	TimeIntervals	Lick
823.4050000000001	0.1999999999999318	TimeIntervals	Lick
823.7382500000002	0.26674999999988813	TimeIntervals	Lick
824.0715	0.2335000000001628	TimeIntervals	Lick
824.3385	0.10000000000002274	TimeIntervals	Lick
824.47175	0.10000000000002274	TimeIntervals	Lick
824.605	0.10000000000002274	TimeIntervals	Lick
824.7385000000003	0.13324999999997544	TimeIntervals	Lick
824.9050000000001	0.10000000000002274	TimeIntervals	Lick
825.0717500000001	0.06674999999995634	TimeIntervals	Lick
825.1719999999999	0.10000000000013642	TimeIntervals	Lick
825.3385	0.10000000000002274	TimeIntervals	Lick
825.472	0.10000000000002274	TimeIntervals	Lick
825.6052500000001	0.10000000000002274	TimeIntervals	Lick
825.7385000000003	0.09999999999968168	TimeIntervals	Lick
825.8720000000002	0.09999999999979536	TimeIntervals	Lick
826.0052500000002	0.09999999999990905	TimeIntervals	Lick
826.1385	0.10000000000025011	TimeIntervals	Lick
826.272	0.10000000000013642	TimeIntervals	Lick
826.4055	0.0665000000000191	TimeIntervals	Lick
826.5055000000001	0.09999999999990905	TimeIntervals	Lick
826.6387500000001	0.10000000000002274	TimeIntervals	Lick
826.7055	0.0665000000000191	TimeIntervals	Reward
826.772	0.8002500000000055	TimeIntervals	Lick
827.6055	0.10000000000002274	TimeIntervals	Lick
827.7390000000001	0.09999999999990905	TimeIntervals	Lick
827.8722500000001	0.2332499999998845	TimeIntervals	Lick
828.1390000000001	0.3334999999997308	TimeIntervals	Lick
828.5057500000001	0.36675000000013824	TimeIntervals	Lick
828.90575	0.10000000000013642	TimeIntervals	Lick
829.0725	0.06650000000013279	TimeIntervals	Lick
829.3057500000001	0.06675000000018372	TimeIntervals	Lick
829.539	0.13350000000002638	TimeIntervals	Lick
829.7392500000002	0.06674999999984266	TimeIntervals	Lick
830.006	0.13325000000008913	TimeIntervals	Lick
830.4060000000001	0.13324999999986176	TimeIntervals	Lick
830.6392500000001	0.4334999999998672	TimeIntervals	Lick
831.1395000000001	0.1999999999999318	TimeIntervals	Lick
831.5395000000001	0.3999999999998636	TimeIntervals	Lick
832.1395000000001	0.1667499999998654	TimeIntervals	Lick
832.3395	0.20000000000004547	TimeIntervals	Lick
832.573	0.13325000000008913	TimeIntervals	Lick
832.7395	0.13350000000014006	TimeIntervals	Lick
832.9065000000002	0.13324999999986176	TimeIntervals	Lick
833.2065	0.13325000000008913	TimeIntervals	Lick
833.4729999999998	0.20000000000015916	TimeIntervals	Lick
833.7065	0.10000000000002274	TimeIntervals	Lick
833.8397500000001	0.09999999999979536	TimeIntervals	Lick
833.9729999999998	0.13350000000025375	TimeIntervals	Lick
834.1400000000001	0.09999999999990905	TimeIntervals	Lick
834.3065	0.23349999999993543	TimeIntervals	Lick
834.7732500000002	0.2332499999997708	TimeIntervals	Lick
835.1735	0.13325000000008913	TimeIntervals	Lick
835.3735000000001	0.09999999999979536	TimeIntervals	Lick
835.6735	0.10000000000013642	TimeIntervals	Lick
835.8400000000001	0.133499999999799	TimeIntervals	Lick
837.24025	0.10025000000007367	TimeIntervals	Lick
837.7405	0.0665000000000191	TimeIntervals	Lick
838.60725	0.13324999999997544	TimeIntervals	Lick
840.3407500000001	0.09999999999990905	TimeIntervals	Lick
840.7742500000002	0.09999999999990905	TimeIntervals	Lick
840.941	0.16649999999992815	TimeIntervals	Lick
841.2075	0.13350000000002638	TimeIntervals	Lick
843.84125	0.10024999999995998	TimeIntervals	Lick
844.1080000000001	0.13350000000002638	TimeIntervals	Lick
846.2085	0.06650000000013279	TimeIntervals	Lick
847.0749999999999	0.10000000000013642	TimeIntervals	Lick
848.3755000000001	0.09999999999979536	TimeIntervals	Lick
849.3420000000001	0.10024999999995998	TimeIntervals	Lick
851.9425000000001	0.06674999999995634	TimeIntervals	Lick
852.4425000000001	0.09999999999979536	TimeIntervals	Lick
855.3765000000002	0.09999999999979536	TimeIntervals	Lick
855.50975	0.3000000000000682	TimeIntervals	Lick
855.843	0.30025000000011914	TimeIntervals	Lick
856.1765000000001	0.20000000000004547	TimeIntervals	Lick
856.4099999999999	0.06650000000013279	TimeIntervals	Lick
856.51	0.3332500000000209	TimeIntervals	Lick
856.8765000000002	0.20024999999998272	TimeIntervals	Lick
857.11	0.20000000000004547	TimeIntervals	Lick
857.3435000000001	0.3332500000001346	TimeIntervals	Lick
857.7100000000002	0.09999999999990905	TimeIntervals	Lick
857.77675	0.10000000000013642	TimeIntervals	Reward
857.8435000000001	1.433499999999981	TimeIntervals	Lick
859.3105	0.09999999999979536	TimeIntervals	Lick
859.44375	0.7667500000001155	TimeIntervals	Lick
860.24375	0.2335000000000491	TimeIntervals	Lick
860.5105	0.06675000000018372	TimeIntervals	Lick
860.644	0.23324999999999818	TimeIntervals	Lick
860.9104999999998	0.10000000000013642	TimeIntervals	Lick
861.0440000000001	0.09999999999990905	TimeIntervals	Lick
861.17725	0.2332499999998845	TimeIntervals	Lick
861.444	0.2667500000002292	TimeIntervals	Lick
861.744	0.10000000000013642	TimeIntervals	Lick
861.8775	0.09999999999990905	TimeIntervals	Lick
862.0107499999999	0.13325000000008913	TimeIntervals	Lick
862.2107500000002	0.2332499999997708	TimeIntervals	Lick
862.5107499999999	0.10025000000007367	TimeIntervals	Lick
862.7110000000001	0.033249999999952706	TimeIntervals	Lick
862.8442500000001	0.06674999999984266	TimeIntervals	Lick
863.04425	0.09999999999990905	TimeIntervals	Lick
863.8110000000001	0.1667499999998654	TimeIntervals	Lick
865.1112499999999	0.10000000000013642	TimeIntervals	Lick
865.7112500000001	0.10000000000013642	TimeIntervals	Lick
867.445	0.09999999999990905	TimeIntervals	Lick
868.41175	0.10000000000002274	TimeIntervals	Lick
868.645	0.13350000000014006	TimeIntervals	Lick
868.8785000000001	0.09999999999990905	TimeIntervals	Lick
869.0785	0.10000000000002274	TimeIntervals	Lick
869.9452499999999	0.13325000000008913	TimeIntervals	Lick
870.6455	0.10000000000013642	TimeIntervals	Lick
873.8792500000001	0.10000000000002274	TimeIntervals	Lick
874.9459999999999	0.06674999999995634	TimeIntervals	Lick
876.4795	0.06674999999995634	TimeIntervals	Lick
878.5464999999999	0.10000000000025011	TimeIntervals	Lick
878.6800000000002	0.06649999999990541	TimeIntervals	Lick
878.7800000000001	0.10000000000002274	TimeIntervals	Lick
878.9132500000001	0.20024999999998272	TimeIntervals	Lick
879.1467500000001	0.06674999999984266	TimeIntervals	Lick
879.2467500000002	0.19999999999970441	TimeIntervals	Lick
879.4799999999999	0.20000000000027285	TimeIntervals	Lick
879.7135	0.20000000000004547	TimeIntervals	Lick
879.94675	0.2002500000000964	TimeIntervals	Lick
880.18025	0.20000000000015916	TimeIntervals	Lick
880.4135	0.10000000000002274	TimeIntervals	Lick
880.5469999999999	0.10000000000013642	TimeIntervals	Lick
880.68025	0.10000000000013642	TimeIntervals	Lick
880.8135000000001	0.1999999999999318	TimeIntervals	Lick
880.8470000000001	0.03325000000006639	TimeIntervals	Reward
881.0469999999999	0.5335000000001173	TimeIntervals	Lick
881.61375	0.33324999999990723	TimeIntervals	Lick
881.9805	0.3332500000000209	TimeIntervals	Lick
882.3470000000001	0.33349999999995816	TimeIntervals	Lick
882.714	0.09999999999990905	TimeIntervals	Lick
882.84725	0.10000000000002274	TimeIntervals	Lick
882.9805	0.13350000000002638	TimeIntervals	Lick
883.14725	0.10000000000013642	TimeIntervals	Lick
883.2805	0.10000000000025011	TimeIntervals	Lick
883.414	0.10000000000013642	TimeIntervals	Lick
883.5807500000001	0.10000000000002274	TimeIntervals	Lick
883.714	0.09999999999990905	TimeIntervals	Lick
883.8807500000001	0.09999999999990905	TimeIntervals	Lick
884.0140000000001	0.13350000000002638	TimeIntervals	Lick
884.1807500000001	0.09999999999990905	TimeIntervals	Lick
884.681	0.0665000000000191	TimeIntervals	Lick
885.8145000000001	0.06650000000013279	TimeIntervals	Lick
886.9812499999999	0.10000000000013642	TimeIntervals	Lick
890.1485	0.10000000000013642	TimeIntervals	Lick
891.21525	0.06675000000018372	TimeIntervals	Lick
893.349	0.09999999999990905	TimeIntervals	Lick
893.48225	0.06675000000007003	TimeIntervals	Lick
893.6155	0.06674999999995634	TimeIntervals	Lick
893.749	0.1999999999999318	TimeIntervals	Lick
893.98225	0.1999999999999318	TimeIntervals	Lick
894.2155	0.1999999999999318	TimeIntervals	Lick
894.449	0.10000000000013642	TimeIntervals	Lick
894.5825	0.20000000000015916	TimeIntervals	Lick
894.81575	0.10000000000013642	TimeIntervals	Lick
894.949	0.10000000000013642	TimeIntervals	Lick
895.0825	0.20000000000015916	TimeIntervals	Lick
895.31575	0.10000000000013642	TimeIntervals	Lick
895.449	0.10025000000007367	TimeIntervals	Lick
895.5825	0.20000000000015916	TimeIntervals	Lick
895.8160000000001	0.09999999999990905	TimeIntervals	Lick
895.8825000000002	0.03349999999988995	TimeIntervals	Reward
895.94925	0.3000000000000682	TimeIntervals	Lick
896.2825000000001	0.5335000000000036	TimeIntervals	Lick
896.8495000000001	0.1999999999998181	TimeIntervals	Lick
897.0827499999999	0.20000000000038654	TimeIntervals	Lick
897.3160000000001	0.09999999999990905	TimeIntervals	Lick
897.4495000000001	0.20000000000004547	TimeIntervals	Lick
897.68275	0.7667500000000018	TimeIntervals	Lick
898.4830000000001	0.09999999999990905	TimeIntervals	Lick
898.61625	0.2667500000001155	TimeIntervals	Lick
898.9165000000002	0.13324999999997544	TimeIntervals	Lick
899.083	0.13350000000002638	TimeIntervals	Lick
899.9165000000002	0.09999999999968168	TimeIntervals	Lick
903.8837500000002	0.06674999999984266	TimeIntervals	Lick
903.917	0.06674999999995634	TimeIntervals	Reward
904.1170000000001	0.9670000000000982	TimeIntervals	Lick
905.1172500000001	0.1999999999999318	TimeIntervals	Lick
905.3505	0.10024999999995998	TimeIntervals	Lick
905.484	0.20000000000004547	TimeIntervals	Lick
905.7175000000001	0.3332500000001346	TimeIntervals	Lick
906.0840000000002	0.09999999999990905	TimeIntervals	Lick
906.2175000000001	0.10000000000002274	TimeIntervals	Lick
906.35075	0.10000000000002274	TimeIntervals	Lick
906.484	0.10025000000007367	TimeIntervals	Lick
906.6175	0.10000000000013642	TimeIntervals	Lick
906.751	0.10000000000002274	TimeIntervals	Lick
906.8842500000002	0.09999999999979536	TimeIntervals	Lick
907.0174999999999	0.10000000000002274	TimeIntervals	Lick
907.151	0.06650000000013279	TimeIntervals	Lick
907.28425	0.10000000000013642	TimeIntervals	Lick
907.6175	0.06700000000023465	TimeIntervals	Lick
908.8180000000002	0.09999999999979536	TimeIntervals	Lick
908.9844999999999	0.06675000000007003	TimeIntervals	Lick
909.1179999999999	0.06650000000024647	TimeIntervals	Lick
909.218	0.10000000000025011	TimeIntervals	Lick
909.35125	0.10000000000002274	TimeIntervals	Lick
909.4844999999999	0.10000000000013642	TimeIntervals	Lick
909.6179999999999	0.20000000000027285	TimeIntervals	Lick
909.8515000000001	0.1999999999999318	TimeIntervals	Lick
910.08475	0.10000000000013642	TimeIntervals	Lick
910.218	0.10000000000025011	TimeIntervals	Lick
910.3515000000001	0.1999999999999318	TimeIntervals	Lick
910.58475	0.10000000000013642	TimeIntervals	Lick
910.7515	0.06650000000024647	TimeIntervals	Lick
910.8515000000001	0.09999999999990905	TimeIntervals	Lick
910.918	0.10025000000007367	TimeIntervals	Reward
910.985	1.1335000000000264	TimeIntervals	Lick
912.15175	0.23325000000022555	TimeIntervals	Lick
912.4185	0.3332500000001346	TimeIntervals	Lick
912.7850000000002	0.10000000000002274	TimeIntervals	Lick
912.9185	0.10000000000002274	TimeIntervals	Lick
913.0517500000001	0.10024999999995998	TimeIntervals	Lick
913.1852500000001	0.10000000000002274	TimeIntervals	Lick
913.3185000000002	0.09999999999979536	TimeIntervals	Lick
913.452	0.23325000000011187	TimeIntervals	Lick
913.7185000000001	0.5	TimeIntervals	Lick
914.2520000000001	0.10000000000002274	TimeIntervals	Lick
914.3855000000001	0.09999999999990905	TimeIntervals	Lick
914.5187500000001	0.09999999999990905	TimeIntervals	Lick
914.652	0.10000000000002274	TimeIntervals	Lick
914.7855000000001	0.10000000000002274	TimeIntervals	Lick
914.9187499999999	0.10000000000013642	TimeIntervals	Lick
915.052	0.10000000000002274	TimeIntervals	Lick
915.1855000000002	0.09999999999990905	TimeIntervals	Lick
915.3190000000001	0.13325000000008913	TimeIntervals	Lick
915.4855	0.10000000000013642	TimeIntervals	Lick
915.619	0.10000000000013642	TimeIntervals	Lick
915.75225	0.10000000000002274	TimeIntervals	Lick
915.8855000000001	0.1334999999999127	TimeIntervals	Lick
916.05225	0.10000000000013642	TimeIntervals	Lick
916.2190000000002	0.26674999999977445	TimeIntervals	Lick
916.5525	0.0665000000000191	TimeIntervals	Lick
916.7190000000002	0.03349999999988995	TimeIntervals	Lick
916.9525000000001	0.06649999999990541	TimeIntervals	Lick
917.5192499999999	0.20000000000015916	TimeIntervals	Lick
917.986	0.10000000000013642	TimeIntervals	Lick
918.1860000000001	0.033249999999952706	TimeIntervals	Lick
918.4525000000001	0.09999999999990905	TimeIntervals	Lick
918.6860000000001	0.10000000000002274	TimeIntervals	Lick
919.2860000000002	0.09999999999979536	TimeIntervals	Lick
919.45275	0.09999999999990905	TimeIntervals	Lick
920.7865	0.10000000000002274	TimeIntervals	Lick
920.91975	0.1999999999999318	TimeIntervals	Lick
921.153	0.20000000000004547	TimeIntervals	Lick
921.3865000000001	0.20000000000004547	TimeIntervals	Lick
921.61975	0.10000000000013642	TimeIntervals	Lick
921.7530000000002	0.09999999999990905	TimeIntervals	Lick
921.8865000000001	0.06675000000007003	TimeIntervals	Lick
921.9865000000001	0.10000000000002274	TimeIntervals	Lick
922.12	0.20000000000015916	TimeIntervals	Lick
922.3532500000001	0.10000000000002274	TimeIntervals	Lick
922.4865000000001	0.1999999999999318	TimeIntervals	Lick
922.72	0.10000000000013642	TimeIntervals	Lick
922.8532500000001	0.06674999999984266	TimeIntervals	Lick
922.9532500000001	0.1002499999998463	TimeIntervals	Lick
922.9865000000001	0.10025000000018736	TimeIntervals	Reward
923.0867500000003	0.3999999999997499	TimeIntervals	Lick
923.52	0.8002500000001191	TimeIntervals	Lick
924.3535000000002	0.3334999999998445	TimeIntervals	Lick
924.7202500000001	0.10000000000002274	TimeIntervals	Lick
924.8535000000002	0.09999999999990905	TimeIntervals	Lick
924.987	0.10000000000025011	TimeIntervals	Lick
925.12025	0.2335000000001628	TimeIntervals	Lick
925.3870000000001	0.33350000000007185	TimeIntervals	Lick
925.75375	0.36675000000002456	TimeIntervals	Lick
926.15375	0.10000000000002274	TimeIntervals	Lick
926.2870000000001	0.1002499999998463	TimeIntervals	Lick
926.4205000000001	0.09999999999990905	TimeIntervals	Lick
926.5540000000001	0.09999999999990905	TimeIntervals	Lick
926.6872500000001	0.09999999999990905	TimeIntervals	Lick
926.8205000000002	0.26674999999988813	TimeIntervals	Lick
927.1205	0.10000000000013642	TimeIntervals	Lick
927.254	0.10000000000013642	TimeIntervals	Lick
927.4207499999999	0.23325000000011187	TimeIntervals	Lick
927.6875	0.13325000000008913	TimeIntervals	Lick
927.8540000000002	0.1334999999999127	TimeIntervals	Lick
928.02075	0.10000000000002274	TimeIntervals	Lick
928.1875	0.16650000000015552	TimeIntervals	Lick
928.4875000000001	0.06674999999984266	TimeIntervals	Lick
928.9875000000001	0.06674999999984266	TimeIntervals	Lick
930.0877500000001	0.09999999999979536	TimeIntervals	Lick
930.5877500000001	0.06674999999995634	TimeIntervals	Lick
932.9214999999999	0.10000000000002274	TimeIntervals	Lick
933.08825	0.06675000000007003	TimeIntervals	Lick
933.355	0.06649999999990541	TimeIntervals	Lick
940.5895	0.20000000000004547	TimeIntervals	Lick
940.82275	0.3000000000000682	TimeIntervals	Lick
941.1560000000001	0.10000000000013642	TimeIntervals	Lick
941.2895000000001	0.1999999999999318	TimeIntervals	Lick
941.52275	0.2002500000000964	TimeIntervals	Lick
941.7562500000001	0.10000000000002274	TimeIntervals	Lick
941.8895000000002	0.1999999999998181	TimeIntervals	Lick
942.123	0.20000000000004547	TimeIntervals	Lick
942.3562500000002	0.09999999999990905	TimeIntervals	Lick
942.4895	0.10000000000002274	TimeIntervals	Lick
942.623	0.20000000000004547	TimeIntervals	Lick
942.8565000000001	0.09999999999990905	TimeIntervals	Lick
942.98975	0.10000000000013642	TimeIntervals	Lick
943.0897500000001	0.09999999999990905	TimeIntervals	Reward
943.123	1.500250000000051	TimeIntervals	Lick
944.6565000000002	0.09999999999990905	TimeIntervals	Lick
944.7900000000001	0.10000000000002274	TimeIntervals	Lick
944.9232499999999	0.10025000000007367	TimeIntervals	Lick
945.0567500000001	0.10000000000002274	TimeIntervals	Lick
945.19	0.20000000000004547	TimeIntervals	Lick
945.4235	0.10000000000002274	TimeIntervals	Lick
945.5900000000001	0.06674999999995634	TimeIntervals	Lick
945.69	0.10000000000002274	TimeIntervals	Lick
945.8235	0.10000000000002274	TimeIntervals	Lick
945.9567499999999	0.10000000000013642	TimeIntervals	Lick
946.0900000000001	0.5335000000000036	TimeIntervals	Lick
946.6570000000002	0.10000000000002274	TimeIntervals	Lick
946.79025	0.13324999999997544	TimeIntervals	Lick
946.957	0.13324999999997544	TimeIntervals	Lick
947.1235000000001	0.13350000000002638	TimeIntervals	Lick
947.2905000000001	0.10000000000002274	TimeIntervals	Lick
947.4237499999999	0.13325000000008913	TimeIntervals	Lick
947.5905	0.10000000000013642	TimeIntervals	Lick
947.72375	0.13324999999997544	TimeIntervals	Lick
947.9237499999999	0.16675000000009277	TimeIntervals	Lick
948.1237500000002	0.06674999999995634	TimeIntervals	Lick
948.3905000000001	0.06674999999995634	TimeIntervals	Lick
948.624	0.03325000000006639	TimeIntervals	Lick
948.824	0.06650000000013279	TimeIntervals	Lick
950.8575	0.10000000000002274	TimeIntervals	Lick
951.1242500000001	0.09999999999990905	TimeIntervals	Lick
952.7912500000002	0.13324999999974807	TimeIntervals	Lick
955.2582500000001	0.10000000000002274	TimeIntervals	Lick
956.725	0.09999999999990905	TimeIntervals	Lick
957.42525	0.10000000000013642	TimeIntervals	Lick
959.192	0.10025000000018736	TimeIntervals	Lick
959.3255	0.10000000000013642	TimeIntervals	Lick
959.459	0.10000000000013642	TimeIntervals	Lick
959.6255000000001	0.06674999999995634	TimeIntervals	Lick
960.9925	0.10000000000013642	TimeIntervals	Lick
963.1927500000002	0.10000000000002274	TimeIntervals	Lick
963.893	0.10000000000002274	TimeIntervals	Lick
964.02625	0.3000000000000682	TimeIntervals	Lick
964.3594999999999	0.20000000000027285	TimeIntervals	Lick
964.593	0.10000000000013642	TimeIntervals	Lick
964.7262499999999	0.30025000000011914	TimeIntervals	Lick
965.0597500000001	0.10000000000013642	TimeIntervals	Lick
965.1930000000001	0.1999999999999318	TimeIntervals	Lick
965.4265000000001	0.19999999999970441	TimeIntervals	Lick
965.6597500000003	0.09999999999979536	TimeIntervals	Lick
965.7930000000001	0.20024999999986903	TimeIntervals	Lick
966.0265	0.3334999999998445	TimeIntervals	Lick
966.1600000000002	0.06649999999979173	TimeIntervals	Reward
966.3932500000001	0.06675000000007003	TimeIntervals	Lick
966.49325	0.20000000000015916	TimeIntervals	Lick
966.7265	0.33350000000007185	TimeIntervals	Lick
967.0935000000001	0.06650000000013279	TimeIntervals	Lick
967.1935	0.33324999999990723	TimeIntervals	Lick
967.5600000000001	0.10000000000013642	TimeIntervals	Lick
967.6935	0.1000000000003638	TimeIntervals	Lick
967.8267500000002	0.09999999999990905	TimeIntervals	Lick
967.9600000000002	0.20024999999998272	TimeIntervals	Lick
968.1935	0.1000000000003638	TimeIntervals	Lick
968.3270000000002	0.09999999999979536	TimeIntervals	Lick
968.46025	0.10000000000025011	TimeIntervals	Lick
968.5935000000001	0.2667500000000018	TimeIntervals	Lick
968.927	0.09999999999990905	TimeIntervals	Lick
969.0602500000002	0.1002499999998463	TimeIntervals	Lick
969.227	0.06675000000018372	TimeIntervals	Lick
969.3605000000001	0.06649999999990541	TimeIntervals	Lick
970.1605000000001	0.06649999999990541	TimeIntervals	Lick
970.594	0.10000000000002274	TimeIntervals	Lick
971.7940000000001	0.09999999999990905	TimeIntervals	Lick
973.7945000000001	0.0665000000000191	TimeIntervals	Lick
976.0615	0.06649999999990541	TimeIntervals	Lick
976.895	0.10000000000013642	TimeIntervals	Lick
977.8282500000001	0.09999999999990905	TimeIntervals	Lick
979.7620000000001	0.10000000000013642	TimeIntervals	Lick
982.0622500000001	0.03325000000006639	TimeIntervals	Lick
982.4290000000001	0.09999999999990905	TimeIntervals	Lick
986.163	0.10000000000002274	TimeIntervals	Lick
986.2962500000002	0.06674999999995634	TimeIntervals	Lick
986.3962500000001	0.09999999999990905	TimeIntervals	Lick
986.5294999999999	0.20000000000027285	TimeIntervals	Lick
986.763	0.06674999999995634	TimeIntervals	Lick
986.8630000000002	0.19999999999970441	TimeIntervals	Lick
987.0965000000003	0.1999999999999318	TimeIntervals	Lick
987.32975	0.10000000000002274	TimeIntervals	Lick
987.4630000000001	0.1999999999999318	TimeIntervals	Lick
987.6965	0.1999999999999318	TimeIntervals	Lick
987.93	0.20000000000015916	TimeIntervals	Lick
988.16325	0.10000000000013642	TimeIntervals	Lick
988.1965	0.10000000000025011	TimeIntervals	Reward
988.2965000000003	1.8669999999996207	TimeIntervals	Lick
990.1970000000001	0.599999999999909	TimeIntervals	Lick
990.8302500000001	0.09999999999990905	TimeIntervals	Lick
990.9635000000002	0.26699999999993906	TimeIntervals	Lick
991.2637500000001	0.10000000000025011	TimeIntervals	Lick
991.3969999999998	0.1000000000003638	TimeIntervals	Lick
991.5305	0.10000000000002274	TimeIntervals	Lick
991.66375	0.3999999999998636	TimeIntervals	Lick
992.0970000000002	0.09999999999990905	TimeIntervals	Lick
992.2305000000001	0.13350000000014006	TimeIntervals	Lick
992.39725	0.10000000000013642	TimeIntervals	Lick
992.5305	0.13350000000002638	TimeIntervals	Lick
992.69725	0.13324999999997544	TimeIntervals	Lick
992.89725	0.10000000000013642	TimeIntervals	Lick
993.0305	0.10000000000002274	TimeIntervals	Lick
993.29725	0.10025000000018736	TimeIntervals	Lick
993.464	0.1334999999999127	TimeIntervals	Lick
995.2310000000002	0.06649999999967804	TimeIntervals	Lick
995.631	0.10000000000025011	TimeIntervals	Lick
996.2645000000002	0.06649999999990541	TimeIntervals	Reward
996.6980000000001	0.8664999999997463	TimeIntervals	Lick
997.5980000000001	0.5667499999999563	TimeIntervals	Lick
998.1980000000001	0.09999999999990905	TimeIntervals	Lick
998.3315	0.46649999999999636	TimeIntervals	Lick
998.8315	0.09999999999979536	TimeIntervals	Lick
998.965	0.09999999999990905	TimeIntervals	Lick
999.0982500000001	0.09999999999979536	TimeIntervals	Lick
999.2315000000001	0.09999999999990905	TimeIntervals	Lick
999.3982500000002	0.10000000000002274	TimeIntervals	Lick
1000.8985	0.10000000000002274	TimeIntervals	Lick
1001.1984999999999	0.06675000000041109	TimeIntervals	Lick
1001.3320000000001	0.09999999999990905	TimeIntervals	Lick
1001.46525	0.09999999999990905	TimeIntervals	Lick
1001.5985000000002	0.1999999999999318	TimeIntervals	Lick
1001.8320000000001	0.1999999999999318	TimeIntervals	Lick
1002.0652499999999	0.10025000000007367	TimeIntervals	Lick
1002.1987499999999	0.06675000000018372	TimeIntervals	Lick
1002.2987499999999	0.20000000000027285	TimeIntervals	Lick
1002.532	0.10000000000013642	TimeIntervals	Lick
1002.6655	0.20000000000015916	TimeIntervals	Lick
1002.8987500000001	0.1999999999999318	TimeIntervals	Lick
1003.1320000000002	0.20024999999998272	TimeIntervals	Lick
1003.2655000000001	0.06675000000007003	TimeIntervals	Reward
1003.3655000000001	0.09999999999990905	TimeIntervals	Lick
1003.499	0.06649999999979173	TimeIntervals	Lick
1003.599	0.33324999999990723	TimeIntervals	Lick
1003.9655	0.1999999999999318	TimeIntervals	Lick
1004.199	0.10000000000025011	TimeIntervals	Lick
1004.3325	0.3332500000001346	TimeIntervals	Lick
1004.699	0.9002500000002556	TimeIntervals	Lick
1005.6325	0.09999999999990905	TimeIntervals	Lick
1005.7660000000002	0.13325000000008913	TimeIntervals	Lick
1005.9325000000001	0.09999999999990905	TimeIntervals	Lick
1006.0992500000002	0.06674999999984266	TimeIntervals	Lick
1006.3660000000002	0.06649999999990541	TimeIntervals	Lick
1007.3660000000002	0.09999999999990905	TimeIntervals	Lick
1011.4335000000001	0.06649999999990541	TimeIntervals	Lick
1013.5004999999999	0.10000000000013642	TimeIntervals	Lick
1015.234	0.09999999999990905	TimeIntervals	Lick
1017.1675000000002	0.09999999999979536	TimeIntervals	Lick
1017.3342499999999	0.0667500000002974	TimeIntervals	Lick
1017.6009999999999	0.10000000000013642	TimeIntervals	Lick
1017.7345	0.10000000000002274	TimeIntervals	Lick
1017.9345000000002	0.0665000000000191	TimeIntervals	Lick
1021.1682500000003	0.09999999999979536	TimeIntervals	Lick
1024.102	0.09999999999990905	TimeIntervals	Lick
1026.7025	0.10000000000013642	TimeIntervals	Lick
1026.9689999999998	0.10000000000013642	TimeIntervals	Lick
1028.3025000000002	0.06674999999972897	TimeIntervals	Reward
1029.036	0.2667500000000018	TimeIntervals	Lick
1029.336	0.06675000000018372	TimeIntervals	Lick
1029.436	0.06675000000018372	TimeIntervals	Lick
1029.536	0.20024999999986903	TimeIntervals	Lick
1029.7695	0.09999999999990905	TimeIntervals	Lick
1029.9030000000002	0.06649999999967804	TimeIntervals	Lick
1030.003	0.20000000000004547	TimeIntervals	Lick
1030.23625	0.20000000000027285	TimeIntervals	Lick
1030.4695	0.33350000000018554	TimeIntervals	Lick
1030.8365	0.5	TimeIntervals	Lick
1031.36975	0.10000000000013642	TimeIntervals	Lick
1031.503	0.10000000000013642	TimeIntervals	Lick
1031.66975	0.06674999999995634	TimeIntervals	Lick
1031.8700000000001	0.033249999999952706	TimeIntervals	Lick
1034.7035	0.06674999999995634	TimeIntervals	Lick
1034.9370000000001	0.09999999999990905	TimeIntervals	Lick
1041.7044999999998	0.03350000000023101	TimeIntervals	Lick
1053.84	0.06649999999990541	TimeIntervals	Lick
1053.97325	0.06674999999995634	TimeIntervals	Lick
1056.9735	0.06674999999995634	TimeIntervals	Lick
1060.2075	0.10000000000013642	TimeIntervals	Lick
1060.3407499999998	0.10025000000041473	TimeIntervals	Lick
1060.3407499999998	0.06675000000018372	TimeIntervals	Reward
1060.5075	0.6335000000001401	TimeIntervals	Lick
1061.17425	0.4334999999998672	TimeIntervals	Lick
1061.641	0.10000000000013642	TimeIntervals	Lick
1061.7745	0.20000000000027285	TimeIntervals	Lick
1062.0077500000002	0.09999999999968168	TimeIntervals	Lick
1062.141	0.10000000000013642	TimeIntervals	Lick
1062.2745	0.10000000000013642	TimeIntervals	Lick
1062.40775	0.10000000000013642	TimeIntervals	Lick
1062.541	0.10024999999995998	TimeIntervals	Lick
1062.6744999999999	0.06675000000041109	TimeIntervals	Lick
1062.7745	0.10000000000013642	TimeIntervals	Lick
1062.9080000000001	0.09999999999990905	TimeIntervals	Lick
1063.0745	0.20000000000004547	TimeIntervals	Lick
1063.308	0.36649999999985994	TimeIntervals	Lick
1063.7080000000003	0.09999999999968168	TimeIntervals	Lick
1063.8415	0.1332500000003165	TimeIntervals	Lick
1064.008	0.10000000000013642	TimeIntervals	Lick
1064.17475	0.10000000000013642	TimeIntervals	Lick
1064.4080000000001	0.06675000000018372	TimeIntervals	Lick
1064.57475	0.09999999999990905	TimeIntervals	Lick
1065.00825	0.10000000000013642	TimeIntervals	Lick
1065.175	0.06650000000036016	TimeIntervals	Lick
1068.0419999999997	0.06675000000018372	TimeIntervals	Lick
1072.4760000000003	0.09999999999968168	TimeIntervals	Lick
1076.01	0.09999999999990905	TimeIntervals	Lick
1076.14325	0.09999999999990905	TimeIntervals	Lick
1084.1109999999999	0.10000000000013642	TimeIntervals	Lick
1084.2445	0.09999999999968168	TimeIntervals	Lick
1084.6445	0.09999999999990905	TimeIntervals	Lick
1084.9445000000003	0.0667499999995016	TimeIntervals	Lick
1085.0445000000002	0.1999999999998181	TimeIntervals	Lick
1085.2780000000002	0.09999999999968168	TimeIntervals	Lick
1085.4445000000003	0.1999999999998181	TimeIntervals	Lick
1085.678	0.10000000000013642	TimeIntervals	Lick
1085.8115	0.09999999999990905	TimeIntervals	Lick
1085.9447499999999	0.333250000000362	TimeIntervals	Lick
1086.3115	0.09999999999990905	TimeIntervals	Lick
1086.378	0.1000000000003638	TimeIntervals	Reward
1086.4447499999999	2.70049999999992	TimeIntervals	Lick
1089.1785000000002	0.09999999999990905	TimeIntervals	Lick
1089.3120000000001	0.10000000000013642	TimeIntervals	Lick
1089.4452500000002	0.09999999999968168	TimeIntervals	Lick
1089.6119999999999	0.10000000000013642	TimeIntervals	Lick
1089.74525	0.13324999999986176	TimeIntervals	Lick
1089.9120000000003	0.09999999999968168	TimeIntervals	Lick
1090.1119999999999	0.06675000000018372	TimeIntervals	Lick
1090.2787500000004	0.06674999999927422	TimeIntervals	Lick
1090.7455	0.09999999999968168	TimeIntervals	Lick
1090.9120000000003	0.09999999999968168	TimeIntervals	Lick
1091.4455	0.10000000000013642	TimeIntervals	Lick
1091.6454999999999	0.10000000000013642	TimeIntervals	Lick
1091.879	0.06650000000013279	TimeIntervals	Lick
1093.5125	0.03350000000000364	TimeIntervals	Lick
1094.7127500000001	0.09999999999990905	TimeIntervals	Lick
1095.4795	0.06650000000013279	TimeIntervals	Lick
1096.1462500000002	0.09999999999990905	TimeIntervals	Lick
1096.2795	0.09999999999968168	TimeIntervals	Lick
1096.44625	0.1000000000003638	TimeIntervals	Lick
1096.5794999999998	0.1000000000003638	TimeIntervals	Lick
1096.7130000000002	0.09999999999990905	TimeIntervals	Lick
1096.8464999999999	0.3000000000001819	TimeIntervals	Lick
1097.1797500000002	0.09999999999990905	TimeIntervals	Lick
1097.313	0.1999999999998181	TimeIntervals	Lick
1097.5465000000002	0.06649999999990541	TimeIntervals	Lick
1097.6465	0.1999999999998181	TimeIntervals	Lick
1097.8799999999999	0.09999999999990905	TimeIntervals	Lick
1098.01325	0.06674999999995634	TimeIntervals	Lick
1098.11325	0.20000000000004547	TimeIntervals	Lick
1098.3464999999999	0.10000000000013642	TimeIntervals	Lick
1098.4465	0.10000000000013642	TimeIntervals	Reward
