onset	duration	nwb_table	event_type
8.683750000000002	0.10000000000000142	TimeIntervals	Lick
9.984000000000002	0.06649999999999778	TimeIntervals	Lick
10.150500000000001	0.06675000000000075	TimeIntervals	Lick
11.884250000000002	0.10000000000000142	TimeIntervals	Lick
12.550999999999998	0.06650000000000311	TimeIntervals	Lick
12.717500000000001	0.06675000000000253	TimeIntervals	Lick
12.851	0.09999999999999964	TimeIntervals	Lick
13.017750000000001	0.06675000000000075	TimeIntervals	Lick
13.1845	0.03325000000000067	TimeIntervals	Lick
13.284500000000001	0.09999999999999964	TimeIntervals	Lick
13.417749999999998	0.1000000000000032	TimeIntervals	Lick
13.551	0.09999999999999964	TimeIntervals	Lick
13.6845	0.10000000000000142	TimeIntervals	Lick
13.81775	0.09999999999999787	TimeIntervals	Lick
13.951	0.10024999999999906	TimeIntervals	Lick
14.117999999999999	0.06650000000000134	TimeIntervals	Lick
14.25125	0.10000000000000142	TimeIntervals	Lick
14.384500000000001	0.06674999999999898	TimeIntervals	Reward
14.384500000000001	0.06674999999999898	TimeIntervals	Lick
14.518	0.09999999999999964	TimeIntervals	Lick
14.651250000000001	0.1667500000000004	TimeIntervals	Lick
14.851250000000002	0.09999999999999787	TimeIntervals	Lick
14.984500000000004	0.20024999999999693	TimeIntervals	Lick
15.218000000000002	0.09999999999999964	TimeIntervals	Lick
15.351500000000005	0.09999999999999254	TimeIntervals	Lick
15.484750000000002	0.10000000000000142	TimeIntervals	Lick
15.617999999999999	0.10000000000000497	TimeIntervals	Lick
15.7515	0.10000000000000497	TimeIntervals	Lick
15.884750000000002	0.09999999999999787	TimeIntervals	Lick
16.017999999999997	0.10000000000000142	TimeIntervals	Lick
16.1515	0.10000000000000142	TimeIntervals	Lick
16.284999999999997	0.13325000000000387	TimeIntervals	Lick
16.4515	0.09999999999999787	TimeIntervals	Lick
16.584999999999997	0.10000000000000142	TimeIntervals	Lick
16.7515	0.10000000000000142	TimeIntervals	Lick
16.91825	0.06674999999999898	TimeIntervals	Lick
17.485000000000003	0.13349999999999795	TimeIntervals	Lick
17.784999999999997	0.10000000000000497	TimeIntervals	Lick
18.352	0.10000000000000142	TimeIntervals	Lick
19.1185	0.09999999999999432	TimeIntervals	Lick
19.3185	0.06674999999999898	TimeIntervals	Lick
19.81875	0.03324999999999889	TimeIntervals	Lick
20.0855	0.06650000000000134	TimeIntervals	Lick
20.919000000000004	0.13324999999999676	TimeIntervals	Lick
22.319000000000003	0.10000000000000142	TimeIntervals	Lick
24.419500000000003	0.09999999999999787	TimeIntervals	Lick
25.58625	0.10000000000000142	TimeIntervals	Lick
26.552999999999997	0.06675000000000608	TimeIntervals	Lick
28.5535	0.10000000000000497	TimeIntervals	Lick
28.953500000000002	0.09999999999999787	TimeIntervals	Lick
30.786999999999995	0.10000000000000497	TimeIntervals	Lick
30.953750000000003	0.06674999999999898	TimeIntervals	Lick
32.187250000000006	0.09999999999999432	TimeIntervals	Lick
32.587500000000006	0.09999999999999432	TimeIntervals	Lick
33.721000000000004	0.09999999999998721	TimeIntervals	Lick
34.021	0.06650000000000489	TimeIntervals	Lick
34.887750000000004	0.06674999999999187	TimeIntervals	Lick
35.021	0.06674999999999898	TimeIntervals	Lick
35.321000000000005	0.09999999999999432	TimeIntervals	Lick
35.5545	0.10000000000000142	TimeIntervals	Lick
35.721000000000004	0.06674999999999898	TimeIntervals	Lick
35.821000000000005	0.10024999999999551	TimeIntervals	Lick
36.02125	0.06674999999999898	TimeIntervals	Lick
36.12125	0.09999999999999432	TimeIntervals	Lick
36.2545	0.10000000000000142	TimeIntervals	Lick
36.388	0.06649999999999778	TimeIntervals	Lick
36.52125	0.06674999999999898	TimeIntervals	Lick
36.6545	0.06674999999999898	TimeIntervals	Lick
36.788000000000004	0.06649999999999068	TimeIntervals	Lick
36.888	0.10000000000000142	TimeIntervals	Lick
37.021499999999996	0.10000000000000142	TimeIntervals	Lick
37.188	0.06674999999999898	TimeIntervals	Lick
37.288000000000004	0.09999999999999432	TimeIntervals	Lick
37.4215	0.09999999999999432	TimeIntervals	Reward
37.4215	0.09999999999999432	TimeIntervals	Lick
37.55475	0.3999999999999986	TimeIntervals	Lick
38.021499999999996	0.06650000000000489	TimeIntervals	Lick
38.1215	0.10000000000000853	TimeIntervals	Lick
38.255	0.09999999999999432	TimeIntervals	Lick
38.38825	0.06674999999999898	TimeIntervals	Lick
38.488249999999994	0.10000000000000853	TimeIntervals	Lick
38.6215	0.10000000000000853	TimeIntervals	Lick
38.755	0.09999999999999432	TimeIntervals	Lick
38.9215	0.09999999999999432	TimeIntervals	Lick
39.055	0.10000000000000142	TimeIntervals	Lick
39.1885	0.10000000000000142	TimeIntervals	Lick
39.32175	0.19999999999999574	TimeIntervals	Lick
39.555	0.10000000000000142	TimeIntervals	Lick
39.6885	0.10000000000000853	TimeIntervals	Lick
39.82175000000001	0.09999999999999432	TimeIntervals	Lick
39.9885	0.06649999999999778	TimeIntervals	Lick
40.0885	0.09999999999999432	TimeIntervals	Lick
40.255	0.06700000000000728	TimeIntervals	Lick
40.35525	0.10000000000000142	TimeIntervals	Lick
40.4885	0.10000000000000142	TimeIntervals	Lick
40.622	0.10000000000000142	TimeIntervals	Lick
40.75525	0.10000000000000142	TimeIntervals	Lick
40.922	0.10000000000000853	TimeIntervals	Lick
41.05525	0.10000000000000142	TimeIntervals	Lick
41.1885	0.10000000000000853	TimeIntervals	Lick
41.32200000000001	0.09999999999998721	TimeIntervals	Lick
41.455499999999994	0.10000000000000853	TimeIntervals	Lick
41.622	0.06674999999999898	TimeIntervals	Lick
41.75549999999999	0.0665000000000191	TimeIntervals	Lick
41.855500000000006	0.13324999999998965	TimeIntervals	Lick
42.022000000000006	0.09999999999999432	TimeIntervals	Lick
42.222	0.23349999999999227	TimeIntervals	Lick
42.52225	0.10000000000000853	TimeIntervals	Lick
43.12225000000001	0.13324999999998255	TimeIntervals	Lick
43.42224999999999	0.13325000000001097	TimeIntervals	Lick
44.25575	0.06674999999999898	TimeIntervals	Lick
44.4225	0.06649999999999778	TimeIntervals	Lick
44.8225	0.06675000000000608	TimeIntervals	Lick
44.98924999999999	0.10000000000000853	TimeIntervals	Lick
45.222500000000004	0.19999999999999574	TimeIntervals	Lick
45.5225	0.06674999999999898	TimeIntervals	Lick
46.18950000000001	0.09999999999999432	TimeIntervals	Lick
46.3895	0.06649999999999778	TimeIntervals	Lick
46.556000000000004	0.06674999999999187	TimeIntervals	Lick
47.022999999999996	0.06650000000000489	TimeIntervals	Lick
47.5895	0.06674999999999898	TimeIntervals	Lick
47.75625000000001	0.06674999999999187	TimeIntervals	Lick
47.8895	0.06700000000000017	TimeIntervals	Lick
48.0565	0.06649999999999778	TimeIntervals	Lick
48.189750000000004	0.06675000000000608	TimeIntervals	Lick
48.323	0.06674999999999898	TimeIntervals	Lick
48.423	0.09999999999999432	TimeIntervals	Lick
48.5565	0.09999999999999432	TimeIntervals	Lick
48.689750000000004	0.06675000000000608	TimeIntervals	Lick
48.78975000000001	0.09999999999998721	TimeIntervals	Lick
48.923	0.06674999999999187	TimeIntervals	Lick
49.0565	0.06675000000000608	TimeIntervals	Lick
49.156499999999994	0.10000000000001563	TimeIntervals	Lick
49.290000000000006	0.09999999999999432	TimeIntervals	Lick
49.42325	0.06674999999999898	TimeIntervals	Lick
49.52325	0.10000000000000853	TimeIntervals	Lick
49.52325	0.033250000000002444	TimeIntervals	Reward
49.656499999999994	0.10000000000001563	TimeIntervals	Lick
49.790000000000006	0.06650000000000489	TimeIntervals	Lick
49.89	0.10000000000000142	TimeIntervals	Lick
50.02325	0.06675000000000608	TimeIntervals	Lick
50.123250000000006	0.10024999999999551	TimeIntervals	Lick
50.256750000000004	0.19999999999998863	TimeIntervals	Lick
50.5235	0.06650000000000489	TimeIntervals	Lick
50.62350000000001	0.20000000000000284	TimeIntervals	Lick
50.85675000000001	0.0999999999999801	TimeIntervals	Lick
50.99	0.10000000000000142	TimeIntervals	Lick
51.12350000000001	0.09999999999998721	TimeIntervals	Lick
51.257	0.10000000000000853	TimeIntervals	Lick
51.39025	0.09999999999999432	TimeIntervals	Lick
51.55700000000001	0.06649999999999778	TimeIntervals	Lick
51.65700000000001	0.09999999999998721	TimeIntervals	Lick
51.79025	0.10000000000000142	TimeIntervals	Lick
51.9235	0.10000000000000142	TimeIntervals	Lick
52.05700000000001	0.13324999999998255	TimeIntervals	Lick
52.223499999999994	0.10000000000001563	TimeIntervals	Lick
52.357000000000006	0.09999999999998721	TimeIntervals	Lick
52.49049999999999	0.10000000000001563	TimeIntervals	Lick
52.62375	0.09999999999999432	TimeIntervals	Lick
52.790499999999994	0.066500000000012	TimeIntervals	Lick
52.8905	0.3332499999999925	TimeIntervals	Lick
53.257	0.2669999999999959	TimeIntervals	Lick
53.55725	0.1667499999999933	TimeIntervals	Lick
53.75725	1.0335000000000036	TimeIntervals	Lick
54.824000000000005	0.2667499999999947	TimeIntervals	Lick
55.157500000000006	0.10000000000000142	TimeIntervals	Lick
55.324000000000005	0.19999999999998863	TimeIntervals	Lick
55.5575	0.2667500000000089	TimeIntervals	Lick
55.89100000000001	0.23324999999999108	TimeIntervals	Lick
56.191	0.20000000000000995	TimeIntervals	Lick
56.491	0.06649999999999778	TimeIntervals	Lick
56.62425	0.06674999999999898	TimeIntervals	Lick
56.75775000000001	0.19999999999998863	TimeIntervals	Lick
56.991	0.23350000000000648	TimeIntervals	Lick
57.25775000000001	0.3667499999999819	TimeIntervals	Lick
57.89125000000001	0.1667499999999862	TimeIntervals	Lick
58.091249999999995	0.10000000000000142	TimeIntervals	Lick
58.224500000000006	0.23349999999999937	TimeIntervals	Lick
58.658	0.30000000000000426	TimeIntervals	Lick
59.02475	0.06674999999999898	TimeIntervals	Lick
59.22475	0.10000000000000853	TimeIntervals	Lick
59.52475	0.1667499999999933	TimeIntervals	Lick
59.72475	0.10000000000000853	TimeIntervals	Lick
59.991499999999995	0.06675000000000608	TimeIntervals	Lick
60.091499999999996	0.09999999999999432	TimeIntervals	Lick
60.258250000000004	0.06675000000001319	TimeIntervals	Lick
60.45825	0.1667500000000004	TimeIntervals	Lick
60.65825000000001	0.06674999999999187	TimeIntervals	Lick
60.95825	0.10000000000000142	TimeIntervals	Lick
61.125	0.10000000000000853	TimeIntervals	Lick
61.491749999999996	0.20000000000000284	TimeIntervals	Lick
61.75849999999999	0.10000000000001563	TimeIntervals	Lick
62.25849999999999	0.10000000000001563	TimeIntervals	Lick
62.42525	0.36675000000000324	TimeIntervals	Lick
62.892	0.06649999999999778	TimeIntervals	Lick
63.02524999999999	0.06675000000000608	TimeIntervals	Lick
63.15850000000001	0.0999999999999801	TimeIntervals	Lick
63.35874999999999	0.06675000000000608	TimeIntervals	Lick
64.0255	0.09999999999999432	TimeIntervals	Lick
64.9255	0.1667499999999933	TimeIntervals	Lick
65.159	0.10000000000000853	TimeIntervals	Lick
65.75900000000001	0.0999999999999801	TimeIntervals	Lick
66.05900000000001	0.13349999999998374	TimeIntervals	Lick
66.22575	0.09999999999999432	TimeIntervals	Lick
66.85924999999999	0.20000000000003126	TimeIntervals	Lick
67.55925000000002	0.06674999999997056	TimeIntervals	Lick
68.026	0.06675000000001319	TimeIntervals	Lick
68.893	0.0665000000000191	TimeIntervals	Lick
69.69300000000001	0.06649999999999068	TimeIntervals	Lick
69.793	0.06649999999999068	TimeIntervals	Lick
70.4265	0.09999999999999432	TimeIntervals	Lick
70.593	0.06675000000001319	TimeIntervals	Lick
71.49325	0.06674999999999898	TimeIntervals	Lick
71.62650000000001	0.13349999999999795	TimeIntervals	Lick
72.46000000000001	0.06674999999998477	TimeIntervals	Lick
73.56025	0.10000000000002274	TimeIntervals	Lick
73.69350000000001	0.06674999999998477	TimeIntervals	Lick
73.827	0.06650000000000489	TimeIntervals	Lick
73.927	0.0999999999999801	TimeIntervals	Lick
74.06025	0.06674999999999898	TimeIntervals	Lick
74.19350000000001	0.10025000000000261	TimeIntervals	Lick
74.327	0.06674999999999898	TimeIntervals	Lick
74.46050000000001	0.06649999999997647	TimeIntervals	Lick
74.5605	0.10000000000000853	TimeIntervals	Lick
74.69375000000002	0.06674999999997056	TimeIntervals	Lick
74.827	0.06674999999999898	TimeIntervals	Lick
74.96050000000001	0.06649999999997647	TimeIntervals	Lick
75.09375	0.06675000000001319	TimeIntervals	Lick
75.22700000000002	0.06674999999999898	TimeIntervals	Lick
75.3605	0.06674999999999898	TimeIntervals	Lick
75.46050000000001	0.09999999999999432	TimeIntervals	Lick
75.5605	0.10000000000000853	TimeIntervals	Reward
75.594	0.4332499999999868	TimeIntervals	Lick
76.0605	0.06674999999999898	TimeIntervals	Lick
76.16050000000001	0.0999999999999801	TimeIntervals	Lick
76.29400000000001	0.09999999999999432	TimeIntervals	Lick
76.42725	0.1002499999999884	TimeIntervals	Lick
76.56075	0.10000000000000853	TimeIntervals	Lick
76.69400000000002	0.09999999999999432	TimeIntervals	Lick
76.82749999999999	0.0665000000000191	TimeIntervals	Lick
76.96075	0.09999999999999432	TimeIntervals	Lick
77.094	0.06675000000001319	TimeIntervals	Lick
77.19400000000002	0.09999999999999432	TimeIntervals	Lick
77.32749999999999	0.10000000000000853	TimeIntervals	Lick
77.46075	0.20024999999999693	TimeIntervals	Lick
77.69425000000001	0.09999999999999432	TimeIntervals	Lick
77.82749999999999	0.10000000000000853	TimeIntervals	Lick
77.96100000000001	0.0999999999999801	TimeIntervals	Lick
78.12750000000001	0.06674999999999898	TimeIntervals	Lick
78.2275	0.0999999999999801	TimeIntervals	Lick
78.361	0.333500000000015	TimeIntervals	Lick
78.72775	0.2332500000000124	TimeIntervals	Lick
78.99449999999999	0.10000000000000853	TimeIntervals	Lick
79.12775	0.09999999999999432	TimeIntervals	Lick
79.261	0.10000000000000853	TimeIntervals	Lick
79.3945	0.09999999999999432	TimeIntervals	Lick
79.52775	0.10000000000000853	TimeIntervals	Lick
79.69450000000002	0.06649999999997647	TimeIntervals	Lick
79.828	0.06649999999999068	TimeIntervals	Lick
79.96125	0.06674999999999898	TimeIntervals	Lick
80.0945	0.10000000000002274	TimeIntervals	Lick
80.26125	0.10000000000000853	TimeIntervals	Lick
80.3945	0.06675000000001319	TimeIntervals	Lick
80.49449999999999	0.20000000000003126	TimeIntervals	Lick
80.76125	0.13349999999999795	TimeIntervals	Lick
81.428	0.1667500000000075	TimeIntervals	Lick
81.76150000000001	0.0999999999999801	TimeIntervals	Lick
82.395	0.06650000000000489	TimeIntervals	Lick
82.495	0.09999999999999432	TimeIntervals	Lick
82.695	0.0665000000000191	TimeIntervals	Lick
82.86149999999999	0.06675000000001319	TimeIntervals	Lick
82.995	0.1667500000000075	TimeIntervals	Lick
83.22850000000001	0.09999999999999432	TimeIntervals	Lick
84.19524999999999	0.10000000000000853	TimeIntervals	Lick
85.16200000000002	0.06649999999999068	TimeIntervals	Lick
85.62875000000003	0.0999999999999659	TimeIntervals	Lick
85.92875000000001	0.09999999999999432	TimeIntervals	Lick
86.329	0.16650000000001342	TimeIntervals	Lick
88.66250000000001	0.09999999999999432	TimeIntervals	Lick
89.52925	0.10025000000000261	TimeIntervals	Lick
89.69600000000003	0.0999999999999659	TimeIntervals	Lick
91.96300000000001	0.06674999999998477	TimeIntervals	Lick
92.4965	0.10000000000000853	TimeIntervals	Lick
92.89649999999999	0.13350000000001216	TimeIntervals	Lick
95.56350000000002	0.10000000000000853	TimeIntervals	Lick
97.79725	0.06674999999999898	TimeIntervals	Lick
97.93050000000001	0.06674999999999898	TimeIntervals	Lick
98.0305	0.10000000000000853	TimeIntervals	Lick
98.16400000000002	0.06649999999999068	TimeIntervals	Lick
98.264	0.06649999999999068	TimeIntervals	Lick
98.364	0.10000000000000853	TimeIntervals	Lick
98.4975	0.0665000000000191	TimeIntervals	Lick
98.59750000000001	0.09999999999999432	TimeIntervals	Lick
98.73074999999999	0.06675000000001319	TimeIntervals	Lick
98.83075	0.10000000000000853	TimeIntervals	Lick
98.96400000000001	0.06674999999999898	TimeIntervals	Lick
99.06400000000002	0.09999999999999432	TimeIntervals	Lick
99.1975	0.09999999999999432	TimeIntervals	Lick
99.33075	0.06675000000001319	TimeIntervals	Lick
99.43075	0.10025000000000261	TimeIntervals	Lick
99.56425000000002	0.10000000000000853	TimeIntervals	Lick
99.63100000000001	0.06649999999999068	TimeIntervals	Reward
99.6975	0.09999999999999432	TimeIntervals	Lick
99.83099999999999	0.20000000000001705	TimeIntervals	Lick
100.06425000000002	0.19999999999998863	TimeIntervals	Lick
100.2975	0.06674999999999898	TimeIntervals	Lick
100.39750000000001	0.09999999999999432	TimeIntervals	Lick
100.531	0.06650000000000489	TimeIntervals	Lick
100.63100000000001	0.0999999999999801	TimeIntervals	Lick
100.7645	0.20000000000000284	TimeIntervals	Lick
100.99775000000001	0.10000000000000853	TimeIntervals	Lick
101.13100000000001	0.0999999999999801	TimeIntervals	Lick
101.2645	0.3332500000000209	TimeIntervals	Lick
101.63100000000001	0.1002499999999884	TimeIntervals	Lick
101.7645	0.10000000000000853	TimeIntervals	Lick
101.89800000000001	0.26650000000000773	TimeIntervals	Lick
102.19800000000002	0.0999999999999659	TimeIntervals	Lick
102.33125	0.10000000000000853	TimeIntervals	Lick
102.4645	0.09999999999999432	TimeIntervals	Lick
102.63125000000002	0.20024999999998272	TimeIntervals	Lick
102.99800000000002	0.13349999999998374	TimeIntervals	Lick
103.86475	0.10025000000000261	TimeIntervals	Lick
104.16500000000002	0.13324999999997544	TimeIntervals	Lick
104.365	0.0665000000000191	TimeIntervals	Lick
104.93150000000001	0.13349999999999795	TimeIntervals	Lick
105.49849999999999	0.10000000000000853	TimeIntervals	Lick
106.16525000000001	0.06674999999999898	TimeIntervals	Lick
106.5985	0.20000000000000284	TimeIntervals	Lick
107.69875000000002	0.09999999999999432	TimeIntervals	Lick
107.89875	0.06675000000001319	TimeIntervals	Lick
108.66550000000001	0.13349999999998374	TimeIntervals	Lick
109.599	0.10000000000002274	TimeIntervals	Lick
109.93250000000002	0.0999999999999801	TimeIntervals	Lick
110.73249999999999	0.06675000000001319	TimeIntervals	Lick
111.79950000000001	0.09999999999999432	TimeIntervals	Lick
112.13275	0.09999999999999432	TimeIntervals	Lick
112.3995	0.06650000000000489	TimeIntervals	Lick
115.06650000000002	0.09999999999999432	TimeIntervals	Lick
115.9335	0.13325000000001808	TimeIntervals	Lick
118.16700000000002	0.06674999999998477	TimeIntervals	Lick
120.234	0.06650000000000489	TimeIntervals	Lick
123.1345	0.10000000000002274	TimeIntervals	Lick
127.23499999999999	0.06674999999999898	TimeIntervals	Lick
127.36850000000001	0.06649999999999068	TimeIntervals	Lick
127.635	0.06674999999999898	TimeIntervals	Lick
127.76850000000002	0.06649999999997647	TimeIntervals	Lick
127.86850000000001	0.10000000000000853	TimeIntervals	Lick
128.002	0.0999999999999659	TimeIntervals	Lick
128.13524999999998	0.06675000000001319	TimeIntervals	Lick
128.26850000000002	0.06675000000001319	TimeIntervals	Lick
128.36850000000004	0.0999999999999659	TimeIntervals	Lick
128.502	0.0665000000000191	TimeIntervals	Lick
128.60199999999998	0.10000000000002274	TimeIntervals	Lick
128.73525	0.10000000000002274	TimeIntervals	Lick
128.86850000000004	0.06674999999995634	TimeIntervals	Lick
128.9685	0.10000000000002274	TimeIntervals	Lick
129.10199999999998	0.10000000000002274	TimeIntervals	Lick
129.2355	0.20000000000001705	TimeIntervals	Lick
129.502	0.06674999999998477	TimeIntervals	Lick
129.60199999999998	0.10000000000002274	TimeIntervals	Lick
129.66875	0.10000000000002274	TimeIntervals	Reward
129.7355	0.5335000000000036	TimeIntervals	Lick
130.30225000000002	0.09999999999999432	TimeIntervals	Lick
130.43550000000002	0.19999999999998863	TimeIntervals	Lick
130.66899999999998	0.10000000000002274	TimeIntervals	Lick
130.80225000000002	0.09999999999999432	TimeIntervals	Lick
130.93550000000002	0.09999999999999432	TimeIntervals	Lick
131.06900000000002	0.0999999999999659	TimeIntervals	Lick
131.20225	0.10025000000001683	TimeIntervals	Lick
131.33575000000002	0.09999999999999432	TimeIntervals	Lick
131.46900000000002	0.09999999999999432	TimeIntervals	Lick
131.6025	0.10000000000002274	TimeIntervals	Lick
131.73575	0.10000000000002274	TimeIntervals	Lick
131.86900000000003	0.09999999999999432	TimeIntervals	Lick
132.0025	0.09999999999999432	TimeIntervals	Lick
132.13574999999997	0.10000000000002274	TimeIntervals	Lick
132.269	0.10000000000002274	TimeIntervals	Lick
132.4025	0.09999999999999432	TimeIntervals	Lick
132.536	0.09999999999999432	TimeIntervals	Lick
132.70250000000001	0.09999999999999432	TimeIntervals	Lick
132.83600000000004	0.0999999999999659	TimeIntervals	Lick
132.96925	0.3332500000000209	TimeIntervals	Lick
133.33600000000004	0.0999999999999659	TimeIntervals	Lick
133.46925	0.10025000000001683	TimeIntervals	Lick
133.60275000000001	0.0999999999999659	TimeIntervals	Lick
133.736	0.10000000000005116	TimeIntervals	Lick
133.86950000000002	0.09999999999999432	TimeIntervals	Lick
134.00275000000002	0.09999999999999432	TimeIntervals	Lick
134.136	0.09999999999999432	TimeIntervals	Lick
134.26950000000002	0.09999999999999432	TimeIntervals	Lick
134.40275	0.10000000000002274	TimeIntervals	Lick
134.5695	0.09999999999999432	TimeIntervals	Lick
134.703	0.09999999999999432	TimeIntervals	Lick
134.83625	0.10000000000002274	TimeIntervals	Lick
135.00300000000001	0.10000000000002274	TimeIntervals	Lick
135.303	0.4000000000000057	TimeIntervals	Lick
135.73649999999998	0.10000000000005116	TimeIntervals	Lick
135.903	0.13349999999999795	TimeIntervals	Lick
136.56975000000003	0.16674999999997908	TimeIntervals	Lick
137.17	0.1332500000000323	TimeIntervals	Lick
137.4365	0.03350000000003206	TimeIntervals	Lick
137.60325	0.06674999999998477	TimeIntervals	Lick
137.83650000000003	0.33349999999995816	TimeIntervals	Lick
138.53675	0.09999999999999432	TimeIntervals	Lick
138.73675000000003	0.06674999999998477	TimeIntervals	Reward
138.77000000000004	0.06674999999995634	TimeIntervals	Lick
138.90350000000004	0.1999999999999602	TimeIntervals	Lick
139.137	0.06649999999999068	TimeIntervals	Lick
139.23700000000002	0.06649999999999068	TimeIntervals	Lick
139.33700000000002	0.09999999999999432	TimeIntervals	Lick
139.47025000000002	0.09999999999999432	TimeIntervals	Lick
139.6035	0.06674999999998477	TimeIntervals	Lick
139.7035	0.10000000000002274	TimeIntervals	Lick
139.83700000000002	0.19999999999998863	TimeIntervals	Lick
140.0705	0.09999999999999432	TimeIntervals	Lick
140.20375	0.06675000000001319	TimeIntervals	Lick
140.30375	0.09999999999999432	TimeIntervals	Lick
140.437	0.09999999999999432	TimeIntervals	Lick
140.5705	0.20000000000001705	TimeIntervals	Lick
140.80375	0.09999999999999432	TimeIntervals	Lick
140.937	0.09999999999999432	TimeIntervals	Lick
141.0705	0.09999999999999432	TimeIntervals	Lick
141.20400000000004	0.0999999999999659	TimeIntervals	Lick
141.33725	0.3332499999999925	TimeIntervals	Lick
141.70400000000004	0.0999999999999659	TimeIntervals	Lick
141.83725	0.09999999999999432	TimeIntervals	Lick
142.004	0.09999999999999432	TimeIntervals	Lick
142.13725	0.10000000000002274	TimeIntervals	Lick
142.27050000000003	0.1002499999999884	TimeIntervals	Lick
142.40400000000002	0.0999999999999659	TimeIntervals	Lick
142.57075	0.06674999999998477	TimeIntervals	Lick
142.67075	0.10000000000002274	TimeIntervals	Lick
142.804	0.2667500000000018	TimeIntervals	Lick
143.1375	0.10000000000005116	TimeIntervals	Lick
143.304	0.10025000000001683	TimeIntervals	Lick
143.60424999999998	0.03325000000000955	TimeIntervals	Lick
143.70425	0.06675000000004161	TimeIntervals	Lick
143.9375	0.36674999999999613	TimeIntervals	Lick
144.37100000000004	0.0999999999999659	TimeIntervals	Lick
144.60449999999997	0.10000000000005116	TimeIntervals	Lick
144.87100000000004	0.06674999999995634	TimeIntervals	Lick
145.57100000000003	0.06699999999995043	TimeIntervals	Lick
145.67125000000001	0.09999999999999432	TimeIntervals	Lick
145.83800000000002	0.06649999999999068	TimeIntervals	Lick
145.938	0.10000000000002274	TimeIntervals	Lick
146.07125	0.10000000000002274	TimeIntervals	Lick
146.20450000000002	0.06674999999998477	TimeIntervals	Lick
146.3045	0.10000000000002274	TimeIntervals	Lick
146.43800000000002	0.09999999999999432	TimeIntervals	Lick
146.60449999999997	0.0670000000000357	TimeIntervals	Lick
146.70475000000002	0.09999999999999432	TimeIntervals	Lick
146.83800000000002	0.09999999999999432	TimeIntervals	Lick
146.9715	0.10000000000002274	TimeIntervals	Lick
147.10474999999997	0.10000000000005116	TimeIntervals	Lick
147.23800000000003	0.09999999999999432	TimeIntervals	Lick
147.40475000000004	0.06674999999995634	TimeIntervals	Lick
147.50475	0.0999999999999659	TimeIntervals	Lick
147.6715	0.09999999999999432	TimeIntervals	Lick
147.7715	0.10000000000002274	TimeIntervals	Reward
147.805	0.4000000000000057	TimeIntervals	Lick
148.23825	0.10000000000002274	TimeIntervals	Lick
148.37150000000003	0.19999999999998863	TimeIntervals	Lick
148.605	0.10000000000002274	TimeIntervals	Lick
148.7715	0.0670000000000357	TimeIntervals	Lick
148.87175	0.10000000000002274	TimeIntervals	Lick
149.0385	0.06649999999999068	TimeIntervals	Lick
149.13850000000002	0.09999999999999432	TimeIntervals	Lick
149.305	0.3667499999999677	TimeIntervals	Lick
149.705	0.06674999999998477	TimeIntervals	Lick
149.805	0.13349999999996953	TimeIntervals	Lick
149.972	0.06649999999999068	TimeIntervals	Lick
150.072	0.09999999999999432	TimeIntervals	Lick
150.23850000000002	0.10000000000002274	TimeIntervals	Lick
150.372	0.09999999999999432	TimeIntervals	Lick
150.5385	0.10000000000002274	TimeIntervals	Lick
150.672	0.10000000000002274	TimeIntervals	Lick
150.80525000000003	0.09999999999999432	TimeIntervals	Lick
150.93849999999998	0.10000000000002274	TimeIntervals	Lick
151.10549999999998	0.10000000000005116	TimeIntervals	Lick
151.23874999999998	0.10000000000005116	TimeIntervals	Lick
151.372	0.09999999999999432	TimeIntervals	Lick
151.53875	0.10000000000002274	TimeIntervals	Lick
151.672	0.10000000000002274	TimeIntervals	Lick
151.80550000000005	0.09999999999993747	TimeIntervals	Lick
151.93875	0.09999999999999432	TimeIntervals	Lick
152.10549999999998	0.2335000000000207	TimeIntervals	Lick
152.47225	0.06674999999998477	TimeIntervals	Lick
152.60549999999998	0.4335000000000093	TimeIntervals	Lick
153.139	0.0665000000000191	TimeIntervals	Lick
153.3725	0.13325000000000387	TimeIntervals	Lick
153.939	0.09999999999999432	TimeIntervals	Lick
154.0725	0.0665000000000191	TimeIntervals	Lick
154.239	0.30024999999997704	TimeIntervals	Lick
154.77250000000004	0.0999999999999659	TimeIntervals	Lick
155.106	0.06649999999999068	TimeIntervals	Lick
155.306	0.06649999999999068	TimeIntervals	Lick
155.87275	0.10000000000002274	TimeIntervals	Lick
156.17275	0.13325000000000387	TimeIntervals	Lick
156.37275	0.10000000000002274	TimeIntervals	Lick
157.00625	0.09999999999999432	TimeIntervals	Lick
157.93975	0.09999999999999432	TimeIntervals	Lick
158.5065	0.10000000000002274	TimeIntervals	Lick
159.34	0.06650000000004752	TimeIntervals	Lick
159.80650000000003	0.033499999999975216	TimeIntervals	Lick
159.90675000000002	0.09999999999999432	TimeIntervals	Lick
160.04	0.10000000000002274	TimeIntervals	Lick
160.1735	0.0665000000000191	TimeIntervals	Lick
160.27350000000004	0.0999999999999659	TimeIntervals	Lick
160.40675000000002	0.06675000000001319	TimeIntervals	Lick
160.50675	0.09999999999999432	TimeIntervals	Lick
160.64000000000001	0.09999999999999432	TimeIntervals	Lick
160.77350000000004	0.06649999999996226	TimeIntervals	Lick
160.8735	0.10000000000005116	TimeIntervals	Lick
161.007	0.0665000000000191	TimeIntervals	Lick
161.107	0.10000000000002274	TimeIntervals	Lick
161.24025	0.10000000000002274	TimeIntervals	Lick
161.3735	0.10000000000005116	TimeIntervals	Lick
161.507	0.09999999999999432	TimeIntervals	Lick
161.6735	0.06675000000001319	TimeIntervals	Lick
161.77350000000004	0.0999999999999659	TimeIntervals	Lick
161.84025000000003	0.03324999999998113	TimeIntervals	Reward
161.907	0.09999999999999432	TimeIntervals	Lick
162.04050000000004	0.09999999999993747	TimeIntervals	Lick
162.17375	0.10000000000002274	TimeIntervals	Lick
162.30700000000002	0.09999999999999432	TimeIntervals	Lick
162.4405	0.19999999999998863	TimeIntervals	Lick
162.67375	0.10000000000002274	TimeIntervals	Lick
162.80700000000002	0.09999999999999432	TimeIntervals	Lick
162.9405	0.0665000000000191	TimeIntervals	Lick
163.04050000000004	0.09999999999993747	TimeIntervals	Lick
163.174	0.10000000000002274	TimeIntervals	Lick
163.30725	0.09999999999999432	TimeIntervals	Lick
163.4405	0.19999999999998863	TimeIntervals	Lick
163.674	0.10000000000002274	TimeIntervals	Lick
163.8405	0.2335000000000491	TimeIntervals	Lick
164.10725	0.20025000000001114	TimeIntervals	Lick
164.34075	0.09999999999999432	TimeIntervals	Lick
164.50750000000002	0.0665000000000191	TimeIntervals	Lick
164.64075	0.10000000000002274	TimeIntervals	Lick
164.77400000000003	0.09999999999999432	TimeIntervals	Lick
164.9075	0.26650000000000773	TimeIntervals	Lick
165.24075000000002	0.06674999999998477	TimeIntervals	Lick
165.34100000000004	0.06649999999996226	TimeIntervals	Lick
165.54100000000003	0.06649999999996226	TimeIntervals	Lick
166.17425	0.4002499999999998	TimeIntervals	Lick
166.64099999999996	0.06675000000004161	TimeIntervals	Lick
167.77450000000002	0.09999999999999432	TimeIntervals	Lick
168.24125	0.4334999999999809	TimeIntervals	Lick
169.008	0.06675000000001319	TimeIntervals	Lick
169.87500000000003	0.06649999999996226	TimeIntervals	Lick
171.00850000000003	0.06649999999999068	TimeIntervals	Lick
171.10849999999996	0.06650000000004752	TimeIntervals	Lick
171.24175000000002	0.06674999999998477	TimeIntervals	Lick
171.37500000000003	0.06674999999998477	TimeIntervals	Lick
171.47500000000002	0.06674999999995634	TimeIntervals	Lick
171.57500000000002	0.09999999999999432	TimeIntervals	Lick
171.70850000000002	0.0665000000000191	TimeIntervals	Lick
171.8085	0.09999999999999432	TimeIntervals	Lick
171.942	0.0665000000000191	TimeIntervals	Lick
172.07525000000004	0.06674999999995634	TimeIntervals	Lick
172.17525	0.10000000000002274	TimeIntervals	Lick
172.3085	0.06674999999998477	TimeIntervals	Lick
172.4085	0.10000000000002274	TimeIntervals	Lick
172.54199999999997	0.10000000000002274	TimeIntervals	Lick
172.67525	0.10000000000002274	TimeIntervals	Lick
172.8085	0.09999999999999432	TimeIntervals	Lick
172.87525	0.10025000000004525	TimeIntervals	Reward
172.942	0.4000000000000057	TimeIntervals	Lick
173.3755	0.0665000000000191	TimeIntervals	Lick
173.47550000000004	0.09999999999993747	TimeIntervals	Lick
173.60874999999996	0.10000000000007958	TimeIntervals	Lick
173.74200000000002	0.09999999999999432	TimeIntervals	Lick
173.8755	0.10000000000005116	TimeIntervals	Lick
174.00875	0.06674999999998477	TimeIntervals	Lick
174.109	0.1332500000000323	TimeIntervals	Lick
174.27550000000005	0.09999999999993747	TimeIntervals	Lick
174.40899999999996	0.10000000000005116	TimeIntervals	Lick
174.54225	0.20000000000004547	TimeIntervals	Lick
174.77550000000005	0.09999999999993747	TimeIntervals	Lick
174.90899999999996	0.10000000000005116	TimeIntervals	Lick
175.04225	0.333500000000015	TimeIntervals	Lick
175.40899999999996	0.10000000000005116	TimeIntervals	Lick
175.5425	0.10000000000002274	TimeIntervals	Lick
175.67575	0.10000000000005116	TimeIntervals	Lick
175.80900000000003	0.09999999999993747	TimeIntervals	Lick
175.94250000000002	0.0999999999999659	TimeIntervals	Lick
176.109	0.333500000000015	TimeIntervals	Lick
176.476	0.10000000000002274	TimeIntervals	Lick
176.60925	0.10000000000005116	TimeIntervals	Lick
176.74250000000004	0.09999999999999432	TimeIntervals	Lick
176.876	0.09999999999999432	TimeIntervals	Lick
177.0425	0.06675000000001319	TimeIntervals	Lick
177.17600000000002	0.0665000000000191	TimeIntervals	Lick
177.30925000000002	0.06674999999998477	TimeIntervals	Lick
177.4095	0.09999999999999432	TimeIntervals	Lick
177.54275	0.4332499999999868	TimeIntervals	Lick
178.04275	0.06675000000001319	TimeIntervals	Lick
178.14275	0.23324999999999818	TimeIntervals	Lick
178.70950000000002	0.13350000000002638	TimeIntervals	Lick
178.97625	0.10000000000002274	TimeIntervals	Lick
179.14300000000003	0.10000000000002274	TimeIntervals	Lick
179.34300000000005	0.0999999999999659	TimeIntervals	Lick
179.47625	0.10025000000001683	TimeIntervals	Lick
179.64300000000003	0.10000000000002274	TimeIntervals	Lick
179.77650000000006	0.09999999999993747	TimeIntervals	Lick
179.9765	0.10000000000002274	TimeIntervals	Lick
180.14300000000003	0.06675000000001319	TimeIntervals	Lick
180.34300000000005	0.06674999999995634	TimeIntervals	Lick
180.5765	0.20000000000004547	TimeIntervals	Lick
181.14325	0.10000000000002274	TimeIntervals	Lick
181.31	0.09999999999999432	TimeIntervals	Lick
181.44325	0.19999999999998863	TimeIntervals	Lick
182.1435	0.10000000000005116	TimeIntervals	Lick
182.3435	0.09999999999999432	TimeIntervals	Lick
182.5435	0.0665000000000191	TimeIntervals	Lick
184.14374999999998	0.10000000000005116	TimeIntervals	Lick
185.27725000000004	0.0999999999999659	TimeIntervals	Lick
186.87750000000003	0.0999999999999659	TimeIntervals	Lick
187.27750000000003	0.09999999999999432	TimeIntervals	Lick
189.71125	0.09999999999999432	TimeIntervals	Lick
189.87800000000001	0.13325000000000387	TimeIntervals	Lick
190.0445	0.10000000000002274	TimeIntervals	Lick
192.57825	0.10000000000002274	TimeIntervals	Lick
192.71150000000003	0.06700000000000728	TimeIntervals	Lick
193.61175000000003	0.06674999999998477	TimeIntervals	Lick
193.745	0.10025000000001683	TimeIntervals	Lick
193.8785	0.06675000000001319	TimeIntervals	Lick
194.84525000000002	0.06674999999998477	TimeIntervals	Lick
194.9455	0.09999999999999432	TimeIntervals	Lick
195.07874999999999	0.06675000000004161	TimeIntervals	Lick
195.17875	0.09999999999999432	TimeIntervals	Lick
195.312	0.09999999999999432	TimeIntervals	Lick
195.4455	0.06649999999999068	TimeIntervals	Lick
195.5455	0.10000000000002274	TimeIntervals	Lick
195.67875	0.09999999999999432	TimeIntervals	Lick
195.812	0.06675000000001319	TimeIntervals	Lick
195.912	0.09999999999999432	TimeIntervals	Lick
196.0455	0.10000000000002274	TimeIntervals	Lick
196.17900000000003	0.06649999999999068	TimeIntervals	Lick
196.31225000000003	0.06674999999998477	TimeIntervals	Lick
196.41225	0.09999999999999432	TimeIntervals	Lick
196.5455	0.10000000000002274	TimeIntervals	Lick
196.67900000000003	0.06649999999999068	TimeIntervals	Lick
196.81225000000003	0.06674999999998477	TimeIntervals	Lick
196.91225	0.09999999999999432	TimeIntervals	Lick
196.979	0.06649999999999068	TimeIntervals	Reward
197.0455	0.4002499999999998	TimeIntervals	Lick
197.479	0.06675000000001319	TimeIntervals	Lick
197.57900000000004	0.09999999999999432	TimeIntervals	Lick
197.71249999999998	0.10000000000005116	TimeIntervals	Lick
197.84575	0.09999999999999432	TimeIntervals	Lick
197.979	0.10000000000002274	TimeIntervals	Lick
198.11249999999998	0.09999999999999432	TimeIntervals	Lick
198.24600000000007	0.09999999999993747	TimeIntervals	Lick
198.41250000000002	0.06674999999995634	TimeIntervals	Lick
198.5125	0.19999999999998863	TimeIntervals	Lick
198.74600000000007	0.09999999999993747	TimeIntervals	Lick
198.87925	0.0999999999999659	TimeIntervals	Lick
199.0125	0.19999999999998863	TimeIntervals	Lick
199.24600000000007	0.09999999999993747	TimeIntervals	Lick
199.3795	0.10000000000002274	TimeIntervals	Lick
199.51274999999998	0.10000000000002274	TimeIntervals	Lick
199.646	0.10000000000007958	TimeIntervals	Lick
199.7795	0.09999999999999432	TimeIntervals	Lick
199.94600000000003	0.23349999999996385	TimeIntervals	Lick
200.21275	0.20025000000003956	TimeIntervals	Lick
200.47950000000003	0.06674999999998477	TimeIntervals	Lick
200.57950000000002	0.2667500000000018	TimeIntervals	Lick
200.8795	0.10000000000002274	TimeIntervals	Lick
201.01299999999998	0.23324999999999818	TimeIntervals	Lick
201.2795	0.09999999999999432	TimeIntervals	Lick
201.44625	0.23349999999999227	TimeIntervals	Lick
201.71300000000002	0.09999999999999432	TimeIntervals	Lick
201.91300000000004	0.09999999999993747	TimeIntervals	Lick
202.24650000000003	0.09999999999999432	TimeIntervals	Lick
203.18	0.10000000000002274	TimeIntervals	Lick
203.34650000000002	0.06674999999998477	TimeIntervals	Lick
203.81349999999998	0.10000000000002274	TimeIntervals	Lick
204.04675	0.06674999999998477	TimeIntervals	Lick
204.81349999999998	0.10000000000002274	TimeIntervals	Lick
206.11374999999998	0.10000000000005116	TimeIntervals	Lick
206.24700000000004	0.06674999999995634	TimeIntervals	Lick
206.3805	0.0999999999999659	TimeIntervals	Lick
206.54700000000003	0.06674999999995634	TimeIntervals	Lick
206.64699999999996	0.10000000000007958	TimeIntervals	Lick
206.7805	0.0665000000000191	TimeIntervals	Lick
206.8805	0.0999999999999659	TimeIntervals	Lick
207.014	0.0665000000000191	TimeIntervals	Lick
207.11399999999998	0.10000000000005116	TimeIntervals	Lick
207.24725	0.10000000000002274	TimeIntervals	Lick
207.414	0.06649999999999068	TimeIntervals	Lick
207.54725000000002	0.0999999999999659	TimeIntervals	Lick
207.6805	0.06675000000001319	TimeIntervals	Lick
207.7805	0.10000000000002274	TimeIntervals	Lick
207.914	0.10000000000002274	TimeIntervals	Lick
208.04725000000002	0.1002499999999884	TimeIntervals	Reward
208.04725000000002	0.06674999999995634	TimeIntervals	Lick
208.1475	0.29999999999998295	TimeIntervals	Lick
208.48075	0.06675000000001319	TimeIntervals	Lick
208.58075000000002	0.0999999999999659	TimeIntervals	Lick
208.71400000000003	0.06674999999998477	TimeIntervals	Lick
208.814	0.09999999999999432	TimeIntervals	Lick
208.9475	0.10000000000002274	TimeIntervals	Lick
209.08075000000002	0.1002499999999884	TimeIntervals	Lick
209.21425000000002	0.0999999999999659	TimeIntervals	Lick
209.34750000000003	0.19999999999998863	TimeIntervals	Lick
209.58100000000002	0.09999999999999432	TimeIntervals	Lick
209.71425000000002	0.0999999999999659	TimeIntervals	Lick
209.84750000000003	0.0999999999999659	TimeIntervals	Lick
209.981	0.20000000000001705	TimeIntervals	Lick
210.21425000000002	0.1002499999999884	TimeIntervals	Lick
210.34775000000002	0.3332499999999925	TimeIntervals	Lick
210.71450000000002	0.09999999999999432	TimeIntervals	Lick
210.84775000000002	0.0999999999999659	TimeIntervals	Lick
210.981	0.10000000000002274	TimeIntervals	Lick
211.1145	0.20000000000001705	TimeIntervals	Lick
211.34775000000002	0.1002499999999884	TimeIntervals	Lick
211.48125000000002	0.3332499999999925	TimeIntervals	Lick
211.88125	0.06675000000001319	TimeIntervals	Lick
211.98125000000002	0.09999999999999432	TimeIntervals	Lick
212.148	0.0665000000000191	TimeIntervals	Lick
212.24800000000002	0.23349999999999227	TimeIntervals	Lick
212.51475	0.10000000000002274	TimeIntervals	Lick
212.648	0.10000000000002274	TimeIntervals	Lick
212.91475	0.06675000000001319	TimeIntervals	Lick
213.0815	0.26650000000000773	TimeIntervals	Lick
213.81500000000003	0.13324999999994702	TimeIntervals	Lick
214.0815	0.06674999999998477	TimeIntervals	Lick
214.6815	0.13350000000002638	TimeIntervals	Lick
214.88175	0.09999999999999432	TimeIntervals	Lick
215.0485	0.0665000000000191	TimeIntervals	Lick
215.28175000000002	0.23324999999996976	TimeIntervals	Lick
216.71525	0.10000000000002274	TimeIntervals	Lick
217.04875	0.06674999999998477	TimeIntervals	Lick
217.31550000000001	0.06649999999999068	TimeIntervals	Lick
217.949	0.09999999999999432	TimeIntervals	Lick
218.1155	0.06675000000001319	TimeIntervals	Lick
218.24900000000002	0.03324999999998113	TimeIntervals	Lick
218.58225	0.06675000000001319	TimeIntervals	Lick
218.88225000000003	0.06674999999998477	TimeIntervals	Lick
219.24900000000002	0.06675000000001319	TimeIntervals	Lick
219.449	0.09999999999999432	TimeIntervals	Lick
219.91575	0.06675000000004161	TimeIntervals	Lick
220.0825	0.09999999999999432	TimeIntervals	Lick
221.24950000000004	0.0999999999999659	TimeIntervals	Lick
223.3495	0.06674999999998477	TimeIntervals	Lick
223.483	0.06674999999995634	TimeIntervals	Lick
223.58300000000003	0.0999999999999659	TimeIntervals	Lick
223.71650000000002	0.0999999999999659	TimeIntervals	Lick
224.183	0.10000000000002274	TimeIntervals	Lick
224.4165	0.06649999999999068	TimeIntervals	Lick
224.58325000000002	0.06674999999995634	TimeIntervals	Lick
224.85000000000002	0.09999999999999432	TimeIntervals	Lick
224.98325000000003	0.09999999999999432	TimeIntervals	Lick
225.45000000000002	0.0999999999999659	TimeIntervals	Lick
225.61649999999997	0.0670000000000357	TimeIntervals	Lick
225.95000000000002	0.0999999999999659	TimeIntervals	Lick
227.85050000000004	0.09999999999993747	TimeIntervals	Lick
228.317	0.0999999999999659	TimeIntervals	Lick
230.18400000000003	0.0999999999999659	TimeIntervals	Lick
230.484	0.09999999999999432	TimeIntervals	Lick
231.151	0.0999999999999659	TimeIntervals	Lick
231.28425000000001	0.06675000000001319	TimeIntervals	Lick
231.38425	0.09999999999999432	TimeIntervals	Lick
231.5175	0.06674999999998477	TimeIntervals	Lick
231.61749999999998	0.10000000000005116	TimeIntervals	Lick
231.75099999999998	0.06650000000004752	TimeIntervals	Lick
231.85100000000003	0.09999999999999432	TimeIntervals	Lick
231.98425	0.06675000000001319	TimeIntervals	Lick
232.08425	0.09999999999999432	TimeIntervals	Lick
232.21750000000003	0.10024999999995998	TimeIntervals	Lick
232.35100000000003	0.06674999999998477	TimeIntervals	Lick
232.45100000000002	0.09999999999999432	TimeIntervals	Lick
232.58449999999996	0.10000000000005116	TimeIntervals	Lick
232.71775	0.09999999999999432	TimeIntervals	Lick
232.85100000000003	0.06674999999998477	TimeIntervals	Lick
232.98450000000003	0.06649999999999068	TimeIntervals	Lick
233.08449999999996	0.10000000000005116	TimeIntervals	Lick
233.11774999999997	0.06675000000004161	TimeIntervals	Reward
233.21775	0.06675000000001319	TimeIntervals	Lick
233.318	0.19999999999998863	TimeIntervals	Lick
233.55124999999998	0.20000000000001705	TimeIntervals	Lick
233.7845	0.20000000000001705	TimeIntervals	Lick
234.018	0.3332500000000209	TimeIntervals	Lick
234.3845	0.10025000000001683	TimeIntervals	Lick
234.518	0.19999999999998863	TimeIntervals	Lick
234.7515	0.10000000000002274	TimeIntervals	Lick
234.88475	0.10000000000002274	TimeIntervals	Lick
235.018	0.09999999999999432	TimeIntervals	Lick
235.15149999999997	0.33325000000004934	TimeIntervals	Lick
235.518	0.1002499999999884	TimeIntervals	Lick
235.65149999999997	0.10000000000002274	TimeIntervals	Lick
235.78500000000003	0.0999999999999659	TimeIntervals	Lick
235.91825	0.10000000000002274	TimeIntervals	Lick
236.0515	0.0999999999999659	TimeIntervals	Lick
236.185	0.10000000000002274	TimeIntervals	Lick
236.35150000000002	0.23349999999999227	TimeIntervals	Lick
236.65175	0.09999999999999432	TimeIntervals	Lick
236.8185	0.06649999999999068	TimeIntervals	Lick
236.95175	0.10000000000002274	TimeIntervals	Lick
237.085	0.06674999999998477	TimeIntervals	Lick
237.385	0.06675000000001319	TimeIntervals	Lick
237.98525	0.36674999999999613	TimeIntervals	Lick
241.65249999999997	0.10000000000002274	TimeIntervals	Lick
241.8525	0.10000000000005116	TimeIntervals	Lick
244.15275000000003	0.13324999999997544	TimeIntervals	Lick
247.05325	0.06675000000001319	TimeIntervals	Lick
249.22025000000002	0.06675000000001319	TimeIntervals	Lick
250.08700000000002	0.0999999999999659	TimeIntervals	Lick
250.85375	0.06675000000001319	TimeIntervals	Lick
252.02075000000002	0.0999999999999659	TimeIntervals	Lick
253.121	0.06649999999999068	TimeIntervals	Lick
253.25425	0.06675000000001319	TimeIntervals	Lick
254.121	0.09999999999999432	TimeIntervals	Lick
254.28775	0.09999999999999432	TimeIntervals	Lick
254.95450000000005	0.09999999999993747	TimeIntervals	Lick
258.0215	0.10000000000002274	TimeIntervals	Lick
259.4885	0.0999999999999659	TimeIntervals	Lick
260.35524999999996	0.06675000000001319	TimeIntervals	Lick
262.72225	0.10000000000002274	TimeIntervals	Lick
262.9555	0.10025000000001683	TimeIntervals	Lick
263.1225	0.0665000000000191	TimeIntervals	Lick
263.2225	0.0999999999999659	TimeIntervals	Lick
263.35575	0.0999999999999659	TimeIntervals	Lick
263.489	0.0999999999999659	TimeIntervals	Lick
263.6225	0.0665000000000191	TimeIntervals	Lick
263.7225	0.1999999999999318	TimeIntervals	Lick
263.95574999999997	0.10025000000001683	TimeIntervals	Lick
264.08925	0.06675000000001319	TimeIntervals	Lick
264.18925	0.0999999999999659	TimeIntervals	Lick
264.3225	0.0999999999999659	TimeIntervals	Lick
264.45599999999996	0.0665000000000191	TimeIntervals	Lick
264.556	0.10000000000002274	TimeIntervals	Lick
264.68925	0.0999999999999659	TimeIntervals	Lick
264.8225	0.06674999999995634	TimeIntervals	Lick
264.95599999999996	0.0665000000000191	TimeIntervals	Lick
265.056	0.10000000000002274	TimeIntervals	Lick
265.156	0.09999999999990905	TimeIntervals	Reward
265.18949999999995	0.4000000000000341	TimeIntervals	Lick
265.62275	0.0999999999999659	TimeIntervals	Lick
265.7559999999999	0.06675000000012687	TimeIntervals	Lick
265.856	0.0999999999999659	TimeIntervals	Lick
265.9895	0.1999999999999318	TimeIntervals	Lick
266.22299999999996	0.10000000000002274	TimeIntervals	Lick
266.3895	0.06675000000001319	TimeIntervals	Lick
266.4895	0.0999999999999659	TimeIntervals	Lick
266.62300000000005	0.09999999999990905	TimeIntervals	Lick
266.75624999999997	0.10000000000002274	TimeIntervals	Lick
266.8895	0.19999999999998863	TimeIntervals	Lick
267.12300000000005	0.09999999999990905	TimeIntervals	Lick
267.25624999999997	0.10025000000001683	TimeIntervals	Lick
267.38974999999994	0.10000000000002274	TimeIntervals	Lick
267.52299999999997	0.10000000000007958	TimeIntervals	Lick
267.65650000000005	0.09999999999990905	TimeIntervals	Lick
267.78975	0.09999999999990905	TimeIntervals	Lick
267.923	0.20000000000004547	TimeIntervals	Lick
268.15650000000005	0.09999999999990905	TimeIntervals	Lick
268.28975	0.09999999999990905	TimeIntervals	Lick
268.423	0.20024999999998272	TimeIntervals	Lick
268.65650000000005	0.09999999999990905	TimeIntervals	Lick
268.79	0.0999999999999659	TimeIntervals	Lick
268.92324999999994	0.10000000000002274	TimeIntervals	Lick
269.05649999999997	0.2335000000000491	TimeIntervals	Lick
269.32325000000003	0.09999999999990905	TimeIntervals	Lick
269.4565	0.10025000000001683	TimeIntervals	Lick
269.5899999999999	0.10000000000007958	TimeIntervals	Lick
269.7567499999999	0.06675000000012687	TimeIntervals	Lick
269.85675	0.10000000000002274	TimeIntervals	Lick
270.1235	0.16650000000004184	TimeIntervals	Lick
270.35675	0.2667500000000018	TimeIntervals	Lick
270.657	0.19999999999998863	TimeIntervals	Lick
270.9235	0.16675000000003593	TimeIntervals	Lick
271.1235	0.10000000000002274	TimeIntervals	Lick
271.25699999999995	0.06650000000007594	TimeIntervals	Lick
271.3902499999999	0.10000000000002274	TimeIntervals	Lick
271.657	0.0999999999999659	TimeIntervals	Lick
271.957	0.06674999999995634	TimeIntervals	Lick
272.4237499999999	0.10000000000002274	TimeIntervals	Lick
272.6905	0.2999999999999545	TimeIntervals	Lick
273.124	0.06649999999996226	TimeIntervals	Lick
274.02399999999994	0.10000000000007958	TimeIntervals	Lick
274.7575	0.06649999999996226	TimeIntervals	Lick
274.99075	0.10024999999990314	TimeIntervals	Lick
275.12425	0.0999999999999659	TimeIntervals	Lick
275.72425	0.06675000000001319	TimeIntervals	Lick
275.991	0.09999999999990905	TimeIntervals	Lick
276.6245	0.0999999999999659	TimeIntervals	Lick
276.95775000000003	0.13324999999986176	TimeIntervals	Lick
277.2245	0.13349999999996953	TimeIntervals	Lick
277.5245	0.06674999999995634	TimeIntervals	Lick
277.7245	0.06674999999995634	TimeIntervals	Lick
278.1245	0.06674999999995634	TimeIntervals	Lick
278.258	0.0999999999999659	TimeIntervals	Lick
278.99150000000003	0.09999999999990905	TimeIntervals	Lick
279.3915	0.06675000000001319	TimeIntervals	Lick
280.5584999999999	0.10000000000007958	TimeIntervals	Lick
282.1585	0.0999999999999659	TimeIntervals	Lick
282.8255	0.10000000000007958	TimeIntervals	Lick
283.35875	0.06675000000007003	TimeIntervals	Lick
283.62550000000005	0.06649999999990541	TimeIntervals	Lick
283.72549999999995	0.10000000000002274	TimeIntervals	Lick
283.8589999999999	0.06650000000013279	TimeIntervals	Lick
283.99225	0.0999999999999659	TimeIntervals	Lick
284.12550000000005	0.09999999999990905	TimeIntervals	Lick
284.29224999999997	0.10000000000002274	TimeIntervals	Lick
284.42550000000006	0.06674999999995634	TimeIntervals	Lick
284.559	0.0665000000000191	TimeIntervals	Lick
284.659	0.0999999999999659	TimeIntervals	Lick
284.8255	0.06700000000000728	TimeIntervals	Lick
284.92575	0.10000000000002274	TimeIntervals	Lick
285.059	0.0999999999999659	TimeIntervals	Lick
285.1925	0.0999999999999659	TimeIntervals	Lick
285.32575	0.0999999999999659	TimeIntervals	Lick
285.45900000000006	0.0999999999999659	TimeIntervals	Lick
285.59250000000003	0.06649999999996226	TimeIntervals	Lick
285.6925	0.0999999999999659	TimeIntervals	Lick
285.82575	0.0999999999999659	TimeIntervals	Lick
285.95900000000006	0.10024999999990314	TimeIntervals	Lick
286.126	0.0665000000000191	TimeIntervals	Lick
286.226	0.10000000000002274	TimeIntervals	Lick
286.35925	0.10000000000002274	TimeIntervals	Lick
286.49249999999995	0.10000000000007958	TimeIntervals	Lick
286.626	0.10000000000002274	TimeIntervals	Lick
286.75925	0.06675000000001319	TimeIntervals	Lick
286.8925	0.06675000000001319	TimeIntervals	Lick
286.99249999999995	0.10000000000007958	TimeIntervals	Lick
287.126	0.10000000000002274	TimeIntervals	Lick
287.2595	0.0999999999999659	TimeIntervals	Lick
287.39275000000004	0.0999999999999659	TimeIntervals	Lick
287.526	0.0999999999999659	TimeIntervals	Lick
287.65950000000004	0.0999999999999659	TimeIntervals	Lick
287.79274999999996	0.10000000000007958	TimeIntervals	Lick
287.95950000000005	0.06649999999996226	TimeIntervals	Lick
288.0595	0.10000000000002274	TimeIntervals	Lick
288.193	0.1332500000000323	TimeIntervals	Lick
288.35949999999997	0.10000000000007958	TimeIntervals	Lick
288.72625000000005	0.1999999999999318	TimeIntervals	Lick
289.02624999999995	0.10000000000007958	TimeIntervals	Lick
289.52649999999994	0.20000000000010232	TimeIntervals	Lick
292.09349999999995	0.06650000000007594	TimeIntervals	Lick
292.36	0.0999999999999659	TimeIntervals	Lick
292.86025	0.06675000000001319	TimeIntervals	Lick
293.66049999999996	0.0999999999999659	TimeIntervals	Lick
293.827	0.06675000000001319	TimeIntervals	Lick
293.96049999999997	0.06650000000007594	TimeIntervals	Lick
294.12699999999995	0.06675000000001319	TimeIntervals	Lick
294.2604999999999	0.06650000000007594	TimeIntervals	Lick
294.39375	0.06674999999995634	TimeIntervals	Lick
294.49375000000003	0.0999999999999659	TimeIntervals	Lick
294.62699999999995	0.06675000000001319	TimeIntervals	Lick
294.72700000000003	0.10024999999995998	TimeIntervals	Lick
294.8605	0.0999999999999659	TimeIntervals	Lick
294.994	0.06649999999996226	TimeIntervals	Lick
295.094	0.10000000000002274	TimeIntervals	Lick
295.22724999999997	0.10000000000002274	TimeIntervals	Lick
295.3605	0.06675000000001319	TimeIntervals	Lick
295.494	0.06649999999996226	TimeIntervals	Lick
295.594	0.10000000000002274	TimeIntervals	Lick
295.72724999999997	0.10000000000002274	TimeIntervals	Lick
295.8605	0.10025000000001683	TimeIntervals	Lick
295.994	0.0999999999999659	TimeIntervals	Lick
296.12750000000005	0.09999999999990905	TimeIntervals	Lick
296.22749999999996	0.06649999999996226	TimeIntervals	Reward
296.26075	0.06675000000001319	TimeIntervals	Lick
296.394	0.16674999999997908	TimeIntervals	Lick
296.594	0.10000000000002274	TimeIntervals	Lick
296.72749999999996	0.06649999999996226	TimeIntervals	Lick
296.8275	0.10000000000002274	TimeIntervals	Lick
296.961	0.19999999999998863	TimeIntervals	Lick
297.19424999999995	0.20000000000004547	TimeIntervals	Lick
297.4275	0.0999999999999659	TimeIntervals	Lick
297.561	0.10000000000002274	TimeIntervals	Lick
297.69424999999995	0.10000000000002274	TimeIntervals	Lick
297.8275	0.10000000000002274	TimeIntervals	Lick
297.961	0.19999999999998863	TimeIntervals	Lick
298.1945	0.0999999999999659	TimeIntervals	Lick
298.32775	0.10000000000002274	TimeIntervals	Lick
298.461	0.0999999999999659	TimeIntervals	Lick
298.5945	0.10000000000002274	TimeIntervals	Lick
298.861	0.06675000000001319	TimeIntervals	Lick
299.12775000000005	0.10024999999990314	TimeIntervals	Lick
299.29449999999997	0.6667499999999791	TimeIntervals	Lick
299.9945000000001	0.6002499999999031	TimeIntervals	Lick
300.69475	0.3667499999999677	TimeIntervals	Lick
301.16150000000005	0.4334999999999809	TimeIntervals	Lick
301.66150000000005	0.09999999999990905	TimeIntervals	Lick
301.82824999999997	0.26675000000005866	TimeIntervals	Lick
302.12825000000004	0.33349999999995816	TimeIntervals	Lick
302.495	0.23349999999999227	TimeIntervals	Lick
302.795	0.0999999999999659	TimeIntervals	Lick
303.0285	0.3664999999999736	TimeIntervals	Lick
303.4285	0.16675000000003593	TimeIntervals	Lick
303.662	0.1332500000000323	TimeIntervals	Lick
303.862	0.0999999999999659	TimeIntervals	Lick
303.99525	0.10000000000002274	TimeIntervals	Lick
304.19525	0.06674999999995634	TimeIntervals	Lick
304.29525	0.10000000000002274	TimeIntervals	Lick
304.4285	0.23349999999999227	TimeIntervals	Lick
304.72875	1.2667500000000018	TimeIntervals	Lick
306.029	0.23324999999999818	TimeIntervals	Lick
306.29549999999995	0.2667500000000018	TimeIntervals	Lick
306.5955	0.16674999999997908	TimeIntervals	Lick
306.829	0.19999999999998863	TimeIntervals	Lick
307.09574999999995	0.23325000000005502	TimeIntervals	Lick
307.39575	0.1999999999999318	TimeIntervals	Lick
307.66249999999997	0.23325000000005502	TimeIntervals	Lick
307.996	0.06649999999996226	TimeIntervals	Lick
308.096	0.13324999999997544	TimeIntervals	Lick
308.2625	0.06675000000001319	TimeIntervals	Lick
308.396	0.0999999999999659	TimeIntervals	Lick
308.52925000000005	0.16674999999992224	TimeIntervals	Lick
308.796	0.2667500000000018	TimeIntervals	Lick
309.1295	0.30000000000001137	TimeIntervals	Lick
309.46275	0.06674999999995634	TimeIntervals	Lick
309.596	0.2667500000000018	TimeIntervals	Lick
309.896	0.3002499999999486	TimeIntervals	Lick
310.263	0.10000000000002274	TimeIntervals	Lick
310.4295	0.266749999999945	TimeIntervals	Lick
310.79625	0.23324999999999818	TimeIntervals	Lick
311.09624999999994	0.10000000000002274	TimeIntervals	Lick
311.263	0.06675000000001319	TimeIntervals	Lick
311.3965	0.10000000000002274	TimeIntervals	Lick
311.52975	0.13324999999997544	TimeIntervals	Lick
311.69649999999996	0.10000000000002274	TimeIntervals	Lick
311.9965	0.06649999999996226	TimeIntervals	Lick
312.0965	0.26675000000005866	TimeIntervals	Lick
312.56325	0.06675000000007003	TimeIntervals	Lick
312.69649999999996	0.06675000000001319	TimeIntervals	Lick
312.93	0.30000000000001137	TimeIntervals	Lick
313.2965	0.2335000000000491	TimeIntervals	Lick
313.73	0.23349999999999227	TimeIntervals	Lick
314.13000000000005	0.23349999999999227	TimeIntervals	Lick
314.43	0.10025000000001683	TimeIntervals	Lick
314.5635	0.10000000000002274	TimeIntervals	Lick
314.83025	0.2667500000000018	TimeIntervals	Lick
315.13025	0.0999999999999659	TimeIntervals	Lick
315.497	0.26674999999988813	TimeIntervals	Lick
316.06374999999997	0.16674999999997908	TimeIntervals	Lick
316.6305	0.0999999999999659	TimeIntervals	Lick
316.79724999999996	0.13325000000008913	TimeIntervals	Lick
317.2639999999999	0.13325000000014597	TimeIntervals	Lick
317.5639999999999	0.2335000000000491	TimeIntervals	Lick
317.8975	0.10000000000002274	TimeIntervals	Lick
318.2639999999999	0.10000000000013642	TimeIntervals	Lick
318.3975	0.10000000000002274	TimeIntervals	Lick
318.5639999999999	0.06675000000012687	TimeIntervals	Lick
319.531	0.10000000000002274	TimeIntervals	Lick
319.79749999999996	0.06675000000001319	TimeIntervals	Lick
320.29775	0.0999999999999659	TimeIntervals	Lick
320.431	0.06675000000007003	TimeIntervals	Lick
321.63124999999997	0.06674999999995634	TimeIntervals	Lick
321.73125	0.06675000000001319	TimeIntervals	Lick
321.83125	0.10000000000002274	TimeIntervals	Lick
321.96450000000004	0.06674999999995634	TimeIntervals	Lick
322.0644999999999	0.06675000000007003	TimeIntervals	Lick
322.16450000000003	0.1002499999998463	TimeIntervals	Lick
322.298	0.06675000000001319	TimeIntervals	Lick
322.398	0.1999999999999318	TimeIntervals	Lick
322.6315	0.0999999999999659	TimeIntervals	Lick
322.7647499999999	0.20000000000015916	TimeIntervals	Lick
322.99800000000005	0.09999999999990905	TimeIntervals	Lick
323.16475	0.06674999999995634	TimeIntervals	Lick
323.2647499999999	0.06675000000007003	TimeIntervals	Reward
323.298	0.06700000000000728	TimeIntervals	Lick
323.39825	0.16674999999992224	TimeIntervals	Lick
323.59825	0.19999999999998863	TimeIntervals	Lick
323.83149999999995	0.10000000000013642	TimeIntervals	Lick
323.96500000000003	0.0665000000000191	TimeIntervals	Lick
324.06499999999994	0.10000000000007958	TimeIntervals	Lick
324.19825	0.10000000000002274	TimeIntervals	Lick
324.33149999999995	0.06700000000006412	TimeIntervals	Lick
324.4317500000001	0.09999999999990905	TimeIntervals	Lick
324.56499999999994	0.10000000000007958	TimeIntervals	Lick
324.6984999999999	0.06650000000007594	TimeIntervals	Lick
324.79850000000005	0.0999999999999659	TimeIntervals	Lick
324.9317500000001	0.09999999999990905	TimeIntervals	Lick
325.06499999999994	0.06675000000007003	TimeIntervals	Lick
325.165	0.0999999999999659	TimeIntervals	Lick
325.29850000000005	0.0999999999999659	TimeIntervals	Lick
325.4317500000001	0.10024999999990314	TimeIntervals	Lick
325.56525	0.10000000000002274	TimeIntervals	Lick
325.6984999999999	0.10000000000013642	TimeIntervals	Lick
325.86525	0.06675000000007003	TimeIntervals	Lick
326.23199999999997	0.1332500000000323	TimeIntervals	Lick
326.3985	0.0999999999999659	TimeIntervals	Lick
326.532	0.10000000000007958	TimeIntervals	Lick
326.69875	0.16675000000003593	TimeIntervals	Lick
326.9320000000001	0.06674999999995634	TimeIntervals	Lick
327.0655	0.0999999999999659	TimeIntervals	Lick
327.83224999999993	0.06675000000007003	TimeIntervals	Lick
328.2655	0.06674999999995634	TimeIntervals	Lick
328.899	0.06674999999995634	TimeIntervals	Lick
329.099	0.06674999999995634	TimeIntervals	Lick
329.2657499999999	0.13325000000008913	TimeIntervals	Lick
329.966	0.0665000000000191	TimeIntervals	Lick
330.466	0.0999999999999659	TimeIntervals	Lick
331.43275000000006	0.0999999999999659	TimeIntervals	Lick
331.63275000000004	0.0999999999999659	TimeIntervals	Lick
332.46625	0.0999999999999659	TimeIntervals	Lick
333.4665	0.06649999999996226	TimeIntervals	Lick
333.69975000000005	0.0999999999999659	TimeIntervals	Lick
334.29999999999995	0.10000000000007958	TimeIntervals	Reward
334.4332500000001	0.366749999999854	TimeIntervals	Lick
334.83324999999996	0.06675000000007003	TimeIntervals	Lick
334.9332500000001	0.09999999999985221	TimeIntervals	Lick
335.06649999999996	0.19999999999998863	TimeIntervals	Lick
335.29999999999995	0.06650000000007594	TimeIntervals	Lick
335.40000000000003	0.0999999999999659	TimeIntervals	Lick
335.5335	0.10000000000002274	TimeIntervals	Lick
335.66675	0.20000000000004547	TimeIntervals	Lick
335.90000000000003	0.0999999999999659	TimeIntervals	Lick
336.0335	0.06649999999996226	TimeIntervals	Lick
336.1335	0.0999999999999659	TimeIntervals	Lick
336.26674999999994	0.10000000000007958	TimeIntervals	Lick
336.40000000000003	0.10024999999995998	TimeIntervals	Lick
336.5335	0.19999999999998863	TimeIntervals	Lick
336.767	0.10000000000002274	TimeIntervals	Lick
336.90025	0.06675000000001319	TimeIntervals	Lick
337.00025	0.0999999999999659	TimeIntervals	Lick
337.1335	0.19999999999998863	TimeIntervals	Lick
337.367	0.333500000000015	TimeIntervals	Lick
337.767	0.06675000000001319	TimeIntervals	Lick
337.867	0.10000000000002274	TimeIntervals	Lick
338.0005	0.23324999999999818	TimeIntervals	Lick
338.267	0.10000000000002274	TimeIntervals	Lick
338.4005000000001	0.09999999999990905	TimeIntervals	Lick
338.53374999999994	0.10025000000007367	TimeIntervals	Lick
338.66725	0.0999999999999659	TimeIntervals	Lick
338.80049999999994	0.10000000000013642	TimeIntervals	Lick
338.96725000000004	0.09999999999990905	TimeIntervals	Lick
339.134	0.0999999999999659	TimeIntervals	Lick
339.26725	0.06675000000001319	TimeIntervals	Lick
339.4005000000001	0.06674999999995634	TimeIntervals	Lick
339.534	0.10000000000002274	TimeIntervals	Lick
339.70050000000003	0.10024999999990314	TimeIntervals	Lick
340.06749999999994	0.10000000000007958	TimeIntervals	Lick
340.2675	0.0999999999999659	TimeIntervals	Lick
340.534	0.10000000000002274	TimeIntervals	Lick
340.734	0.13349999999996953	TimeIntervals	Lick
340.9675	0.06675000000001319	TimeIntervals	Lick
341.101	0.10000000000002274	TimeIntervals	Lick
341.23425000000003	0.23324999999994134	TimeIntervals	Lick
341.9345	0.0999999999999659	TimeIntervals	Lick
342.06774999999993	0.10000000000002274	TimeIntervals	Lick
342.201	0.10000000000002274	TimeIntervals	Lick
342.33450000000005	0.0999999999999659	TimeIntervals	Lick
342.46775	0.09999999999990905	TimeIntervals	Lick
342.601	0.10000000000002274	TimeIntervals	Lick
342.7345	0.0665000000000191	TimeIntervals	Lick
342.83450000000005	0.0999999999999659	TimeIntervals	Lick
342.96775	0.20024999999992588	TimeIntervals	Lick
343.2345	0.06674999999995634	TimeIntervals	Lick
343.33450000000005	0.0999999999999659	TimeIntervals	Lick
343.4680000000001	0.09999999999985221	TimeIntervals	Lick
343.60125	0.0999999999999659	TimeIntervals	Lick
343.7345	0.10000000000002274	TimeIntervals	Lick
343.86800000000005	0.10000000000002274	TimeIntervals	Lick
344.00125	0.0999999999999659	TimeIntervals	Lick
344.1345	0.10025000000001683	TimeIntervals	Lick
344.268	0.10000000000007958	TimeIntervals	Lick
344.30150000000003	0.0665000000000191	TimeIntervals	Reward
344.40149999999994	0.10000000000007958	TimeIntervals	Lick
344.53475	0.3000000000000682	TimeIntervals	Lick
344.86800000000005	0.19999999999987494	TimeIntervals	Lick
345.10150000000004	0.09999999999990905	TimeIntervals	Lick
345.23499999999996	0.10000000000002274	TimeIntervals	Lick
345.36825	0.10000000000007958	TimeIntervals	Lick
345.5015	0.10000000000002274	TimeIntervals	Lick
345.63500000000005	0.1999999999999318	TimeIntervals	Lick
345.86825	0.10000000000007958	TimeIntervals	Lick
346.0015	0.10000000000002274	TimeIntervals	Lick
346.13500000000005	0.09999999999990905	TimeIntervals	Lick
346.30150000000003	0.10024999999995998	TimeIntervals	Lick
346.43500000000006	0.09999999999990905	TimeIntervals	Lick
346.70175	0.06674999999995634	TimeIntervals	Lick
346.96849999999995	0.16650000000009868	TimeIntervals	Lick
347.1685	0.0999999999999659	TimeIntervals	Lick
347.335	0.10000000000007958	TimeIntervals	Lick
347.46849999999995	0.13350000000008322	TimeIntervals	Lick
347.802	0.06649999999996226	TimeIntervals	Lick
348.202	0.1332500000000323	TimeIntervals	Lick
348.43525000000005	0.1334999999999127	TimeIntervals	Lick
348.702	0.06674999999995634	TimeIntervals	Lick
348.90200000000004	0.09999999999990905	TimeIntervals	Lick
349.26874999999995	0.06675000000007003	TimeIntervals	Lick
349.36875000000003	0.0999999999999659	TimeIntervals	Lick
349.53549999999996	0.10000000000002274	TimeIntervals	Lick
349.76899999999995	0.06650000000007594	TimeIntervals	Lick
350.169	0.0999999999999659	TimeIntervals	Lick
350.30224999999996	0.10000000000007958	TimeIntervals	Lick
350.43550000000005	0.09999999999990905	TimeIntervals	Lick
350.569	0.0999999999999659	TimeIntervals	Lick
351.1025	0.3332499999999641	TimeIntervals	Lick
351.50250000000005	0.0999999999999659	TimeIntervals	Lick
352.56924999999995	0.06675000000007003	TimeIntervals	Lick
352.86925	0.10024999999995998	TimeIntervals	Lick
353.20275	0.10000000000002274	TimeIntervals	Lick
353.43600000000004	0.09999999999990905	TimeIntervals	Lick
354.3695	0.06674999999995634	TimeIntervals	Lick
354.503	0.0665000000000191	TimeIntervals	Lick
354.60299999999995	0.10000000000002274	TimeIntervals	Lick
354.73625	0.19999999999998863	TimeIntervals	Lick
354.9695	0.10000000000002274	TimeIntervals	Lick
355.10299999999995	0.06675000000001319	TimeIntervals	Lick
355.203	0.20000000000004547	TimeIntervals	Lick
355.4365	0.0999999999999659	TimeIntervals	Lick
355.56974999999994	0.06675000000007003	TimeIntervals	Lick
355.66974999999996	0.10000000000002274	TimeIntervals	Lick
355.80300000000005	0.0999999999999659	TimeIntervals	Lick
355.9365	0.0999999999999659	TimeIntervals	Lick
356.06974999999994	0.10000000000002274	TimeIntervals	Lick
356.203	0.06699999999995043	TimeIntervals	Lick
356.30325	0.10000000000002274	TimeIntervals	Lick
356.37	0.10000000000002274	TimeIntervals	Reward
356.4365	0.39999999999997726	TimeIntervals	Lick
356.87	0.0665000000000191	TimeIntervals	Lick
356.97	0.0999999999999659	TimeIntervals	Lick
357.10324999999995	0.10000000000002274	TimeIntervals	Lick
357.2364999999999	0.06700000000006412	TimeIntervals	Lick
357.33675	0.10000000000002274	TimeIntervals	Lick
357.47	0.0999999999999659	TimeIntervals	Lick
357.6035	0.10000000000002274	TimeIntervals	Lick
357.73675000000003	0.19999999999998863	TimeIntervals	Lick
357.97	0.0999999999999659	TimeIntervals	Lick
358.1035	0.10000000000002274	TimeIntervals	Lick
358.23675000000003	0.0999999999999659	TimeIntervals	Lick
358.37	0.20024999999992588	TimeIntervals	Lick
358.6035	0.10000000000002274	TimeIntervals	Lick
358.737	0.0999999999999659	TimeIntervals	Lick
358.87025	0.10000000000002274	TimeIntervals	Lick
359.00350000000003	0.0999999999999659	TimeIntervals	Lick
359.13700000000006	0.1999999999999318	TimeIntervals	Lick
359.37025	0.10000000000002274	TimeIntervals	Lick
359.50350000000003	0.10024999999995998	TimeIntervals	Lick
359.63700000000006	0.0999999999999659	TimeIntervals	Lick
359.77049999999997	0.10000000000002274	TimeIntervals	Lick
359.90375	0.10000000000002274	TimeIntervals	Lick
360.0369999999999	0.10000000000013642	TimeIntervals	Lick
360.20374999999996	0.23325000000005502	TimeIntervals	Lick
360.4705000000001	0.09999999999985221	TimeIntervals	Lick
360.604	0.10000000000002274	TimeIntervals	Lick
360.77049999999997	0.06675000000001319	TimeIntervals	Lick
360.93725	0.2667500000000018	TimeIntervals	Lick
361.27049999999997	0.10000000000002274	TimeIntervals	Lick
361.504	0.06649999999990541	TimeIntervals	Lick
361.9375	0.166499999999985	TimeIntervals	Lick
362.1375000000001	0.13324999999986176	TimeIntervals	Lick
362.37075	0.10000000000002274	TimeIntervals	Lick
363.10425	0.10000000000002274	TimeIntervals	Lick
363.40425000000005	0.1332499999999186	TimeIntervals	Lick
363.60425	0.06675000000001319	TimeIntervals	Lick
364.23775	0.06675000000001319	TimeIntervals	Lick
364.33774999999997	0.10000000000002274	TimeIntervals	Lick
365.17125	0.10000000000002274	TimeIntervals	Lick
365.738	0.10000000000002274	TimeIntervals	Lick
366.0715	0.0665000000000191	TimeIntervals	Lick
366.30475	0.13324999999997544	TimeIntervals	Lick
367.53825	0.10000000000002274	TimeIntervals	Lick
368.005	0.10000000000002274	TimeIntervals	Lick
369.0385	0.0665000000000191	TimeIntervals	Lick
369.23850000000004	0.0999999999999659	TimeIntervals	Lick
369.5385	0.10000000000002274	TimeIntervals	Lick
370.372	0.0999999999999659	TimeIntervals	Lick
371.372	0.0999999999999659	TimeIntervals	Lick
373.4725	0.0665000000000191	TimeIntervals	Lick
374.706	0.06649999999996226	TimeIntervals	Lick
375.13950000000006	0.0999999999999659	TimeIntervals	Lick
376.70625	0.10000000000002274	TimeIntervals	Lick
378.64000000000004	0.06649999999990541	TimeIntervals	Lick
379.77349999999996	0.1332500000000323	TimeIntervals	Lick
380.20675	0.10000000000002274	TimeIntervals	Lick
380.3734999999999	0.10000000000013642	TimeIntervals	Lick
381.07349999999997	0.06675000000007003	TimeIntervals	Lick
381.207	0.10000000000007958	TimeIntervals	Lick
382.80725000000007	0.06674999999995634	TimeIntervals	Lick
382.9405	0.06675000000001319	TimeIntervals	Lick
383.04049999999995	0.06675000000001319	TimeIntervals	Lick
383.14050000000003	0.10000000000002274	TimeIntervals	Lick
383.274	0.0665000000000191	TimeIntervals	Lick
383.374	0.10000000000002274	TimeIntervals	Lick
383.50725	0.06674999999995634	TimeIntervals	Lick
383.60724999999996	0.10024999999995998	TimeIntervals	Lick
383.74075	0.0999999999999659	TimeIntervals	Lick
383.874	0.06675000000001319	TimeIntervals	Lick
383.97400000000005	0.09999999999990905	TimeIntervals	Lick
384.1075	0.09999999999990905	TimeIntervals	Lick
384.24075	0.06675000000001319	TimeIntervals	Lick
384.374	0.06675000000001319	TimeIntervals	Lick
384.44075000000004	0.06674999999995634	TimeIntervals	Reward
384.47400000000005	0.09999999999990905	TimeIntervals	Lick
384.6075	0.2999999999999545	TimeIntervals	Lick
384.94100000000003	0.19999999999998863	TimeIntervals	Lick
385.17425000000003	0.19999999999998863	TimeIntervals	Lick
385.40749999999997	0.10000000000002274	TimeIntervals	Lick
385.541	0.19999999999998863	TimeIntervals	Lick
385.77425	0.10024999999995998	TimeIntervals	Lick
385.90774999999996	0.10000000000002274	TimeIntervals	Lick
386.041	0.10000000000002274	TimeIntervals	Lick
386.1745	0.0999999999999659	TimeIntervals	Lick
386.30775	0.0999999999999659	TimeIntervals	Lick
386.44100000000003	0.0999999999999659	TimeIntervals	Lick
386.5745	0.10000000000002274	TimeIntervals	Lick
386.741	0.10000000000002274	TimeIntervals	Lick
386.87449999999995	0.23349999999999227	TimeIntervals	Lick
387.14124999999996	0.10000000000007958	TimeIntervals	Lick
387.308	0.06649999999996226	TimeIntervals	Lick
387.408	0.10000000000002274	TimeIntervals	Lick
388.00800000000004	0.09999999999990905	TimeIntervals	Lick
388.47475000000003	0.0999999999999659	TimeIntervals	Lick
389.30825	0.13325000000008913	TimeIntervals	Lick
390.94175	0.06674999999995634	TimeIntervals	Lick
391.80850000000004	0.0999999999999659	TimeIntervals	Lick
393.0755	0.10000000000002274	TimeIntervals	Lick
395.2425	0.0665000000000191	TimeIntervals	Lick
395.509	0.06674999999995634	TimeIntervals	Lick
397.97625	0.0999999999999659	TimeIntervals	Lick
400.07649999999995	0.06675000000007003	TimeIntervals	Lick
402.07675	0.06675000000007003	TimeIntervals	Lick
402.81025000000005	0.0999999999999659	TimeIntervals	Lick
404.81050000000005	0.0667499999998995	TimeIntervals	Lick
404.944	0.06649999999990541	TimeIntervals	Lick
409.27799999999996	0.0665000000000191	TimeIntervals	Lick
409.41125	0.06674999999995634	TimeIntervals	Lick
409.51125	0.10000000000002274	TimeIntervals	Lick
409.67800000000005	0.09999999999990905	TimeIntervals	Lick
409.81125	0.06675000000001319	TimeIntervals	Lick
409.91125000000005	0.10024999999990314	TimeIntervals	Lick
410.04474999999996	0.10000000000007958	TimeIntervals	Lick
410.17800000000005	0.09999999999990905	TimeIntervals	Lick
410.3115	0.10000000000002274	TimeIntervals	Lick
410.44475	0.06674999999995634	TimeIntervals	Lick
410.57800000000003	0.06675000000001319	TimeIntervals	Lick
410.7115	0.06649999999996226	TimeIntervals	Lick
410.8115	0.10000000000002274	TimeIntervals	Lick
410.97799999999995	0.06675000000001319	TimeIntervals	Lick
411.07800000000003	0.10024999999995998	TimeIntervals	Lick
411.2115	0.10000000000002274	TimeIntervals	Lick
411.345	0.0999999999999659	TimeIntervals	Lick
411.47825	0.0999999999999659	TimeIntervals	Lick
411.61150000000004	0.0999999999999659	TimeIntervals	Lick
411.745	0.10000000000002274	TimeIntervals	Lick
411.91150000000005	0.09999999999990905	TimeIntervals	Lick
412.045	0.0999999999999659	TimeIntervals	Lick
412.21175	0.0667499999998995	TimeIntervals	Lick
412.41175000000004	0.06675000000001319	TimeIntervals	Lick
413.11175000000003	0.06674999999995634	TimeIntervals	Lick
413.21175	0.10025000000001683	TimeIntervals	Lick
413.34525	0.0999999999999659	TimeIntervals	Lick
413.47850000000005	0.0667499999998995	TimeIntervals	Lick
413.57849999999996	0.10000000000002274	TimeIntervals	Lick
413.71200000000005	0.0999999999999659	TimeIntervals	Lick
413.84525	0.06675000000001319	TimeIntervals	Lick
413.94525	0.0999999999999659	TimeIntervals	Lick
414.07849999999996	0.10000000000002274	TimeIntervals	Lick
414.21200000000005	0.0999999999999659	TimeIntervals	Lick
414.34525	0.10025000000001683	TimeIntervals	Lick
414.47875	0.39999999999997726	TimeIntervals	Lick
414.47875	0.0999999999999659	TimeIntervals	Reward
414.91200000000003	0.06674999999995634	TimeIntervals	Lick
415.012	0.10000000000002274	TimeIntervals	Lick
415.1455	0.20000000000004547	TimeIntervals	Lick
415.37874999999997	0.10025000000001683	TimeIntervals	Lick
415.51225	0.10000000000002274	TimeIntervals	Lick
415.6455	0.0999999999999659	TimeIntervals	Lick
415.779	0.0999999999999659	TimeIntervals	Lick
415.91225000000003	0.0999999999999659	TimeIntervals	Lick
416.04549999999995	0.06675000000007003	TimeIntervals	Lick
416.1455	0.0999999999999659	TimeIntervals	Lick
416.279	0.0999999999999659	TimeIntervals	Lick
416.41225000000003	0.0999999999999659	TimeIntervals	Lick
416.54549999999995	0.10025000000001683	TimeIntervals	Lick
416.67900000000003	0.0999999999999659	TimeIntervals	Lick
416.8125	0.0999999999999659	TimeIntervals	Lick
416.94575000000003	0.5	TimeIntervals	Lick
417.479	0.0999999999999659	TimeIntervals	Lick
417.61249999999995	0.2335000000000491	TimeIntervals	Lick
417.87925	0.0999999999999659	TimeIntervals	Lick
418.0125	0.0999999999999659	TimeIntervals	Lick
418.146	0.09999999999990905	TimeIntervals	Lick
418.27925	0.10000000000002274	TimeIntervals	Lick
418.446	0.06649999999996226	TimeIntervals	Lick
418.57924999999994	0.06675000000007003	TimeIntervals	Lick
418.7459999999999	0.06675000000007003	TimeIntervals	Lick
419.17949999999996	0.0999999999999659	TimeIntervals	Lick
419.346	0.13349999999996953	TimeIntervals	Lick
419.546	0.10000000000002274	TimeIntervals	Lick
419.7459999999999	0.06675000000007003	TimeIntervals	Lick
419.87949999999995	0.10000000000002274	TimeIntervals	Lick
420.04625	0.10000000000002274	TimeIntervals	Lick
420.21299999999997	0.10000000000002274	TimeIntervals	Lick
420.34625	0.10000000000002274	TimeIntervals	Lick
420.513	0.0665000000000191	TimeIntervals	Lick
420.64625	0.0999999999999659	TimeIntervals	Lick
420.7794999999999	0.10000000000002274	TimeIntervals	Lick
420.913	0.0999999999999659	TimeIntervals	Lick
421.0465	0.10000000000002274	TimeIntervals	Lick
421.17975	0.0999999999999659	TimeIntervals	Lick
421.313	0.10000000000002274	TimeIntervals	Lick
421.4465	0.0999999999999659	TimeIntervals	Lick
421.57974999999993	0.10000000000007958	TimeIntervals	Lick
421.71299999999997	0.10000000000002274	TimeIntervals	Lick
421.84650000000005	0.0999999999999659	TimeIntervals	Lick
421.97975	0.10024999999990314	TimeIntervals	Lick
422.11324999999994	0.10000000000002274	TimeIntervals	Lick
422.24649999999997	0.10000000000007958	TimeIntervals	Lick
422.38	0.10000000000007958	TimeIntervals	Lick
422.51324999999997	0.0999999999999659	TimeIntervals	Lick
422.9465	0.0999999999999659	TimeIntervals	Lick
423.68	0.06675000000001319	TimeIntervals	Lick
424.6135	0.06675000000001319	TimeIntervals	Lick
424.747	0.06649999999996226	TimeIntervals	Lick
424.88025	0.0999999999999659	TimeIntervals	Lick
425.08025	0.06675000000007003	TimeIntervals	Lick
426.6805	0.06674999999995634	TimeIntervals	Lick
426.7805	0.0999999999999659	TimeIntervals	Lick
426.91400000000004	0.0999999999999659	TimeIntervals	Lick
427.04725	0.06674999999995634	TimeIntervals	Lick
427.14725000000004	0.09999999999990905	TimeIntervals	Lick
427.2805	0.1999999999999318	TimeIntervals	Lick
427.514	0.0999999999999659	TimeIntervals	Lick
427.6475	0.19999999999998863	TimeIntervals	Lick
427.91400000000004	0.0667499999998995	TimeIntervals	Lick
428.014	0.0999999999999659	TimeIntervals	Lick
428.1475	0.0999999999999659	TimeIntervals	Lick
428.28074999999995	0.10000000000002274	TimeIntervals	Lick
428.41400000000004	0.0999999999999659	TimeIntervals	Lick
428.54749999999996	0.10000000000002274	TimeIntervals	Lick
428.54749999999996	0.10000000000002274	TimeIntervals	Reward
428.681	0.2665000000000646	TimeIntervals	Lick
428.981	0.19999999999998863	TimeIntervals	Lick
429.21425	0.10000000000002274	TimeIntervals	Lick
429.34749999999997	0.19999999999998863	TimeIntervals	Lick
429.58099999999996	0.10000000000002274	TimeIntervals	Lick
429.74749999999995	0.06700000000000728	TimeIntervals	Lick
429.84774999999996	0.20000000000004547	TimeIntervals	Lick
430.08099999999996	0.10000000000002274	TimeIntervals	Lick
430.21450000000004	0.09999999999990905	TimeIntervals	Lick
430.34774999999996	0.10000000000007958	TimeIntervals	Lick
430.481	0.3669999999999618	TimeIntervals	Lick
430.88124999999997	0.10000000000002274	TimeIntervals	Lick
431.0145	0.10000000000002274	TimeIntervals	Lick
431.1480000000001	0.09999999999990905	TimeIntervals	Lick
431.28125	0.0999999999999659	TimeIntervals	Lick
431.41450000000003	0.0999999999999659	TimeIntervals	Lick
431.54799999999994	0.10000000000013642	TimeIntervals	Lick
431.68125000000003	0.0999999999999659	TimeIntervals	Lick
431.81449999999995	0.10000000000007958	TimeIntervals	Lick
431.948	0.0999999999999659	TimeIntervals	Lick
432.08149999999995	0.10000000000007958	TimeIntervals	Lick
432.248	0.06675000000001319	TimeIntervals	Lick
432.3815	0.0999999999999659	TimeIntervals	Lick
432.51475000000005	0.09999999999990905	TimeIntervals	Lick
432.6480000000001	0.09999999999990905	TimeIntervals	Lick
433.11499999999995	0.06650000000007594	TimeIntervals	Lick
433.58149999999995	0.10000000000007958	TimeIntervals	Lick
434.88174999999995	0.10000000000002274	TimeIntervals	Lick
435.682	0.06649999999990541	TimeIntervals	Lick
436.4155	0.10000000000002274	TimeIntervals	Lick
437.21549999999996	0.10000000000002274	TimeIntervals	Lick
437.58225000000004	0.10000000000002274	TimeIntervals	Lick
438.08225000000004	0.1332499999999186	TimeIntervals	Lick
439.0489999999999	0.10000000000013642	TimeIntervals	Lick
439.5489999999999	0.13350000000008322	TimeIntervals	Lick
440.6825	0.06699999999989359	TimeIntervals	Lick
440.81600000000003	0.0667499999998995	TimeIntervals	Lick
440.9495	0.06649999999996226	TimeIntervals	Lick
441.08275	0.10000000000002274	TimeIntervals	Lick
441.2159999999999	0.06675000000001319	TimeIntervals	Lick
441.31600000000003	0.1999999999999318	TimeIntervals	Lick
441.5495	0.19999999999987494	TimeIntervals	Lick
441.7827499999999	0.10025000000001683	TimeIntervals	Lick
441.91625000000005	0.0667499999998995	TimeIntervals	Lick
442.01624999999996	0.10000000000007958	TimeIntervals	Lick
442.14950000000005	0.06674999999995634	TimeIntervals	Lick
442.28299999999996	0.0665000000000191	TimeIntervals	Lick
442.3829999999999	0.10000000000002274	TimeIntervals	Lick
442.51624999999996	0.10000000000007958	TimeIntervals	Lick
442.61625000000004	0.0999999999999659	TimeIntervals	Reward
442.64950000000005	0.40024999999997135	TimeIntervals	Lick
443.083	0.0999999999999659	TimeIntervals	Lick
443.2165	0.06649999999996226	TimeIntervals	Lick
443.3165000000001	0.0999999999999659	TimeIntervals	Lick
443.44975	0.10000000000002274	TimeIntervals	Lick
443.583	0.0999999999999659	TimeIntervals	Lick
443.7165	0.06649999999996226	TimeIntervals	Lick
443.8165000000001	0.0999999999999659	TimeIntervals	Lick
443.94975	0.10024999999995998	TimeIntervals	Lick
444.08324999999996	0.19999999999998863	TimeIntervals	Lick
444.3165000000001	0.0999999999999659	TimeIntervals	Lick
444.45	0.0999999999999659	TimeIntervals	Lick
444.61650000000003	0.06674999999995634	TimeIntervals	Lick
444.7165	0.10000000000007958	TimeIntervals	Lick
444.84999999999997	0.19999999999998863	TimeIntervals	Lick
445.0835	0.19999999999998863	TimeIntervals	Lick
445.31675	0.10000000000002274	TimeIntervals	Lick
445.45	0.0999999999999659	TimeIntervals	Lick
445.5835	0.10000000000002274	TimeIntervals	Lick
445.71675	0.10000000000002274	TimeIntervals	Lick
445.84999999999997	0.33350000000007185	TimeIntervals	Lick
446.25025	0.20000000000004547	TimeIntervals	Lick
446.4835	0.10000000000002274	TimeIntervals	Lick
446.61699999999996	0.10000000000002274	TimeIntervals	Lick
446.75025	0.10000000000007958	TimeIntervals	Lick
446.88349999999997	0.10000000000002274	TimeIntervals	Lick
447.05024999999995	0.06675000000001319	TimeIntervals	Lick
447.18350000000004	0.0999999999999659	TimeIntervals	Lick
447.317	0.23349999999999227	TimeIntervals	Lick
447.58375	0.06674999999995634	TimeIntervals	Lick
447.68375	0.06675000000001319	TimeIntervals	Lick
447.817	0.2999999999999545	TimeIntervals	Lick
448.2505	0.0665000000000191	TimeIntervals	Lick
448.41725	0.2999999999999545	TimeIntervals	Lick
448.884	0.0665000000000191	TimeIntervals	Lick
449.3505	0.06675000000001319	TimeIntervals	Lick
449.5175	0.10000000000002274	TimeIntervals	Lick
449.78399999999993	0.06675000000007003	TimeIntervals	Lick
449.884	0.16674999999992224	TimeIntervals	Lick
450.6175	0.13349999999996953	TimeIntervals	Lick
451.0175	0.10000000000002274	TimeIntervals	Lick
451.28424999999993	0.06675000000007003	TimeIntervals	Lick
451.451	0.0999999999999659	TimeIntervals	Lick
451.71775	0.06674999999995634	TimeIntervals	Lick
451.8845	0.10000000000007958	TimeIntervals	Lick
452.0845	0.1332500000000323	TimeIntervals	Lick
452.451	0.0999999999999659	TimeIntervals	Lick
456.31850000000003	0.10000000000002274	TimeIntervals	Lick
459.01875	0.10000000000002274	TimeIntervals	Lick
459.819	0.10000000000002274	TimeIntervals	Lick
462.61925	0.06674999999995634	TimeIntervals	Lick
463.1195000000001	0.09999999999985221	TimeIntervals	Lick
463.25274999999993	0.10000000000002274	TimeIntervals	Lick
465.153	0.06674999999995634	TimeIntervals	Lick
466.21999999999997	0.0665000000000191	TimeIntervals	Lick
466.4865	0.06674999999995634	TimeIntervals	Lick
466.58649999999994	0.06675000000012687	TimeIntervals	Lick
466.6865	0.0999999999999659	TimeIntervals	Lick
466.82	0.19999999999998863	TimeIntervals	Lick
467.0535	0.19999999999998863	TimeIntervals	Lick
467.28675	0.06675000000001319	TimeIntervals	Lick
467.38675	0.10000000000002274	TimeIntervals	Lick
467.52	0.06675000000001319	TimeIntervals	Lick
467.62	0.0999999999999659	TimeIntervals	Lick
467.7535	0.10000000000002274	TimeIntervals	Lick
467.88675	0.06675000000001319	TimeIntervals	Lick
467.98675000000003	0.0999999999999659	TimeIntervals	Lick
468.12	0.10024999999995998	TimeIntervals	Lick
468.2535	0.06675000000001319	TimeIntervals	Lick
468.3535	0.10000000000002274	TimeIntervals	Lick
468.487	0.0999999999999659	TimeIntervals	Lick
468.62025000000006	0.09999999999990905	TimeIntervals	Lick
468.72024999999996	0.03325000000000955	TimeIntervals	Reward
468.7535	0.06675000000001319	TimeIntervals	Lick
468.887	0.166499999999985	TimeIntervals	Lick
469.087	0.33350000000007185	TimeIntervals	Lick
469.45375	0.06675000000001319	TimeIntervals	Lick
469.55375000000004	0.1999999999999318	TimeIntervals	Lick
469.7869999999999	0.10000000000007958	TimeIntervals	Lick
469.92050000000006	0.0999999999999659	TimeIntervals	Lick
470.05375000000004	0.0999999999999659	TimeIntervals	Lick
470.187	0.20024999999998272	TimeIntervals	Lick
470.42050000000006	0.0999999999999659	TimeIntervals	Lick
470.55400000000003	0.0999999999999659	TimeIntervals	Lick
470.68725	0.0999999999999659	TimeIntervals	Lick
470.82050000000004	0.10000000000002274	TimeIntervals	Lick
470.954	0.10000000000002274	TimeIntervals	Lick
471.0872499999999	0.10000000000007958	TimeIntervals	Lick
471.25399999999996	0.10000000000002274	TimeIntervals	Lick
471.38725	0.10024999999995998	TimeIntervals	Lick
471.55400000000003	0.06674999999995634	TimeIntervals	Lick
471.654	0.13349999999996953	TimeIntervals	Lick
471.82075000000003	0.06675000000001319	TimeIntervals	Lick
471.954	0.10000000000002274	TimeIntervals	Lick
472.38750000000005	0.1332499999999186	TimeIntervals	Lick
474.521	0.10000000000002274	TimeIntervals	Lick
475.85474999999997	0.1332500000000323	TimeIntervals	Lick
476.78799999999995	0.10000000000002274	TimeIntervals	Lick
477.455	0.10000000000002274	TimeIntervals	Lick
477.72149999999993	0.10000000000007958	TimeIntervals	Lick
478.12175	0.06674999999995634	TimeIntervals	Lick
479.3885	0.10000000000002274	TimeIntervals	Lick
480.48875	0.0999999999999659	TimeIntervals	Lick
482.489	0.06675000000001319	TimeIntervals	Lick
483.2225	0.1332499999999186	TimeIntervals	Lick
484.5225	0.06675000000001319	TimeIntervals	Lick
485.45599999999996	0.10000000000002274	TimeIntervals	Lick
485.62275	0.06674999999995634	TimeIntervals	Lick
485.75625	0.06674999999995634	TimeIntervals	Lick
485.85624999999993	0.10000000000007958	TimeIntervals	Lick
485.9895	0.06674999999995634	TimeIntervals	Lick
486.08950000000004	0.09999999999990905	TimeIntervals	Lick
486.22299999999996	0.10000000000002274	TimeIntervals	Lick
486.35624999999993	0.06675000000012687	TimeIntervals	Lick
486.45625	0.0999999999999659	TimeIntervals	Lick
486.58950000000004	0.06674999999995634	TimeIntervals	Lick
486.68949999999995	0.0999999999999659	TimeIntervals	Lick
486.823	0.10000000000007958	TimeIntervals	Lick
486.95649999999995	0.06650000000013279	TimeIntervals	Lick
487.0564999999999	0.06650000000013279	TimeIntervals	Lick
487.15650000000005	0.0999999999999659	TimeIntervals	Lick
487.28975	0.10000000000002274	TimeIntervals	Lick
487.42300000000006	0.10000000000002274	TimeIntervals	Lick
487.5564999999999	0.06650000000013279	TimeIntervals	Lick
487.65650000000005	0.0999999999999659	TimeIntervals	Lick
487.7565	0.09999999999990905	TimeIntervals	Reward
487.78975	0.4002499999999145	TimeIntervals	Lick
488.22325	0.10000000000002274	TimeIntervals	Lick
488.3564999999999	0.06675000000012687	TimeIntervals	Lick
488.45649999999995	0.0999999999999659	TimeIntervals	Lick
488.59	0.20000000000004547	TimeIntervals	Lick
488.82325000000003	0.10000000000002274	TimeIntervals	Lick
488.98999999999995	0.19999999999998863	TimeIntervals	Lick
489.22349999999994	0.10000000000007958	TimeIntervals	Lick
489.35675	0.19999999999998863	TimeIntervals	Lick
489.6235	0.0999999999999659	TimeIntervals	Lick
489.75675	0.0999999999999659	TimeIntervals	Lick
489.9235000000001	0.06649999999990541	TimeIntervals	Lick
490.0235	0.0999999999999659	TimeIntervals	Lick
490.157	0.0999999999999659	TimeIntervals	Lick
490.29024999999996	0.10000000000007958	TimeIntervals	Lick
490.4235000000001	0.09999999999990905	TimeIntervals	Lick
490.5570000000001	0.19999999999987494	TimeIntervals	Lick
490.79024999999996	0.10000000000007958	TimeIntervals	Lick
490.9235000000001	0.09999999999990905	TimeIntervals	Lick
491.0570000000001	0.09999999999990905	TimeIntervals	Lick
491.1905	0.0999999999999659	TimeIntervals	Lick
491.32375	0.10000000000002274	TimeIntervals	Lick
491.457	0.10000000000007958	TimeIntervals	Lick
491.5905000000001	0.09999999999990905	TimeIntervals	Lick
491.72375	0.39999999999997726	TimeIntervals	Lick
492.157	0.0999999999999659	TimeIntervals	Lick
492.29049999999995	0.10000000000007958	TimeIntervals	Lick
492.45725000000004	0.06674999999995634	TimeIntervals	Lick
492.6240000000001	0.06649999999990541	TimeIntervals	Lick
492.72400000000005	0.09999999999990905	TimeIntervals	Lick
492.85724999999996	0.10000000000007958	TimeIntervals	Lick
492.9905	0.19999999999998863	TimeIntervals	Lick
493.22400000000005	0.09999999999990905	TimeIntervals	Lick
493.35724999999996	0.10024999999995998	TimeIntervals	Lick
493.49074999999993	0.10000000000013642	TimeIntervals	Lick
493.6575000000001	0.06649999999996226	TimeIntervals	Lick
493.79074999999995	0.13325000000008913	TimeIntervals	Lick
494.09075000000007	0.13324999999997544	TimeIntervals	Lick
494.4574999999999	0.0999999999999659	TimeIntervals	Lick
494.62424999999996	0.06675000000001319	TimeIntervals	Lick
494.79100000000005	0.23324999999999818	TimeIntervals	Lick
496.05774999999994	0.06675000000007003	TimeIntervals	Lick
496.391	0.0999999999999659	TimeIntervals	Lick
496.82450000000006	0.0999999999999659	TimeIntervals	Reward
496.958	0.3000000000000682	TimeIntervals	Lick
497.29124999999993	0.06675000000001319	TimeIntervals	Lick
497.39125	0.19999999999998863	TimeIntervals	Lick
497.6245	0.0999999999999659	TimeIntervals	Lick
497.7580000000001	0.0667499999998995	TimeIntervals	Lick
497.85799999999995	0.10000000000007958	TimeIntervals	Lick
497.99150000000003	0.1999999999999318	TimeIntervals	Lick
498.22475000000003	0.0999999999999659	TimeIntervals	Lick
498.35799999999995	0.06675000000012687	TimeIntervals	Lick
498.458	0.0999999999999659	TimeIntervals	Lick
498.5915	0.19999999999998863	TimeIntervals	Lick
498.85799999999995	0.06700000000012096	TimeIntervals	Lick
498.95825	0.0999999999999659	TimeIntervals	Lick
499.0915	0.19999999999998863	TimeIntervals	Lick
499.32500000000005	0.10000000000002274	TimeIntervals	Lick
499.45825	0.0999999999999659	TimeIntervals	Lick
499.5915	0.19999999999998863	TimeIntervals	Lick
499.82500000000005	0.10000000000002274	TimeIntervals	Lick
499.95825	0.10024999999990314	TimeIntervals	Lick
500.09175000000005	0.0999999999999659	TimeIntervals	Lick
500.22499999999997	0.10000000000007958	TimeIntervals	Lick
500.35849999999994	0.10000000000007958	TimeIntervals	Lick
500.49174999999997	0.10000000000007958	TimeIntervals	Lick
500.625	0.0999999999999659	TimeIntervals	Lick
500.75849999999997	0.0999999999999659	TimeIntervals	Lick
500.89174999999994	0.10000000000002274	TimeIntervals	Lick
501.02500000000003	0.10024999999995998	TimeIntervals	Lick
501.25849999999997	0.13349999999996953	TimeIntervals	Lick
501.42525	0.10000000000007958	TimeIntervals	Lick
501.62525	0.0999999999999659	TimeIntervals	Lick
501.9585	0.06675000000007003	TimeIntervals	Lick
502.1585	0.10024999999995998	TimeIntervals	Lick
502.3255	0.06649999999996226	TimeIntervals	Lick
502.42550000000006	0.10000000000007958	TimeIntervals	Lick
502.59200000000004	0.0999999999999659	TimeIntervals	Lick
502.7255	0.0999999999999659	TimeIntervals	Lick
502.85875	0.0999999999999659	TimeIntervals	Lick
503.02550000000014	0.06649999999990541	TimeIntervals	Lick
503.89225	0.10000000000002274	TimeIntervals	Lick
504.0589999999999	0.06650000000007594	TimeIntervals	Lick
504.159	0.0999999999999659	TimeIntervals	Lick
504.2922499999999	0.10025000000007367	TimeIntervals	Lick
504.42575000000005	0.0999999999999659	TimeIntervals	Lick
504.5589999999999	0.10000000000007958	TimeIntervals	Lick
504.6925000000001	0.06649999999984857	TimeIntervals	Lick
504.79249999999996	0.10000000000002274	TimeIntervals	Lick
504.92575000000005	0.0999999999999659	TimeIntervals	Lick
505.0589999999999	0.10000000000007958	TimeIntervals	Lick
505.22575	0.0999999999999659	TimeIntervals	Lick
505.359	0.0999999999999659	TimeIntervals	Lick
505.49249999999995	0.10000000000007958	TimeIntervals	Lick
505.6259999999999	0.06650000000018963	TimeIntervals	Lick
505.726	0.10000000000007958	TimeIntervals	Lick
505.8260000000001	0.06649999999990541	TimeIntervals	Reward
505.8925	0.06675000000001319	TimeIntervals	Lick
505.99249999999995	1.2002500000000396	TimeIntervals	Lick
507.226	0.10000000000007958	TimeIntervals	Lick
507.35949999999997	0.10000000000007958	TimeIntervals	Lick
507.49275000000006	0.0999999999999659	TimeIntervals	Lick
507.6259999999999	0.10025000000001683	TimeIntervals	Lick
507.7595	0.0999999999999659	TimeIntervals	Lick
507.893	0.10000000000007958	TimeIntervals	Lick
508.02624999999995	0.10000000000013642	TimeIntervals	Lick
508.15950000000004	0.0999999999999659	TimeIntervals	Lick
508.32625	0.06674999999995634	TimeIntervals	Lick
508.42625	0.1332500000000323	TimeIntervals	Lick
508.593	0.1332499999999186	TimeIntervals	Lick
508.7595	0.10025000000007367	TimeIntervals	Lick
508.95975000000004	0.06675000000001319	TimeIntervals	Lick
509.093	0.06674999999995634	TimeIntervals	Lick
509.2597499999999	0.03325000000012324	TimeIntervals	Lick
509.4265	0.1332499999999186	TimeIntervals	Lick
509.99325	0.0999999999999659	TimeIntervals	Lick
510.29325	0.06675000000001319	TimeIntervals	Lick
510.4265	0.2335000000000491	TimeIntervals	Lick
510.7265	0.10000000000002274	TimeIntervals	Lick
511.16	0.0999999999999659	TimeIntervals	Lick
511.52675	0.06674999999995634	TimeIntervals	Lick
511.62675	0.0999999999999659	TimeIntervals	Lick
511.7935	0.1332500000000323	TimeIntervals	Lick
511.9600000000001	0.0999999999999659	TimeIntervals	Lick
512.2270000000001	0.09999999999990905	TimeIntervals	Lick
512.5602500000001	0.06674999999995634	TimeIntervals	Lick
513.1270000000001	0.10000000000002274	TimeIntervals	Lick
513.7937499999999	0.10000000000013642	TimeIntervals	Lick
515.1940000000001	0.10000000000002274	TimeIntervals	Lick
516.461	0.10000000000002274	TimeIntervals	Lick
518.4945	0.0665000000000191	TimeIntervals	Lick
519.0945000000002	0.09999999999990905	TimeIntervals	Lick
519.8615000000001	0.10000000000002274	TimeIntervals	Lick
521.6615	0.10000000000002274	TimeIntervals	Lick
521.8615000000001	0.06699999999989359	TimeIntervals	Lick
521.96175	0.10000000000002274	TimeIntervals	Lick
524.362	0.10000000000013642	TimeIntervals	Lick
525.5955	0.06674999999995634	TimeIntervals	Lick
525.7290000000002	0.06649999999990541	TimeIntervals	Lick
525.8622500000001	0.06674999999995634	TimeIntervals	Lick
525.9955	0.06675000000007003	TimeIntervals	Lick
526.0955	0.10000000000013642	TimeIntervals	Lick
526.2290000000002	0.09999999999979536	TimeIntervals	Lick
526.3625000000001	0.0665000000000191	TimeIntervals	Lick
526.4625000000001	0.09999999999990905	TimeIntervals	Lick
526.5957500000001	0.1999999999998181	TimeIntervals	Lick
526.829	0.10000000000013642	TimeIntervals	Lick
526.9625000000001	0.1999999999999318	TimeIntervals	Lick
527.1957500000001	0.09999999999979536	TimeIntervals	Lick
527.329	0.10000000000013642	TimeIntervals	Lick
527.4625000000001	0.06674999999995634	TimeIntervals	Lick
527.5625	0.10000000000002274	TimeIntervals	Lick
527.6959999999999	0.10000000000002274	TimeIntervals	Lick
527.82925	0.09999999999990905	TimeIntervals	Lick
527.8625000000001	0.10000000000002274	TimeIntervals	Reward
527.9625000000001	0.36674999999991087	TimeIntervals	Lick
528.3625000000001	0.10000000000002274	TimeIntervals	Lick
528.4960000000001	0.1999999999998181	TimeIntervals	Lick
528.7295	0.09999999999990905	TimeIntervals	Lick
528.86275	0.1999999999999318	TimeIntervals	Lick
529.096	0.09999999999990905	TimeIntervals	Lick
529.26275	0.06674999999995634	TimeIntervals	Lick
529.36275	0.1999999999999318	TimeIntervals	Lick
529.6295	0.06674999999995634	TimeIntervals	Lick
529.7295	0.09999999999990905	TimeIntervals	Lick
529.863	0.10000000000002274	TimeIntervals	Lick
529.99625	0.1999999999999318	TimeIntervals	Lick
530.2295	0.09999999999990905	TimeIntervals	Lick
530.363	0.10000000000002274	TimeIntervals	Lick
530.49625	0.10000000000002274	TimeIntervals	Lick
530.6295	0.10000000000002274	TimeIntervals	Lick
530.7630000000001	0.09999999999990905	TimeIntervals	Lick
530.8965	0.10000000000002274	TimeIntervals	Lick
531.0297499999999	0.10000000000013642	TimeIntervals	Lick
531.163	0.10000000000013642	TimeIntervals	Lick
531.2965	0.09999999999990905	TimeIntervals	Lick
531.42975	0.09999999999990905	TimeIntervals	Lick
531.5630000000001	0.09999999999990905	TimeIntervals	Lick
531.7297500000001	0.1002499999998463	TimeIntervals	Lick
531.8632500000001	0.09999999999990905	TimeIntervals	Lick
532.03	0.10000000000013642	TimeIntervals	Lick
532.16325	0.06675000000007003	TimeIntervals	Lick
532.2632500000001	0.1999999999999318	TimeIntervals	Lick
532.4965	0.10000000000013642	TimeIntervals	Lick
532.66325	0.06675000000007003	TimeIntervals	Lick
532.7632500000001	0.10000000000002274	TimeIntervals	Lick
532.8965	0.10025000000007367	TimeIntervals	Lick
533.0635000000001	0.09999999999990905	TimeIntervals	Lick
533.23	0.09999999999990905	TimeIntervals	Lick
533.3635	0.09999999999990905	TimeIntervals	Lick
533.5635000000001	0.09999999999990905	TimeIntervals	Lick
533.7635	0.16649999999992815	TimeIntervals	Lick
534.097	0.10000000000002274	TimeIntervals	Lick
534.397	0.06649999999990541	TimeIntervals	Lick
535.097	0.06674999999995634	TimeIntervals	Lick
535.2637500000001	0.09999999999990905	TimeIntervals	Lick
535.9304999999999	0.10000000000002274	TimeIntervals	Lick
538.2640000000001	0.09999999999990905	TimeIntervals	Lick
538.631	0.06650000000013279	TimeIntervals	Lick
538.96425	0.10000000000002274	TimeIntervals	Lick
540.798	0.06649999999990541	TimeIntervals	Lick
542.1315000000001	0.10000000000002274	TimeIntervals	Lick
543.19825	0.10000000000002274	TimeIntervals	Lick
544.165	0.10000000000013642	TimeIntervals	Lick
545.032	0.10000000000002274	TimeIntervals	Lick
546.032	0.06649999999990541	TimeIntervals	Lick
546.4655	0.0665000000000191	TimeIntervals	Lick
546.59875	0.06675000000007003	TimeIntervals	Lick
546.732	0.06675000000007003	TimeIntervals	Lick
546.8320000000001	0.09999999999990905	TimeIntervals	Lick
546.9655	0.20000000000004547	TimeIntervals	Lick
547.199	0.06650000000013279	TimeIntervals	Lick
547.2990000000001	0.10000000000002274	TimeIntervals	Lick
547.43225	0.10000000000013642	TimeIntervals	Lick
547.5655000000002	0.06674999999984266	TimeIntervals	Lick
547.6655000000001	0.10000000000002274	TimeIntervals	Lick
547.7990000000001	0.0665000000000191	TimeIntervals	Lick
547.8990000000001	0.09999999999990905	TimeIntervals	Lick
548.0322500000001	0.06674999999995634	TimeIntervals	Lick
548.13225	0.10000000000002274	TimeIntervals	Lick
548.2655000000001	0.06700000000000728	TimeIntervals	Lick
548.3657500000002	0.09999999999990905	TimeIntervals	Lick
548.499	0.1999999999999318	TimeIntervals	Lick
548.7325000000001	0.10000000000002274	TimeIntervals	Lick
548.8657500000002	0.09999999999990905	TimeIntervals	Lick
548.9325	0.0665000000000191	TimeIntervals	Reward
548.999	0.3000000000000682	TimeIntervals	Lick
549.3325000000001	0.1999999999999318	TimeIntervals	Lick
549.5660000000001	0.1999999999998181	TimeIntervals	Lick
549.7992500000001	0.10000000000002274	TimeIntervals	Lick
549.9325	0.06675000000007003	TimeIntervals	Lick
550.0325	0.23349999999993543	TimeIntervals	Lick
550.2992500000001	0.20024999999986903	TimeIntervals	Lick
550.5327500000001	0.09999999999990905	TimeIntervals	Lick
550.6660000000002	0.23349999999993543	TimeIntervals	Lick
550.93275	0.10000000000002274	TimeIntervals	Lick
551.0660000000001	0.10000000000002274	TimeIntervals	Lick
551.1995000000001	0.10000000000002274	TimeIntervals	Lick
551.33275	0.10000000000002274	TimeIntervals	Lick
551.466	0.10000000000013642	TimeIntervals	Lick
551.633	0.0665000000000191	TimeIntervals	Lick
551.7662500000001	0.033249999999952706	TimeIntervals	Lick
551.933	0.10000000000002274	TimeIntervals	Lick
552.3662500000002	0.09999999999979536	TimeIntervals	Lick
552.9997500000001	0.06674999999995634	TimeIntervals	Lick
553.2665000000001	0.10000000000002274	TimeIntervals	Lick
553.8000000000001	0.13324999999997544	TimeIntervals	Lick
554.0665	0.10000000000013642	TimeIntervals	Lick
554.9000000000001	0.09999999999990905	TimeIntervals	Lick
555.06675	0.10000000000013642	TimeIntervals	Lick
557.8670000000001	0.10000000000002274	TimeIntervals	Lick
558.13375	0.10025000000007367	TimeIntervals	Lick
558.6672500000002	0.13324999999997544	TimeIntervals	Lick
560.8010000000002	0.09999999999979536	TimeIntervals	Lick
563.3345000000002	0.09999999999979536	TimeIntervals	Lick
564.7015000000001	0.10000000000002274	TimeIntervals	Lick
564.9682499999999	0.06674999999995634	TimeIntervals	Reward
565.135	0.2999999999999545	TimeIntervals	Lick
565.4682499999999	0.16675000000009277	TimeIntervals	Lick
565.6682500000001	0.06674999999995634	TimeIntervals	Lick
565.76825	0.20024999999998272	TimeIntervals	Lick
566.00175	0.20000000000004547	TimeIntervals	Lick
566.235	0.10000000000013642	TimeIntervals	Lick
566.3685000000002	0.06649999999979173	TimeIntervals	Lick
566.4685	0.20000000000004547	TimeIntervals	Lick
566.7017500000001	0.10000000000002274	TimeIntervals	Lick
566.8350000000002	0.09999999999979536	TimeIntervals	Lick
566.9685	0.20000000000004547	TimeIntervals	Lick
567.2020000000001	0.09999999999990905	TimeIntervals	Lick
567.3352500000001	0.09999999999990905	TimeIntervals	Lick
567.502	0.10000000000013642	TimeIntervals	Lick
567.63525	0.10000000000002274	TimeIntervals	Lick
567.902	0.09999999999990905	TimeIntervals	Lick
568.0352499999999	0.13350000000014006	TimeIntervals	Lick
568.2355000000001	0.09999999999990905	TimeIntervals	Lick
568.5687500000001	0.09999999999990905	TimeIntervals	Lick
568.7687500000001	0.06674999999995634	TimeIntervals	Lick
568.96875	0.10000000000013642	TimeIntervals	Lick
569.1690000000001	0.0665000000000191	TimeIntervals	Lick
569.3355	0.09999999999990905	TimeIntervals	Lick
569.469	0.10000000000002274	TimeIntervals	Lick
569.6355	0.10000000000013642	TimeIntervals	Lick
569.80225	0.06675000000007003	TimeIntervals	Lick
569.9354999999999	0.20000000000004547	TimeIntervals	Lick
570.1690000000001	0.09999999999990905	TimeIntervals	Lick
570.3025	0.10000000000002274	TimeIntervals	Lick
570.43575	0.10000000000002274	TimeIntervals	Lick
570.5690000000001	0.10000000000002274	TimeIntervals	Lick
570.7025000000001	0.09999999999990905	TimeIntervals	Lick
570.8357500000002	0.09999999999979536	TimeIntervals	Lick
570.969	0.10000000000002274	TimeIntervals	Lick
571.1025000000001	0.10000000000002274	TimeIntervals	Lick
571.23575	0.10025000000007367	TimeIntervals	Lick
571.3692500000002	0.09999999999990905	TimeIntervals	Lick
571.5024999999999	0.10000000000013642	TimeIntervals	Lick
571.636	0.10000000000013642	TimeIntervals	Lick
571.8025	0.06675000000018372	TimeIntervals	Lick
571.9025	0.09999999999990905	TimeIntervals	Lick
572.036	0.10000000000002274	TimeIntervals	Lick
572.1692500000001	0.09999999999979536	TimeIntervals	Lick
572.3360000000001	0.09999999999990905	TimeIntervals	Lick
572.4695	0.10000000000002274	TimeIntervals	Lick
572.636	0.10000000000013642	TimeIntervals	Lick
572.8027500000002	0.06674999999995634	TimeIntervals	Lick
573.8030000000001	0.09999999999990905	TimeIntervals	Lick
574.3030000000001	0.09999999999990905	TimeIntervals	Lick
574.66975	0.16675000000009277	TimeIntervals	Lick
574.903	0.06675000000007003	TimeIntervals	Lick
576.5365	0.06675000000007003	TimeIntervals	Lick
576.6365	0.13350000000014006	TimeIntervals	Lick
578.8702500000002	0.06674999999972897	TimeIntervals	Lick
578.9702500000001	0.06674999999984266	TimeIntervals	Lick
579.0705000000002	0.09999999999990905	TimeIntervals	Lick
579.2037500000001	0.06674999999995634	TimeIntervals	Lick
579.30375	0.09999999999990905	TimeIntervals	Lick
579.4369999999999	0.10000000000002274	TimeIntervals	Lick
579.5705000000002	0.06649999999990541	TimeIntervals	Lick
579.6705000000001	0.10000000000002274	TimeIntervals	Lick
579.80375	0.06675000000007003	TimeIntervals	Lick
579.90375	0.10000000000013642	TimeIntervals	Lick
580.0369999999999	0.06675000000018372	TimeIntervals	Lick
580.1370000000001	0.10025000000007367	TimeIntervals	Lick
580.2705000000001	0.10000000000002274	TimeIntervals	Lick
580.404	0.10000000000002274	TimeIntervals	Lick
580.53725	0.06675000000018372	TimeIntervals	Lick
580.63725	0.10000000000013642	TimeIntervals	Lick
580.7705000000001	0.10000000000002274	TimeIntervals	Lick
580.904	0.10000000000002274	TimeIntervals	Lick
580.9705	0.10000000000013642	TimeIntervals	Reward
581.03725	0.36675000000002456	TimeIntervals	Lick
581.4375	0.09999999999990905	TimeIntervals	Lick
581.5707500000001	0.06674999999995634	TimeIntervals	Lick
581.7040000000001	0.06675000000007003	TimeIntervals	Lick
581.8040000000001	0.09999999999990905	TimeIntervals	Lick
581.9375	0.20000000000004547	TimeIntervals	Lick
582.2040000000001	0.06675000000007003	TimeIntervals	Lick
582.3040000000001	0.10024999999995998	TimeIntervals	Lick
582.4375	0.09999999999990905	TimeIntervals	Lick
582.5709999999999	0.20000000000015916	TimeIntervals	Lick
582.80425	0.10000000000002274	TimeIntervals	Lick
582.9375	0.09999999999990905	TimeIntervals	Lick
583.0709999999999	0.10000000000025011	TimeIntervals	Lick
583.2042500000001	0.09999999999990905	TimeIntervals	Lick
583.3375000000001	0.09999999999990905	TimeIntervals	Lick
583.471	0.33350000000007185	TimeIntervals	Lick
583.8377500000001	0.09999999999979536	TimeIntervals	Lick
583.971	0.09999999999990905	TimeIntervals	Lick
584.1045	0.10000000000013642	TimeIntervals	Lick
584.2710000000001	0.10000000000013642	TimeIntervals	Lick
584.4045000000001	0.09999999999990905	TimeIntervals	Lick
584.57125	0.06675000000007003	TimeIntervals	Lick
584.8712500000001	0.06674999999984266	TimeIntervals	Lick
585.138	0.10000000000013642	TimeIntervals	Lick
585.2712500000001	0.10000000000002274	TimeIntervals	Lick
585.7380000000002	0.09999999999990905	TimeIntervals	Lick
586.0047500000001	0.13324999999997544	TimeIntervals	Lick
586.7715000000002	0.1334999999999127	TimeIntervals	Lick
588.3050000000001	0.06675000000018372	TimeIntervals	Lick
588.9385	0.10000000000002274	TimeIntervals	Lick
590.1055	0.0665000000000191	TimeIntervals	Lick
590.2387500000001	0.06674999999995634	TimeIntervals	Lick
591.0055000000001	0.03324999999983902	TimeIntervals	Lick
591.2390000000001	0.06649999999990541	TimeIntervals	Lick
591.4055	0.06675000000007003	TimeIntervals	Lick
592.1722500000001	0.033249999999952706	TimeIntervals	Lick
592.339	0.09999999999990905	TimeIntervals	Lick
592.9725	0.10000000000002274	TimeIntervals	Lick
594.3725000000002	0.10024999999973261	TimeIntervals	Lick
595.006	0.10000000000002274	TimeIntervals	Lick
595.3727500000002	0.09999999999968168	TimeIntervals	Lick
596.7065	0.0665000000000191	TimeIntervals	Lick
597.23975	0.10000000000013642	TimeIntervals	Lick
597.473	0.10000000000002274	TimeIntervals	Lick
598.24	0.13325000000008913	TimeIntervals	Lick
598.47325	0.06674999999995634	TimeIntervals	Lick
599.8067500000001	0.10025000000007367	TimeIntervals	Lick
600.9735	0.10025000000007367	TimeIntervals	Lick
602.4405	0.06674999999995634	TimeIntervals	Lick
602.974	0.09999999999990905	TimeIntervals	Lick
604.541	0.06649999999990541	TimeIntervals	Lick
604.67425	0.06674999999995634	TimeIntervals	Lick
604.8075000000001	0.09999999999990905	TimeIntervals	Lick
604.97425	0.06675000000007003	TimeIntervals	Lick
605.07425	0.10000000000002274	TimeIntervals	Lick
605.2075000000001	0.10000000000002274	TimeIntervals	Lick
605.341	0.06675000000007003	TimeIntervals	Lick
605.441	0.10000000000002274	TimeIntervals	Lick
605.5745000000001	0.06649999999990541	TimeIntervals	Lick
605.6745	0.10000000000013642	TimeIntervals	Lick
605.8077500000002	0.09999999999990905	TimeIntervals	Lick
605.941	0.06674999999995634	TimeIntervals	Lick
606.041	0.1999999999999318	TimeIntervals	Lick
606.2745000000001	0.10000000000002274	TimeIntervals	Lick
606.4077500000001	0.06674999999984266	TimeIntervals	Lick
606.508	0.09999999999990905	TimeIntervals	Lick
606.64125	0.10000000000002274	TimeIntervals	Lick
606.7745000000001	0.06674999999984266	TimeIntervals	Lick
606.8745000000001	0.1999999999999318	TimeIntervals	Lick
607.0412500000001	0.09999999999990905	TimeIntervals	Reward
607.14125	0.36675000000002456	TimeIntervals	Lick
607.5412500000001	0.20024999999998272	TimeIntervals	Lick
607.77475	0.10000000000013642	TimeIntervals	Lick
607.9080000000001	0.09999999999990905	TimeIntervals	Lick
608.0415000000002	0.1999999999999318	TimeIntervals	Lick
608.27475	0.10000000000013642	TimeIntervals	Lick
608.4080000000001	0.09999999999990905	TimeIntervals	Lick
608.5415000000002	0.09999999999990905	TimeIntervals	Lick
608.6750000000001	0.0665000000000191	TimeIntervals	Lick
608.80825	0.06675000000007003	TimeIntervals	Lick
608.9082500000001	0.10000000000002274	TimeIntervals	Lick
609.0415000000002	0.09999999999990905	TimeIntervals	Lick
609.1750000000001	0.10000000000002274	TimeIntervals	Lick
609.30825	0.10000000000002274	TimeIntervals	Lick
609.4749999999999	0.06650000000024647	TimeIntervals	Lick
609.5750000000002	0.09999999999990905	TimeIntervals	Lick
609.7082500000001	0.10025000000007367	TimeIntervals	Lick
609.84175	0.09999999999990905	TimeIntervals	Lick
609.9749999999999	0.10000000000025011	TimeIntervals	Lick
610.1084999999999	0.06650000000013279	TimeIntervals	Lick
610.2085000000001	0.10000000000013642	TimeIntervals	Lick
610.34175	0.09999999999990905	TimeIntervals	Lick
610.4749999999999	0.10000000000025011	TimeIntervals	Lick
610.6084999999999	0.13325000000008913	TimeIntervals	Lick
610.7750000000001	0.10000000000002274	TimeIntervals	Lick
610.9085	0.09999999999990905	TimeIntervals	Lick
611.042	0.09999999999990905	TimeIntervals	Lick
611.2085000000001	0.10000000000013642	TimeIntervals	Lick
611.3420000000001	0.06649999999990541	TimeIntervals	Lick
611.442	0.10000000000002274	TimeIntervals	Lick
611.6084999999999	0.20000000000027285	TimeIntervals	Lick
611.87525	0.06674999999995634	TimeIntervals	Lick
612.042	0.8000000000000682	TimeIntervals	Lick
612.90875	0.13324999999997544	TimeIntervals	Lick
613.0755000000001	0.36674999999991087	TimeIntervals	Lick
613.4755	0.33350000000007185	TimeIntervals	Lick
613.84225	0.10000000000002274	TimeIntervals	Lick
614.009	0.06650000000013279	TimeIntervals	Lick
614.109	0.20000000000004547	TimeIntervals	Lick
614.3425000000001	0.13324999999986176	TimeIntervals	Lick
614.6757500000001	0.09999999999990905	TimeIntervals	Lick
614.9090000000001	0.06674999999984266	TimeIntervals	Lick
615.0425	0.0665000000000191	TimeIntervals	Lick
615.1425	0.39999999999997726	TimeIntervals	Lick
615.6425	0.4667499999999336	TimeIntervals	Lick
616.1425	0.06675000000007003	TimeIntervals	Lick
616.2425	0.26700000000005275	TimeIntervals	Lick
616.576	0.3000000000001819	TimeIntervals	Lick
616.94275	0.06674999999995634	TimeIntervals	Lick
617.076	0.3000000000001819	TimeIntervals	Lick
617.4095000000001	0.23349999999993543	TimeIntervals	Lick
617.6762500000001	0.36674999999991087	TimeIntervals	Lick
618.1095	0.2335000000000491	TimeIntervals	Lick
618.37625	1.500250000000051	TimeIntervals	Lick
619.91	0.20000000000004547	TimeIntervals	Lick
620.14325	0.20000000000004547	TimeIntervals	Lick
620.3765000000001	0.23349999999993543	TimeIntervals	Lick
620.7100000000002	0.1999999999998181	TimeIntervals	Lick
620.9435	0.16650000000004184	TimeIntervals	Lick
621.2435000000002	0.16649999999981446	TimeIntervals	Lick
621.4435	0.10000000000002274	TimeIntervals	Lick
621.6435	0.10000000000013642	TimeIntervals	Lick
621.8100000000002	0.23349999999982174	TimeIntervals	Lick
622.0770000000001	0.23324999999999818	TimeIntervals	Lick
622.3770000000001	0.20000000000004547	TimeIntervals	Lick
622.7102500000001	0.36675000000002456	TimeIntervals	Lick
623.177	0.3000000000000682	TimeIntervals	Lick
623.5770000000001	0.2335000000000491	TimeIntervals	Lick
623.94375	0.20024999999998272	TimeIntervals	Lick
624.17725	0.06675000000007003	TimeIntervals	Lick
624.4105	0.20000000000015916	TimeIntervals	Lick
624.7772500000001	0.06675000000007003	TimeIntervals	Lick
624.944	0.2335000000000491	TimeIntervals	Lick
625.244	0.10000000000013642	TimeIntervals	Lick
625.41075	0.06675000000007003	TimeIntervals	Lick
625.5107499999999	0.16675000000009277	TimeIntervals	Lick
625.8107500000001	0.23324999999999818	TimeIntervals	Lick
626.11075	0.10000000000013642	TimeIntervals	Lick
626.244	0.10025000000007367	TimeIntervals	Lick
626.6775	0.16675000000009277	TimeIntervals	Lick
627.1110000000001	0.06649999999990541	TimeIntervals	Lick
627.3445000000002	0.09999999999979536	TimeIntervals	Lick
627.8445000000002	0.09999999999979536	TimeIntervals	Lick
628.011	0.10000000000013642	TimeIntervals	Lick
628.3110000000001	0.09999999999979536	TimeIntervals	Lick
628.4445	0.10000000000002274	TimeIntervals	Lick
628.6112499999999	0.10000000000013642	TimeIntervals	Lick
628.7445	0.06675000000018372	TimeIntervals	Lick
628.8780000000002	0.09999999999990905	TimeIntervals	Lick
629.01125	0.09999999999990905	TimeIntervals	Lick
629.178	0.0665000000000191	TimeIntervals	Lick
629.3112500000002	0.09999999999979536	TimeIntervals	Lick
629.8780000000002	0.09999999999990905	TimeIntervals	Lick
631.0782500000001	0.06674999999995634	TimeIntervals	Lick
631.6115000000001	0.10000000000002274	TimeIntervals	Lick
631.7785000000001	0.06649999999990541	TimeIntervals	Lick
632.2785000000001	0.06649999999990541	TimeIntervals	Lick
632.6785	0.06650000000013279	TimeIntervals	Lick
632.7785000000001	0.06649999999990541	TimeIntervals	Lick
633.5785	0.10000000000002274	TimeIntervals	Lick
633.9455	0.0665000000000191	TimeIntervals	Lick
634.0787500000001	0.09999999999990905	TimeIntervals	Lick
634.2455000000001	0.10000000000002274	TimeIntervals	Lick
634.3787500000002	0.09999999999990905	TimeIntervals	Lick
634.5120000000001	0.06675000000007003	TimeIntervals	Lick
634.612	0.20000000000004547	TimeIntervals	Lick
634.8455000000001	0.09999999999990905	TimeIntervals	Lick
634.9787500000001	0.10024999999995998	TimeIntervals	Lick
635.1122500000001	0.09999999999990905	TimeIntervals	Lick
635.2455000000001	0.10000000000002274	TimeIntervals	Lick
635.3790000000001	0.09999999999990905	TimeIntervals	Lick
635.51225	0.06675000000007003	TimeIntervals	Lick
635.6122500000001	0.09999999999990905	TimeIntervals	Lick
635.7790000000001	0.0665000000000191	TimeIntervals	Lick
635.8790000000001	0.06649999999990541	TimeIntervals	Lick
636.01225	0.06675000000007003	TimeIntervals	Lick
636.1125000000001	0.10000000000002274	TimeIntervals	Lick
636.1457500000001	0.033249999999952706	TimeIntervals	Reward
636.24575	0.10000000000002274	TimeIntervals	Lick
636.3790000000001	0.1667499999997517	TimeIntervals	Lick
636.5790000000001	0.20000000000004547	TimeIntervals	Lick
636.8125000000001	0.0665000000000191	TimeIntervals	Lick
636.9124999999999	0.10000000000013642	TimeIntervals	Lick
637.0457499999999	0.06675000000018372	TimeIntervals	Lick
637.1457500000001	0.20024999999998272	TimeIntervals	Lick
637.3792500000001	0.09999999999990905	TimeIntervals	Lick
637.5125	0.10000000000002274	TimeIntervals	Lick
637.6460000000001	0.6332499999999754	TimeIntervals	Lick
638.3125000000001	0.1002499999998463	TimeIntervals	Lick
638.4459999999999	0.10000000000002274	TimeIntervals	Lick
638.5795000000002	0.09999999999979536	TimeIntervals	Lick
638.7127500000001	0.09999999999990905	TimeIntervals	Lick
638.8795000000001	0.09999999999990905	TimeIntervals	Lick
639.0459999999999	0.06675000000007003	TimeIntervals	Lick
639.3460000000001	0.06699999999989359	TimeIntervals	Lick
639.4795	0.10000000000013642	TimeIntervals	Lick
639.74625	0.10000000000013642	TimeIntervals	Lick
639.8795000000001	0.13350000000002638	TimeIntervals	Lick
640.04625	0.466750000000161	TimeIntervals	Lick
640.7130000000001	0.10000000000002274	TimeIntervals	Lick
640.8797500000002	0.09999999999990905	TimeIntervals	Lick
641.0465	0.10000000000013642	TimeIntervals	Lick
641.2130000000001	0.06674999999995634	TimeIntervals	Lick
641.3797500000002	0.3667499999997972	TimeIntervals	Lick
641.8132500000002	0.09999999999979536	TimeIntervals	Lick
642.6132500000001	0.06675000000007003	TimeIntervals	Lick
642.94675	0.13325000000008913	TimeIntervals	Lick
643.6135	0.13324999999997544	TimeIntervals	Lick
644.18025	0.10000000000013642	TimeIntervals	Reward
644.247	0.43325000000004366	TimeIntervals	Lick
644.7135	0.06675000000018372	TimeIntervals	Lick
644.8135000000002	0.09999999999979536	TimeIntervals	Lick
644.9469999999999	0.06675000000018372	TimeIntervals	Lick
645.0469999999999	0.10000000000013642	TimeIntervals	Lick
645.1805	0.06649999999990541	TimeIntervals	Lick
645.2805	0.10000000000025011	TimeIntervals	Lick
645.4137499999999	0.10000000000013642	TimeIntervals	Lick
645.5469999999999	0.06675000000007003	TimeIntervals	Lick
645.647	0.09999999999990905	TimeIntervals	Lick
645.7805	0.20000000000004547	TimeIntervals	Lick
646.0140000000001	0.09999999999990905	TimeIntervals	Lick
646.14725	0.06675000000007003	TimeIntervals	Lick
646.2472500000001	0.10000000000002274	TimeIntervals	Lick
646.3805000000002	0.09999999999979536	TimeIntervals	Lick
646.5140000000001	0.1999999999999318	TimeIntervals	Lick
646.7805	0.06675000000018372	TimeIntervals	Lick
646.8805000000002	0.1999999999998181	TimeIntervals	Lick
647.114	0.10000000000002274	TimeIntervals	Lick
647.2475000000001	0.1999999999999318	TimeIntervals	Lick
647.4807500000001	0.09999999999990905	TimeIntervals	Lick
647.614	0.20000000000015916	TimeIntervals	Lick
647.8475	0.10000000000002274	TimeIntervals	Lick
647.9807500000001	0.09999999999990905	TimeIntervals	Lick
648.1475000000002	0.06649999999990541	TimeIntervals	Lick
648.2810000000001	0.06649999999990541	TimeIntervals	Lick
648.4142499999999	0.10000000000013642	TimeIntervals	Lick
648.581	0.03325000000006639	TimeIntervals	Lick
648.7475000000001	0.09999999999990905	TimeIntervals	Lick
648.9475	0.10000000000002274	TimeIntervals	Lick
649.1142500000001	0.06674999999995634	TimeIntervals	Lick
649.2475000000001	0.06700000000000728	TimeIntervals	Lick
649.3810000000002	0.09999999999979536	TimeIntervals	Lick
649.5477500000001	0.033249999999952706	TimeIntervals	Lick
649.6145	0.10000000000002274	TimeIntervals	Lick
649.7477500000001	0.10000000000002274	TimeIntervals	Lick
649.8810000000002	0.1999999999998181	TimeIntervals	Lick
650.1477500000001	0.06674999999995634	TimeIntervals	Lick
650.2477500000001	0.10000000000002274	TimeIntervals	Lick
650.3810000000002	0.1002499999998463	TimeIntervals	Lick
650.5145000000001	0.09999999999990905	TimeIntervals	Lick
650.648	0.10000000000002274	TimeIntervals	Lick
650.7812500000001	0.06674999999995634	TimeIntervals	Lick
650.8812500000001	0.09999999999990905	TimeIntervals	Lick
651.0145000000001	0.09999999999990905	TimeIntervals	Lick
651.148	0.10000000000002274	TimeIntervals	Lick
651.1812500000001	0.033249999999952706	TimeIntervals	Reward
651.2812500000001	0.1999999999999318	TimeIntervals	Lick
651.5145000000001	0.20024999999998272	TimeIntervals	Lick
651.748	0.06674999999995634	TimeIntervals	Lick
651.8480000000001	0.09999999999990905	TimeIntervals	Lick
651.9815000000001	0.23324999999999818	TimeIntervals	Lick
652.248	0.10000000000002274	TimeIntervals	Lick
652.3815000000001	0.06649999999990541	TimeIntervals	Lick
652.4815000000001	0.09999999999990905	TimeIntervals	Lick
652.6482500000002	0.06674999999995634	TimeIntervals	Lick
652.7482500000001	0.10000000000002274	TimeIntervals	Lick
652.8815000000001	0.10000000000002274	TimeIntervals	Lick
653.015	0.20000000000015916	TimeIntervals	Lick
653.2482500000001	0.10000000000002274	TimeIntervals	Lick
653.415	0.06650000000013279	TimeIntervals	Lick
653.515	0.10000000000002274	TimeIntervals	Lick
653.6482500000002	0.10024999999995998	TimeIntervals	Lick
653.7817500000001	0.10000000000002274	TimeIntervals	Lick
653.915	0.10000000000002274	TimeIntervals	Lick
654.0485	0.10000000000013642	TimeIntervals	Lick
654.1817500000001	0.10000000000002274	TimeIntervals	Lick
654.315	0.09999999999990905	TimeIntervals	Lick
654.4485	0.10000000000002274	TimeIntervals	Lick
654.5817499999999	0.10000000000013642	TimeIntervals	Lick
654.7485000000001	0.06674999999995634	TimeIntervals	Lick
654.91525	0.2999999999999545	TimeIntervals	Lick
655.2485000000001	0.10000000000002274	TimeIntervals	Lick
655.41525	0.10000000000002274	TimeIntervals	Lick
655.582	0.03325000000006639	TimeIntervals	Lick
655.6820000000001	0.0665000000000191	TimeIntervals	Lick
655.94875	0.06675000000007003	TimeIntervals	Lick
656.34875	0.10000000000002274	TimeIntervals	Lick
656.5487499999999	0.13325000000020282	TimeIntervals	Lick
656.7487500000002	0.13324999999986176	TimeIntervals	Lick
656.982	0.06700000000012096	TimeIntervals	Lick
657.1490000000001	0.06649999999990541	TimeIntervals	Lick
657.3822500000001	0.03324999999983902	TimeIntervals	Lick
657.48225	0.10000000000002274	TimeIntervals	Lick
658.1825000000001	0.09999999999990905	TimeIntervals	Lick
658.3825000000002	0.09999999999979536	TimeIntervals	Lick
658.7157500000001	0.10000000000002274	TimeIntervals	Lick
658.949	0.06675000000007003	TimeIntervals	Lick
659.516	0.06650000000013279	TimeIntervals	Lick
659.916	0.06649999999990541	TimeIntervals	Lick
660.1492500000002	0.09999999999990905	TimeIntervals	Lick
660.8495000000001	0.09999999999990905	TimeIntervals	Lick
661.116	0.10000000000002274	TimeIntervals	Lick
661.216	0.10000000000013642	TimeIntervals	Reward
661.3495000000001	0.2999999999999545	TimeIntervals	Lick
661.6830000000001	0.06649999999990541	TimeIntervals	Lick
661.7830000000001	0.1999999999999318	TimeIntervals	Lick
662.0495	0.06675000000007003	TimeIntervals	Lick
662.1495000000001	0.20000000000004547	TimeIntervals	Lick
662.3830000000002	0.09999999999990905	TimeIntervals	Lick
662.5164999999998	0.06650000000013279	TimeIntervals	Lick
662.64975	0.06674999999995634	TimeIntervals	Lick
662.7497500000001	0.1999999999999318	TimeIntervals	Lick
662.9830000000001	0.09999999999990905	TimeIntervals	Lick
663.1165000000001	0.1999999999999318	TimeIntervals	Lick
663.34975	0.10000000000002274	TimeIntervals	Lick
663.4830000000001	0.06675000000007003	TimeIntervals	Lick
663.583	0.10025000000007367	TimeIntervals	Lick
663.7165	0.20000000000015916	TimeIntervals	Lick
663.9499999999999	0.10000000000013642	TimeIntervals	Lick
664.0832500000001	0.09999999999990905	TimeIntervals	Lick
664.2165	0.10000000000002274	TimeIntervals	Lick
664.35	0.20000000000004547	TimeIntervals	Lick
664.5832500000001	0.10024999999995998	TimeIntervals	Lick
664.71675	0.10000000000002274	TimeIntervals	Lick
664.85	0.09999999999990905	TimeIntervals	Lick
664.9834999999999	0.10000000000013642	TimeIntervals	Lick
665.1167499999999	0.10000000000013642	TimeIntervals	Lick
665.25	0.10000000000002274	TimeIntervals	Lick
665.3835000000001	0.09999999999979536	TimeIntervals	Lick
665.51675	0.06675000000007003	TimeIntervals	Lick
665.6835000000001	0.10000000000002274	TimeIntervals	Lick
665.8502500000001	0.09999999999990905	TimeIntervals	Lick
666.0169999999999	0.10000000000013642	TimeIntervals	Lick
666.1835000000001	0.06674999999984266	TimeIntervals	Lick
666.3170000000001	0.0665000000000191	TimeIntervals	Lick
666.45025	0.16675000000009277	TimeIntervals	Lick
666.6502500000001	0.09999999999979536	TimeIntervals	Lick
667.2505000000001	0.09999999999990905	TimeIntervals	Lick
667.417	0.06674999999995634	TimeIntervals	Lick
667.5505000000002	0.09999999999990905	TimeIntervals	Lick
667.7170000000001	0.10000000000002274	TimeIntervals	Lick
667.88375	0.10025000000007367	TimeIntervals	Lick
668.0505000000002	0.09999999999990905	TimeIntervals	Lick
668.2505000000001	0.06674999999995634	TimeIntervals	Lick
668.6172500000001	0.06674999999995634	TimeIntervals	Lick
669.15075	0.06675000000007003	TimeIntervals	Lick
669.3175000000001	0.06649999999990541	TimeIntervals	Lick
669.4174999999999	0.10000000000002274	TimeIntervals	Lick
669.5507500000001	0.09999999999990905	TimeIntervals	Lick
669.6840000000001	0.10000000000002274	TimeIntervals	Lick
669.8175000000001	0.09999999999979536	TimeIntervals	Lick
669.95075	0.10000000000013642	TimeIntervals	Lick
670.0840000000002	0.09999999999990905	TimeIntervals	Lick
670.2175000000001	0.10000000000002274	TimeIntervals	Lick
670.3510000000001	0.09999999999979536	TimeIntervals	Lick
670.48425	0.10000000000013642	TimeIntervals	Lick
670.651	0.06650000000013279	TimeIntervals	Lick
670.751	0.10000000000013642	TimeIntervals	Lick
670.8842500000001	0.09999999999990905	TimeIntervals	Lick
671.0174999999999	0.10000000000002274	TimeIntervals	Lick
671.151	0.10000000000002274	TimeIntervals	Lick
671.2175000000001	0.06700000000000728	TimeIntervals	Reward
671.2845000000001	0.10000000000002274	TimeIntervals	Lick
671.41775	0.06675000000007003	TimeIntervals	Lick
671.51775	0.09999999999990905	TimeIntervals	Lick
671.651	0.20000000000015916	TimeIntervals	Lick
671.8845000000001	0.09999999999990905	TimeIntervals	Lick
672.01775	0.06675000000007003	TimeIntervals	Lick
672.1177499999999	0.10000000000025011	TimeIntervals	Lick
672.251	0.2002500000000964	TimeIntervals	Lick
672.4845	0.10000000000002274	TimeIntervals	Lick
672.65125	0.06674999999995634	TimeIntervals	Lick
672.75125	0.10000000000013642	TimeIntervals	Lick
672.8845000000001	0.09999999999990905	TimeIntervals	Lick
673.018	0.09999999999990905	TimeIntervals	Lick
673.15125	0.10000000000002274	TimeIntervals	Lick
673.3180000000002	0.06649999999990541	TimeIntervals	Lick
673.418	0.13350000000002638	TimeIntervals	Lick
673.58475	0.10000000000002274	TimeIntervals	Lick
673.88475	0.13324999999997544	TimeIntervals	Lick
674.0515	0.10000000000002274	TimeIntervals	Lick
674.5850000000002	0.09999999999979536	TimeIntervals	Lick
674.8515000000002	0.06674999999984266	TimeIntervals	Lick
675.0515	0.1334999999999127	TimeIntervals	Lick
675.7517500000001	0.09999999999990905	TimeIntervals	Lick
676.15175	0.10000000000013642	TimeIntervals	Lick
676.952	0.10000000000002274	TimeIntervals	Lick
677.6852500000001	0.10000000000002274	TimeIntervals	Lick
678.4855	0.10000000000002274	TimeIntervals	Lick
678.6855	0.10000000000002274	TimeIntervals	Lick
679.3190000000001	0.0665000000000191	TimeIntervals	Lick
680.2857500000001	0.09999999999990905	TimeIntervals	Lick
680.4525	0.10000000000002274	TimeIntervals	Lick
680.7857500000001	0.06674999999995634	TimeIntervals	Lick
682.1525000000001	0.09999999999990905	TimeIntervals	Lick
682.45275	0.09999999999990905	TimeIntervals	Lick
682.6195	0.0665000000000191	TimeIntervals	Lick
683.2860000000002	0.10024999999995998	TimeIntervals	Lick
683.9195	0.06674999999995634	TimeIntervals	Lick
684.153	0.10000000000013642	TimeIntervals	Lick
686.98675	0.13324999999997544	TimeIntervals	Lick
688.6535	0.06675000000007003	TimeIntervals	Lick
688.9537499999999	0.10000000000013642	TimeIntervals	Lick
691.2875	0.10000000000013642	TimeIntervals	Lick
692.421	0.10000000000002274	TimeIntervals	Lick
693.48775	0.06675000000007003	TimeIntervals	Lick
694.9544999999999	0.10000000000013642	TimeIntervals	Lick
695.12125	0.06675000000007003	TimeIntervals	Lick
695.288	0.10000000000013642	TimeIntervals	Lick
695.4214999999999	0.10000000000002274	TimeIntervals	Lick
695.5880000000001	0.06674999999995634	TimeIntervals	Lick
695.6880000000001	0.09999999999990905	TimeIntervals	Lick
695.8215	0.06650000000013279	TimeIntervals	Lick
695.9214999999999	0.20000000000015916	TimeIntervals	Lick
696.15475	0.06674999999995634	TimeIntervals	Lick
696.2547500000001	0.10000000000002274	TimeIntervals	Lick
696.3880000000001	0.10000000000002274	TimeIntervals	Lick
696.5215	0.06675000000007003	TimeIntervals	Lick
696.6215000000001	0.06675000000007003	TimeIntervals	Lick
696.7215	0.10000000000002274	TimeIntervals	Lick
696.855	0.09999999999990905	TimeIntervals	Lick
696.9882500000001	0.09999999999990905	TimeIntervals	Lick
697.1215000000001	0.1999999999999318	TimeIntervals	Lick
697.2550000000001	0.09999999999990905	TimeIntervals	Reward
697.355	0.2665000000000646	TimeIntervals	Lick
697.6550000000001	0.06674999999995634	TimeIntervals	Lick
697.7550000000001	0.1999999999998181	TimeIntervals	Lick
697.9885	0.09999999999990905	TimeIntervals	Lick
698.12175	0.20000000000004547	TimeIntervals	Lick
698.355	0.09999999999990905	TimeIntervals	Lick
698.4885	0.20000000000015916	TimeIntervals	Lick
698.7220000000001	0.10000000000002274	TimeIntervals	Lick
698.8885	0.06674999999995634	TimeIntervals	Lick
698.9885	0.09999999999990905	TimeIntervals	Lick
699.122	0.10000000000013642	TimeIntervals	Lick
699.2552500000002	0.1999999999998181	TimeIntervals	Lick
699.4885	0.09999999999990905	TimeIntervals	Lick
699.622	0.10000000000013642	TimeIntervals	Lick
699.7552500000002	0.1002499999998463	TimeIntervals	Lick
699.8887500000001	0.09999999999990905	TimeIntervals	Lick
700.022	0.2335000000001628	TimeIntervals	Lick
700.2887500000002	0.09999999999990905	TimeIntervals	Lick
700.4219999999999	0.10000000000013642	TimeIntervals	Lick
700.5554999999999	0.10000000000002274	TimeIntervals	Lick
700.68875	0.10000000000013642	TimeIntervals	Lick
700.8220000000001	0.09999999999979536	TimeIntervals	Lick
700.9555	0.09999999999990905	TimeIntervals	Lick
701.089	0.09999999999990905	TimeIntervals	Lick
701.22225	0.10000000000002274	TimeIntervals	Lick
701.3555	0.10000000000002274	TimeIntervals	Lick
701.489	0.10000000000002274	TimeIntervals	Lick
701.6555	0.10000000000025011	TimeIntervals	Lick
701.7890000000002	0.1999999999998181	TimeIntervals	Lick
702.05575	0.06674999999995634	TimeIntervals	Lick
702.189	0.06675000000018372	TimeIntervals	Lick
702.489	0.1334999999999127	TimeIntervals	Lick
702.65575	0.20000000000015916	TimeIntervals	Lick
702.8890000000001	0.09999999999990905	TimeIntervals	Lick
703.0225	0.09999999999990905	TimeIntervals	Lick
703.1560000000001	0.10000000000013642	TimeIntervals	Lick
703.6225	0.10000000000002274	TimeIntervals	Lick
703.9225	0.10000000000002274	TimeIntervals	Lick
704.5895	0.0665000000000191	TimeIntervals	Lick
705.3895000000002	0.13349999999968531	TimeIntervals	Lick
705.8895000000002	0.13349999999968531	TimeIntervals	Lick
706.2562500000001	0.10000000000002274	TimeIntervals	Lick
707.3230000000001	0.09999999999990905	TimeIntervals	Lick
707.4565	0.06649999999990541	TimeIntervals	Lick
707.5900000000001	0.0665000000000191	TimeIntervals	Lick
707.69	0.20000000000004547	TimeIntervals	Lick
707.92325	0.1999999999999318	TimeIntervals	Lick
708.1565000000002	0.1999999999999318	TimeIntervals	Lick
708.3900000000001	0.06649999999990541	TimeIntervals	Lick
708.49	0.10000000000013642	TimeIntervals	Lick
708.6235	0.0665000000000191	TimeIntervals	Lick
708.7235000000002	0.09999999999979536	TimeIntervals	Lick
708.8567500000001	0.09999999999979536	TimeIntervals	Lick
708.99	0.10000000000013642	TimeIntervals	Lick
709.1235	0.10000000000013642	TimeIntervals	Lick
709.25675	0.06674999999995634	TimeIntervals	Lick
709.3235	0.06650000000013279	TimeIntervals	Reward
709.3567500000001	0.09999999999979536	TimeIntervals	Lick
709.49	0.30025000000000546	TimeIntervals	Lick
709.8235	0.20000000000004547	TimeIntervals	Lick
710.057	0.0665000000000191	TimeIntervals	Lick
710.1570000000002	0.09999999999990905	TimeIntervals	Lick
710.29025	0.1999999999999318	TimeIntervals	Lick
710.5235	0.10000000000002274	TimeIntervals	Lick
710.6570000000002	0.09999999999990905	TimeIntervals	Lick
710.79025	0.10025000000007367	TimeIntervals	Lick
710.9237499999999	0.06675000000007003	TimeIntervals	Lick
711.057	0.06674999999995634	TimeIntervals	Lick
711.1570000000002	0.09999999999990905	TimeIntervals	Lick
711.2905000000001	0.10000000000002274	TimeIntervals	Lick
711.4237499999999	0.10000000000002274	TimeIntervals	Lick
711.557	0.10000000000013642	TimeIntervals	Lick
711.6905000000002	0.09999999999990905	TimeIntervals	Lick
711.82375	0.10025000000007367	TimeIntervals	Lick
711.9905	0.10000000000002274	TimeIntervals	Lick
712.124	0.10000000000013642	TimeIntervals	Lick
712.2572500000001	0.09999999999990905	TimeIntervals	Lick
712.3905000000001	0.1334999999999127	TimeIntervals	Lick
712.55725	0.10000000000013642	TimeIntervals	Lick
712.7240000000002	0.09999999999990905	TimeIntervals	Lick
712.85725	0.10000000000002274	TimeIntervals	Lick
713.0575	0.10000000000002274	TimeIntervals	Lick
713.19075	0.10000000000013642	TimeIntervals	Lick
713.3575000000001	0.10000000000002274	TimeIntervals	Lick
713.524	0.10000000000002274	TimeIntervals	Lick
714.1575	0.13350000000014006	TimeIntervals	Lick
715.55775	0.06674999999995634	TimeIntervals	Lick
715.7577500000001	0.10000000000002274	TimeIntervals	Lick
716.2910000000002	0.1002499999998463	TimeIntervals	Lick
716.7580000000002	0.03325000000006639	TimeIntervals	Lick
716.958	0.0665000000000191	TimeIntervals	Lick
717.19125	0.06675000000018372	TimeIntervals	Lick
717.958	0.10000000000002274	TimeIntervals	Lick
718.22475	0.06675000000018372	TimeIntervals	Lick
718.9915000000001	0.09999999999990905	TimeIntervals	Lick
719.225	0.10000000000013642	TimeIntervals	Lick
719.625	0.10000000000002274	TimeIntervals	Lick
720.225	0.10000000000013642	TimeIntervals	Lick
721.2252500000001	0.09999999999990905	TimeIntervals	Lick
723.0590000000001	0.0665000000000191	TimeIntervals	Lick
723.3590000000002	0.09999999999979536	TimeIntervals	Lick
726.15925	0.06674999999995634	TimeIntervals	Lick
726.6595000000001	0.13324999999997544	TimeIntervals	Lick
728.22625	0.10000000000002274	TimeIntervals	Lick
728.3595	0.10024999999995998	TimeIntervals	Lick
729.3265000000001	0.06649999999990541	TimeIntervals	Lick
731.46	0.09999999999990905	TimeIntervals	Lick
736.8610000000001	0.06649999999990541	TimeIntervals	Lick
737.1610000000002	0.06674999999984266	TimeIntervals	Lick
737.2945	0.10000000000013642	TimeIntervals	Lick
737.461	0.10000000000002274	TimeIntervals	Lick
737.5945000000002	0.0665000000000191	TimeIntervals	Lick
737.6945000000001	0.09999999999990905	TimeIntervals	Lick
737.82775	0.06675000000007003	TimeIntervals	Lick
737.92775	0.10000000000002274	TimeIntervals	Lick
738.061	0.06675000000007003	TimeIntervals	Lick
738.1610000000002	0.20024999999986903	TimeIntervals	Lick
738.3945000000001	0.20000000000004547	TimeIntervals	Lick
738.6280000000002	0.1999999999999318	TimeIntervals	Lick
738.86125	0.09999999999990905	TimeIntervals	Lick
738.9945	0.06674999999995634	TimeIntervals	Lick
739.0945000000002	0.09999999999990905	TimeIntervals	Lick
739.2280000000001	0.06649999999990541	TimeIntervals	Lick
739.3615000000002	0.09999999999979536	TimeIntervals	Reward
739.3615000000002	0.06649999999979173	TimeIntervals	Lick
739.4615	0.3665000000000873	TimeIntervals	Lick
739.89475	0.06674999999995634	TimeIntervals	Lick
739.99475	0.10000000000013642	TimeIntervals	Lick
740.1280000000002	0.06674999999995634	TimeIntervals	Lick
740.2280000000001	0.10000000000002274	TimeIntervals	Lick
740.3615000000002	0.1999999999998181	TimeIntervals	Lick
740.62825	0.06675000000007003	TimeIntervals	Lick
740.7282500000001	0.10000000000002274	TimeIntervals	Lick
740.8615000000002	0.06674999999972897	TimeIntervals	Lick
740.9615	0.10000000000002274	TimeIntervals	Lick
741.095	0.23325000000011187	TimeIntervals	Lick
741.3615000000002	0.09999999999979536	TimeIntervals	Lick
741.495	0.10000000000002274	TimeIntervals	Lick
741.6285000000001	0.10000000000002274	TimeIntervals	Lick
741.76175	0.10000000000013642	TimeIntervals	Lick
741.8950000000001	0.09999999999990905	TimeIntervals	Lick
742.0284999999999	0.10000000000025011	TimeIntervals	Lick
742.1617500000002	0.09999999999979536	TimeIntervals	Lick
742.2950000000001	0.10000000000002274	TimeIntervals	Lick
742.4285	0.09999999999990905	TimeIntervals	Lick
742.595	0.33349999999995816	TimeIntervals	Lick
742.962	0.10000000000002274	TimeIntervals	Lick
743.0952500000001	0.10000000000002274	TimeIntervals	Lick
743.2285000000002	0.09999999999979536	TimeIntervals	Lick
743.39525	0.06674999999995634	TimeIntervals	Lick
743.49525	0.10000000000002274	TimeIntervals	Lick
743.6285000000001	0.1334999999999127	TimeIntervals	Lick
743.7955000000001	0.10000000000002274	TimeIntervals	Lick
743.92875	0.09999999999990905	TimeIntervals	Lick
744.1620000000001	0.1334999999999127	TimeIntervals	Lick
744.32875	0.10000000000002274	TimeIntervals	Lick
744.4955	0.10000000000002274	TimeIntervals	Lick
744.6620000000001	0.06674999999995634	TimeIntervals	Lick
744.8620000000001	0.10024999999995998	TimeIntervals	Lick
745.3622500000001	0.06674999999995634	TimeIntervals	Lick
745.4955	0.13350000000002638	TimeIntervals	Lick
745.76225	0.06674999999995634	TimeIntervals	Lick
746.829	0.10000000000013642	TimeIntervals	Lick
747.6959999999999	0.13325000000020282	TimeIntervals	Lick
748.02925	0.09999999999990905	TimeIntervals	Lick
748.46275	0.09999999999990905	TimeIntervals	Lick
749.8630000000002	0.06649999999990541	TimeIntervals	Lick
751.53	0.0665000000000191	TimeIntervals	Lick
751.6300000000001	0.09999999999979536	TimeIntervals	Lick
751.7632500000001	0.10000000000013642	TimeIntervals	Lick
751.8965000000001	0.06674999999995634	TimeIntervals	Lick
752.03	0.0665000000000191	TimeIntervals	Lick
752.1300000000001	0.1999999999999318	TimeIntervals	Lick
752.3632500000002	0.09999999999979536	TimeIntervals	Lick
752.4965000000001	0.06699999999989359	TimeIntervals	Lick
752.59675	0.10000000000002274	TimeIntervals	Lick
752.7299999999999	0.06675000000007003	TimeIntervals	Lick
752.83	0.09999999999990905	TimeIntervals	Lick
752.9635	0.20000000000015916	TimeIntervals	Lick
753.1967500000001	0.09999999999990905	TimeIntervals	Lick
753.33	0.1999999999999318	TimeIntervals	Lick
753.43	0.06675000000007003	TimeIntervals	Reward
753.5635	0.3000000000002956	TimeIntervals	Lick
753.897	0.20000000000004547	TimeIntervals	Lick
754.1302500000002	0.1999999999999318	TimeIntervals	Lick
754.3635000000003	0.19999999999970441	TimeIntervals	Lick
754.5970000000001	0.09999999999990905	TimeIntervals	Lick
754.7305	0.0665000000000191	TimeIntervals	Lick
754.8305	0.1999999999999318	TimeIntervals	Lick
755.0637499999999	0.10000000000025011	TimeIntervals	Lick
755.197	0.10000000000002274	TimeIntervals	Lick
755.3305	0.09999999999990905	TimeIntervals	Lick
755.46375	0.09999999999990905	TimeIntervals	Lick
755.5970000000001	0.09999999999990905	TimeIntervals	Lick
755.7305	0.10000000000002274	TimeIntervals	Lick
755.8640000000001	0.09999999999990905	TimeIntervals	Lick
755.99725	0.10000000000002274	TimeIntervals	Lick
756.1305000000001	0.09999999999990905	TimeIntervals	Lick
756.2640000000001	0.10000000000002274	TimeIntervals	Lick
756.5639999999999	0.1000000000003638	TimeIntervals	Lick
756.7305	0.10000000000002274	TimeIntervals	Lick
756.89725	0.06675000000007003	TimeIntervals	Lick
757.1640000000002	0.09999999999990905	TimeIntervals	Lick
758.3975000000002	0.09999999999979536	TimeIntervals	Lick
761.6980000000001	0.06675000000007003	TimeIntervals	Lick
762.2315000000001	0.13324999999997544	TimeIntervals	Lick
762.49825	0.03325000000006639	TimeIntervals	Reward
762.6315	0.16675000000009277	TimeIntervals	Lick
762.8315	0.06675000000018372	TimeIntervals	Lick
762.9315	0.1999999999999318	TimeIntervals	Lick
763.1650000000001	0.0665000000000191	TimeIntervals	Lick
763.2650000000001	0.2999999999999545	TimeIntervals	Lick
763.5985	0.10000000000002274	TimeIntervals	Lick
763.73175	0.06675000000007003	TimeIntervals	Lick
763.8317499999999	0.20000000000015916	TimeIntervals	Lick
764.065	0.06674999999995634	TimeIntervals	Lick
764.1650000000001	0.10000000000002274	TimeIntervals	Lick
764.2985000000001	0.1999999999999318	TimeIntervals	Lick
764.5317500000001	0.20024999999986903	TimeIntervals	Lick
764.76525	0.10000000000013642	TimeIntervals	Lick
764.8985	0.06674999999995634	TimeIntervals	Lick
764.9985	0.09999999999990905	TimeIntervals	Lick
765.1320000000001	0.09999999999990905	TimeIntervals	Lick
765.2985000000001	0.06675000000007003	TimeIntervals	Lick
765.432	0.10000000000002274	TimeIntervals	Lick
765.5985	0.10000000000002274	TimeIntervals	Lick
765.7655000000001	0.10000000000002274	TimeIntervals	Lick
765.932	0.10000000000002274	TimeIntervals	Lick
766.8990000000001	0.09999999999990905	TimeIntervals	Lick
768.1990000000001	0.06675000000007003	TimeIntervals	Lick
768.2990000000002	0.09999999999990905	TimeIntervals	Lick
768.4325	0.10000000000002274	TimeIntervals	Lick
768.56575	0.10000000000013642	TimeIntervals	Lick
768.6990000000001	0.20000000000004547	TimeIntervals	Lick
768.9325	0.20000000000004547	TimeIntervals	Lick
769.1660000000002	0.09999999999979536	TimeIntervals	Lick
769.2992500000001	0.06675000000007003	TimeIntervals	Lick
769.3992500000002	0.09999999999990905	TimeIntervals	Lick
769.5325	0.10000000000002274	TimeIntervals	Lick
769.6660000000002	0.06649999999979173	TimeIntervals	Lick
769.7992500000001	0.06675000000007003	TimeIntervals	Lick
769.8992500000002	0.09999999999990905	TimeIntervals	Lick
770.0325	0.10000000000002274	TimeIntervals	Lick
770.1660000000002	0.06674999999984266	TimeIntervals	Lick
770.266	0.10000000000025011	TimeIntervals	Lick
770.3995000000001	0.06649999999990541	TimeIntervals	Lick
770.4995	0.10000000000013642	TimeIntervals	Reward
770.53275	0.06675000000018372	TimeIntervals	Lick
770.6327500000001	0.2667500000000018	TimeIntervals	Lick
770.93275	0.09999999999990905	TimeIntervals	Lick
771.0660000000001	0.06674999999995634	TimeIntervals	Lick
771.1660000000002	0.1002499999998463	TimeIntervals	Lick
771.3330000000001	0.0665000000000191	TimeIntervals	Lick
771.433	0.09999999999990905	TimeIntervals	Lick
771.56625	0.10000000000025011	TimeIntervals	Lick
771.6995000000002	0.1999999999999318	TimeIntervals	Lick
771.933	0.09999999999990905	TimeIntervals	Lick
772.06625	0.10000000000025011	TimeIntervals	Lick
772.1995000000002	0.20024999999986903	TimeIntervals	Lick
772.433	0.09999999999990905	TimeIntervals	Lick
772.59975	0.06675000000018372	TimeIntervals	Lick
772.69975	0.10000000000013642	TimeIntervals	Lick
772.8330000000001	0.06674999999995634	TimeIntervals	Lick
772.933	0.09999999999990905	TimeIntervals	Lick
773.0665	0.10000000000013642	TimeIntervals	Lick
773.19975	0.10000000000013642	TimeIntervals	Lick
773.3330000000001	0.09999999999990905	TimeIntervals	Lick
773.5	0.0665000000000191	TimeIntervals	Lick
773.6	0.10000000000013642	TimeIntervals	Lick
773.7332500000001	0.06674999999995634	TimeIntervals	Lick
773.8332500000001	0.09999999999990905	TimeIntervals	Lick
773.9665	0.10000000000002274	TimeIntervals	Lick
774.1	0.10000000000013642	TimeIntervals	Lick
774.2332500000001	0.10000000000002274	TimeIntervals	Lick
774.3665000000001	0.09999999999990905	TimeIntervals	Lick
774.5	0.10000000000002274	TimeIntervals	Lick
774.6667500000001	0.06675000000007003	TimeIntervals	Lick
774.9000000000001	0.09999999999990905	TimeIntervals	Lick
775.0334999999999	0.10000000000002274	TimeIntervals	Lick
775.2000000000002	0.09999999999990905	TimeIntervals	Lick
775.667	0.09999999999990905	TimeIntervals	Lick
776.3335000000001	0.10000000000002274	TimeIntervals	Lick
776.6002500000001	0.10024999999995998	TimeIntervals	Lick
777.13375	0.10000000000002274	TimeIntervals	Lick
777.5005000000001	0.06649999999990541	TimeIntervals	Lick
778.634	0.10000000000002274	TimeIntervals	Lick
778.8340000000002	0.06649999999990541	TimeIntervals	Lick
779.40075	0.06674999999995634	TimeIntervals	Lick
780.6342500000001	0.06674999999995634	TimeIntervals	Lick
780.8342500000001	0.09999999999990905	TimeIntervals	Lick
781.0675000000001	0.06699999999989359	TimeIntervals	Lick
781.36775	0.06674999999995634	TimeIntervals	Lick
783.5680000000001	0.09999999999990905	TimeIntervals	Lick
788.002	0.10000000000013642	TimeIntervals	Lick
788.3687500000001	0.09999999999990905	TimeIntervals	Lick
788.502	0.10000000000013642	TimeIntervals	Lick
788.6355	0.10000000000013642	TimeIntervals	Lick
788.7687500000001	0.06675000000007003	TimeIntervals	Lick
788.869	0.1999999999999318	TimeIntervals	Lick
789.10225	0.10000000000013642	TimeIntervals	Lick
789.2355000000001	0.06674999999995634	TimeIntervals	Lick
789.3355000000001	0.19999999999970441	TimeIntervals	Lick
789.569	0.10000000000013642	TimeIntervals	Lick
789.7022500000002	0.09999999999990905	TimeIntervals	Lick
789.8355000000001	0.06699999999989359	TimeIntervals	Lick
789.93575	0.10000000000002274	TimeIntervals	Lick
790.069	0.10000000000013642	TimeIntervals	Lick
790.2025000000001	0.06649999999990541	TimeIntervals	Lick
790.3357500000002	0.06674999999984266	TimeIntervals	Lick
790.43575	0.10000000000002274	TimeIntervals	Lick
790.569	0.10000000000013642	TimeIntervals	Lick
790.569	0.033500000000117325	TimeIntervals	Reward
790.7025000000001	0.2999999999999545	TimeIntervals	Lick
791.036	0.06650000000013279	TimeIntervals	Lick
791.136	0.20000000000015916	TimeIntervals	Lick
791.3692500000002	0.09999999999990905	TimeIntervals	Lick
791.5025	0.10000000000002274	TimeIntervals	Lick
791.636	0.20000000000015916	TimeIntervals	Lick
791.8692500000002	0.09999999999990905	TimeIntervals	Lick
792.036	0.06650000000013279	TimeIntervals	Lick
792.136	0.20000000000015916	TimeIntervals	Lick
792.3695000000001	0.09999999999990905	TimeIntervals	Lick
792.536	0.06675000000007003	TimeIntervals	Lick
792.636	0.10000000000013642	TimeIntervals	Lick
792.7695000000001	0.10000000000002274	TimeIntervals	Lick
792.90275	0.13324999999997544	TimeIntervals	Lick
793.0695000000001	0.09999999999990905	TimeIntervals	Lick
793.2030000000001	0.10000000000002274	TimeIntervals	Lick
793.3362500000001	0.09999999999990905	TimeIntervals	Lick
793.4695	0.10000000000002274	TimeIntervals	Lick
793.63625	0.06675000000007003	TimeIntervals	Lick
793.7695000000001	0.06674999999995634	TimeIntervals	Lick
793.903	0.10000000000013642	TimeIntervals	Lick
794.0695000000001	0.09999999999990905	TimeIntervals	Lick
794.2695000000001	0.06700000000000728	TimeIntervals	Lick
794.4697500000001	0.10000000000002274	TimeIntervals	Lick
794.8030000000001	0.09999999999990905	TimeIntervals	Lick
797.43675	0.10000000000002274	TimeIntervals	Lick
798.5702500000001	0.1334999999999127	TimeIntervals	Lick
798.8037500000002	0.09999999999979536	TimeIntervals	Lick
799.6370000000001	0.09999999999990905	TimeIntervals	Lick
801.37075	0.06674999999995634	TimeIntervals	Lick
803.3710000000002	0.09999999999968168	TimeIntervals	Lick
803.9377499999999	0.06675000000007003	TimeIntervals	Lick
804.13775	0.06674999999995634	TimeIntervals	Lick
804.7044999999999	0.10000000000013642	TimeIntervals	Lick
805.90475	0.10000000000002274	TimeIntervals	Lick
807.4050000000001	0.10000000000002274	TimeIntervals	Lick
809.3720000000002	0.06649999999979173	TimeIntervals	Lick
809.8720000000002	0.06674999999972897	TimeIntervals	Lick
811.47225	0.06674999999995634	TimeIntervals	Lick
812.5725	0.10000000000002274	TimeIntervals	Lick
813.43925	0.13324999999997544	TimeIntervals	Lick
814.0392499999999	0.06675000000007003	TimeIntervals	Lick
814.6395000000001	0.09999999999990905	TimeIntervals	Lick
816.2062500000001	0.06675000000007003	TimeIntervals	Lick
816.4065000000002	0.09999999999979536	TimeIntervals	Lick
816.6065000000001	0.13324999999986176	TimeIntervals	Lick
817.5065	0.10000000000013642	TimeIntervals	Lick
817.6400000000001	0.06649999999990541	TimeIntervals	Lick
817.74	0.10000000000013642	TimeIntervals	Lick
817.8732500000001	0.09999999999990905	TimeIntervals	Lick
818.0065	0.10000000000013642	TimeIntervals	Lick
818.1400000000001	0.06649999999990541	TimeIntervals	Lick
818.24	0.10000000000013642	TimeIntervals	Lick
818.3732500000001	0.1002499999998463	TimeIntervals	Lick
818.50675	0.06674999999995634	TimeIntervals	Lick
818.60675	0.09999999999990905	TimeIntervals	Lick
818.74	0.06675000000018372	TimeIntervals	Lick
818.8735000000001	0.09999999999979536	TimeIntervals	Lick
819.00675	0.06674999999995634	TimeIntervals	Lick
819.10675	0.09999999999990905	TimeIntervals	Lick
819.24	0.10000000000013642	TimeIntervals	Lick
819.3735000000001	0.09999999999979536	TimeIntervals	Lick
819.50675	0.06674999999995634	TimeIntervals	Lick
819.607	0.40000000000009095	TimeIntervals	Lick
819.607	0.10000000000002274	TimeIntervals	Reward
820.04025	0.06674999999995634	TimeIntervals	Lick
820.14025	0.09999999999990905	TimeIntervals	Lick
820.2735000000001	0.06674999999984266	TimeIntervals	Lick
820.3735000000001	0.09999999999979536	TimeIntervals	Lick
820.5070000000001	0.09999999999990905	TimeIntervals	Lick
820.6405000000001	0.1999999999999318	TimeIntervals	Lick
820.8737500000002	0.09999999999979536	TimeIntervals	Lick
821.0070000000001	0.09999999999990905	TimeIntervals	Lick
821.1405000000001	0.09999999999990905	TimeIntervals	Lick
821.2737500000001	0.1999999999999318	TimeIntervals	Lick
821.5070000000001	0.5002500000000509	TimeIntervals	Lick
822.0405	0.10000000000013642	TimeIntervals	Lick
822.1740000000001	0.10000000000002274	TimeIntervals	Lick
822.30725	0.10000000000013642	TimeIntervals	Lick
822.4405	0.09999999999990905	TimeIntervals	Lick
822.574	0.10000000000013642	TimeIntervals	Lick
822.70725	0.09999999999990905	TimeIntervals	Lick
822.8405	0.10024999999995998	TimeIntervals	Lick
822.974	0.09999999999990905	TimeIntervals	Lick
823.1407500000001	0.09999999999979536	TimeIntervals	Lick
823.2740000000001	0.10000000000002274	TimeIntervals	Lick
823.44075	0.03325000000006639	TimeIntervals	Lick
823.5407500000001	0.06674999999984266	TimeIntervals	Lick
823.7075	0.06650000000013279	TimeIntervals	Lick
823.8740000000001	0.1334999999999127	TimeIntervals	Lick
824.041	0.13324999999997544	TimeIntervals	Lick
824.3742500000001	0.09999999999990905	TimeIntervals	Lick
824.541	0.09999999999990905	TimeIntervals	Lick
824.9075	0.06674999999995634	TimeIntervals	Lick
825.6745	0.0665000000000191	TimeIntervals	Reward
825.841	0.10000000000002274	TimeIntervals	Lick
825.9745000000001	0.06649999999990541	TimeIntervals	Lick
826.0745000000001	0.20000000000004547	TimeIntervals	Lick
826.3080000000001	0.10000000000002274	TimeIntervals	Lick
826.44125	0.06675000000018372	TimeIntervals	Lick
826.5412500000001	0.09999999999990905	TimeIntervals	Lick
826.6745	0.06675000000007003	TimeIntervals	Lick
826.7745000000001	0.10000000000002274	TimeIntervals	Lick
826.9080000000001	0.1999999999999318	TimeIntervals	Lick
827.14125	0.10025000000007367	TimeIntervals	Lick
827.27475	0.1999999999999318	TimeIntervals	Lick
827.5080000000002	0.09999999999990905	TimeIntervals	Lick
827.6415	0.10000000000013642	TimeIntervals	Lick
827.77475	0.10000000000002274	TimeIntervals	Lick
827.9080000000001	0.10000000000002274	TimeIntervals	Lick
828.0415000000002	0.2332499999998845	TimeIntervals	Lick
828.3080000000001	0.10024999999995998	TimeIntervals	Lick
828.4749999999999	0.10000000000002274	TimeIntervals	Lick
828.6082499999999	0.13325000000020282	TimeIntervals	Lick
828.7750000000001	0.10000000000002274	TimeIntervals	Lick
829.4082500000001	0.13350000000002638	TimeIntervals	Lick
830.4749999999999	0.10025000000007367	TimeIntervals	Lick
830.6084999999999	0.06675000000007003	TimeIntervals	Lick
830.7085	0.10000000000025011	TimeIntervals	Lick
830.87525	0.06674999999995634	TimeIntervals	Lick
830.97525	0.10000000000002274	TimeIntervals	Lick
831.1084999999999	0.06675000000007003	TimeIntervals	Lick
831.2085	0.10000000000025011	TimeIntervals	Lick
831.3420000000001	0.09999999999990905	TimeIntervals	Lick
831.47525	0.10000000000002274	TimeIntervals	Lick
831.6084999999999	0.06700000000023465	TimeIntervals	Lick
831.7420000000001	0.06675000000007003	TimeIntervals	Lick
831.8755000000001	0.06649999999990541	TimeIntervals	Lick
831.9754999999999	0.10000000000013642	TimeIntervals	Lick
832.10875	0.10000000000013642	TimeIntervals	Lick
832.2420000000001	0.1999999999999318	TimeIntervals	Lick
832.4754999999999	0.10000000000013642	TimeIntervals	Lick
832.60875	0.10000000000013642	TimeIntervals	Lick
832.6755000000002	0.09999999999990905	TimeIntervals	Reward
832.7420000000001	0.4002499999999145	TimeIntervals	Lick
833.1755000000002	0.06674999999995634	TimeIntervals	Lick
833.2755000000001	0.10000000000002274	TimeIntervals	Lick
833.409	0.10000000000002274	TimeIntervals	Lick
833.5422500000001	0.06674999999995634	TimeIntervals	Lick
833.64225	0.10000000000013642	TimeIntervals	Lick
833.7755000000001	0.10025000000007367	TimeIntervals	Lick
833.9425000000001	0.06649999999990541	TimeIntervals	Lick
834.0424999999999	0.10000000000013642	TimeIntervals	Lick
834.1757500000002	0.09999999999979536	TimeIntervals	Lick
834.3090000000001	0.06675000000007003	TimeIntervals	Lick
834.409	0.10000000000002274	TimeIntervals	Lick
834.5424999999999	0.10000000000013642	TimeIntervals	Lick
834.6757500000002	0.09999999999979536	TimeIntervals	Lick
834.8090000000001	0.09999999999990905	TimeIntervals	Lick
834.976	0.06649999999990541	TimeIntervals	Lick
835.076	0.1999999999999318	TimeIntervals	Lick
835.3092500000002	0.09999999999979536	TimeIntervals	Lick
835.476	0.06649999999990541	TimeIntervals	Lick
835.60925	0.0667500000002974	TimeIntervals	Lick
835.7092500000001	0.10000000000013642	TimeIntervals	Lick
835.8425000000001	0.10000000000002274	TimeIntervals	Lick
835.976	0.10000000000002274	TimeIntervals	Lick
836.1094999999999	0.10000000000013642	TimeIntervals	Lick
836.276	0.06675000000018372	TimeIntervals	Lick
836.4095	0.0665000000000191	TimeIntervals	Lick
836.54275	0.10000000000013642	TimeIntervals	Lick
836.7095	0.10000000000013642	TimeIntervals	Lick
836.9095	0.10000000000002274	TimeIntervals	Lick
837.1094999999999	0.10000000000013642	TimeIntervals	Lick
837.27625	0.06674999999995634	TimeIntervals	Lick
837.5095	0.09999999999990905	TimeIntervals	Lick
837.6762500000001	0.09999999999990905	TimeIntervals	Lick
838.40975	0.10000000000002274	TimeIntervals	Lick
838.743	0.09999999999990905	TimeIntervals	Lick
838.90975	0.06674999999995634	TimeIntervals	Lick
839.0765000000001	0.06649999999990541	TimeIntervals	Lick
839.8100000000001	0.06650000000013279	TimeIntervals	Lick
839.9765	0.03350000000000364	TimeIntervals	Lick
840.1432500000001	0.13324999999997544	TimeIntervals	Lick
840.4099999999999	0.06675000000007003	TimeIntervals	Lick
840.77675	0.06675000000007003	TimeIntervals	Lick
842.177	0.10000000000002274	TimeIntervals	Lick
842.4435	0.06674999999995634	TimeIntervals	Lick
843.177	0.10000000000002274	TimeIntervals	Lick
843.6437500000001	0.10024999999995998	TimeIntervals	Lick
844.47725	0.10000000000013642	TimeIntervals	Lick
845.644	0.10000000000002274	TimeIntervals	Lick
846.3775	0.06674999999995634	TimeIntervals	Lick
846.5775000000001	0.09999999999990905	TimeIntervals	Lick
851.2782500000002	0.03324999999983902	TimeIntervals	Lick
851.51175	0.10000000000002274	TimeIntervals	Lick
852.4785	0.06674999999995634	TimeIntervals	Lick
852.74525	0.06674999999995634	TimeIntervals	Lick
852.9452499999999	0.03325000000018008	TimeIntervals	Lick
853.1452499999999	0.13325000000020282	TimeIntervals	Lick
854.5120000000001	0.06674999999995634	TimeIntervals	Lick
854.6455	0.06650000000013279	TimeIntervals	Lick
854.7455000000001	0.10000000000002274	TimeIntervals	Lick
854.8790000000001	0.10000000000002274	TimeIntervals	Lick
855.01225	0.06674999999995634	TimeIntervals	Lick
855.1122500000001	0.09999999999990905	TimeIntervals	Lick
855.2455000000001	0.06674999999995634	TimeIntervals	Lick
855.3455000000001	0.09999999999979536	TimeIntervals	Lick
855.4790000000002	0.06649999999990541	TimeIntervals	Lick
855.579	0.10000000000013642	TimeIntervals	Lick
855.71225	0.06675000000007003	TimeIntervals	Lick
855.8125	0.09999999999990905	TimeIntervals	Lick
855.94575	0.09999999999990905	TimeIntervals	Lick
856.079	0.06675000000007003	TimeIntervals	Lick
856.1790000000001	0.10000000000002274	TimeIntervals	Lick
856.3125	0.09999999999990905	TimeIntervals	Lick
856.44575	0.06674999999995634	TimeIntervals	Lick
856.5457499999999	0.10000000000013642	TimeIntervals	Lick
856.6790000000001	0.10000000000002274	TimeIntervals	Lick
856.74575	0.10000000000002274	TimeIntervals	Reward
856.8125	0.5	TimeIntervals	Lick
857.3460000000001	0.06649999999979173	TimeIntervals	Lick
857.4459999999999	0.10000000000002274	TimeIntervals	Lick
857.5792500000001	0.09999999999990905	TimeIntervals	Lick
857.7125000000001	0.06674999999995634	TimeIntervals	Lick
857.8460000000001	0.06649999999979173	TimeIntervals	Lick
857.9459999999999	0.10000000000002274	TimeIntervals	Lick
858.0794999999999	0.10000000000013642	TimeIntervals	Lick
858.2127500000001	0.09999999999979536	TimeIntervals	Lick
858.3795000000001	0.06649999999979173	TimeIntervals	Lick
858.4795	0.09999999999990905	TimeIntervals	Lick
858.61275	0.10000000000013642	TimeIntervals	Lick
858.7460000000001	0.3334999999998445	TimeIntervals	Lick
859.1130000000002	0.09999999999990905	TimeIntervals	Lick
859.2462500000001	0.09999999999990905	TimeIntervals	Lick
859.3795000000001	0.09999999999990905	TimeIntervals	Lick
859.513	0.10000000000013642	TimeIntervals	Lick
859.6462500000001	0.10000000000002274	TimeIntervals	Lick
859.7795000000001	0.10000000000002274	TimeIntervals	Lick
859.9129999999999	0.10000000000013642	TimeIntervals	Lick
860.0794999999999	0.06675000000018372	TimeIntervals	Lick
860.1795000000001	0.10024999999995998	TimeIntervals	Lick
860.3130000000001	0.09999999999979536	TimeIntervals	Lick
860.4464999999999	0.13325000000008913	TimeIntervals	Lick
860.6465000000002	0.06649999999990541	TimeIntervals	Lick
860.7465000000001	0.10000000000002274	TimeIntervals	Lick
860.9129999999999	0.10000000000013642	TimeIntervals	Lick
861.07975	0.10000000000013642	TimeIntervals	Lick
861.2130000000001	0.13350000000002638	TimeIntervals	Lick
861.3800000000001	0.09999999999979536	TimeIntervals	Lick
861.51325	0.10000000000013642	TimeIntervals	Lick
861.6800000000002	0.06649999999990541	TimeIntervals	Lick
862.1132500000001	0.06675000000007003	TimeIntervals	Lick
862.8135000000001	0.0665000000000191	TimeIntervals	Lick
863.1135	0.06650000000013279	TimeIntervals	Lick
863.4799999999999	0.10025000000018736	TimeIntervals	Lick
864.4469999999999	0.06650000000013279	TimeIntervals	Lick
864.647	0.10000000000013642	TimeIntervals	Lick
865.5469999999999	0.06675000000007003	TimeIntervals	Lick
866.9475	0.06650000000013279	TimeIntervals	Lick
867.0807500000001	0.06675000000007003	TimeIntervals	Lick
867.214	0.09999999999990905	TimeIntervals	Lick
867.3475	0.10000000000002274	TimeIntervals	Lick
867.4807500000001	0.10000000000002274	TimeIntervals	Lick
867.614	0.06675000000007003	TimeIntervals	Lick
867.714	0.20024999999986903	TimeIntervals	Lick
867.9475	0.06674999999995634	TimeIntervals	Lick
868.0474999999999	0.10000000000025011	TimeIntervals	Lick
868.181	0.0665000000000191	TimeIntervals	Lick
868.2810000000001	0.10000000000013642	TimeIntervals	Lick
868.4142499999999	0.10000000000002274	TimeIntervals	Lick
868.5474999999999	0.06675000000018372	TimeIntervals	Lick
868.6475000000002	0.09999999999990905	TimeIntervals	Lick
868.7810000000001	0.10000000000013642	TimeIntervals	Lick
868.8475	0.03350000000023101	TimeIntervals	Reward
868.9142499999999	0.10025000000007367	TimeIntervals	Lick
869.0477500000001	0.06674999999995634	TimeIntervals	Lick
869.1477500000001	0.20000000000004547	TimeIntervals	Lick
869.3810000000002	0.09999999999979536	TimeIntervals	Lick
869.5145	0.0665000000000191	TimeIntervals	Lick
869.6145	0.20000000000004547	TimeIntervals	Lick
869.8477500000001	0.06674999999995634	TimeIntervals	Lick
869.9477499999999	0.2002500000002101	TimeIntervals	Lick
870.18125	0.20000000000015916	TimeIntervals	Lick
870.4145000000001	0.1999999999999318	TimeIntervals	Lick
870.6480000000001	0.1999999999999318	TimeIntervals	Lick
870.9145000000001	0.06674999999984266	TimeIntervals	Lick
871.0145	0.10000000000002274	TimeIntervals	Lick
871.1815	0.06650000000013279	TimeIntervals	Lick
871.31475	0.06675000000007003	TimeIntervals	Lick
871.41475	0.10000000000013642	TimeIntervals	Lick
871.548	0.13350000000002638	TimeIntervals	Lick
871.7147500000001	0.09999999999990905	TimeIntervals	Lick
871.8480000000001	0.06674999999995634	TimeIntervals	Lick
871.948	0.33350000000018554	TimeIntervals	Lick
872.315	0.5332500000000664	TimeIntervals	Lick
873.0815	0.03350000000000364	TimeIntervals	Lick
873.2482500000001	0.10000000000002274	TimeIntervals	Lick
873.615	0.10000000000013642	TimeIntervals	Lick
874.1817500000001	0.10000000000002274	TimeIntervals	Lick
874.61525	0.13325000000020282	TimeIntervals	Lick
874.9485	0.10000000000002274	TimeIntervals	Lick
875.7820000000002	0.133499999999799	TimeIntervals	Lick
876.482	0.06674999999995634	TimeIntervals	Lick
876.749	0.10000000000002274	TimeIntervals	Lick
877.6155	0.10000000000002274	TimeIntervals	Lick
878.31575	0.10000000000013642	TimeIntervals	Lick
878.5157500000001	0.09999999999979536	TimeIntervals	Lick
879.44925	0.06674999999995634	TimeIntervals	Lick
880.016	0.13350000000014006	TimeIntervals	Lick
880.9495000000001	0.09999999999990905	TimeIntervals	Lick
882.0162499999999	0.10000000000013642	TimeIntervals	Lick
882.84975	0.10000000000002274	TimeIntervals	Lick
883.4832499999999	0.06675000000018372	TimeIntervals	Lick
885.25	0.10000000000002274	TimeIntervals	Lick
885.4167500000001	0.06674999999984266	TimeIntervals	Lick
886.6505000000001	0.10000000000002274	TimeIntervals	Lick
887.5505000000002	0.09999999999990905	TimeIntervals	Lick
887.71725	0.06675000000007003	TimeIntervals	Lick
888.71725	0.20024999999986903	TimeIntervals	Lick
888.95075	0.06674999999995634	TimeIntervals	Lick
889.0840000000002	0.06674999999984266	TimeIntervals	Lick
889.2175000000001	0.0665000000000191	TimeIntervals	Lick
889.3175000000001	0.09999999999979536	TimeIntervals	Lick
889.45075	0.20000000000004547	TimeIntervals	Lick
889.6840000000001	0.06675000000007003	TimeIntervals	Lick
889.7840000000001	0.10025000000007367	TimeIntervals	Lick
889.9174999999999	0.10000000000002274	TimeIntervals	Lick
890.051	0.06649999999990541	TimeIntervals	Lick
890.151	0.10000000000002274	TimeIntervals	Lick
890.28425	0.10000000000013642	TimeIntervals	Lick
890.4174999999999	0.06675000000007003	TimeIntervals	Lick
890.5174999999999	0.10000000000002274	TimeIntervals	Lick
890.651	0.10000000000002274	TimeIntervals	Lick
890.78425	0.06674999999995634	TimeIntervals	Lick
890.8842500000002	0.10024999999973261	TimeIntervals	Lick
890.8842500000002	0.03324999999972533	TimeIntervals	Reward
891.01775	0.06675000000007003	TimeIntervals	Lick
891.1177499999999	0.3000000000000682	TimeIntervals	Lick
891.451	0.10000000000002274	TimeIntervals	Lick
891.5845	0.06649999999990541	TimeIntervals	Lick
891.6845000000002	0.09999999999990905	TimeIntervals	Lick
891.8177500000002	0.09999999999979536	TimeIntervals	Lick
891.951	0.20024999999998272	TimeIntervals	Lick
892.1845000000002	0.09999999999990905	TimeIntervals	Lick
892.3180000000002	0.09999999999979536	TimeIntervals	Lick
892.4512500000001	0.09999999999990905	TimeIntervals	Lick
892.5845	0.36675000000002456	TimeIntervals	Lick
892.9844999999999	0.10000000000013642	TimeIntervals	Lick
893.1179999999999	0.10000000000002274	TimeIntervals	Lick
893.2515	0.10000000000013642	TimeIntervals	Lick
893.38475	0.10000000000002274	TimeIntervals	Lick
893.718	0.03350000000000364	TimeIntervals	Lick
894.018	0.06674999999995634	TimeIntervals	Lick
894.285	0.23324999999999818	TimeIntervals	Lick
894.5515	0.13350000000002638	TimeIntervals	Lick
894.985	0.10000000000013642	TimeIntervals	Lick
895.5850000000002	0.09999999999990905	TimeIntervals	Lick
896.2517500000001	0.09999999999990905	TimeIntervals	Lick
896.652	0.13325000000008913	TimeIntervals	Lick
897.2185000000001	0.10000000000013642	TimeIntervals	Lick
898.11875	0.13325000000008913	TimeIntervals	Lick
900.4525000000001	0.09999999999990905	TimeIntervals	Lick
900.8190000000001	0.03350000000000364	TimeIntervals	Lick
901.0860000000001	0.10000000000002274	TimeIntervals	Lick
901.2525	0.06675000000007003	TimeIntervals	Lick
901.7192500000001	0.06675000000007003	TimeIntervals	Lick
902.2860000000002	0.09999999999979536	TimeIntervals	Lick
903.9195	0.033500000000117325	TimeIntervals	Reward
904.0862500000001	0.33349999999995816	TimeIntervals	Lick
904.4530000000001	0.1999999999999318	TimeIntervals	Lick
904.6865	0.06650000000013279	TimeIntervals	Lick
904.7865	0.20000000000004547	TimeIntervals	Lick
905.01975	0.20024999999998272	TimeIntervals	Lick
905.25325	0.20000000000015916	TimeIntervals	Lick
905.4865000000001	0.2999999999999545	TimeIntervals	Lick
905.82	0.09999999999990905	TimeIntervals	Lick
905.9532500000001	0.09999999999979536	TimeIntervals	Lick
906.0865000000001	0.1999999999999318	TimeIntervals	Lick
906.32	0.09999999999990905	TimeIntervals	Lick
906.4535	0.10000000000002274	TimeIntervals	Lick
906.5867500000002	0.09999999999990905	TimeIntervals	Lick
906.72	0.10000000000002274	TimeIntervals	Lick
906.88675	0.10000000000002274	TimeIntervals	Lick
907.0535	0.0665000000000191	TimeIntervals	Lick
907.3535000000002	0.09999999999979536	TimeIntervals	Lick
907.5202499999999	0.13325000000008913	TimeIntervals	Lick
907.8870000000001	0.09999999999990905	TimeIntervals	Lick
909.6872500000001	0.09999999999990905	TimeIntervals	Lick
910.654	0.10000000000002274	TimeIntervals	Lick
912.15425	0.06675000000018372	TimeIntervals	Lick
912.9209999999999	0.09999999999990905	TimeIntervals	Lick
913.9209999999999	0.09999999999990905	TimeIntervals	Lick
914.0545000000001	0.06674999999995634	TimeIntervals	Lick
914.1545000000001	0.09999999999990905	TimeIntervals	Lick
914.288	0.06650000000013279	TimeIntervals	Lick
914.3880000000001	0.10000000000002274	TimeIntervals	Lick
914.5212499999999	0.06675000000018372	TimeIntervals	Lick
914.62125	0.10000000000013642	TimeIntervals	Lick
914.7545	0.06674999999995634	TimeIntervals	Lick
914.8545000000001	0.10000000000002274	TimeIntervals	Lick
914.9880000000002	0.1999999999999318	TimeIntervals	Lick
915.2215000000001	0.09999999999990905	TimeIntervals	Lick
915.3547500000002	0.06674999999972897	TimeIntervals	Lick
915.45475	0.10000000000002274	TimeIntervals	Lick
915.5880000000001	0.10000000000002274	TimeIntervals	Lick
915.7215000000001	0.06649999999990541	TimeIntervals	Lick
915.8215	0.09999999999990905	TimeIntervals	Lick
915.9214999999999	0.10000000000002274	TimeIntervals	Reward
915.95475	0.06674999999995634	TimeIntervals	Lick
916.05475	0.2667500000000018	TimeIntervals	Lick
916.3882500000001	0.06674999999995634	TimeIntervals	Lick
916.4882500000002	0.06674999999972897	TimeIntervals	Lick
916.58825	0.09999999999990905	TimeIntervals	Lick
916.7215000000001	0.06674999999984266	TimeIntervals	Lick
916.8215	0.09999999999990905	TimeIntervals	Lick
916.9882500000002	0.06674999999972897	TimeIntervals	Lick
917.08825	0.09999999999990905	TimeIntervals	Lick
917.2215000000001	0.09999999999990905	TimeIntervals	Lick
917.355	0.10000000000002274	TimeIntervals	Lick
917.4885	0.06649999999990541	TimeIntervals	Lick
917.62175	0.06674999999995634	TimeIntervals	Lick
917.7217500000002	0.09999999999990905	TimeIntervals	Lick
917.855	0.10000000000002274	TimeIntervals	Lick
917.9885	0.1999999999999318	TimeIntervals	Lick
918.2217500000002	0.09999999999990905	TimeIntervals	Lick
918.355	0.10024999999995998	TimeIntervals	Lick
918.4885	0.1999999999999318	TimeIntervals	Lick
918.7220000000002	0.09999999999990905	TimeIntervals	Lick
918.8885	0.06674999999995634	TimeIntervals	Lick
918.9885	0.09999999999990905	TimeIntervals	Lick
919.122	0.10000000000025011	TimeIntervals	Lick
919.2552500000002	0.10000000000002274	TimeIntervals	Lick
919.3885	0.20024999999998272	TimeIntervals	Lick
919.6555	0.06650000000024647	TimeIntervals	Lick
919.7555000000002	0.13324999999986176	TimeIntervals	Lick
919.9219999999999	0.40000000000020464	TimeIntervals	Lick
920.3555000000001	0.09999999999990905	TimeIntervals	Lick
920.48875	0.10025000000007367	TimeIntervals	Lick
920.689	0.06650000000024647	TimeIntervals	Lick
921.32225	0.09999999999990905	TimeIntervals	Lick
921.7890000000001	0.10000000000002274	TimeIntervals	Lick
922.15575	0.10000000000013642	TimeIntervals	Lick
922.55575	0.06675000000007003	TimeIntervals	Lick
924.1895	0.06650000000024647	TimeIntervals	Lick
924.6227500000001	0.10000000000002274	TimeIntervals	Lick
926.5565	0.10000000000013642	TimeIntervals	Lick
927.123	0.10025000000007367	TimeIntervals	Lick
928.19	0.10000000000002274	TimeIntervals	Lick
928.8235	0.10000000000002274	TimeIntervals	Lick
930.82375	0.06675000000007003	TimeIntervals	Lick
931.9905	0.06674999999995634	TimeIntervals	Lick
933.324	0.10000000000013642	TimeIntervals	Lick
934.591	0.10000000000002274	TimeIntervals	Lick
938.4915000000001	0.09999999999990905	TimeIntervals	Lick
940.125	0.10000000000002274	TimeIntervals	Lick
942.5255000000001	0.06674999999995634	TimeIntervals	Lick
942.859	0.06650000000013279	TimeIntervals	Lick
942.99225	0.06675000000007003	TimeIntervals	Lick
943.1255000000001	0.06674999999995634	TimeIntervals	Lick
943.2255	0.10000000000002274	TimeIntervals	Lick
943.359	0.09999999999990905	TimeIntervals	Lick
943.49225	0.10000000000002274	TimeIntervals	Lick
943.6255000000001	0.06700000000000728	TimeIntervals	Lick
943.72575	0.10000000000013642	TimeIntervals	Lick
943.859	0.09999999999990905	TimeIntervals	Lick
943.9925	0.06650000000013279	TimeIntervals	Lick
944.0925000000001	0.1999999999999318	TimeIntervals	Lick
944.3257500000001	0.10000000000013642	TimeIntervals	Lick
944.459	0.06675000000007003	TimeIntervals	Lick
944.5590000000001	0.10000000000002274	TimeIntervals	Lick
944.6925000000001	0.09999999999990905	TimeIntervals	Lick
944.826	0.10000000000002274	TimeIntervals	Lick
944.95925	0.06674999999995634	TimeIntervals	Lick
944.9925	0.10000000000013642	TimeIntervals	Reward
945.05925	0.39999999999997726	TimeIntervals	Lick
945.4925	0.20000000000015916	TimeIntervals	Lick
945.726	0.10000000000002274	TimeIntervals	Lick
945.8594999999999	0.10000000000013642	TimeIntervals	Lick
945.9927499999999	0.20000000000027285	TimeIntervals	Lick
946.226	0.10000000000002274	TimeIntervals	Lick
946.3594999999999	0.10000000000013642	TimeIntervals	Lick
946.4927499999999	0.20000000000027285	TimeIntervals	Lick
946.7595000000001	0.06649999999990541	TimeIntervals	Lick
946.8927500000001	0.06674999999995634	TimeIntervals	Lick
946.9929999999999	0.10000000000002274	TimeIntervals	Lick
947.1262499999999	0.10000000000002274	TimeIntervals	Lick
947.2595000000001	0.09999999999979536	TimeIntervals	Lick
947.393	0.1999999999999318	TimeIntervals	Lick
947.6262499999999	0.10000000000002274	TimeIntervals	Lick
947.7595000000001	0.09999999999979536	TimeIntervals	Lick
947.893	0.09999999999990905	TimeIntervals	Lick
948.02625	0.1002499999998463	TimeIntervals	Lick
948.1597500000003	0.09999999999979536	TimeIntervals	Lick
948.2930000000001	0.09999999999990905	TimeIntervals	Lick
948.4265	0.10000000000002274	TimeIntervals	Lick
948.5597500000001	0.10000000000013642	TimeIntervals	Lick
948.7265	0.06650000000013279	TimeIntervals	Lick
948.8597500000001	0.06674999999995634	TimeIntervals	Lick
948.9929999999999	0.06675000000018372	TimeIntervals	Lick
949.1600000000002	0.06649999999979173	TimeIntervals	Lick
949.2932500000002	0.09999999999990905	TimeIntervals	Lick
949.46	0.10000000000002274	TimeIntervals	Lick
949.6264999999999	0.10000000000013642	TimeIntervals	Lick
949.7932500000002	0.09999999999990905	TimeIntervals	Lick
949.99325	0.06675000000007003	TimeIntervals	Lick
950.1932500000001	0.10024999999995998	TimeIntervals	Lick
950.4935	0.10000000000002274	TimeIntervals	Lick
950.72675	0.06675000000007003	TimeIntervals	Lick
951.0935000000001	0.13324999999997544	TimeIntervals	Lick
951.36	0.10025000000007367	TimeIntervals	Lick
951.76025	0.10000000000002274	TimeIntervals	Lick
954.394	0.10000000000002274	TimeIntervals	Lick
955.0607500000001	0.10000000000002274	TimeIntervals	Lick
955.4275	0.13325000000008913	TimeIntervals	Lick
958.2280000000001	0.06649999999990541	TimeIntervals	Lick
958.3280000000001	0.09999999999990905	TimeIntervals	Lick
958.4612500000001	0.10000000000013642	TimeIntervals	Lick
958.5945000000002	0.09999999999990905	TimeIntervals	Lick
958.7280000000001	0.06649999999990541	TimeIntervals	Lick
958.8280000000001	0.09999999999990905	TimeIntervals	Lick
958.9612500000001	0.06674999999995634	TimeIntervals	Lick
959.0615	0.10000000000002274	TimeIntervals	Lick
959.1947500000001	0.06674999999984266	TimeIntervals	Lick
959.29475	0.10000000000002274	TimeIntervals	Lick
959.428	0.10000000000002274	TimeIntervals	Lick
959.5615	0.0665000000000191	TimeIntervals	Lick
959.6615	0.09999999999990905	TimeIntervals	Lick
959.79475	0.10000000000002274	TimeIntervals	Lick
959.928	0.20000000000004547	TimeIntervals	Lick
960.0615	0.0665000000000191	TimeIntervals	Reward
960.1615	0.09999999999990905	TimeIntervals	Lick
960.295	0.06650000000024647	TimeIntervals	Lick
960.3950000000001	0.0665000000000191	TimeIntervals	Lick
960.495	0.10000000000002274	TimeIntervals	Lick
960.62825	0.06675000000018372	TimeIntervals	Lick
960.7282500000001	0.1999999999998181	TimeIntervals	Lick
960.9615000000001	0.1999999999999318	TimeIntervals	Lick
961.1950000000002	0.09999999999979536	TimeIntervals	Lick
961.3285000000001	0.33324999999990723	TimeIntervals	Lick
961.7285000000002	0.06649999999979173	TimeIntervals	Lick
961.8285000000001	0.09999999999990905	TimeIntervals	Lick
961.96175	0.10000000000002274	TimeIntervals	Lick
962.095	0.2335000000000491	TimeIntervals	Lick
962.3620000000001	0.09999999999990905	TimeIntervals	Lick
962.49525	0.10000000000002274	TimeIntervals	Lick
962.6285	0.10000000000013642	TimeIntervals	Lick
962.7620000000001	0.10000000000002274	TimeIntervals	Lick
962.89525	0.10000000000002274	TimeIntervals	Lick
963.062	0.10000000000013642	TimeIntervals	Lick
963.2285000000002	0.09999999999990905	TimeIntervals	Lick
963.39525	0.10024999999995998	TimeIntervals	Lick
963.6955000000002	0.06649999999990541	TimeIntervals	Lick
963.8955000000001	0.20000000000004547	TimeIntervals	Lick
964.12875	0.20000000000015916	TimeIntervals	Lick
964.3620000000002	0.3002499999997781	TimeIntervals	Lick
965.1289999999999	0.13325000000008913	TimeIntervals	Lick
965.5289999999999	0.06650000000024647	TimeIntervals	Lick
965.7290000000002	0.36675000000002456	TimeIntervals	Lick
966.1289999999999	0.10000000000025011	TimeIntervals	Lick
966.5289999999999	0.10000000000002274	TimeIntervals	Lick
966.9292499999999	0.13325000000008913	TimeIntervals	Lick
967.3625000000001	0.10000000000013642	TimeIntervals	Lick
967.62925	0.10000000000025011	TimeIntervals	Lick
967.8295000000002	0.06649999999979173	TimeIntervals	Lick
968.6294999999999	0.13324999999997544	TimeIntervals	Lick
970.1965	0.0665000000000191	TimeIntervals	Lick
970.5965000000002	0.09999999999979536	TimeIntervals	Lick
970.7965000000002	0.13324999999986176	TimeIntervals	Lick
972.8635	0.06649999999990541	TimeIntervals	Lick
973.4970000000002	0.10000000000002274	TimeIntervals	Lick
975.0305	0.10000000000013642	TimeIntervals	Lick
976.6975	0.09999999999990905	TimeIntervals	Lick
978.0309999999998	0.10000000000013642	TimeIntervals	Lick
980.5980000000001	0.10000000000002274	TimeIntervals	Lick
982.8650000000002	0.06649999999956435	TimeIntervals	Lick
984.66525	0.06674999999995634	TimeIntervals	Lick
984.7985000000001	0.06675000000007003	TimeIntervals	Lick
985.0985000000002	0.06674999999984266	TimeIntervals	Lick
985.1984999999999	0.10000000000025011	TimeIntervals	Lick
985.3320000000001	0.09999999999990905	TimeIntervals	Lick
985.4655	0.09999999999979536	TimeIntervals	Lick
985.59875	0.06674999999995634	TimeIntervals	Lick
985.69875	0.09999999999990905	TimeIntervals	Lick
985.8320000000001	0.09999999999990905	TimeIntervals	Lick
985.9655	0.0665000000000191	TimeIntervals	Lick
986.0654999999998	0.20000000000027285	TimeIntervals	Lick
986.2987499999999	0.10000000000013642	TimeIntervals	Lick
986.432	0.06700000000000728	TimeIntervals	Lick
986.5322500000001	0.10000000000013642	TimeIntervals	Lick
986.6655	0.10000000000013642	TimeIntervals	Lick
986.7990000000002	0.06649999999990541	TimeIntervals	Lick
986.8990000000001	0.09999999999990905	TimeIntervals	Lick
987.0322500000001	0.10000000000013642	TimeIntervals	Lick
987.099	0.06649999999990541	TimeIntervals	Reward
987.1655	0.10000000000013642	TimeIntervals	Lick
987.2990000000002	0.06649999999990541	TimeIntervals	Lick
987.3990000000001	0.06649999999990541	TimeIntervals	Lick
987.499	0.1999999999999318	TimeIntervals	Lick
987.7325	0.20000000000015916	TimeIntervals	Lick
987.9657500000001	0.09999999999979536	TimeIntervals	Lick
988.099	0.20000000000015916	TimeIntervals	Lick
988.3325	0.10000000000013642	TimeIntervals	Lick
988.4657500000001	0.2332499999998845	TimeIntervals	Lick
988.7325	0.10000000000002274	TimeIntervals	Lick
988.8660000000002	0.09999999999990905	TimeIntervals	Lick
988.9992500000001	0.10000000000013642	TimeIntervals	Lick
989.1325	0.09999999999990905	TimeIntervals	Lick
989.2660000000002	0.10000000000002274	TimeIntervals	Lick
989.3992500000002	0.09999999999990905	TimeIntervals	Lick
989.5325	0.13350000000002638	TimeIntervals	Lick
989.69925	0.10025000000018736	TimeIntervals	Lick
989.8660000000002	0.09999999999990905	TimeIntervals	Lick
990.0327500000001	0.06675000000007003	TimeIntervals	Lick
990.33275	0.06675000000018372	TimeIntervals	Lick
990.4995000000001	0.1999999999999318	TimeIntervals	Lick
990.73275	0.10000000000002274	TimeIntervals	Lick
991.2662500000001	0.10000000000002274	TimeIntervals	Lick
991.56625	0.6335000000000264	TimeIntervals	Lick
992.3665000000002	0.16649999999992815	TimeIntervals	Lick
992.8997500000002	0.06674999999984266	TimeIntervals	Lick
993.0664999999999	0.10000000000025011	TimeIntervals	Lick
993.3665000000002	0.09999999999979536	TimeIntervals	Lick
993.5999999999999	0.10000000000002274	TimeIntervals	Lick
994.2667500000003	0.0667499999995016	TimeIntervals	Lick
994.46675	0.06674999999995634	TimeIntervals	Lick
995.0	0.09999999999990905	TimeIntervals	Lick
995.4002500000001	0.06674999999972897	TimeIntervals	Lick
995.8334999999998	0.0667500000002974	TimeIntervals	Lick
997.3337500000001	0.06674999999995634	TimeIntervals	Lick
998.634	0.06675000000007003	TimeIntervals	Lick
999.8675	0.0667500000002974	TimeIntervals	Lick
1001.5345	0.10000000000013642	TimeIntervals	Lick
1004.635	0.09999999999990905	TimeIntervals	Lick
1005.035	0.10000000000002274	TimeIntervals	Lick
1005.1685000000002	0.09999999999990905	TimeIntervals	Lick
1005.3017500000001	0.09999999999979536	TimeIntervals	Lick
1005.4350000000001	0.09999999999990905	TimeIntervals	Lick
1005.5685	0.0665000000000191	TimeIntervals	Lick
1005.6685000000002	0.1999999999999318	TimeIntervals	Lick
1005.9017499999999	0.10000000000013642	TimeIntervals	Lick
1006.035	0.06674999999984266	TimeIntervals	Lick
1006.135	0.09999999999990905	TimeIntervals	Lick
1006.2685000000001	0.06674999999984266	TimeIntervals	Lick
1006.3685000000002	0.09999999999990905	TimeIntervals	Lick
1006.5019999999998	0.10000000000025011	TimeIntervals	Lick
1006.63525	0.06675000000018372	TimeIntervals	Lick
1006.7685000000001	0.06674999999984266	TimeIntervals	Lick
1006.8685000000002	0.1999999999998181	TimeIntervals	Lick
1007.1020000000001	0.10000000000013642	TimeIntervals	Lick
1007.13525	0.06675000000018372	TimeIntervals	Reward
1007.2352500000001	0.09999999999990905	TimeIntervals	Lick
1007.3685000000002	0.06700000000000728	TimeIntervals	Lick
1007.46875	0.20000000000015916	TimeIntervals	Lick
1007.7020000000002	0.06674999999984266	TimeIntervals	Lick
1007.8019999999999	0.1999999999999318	TimeIntervals	Lick
1008.0354999999998	0.20000000000015916	TimeIntervals	Lick
1008.2687500000001	0.09999999999979536	TimeIntervals	Lick
1008.4019999999999	0.06700000000023465	TimeIntervals	Lick
1008.5022499999999	0.10000000000013642	TimeIntervals	Lick
1008.6355000000001	0.1999999999998181	TimeIntervals	Lick
1008.869	0.10000000000013642	TimeIntervals	Lick
1009.0022499999999	0.10000000000013642	TimeIntervals	Lick
1009.1355000000001	0.09999999999990905	TimeIntervals	Lick
1009.3022500000002	0.06674999999984266	TimeIntervals	Lick
1009.4022500000001	0.09999999999979536	TimeIntervals	Lick
1009.5354999999998	0.10025000000007367	TimeIntervals	Lick
1009.6690000000001	0.09999999999990905	TimeIntervals	Lick
1009.8025000000002	0.09999999999979536	TimeIntervals	Lick
1009.93575	0.09999999999990905	TimeIntervals	Lick
1010.0690000000001	0.10000000000002274	TimeIntervals	Lick
1010.2025000000001	0.13325000000008913	TimeIntervals	Lick
1010.5024999999999	0.06650000000013279	TimeIntervals	Lick
1010.8692500000001	0.06674999999995634	TimeIntervals	Lick
1010.96925	0.06674999999995634	TimeIntervals	Lick
1011.1359999999999	0.06650000000024647	TimeIntervals	Lick
1011.2360000000001	0.9334999999999809	TimeIntervals	Lick
1012.2027500000003	0.19999999999970441	TimeIntervals	Lick
1012.436	0.16674999999997908	TimeIntervals	Lick
1012.6695000000001	0.16649999999992815	TimeIntervals	Lick
1012.8695	0.16674999999997908	TimeIntervals	Lick
1013.103	0.10000000000013642	TimeIntervals	Lick
1013.43625	0.06674999999984266	TimeIntervals	Lick
1013.5695000000002	0.09999999999990905	TimeIntervals	Lick
1013.7362499999999	0.10000000000013642	TimeIntervals	Lick
1013.93625	0.5335000000001173	TimeIntervals	Lick
1014.5029999999998	0.2335000000001628	TimeIntervals	Lick
1014.7697500000002	0.13324999999963438	TimeIntervals	Lick
1015.0029999999998	0.06700000000023465	TimeIntervals	Lick
1015.2365	0.16675000000020646	TimeIntervals	Lick
1015.47	0.1999999999999318	TimeIntervals	Lick
1015.7032500000003	0.26674999999977445	TimeIntervals	Lick
1016.00325	0.2002500000002101	TimeIntervals	Lick
1016.2367499999999	0.23325000000011187	TimeIntervals	Lick
1016.5367500000002	0.09999999999979536	TimeIntervals	Lick
1016.67	0.10000000000002274	TimeIntervals	Lick
1016.8367500000003	0.1999999999999318	TimeIntervals	Lick
1017.1035	0.26674999999988813	TimeIntervals	Lick
1017.4035000000001	0.26674999999988813	TimeIntervals	Lick
1017.737	0.1999999999999318	TimeIntervals	Lick
1017.9702500000003	0.19999999999970441	TimeIntervals	Lick
1018.237	0.1667499999998654	TimeIntervals	Lick
1018.6705000000001	0.10000000000013642	TimeIntervals	Lick
1018.8370000000002	0.06674999999961528	TimeIntervals	Lick
1018.9705000000001	0.16649999999992815	TimeIntervals	Lick
1019.2037500000001	0.19999999999970441	TimeIntervals	Lick
1019.4705000000001	0.1999999999999318	TimeIntervals	Lick
1019.7372500000001	0.26674999999977445	TimeIntervals	Lick
1020.0372500000001	0.13324999999997544	TimeIntervals	Lick
1020.2372500000001	0.13324999999986176	TimeIntervals	Lick
1020.4705000000001	0.033499999999776264	TimeIntervals	Lick
1020.5372500000001	0.16674999999997908	TimeIntervals	Lick
1020.8040000000002	0.19999999999970441	TimeIntervals	Lick
1021.1039999999999	0.16675000000009277	TimeIntervals	Lick
1021.404	0.33350000000007185	TimeIntervals	Lick
1021.7709999999998	0.10000000000025011	TimeIntervals	Lick
1021.90425	0.2667500000001155	TimeIntervals	Lick
1022.3042500000001	0.1999999999998181	TimeIntervals	Lick
1022.6374999999999	0.2002500000002101	TimeIntervals	Lick
1022.9377499999999	0.1999999999999318	TimeIntervals	Lick
1023.2377500000002	0.2332499999997708	TimeIntervals	Lick
1023.6710000000002	0.2669999999997117	TimeIntervals	Lick
1023.9712500000002	0.23324999999965712	TimeIntervals	Lick
1024.238	0.10000000000013642	TimeIntervals	Lick
1024.6044999999997	0.06675000000018372	TimeIntervals	Lick
1024.7044999999998	0.23350000000050386	TimeIntervals	Lick
1024.9715000000003	0.09999999999968168	TimeIntervals	Lick
1025.1379999999997	0.3335000000006403	TimeIntervals	Lick
1025.50475	0.09999999999990905	TimeIntervals	Lick
1025.6379999999997	0.1000000000003638	TimeIntervals	Lick
1025.7715	0.09999999999990905	TimeIntervals	Lick
1025.9715000000003	0.06649999999967804	TimeIntervals	Lick
1026.1714999999997	0.1000000000003638	TimeIntervals	Reward
1026.1714999999997	0.06675000000041109	TimeIntervals	Lick
1026.3050000000003	0.2664999999997235	TimeIntervals	Lick
1026.605	0.20000000000027285	TimeIntervals	Lick
1026.83825	0.10000000000013642	TimeIntervals	Lick
1026.9715000000003	0.06674999999972897	TimeIntervals	Lick
1027.0715	0.10024999999973261	TimeIntervals	Lick
1027.205	0.1000000000003638	TimeIntervals	Lick
1027.3385	0.06650000000013279	TimeIntervals	Lick
1027.4385000000002	0.09999999999968168	TimeIntervals	Lick
1027.57175	0.09999999999968168	TimeIntervals	Lick
1027.705	0.1000000000003638	TimeIntervals	Lick
1027.8385	0.33324999999967986	TimeIntervals	Lick
1028.205	0.10025000000018736	TimeIntervals	Lick
1028.3385	0.10000000000013642	TimeIntervals	Lick
1028.4720000000002	0.10000000000013642	TimeIntervals	Lick
1028.6384999999998	0.06675000000018372	TimeIntervals	Lick
1028.772	0.06650000000013279	TimeIntervals	Lick
1028.90525	0.06675000000018372	TimeIntervals	Lick
1029.0384999999999	0.5002500000000509	TimeIntervals	Lick
1029.5720000000003	0.46674999999959255	TimeIntervals	Lick
1030.0720000000003	0.1667499999998654	TimeIntervals	Lick
1030.272	0.16700000000037107	TimeIntervals	Lick
1030.4722500000003	0.16674999999963802	TimeIntervals	Lick
1030.6722499999998	0.1332500000003165	TimeIntervals	Lick
1030.839	0.1332500000003165	TimeIntervals	Lick
1031.0055000000002	0.23349999999982174	TimeIntervals	Lick
1031.27225	0.2667500000000018	TimeIntervals	Lick
1031.60575	0.20000000000004547	TimeIntervals	Lick
1031.9057500000001	0.13324999999986176	TimeIntervals	Lick
1032.10575	0.10000000000013642	TimeIntervals	Lick
1032.239	0.1334999999999127	TimeIntervals	Lick
1032.4057500000001	1.200249999999869	TimeIntervals	Lick
1033.6725	0.2335000000002765	TimeIntervals	Lick
1033.9395000000002	0.19999999999959073	TimeIntervals	Lick
1034.17275	0.23325000000022555	TimeIntervals	Lick
1034.4727500000001	0.13324999999986176	TimeIntervals	Lick
1034.7060000000001	0.20024999999986903	TimeIntervals	Lick
1034.9730000000002	0.13324999999986176	TimeIntervals	Lick
1035.2395	0.20000000000027285	TimeIntervals	Lick
1035.5395	0.1999999999998181	TimeIntervals	Lick
1035.873	0.20000000000027285	TimeIntervals	Lick
1036.1397499999998	0.20000000000027285	TimeIntervals	Lick
1036.2730000000001	0.09999999999990905	TimeIntervals	Reward
1036.4064999999998	0.3332500000001346	TimeIntervals	Lick
1036.7730000000001	0.06674999999995634	TimeIntervals	Lick
1036.873	0.10000000000013642	TimeIntervals	Lick
1037.0065000000002	0.06674999999972897	TimeIntervals	Lick
1037.14	0.06649999999990541	TimeIntervals	Lick
1037.2400000000002	0.1999999999998181	TimeIntervals	Lick
1037.47325	0.09999999999990905	TimeIntervals	Lick
1037.6065	0.1999999999998181	TimeIntervals	Lick
1037.87325	0.06674999999995634	TimeIntervals	Lick
1037.97325	0.09999999999990905	TimeIntervals	Lick
1038.1065	0.10025000000018736	TimeIntervals	Lick
1038.2400000000002	0.09999999999968168	TimeIntervals	Lick
1038.3735	0.10000000000013642	TimeIntervals	Lick
1038.50675	0.20000000000027285	TimeIntervals	Lick
1038.7400000000002	0.06674999999972897	TimeIntervals	Lick
1038.84	0.06674999999995634	TimeIntervals	Lick
1038.94	0.09999999999990905	TimeIntervals	Lick
1039.0735000000002	0.06649999999990541	TimeIntervals	Lick
1039.1734999999999	0.10000000000013642	TimeIntervals	Lick
1039.307	0.20000000000027285	TimeIntervals	Lick
1039.54025	0.09999999999990905	TimeIntervals	Lick
1039.6734999999999	0.10000000000013642	TimeIntervals	Lick
1039.807	0.23324999999999818	TimeIntervals	Lick
1040.0735000000002	0.09999999999968168	TimeIntervals	Lick
1040.207	0.09999999999990905	TimeIntervals	Lick
1040.3405	0.09999999999990905	TimeIntervals	Lick
1040.4737500000003	0.06674999999972897	TimeIntervals	Lick
1040.57375	0.06674999999995634	TimeIntervals	Lick
1040.707	0.06674999999995634	TimeIntervals	Lick
1040.807	0.4667500000000473	TimeIntervals	Lick
1041.3405	0.09999999999990905	TimeIntervals	Lick
1041.7405	0.03350000000000364	TimeIntervals	Lick
1041.9405	0.10000000000013642	TimeIntervals	Lick
1042.0740000000003	0.09999999999968168	TimeIntervals	Lick
1042.2072500000002	0.09999999999990905	TimeIntervals	Lick
1042.3405	0.09999999999990905	TimeIntervals	Lick
1042.4740000000002	0.06649999999990541	TimeIntervals	Lick
1042.6075	0.09999999999990905	TimeIntervals	Lick
1042.7407500000002	0.06674999999995634	TimeIntervals	Lick
1042.8407499999998	0.1332500000003165	TimeIntervals	Lick
1043.0075	0.10000000000013642	TimeIntervals	Lick
1043.174	0.06675000000018372	TimeIntervals	Lick
1043.2740000000001	0.23349999999982174	TimeIntervals	Lick
1043.54075	0.10025000000018736	TimeIntervals	Lick
1043.67425	0.09999999999990905	TimeIntervals	Lick
1043.8075000000001	0.09999999999990905	TimeIntervals	Lick
1043.9410000000003	0.09999999999968168	TimeIntervals	Lick
1044.0742500000001	0.09999999999990905	TimeIntervals	Lick
1044.2410000000002	0.06649999999990541	TimeIntervals	Lick
1044.37425	0.23324999999999818	TimeIntervals	Lick
1044.641	0.10000000000013642	TimeIntervals	Lick
1044.80775	0.10000000000013642	TimeIntervals	Lick
1044.9745000000003	0.09999999999968168	TimeIntervals	Lick
1045.141	0.10000000000013642	TimeIntervals	Lick
1045.2745	0.10000000000013642	TimeIntervals	Lick
1045.2745	0.033249999999952706	TimeIntervals	Reward
1045.40775	0.2999999999999545	TimeIntervals	Lick
1045.7410000000002	0.10024999999973261	TimeIntervals	Lick
1045.8745000000001	0.06674999999995634	TimeIntervals	Lick
1045.9745000000003	0.09999999999968168	TimeIntervals	Lick
1046.1080000000002	0.06649999999967804	TimeIntervals	Lick
1046.2080000000003	0.09999999999968168	TimeIntervals	Lick
1046.34125	0.10000000000013642	TimeIntervals	Lick
1046.4745000000003	0.06674999999972897	TimeIntervals	Lick
1046.5745	0.09999999999990905	TimeIntervals	Lick
1046.7080000000003	0.09999999999968168	TimeIntervals	Lick
1046.8745000000001	0.06700000000000728	TimeIntervals	Lick
1046.9747500000003	0.2667500000000018	TimeIntervals	Lick
1047.27475	0.09999999999990905	TimeIntervals	Lick
1047.4415000000001	0.03325000000018008	TimeIntervals	Lick
1047.57475	0.06674999999995634	TimeIntervals	Lick
1047.77475	0.09999999999990905	TimeIntervals	Lick
1048.1415	0.1000000000003638	TimeIntervals	Lick
1048.5749999999998	0.20000000000027285	TimeIntervals	Lick
1048.8082499999998	0.06675000000018372	TimeIntervals	Lick
1048.9415000000001	0.09999999999968168	TimeIntervals	Lick
1049.34175	0.1332500000003165	TimeIntervals	Lick
1049.775	0.09999999999990905	TimeIntervals	Lick
1049.9085	0.10000000000013642	TimeIntervals	Lick
1050.2085	0.10000000000013642	TimeIntervals	Lick
1050.4085	0.1667499999998654	TimeIntervals	Lick
1050.6085	0.23349999999982174	TimeIntervals	Lick
1050.9420000000002	0.0999999999994543	TimeIntervals	Lick
1051.1085	0.06674999999972897	TimeIntervals	Lick
1051.2752500000001	0.06674999999972897	TimeIntervals	Lick
1051.3755	0.2332499999997708	TimeIntervals	Lick
1051.6755	0.06650000000013279	TimeIntervals	Lick
1052.0419999999997	0.10000000000013642	TimeIntervals	Lick
1052.20875	0.20025000000032378	TimeIntervals	Lick
1052.4755	0.13349999999968531	TimeIntervals	Lick
1052.6755	0.10000000000013642	TimeIntervals	Lick
1052.8422499999997	0.1000000000003638	TimeIntervals	Lick
1053.809	0.1000000000003638	TimeIntervals	Lick
1054.0425	0.09999999999990905	TimeIntervals	Lick
1054.309	0.1000000000003638	TimeIntervals	Lick
1054.4425	0.06649999999990541	TimeIntervals	Lick
1054.6089999999997	0.2335000000000491	TimeIntervals	Lick
1055.6425	0.0669999999997799	TimeIntervals	Lick
1055.8095	0.06650000000013279	TimeIntervals	Lick
1055.94275	0.10000000000013642	TimeIntervals	Lick
1056.1095	0.09999999999968168	TimeIntervals	Lick
1056.87625	0.13325000000008913	TimeIntervals	Lick
1057.3095	0.06674999999995634	TimeIntervals	Lick
1058.2765	0.1332500000003165	TimeIntervals	Lick
1059.1764999999998	0.10000000000013642	TimeIntervals	Lick
1060.57675	0.06675000000018372	TimeIntervals	Lick
1060.67675	0.10000000000013642	TimeIntervals	Lick
1060.81	0.1000000000003638	TimeIntervals	Lick
1060.9435	0.06649999999990541	TimeIntervals	Lick
1061.0435000000002	0.09999999999990905	TimeIntervals	Lick
1061.17675	0.06674999999995634	TimeIntervals	Lick
1061.277	0.09999999999990905	TimeIntervals	Lick
1061.4102500000001	0.10000000000013642	TimeIntervals	Lick
1061.5435000000002	0.06674999999972897	TimeIntervals	Lick
1061.677	0.06650000000013279	TimeIntervals	Lick
1061.777	0.09999999999990905	TimeIntervals	Lick
1061.9102500000001	0.10000000000013642	TimeIntervals	Lick
1062.0435000000002	0.09999999999990905	TimeIntervals	Lick
1062.177	0.06650000000013279	TimeIntervals	Lick
1062.277	0.09999999999990905	TimeIntervals	Lick
1062.3105	0.033249999999952706	TimeIntervals	Reward
1062.4105000000002	0.16649999999981446	TimeIntervals	Lick
1062.6105	0.09999999999990905	TimeIntervals	Lick
1062.7437499999999	0.06675000000018372	TimeIntervals	Lick
1062.84375	0.20000000000027285	TimeIntervals	Lick
1063.077	0.06674999999972897	TimeIntervals	Lick
1063.177	0.10000000000013642	TimeIntervals	Lick
1063.3105	0.10000000000013642	TimeIntervals	Lick
1063.444	0.06650000000013279	TimeIntervals	Lick
1063.544	0.09999999999968168	TimeIntervals	Lick
1063.67725	0.20000000000004547	TimeIntervals	Lick
1063.9105000000002	0.09999999999990905	TimeIntervals	Lick
1064.044	0.09999999999968168	TimeIntervals	Lick
1064.2105	0.06675000000041109	TimeIntervals	Lick
1064.3105	0.10000000000013642	TimeIntervals	Lick
1064.444	0.10000000000013642	TimeIntervals	Lick
1064.5775	0.09999999999990905	TimeIntervals	Lick
1064.7107500000002	0.09999999999990905	TimeIntervals	Lick
1064.8439999999998	0.10000000000013642	TimeIntervals	Lick
1064.9775000000002	0.13324999999963438	TimeIntervals	Lick
1065.1439999999998	0.10000000000013642	TimeIntervals	Lick
1065.2775000000001	0.09999999999968168	TimeIntervals	Lick
1065.444	0.10000000000013642	TimeIntervals	Lick
1065.74425	0.16675000000009277	TimeIntervals	Lick
1066.0442500000001	0.13324999999986176	TimeIntervals	Lick
1066.24425	0.09999999999990905	TimeIntervals	Lick
1066.44425	0.10000000000013642	TimeIntervals	Lick
1066.6109999999999	0.06650000000013279	TimeIntervals	Lick
1066.7445	0.09999999999968168	TimeIntervals	Lick
1067.3444999999997	0.06650000000036016	TimeIntervals	Lick
1067.7780000000002	0.13325000000008913	TimeIntervals	Lick
1068.4112500000003	0.06674999999995634	TimeIntervals	Lick
1068.678	0.10000000000013642	TimeIntervals	Lick
1069.3115	0.09999999999990905	TimeIntervals	Lick
1069.54475	0.09999999999990905	TimeIntervals	Lick
1069.7115	0.06650000000036016	TimeIntervals	Lick
1070.27825	0.09999999999968168	TimeIntervals	Lick
1070.9782500000001	0.10024999999995998	TimeIntervals	Lick
1071.2450000000001	0.06674999999995634	TimeIntervals	Lick
1071.61175	0.09999999999990905	TimeIntervals	Lick
1071.7450000000001	0.16675000000009277	TimeIntervals	Lick
1072.9120000000003	0.09999999999968168	TimeIntervals	Lick
1073.3454999999997	0.06650000000058753	TimeIntervals	Lick
1074.0455000000002	0.13324999999986176	TimeIntervals	Lick
