onset	duration	nwb_table	event_type
8.364250000000002	0.09999999999999787	TimeIntervals	Lick
8.631	0.06650000000000134	TimeIntervals	Lick
8.96425	0.033250000000002444	TimeIntervals	Lick
10.364500000000001	0.06675000000000075	TimeIntervals	Lick
11.9315	0.09999999999999964	TimeIntervals	Lick
12.06475	0.06675000000000075	TimeIntervals	Lick
12.4315	0.09999999999999964	TimeIntervals	Lick
12.565	0.09999999999999964	TimeIntervals	Lick
12.731500000000002	0.06674999999999898	TimeIntervals	Lick
12.8315	0.09999999999999964	TimeIntervals	Lick
12.965	0.06649999999999956	TimeIntervals	Lick
13.098250000000002	0.09999999999999964	TimeIntervals	Lick
13.231500000000002	0.09999999999999787	TimeIntervals	Lick
13.365	0.06649999999999956	TimeIntervals	Lick
13.49825	0.06674999999999898	TimeIntervals	Lick
13.598250000000002	0.10024999999999906	TimeIntervals	Lick
13.73175	0.10000000000000142	TimeIntervals	Lick
13.865	0.09999999999999964	TimeIntervals	Lick
13.998500000000002	0.09999999999999964	TimeIntervals	Lick
14.265000000000002	0.06674999999999898	TimeIntervals	Lick
14.365000000000002	0.40025000000000155	TimeIntervals	Lick
14.365000000000002	0.09999999999999787	TimeIntervals	Reward
14.798500000000002	0.06675000000000075	TimeIntervals	Lick
14.931999999999999	0.06650000000000134	TimeIntervals	Lick
15.032	0.09999999999999964	TimeIntervals	Lick
15.16525	0.06675000000000075	TimeIntervals	Lick
15.265250000000004	0.09999999999999964	TimeIntervals	Lick
15.398500000000002	0.09999999999999787	TimeIntervals	Lick
15.565250000000002	0.06674999999999898	TimeIntervals	Lick
15.66525	0.1000000000000032	TimeIntervals	Lick
15.798499999999999	0.20025000000000226	TimeIntervals	Lick
16.032	0.10000000000000142	TimeIntervals	Lick
16.1655	0.09999999999999787	TimeIntervals	Lick
16.29875	0.10000000000000497	TimeIntervals	Lick
16.432	0.10000000000000142	TimeIntervals	Lick
16.5655	0.10000000000000142	TimeIntervals	Lick
16.69875	0.09999999999999787	TimeIntervals	Lick
16.832	0.09999999999999787	TimeIntervals	Lick
16.965499999999995	0.23350000000000648	TimeIntervals	Lick
17.23225	0.3667499999999997	TimeIntervals	Lick
17.632250000000003	0.09999999999999787	TimeIntervals	Lick
17.7655	0.09999999999999787	TimeIntervals	Lick
17.899	0.09999999999999787	TimeIntervals	Lick
18.032499999999995	0.10000000000000497	TimeIntervals	Lick
18.16575	0.09999999999999787	TimeIntervals	Lick
18.332500000000003	0.10000000000000142	TimeIntervals	Lick
18.465750000000003	0.06674999999999187	TimeIntervals	Lick
18.599	0.06674999999999898	TimeIntervals	Lick
18.765749999999997	0.26674999999999827	TimeIntervals	Lick
19.099	0.10025000000000261	TimeIntervals	Lick
19.29925	0.09999999999999787	TimeIntervals	Lick
19.466000000000005	0.06649999999999068	TimeIntervals	Lick
19.666	0.06650000000000134	TimeIntervals	Lick
20.2995	0.10000000000000142	TimeIntervals	Lick
20.432750000000002	0.06674999999999898	TimeIntervals	Lick
20.732750000000003	0.06674999999999542	TimeIntervals	Lick
20.8995	0.1332500000000003	TimeIntervals	Lick
21.733	0.06649999999999778	TimeIntervals	Lick
21.8995	0.03350000000000364	TimeIntervals	Lick
22.233	0.06649999999999778	TimeIntervals	Lick
22.466500000000003	0.13324999999999676	TimeIntervals	Lick
22.966500000000003	0.06650000000000134	TimeIntervals	Lick
23.166500000000003	0.06649999999999778	TimeIntervals	Lick
24.566499999999998	0.06700000000000372	TimeIntervals	Lick
24.66675	0.09999999999999787	TimeIntervals	Lick
25.0	0.09999999999999787	TimeIntervals	Lick
25.1335	0.10000000000000142	TimeIntervals	Lick
25.299999999999997	0.06675000000000253	TimeIntervals	Lick
25.400000000000002	0.09999999999999787	TimeIntervals	Lick
25.5335	0.10000000000000142	TimeIntervals	Lick
25.66675	0.10024999999999906	TimeIntervals	Lick
25.800250000000002	0.06674999999999898	TimeIntervals	Lick
25.967	0.06650000000000134	TimeIntervals	Lick
26.10025	0.06674999999999898	TimeIntervals	Lick
26.20025	0.10000000000000142	TimeIntervals	Lick
26.3335	0.10000000000000497	TimeIntervals	Lick
26.433500000000006	0.06674999999999542	TimeIntervals	Reward
26.467	0.1999999999999993	TimeIntervals	Lick
26.70025	0.06674999999999898	TimeIntervals	Lick
26.800500000000003	0.29999999999999716	TimeIntervals	Lick
27.133750000000003	0.06674999999999898	TimeIntervals	Lick
27.233750000000004	0.19999999999999574	TimeIntervals	Lick
27.467	0.1999999999999993	TimeIntervals	Lick
27.7005	0.20000000000000284	TimeIntervals	Lick
27.934000000000008	0.09999999999999076	TimeIntervals	Lick
28.067249999999998	0.1999999999999993	TimeIntervals	Lick
28.300500000000003	0.10000000000000142	TimeIntervals	Lick
28.434000000000008	0.09999999999999076	TimeIntervals	Lick
28.567249999999998	0.10000000000000497	TimeIntervals	Lick
28.7005	0.6335000000000015	TimeIntervals	Lick
29.3675	0.10000000000000142	TimeIntervals	Lick
29.50075	0.10000000000000142	TimeIntervals	Lick
29.6675	0.16650000000000276	TimeIntervals	Lick
29.90075	0.06675000000000253	TimeIntervals	Lick
30.301000000000002	0.1332500000000003	TimeIntervals	Lick
30.667499999999997	0.03349999999999653	TimeIntervals	Lick
30.767499999999995	0.1667500000000075	TimeIntervals	Lick
31.167499999999997	0.06700000000000017	TimeIntervals	Lick
31.334500000000002	0.06650000000000134	TimeIntervals	Lick
31.767749999999992	0.06675000000000963	TimeIntervals	Lick
32.0345	0.13324999999999676	TimeIntervals	Lick
32.4345	0.06674999999999898	TimeIntervals	Lick
32.8345	0.10000000000000142	TimeIntervals	Lick
33.83475	0.10000000000000853	TimeIntervals	Lick
34.0015	0.10000000000000142	TimeIntervals	Lick
34.467999999999996	0.06700000000000728	TimeIntervals	Lick
35.2015	0.10000000000000142	TimeIntervals	Lick
38.168749999999996	0.10000000000000853	TimeIntervals	Lick
40.102500000000006	0.09999999999999432	TimeIntervals	Lick
41.26925	0.10000000000001563	TimeIntervals	Lick
43.93625	0.06674999999999898	TimeIntervals	Lick
44.203	0.06649999999999778	TimeIntervals	Lick
44.3365	0.06649999999999778	TimeIntervals	Lick
44.46975	0.06674999999999898	TimeIntervals	Lick
44.602999999999994	0.06675000000001319	TimeIntervals	Lick
44.703	0.10000000000000142	TimeIntervals	Lick
44.86975	0.06674999999999898	TimeIntervals	Lick
44.96975	0.10000000000000142	TimeIntervals	Lick
45.102999999999994	0.10000000000000853	TimeIntervals	Lick
45.23650000000001	0.06649999999999778	TimeIntervals	Lick
45.3365	0.10000000000000142	TimeIntervals	Lick
45.47	0.06649999999999778	TimeIntervals	Lick
45.57	0.10000000000000142	TimeIntervals	Lick
45.70325	0.10000000000000853	TimeIntervals	Lick
45.8365	0.06674999999999898	TimeIntervals	Lick
45.9365	0.09999999999999432	TimeIntervals	Lick
46.07	0.10000000000000142	TimeIntervals	Lick
46.23650000000001	0.06674999999999898	TimeIntervals	Lick
46.3365	0.10000000000000142	TimeIntervals	Lick
46.47	0.3999999999999986	TimeIntervals	Lick
46.47	0.10000000000000142	TimeIntervals	Reward
46.903499999999994	0.066500000000012	TimeIntervals	Lick
47.0035	0.19999999999999574	TimeIntervals	Lick
47.23675	0.09999999999999432	TimeIntervals	Lick
47.37	0.10000000000000853	TimeIntervals	Lick
47.5035	0.3334999999999937	TimeIntervals	Lick
47.87025	0.10000000000000142	TimeIntervals	Lick
48.0035	0.09999999999999432	TimeIntervals	Lick
48.137	0.3332499999999996	TimeIntervals	Lick
48.5035	0.09999999999999432	TimeIntervals	Lick
48.637	0.10000000000000142	TimeIntervals	Lick
48.770500000000006	0.09999999999998721	TimeIntervals	Lick
48.90375	0.09999999999999432	TimeIntervals	Lick
49.037	0.10000000000000142	TimeIntervals	Lick
49.170500000000004	0.10000000000000142	TimeIntervals	Lick
49.30375000000001	0.36674999999999613	TimeIntervals	Lick
49.70375000000001	0.10025000000000261	TimeIntervals	Lick
49.837250000000004	0.10000000000000142	TimeIntervals	Lick
49.9705	0.3999999999999915	TimeIntervals	Lick
50.404	0.09999999999998721	TimeIntervals	Lick
50.670500000000004	0.06675000000000608	TimeIntervals	Lick
50.80400000000001	0.09999999999999432	TimeIntervals	Lick
50.970749999999995	0.2667500000000089	TimeIntervals	Lick
51.604000000000006	0.06674999999999187	TimeIntervals	Lick
51.704	0.13350000000001216	TimeIntervals	Lick
51.904	0.06674999999999187	TimeIntervals	Lick
52.10425	0.06674999999999898	TimeIntervals	Lick
52.6375	0.06674999999999898	TimeIntervals	Lick
52.9375	0.10000000000000142	TimeIntervals	Lick
53.3045	0.20000000000000284	TimeIntervals	Lick
53.571	0.06675000000000608	TimeIntervals	Lick
54.37125	0.09999999999999432	TimeIntervals	Lick
54.604499999999994	0.06675000000000608	TimeIntervals	Lick
54.73800000000001	0.06649999999999068	TimeIntervals	Lick
55.3715	0.06649999999999778	TimeIntervals	Lick
55.804750000000006	0.10000000000000142	TimeIntervals	Lick
56.504999999999995	0.10000000000000142	TimeIntervals	Lick
56.705000000000005	0.06649999999999068	TimeIntervals	Lick
57.504999999999995	0.06674999999999898	TimeIntervals	Lick
57.63849999999999	0.066500000000012	TimeIntervals	Lick
57.77175	0.06675000000000608	TimeIntervals	Lick
57.87175	0.09999999999999432	TimeIntervals	Lick
58.004999999999995	0.10000000000000142	TimeIntervals	Lick
58.13849999999999	0.066500000000012	TimeIntervals	Lick
58.23850000000001	0.09999999999999432	TimeIntervals	Lick
58.37175	0.06674999999999898	TimeIntervals	Lick
58.47174999999999	0.10025000000000972	TimeIntervals	Lick
58.60525	0.06674999999999898	TimeIntervals	Lick
58.70525000000001	0.09999999999999432	TimeIntervals	Lick
58.8385	0.09999999999999432	TimeIntervals	Lick
58.971999999999994	0.10000000000000853	TimeIntervals	Lick
59.10525	0.10000000000000853	TimeIntervals	Lick
59.23850000000001	0.06674999999999187	TimeIntervals	Lick
59.372	0.06649999999999778	TimeIntervals	Lick
59.471999999999994	0.10000000000000853	TimeIntervals	Lick
59.572	0.03324999999999534	TimeIntervals	Reward
59.60525	0.10025000000000261	TimeIntervals	Lick
59.73875	0.1667500000000004	TimeIntervals	Lick
59.93875	0.19999999999999574	TimeIntervals	Lick
60.172	0.06675000000000608	TimeIntervals	Lick
60.272	0.19999999999999574	TimeIntervals	Lick
60.50549999999999	0.10000000000000853	TimeIntervals	Lick
60.638749999999995	0.10000000000000853	TimeIntervals	Lick
60.772	0.20024999999998983	TimeIntervals	Lick
61.00549999999999	0.10000000000000853	TimeIntervals	Lick
61.13899999999999	0.46650000000000347	TimeIntervals	Lick
61.63899999999999	0.10000000000000853	TimeIntervals	Lick
61.77225000000001	0.23349999999998516	TimeIntervals	Lick
62.039	0.2667500000000018	TimeIntervals	Lick
62.33900000000001	0.09999999999999432	TimeIntervals	Lick
62.47249999999999	0.2332500000000053	TimeIntervals	Lick
62.739	0.10000000000001563	TimeIntervals	Lick
63.0725	1.7334999999999994	TimeIntervals	Lick
64.83949999999999	1.3000000000000114	TimeIntervals	Lick
66.273	0.13349999999999795	TimeIntervals	Lick
66.43975	0.13324999999998965	TimeIntervals	Lick
66.67299999999999	0.26675000000001603	TimeIntervals	Lick
66.97300000000001	0.19999999999997442	TimeIntervals	Lick
67.2065	0.09999999999999432	TimeIntervals	Lick
67.373	0.06700000000000728	TimeIntervals	Lick
67.5065	0.13349999999998374	TimeIntervals	Lick
67.7065	0.09999999999999432	TimeIntervals	Lick
67.83999999999999	0.10000000000002274	TimeIntervals	Lick
67.97325000000001	0.06674999999998477	TimeIntervals	Lick
68.10650000000001	0.06674999999998477	TimeIntervals	Lick
68.24	0.13325000000000387	TimeIntervals	Lick
68.4065	0.06700000000000728	TimeIntervals	Lick
68.60675	0.03324999999999534	TimeIntervals	Reward
68.77350000000001	0.4000000000000057	TimeIntervals	Lick
69.20675000000001	0.19999999999997442	TimeIntervals	Lick
69.44000000000001	0.20024999999999693	TimeIntervals	Lick
69.67350000000002	0.06674999999998477	TimeIntervals	Lick
69.77350000000001	0.19999999999998863	TimeIntervals	Lick
70.00700000000002	0.0999999999999801	TimeIntervals	Lick
70.14025000000001	0.06674999999999898	TimeIntervals	Lick
70.24025	0.09999999999999432	TimeIntervals	Lick
70.37349999999999	0.333500000000015	TimeIntervals	Lick
70.7405	0.10000000000000853	TimeIntervals	Lick
70.87375	0.09999999999999432	TimeIntervals	Lick
71.0405	0.10000000000000853	TimeIntervals	Lick
71.17375000000001	0.06674999999998477	TimeIntervals	Lick
71.27375	0.36674999999999613	TimeIntervals	Lick
71.67375000000001	0.13349999999999795	TimeIntervals	Lick
71.87400000000001	0.09999999999999432	TimeIntervals	Lick
72.20725	0.1667500000000075	TimeIntervals	Lick
72.40725	0.09999999999999432	TimeIntervals	Lick
72.5405	0.13350000000001216	TimeIntervals	Lick
72.87400000000001	0.09999999999999432	TimeIntervals	Lick
73.00750000000001	0.09999999999999432	TimeIntervals	Lick
73.34075	0.13325000000000387	TimeIntervals	Lick
74.241	0.09999999999999432	TimeIntervals	Lick
74.67425000000001	0.06674999999998477	TimeIntervals	Lick
74.8075	0.09999999999999432	TimeIntervals	Lick
75.04100000000001	0.10000000000000853	TimeIntervals	Lick
75.20775	0.06674999999999898	TimeIntervals	Lick
75.30775	0.10000000000000853	TimeIntervals	Lick
75.441	0.10000000000000853	TimeIntervals	Lick
75.5745	0.10000000000000853	TimeIntervals	Lick
75.70775	0.20000000000000284	TimeIntervals	Lick
75.941	0.10000000000000853	TimeIntervals	Lick
76.0745	0.10000000000000853	TimeIntervals	Lick
76.20800000000001	0.23324999999999818	TimeIntervals	Lick
76.47450000000002	0.06674999999997056	TimeIntervals	Lick
76.60800000000002	0.09999999999999432	TimeIntervals	Reward
76.60800000000002	0.06649999999999068	TimeIntervals	Lick
76.70800000000001	0.4000000000000057	TimeIntervals	Lick
77.14125000000001	0.1002499999999884	TimeIntervals	Lick
77.27475	0.20000000000001705	TimeIntervals	Lick
77.508	0.10000000000002274	TimeIntervals	Lick
77.64150000000002	0.0999999999999801	TimeIntervals	Lick
77.77475	0.20000000000001705	TimeIntervals	Lick
78.008	0.10000000000002274	TimeIntervals	Lick
78.14150000000002	0.0999999999999801	TimeIntervals	Lick
78.27475	0.10025000000000261	TimeIntervals	Lick
78.40825000000001	0.19999999999998863	TimeIntervals	Lick
78.64150000000002	0.0999999999999801	TimeIntervals	Lick
78.77500000000002	0.0999999999999801	TimeIntervals	Lick
78.90825000000001	0.09999999999999432	TimeIntervals	Lick
79.075	1.2667500000000018	TimeIntervals	Lick
80.375	0.10000000000000853	TimeIntervals	Lick
80.5085	0.10000000000000853	TimeIntervals	Lick
80.642	0.10000000000002274	TimeIntervals	Lick
80.77525000000001	0.0999999999999801	TimeIntervals	Lick
80.9085	0.09999999999999432	TimeIntervals	Lick
81.042	0.2332500000000124	TimeIntervals	Lick
81.3085	0.10000000000000853	TimeIntervals	Lick
81.44200000000001	0.09999999999999432	TimeIntervals	Lick
81.6085	0.36700000000000443	TimeIntervals	Lick
82.00875	0.13324999999998965	TimeIntervals	Lick
82.24200000000002	0.06674999999998477	TimeIntervals	Lick
83.109	0.09999999999999432	TimeIntervals	Lick
83.27550000000001	0.06674999999998477	TimeIntervals	Lick
83.77550000000001	0.06699999999999307	TimeIntervals	Lick
84.009	0.06674999999999898	TimeIntervals	Lick
84.5425	0.06649999999999068	TimeIntervals	Lick
84.70899999999999	0.13350000000001216	TimeIntervals	Lick
85.10925000000002	0.6332499999999897	TimeIntervals	Lick
86.276	0.06675000000001319	TimeIntervals	Lick
86.4095	0.20000000000000284	TimeIntervals	Lick
86.64275	0.09999999999999432	TimeIntervals	Lick
87.4095	0.06675000000001319	TimeIntervals	Lick
87.6095	0.0667500000000274	TimeIntervals	Lick
88.77650000000001	0.10000000000000853	TimeIntervals	Lick
89.20975000000001	0.03324999999998113	TimeIntervals	Lick
89.44325	0.2332500000000124	TimeIntervals	Lick
89.84325000000001	0.3332500000000067	TimeIntervals	Lick
90.57675	0.06674999999999898	TimeIntervals	Lick
90.7435	0.06649999999999068	TimeIntervals	Lick
91.17675000000001	0.13324999999997544	TimeIntervals	Lick
91.67700000000002	0.0999999999999801	TimeIntervals	Lick
92.17700000000002	0.13324999999997544	TimeIntervals	Lick
93.5105	0.10000000000000853	TimeIntervals	Lick
94.244	0.06650000000000489	TimeIntervals	Lick
94.644	0.09999999999999432	TimeIntervals	Lick
94.7775	0.06649999999999068	TimeIntervals	Lick
94.87750000000001	0.10000000000000853	TimeIntervals	Lick
95.01075	0.10000000000000853	TimeIntervals	Lick
95.144	0.09999999999999432	TimeIntervals	Lick
95.2775	0.06649999999999068	TimeIntervals	Lick
95.37750000000001	0.10000000000000853	TimeIntervals	Lick
95.51075	0.10000000000000853	TimeIntervals	Lick
95.644	0.06674999999999898	TimeIntervals	Lick
95.744	0.09999999999999432	TimeIntervals	Lick
95.87750000000001	0.10000000000000853	TimeIntervals	Lick
96.011	0.06650000000000489	TimeIntervals	Lick
96.14425000000001	0.06674999999999898	TimeIntervals	Lick
96.2775	0.10000000000000853	TimeIntervals	Lick
96.411	0.0665000000000191	TimeIntervals	Lick
96.511	0.06650000000000489	TimeIntervals	Lick
96.61100000000002	0.09999999999999432	TimeIntervals	Lick
96.67750000000001	0.09999999999999432	TimeIntervals	Reward
96.74425000000001	0.4002499999999998	TimeIntervals	Lick
97.17775000000002	0.06674999999997056	TimeIntervals	Lick
97.27775	0.20000000000001705	TimeIntervals	Lick
97.511	0.10000000000002274	TimeIntervals	Lick
97.64450000000001	0.19999999999998863	TimeIntervals	Lick
97.87775	0.10000000000000853	TimeIntervals	Lick
98.011	0.10025000000001683	TimeIntervals	Lick
98.14450000000001	0.19999999999998863	TimeIntervals	Lick
98.37800000000001	0.09999999999999432	TimeIntervals	Lick
98.51125	0.20000000000001705	TimeIntervals	Lick
98.74449999999999	0.10000000000000853	TimeIntervals	Lick
98.87800000000001	0.19999999999998863	TimeIntervals	Lick
99.11125000000001	0.1002499999999884	TimeIntervals	Lick
99.24475000000001	0.23324999999999818	TimeIntervals	Lick
99.5115	0.10000000000000853	TimeIntervals	Lick
99.64475000000002	0.09999999999999432	TimeIntervals	Lick
99.778	0.10000000000000853	TimeIntervals	Lick
99.9115	0.09999999999999432	TimeIntervals	Lick
100.04475000000001	0.10000000000000853	TimeIntervals	Lick
100.17800000000003	0.1002499999999884	TimeIntervals	Lick
100.31150000000001	0.09999999999999432	TimeIntervals	Lick
100.47825	0.30000000000001137	TimeIntervals	Lick
100.81150000000001	0.09999999999999432	TimeIntervals	Lick
100.97825	0.06674999999999898	TimeIntervals	Lick
101.1115	0.06675000000001319	TimeIntervals	Lick
101.245	0.06650000000000489	TimeIntervals	Lick
101.345	0.5	TimeIntervals	Lick
101.87849999999999	0.0665000000000191	TimeIntervals	Lick
102.17850000000003	0.0999999999999801	TimeIntervals	Lick
102.51199999999999	0.0665000000000191	TimeIntervals	Lick
102.712	0.13325000000000387	TimeIntervals	Lick
102.87849999999999	0.10000000000002274	TimeIntervals	Lick
103.14525000000002	0.13324999999998965	TimeIntervals	Lick
103.44525	0.30024999999999125	TimeIntervals	Lick
104.07875	0.06674999999999898	TimeIntervals	Lick
104.27875000000002	0.23324999999996976	TimeIntervals	Lick
104.74549999999999	0.06675000000001319	TimeIntervals	Lick
105.51225	0.13325000000000387	TimeIntervals	Lick
105.74549999999999	0.10025000000001683	TimeIntervals	Reward
105.84575000000001	1.4667499999999905	TimeIntervals	Lick
107.346	0.19999999999998863	TimeIntervals	Lick
107.57925	0.20000000000000284	TimeIntervals	Lick
107.8125	0.20025000000001114	TimeIntervals	Lick
108.04599999999999	0.20000000000000284	TimeIntervals	Lick
108.27950000000001	0.09999999999999432	TimeIntervals	Lick
108.41275	0.10000000000000853	TimeIntervals	Lick
108.54599999999999	0.06675000000001319	TimeIntervals	Lick
108.646	0.09999999999999432	TimeIntervals	Lick
108.77950000000001	0.20000000000000284	TimeIntervals	Lick
109.01300000000002	0.09999999999999432	TimeIntervals	Lick
109.14625000000001	0.3332500000000067	TimeIntervals	Lick
109.51300000000002	0.19999999999998863	TimeIntervals	Lick
109.74625	0.06674999999998477	TimeIntervals	Lick
109.84625	0.10000000000002274	TimeIntervals	Lick
109.97950000000002	0.0999999999999801	TimeIntervals	Lick
110.11300000000001	0.3335000000000008	TimeIntervals	Lick
110.47975000000001	0.10000000000000853	TimeIntervals	Lick
110.61300000000001	0.09999999999999432	TimeIntervals	Lick
110.7465	0.10000000000000853	TimeIntervals	Lick
110.87975	0.10000000000000853	TimeIntervals	Lick
111.01300000000002	0.06674999999999898	TimeIntervals	Lick
111.17975000000001	0.06674999999998477	TimeIntervals	Lick
111.31324999999998	0.06675000000001319	TimeIntervals	Lick
111.44650000000001	0.06674999999998477	TimeIntervals	Lick
111.5465	0.10000000000000853	TimeIntervals	Lick
111.68	0.10000000000000853	TimeIntervals	Lick
111.8465	0.10000000000000853	TimeIntervals	Lick
111.98000000000002	0.09999999999999432	TimeIntervals	Lick
112.1465	0.06675000000001319	TimeIntervals	Lick
112.28000000000002	0.06674999999997056	TimeIntervals	Lick
112.38	0.10000000000002274	TimeIntervals	Lick
112.51350000000001	0.10000000000000853	TimeIntervals	Lick
112.64675000000003	0.09999999999999432	TimeIntervals	Lick
112.78000000000002	0.23349999999999227	TimeIntervals	Lick
113.04675000000002	0.10000000000000853	TimeIntervals	Lick
113.18	0.10000000000000853	TimeIntervals	Lick
113.31349999999999	0.06650000000000489	TimeIntervals	Lick
113.447	0.06650000000000489	TimeIntervals	Lick
113.547	0.10000000000000853	TimeIntervals	Lick
113.68025000000002	0.06674999999998477	TimeIntervals	Lick
113.747	0.06649999999999068	TimeIntervals	Reward
113.78025000000002	0.4332499999999868	TimeIntervals	Lick
114.247	0.3335000000000008	TimeIntervals	Lick
114.61375000000002	0.0999999999999801	TimeIntervals	Lick
114.747	0.20000000000000284	TimeIntervals	Lick
114.98050000000002	0.19999999999998863	TimeIntervals	Lick
115.21375	0.0999999999999801	TimeIntervals	Lick
115.347	0.10000000000000853	TimeIntervals	Lick
115.48050000000002	0.19999999999998863	TimeIntervals	Lick
115.71400000000001	0.3332499999999925	TimeIntervals	Lick
116.0805	0.10000000000000853	TimeIntervals	Lick
116.21400000000001	0.0999999999999659	TimeIntervals	Lick
116.34725	0.09999999999999432	TimeIntervals	Lick
116.48050000000002	0.0999999999999801	TimeIntervals	Lick
116.61400000000002	0.09999999999999432	TimeIntervals	Lick
116.74749999999999	0.10000000000000853	TimeIntervals	Lick
116.88074999999999	0.20000000000000284	TimeIntervals	Lick
117.14750000000001	0.23324999999998397	TimeIntervals	Lick
117.41399999999999	0.2335000000000207	TimeIntervals	Lick
117.68075000000003	0.06674999999995634	TimeIntervals	Lick
117.881	0.30000000000001137	TimeIntervals	Lick
118.21425	0.0999999999999801	TimeIntervals	Lick
118.54750000000001	0.06674999999999898	TimeIntervals	Lick
118.71425	0.06674999999999898	TimeIntervals	Lick
118.91450000000002	0.03324999999998113	TimeIntervals	Lick
119.0145	0.5332499999999953	TimeIntervals	Lick
119.64775	0.09999999999999432	TimeIntervals	Lick
119.84775	0.06675000000001319	TimeIntervals	Lick
120.2145	0.06675000000001319	TimeIntervals	Lick
120.348	0.3332500000000209	TimeIntervals	Lick
121.64800000000001	0.09999999999999432	TimeIntervals	Lick
121.91475000000001	0.09999999999999432	TimeIntervals	Lick
122.11475	0.06675000000001319	TimeIntervals	Lick
122.34825000000001	0.06674999999999898	TimeIntervals	Lick
122.84825000000001	0.09999999999999432	TimeIntervals	Lick
123.115	0.10000000000000853	TimeIntervals	Lick
123.64850000000004	0.06649999999996226	TimeIntervals	Lick
124.44850000000001	0.09999999999999432	TimeIntervals	Lick
124.74850000000002	0.0999999999999801	TimeIntervals	Lick
126.08200000000001	0.10000000000000853	TimeIntervals	Lick
127.14900000000003	0.06649999999997647	TimeIntervals	Lick
127.94899999999998	0.09999999999999432	TimeIntervals	Lick
129.216	0.06649999999999068	TimeIntervals	Lick
129.34925	0.09999999999999432	TimeIntervals	Lick
130.18275	0.09999999999999432	TimeIntervals	Lick
131.41625	0.10000000000002274	TimeIntervals	Lick
131.58300000000003	0.06649999999999068	TimeIntervals	Lick
131.71624999999997	0.06675000000001319	TimeIntervals	Lick
131.8495	0.06674999999998477	TimeIntervals	Lick
131.9495	0.10000000000002274	TimeIntervals	Lick
132.08300000000003	0.06674999999998477	TimeIntervals	Lick
132.183	0.09999999999999432	TimeIntervals	Lick
132.3165	0.06650000000004752	TimeIntervals	Lick
132.4165	0.10000000000002274	TimeIntervals	Lick
132.54975000000002	0.09999999999999432	TimeIntervals	Lick
132.683	0.06675000000001319	TimeIntervals	Lick
132.783	0.10000000000005116	TimeIntervals	Lick
132.9165	0.10000000000002274	TimeIntervals	Lick
133.04975000000002	0.10024999999995998	TimeIntervals	Lick
133.18325	0.06675000000001319	TimeIntervals	Lick
133.28324999999998	0.10000000000005116	TimeIntervals	Lick
133.45	0.06650000000004752	TimeIntervals	Lick
133.55	0.0999999999999659	TimeIntervals	Lick
133.68325	0.09999999999999432	TimeIntervals	Lick
133.78324999999998	0.06675000000004161	TimeIntervals	Reward
133.8165	0.06675000000004161	TimeIntervals	Lick
133.9165	0.29999999999998295	TimeIntervals	Lick
134.25	0.30000000000001137	TimeIntervals	Lick
134.5835	0.06649999999999068	TimeIntervals	Lick
134.6835	0.09999999999999432	TimeIntervals	Lick
134.81675	0.19999999999998863	TimeIntervals	Lick
135.05	0.0999999999999659	TimeIntervals	Lick
135.1835	0.20000000000001705	TimeIntervals	Lick
135.417	0.09999999999999432	TimeIntervals	Lick
135.55025	0.19999999999998863	TimeIntervals	Lick
135.7835	0.10000000000002274	TimeIntervals	Lick
135.917	0.09999999999999432	TimeIntervals	Lick
136.05025	0.09999999999999432	TimeIntervals	Lick
136.1835	0.09999999999999432	TimeIntervals	Lick
136.317	0.09999999999999432	TimeIntervals	Lick
136.4505	0.09999999999999432	TimeIntervals	Lick
136.58375	0.0999999999999659	TimeIntervals	Lick
136.717	0.23349999999996385	TimeIntervals	Lick
136.98375000000001	0.23324999999999818	TimeIntervals	Lick
137.45049999999998	0.10000000000002274	TimeIntervals	Lick
137.584	0.10000000000002274	TimeIntervals	Lick
137.75050000000002	0.10000000000002274	TimeIntervals	Lick
137.91724999999997	0.20000000000001705	TimeIntervals	Lick
138.18400000000003	0.09999999999999432	TimeIntervals	Lick
138.45049999999998	0.33350000000004343	TimeIntervals	Lick
138.85075000000003	0.0999999999999659	TimeIntervals	Lick
138.984	0.06674999999998477	TimeIntervals	Lick
139.65075000000002	0.10025000000001683	TimeIntervals	Lick
139.81750000000002	0.06674999999998477	TimeIntervals	Lick
140.08425	0.06675000000004161	TimeIntervals	Lick
140.58425	0.09999999999999432	TimeIntervals	Lick
140.78425000000004	0.06674999999998477	TimeIntervals	Lick
140.95100000000002	0.06674999999998477	TimeIntervals	Lick
142.05124999999998	0.10000000000002274	TimeIntervals	Lick
142.55124999999998	0.10000000000002274	TimeIntervals	Lick
142.75125	0.10000000000002274	TimeIntervals	Lick
143.68475	0.10000000000002274	TimeIntervals	Lick
143.98475000000002	0.06674999999998477	TimeIntervals	Lick
144.2515	0.10000000000002274	TimeIntervals	Lick
144.58500000000004	0.0999999999999659	TimeIntervals	Lick
144.91825	0.06674999999998477	TimeIntervals	Lick
145.185	0.10000000000005116	TimeIntervals	Lick
146.6185	0.06674999999998477	TimeIntervals	Lick
146.7185	0.09999999999999432	TimeIntervals	Lick
146.852	0.06649999999999068	TimeIntervals	Lick
147.01850000000002	0.06674999999998477	TimeIntervals	Lick
147.1185	0.09999999999999432	TimeIntervals	Lick
147.25200000000004	0.1999999999999602	TimeIntervals	Lick
147.4855	0.20000000000001705	TimeIntervals	Lick
147.71875000000003	0.1999999999999602	TimeIntervals	Lick
147.952	0.09999999999999432	TimeIntervals	Lick
148.08550000000002	0.09999999999999432	TimeIntervals	Lick
148.21875000000003	0.0999999999999659	TimeIntervals	Lick
148.3855	0.06649999999999068	TimeIntervals	Lick
148.4855	0.10000000000002274	TimeIntervals	Lick
148.61899999999997	0.06650000000004752	TimeIntervals	Lick
148.71900000000005	0.09999999999993747	TimeIntervals	Lick
148.819	0.10000000000002274	TimeIntervals	Reward
148.85225000000003	0.06674999999998477	TimeIntervals	Lick
148.95225	0.4000000000000341	TimeIntervals	Lick
149.3855	0.20000000000001705	TimeIntervals	Lick
149.61899999999997	0.10000000000007958	TimeIntervals	Lick
149.75250000000003	0.19999999999998863	TimeIntervals	Lick
149.98575	0.09999999999999432	TimeIntervals	Lick
150.11899999999997	0.20000000000001705	TimeIntervals	Lick
150.3525	0.20000000000001705	TimeIntervals	Lick
150.58575	0.10025000000001683	TimeIntervals	Lick
150.71925000000005	0.0999999999999659	TimeIntervals	Lick
150.8525	0.10000000000002274	TimeIntervals	Lick
150.986	0.10000000000002274	TimeIntervals	Lick
151.11925	0.10000000000005116	TimeIntervals	Lick
151.25250000000003	0.3334999999999866	TimeIntervals	Lick
151.61925	0.10000000000005116	TimeIntervals	Lick
151.75250000000003	0.1002499999999884	TimeIntervals	Lick
151.88600000000002	0.19999999999998863	TimeIntervals	Lick
152.1195	0.10000000000005116	TimeIntervals	Lick
152.25275000000005	0.0999999999999659	TimeIntervals	Lick
152.38600000000002	0.0999999999999659	TimeIntervals	Lick
152.51950000000002	0.6667500000000075	TimeIntervals	Lick
153.21950000000004	0.33349999999995816	TimeIntervals	Lick
153.58625	0.10000000000002274	TimeIntervals	Lick
153.71950000000004	0.0999999999999659	TimeIntervals	Lick
153.85300000000004	0.0999999999999659	TimeIntervals	Lick
153.9865	0.166499999999985	TimeIntervals	Lick
154.18650000000002	0.09999999999999432	TimeIntervals	Lick
154.31975	0.26675000000003024	TimeIntervals	Lick
154.61975	0.06675000000001319	TimeIntervals	Lick
154.81975	0.06675000000001319	TimeIntervals	Lick
155.053	0.06700000000000728	TimeIntervals	Lick
155.15324999999999	0.16675000000003593	TimeIntervals	Lick
155.3865	0.06675000000001319	TimeIntervals	Lick
155.4865	0.13349999999999795	TimeIntervals	Lick
155.8865	0.09999999999999432	TimeIntervals	Lick
156.12	0.2667500000000018	TimeIntervals	Lick
157.22000000000003	0.06699999999997885	TimeIntervals	Lick
157.387	0.03324999999998113	TimeIntervals	Lick
157.52025	0.06675000000001319	TimeIntervals	Lick
157.787	0.0665000000000191	TimeIntervals	Lick
158.12024999999997	0.10000000000005116	TimeIntervals	Lick
159.387	0.10000000000002274	TimeIntervals	Lick
159.654	0.10000000000002274	TimeIntervals	Lick
160.95400000000004	0.06674999999998477	TimeIntervals	Lick
161.58749999999998	0.0665000000000191	TimeIntervals	Lick
161.95425000000003	0.06674999999998477	TimeIntervals	Lick
162.38750000000002	0.09999999999999432	TimeIntervals	Lick
162.55425	0.06674999999998477	TimeIntervals	Lick
163.68775	0.1332500000000323	TimeIntervals	Lick
164.42125000000001	0.09999999999999432	TimeIntervals	Lick
165.4215	0.13324999999997544	TimeIntervals	Lick
166.82150000000001	0.09999999999999432	TimeIntervals	Lick
168.522	0.03324999999998113	TimeIntervals	Lick
168.72200000000004	0.0999999999999659	TimeIntervals	Lick
169.18849999999998	0.13350000000002638	TimeIntervals	Lick
170.889	0.0665000000000191	TimeIntervals	Lick
171.02225	0.06674999999998477	TimeIntervals	Lick
171.189	0.10000000000005116	TimeIntervals	Lick
173.52250000000004	0.0999999999999659	TimeIntervals	Lick
173.68925	0.1667500000000075	TimeIntervals	Lick
174.78950000000003	0.10000000000002274	TimeIntervals	Lick
175.85625000000002	0.1002499999999884	TimeIntervals	Lick
176.5565	0.09999999999999432	TimeIntervals	Lick
177.9565	0.06674999999998477	TimeIntervals	Lick
178.09	0.06675000000001319	TimeIntervals	Lick
178.22350000000006	0.06649999999996226	TimeIntervals	Lick
178.32350000000002	0.0999999999999659	TimeIntervals	Lick
178.45675	0.06674999999998477	TimeIntervals	Lick
178.55675000000002	0.19999999999998863	TimeIntervals	Lick
178.79000000000002	0.09999999999999432	TimeIntervals	Lick
178.9235	0.06650000000004752	TimeIntervals	Lick
179.02349999999998	0.10000000000002274	TimeIntervals	Lick
179.257	0.20000000000001705	TimeIntervals	Lick
179.49025000000003	0.0999999999999659	TimeIntervals	Lick
179.6235	0.10000000000005116	TimeIntervals	Lick
179.757	0.09999999999999432	TimeIntervals	Lick
179.89025	0.19999999999998863	TimeIntervals	Lick
179.89025	0.06675000000001319	TimeIntervals	Reward
180.1235	0.06675000000001319	TimeIntervals	Lick
180.22350000000006	0.3002499999999486	TimeIntervals	Lick
180.55700000000002	0.09999999999999432	TimeIntervals	Lick
180.6905	0.20000000000004547	TimeIntervals	Lick
180.92375	0.19999999999998863	TimeIntervals	Lick
181.157	0.09999999999999432	TimeIntervals	Lick
181.29050000000007	0.1999999999999602	TimeIntervals	Lick
181.52400000000003	0.0999999999999659	TimeIntervals	Lick
181.65725	0.10000000000002274	TimeIntervals	Lick
181.79050000000007	0.0999999999999659	TimeIntervals	Lick
181.924	0.10000000000002274	TimeIntervals	Lick
182.05725	0.09999999999999432	TimeIntervals	Lick
182.1905	0.10000000000007958	TimeIntervals	Lick
182.32400000000004	0.0999999999999659	TimeIntervals	Lick
182.45725	0.10025000000001683	TimeIntervals	Lick
182.59075	0.09999999999999432	TimeIntervals	Lick
182.72400000000002	0.10000000000002274	TimeIntervals	Lick
182.9575	0.09999999999999432	TimeIntervals	Lick
183.09075	0.06675000000001319	TimeIntervals	Lick
183.49075000000002	0.06674999999998477	TimeIntervals	Lick
183.79100000000003	0.0665000000000191	TimeIntervals	Lick
183.991	0.06649999999999068	TimeIntervals	Lick
184.09100000000004	0.19999999999998863	TimeIntervals	Lick
184.35750000000004	0.06674999999998477	TimeIntervals	Lick
184.65750000000003	0.13349999999999795	TimeIntervals	Lick
185.25775000000002	0.06674999999998477	TimeIntervals	Lick
185.95800000000003	0.0999999999999659	TimeIntervals	Lick
189.29175000000004	0.09999999999999432	TimeIntervals	Lick
189.625	0.10000000000002274	TimeIntervals	Lick
189.79175000000004	0.09999999999999432	TimeIntervals	Lick
191.79200000000003	0.06674999999998477	TimeIntervals	Lick
192.59224999999998	0.10000000000002274	TimeIntervals	Lick
192.9255	0.06674999999998477	TimeIntervals	Reward
193.09224999999998	0.16675000000006435	TimeIntervals	Lick
193.29225000000002	0.06674999999998477	TimeIntervals	Lick
193.39225000000002	0.06674999999998477	TimeIntervals	Lick
193.4925	0.0665000000000191	TimeIntervals	Lick
193.59249999999997	0.10000000000005116	TimeIntervals	Lick
193.72575000000006	0.3999999999999204	TimeIntervals	Lick
194.15899999999996	0.4335000000000093	TimeIntervals	Lick
194.62599999999998	0.10000000000002274	TimeIntervals	Lick
194.75925000000004	0.1999999999999602	TimeIntervals	Lick
194.9925	0.0999999999999659	TimeIntervals	Lick
195.12599999999998	0.46649999999999636	TimeIntervals	Lick
195.6595	0.20000000000001705	TimeIntervals	Lick
195.89275	0.0999999999999659	TimeIntervals	Lick
196.02600000000004	0.09999999999993747	TimeIntervals	Lick
196.1595	0.10000000000005116	TimeIntervals	Lick
196.29275000000004	0.0999999999999659	TimeIntervals	Lick
196.426	0.10000000000005116	TimeIntervals	Lick
196.55950000000004	0.0999999999999659	TimeIntervals	Lick
196.69275	0.10025000000001683	TimeIntervals	Lick
196.85950000000003	0.23349999999996385	TimeIntervals	Lick
197.42624999999998	0.10000000000002274	TimeIntervals	Lick
198.0265	0.09999999999999432	TimeIntervals	Lick
198.22650000000002	0.06649999999999068	TimeIntervals	Lick
198.39300000000003	0.06674999999998477	TimeIntervals	Lick
198.493	0.09999999999999432	TimeIntervals	Lick
198.65975	0.10000000000002274	TimeIntervals	Lick
198.89300000000003	0.06700000000000728	TimeIntervals	Lick
198.99325	0.10000000000002274	TimeIntervals	Lick
199.1265	0.10000000000002274	TimeIntervals	Lick
199.26000000000002	0.09999999999999432	TimeIntervals	Lick
199.39325	0.09999999999999432	TimeIntervals	Lick
199.5265	0.09999999999999432	TimeIntervals	Lick
199.66	0.10000000000002274	TimeIntervals	Lick
199.79325000000003	0.0999999999999659	TimeIntervals	Lick
199.9265	0.09999999999999432	TimeIntervals	Lick
200.06	0.09999999999999432	TimeIntervals	Lick
200.1935	0.10000000000002274	TimeIntervals	Lick
200.32675	0.10000000000002274	TimeIntervals	Lick
200.46000000000004	0.0999999999999659	TimeIntervals	Lick
200.59349999999998	0.10000000000002274	TimeIntervals	Lick
200.72675000000004	0.0999999999999659	TimeIntervals	Lick
200.86	0.06675000000001319	TimeIntervals	Lick
200.96000000000004	0.0999999999999659	TimeIntervals	Lick
201.09349999999998	0.10000000000002274	TimeIntervals	Lick
201.22700000000003	0.06649999999999068	TimeIntervals	Lick
201.327	0.09999999999999432	TimeIntervals	Lick
201.46025	0.09999999999999432	TimeIntervals	Lick
201.59349999999998	0.10000000000002274	TimeIntervals	Lick
201.72700000000003	0.0999999999999659	TimeIntervals	Lick
201.86025	0.06674999999998477	TimeIntervals	Lick
201.96025	0.09999999999999432	TimeIntervals	Lick
202.09349999999998	0.10000000000002274	TimeIntervals	Lick
202.22700000000003	0.0999999999999659	TimeIntervals	Lick
202.3605	0.10000000000002274	TimeIntervals	Lick
202.49375	0.09999999999999432	TimeIntervals	Lick
202.62699999999998	0.10000000000005116	TimeIntervals	Lick
202.7605	0.09999999999999432	TimeIntervals	Lick
202.89375	0.09999999999999432	TimeIntervals	Lick
203.02700000000002	0.0999999999999659	TimeIntervals	Lick
203.16049999999998	0.10000000000002274	TimeIntervals	Lick
203.327	0.10025000000001683	TimeIntervals	Lick
203.46050000000002	0.23349999999996385	TimeIntervals	Lick
203.72725000000003	0.0999999999999659	TimeIntervals	Lick
203.8605	0.10000000000002274	TimeIntervals	Lick
204.02725	0.03325000000000955	TimeIntervals	Lick
204.12725	0.30000000000001137	TimeIntervals	Lick
204.494	0.06675000000001319	TimeIntervals	Lick
204.66074999999998	0.06675000000004161	TimeIntervals	Lick
205.69425	0.09999999999999432	TimeIntervals	Lick
205.9275	0.09999999999999432	TimeIntervals	Reward
205.99425000000002	0.46674999999999045	TimeIntervals	Lick
206.49425000000002	0.33349999999995816	TimeIntervals	Lick
206.861	0.10000000000002274	TimeIntervals	Lick
206.99450000000002	0.19999999999998863	TimeIntervals	Lick
207.22775000000001	0.0999999999999659	TimeIntervals	Lick
207.361	0.10000000000002274	TimeIntervals	Lick
207.49450000000002	0.09999999999999432	TimeIntervals	Lick
207.62775	0.20025000000001114	TimeIntervals	Lick
207.86125	0.09999999999999432	TimeIntervals	Lick
207.99450000000002	0.09999999999999432	TimeIntervals	Lick
208.12799999999996	0.10000000000007958	TimeIntervals	Lick
208.26125000000002	0.09999999999999432	TimeIntervals	Lick
208.39450000000002	0.09999999999999432	TimeIntervals	Lick
208.528	0.0999999999999659	TimeIntervals	Lick
208.66125000000002	0.3667499999999677	TimeIntervals	Lick
209.06150000000002	0.3332499999999641	TimeIntervals	Lick
209.42800000000003	0.633499999999998	TimeIntervals	Lick
210.09500000000003	0.06649999999999068	TimeIntervals	Lick
210.19500000000002	0.23324999999996976	TimeIntervals	Lick
210.46150000000003	0.09999999999999432	TimeIntervals	Lick
210.59500000000003	0.29999999999998295	TimeIntervals	Lick
210.92825	0.06675000000001319	TimeIntervals	Lick
211.16175	0.06675000000001319	TimeIntervals	Lick
211.26175000000003	0.2667500000000018	TimeIntervals	Lick
211.59500000000003	0.033499999999975216	TimeIntervals	Lick
212.1285	0.30000000000001137	TimeIntervals	Lick
212.46200000000002	0.13324999999994702	TimeIntervals	Lick
212.86200000000005	0.06649999999996226	TimeIntervals	Lick
212.99525	0.0999999999999659	TimeIntervals	Reward
213.1285	0.40024999999997135	TimeIntervals	Lick
213.5955	0.06649999999999068	TimeIntervals	Lick
213.6955	0.20000000000001705	TimeIntervals	Lick
213.92875	0.0999999999999659	TimeIntervals	Lick
214.06199999999998	0.20000000000004547	TimeIntervals	Lick
214.2955	0.10000000000002274	TimeIntervals	Lick
214.42899999999997	0.0665000000000191	TimeIntervals	Lick
214.529	0.09999999999999432	TimeIntervals	Lick
214.66225	0.10000000000002274	TimeIntervals	Lick
214.7955	0.19999999999998863	TimeIntervals	Lick
215.029	0.09999999999999432	TimeIntervals	Lick
215.16225	0.20000000000001705	TimeIntervals	Lick
215.39550000000003	0.10024999999995998	TimeIntervals	Lick
215.529	0.09999999999999432	TimeIntervals	Lick
215.66250000000002	0.3332499999999641	TimeIntervals	Lick
216.029	0.09999999999999432	TimeIntervals	Lick
216.16250000000002	0.09999999999999432	TimeIntervals	Lick
216.29575000000003	0.09999999999999432	TimeIntervals	Lick
216.42899999999997	0.33350000000004343	TimeIntervals	Lick
216.79600000000002	0.0999999999999659	TimeIntervals	Lick
216.92925	0.09999999999999432	TimeIntervals	Lick
217.0625	0.10000000000002274	TimeIntervals	Lick
217.19600000000003	0.1999999999999602	TimeIntervals	Lick
217.496	0.06649999999999068	TimeIntervals	Lick
217.6295	0.0665000000000191	TimeIntervals	Lick
217.996	0.0999999999999659	TimeIntervals	Lick
218.16275	0.06675000000004161	TimeIntervals	Lick
218.29600000000002	0.0999999999999659	TimeIntervals	Lick
218.4295	0.0665000000000191	TimeIntervals	Lick
218.56275000000002	0.0999999999999659	TimeIntervals	Lick
218.69600000000003	0.1002499999999884	TimeIntervals	Lick
218.82950000000002	0.0999999999999659	TimeIntervals	Lick
218.96300000000002	0.06649999999999068	TimeIntervals	Lick
219.06300000000002	0.13324999999997544	TimeIntervals	Lick
219.22950000000003	0.09999999999999432	TimeIntervals	Lick
219.36300000000003	0.09999999999999432	TimeIntervals	Lick
219.49624999999997	0.20000000000001705	TimeIntervals	Lick
219.72950000000003	0.1002499999999884	TimeIntervals	Lick
219.8965	0.10000000000002274	TimeIntervals	Lick
219.99650000000003	0.06649999999999068	TimeIntervals	Reward
220.02974999999998	0.20000000000001705	TimeIntervals	Lick
220.26299999999998	0.3000000000000398	TimeIntervals	Lick
220.59649999999996	0.0665000000000191	TimeIntervals	Lick
220.69650000000001	0.09999999999999432	TimeIntervals	Lick
220.82975000000002	0.2002499999999543	TimeIntervals	Lick
221.06325	0.09999999999999432	TimeIntervals	Lick
221.19650000000001	0.09999999999999432	TimeIntervals	Lick
221.33	0.3332499999999925	TimeIntervals	Lick
221.69650000000001	0.09999999999999432	TimeIntervals	Lick
221.83	0.0999999999999659	TimeIntervals	Lick
221.96325000000004	0.10024999999993156	TimeIntervals	Lick
222.09675000000001	0.09999999999999432	TimeIntervals	Lick
222.23	0.10000000000002274	TimeIntervals	Lick
222.36350000000002	0.23324999999999818	TimeIntervals	Lick
222.63000000000002	0.0999999999999659	TimeIntervals	Lick
222.76350000000002	0.09999999999999432	TimeIntervals	Lick
222.89675	0.09999999999999432	TimeIntervals	Lick
223.02999999999997	0.10025000000001683	TimeIntervals	Lick
223.1635	0.10000000000002274	TimeIntervals	Lick
223.29700000000003	0.09999999999999432	TimeIntervals	Lick
223.43024999999997	0.06675000000004161	TimeIntervals	Lick
223.53025	0.2332500000000266	TimeIntervals	Lick
223.83025	0.1332500000000323	TimeIntervals	Lick
224.13025	0.06675000000001319	TimeIntervals	Lick
224.26375000000002	0.0999999999999659	TimeIntervals	Lick
224.4305	0.09999999999999432	TimeIntervals	Lick
224.6305	0.09999999999999432	TimeIntervals	Lick
224.83050000000003	0.13324999999997544	TimeIntervals	Lick
225.0305	0.10000000000002274	TimeIntervals	Lick
225.197	0.06675000000001319	TimeIntervals	Lick
225.29700000000003	0.1002499999999884	TimeIntervals	Lick
225.4305	0.4000000000000341	TimeIntervals	Lick
225.964	0.19999999999998863	TimeIntervals	Lick
226.33050000000003	0.13349999999996953	TimeIntervals	Lick
226.564	0.06674999999998477	TimeIntervals	Lick
226.73075000000003	0.09999999999999432	TimeIntervals	Lick
226.864	0.09999999999999432	TimeIntervals	Lick
227.064	0.09999999999999432	TimeIntervals	Lick
227.26400000000004	0.06674999999998477	TimeIntervals	Lick
227.39750000000004	0.06649999999996226	TimeIntervals	Lick
227.53099999999998	0.0665000000000191	TimeIntervals	Lick
227.6975	0.46675000000001887	TimeIntervals	Lick
228.1975	0.10000000000002274	TimeIntervals	Lick
228.5645	0.09999999999999432	TimeIntervals	Lick
228.73100000000002	0.06674999999998477	TimeIntervals	Lick
228.931	0.06674999999998477	TimeIntervals	Lick
229.03099999999998	0.10000000000002274	TimeIntervals	Lick
229.1645	0.10000000000002274	TimeIntervals	Lick
230.0645	0.06674999999995634	TimeIntervals	Lick
230.198	0.09999999999999432	TimeIntervals	Lick
230.33125	0.06675000000001319	TimeIntervals	Lick
230.46450000000002	0.06674999999998477	TimeIntervals	Lick
230.5645	0.09999999999999432	TimeIntervals	Lick
230.698	0.20000000000001705	TimeIntervals	Lick
230.93150000000003	0.09999999999999432	TimeIntervals	Lick
231.06475	0.09999999999999432	TimeIntervals	Lick
231.198	0.06675000000001319	TimeIntervals	Lick
231.298	0.10000000000002274	TimeIntervals	Lick
231.43150000000003	0.09999999999999432	TimeIntervals	Lick
231.56475	0.09999999999999432	TimeIntervals	Lick
231.73150000000004	0.06649999999996226	TimeIntervals	Lick
231.8315	0.10000000000002274	TimeIntervals	Lick
231.965	0.09999999999999432	TimeIntervals	Lick
232.03150000000002	0.0999999999999659	TimeIntervals	Reward
232.09825	0.4000000000000341	TimeIntervals	Lick
232.53150000000002	0.06674999999998477	TimeIntervals	Lick
232.6315	0.10000000000005116	TimeIntervals	Lick
232.76500000000001	0.06649999999999068	TimeIntervals	Lick
232.865	0.09999999999999432	TimeIntervals	Lick
232.9985	0.09999999999999432	TimeIntervals	Lick
233.13175	0.19999999999998863	TimeIntervals	Lick
233.365	0.09999999999999432	TimeIntervals	Lick
233.4985	0.3332499999999925	TimeIntervals	Lick
233.865	0.09999999999999432	TimeIntervals	Lick
233.9985	0.09999999999999432	TimeIntervals	Lick
234.16525000000001	0.20000000000001705	TimeIntervals	Lick
234.39850000000004	0.0999999999999659	TimeIntervals	Lick
234.532	0.09999999999999432	TimeIntervals	Lick
234.66525000000001	0.0999999999999659	TimeIntervals	Lick
234.79850000000002	0.3334999999999866	TimeIntervals	Lick
235.16550000000004	0.0999999999999659	TimeIntervals	Lick
235.29875	0.09999999999999432	TimeIntervals	Lick
235.432	0.10000000000002274	TimeIntervals	Lick
235.5655	0.10000000000005116	TimeIntervals	Lick
235.69875000000002	0.09999999999999432	TimeIntervals	Lick
235.83200000000002	0.23349999999996385	TimeIntervals	Lick
236.09874999999997	0.10000000000005116	TimeIntervals	Lick
236.232	0.06700000000000728	TimeIntervals	Lick
236.39900000000003	0.5	TimeIntervals	Lick
236.93225	0.833500000000015	TimeIntervals	Lick
237.8325	0.0665000000000191	TimeIntervals	Lick
237.93249999999998	0.5	TimeIntervals	Lick
238.566	0.06649999999999068	TimeIntervals	Lick
238.89925	0.30000000000001137	TimeIntervals	Lick
239.46600000000004	0.06649999999996226	TimeIntervals	Lick
239.566	0.06675000000001319	TimeIntervals	Lick
239.6995	0.10000000000005116	TimeIntervals	Lick
239.866	0.39999999999997726	TimeIntervals	Lick
240.33275000000003	0.06674999999998477	TimeIntervals	Lick
240.43275	0.30025000000000546	TimeIntervals	Lick
240.89950000000002	0.13349999999996953	TimeIntervals	Lick
241.06625000000003	0.0999999999999659	TimeIntervals	Lick
241.1995	0.10000000000005116	TimeIntervals	Lick
241.36625	0.5002500000000225	TimeIntervals	Lick
241.933	0.13349999999999795	TimeIntervals	Lick
242.09975	0.09999999999999432	TimeIntervals	Lick
242.233	2.033750000000026	TimeIntervals	Lick
244.3335	0.19999999999998863	TimeIntervals	Lick
244.56675	0.13325000000000387	TimeIntervals	Lick
244.73350000000002	0.0665000000000191	TimeIntervals	Lick
244.86675	0.1667500000000075	TimeIntervals	Lick
245.067	0.1332500000000323	TimeIntervals	Lick
245.30025	0.19999999999998863	TimeIntervals	Lick
245.567	0.16650000000001342	TimeIntervals	Lick
245.8335	0.03350000000000364	TimeIntervals	Lick
245.90025	0.30024999999997704	TimeIntervals	Lick
246.23375000000001	0.1667500000000075	TimeIntervals	Lick
246.50050000000002	0.13324999999997544	TimeIntervals	Lick
246.70049999999998	0.10000000000002274	TimeIntervals	Lick
246.93375000000003	0.06674999999998477	TimeIntervals	Lick
247.067	0.033499999999975216	TimeIntervals	Lick
247.16699999999997	0.16700000000003	TimeIntervals	Lick
247.36725000000004	0.09999999999999432	TimeIntervals	Lick
247.53399999999996	0.0665000000000191	TimeIntervals	Lick
247.634	0.10000000000002274	TimeIntervals	Lick
247.76725000000002	0.10000000000002274	TimeIntervals	Lick
247.90050000000002	0.09999999999999432	TimeIntervals	Lick
248.10049999999998	0.06674999999998477	TimeIntervals	Lick
248.234	0.09999999999999432	TimeIntervals	Lick
248.36750000000006	0.0999999999999659	TimeIntervals	Lick
248.5675	0.09999999999999432	TimeIntervals	Lick
248.7675	0.10000000000005116	TimeIntervals	Lick
249.234	0.20000000000001705	TimeIntervals	Lick
249.83425	0.06675000000004161	TimeIntervals	Lick
250.40100000000004	0.09999999999993747	TimeIntervals	Lick
250.56775	0.06675000000001319	TimeIntervals	Lick
250.76775	0.29999999999998295	TimeIntervals	Lick
251.101	0.06674999999998477	TimeIntervals	Lick
251.76800000000003	0.06649999999993383	TimeIntervals	Lick
252.00125000000006	0.23324999999996976	TimeIntervals	Lick
252.26800000000003	0.06649999999993383	TimeIntervals	Lick
252.86800000000005	0.23349999999996385	TimeIntervals	Lick
254.16825000000003	0.10000000000002274	TimeIntervals	Lick
255.50175	0.09999999999999432	TimeIntervals	Lick
256.10200000000003	0.06649999999996226	TimeIntervals	Lick
256.23525	0.06675000000007003	TimeIntervals	Lick
256.3685	0.06675000000001319	TimeIntervals	Lick
256.46849999999995	0.10000000000002274	TimeIntervals	Lick
256.60200000000003	0.06649999999996226	TimeIntervals	Lick
256.702	0.10000000000007958	TimeIntervals	Lick
256.83525	0.19999999999998863	TimeIntervals	Lick
257.0685	0.30025000000000546	TimeIntervals	Lick
257.10200000000003	0.06674999999995634	TimeIntervals	Reward
257.402	0.06674999999995634	TimeIntervals	Lick
257.50199999999995	0.10000000000007958	TimeIntervals	Lick
257.63550000000004	0.06649999999996226	TimeIntervals	Lick
257.7355	0.19999999999998863	TimeIntervals	Lick
257.96874999999994	0.10000000000002274	TimeIntervals	Lick
258.10200000000003	0.06674999999995634	TimeIntervals	Lick
258.202	0.20024999999998272	TimeIntervals	Lick
258.4355	0.0999999999999659	TimeIntervals	Lick
258.56899999999996	0.06650000000007594	TimeIntervals	Lick
258.669	0.19999999999998863	TimeIntervals	Lick
258.90225	0.20000000000004547	TimeIntervals	Lick
259.13550000000004	0.0999999999999659	TimeIntervals	Lick
259.26899999999995	0.10000000000002274	TimeIntervals	Lick
259.4024999999999	0.10000000000007958	TimeIntervals	Lick
259.53575	0.10000000000002274	TimeIntervals	Lick
259.669	0.6335000000000264	TimeIntervals	Lick
260.33575	0.10024999999995998	TimeIntervals	Lick
260.46924999999993	0.10000000000002274	TimeIntervals	Lick
260.6025	0.0999999999999659	TimeIntervals	Lick
260.76924999999994	0.06675000000001319	TimeIntervals	Lick
260.9024999999999	0.10000000000007958	TimeIntervals	Lick
261.2025	0.10000000000002274	TimeIntervals	Lick
261.80275	0.10000000000002274	TimeIntervals	Lick
262.06949999999995	0.16650000000004184	TimeIntervals	Lick
262.3695	0.06649999999996226	TimeIntervals	Lick
262.66949999999997	0.0999999999999659	TimeIntervals	Lick
262.803	0.13324999999997544	TimeIntervals	Lick
263.23625	0.1332500000000323	TimeIntervals	Lick
263.43625	0.06675000000001319	TimeIntervals	Lick
264.56975	0.10000000000002274	TimeIntervals	Lick
265.2365	0.10000000000002274	TimeIntervals	Lick
265.5365	0.06675000000001319	TimeIntervals	Lick
266.36999999999995	0.06675000000001319	TimeIntervals	Lick
266.57000000000005	0.0999999999999659	TimeIntervals	Lick
266.83675	0.06674999999995634	TimeIntervals	Lick
267.27025	0.06675000000007003	TimeIntervals	Lick
267.537	0.10000000000002274	TimeIntervals	Lick
267.7035	0.0999999999999659	TimeIntervals	Lick
268.47049999999996	0.10000000000002274	TimeIntervals	Lick
269.17049999999995	0.10000000000002274	TimeIntervals	Lick
269.404	0.0999999999999659	TimeIntervals	Lick
269.704	0.10000000000002274	TimeIntervals	Lick
270.27049999999997	0.06700000000006412	TimeIntervals	Lick
270.4375	0.1332499999999186	TimeIntervals	Lick
271.63750000000005	0.09999999999990905	TimeIntervals	Lick
272.271	0.13324999999997544	TimeIntervals	Lick
272.97099999999995	0.06675000000007003	TimeIntervals	Lick
273.2045	0.0665000000000191	TimeIntervals	Lick
273.33775	0.10000000000002274	TimeIntervals	Lick
274.4044999999999	0.10000000000002274	TimeIntervals	Lick
274.93800000000005	0.09999999999990905	TimeIntervals	Lick
275.1714999999999	0.0665000000000191	TimeIntervals	Lick
276.53825	0.10000000000002274	TimeIntervals	Lick
277.605	0.0999999999999659	TimeIntervals	Lick
279.00525	0.06675000000001319	TimeIntervals	Lick
280.1055	0.0999999999999659	TimeIntervals	Lick
280.27225	0.06675000000007003	TimeIntervals	Lick
280.97225000000003	0.0999999999999659	TimeIntervals	Lick
281.1055	0.06675000000001319	TimeIntervals	Lick
281.2055	0.10025000000001683	TimeIntervals	Lick
281.37249999999995	0.06650000000007594	TimeIntervals	Lick
281.4725	0.2999999999998977	TimeIntervals	Lick
281.80575	0.10000000000002274	TimeIntervals	Lick
281.939	0.19999999999998863	TimeIntervals	Lick
282.1725	0.1999999999999318	TimeIntervals	Lick
282.40599999999995	0.10000000000007958	TimeIntervals	Lick
282.53925	0.20000000000004547	TimeIntervals	Lick
282.7724999999999	0.10000000000002274	TimeIntervals	Lick
282.90599999999995	0.10000000000007958	TimeIntervals	Lick
283.03925	0.20000000000004547	TimeIntervals	Lick
283.13925	0.06675000000001319	TimeIntervals	Reward
283.2724999999999	0.16700000000003	TimeIntervals	Lick
283.47275	0.19999999999998863	TimeIntervals	Lick
283.706	0.1999999999999318	TimeIntervals	Lick
283.93949999999995	0.4332499999999868	TimeIntervals	Lick
284.40599999999995	0.3002500000000623	TimeIntervals	Lick
284.7395	0.10000000000002274	TimeIntervals	Lick
284.873	0.3332500000000209	TimeIntervals	Lick
285.2395	0.06675000000001319	TimeIntervals	Lick
285.33950000000004	0.09999999999990905	TimeIntervals	Lick
285.47299999999996	0.3667500000000814	TimeIntervals	Lick
285.873	0.0999999999999659	TimeIntervals	Lick
286.00649999999996	0.10000000000007958	TimeIntervals	Lick
286.13975	0.0999999999999659	TimeIntervals	Lick
286.30649999999997	0.166499999999985	TimeIntervals	Lick
286.50649999999996	0.10000000000007958	TimeIntervals	Lick
287.20649999999995	0.10000000000002274	TimeIntervals	Lick
287.8735	0.39999999999997726	TimeIntervals	Lick
288.3067500000001	0.0999999999999659	TimeIntervals	Lick
288.5734999999999	0.06650000000013279	TimeIntervals	Lick
288.8735	0.10000000000002274	TimeIntervals	Lick
290.207	0.13350000000002638	TimeIntervals	Lick
290.50699999999995	0.10000000000007958	TimeIntervals	Lick
291.0405	0.0999999999999659	TimeIntervals	Lick
291.20725	0.06674999999995634	TimeIntervals	Lick
291.7405	0.13350000000002638	TimeIntervals	Lick
291.90725000000003	0.0999999999999659	TimeIntervals	Lick
293.341	0.10000000000002274	TimeIntervals	Lick
294.50775	0.10000000000002274	TimeIntervals	Lick
294.8744999999999	0.06650000000013279	TimeIntervals	Lick
295.74125000000004	0.0999999999999659	TimeIntervals	Lick
296.208	0.06649999999996226	TimeIntervals	Lick
296.67475	0.06674999999995634	TimeIntervals	Lick
297.90825	0.09999999999990905	TimeIntervals	Lick
298.575	0.0999999999999659	TimeIntervals	Lick
298.70825	0.10024999999995998	TimeIntervals	Lick
299.3085	0.10000000000002274	TimeIntervals	Lick
300.87525	0.10024999999995998	TimeIntervals	Lick
301.3755	0.03325000000000955	TimeIntervals	Lick
301.74199999999996	0.10000000000007958	TimeIntervals	Lick
302.84225	0.13324999999997544	TimeIntervals	Lick
305.8095	0.06649999999996226	TimeIntervals	Lick
307.27624999999995	0.10000000000002274	TimeIntervals	Lick
307.40950000000004	0.06675000000001319	TimeIntervals	Lick
307.5095	0.06699999999995043	TimeIntervals	Lick
307.6097500000001	0.0999999999999659	TimeIntervals	Lick
307.743	0.06675000000001319	TimeIntervals	Lick
307.843	0.10000000000002274	TimeIntervals	Lick
307.97650000000004	0.19999999999998863	TimeIntervals	Lick
308.20975000000004	0.1999999999999318	TimeIntervals	Lick
308.44300000000004	0.09999999999990905	TimeIntervals	Lick
308.57649999999995	0.10000000000007958	TimeIntervals	Lick
308.71	0.06649999999996226	TimeIntervals	Lick
308.81000000000006	0.0999999999999659	TimeIntervals	Lick
308.97650000000004	0.06674999999995634	TimeIntervals	Lick
309.07649999999995	0.10000000000007958	TimeIntervals	Lick
309.17650000000003	0.09999999999990905	TimeIntervals	Reward
309.21	0.5	TimeIntervals	Lick
309.7435	0.06650000000007594	TimeIntervals	Lick
309.8435	0.10000000000002274	TimeIntervals	Lick
309.97675	0.0999999999999659	TimeIntervals	Lick
310.11	0.0999999999999659	TimeIntervals	Lick
310.2435	0.06650000000007594	TimeIntervals	Lick
310.3435	0.10000000000002274	TimeIntervals	Lick
310.47675	0.0999999999999659	TimeIntervals	Lick
310.61	0.20000000000004547	TimeIntervals	Lick
310.8435	0.10000000000002274	TimeIntervals	Lick
310.97700000000003	0.0999999999999659	TimeIntervals	Lick
311.11025	0.0999999999999659	TimeIntervals	Lick
311.2435	0.10000000000002274	TimeIntervals	Lick
311.37699999999995	0.10000000000007958	TimeIntervals	Lick
311.51025000000004	0.6334999999999695	TimeIntervals	Lick
312.177	0.0999999999999659	TimeIntervals	Lick
312.31050000000005	0.09999999999990905	TimeIntervals	Lick
312.47700000000003	0.0999999999999659	TimeIntervals	Lick
312.6105	0.0999999999999659	TimeIntervals	Lick
312.74375000000003	0.0999999999999659	TimeIntervals	Lick
312.91049999999996	0.06650000000007594	TimeIntervals	Lick
313.0439999999999	0.06650000000007594	TimeIntervals	Lick
313.144	0.0999999999999659	TimeIntervals	Lick
313.31050000000005	0.09999999999990905	TimeIntervals	Lick
313.57725	0.06675000000001319	TimeIntervals	Lick
313.71049999999997	0.16675000000003593	TimeIntervals	Lick
314.1105	0.03350000000000364	TimeIntervals	Lick
314.2774999999999	0.10000000000007958	TimeIntervals	Lick
314.51075000000003	0.26674999999988813	TimeIntervals	Lick
315.21074999999996	0.13350000000002638	TimeIntervals	Lick
315.61100000000005	0.13324999999997544	TimeIntervals	Lick
316.311	0.10000000000002274	TimeIntervals	Lick
316.7445	0.06649999999996226	TimeIntervals	Lick
318.1445	0.10000000000002274	TimeIntervals	Lick
318.61150000000004	0.0999999999999659	TimeIntervals	Lick
319.378	0.0999999999999659	TimeIntervals	Lick
320.67825	0.13350000000002638	TimeIntervals	Lick
321.84525	0.06675000000001319	TimeIntervals	Lick
322.612	0.0999999999999659	TimeIntervals	Lick
322.74525	0.06675000000001319	TimeIntervals	Lick
323.012	0.06674999999995634	TimeIntervals	Lick
323.44550000000004	0.1332499999999186	TimeIntervals	Lick
325.11249999999995	0.0999999999999659	TimeIntervals	Lick
325.379	0.0999999999999659	TimeIntervals	Lick
325.5125	0.06649999999996226	TimeIntervals	Lick
325.64575	0.0667499999998995	TimeIntervals	Lick
326.17900000000003	0.10024999999995998	TimeIntervals	Lick
327.11249999999995	0.03350000000006048	TimeIntervals	Lick
328.2459999999999	0.13350000000008322	TimeIntervals	Lick
329.5465	0.0665000000000191	TimeIntervals	Lick
329.6465	0.19999999999998863	TimeIntervals	Lick
329.87975	0.19999999999998863	TimeIntervals	Lick
330.113	0.19999999999998863	TimeIntervals	Lick
330.3465	0.19999999999998863	TimeIntervals	Lick
330.57975	0.2335000000000491	TimeIntervals	Lick
330.8465	0.06675000000001319	TimeIntervals	Lick
330.9465	0.0999999999999659	TimeIntervals	Lick
331.08	0.0665000000000191	TimeIntervals	Lick
331.18	0.0999999999999659	TimeIntervals	Lick
331.2465	0.06675000000001319	TimeIntervals	Reward
331.31325000000004	0.0999999999999659	TimeIntervals	Lick
331.4465	0.16674999999992224	TimeIntervals	Lick
331.6465	0.06699999999995043	TimeIntervals	Lick
331.74674999999996	0.20000000000010232	TimeIntervals	Lick
331.98	0.2999999999999545	TimeIntervals	Lick
332.3135	0.20000000000004547	TimeIntervals	Lick
332.54675000000003	0.1999999999999318	TimeIntervals	Lick
332.78	0.10025000000001683	TimeIntervals	Lick
332.9135	0.10000000000002274	TimeIntervals	Lick
333.04699999999997	0.06650000000007594	TimeIntervals	Lick
333.14700000000005	0.0999999999999659	TimeIntervals	Lick
333.28025	0.6334999999999695	TimeIntervals	Lick
333.947	0.0999999999999659	TimeIntervals	Lick
334.0805	0.10000000000007958	TimeIntervals	Lick
334.21374999999995	0.10000000000002274	TimeIntervals	Lick
334.347	0.19999999999998863	TimeIntervals	Lick
334.71374999999995	0.06675000000007003	TimeIntervals	Lick
334.81374999999997	0.3002500000000623	TimeIntervals	Lick
335.84725	0.10000000000007958	TimeIntervals	Lick
336.21399999999994	0.10000000000007958	TimeIntervals	Lick
336.78074999999995	0.13325000000008913	TimeIntervals	Lick
336.94750000000005	0.13324999999997544	TimeIntervals	Lick
337.181	0.06649999999996226	TimeIntervals	Lick
337.3809999999999	0.06650000000013279	TimeIntervals	Lick
337.81425	0.1332500000000323	TimeIntervals	Lick
339.68125000000003	0.1332499999999186	TimeIntervals	Lick
339.88124999999997	0.03325000000006639	TimeIntervals	Lick
341.21475000000004	0.10000000000002274	TimeIntervals	Lick
342.28150000000005	0.0999999999999659	TimeIntervals	Lick
344.2819999999999	0.06650000000007594	TimeIntervals	Lick
345.11550000000005	0.09999999999990905	TimeIntervals	Lick
345.5155	0.0665000000000191	TimeIntervals	Lick
345.98224999999996	0.10000000000002274	TimeIntervals	Lick
346.58225	0.10000000000007958	TimeIntervals	Lick
346.71549999999996	0.06675000000001319	TimeIntervals	Lick
346.8155	0.10000000000002274	TimeIntervals	Lick
346.94900000000007	0.09999999999985221	TimeIntervals	Lick
347.21574999999996	0.06675000000001319	TimeIntervals	Lick
347.31575000000004	0.0999999999999659	TimeIntervals	Lick
347.44900000000007	0.09999999999985221	TimeIntervals	Lick
347.5824999999999	0.10000000000007958	TimeIntervals	Lick
347.71574999999996	0.10000000000007958	TimeIntervals	Lick
347.849	0.10000000000007958	TimeIntervals	Lick
348.01574999999997	0.20024999999992588	TimeIntervals	Lick
348.24924999999996	0.10000000000007958	TimeIntervals	Lick
348.416	0.10000000000002274	TimeIntervals	Lick
348.54925000000003	0.13324999999997544	TimeIntervals	Lick
348.74924999999996	0.06675000000007003	TimeIntervals	Lick
349.116	0.1334999999999127	TimeIntervals	Lick
349.416	0.13350000000002638	TimeIntervals	Lick
349.7159999999999	0.06675000000001319	TimeIntervals	Lick
350.016	0.0999999999999659	TimeIntervals	Lick
353.28324999999995	0.0999999999999659	TimeIntervals	Lick
353.54999999999995	0.10000000000002274	TimeIntervals	Lick
353.91675000000004	0.0999999999999659	TimeIntervals	Lick
354.54999999999995	0.13350000000008322	TimeIntervals	Lick
357.81725000000006	0.0999999999999659	TimeIntervals	Lick
357.95050000000003	0.06699999999995043	TimeIntervals	Lick
358.084	0.06674999999995634	TimeIntervals	Lick
358.2175	0.0665000000000191	TimeIntervals	Lick
358.3175000000001	0.0999999999999659	TimeIntervals	Lick
358.45075	0.09999999999990905	TimeIntervals	Lick
358.584	0.19999999999998863	TimeIntervals	Lick
358.8175000000001	0.19999999999987494	TimeIntervals	Lick
359.05074999999994	0.20025000000003956	TimeIntervals	Lick
359.28424999999993	0.10000000000007958	TimeIntervals	Lick
359.4175000000001	0.06674999999995634	TimeIntervals	Lick
359.5175	0.06675000000001319	TimeIntervals	Lick
359.6175	0.0999999999999659	TimeIntervals	Lick
359.751	0.10000000000002274	TimeIntervals	Lick
359.88425	0.10000000000002274	TimeIntervals	Lick
360.0175	0.06675000000001319	TimeIntervals	Lick
360.1175	0.0999999999999659	TimeIntervals	Lick
360.251	0.10000000000002274	TimeIntervals	Lick
360.31775000000005	0.0667499999998995	TimeIntervals	Reward
360.38449999999995	0.6000000000000796	TimeIntervals	Lick
361.01775	0.10000000000007958	TimeIntervals	Lick
361.151	0.0999999999999659	TimeIntervals	Lick
361.2845	0.06675000000001319	TimeIntervals	Lick
361.38449999999995	0.10000000000007958	TimeIntervals	Lick
361.518	0.10000000000007958	TimeIntervals	Lick
361.65124999999995	0.10000000000007958	TimeIntervals	Lick
361.7845	0.0999999999999659	TimeIntervals	Lick
361.91800000000006	0.19999999999998863	TimeIntervals	Lick
362.15124999999995	0.10000000000007958	TimeIntervals	Lick
362.2845	0.0999999999999659	TimeIntervals	Lick
362.41800000000006	0.09999999999990905	TimeIntervals	Lick
362.55150000000003	0.09999999999990905	TimeIntervals	Lick
362.68475	0.0999999999999659	TimeIntervals	Lick
362.818	0.2335000000000491	TimeIntervals	Lick
363.08474999999993	0.10000000000007958	TimeIntervals	Lick
363.218	0.0999999999999659	TimeIntervals	Lick
363.35150000000004	0.0999999999999659	TimeIntervals	Lick
363.48475	0.10024999999995998	TimeIntervals	Lick
363.61825000000005	0.09999999999990905	TimeIntervals	Lick
363.75149999999996	0.5335000000000036	TimeIntervals	Lick
364.31825000000003	0.33349999999995816	TimeIntervals	Lick
364.68499999999995	0.10000000000002274	TimeIntervals	Lick
364.81850000000003	0.10000000000002274	TimeIntervals	Lick
364.95175	0.0999999999999659	TimeIntervals	Lick
365.085	0.13349999999996953	TimeIntervals	Lick
365.25174999999996	0.20000000000004547	TimeIntervals	Lick
365.5185	0.06649999999996226	TimeIntervals	Lick
365.6185	0.0999999999999659	TimeIntervals	Lick
365.91850000000005	0.13349999999996953	TimeIntervals	Lick
366.65200000000004	0.09999999999990905	TimeIntervals	Lick
367.21875	0.0999999999999659	TimeIntervals	Lick
367.41875	0.1332500000000323	TimeIntervals	Lick
367.58549999999997	0.166499999999985	TimeIntervals	Lick
367.78549999999996	0.0665000000000191	TimeIntervals	Lick
367.8855	0.06675000000007003	TimeIntervals	Lick
368.25224999999995	0.06675000000007003	TimeIntervals	Lick
368.65225000000004	0.09999999999990905	TimeIntervals	Lick
369.75249999999994	0.10000000000007958	TimeIntervals	Lick
370.25249999999994	0.13350000000002638	TimeIntervals	Lick
370.41925	0.06675000000007003	TimeIntervals	Lick
370.98600000000005	0.09999999999990905	TimeIntervals	Lick
371.28599999999994	0.10000000000002274	TimeIntervals	Lick
372.05274999999995	0.10000000000007958	TimeIntervals	Lick
373.2194999999999	0.10000000000013642	TimeIntervals	Lick
373.9865	0.06650000000007594	TimeIntervals	Lick
374.253	0.06675000000001319	TimeIntervals	Lick
374.38649999999996	0.10000000000002274	TimeIntervals	Lick
374.5199999999999	0.10000000000007958	TimeIntervals	Lick
374.65324999999996	0.06675000000001319	TimeIntervals	Lick
374.75325	0.0999999999999659	TimeIntervals	Lick
374.88649999999996	0.06675000000007003	TimeIntervals	Lick
374.9865	0.20000000000004547	TimeIntervals	Lick
375.21999999999997	0.10000000000002274	TimeIntervals	Lick
375.35324999999995	0.06675000000012687	TimeIntervals	Lick
375.45325	0.0999999999999659	TimeIntervals	Lick
375.5865	0.06700000000000728	TimeIntervals	Lick
375.68675	0.0999999999999659	TimeIntervals	Lick
375.82	0.1999999999999318	TimeIntervals	Lick
376.0535	0.10000000000002274	TimeIntervals	Lick
376.18675	0.06674999999995634	TimeIntervals	Lick
376.28675	0.10000000000002274	TimeIntervals	Lick
376.38675	0.03325000000006639	TimeIntervals	Reward
376.4200000000001	0.3002499999998349	TimeIntervals	Lick
376.7535	0.30000000000001137	TimeIntervals	Lick
377.087	0.30000000000001137	TimeIntervals	Lick
377.42025000000007	0.09999999999990905	TimeIntervals	Lick
377.5535	0.333500000000015	TimeIntervals	Lick
377.9205	0.10000000000002274	TimeIntervals	Lick
378.05375000000004	0.0999999999999659	TimeIntervals	Lick
378.187	0.09999999999990905	TimeIntervals	Lick
378.32050000000004	0.23324999999999818	TimeIntervals	Lick
378.587	0.10000000000002274	TimeIntervals	Lick
378.72049999999996	0.5	TimeIntervals	Lick
379.25399999999996	0.10000000000002274	TimeIntervals	Lick
379.4205	0.19999999999998863	TimeIntervals	Lick
379.654	0.1332500000000323	TimeIntervals	Lick
379.854	0.16674999999997908	TimeIntervals	Lick
380.12075	0.0999999999999659	TimeIntervals	Lick
380.25399999999996	0.3000000000000682	TimeIntervals	Lick
380.62075	0.0999999999999659	TimeIntervals	Lick
380.82075000000003	0.23324999999999818	TimeIntervals	Lick
381.48749999999995	0.10000000000002274	TimeIntervals	Lick
381.6875	0.06675000000001319	TimeIntervals	Lick
381.78749999999997	0.10000000000002274	TimeIntervals	Lick
382.021	0.06649999999996226	TimeIntervals	Lick
382.3545	0.13324999999997544	TimeIntervals	Lick
382.62100000000004	0.30000000000001137	TimeIntervals	Lick
383.95450000000005	0.09999999999990905	TimeIntervals	Lick
384.188	0.0999999999999659	TimeIntervals	Lick
384.6215	0.13324999999997544	TimeIntervals	Lick
384.8215	0.0999999999999659	TimeIntervals	Lick
385.0215	0.10000000000002274	TimeIntervals	Lick
385.188	0.06675000000001319	TimeIntervals	Lick
385.35475	0.06674999999995634	TimeIntervals	Lick
385.58824999999996	0.20000000000004547	TimeIntervals	Lick
385.955	0.10000000000002274	TimeIntervals	Lick
386.355	0.06649999999996226	TimeIntervals	Lick
386.5215	0.23349999999999227	TimeIntervals	Lick
386.82175000000007	0.06674999999995634	TimeIntervals	Lick
387.08849999999995	0.13324999999997544	TimeIntervals	Lick
388.48850000000004	0.13349999999996953	TimeIntervals	Lick
389.222	0.10000000000002274	TimeIntervals	Lick
389.95550000000003	0.06675000000001319	TimeIntervals	Lick
390.78900000000004	0.09999999999990905	TimeIntervals	Lick
391.32250000000005	0.06649999999990541	TimeIntervals	Lick
393.656	0.06674999999995634	TimeIntervals	Lick
394.22299999999996	0.1332500000000323	TimeIntervals	Lick
394.45625	0.0999999999999659	TimeIntervals	Lick
394.92300000000006	0.0999999999999659	TimeIntervals	Lick
395.42300000000006	0.0999999999999659	TimeIntervals	Lick
395.72299999999996	0.2667500000000018	TimeIntervals	Lick
396.3565	0.10000000000002274	TimeIntervals	Lick
397.19000000000005	0.0999999999999659	TimeIntervals	Lick
399.69025000000005	0.10024999999990314	TimeIntervals	Lick
400.02375	0.0999999999999659	TimeIntervals	Lick
400.35699999999997	0.30000000000001137	TimeIntervals	Lick
401.32399999999996	0.10000000000007958	TimeIntervals	Lick
402.99075	0.06675000000001319	TimeIntervals	Lick
403.0909999999999	0.06650000000007594	TimeIntervals	Lick
403.19100000000003	0.0999999999999659	TimeIntervals	Lick
403.32425	0.06675000000001319	TimeIntervals	Lick
403.42425000000003	0.0999999999999659	TimeIntervals	Lick
403.5575	0.19999999999998863	TimeIntervals	Lick
403.791	0.0665000000000191	TimeIntervals	Lick
403.891	0.0999999999999659	TimeIntervals	Lick
404.02425	0.0667499999998995	TimeIntervals	Lick
404.1245	0.09999999999990905	TimeIntervals	Lick
404.25775	0.19999999999998863	TimeIntervals	Lick
404.4245000000001	0.03324999999989586	TimeIntervals	Reward
404.491	0.20000000000004547	TimeIntervals	Lick
404.7244999999999	0.06650000000007594	TimeIntervals	Lick
404.8245	0.30000000000001137	TimeIntervals	Lick
405.15775	0.20024999999992588	TimeIntervals	Lick
405.39124999999996	0.06675000000007003	TimeIntervals	Lick
405.49125000000004	0.19999999999998863	TimeIntervals	Lick
405.7244999999999	0.20000000000015916	TimeIntervals	Lick
405.958	0.20000000000004547	TimeIntervals	Lick
406.19125	0.20024999999998272	TimeIntervals	Lick
406.42475	0.0999999999999659	TimeIntervals	Lick
406.558	0.10000000000007958	TimeIntervals	Lick
406.6915	0.0999999999999659	TimeIntervals	Lick
406.82475000000005	0.0999999999999659	TimeIntervals	Lick
406.958	0.36675000000002456	TimeIntervals	Lick
407.35799999999995	0.10025000000001683	TimeIntervals	Lick
407.49150000000003	0.0999999999999659	TimeIntervals	Lick
407.625	0.0999999999999659	TimeIntervals	Lick
408.025	0.0665000000000191	TimeIntervals	Lick
408.22499999999997	0.23324999999999818	TimeIntervals	Lick
408.89175	0.06675000000001319	TimeIntervals	Lick
409.5584999999999	0.06675000000007003	TimeIntervals	Lick
409.82525000000004	0.06674999999995634	TimeIntervals	Lick
409.9585	0.06674999999995634	TimeIntervals	Lick
410.22525	0.06674999999995634	TimeIntervals	Lick
410.892	0.20000000000004547	TimeIntervals	Lick
411.42550000000006	0.06649999999990541	TimeIntervals	Lick
411.92550000000006	0.09999999999990905	TimeIntervals	Lick
412.09225000000004	0.13324999999997544	TimeIntervals	Lick
412.459	0.0999999999999659	TimeIntervals	Lick
413.0925	0.10000000000002274	TimeIntervals	Lick
413.82575	0.20024999999992588	TimeIntervals	Lick
414.05925	0.06674999999995634	TimeIntervals	Lick
414.15924999999993	0.10000000000013642	TimeIntervals	Lick
414.2925	0.19999999999998863	TimeIntervals	Lick
414.52599999999995	0.0665000000000191	TimeIntervals	Lick
414.626	0.10000000000002274	TimeIntervals	Lick
414.75925000000007	0.1999999999999318	TimeIntervals	Lick
414.9925	0.06675000000001319	TimeIntervals	Lick
415.0925	0.10025000000007367	TimeIntervals	Lick
415.226	0.10000000000002274	TimeIntervals	Lick
415.3595	0.6332499999999754	TimeIntervals	Lick
415.45950000000005	0.06649999999990541	TimeIntervals	Reward
416.02599999999995	0.06675000000007003	TimeIntervals	Lick
416.126	0.10025000000001683	TimeIntervals	Lick
416.2595	0.20000000000004547	TimeIntervals	Lick
416.493	0.10000000000007958	TimeIntervals	Lick
416.62625	0.19999999999998863	TimeIntervals	Lick
416.8595	0.10000000000002274	TimeIntervals	Lick
416.993	0.10000000000007958	TimeIntervals	Lick
417.12625	0.20024999999998272	TimeIntervals	Lick
417.35975	0.23325000000005502	TimeIntervals	Lick
417.6265	0.19999999999998863	TimeIntervals	Lick
417.85975	0.10000000000002274	TimeIntervals	Lick
417.993	0.19999999999998863	TimeIntervals	Lick
418.2265	0.10000000000002274	TimeIntervals	Lick
418.35999999999996	0.10000000000002274	TimeIntervals	Lick
418.49325000000005	0.36674999999991087	TimeIntervals	Lick
418.89325	0.10000000000002274	TimeIntervals	Lick
419.02649999999994	0.3667500000000814	TimeIntervals	Lick
419.4265000000001	0.3334999999999013	TimeIntervals	Lick
419.7935	0.10000000000007958	TimeIntervals	Lick
419.92675	0.0999999999999659	TimeIntervals	Lick
420.09349999999995	0.0665000000000191	TimeIntervals	Lick
420.22675000000004	0.19999999999998863	TimeIntervals	Lick
420.46	0.13349999999996953	TimeIntervals	Lick
420.66024999999996	0.0999999999999659	TimeIntervals	Lick
420.82700000000006	0.0665000000000191	TimeIntervals	Lick
420.9935	0.06675000000001319	TimeIntervals	Lick
421.427	0.06649999999996226	TimeIntervals	Lick
421.56025	0.30025000000000546	TimeIntervals	Lick
421.89375	0.10000000000002274	TimeIntervals	Lick
422.06050000000005	0.23324999999994134	TimeIntervals	Lick
422.427	0.06675000000001319	TimeIntervals	Lick
422.52700000000004	0.09999999999990905	TimeIntervals	Lick
422.82725000000005	0.06674999999995634	TimeIntervals	Lick
422.9605000000001	0.06675000000001319	TimeIntervals	Lick
423.09399999999994	0.10000000000007958	TimeIntervals	Lick
423.42725	0.06675000000001319	TimeIntervals	Lick
423.9275	0.46649999999999636	TimeIntervals	Lick
424.4275	0.0999999999999659	TimeIntervals	Lick
424.794	0.06675000000001319	TimeIntervals	Lick
425.2275	0.13350000000002638	TimeIntervals	Lick
426.62775000000005	0.0667499999998995	TimeIntervals	Lick
426.79449999999997	0.1332500000000323	TimeIntervals	Lick
427.4945	0.13349999999996953	TimeIntervals	Lick
428.46150000000006	0.0999999999999659	TimeIntervals	Lick
429.29474999999996	0.13350000000002638	TimeIntervals	Lick
429.82824999999997	0.10000000000002274	TimeIntervals	Lick
430.9285	0.10000000000002274	TimeIntervals	Lick
431.06174999999996	0.06675000000007003	TimeIntervals	Lick
431.195	0.06675000000001319	TimeIntervals	Lick
431.32849999999996	0.10000000000002274	TimeIntervals	Lick
431.46175	0.06675000000001319	TimeIntervals	Lick
431.59524999999996	0.06675000000001319	TimeIntervals	Lick
431.69524999999993	0.10000000000002274	TimeIntervals	Lick
431.82849999999996	0.10000000000002274	TimeIntervals	Lick
431.96200000000005	0.06649999999996226	TimeIntervals	Lick
432.062	0.19999999999998863	TimeIntervals	Lick
432.29524999999995	0.10000000000002274	TimeIntervals	Lick
432.4285	0.06675000000001319	TimeIntervals	Lick
432.5285	0.3002499999999486	TimeIntervals	Lick
432.862	0.19999999999998863	TimeIntervals	Lick
433.0955	0.1999999999999318	TimeIntervals	Lick
433.32874999999996	0.10000000000007958	TimeIntervals	Lick
433.46200000000005	0.0999999999999659	TimeIntervals	Lick
433.52875	0.03325000000000955	TimeIntervals	Reward
433.5955	0.06649999999996226	TimeIntervals	Lick
433.6954999999999	0.20000000000010232	TimeIntervals	Lick
433.92900000000003	0.06649999999996226	TimeIntervals	Lick
434.029	0.19999999999998863	TimeIntervals	Lick
434.26225	0.19999999999998863	TimeIntervals	Lick
434.4955	0.1999999999999318	TimeIntervals	Lick
434.729	0.0999999999999659	TimeIntervals	Lick
434.86249999999995	0.3332499999999641	TimeIntervals	Lick
435.229	0.0999999999999659	TimeIntervals	Lick
435.36249999999995	0.10000000000002274	TimeIntervals	Lick
435.49575	0.10000000000002274	TimeIntervals	Lick
435.6290000000001	0.09999999999990905	TimeIntervals	Lick
435.7625	0.0999999999999659	TimeIntervals	Lick
435.89574999999996	0.10025000000007367	TimeIntervals	Lick
436.02925000000005	0.0999999999999659	TimeIntervals	Lick
436.16249999999997	0.10000000000002274	TimeIntervals	Lick
436.296	0.10000000000002274	TimeIntervals	Lick
436.4292500000001	0.0999999999999659	TimeIntervals	Lick
436.5625	0.0999999999999659	TimeIntervals	Lick
436.86249999999995	0.06675000000012687	TimeIntervals	Lick
438.4295	0.10000000000002274	TimeIntervals	Lick
438.59624999999994	0.03325000000006639	TimeIntervals	Lick
438.69624999999996	0.10000000000002274	TimeIntervals	Lick
439.19624999999996	0.10025000000001683	TimeIntervals	Lick
439.363	0.06675000000007003	TimeIntervals	Lick
439.46299999999997	0.10000000000002274	TimeIntervals	Lick
439.8965	0.10000000000002274	TimeIntervals	Lick
440.09649999999993	0.10000000000007958	TimeIntervals	Lick
440.3965	0.10000000000002274	TimeIntervals	Lick
440.8965	0.10000000000002274	TimeIntervals	Lick
441.16325	0.0999999999999659	TimeIntervals	Lick
441.43	0.033499999999946795	TimeIntervals	Lick
441.53	0.13350000000002638	TimeIntervals	Lick
442.13	0.06675000000007003	TimeIntervals	Lick
442.36350000000004	0.06649999999996226	TimeIntervals	Lick
442.46349999999995	0.10000000000002274	TimeIntervals	Lick
442.63025000000005	0.09999999999990905	TimeIntervals	Lick
442.79699999999997	0.06650000000007594	TimeIntervals	Lick
442.89700000000005	0.0999999999999659	TimeIntervals	Lick
443.03025	0.10000000000002274	TimeIntervals	Lick
443.1635	0.0999999999999659	TimeIntervals	Lick
443.29699999999997	0.10000000000007958	TimeIntervals	Lick
443.43025000000006	0.0999999999999659	TimeIntervals	Lick
443.5635	0.10025000000001683	TimeIntervals	Lick
443.697	0.0999999999999659	TimeIntervals	Lick
443.83050000000003	0.10000000000002274	TimeIntervals	Lick
443.96374999999995	0.06675000000012687	TimeIntervals	Lick
444.06374999999997	0.1332500000000323	TimeIntervals	Lick
444.33050000000003	0.2999999999999545	TimeIntervals	Lick
444.99725	0.06675000000001319	TimeIntervals	Lick
445.66400000000004	0.09999999999985221	TimeIntervals	Lick
447.76424999999995	0.10000000000002274	TimeIntervals	Lick
449.23125	0.10000000000002274	TimeIntervals	Lick
449.73125	0.06675000000001319	TimeIntervals	Lick
451.36499999999995	0.10000000000013642	TimeIntervals	Lick
451.8315	0.10000000000007958	TimeIntervals	Lick
452.93175	0.10000000000002274	TimeIntervals	Lick
453.86525	0.10000000000007958	TimeIntervals	Lick
454.032	0.06649999999996226	TimeIntervals	Lick
454.13200000000006	0.06649999999996226	TimeIntervals	Lick
455.2654999999999	0.16650000000015552	TimeIntervals	Lick
456.099	0.0999999999999659	TimeIntervals	Lick
457.9325	0.06674999999995634	TimeIntervals	Lick
458.03249999999997	0.10000000000002274	TimeIntervals	Lick
459.366	0.10000000000002274	TimeIntervals	Lick
461.19975	0.0667499999998995	TimeIntervals	Lick
461.333	0.10000000000002274	TimeIntervals	Lick
461.56649999999996	0.06650000000007594	TimeIntervals	Lick
461.6665	0.09999999999990905	TimeIntervals	Lick
461.79974999999996	0.06675000000007003	TimeIntervals	Lick
461.89975000000004	0.19999999999998863	TimeIntervals	Lick
462.13300000000004	0.09999999999990905	TimeIntervals	Lick
462.2664999999999	0.06675000000007003	TimeIntervals	Lick
462.36650000000003	0.0999999999999659	TimeIntervals	Lick
462.5	0.0999999999999659	TimeIntervals	Lick
462.63325000000003	0.06674999999995634	TimeIntervals	Lick
462.73325	0.0999999999999659	TimeIntervals	Lick
462.86650000000003	0.06674999999995634	TimeIntervals	Lick
462.9665	0.0999999999999659	TimeIntervals	Lick
463.09999999999997	0.10000000000002274	TimeIntervals	Lick
463.23325	0.20025000000003956	TimeIntervals	Lick
463.46675000000005	0.09999999999990905	TimeIntervals	Lick
463.56674999999996	0.03325000000000955	TimeIntervals	Reward
463.59999999999997	0.10000000000002274	TimeIntervals	Lick
463.7335	0.16650000000004184	TimeIntervals	Lick
463.93350000000004	0.06649999999996226	TimeIntervals	Lick
464.0335	0.19999999999998863	TimeIntervals	Lick
464.26674999999994	0.06675000000007003	TimeIntervals	Lick
464.36675	0.5667500000000132	TimeIntervals	Lick
464.96700000000004	0.09999999999990905	TimeIntervals	Lick
465.10025	0.06674999999995634	TimeIntervals	Lick
465.20025	0.0999999999999659	TimeIntervals	Lick
465.3335	0.10000000000002274	TimeIntervals	Lick
465.46700000000004	0.09999999999990905	TimeIntervals	Lick
465.6005	0.0999999999999659	TimeIntervals	Lick
465.73375	0.10000000000002274	TimeIntervals	Lick
465.86699999999996	0.10000000000007958	TimeIntervals	Lick
466.0005	0.10000000000002274	TimeIntervals	Lick
466.13374999999996	0.10000000000002274	TimeIntervals	Lick
466.26699999999994	0.10000000000002274	TimeIntervals	Lick
466.4005000000001	0.2332499999998845	TimeIntervals	Lick
466.7005	0.23349999999999227	TimeIntervals	Lick
467.0005	0.06674999999995634	TimeIntervals	Lick
467.2672499999999	0.06675000000012687	TimeIntervals	Lick
467.43399999999997	0.20000000000004547	TimeIntervals	Lick
467.8675	0.0999999999999659	TimeIntervals	Lick
468.034	0.13350000000002638	TimeIntervals	Lick
468.50075	0.06675000000001319	TimeIntervals	Lick
468.634	0.0999999999999659	TimeIntervals	Lick
468.901	0.166499999999985	TimeIntervals	Lick
469.901	0.0999999999999659	TimeIntervals	Lick
471.3345	0.10000000000002274	TimeIntervals	Lick
471.5345	0.06675000000001319	TimeIntervals	Lick
472.868	0.10000000000007958	TimeIntervals	Lick
473.66824999999994	0.06675000000001319	TimeIntervals	Lick
473.8015	0.06675000000001319	TimeIntervals	Lick
473.96825	0.06675000000001319	TimeIntervals	Lick
474.10150000000004	0.0667499999998995	TimeIntervals	Lick
474.23499999999996	0.10000000000002274	TimeIntervals	Lick
474.4685	0.0665000000000191	TimeIntervals	Lick
474.90175	0.10000000000002274	TimeIntervals	Lick
475.20175	0.0999999999999659	TimeIntervals	Lick
477.202	0.10000000000002274	TimeIntervals	Lick
478.30224999999996	0.10000000000013642	TimeIntervals	Lick
480.16925	0.13324999999997544	TimeIntervals	Lick
480.33599999999996	0.10000000000002274	TimeIntervals	Lick
480.46925000000005	0.0667499999998995	TimeIntervals	Lick
481.2695	0.10000000000002274	TimeIntervals	Lick
483.803	0.03350000000006048	TimeIntervals	Lick
483.903	0.06675000000001319	TimeIntervals	Lick
487.60375	0.0999999999999659	TimeIntervals	Lick
487.737	0.0999999999999659	TimeIntervals	Lick
487.8705	0.0665000000000191	TimeIntervals	Lick
487.9705	0.10000000000002274	TimeIntervals	Lick
488.10375	0.0999999999999659	TimeIntervals	Lick
488.237	0.19999999999998863	TimeIntervals	Lick
488.4705	0.10000000000002274	TimeIntervals	Lick
488.604	0.06649999999996226	TimeIntervals	Lick
488.70399999999995	0.10000000000007958	TimeIntervals	Lick
488.83725000000004	0.06674999999995634	TimeIntervals	Lick
488.93725	0.10000000000002274	TimeIntervals	Lick
489.07050000000004	0.19999999999998863	TimeIntervals	Lick
489.30400000000003	0.0999999999999659	TimeIntervals	Lick
489.43725	0.19999999999998863	TimeIntervals	Lick
489.604	0.03325000000000955	TimeIntervals	Reward
489.67049999999995	0.3002500000000623	TimeIntervals	Lick
490.00399999999996	0.19999999999998863	TimeIntervals	Lick
490.23750000000007	0.33324999999990723	TimeIntervals	Lick
490.604	0.06675000000001319	TimeIntervals	Lick
490.70399999999995	0.2002500000000964	TimeIntervals	Lick
490.9375	0.333500000000015	TimeIntervals	Lick
491.30425	0.10000000000002274	TimeIntervals	Lick
491.4375	0.0999999999999659	TimeIntervals	Lick
491.57099999999997	0.0999999999999659	TimeIntervals	Lick
491.70424999999994	0.2002500000000964	TimeIntervals	Lick
491.93775000000005	0.10000000000002274	TimeIntervals	Lick
492.07099999999997	0.0999999999999659	TimeIntervals	Lick
492.20449999999994	0.4000000000000341	TimeIntervals	Lick
492.63775000000004	0.0999999999999659	TimeIntervals	Lick
492.771	0.23349999999999227	TimeIntervals	Lick
493.07124999999996	0.06675000000001319	TimeIntervals	Lick
493.17125	0.2667500000001155	TimeIntervals	Lick
493.6045	0.06675000000001319	TimeIntervals	Lick
493.87125	0.10000000000002274	TimeIntervals	Lick
494.70475	0.13325000000014597	TimeIntervals	Lick
495.4715	0.0999999999999659	TimeIntervals	Lick
495.83825	0.23324999999994134	TimeIntervals	Lick
496.10499999999996	0.10000000000002274	TimeIntervals	Lick
496.7717499999999	0.10000000000007958	TimeIntervals	Lick
497.47200000000004	0.1332499999999186	TimeIntervals	Lick
497.67199999999997	0.13325000000008913	TimeIntervals	Lick
497.872	0.13324999999997544	TimeIntervals	Lick
498.20525	0.06674999999995634	TimeIntervals	Lick
498.40525	0.06675000000001319	TimeIntervals	Lick
501.1725	0.0999999999999659	TimeIntervals	Lick
502.87249999999995	0.10025000000007367	TimeIntervals	Lick
503.00600000000003	0.06675000000001319	TimeIntervals	Lick
503.106	0.0999999999999659	TimeIntervals	Lick
503.2395000000001	0.19999999999987494	TimeIntervals	Lick
503.47275	0.19999999999998863	TimeIntervals	Lick
503.70599999999996	0.06675000000001319	TimeIntervals	Lick
503.806	0.20024999999998272	TimeIntervals	Lick
504.0394999999999	0.10000000000007958	TimeIntervals	Lick
504.173	0.06650000000007594	TimeIntervals	Lick
504.27299999999997	0.0999999999999659	TimeIntervals	Lick
504.40625	0.06675000000007003	TimeIntervals	Lick
504.50624999999997	0.0999999999999659	TimeIntervals	Lick
504.6395	0.10000000000007958	TimeIntervals	Lick
504.6395	0.10000000000007958	TimeIntervals	Reward
504.77299999999997	0.5	TimeIntervals	Lick
505.30649999999997	0.06649999999996226	TimeIntervals	Lick
505.40650000000005	0.0999999999999659	TimeIntervals	Lick
505.5397499999999	0.20000000000004547	TimeIntervals	Lick
505.77299999999997	0.0999999999999659	TimeIntervals	Lick
505.90650000000005	0.19999999999987494	TimeIntervals	Lick
506.13975	0.333500000000015	TimeIntervals	Lick
506.5065	0.09999999999990905	TimeIntervals	Lick
506.64	0.20000000000010232	TimeIntervals	Lick
506.87325	0.10000000000002274	TimeIntervals	Lick
507.0065	0.09999999999990905	TimeIntervals	Lick
507.14	0.10000000000002274	TimeIntervals	Lick
507.2735	0.0999999999999659	TimeIntervals	Lick
507.40675000000005	0.23324999999994134	TimeIntervals	Lick
507.6735	0.10000000000002274	TimeIntervals	Lick
507.80674999999997	0.10000000000007958	TimeIntervals	Lick
507.94000000000005	0.09999999999985221	TimeIntervals	Lick
508.0735	0.9000000000000341	TimeIntervals	Lick
509.00699999999995	0.10000000000007958	TimeIntervals	Lick
509.14025000000004	0.0999999999999659	TimeIntervals	Lick
509.2735	0.23349999999993543	TimeIntervals	Lick
509.54049999999995	0.6332500000000323	TimeIntervals	Lick
510.3737499999999	0.466750000000161	TimeIntervals	Lick
511.00725000000006	0.0999999999999659	TimeIntervals	Lick
511.14050000000003	0.13349999999996953	TimeIntervals	Lick
511.3405000000001	0.09999999999990905	TimeIntervals	Lick
511.8075	0.06650000000007594	TimeIntervals	Lick
512.374	0.10000000000002274	TimeIntervals	Lick
512.54075	0.06674999999995634	TimeIntervals	Lick
512.8075	0.06674999999995634	TimeIntervals	Lick
513.0075	0.09999999999990905	TimeIntervals	Lick
513.17425	0.10000000000013642	TimeIntervals	Lick
513.341	0.23324999999999818	TimeIntervals	Lick
513.8075	0.10025000000007367	TimeIntervals	Lick
514.20775	0.06675000000007003	TimeIntervals	Lick
514.8744999999999	0.10000000000013642	TimeIntervals	Lick
515.24125	0.09999999999990905	TimeIntervals	Lick
515.44125	0.13325000000008913	TimeIntervals	Lick
515.808	0.10000000000002274	TimeIntervals	Lick
516.0415000000002	0.06649999999990541	TimeIntervals	Lick
516.1747500000001	0.06674999999995634	TimeIntervals	Lick
516.7415000000001	0.13324999999986176	TimeIntervals	Lick
519.742	0.10000000000013642	TimeIntervals	Lick
521.6755000000002	0.09999999999990905	TimeIntervals	Lick
522.0755000000001	0.06674999999984266	TimeIntervals	Lick
522.409	0.0665000000000191	TimeIntervals	Lick
522.7090000000002	0.09999999999979536	TimeIntervals	Lick
523.7090000000002	0.06699999999989359	TimeIntervals	Lick
524.076	0.0665000000000191	TimeIntervals	Lick
524.40925	0.06674999999995634	TimeIntervals	Lick
524.6760000000002	0.06649999999979173	TimeIntervals	Lick
525.9762499999999	0.10000000000013642	TimeIntervals	Lick
526.1095	0.10000000000002274	TimeIntervals	Lick
526.2762500000001	0.03324999999983902	TimeIntervals	Lick
526.4095	0.06674999999995634	TimeIntervals	Lick
528.9765	0.10000000000013642	TimeIntervals	Lick
529.37675	0.09999999999990905	TimeIntervals	Lick
530.9770000000001	0.10000000000002274	TimeIntervals	Lick
532.177	0.10000000000002274	TimeIntervals	Lick
532.3104999999999	0.0665000000000191	TimeIntervals	Lick
532.4105	0.10000000000002274	TimeIntervals	Lick
532.5772500000002	0.06674999999984266	TimeIntervals	Lick
532.67725	0.10000000000013642	TimeIntervals	Lick
532.8104999999999	0.20000000000004547	TimeIntervals	Lick
533.0440000000001	0.1999999999999318	TimeIntervals	Lick
533.2772500000001	0.1999999999999318	TimeIntervals	Lick
533.5105	0.10000000000002274	TimeIntervals	Lick
533.644	0.06675000000018372	TimeIntervals	Lick
533.744	0.10000000000002274	TimeIntervals	Lick
533.8774999999999	0.10000000000002274	TimeIntervals	Lick
534.0107499999999	0.06675000000018372	TimeIntervals	Lick
534.11075	0.10000000000013642	TimeIntervals	Lick
534.244	0.10000000000002274	TimeIntervals	Lick
534.3774999999999	0.10000000000002274	TimeIntervals	Lick
534.5107499999999	0.06675000000018372	TimeIntervals	Lick
534.61075	0.10025000000007367	TimeIntervals	Lick
534.7110000000001	0.09999999999990905	TimeIntervals	Reward
534.7442500000001	0.10000000000002274	TimeIntervals	Lick
534.8774999999999	0.5	TimeIntervals	Lick
535.411	0.10000000000002274	TimeIntervals	Lick
535.54425	0.10000000000002274	TimeIntervals	Lick
535.6775	0.20024999999986903	TimeIntervals	Lick
535.911	0.10000000000002274	TimeIntervals	Lick
536.0445	0.33324999999990723	TimeIntervals	Lick
536.411	0.10000000000002274	TimeIntervals	Lick
536.5445	0.10000000000013642	TimeIntervals	Lick
536.6777500000001	0.10000000000002274	TimeIntervals	Lick
536.811	0.10024999999995998	TimeIntervals	Lick
536.9445	0.4667500000000473	TimeIntervals	Lick
537.4445	0.10000000000002274	TimeIntervals	Lick
537.5780000000001	0.09999999999990905	TimeIntervals	Lick
537.7112500000001	0.09999999999990905	TimeIntervals	Lick
537.8445	0.3670000000000755	TimeIntervals	Lick
538.24475	0.13325000000008913	TimeIntervals	Lick
538.4115	0.09999999999990905	TimeIntervals	Lick
538.54475	0.3332500000000209	TimeIntervals	Lick
538.9115	0.09999999999990905	TimeIntervals	Lick
539.04475	0.10025000000007367	TimeIntervals	Lick
539.1782499999999	0.10000000000025011	TimeIntervals	Lick
539.345	0.23325000000011187	TimeIntervals	Lick
539.6115000000001	0.10000000000002274	TimeIntervals	Lick
539.7782500000002	0.06674999999984266	TimeIntervals	Lick
539.9115	0.06674999999995634	TimeIntervals	Lick
540.045	0.10000000000013642	TimeIntervals	Lick
540.245	0.06674999999984266	TimeIntervals	Lick
540.41175	0.06675000000007003	TimeIntervals	Lick
540.6450000000001	0.1667499999997517	TimeIntervals	Lick
540.845	0.06674999999995634	TimeIntervals	Lick
540.9785	0.06649999999990541	TimeIntervals	Lick
541.1450000000001	0.20024999999998272	TimeIntervals	Lick
541.412	0.0665000000000191	TimeIntervals	Lick
541.54525	0.10000000000002274	TimeIntervals	Lick
541.7785000000001	0.1667499999998654	TimeIntervals	Lick
542.0120000000001	0.06649999999990541	TimeIntervals	Lick
542.2785000000001	0.06674999999995634	TimeIntervals	Lick
542.6455	0.10000000000002274	TimeIntervals	Lick
542.9455	0.0665000000000191	TimeIntervals	Lick
543.2455	0.10000000000002274	TimeIntervals	Lick
543.412	0.06700000000012096	TimeIntervals	Lick
543.6122500000001	0.06674999999995634	TimeIntervals	Lick
543.7790000000001	0.09999999999979536	TimeIntervals	Lick
543.9455	0.2667500000000018	TimeIntervals	Lick
544.2455	0.10000000000002274	TimeIntervals	Lick
544.7790000000001	0.06674999999984266	TimeIntervals	Lick
545.1125000000001	0.13324999999997544	TimeIntervals	Lick
545.44575	0.10000000000002274	TimeIntervals	Lick
545.846	0.06649999999990541	TimeIntervals	Lick
546.67925	0.10025000000007367	TimeIntervals	Lick
546.81275	0.09999999999990905	TimeIntervals	Lick
546.9459999999999	0.10000000000002274	TimeIntervals	Lick
547.0794999999999	0.10000000000002274	TimeIntervals	Lick
547.2127500000001	0.09999999999990905	TimeIntervals	Lick
547.3460000000001	0.06674999999984266	TimeIntervals	Lick
547.4459999999999	0.20000000000015916	TimeIntervals	Lick
547.6795	0.20000000000015916	TimeIntervals	Lick
547.913	0.20000000000004547	TimeIntervals	Lick
548.1462500000001	0.09999999999990905	TimeIntervals	Lick
548.2795000000001	0.06675000000007003	TimeIntervals	Lick
548.3795000000001	0.09999999999990905	TimeIntervals	Lick
548.513	0.10000000000002274	TimeIntervals	Lick
548.6462500000001	0.06674999999995634	TimeIntervals	Lick
548.74625	0.10000000000013642	TimeIntervals	Lick
548.7795000000001	0.10000000000002274	TimeIntervals	Reward
548.8795000000001	0.5002500000000509	TimeIntervals	Lick
549.413	0.20000000000004547	TimeIntervals	Lick
549.6465000000002	0.1999999999999318	TimeIntervals	Lick
549.8797500000002	0.09999999999990905	TimeIntervals	Lick
550.013	0.10025000000007367	TimeIntervals	Lick
550.1465000000002	0.1999999999999318	TimeIntervals	Lick
550.3800000000001	0.09999999999990905	TimeIntervals	Lick
550.5132500000001	0.1999999999999318	TimeIntervals	Lick
550.7465000000001	0.10000000000002274	TimeIntervals	Lick
550.8800000000001	0.09999999999990905	TimeIntervals	Lick
551.0132500000001	0.10000000000002274	TimeIntervals	Lick
551.1465000000002	0.46699999999987085	TimeIntervals	Lick
551.6467500000001	0.10000000000013642	TimeIntervals	Lick
551.7800000000001	0.10000000000002274	TimeIntervals	Lick
551.9135	0.10000000000002274	TimeIntervals	Lick
552.04675	0.10000000000013642	TimeIntervals	Lick
552.1800000000001	0.10025000000007367	TimeIntervals	Lick
552.3135000000001	0.09999999999990905	TimeIntervals	Lick
552.4469999999999	0.10000000000002274	TimeIntervals	Lick
552.58025	0.10000000000002274	TimeIntervals	Lick
552.7135	0.10000000000013642	TimeIntervals	Lick
552.8470000000001	0.2332499999998845	TimeIntervals	Lick
553.1135	0.2335000000000491	TimeIntervals	Lick
553.3805000000002	0.09999999999979536	TimeIntervals	Lick
553.5137500000001	0.09999999999990905	TimeIntervals	Lick
553.647	0.10000000000013642	TimeIntervals	Lick
553.81375	0.20000000000004547	TimeIntervals	Lick
554.0469999999999	0.13350000000014006	TimeIntervals	Lick
554.2137500000001	1.1667500000000928	TimeIntervals	Lick
555.4140000000001	0.599999999999909	TimeIntervals	Lick
556.08075	0.40000000000009095	TimeIntervals	Lick
556.514	0.10000000000002274	TimeIntervals	Lick
556.6475000000002	1.2334999999999354	TimeIntervals	Lick
557.9145000000001	0.46649999999999636	TimeIntervals	Lick
558.4145000000001	0.16649999999992815	TimeIntervals	Lick
558.6145	0.20000000000004547	TimeIntervals	Lick
558.848	0.13325000000008913	TimeIntervals	Lick
559.0145000000001	0.8999999999999773	TimeIntervals	Lick
559.948	0.10000000000013642	TimeIntervals	Lick
560.11475	0.06675000000007003	TimeIntervals	Lick
560.2147500000001	0.1999999999999318	TimeIntervals	Lick
560.448	0.10000000000013642	TimeIntervals	Lick
560.61475	0.23324999999999818	TimeIntervals	Lick
560.91475	0.10000000000002274	TimeIntervals	Lick
561.1482500000002	0.26674999999988813	TimeIntervals	Lick
561.4815000000001	0.06674999999995634	TimeIntervals	Lick
561.6815	0.33350000000007185	TimeIntervals	Lick
562.0815	0.06700000000012096	TimeIntervals	Lick
562.1817500000001	0.43324999999992997	TimeIntervals	Lick
562.7150000000001	0.1999999999999318	TimeIntervals	Lick
562.9485	0.10000000000013642	TimeIntervals	Lick
563.1485000000001	0.09999999999990905	TimeIntervals	Lick
563.2820000000003	0.09999999999979536	TimeIntervals	Lick
563.41525	0.2667500000000018	TimeIntervals	Lick
563.7820000000003	0.09999999999979536	TimeIntervals	Lick
563.982	0.13325000000008913	TimeIntervals	Lick
564.21525	0.0667500000002974	TimeIntervals	Lick
564.44875	0.06675000000007003	TimeIntervals	Lick
565.0487499999999	0.06675000000007003	TimeIntervals	Lick
565.3155000000002	0.09999999999990905	TimeIntervals	Lick
565.749	0.06650000000013279	TimeIntervals	Lick
566.0490000000001	0.1999999999999318	TimeIntervals	Lick
566.449	0.06650000000013279	TimeIntervals	Lick
566.849	0.06674999999995634	TimeIntervals	Lick
566.9825	0.06650000000013279	TimeIntervals	Lick
567.0825000000001	0.33324999999990723	TimeIntervals	Lick
567.449	0.06675000000007003	TimeIntervals	Lick
567.5825000000001	0.09999999999990905	TimeIntervals	Lick
567.94925	0.10000000000002274	TimeIntervals	Lick
568.216	0.06650000000013279	TimeIntervals	Lick
568.516	0.10000000000002274	TimeIntervals	Lick
569.2495	0.13325000000008913	TimeIntervals	Lick
569.5495	0.20000000000004547	TimeIntervals	Lick
570.2495	0.06675000000007003	TimeIntervals	Lick
570.71625	0.10000000000013642	TimeIntervals	Lick
570.8495000000001	0.06700000000000728	TimeIntervals	Lick
571.34975	0.10000000000002274	TimeIntervals	Lick
572.75	0.0665000000000191	TimeIntervals	Lick
572.8832500000001	0.06674999999995634	TimeIntervals	Lick
572.9832499999999	0.10000000000025011	TimeIntervals	Lick
573.1165000000001	0.06700000000012096	TimeIntervals	Lick
573.25	0.06674999999995634	TimeIntervals	Lick
573.35	0.06675000000007003	TimeIntervals	Lick
573.45	0.20000000000004547	TimeIntervals	Lick
573.6835000000002	0.1999999999999318	TimeIntervals	Lick
573.9167500000001	0.09999999999990905	TimeIntervals	Lick
574.0500000000001	0.06674999999984266	TimeIntervals	Lick
574.1500000000001	0.1002499999998463	TimeIntervals	Lick
574.2835000000001	0.06674999999995634	TimeIntervals	Lick
574.3835000000001	0.09999999999979536	TimeIntervals	Lick
574.5169999999999	0.10000000000002274	TimeIntervals	Lick
574.6835000000002	0.06674999999972897	TimeIntervals	Lick
574.7835000000001	0.10000000000002274	TimeIntervals	Lick
574.8835000000001	0.03349999999988995	TimeIntervals	Reward
574.917	0.39999999999997726	TimeIntervals	Lick
575.3505	0.3000000000000682	TimeIntervals	Lick
575.6837500000001	0.10000000000002274	TimeIntervals	Lick
575.817	0.1999999999999318	TimeIntervals	Lick
576.0505	0.10000000000002274	TimeIntervals	Lick
576.1837500000001	0.1999999999999318	TimeIntervals	Lick
576.417	0.1002499999998463	TimeIntervals	Lick
576.5505	0.10000000000002274	TimeIntervals	Lick
576.6840000000001	0.10000000000002274	TimeIntervals	Lick
576.8172500000001	0.1999999999998181	TimeIntervals	Lick
577.0505	0.10000000000002274	TimeIntervals	Lick
577.1840000000001	0.10000000000002274	TimeIntervals	Lick
577.3172500000001	0.10000000000002274	TimeIntervals	Lick
577.4505	0.10025000000007367	TimeIntervals	Lick
577.5840000000002	0.09999999999990905	TimeIntervals	Lick
577.7175000000001	0.10000000000002274	TimeIntervals	Lick
577.8507500000001	0.09999999999990905	TimeIntervals	Lick
577.984	0.10000000000013642	TimeIntervals	Lick
578.2840000000001	0.06674999999995634	TimeIntervals	Lick
578.45075	0.06674999999995634	TimeIntervals	Lick
578.6175	0.2667500000001155	TimeIntervals	Lick
579.051	0.06649999999990541	TimeIntervals	Lick
579.28425	0.06675000000007003	TimeIntervals	Lick
579.8510000000001	0.09999999999979536	TimeIntervals	Lick
580.01775	0.03325000000006639	TimeIntervals	Lick
580.151	0.033500000000117325	TimeIntervals	Lick
580.4845	0.4667500000000473	TimeIntervals	Lick
581.3180000000001	0.13324999999997544	TimeIntervals	Lick
581.5845	0.06675000000007003	TimeIntervals	Lick
582.0515	0.10000000000002274	TimeIntervals	Lick
582.8180000000001	0.09999999999979536	TimeIntervals	Lick
583.01825	0.13325000000008913	TimeIntervals	Lick
583.51825	0.06675000000018372	TimeIntervals	Lick
584.45175	0.10000000000013642	TimeIntervals	Lick
584.985	0.06675000000007003	TimeIntervals	Lick
585.1850000000001	0.10025000000007367	TimeIntervals	Lick
585.652	0.10000000000002274	TimeIntervals	Lick
586.452	0.10000000000002274	TimeIntervals	Lick
586.8855000000001	0.06649999999990541	TimeIntervals	Reward
587.0855	0.0665000000000191	TimeIntervals	Lick
587.1855	0.16650000000004184	TimeIntervals	Lick
587.3855000000001	0.06674999999995634	TimeIntervals	Lick
587.4855	0.3000000000000682	TimeIntervals	Lick
587.8190000000001	0.1999999999999318	TimeIntervals	Lick
588.05225	0.06675000000007003	TimeIntervals	Lick
588.1522500000001	0.20000000000004547	TimeIntervals	Lick
588.3855000000001	0.06674999999995634	TimeIntervals	Lick
588.4855	0.33350000000007185	TimeIntervals	Lick
588.8525000000001	0.1999999999999318	TimeIntervals	Lick
589.0857500000002	0.1999999999999318	TimeIntervals	Lick
589.3190000000001	0.33350000000007185	TimeIntervals	Lick
589.6860000000001	0.10000000000002274	TimeIntervals	Lick
589.81925	0.36675000000013824	TimeIntervals	Lick
590.2192500000001	0.09999999999990905	TimeIntervals	Lick
590.3525000000001	0.10000000000002274	TimeIntervals	Lick
590.486	0.2667500000001155	TimeIntervals	Lick
591.5860000000001	0.10000000000002274	TimeIntervals	Lick
591.7527500000001	0.10024999999995998	TimeIntervals	Lick
592.153	0.10000000000013642	TimeIntervals	Lick
593.61975	0.10000000000013642	TimeIntervals	Lick
593.9197499999999	0.10025000000007367	TimeIntervals	Lick
594.52	0.10000000000002274	TimeIntervals	Lick
595.5535	0.10000000000002274	TimeIntervals	Lick
596.5870000000001	0.09999999999990905	TimeIntervals	Lick
596.7535000000001	0.06674999999995634	TimeIntervals	Lick
596.8870000000001	0.06649999999990541	TimeIntervals	Lick
596.987	0.10000000000013642	TimeIntervals	Lick
597.12025	0.10000000000002274	TimeIntervals	Lick
597.2535000000001	0.06700000000000728	TimeIntervals	Lick
597.3537500000002	0.1999999999998181	TimeIntervals	Lick
597.5870000000001	0.09999999999990905	TimeIntervals	Lick
597.7205	0.1999999999999318	TimeIntervals	Lick
597.9537499999999	0.20000000000004547	TimeIntervals	Lick
598.187	0.10000000000013642	TimeIntervals	Lick
598.3205000000002	0.06674999999995634	TimeIntervals	Lick
598.4205	0.10000000000002274	TimeIntervals	Lick
598.5540000000001	0.1999999999999318	TimeIntervals	Lick
598.78725	0.10000000000013642	TimeIntervals	Lick
598.9205	0.40000000000020464	TimeIntervals	Lick
598.9205	0.10000000000002274	TimeIntervals	Reward
599.3540000000002	0.1999999999999318	TimeIntervals	Lick
599.5875000000001	0.3000000000000682	TimeIntervals	Lick
599.9207499999999	0.10000000000013642	TimeIntervals	Lick
600.0540000000001	0.09999999999990905	TimeIntervals	Lick
600.1875	0.20000000000015916	TimeIntervals	Lick
600.4207499999999	0.10000000000013642	TimeIntervals	Lick
600.5540000000001	0.10024999999995998	TimeIntervals	Lick
600.6875	0.10000000000002274	TimeIntervals	Lick
600.821	0.09999999999990905	TimeIntervals	Lick
600.95425	0.09999999999990905	TimeIntervals	Lick
601.0875000000001	0.06674999999995634	TimeIntervals	Lick
601.1875	0.10000000000002274	TimeIntervals	Lick
601.321	0.09999999999990905	TimeIntervals	Lick
601.45425	0.2002500000000964	TimeIntervals	Lick
601.6877499999999	0.10000000000013642	TimeIntervals	Lick
601.821	0.09999999999990905	TimeIntervals	Lick
601.9544999999999	0.10000000000002274	TimeIntervals	Lick
602.0877500000001	0.09999999999979536	TimeIntervals	Lick
602.221	0.10000000000002274	TimeIntervals	Lick
602.3545000000001	0.09999999999979536	TimeIntervals	Lick
602.48775	0.10000000000013642	TimeIntervals	Lick
602.6210000000001	0.09999999999990905	TimeIntervals	Lick
602.7545	0.10000000000013642	TimeIntervals	Lick
602.8880000000001	0.09999999999990905	TimeIntervals	Lick
603.0212499999999	0.2667500000001155	TimeIntervals	Lick
603.32125	0.13324999999997544	TimeIntervals	Lick
603.488	0.06649999999990541	TimeIntervals	Lick
603.6545000000001	0.1334999999999127	TimeIntervals	Lick
603.9547499999999	0.06675000000007003	TimeIntervals	Lick
604.1215000000001	0.06649999999990541	TimeIntervals	Lick
604.288	0.10000000000013642	TimeIntervals	Lick
604.688	0.10000000000002274	TimeIntervals	Lick
605.2550000000001	0.13324999999997544	TimeIntervals	Lick
606.2885000000001	0.10000000000002274	TimeIntervals	Lick
606.7550000000001	0.06674999999995634	TimeIntervals	Lick
607.2885000000001	0.06674999999995634	TimeIntervals	Lick
608.1220000000001	0.06649999999990541	TimeIntervals	Lick
608.2555000000001	0.06649999999990541	TimeIntervals	Lick
609.589	0.13324999999997544	TimeIntervals	Lick
610.5225000000002	0.09999999999990905	TimeIntervals	Lick
610.689	0.06675000000018372	TimeIntervals	Lick
610.95575	0.06675000000018372	TimeIntervals	Lick
611.089	0.06674999999995634	TimeIntervals	Lick
611.189	0.10000000000025011	TimeIntervals	Lick
611.3225	0.20000000000015916	TimeIntervals	Lick
611.556	0.1999999999999318	TimeIntervals	Lick
611.78925	0.10000000000013642	TimeIntervals	Lick
611.9225	0.06675000000007003	TimeIntervals	Lick
612.0225000000002	0.1999999999998181	TimeIntervals	Lick
612.256	0.10000000000002274	TimeIntervals	Lick
612.3892500000002	0.09999999999990905	TimeIntervals	Lick
612.5225000000002	0.06674999999984266	TimeIntervals	Lick
612.6225000000001	0.10024999999995998	TimeIntervals	Lick
612.756	0.10000000000002274	TimeIntervals	Lick
612.8895000000001	0.1999999999999318	TimeIntervals	Lick
612.9895	0.0665000000000191	TimeIntervals	Reward
613.1227500000001	0.39999999999997726	TimeIntervals	Lick
613.556	0.2002500000000964	TimeIntervals	Lick
613.7895000000001	0.1999999999999318	TimeIntervals	Lick
614.023	0.10000000000002274	TimeIntervals	Lick
614.1562500000001	0.1999999999999318	TimeIntervals	Lick
614.3895000000001	0.09999999999990905	TimeIntervals	Lick
614.523	0.23325000000011187	TimeIntervals	Lick
614.7895000000001	0.9002499999999145	TimeIntervals	Lick
615.723	0.10000000000013642	TimeIntervals	Lick
615.8565000000001	0.09999999999990905	TimeIntervals	Lick
615.99	0.10000000000013642	TimeIntervals	Lick
616.12325	0.10000000000002274	TimeIntervals	Lick
616.2565000000001	0.13350000000014006	TimeIntervals	Lick
616.42325	0.23325000000011187	TimeIntervals	Lick
616.69	0.0665000000000191	TimeIntervals	Lick
616.8565000000001	0.033500000000117325	TimeIntervals	Lick
616.9565	0.06700000000000728	TimeIntervals	Lick
617.0567500000001	0.10000000000002274	TimeIntervals	Lick
617.19	0.2999999999999545	TimeIntervals	Lick
617.5567500000001	0.06674999999995634	TimeIntervals	Lick
617.8567500000001	0.06674999999984266	TimeIntervals	Lick
618.0567500000001	0.06674999999995634	TimeIntervals	Lick
619.5237500000001	0.06674999999995634	TimeIntervals	Lick
619.7905000000001	0.10000000000002274	TimeIntervals	Lick
620.22375	0.06675000000007003	TimeIntervals	Lick
620.5905	0.06675000000007003	TimeIntervals	Lick
621.6907500000001	0.10000000000002274	TimeIntervals	Lick
621.9907499999999	0.06675000000007003	TimeIntervals	Lick
622.9575	0.10000000000002274	TimeIntervals	Lick
623.1242500000001	0.09999999999990905	TimeIntervals	Lick
623.6245	0.10000000000013642	TimeIntervals	Lick
626.4915000000001	0.09999999999990905	TimeIntervals	Lick
628.2917500000002	0.09999999999990905	TimeIntervals	Lick
628.9917499999999	0.06675000000018372	TimeIntervals	Lick
629.2585	0.06674999999995634	TimeIntervals	Lick
629.7920000000001	0.0665000000000191	TimeIntervals	Lick
629.92525	0.10000000000013642	TimeIntervals	Lick
631.1587500000002	0.09999999999979536	TimeIntervals	Lick
631.39225	0.10000000000002274	TimeIntervals	Lick
631.99225	0.10000000000002274	TimeIntervals	Lick
633.55925	0.06674999999995634	TimeIntervals	Lick
633.826	0.0665000000000191	TimeIntervals	Lick
634.126	0.0665000000000191	TimeIntervals	Lick
634.826	0.06675000000007003	TimeIntervals	Lick
634.9595	0.03324999999983902	TimeIntervals	Lick
635.2927500000001	0.3000000000000682	TimeIntervals	Lick
635.626	0.2002500000000964	TimeIntervals	Lick
635.8595	0.1999999999999318	TimeIntervals	Lick
636.093	0.06650000000013279	TimeIntervals	Lick
636.1930000000001	0.10000000000002274	TimeIntervals	Lick
636.3262500000001	0.06674999999995634	TimeIntervals	Lick
636.4595	0.06674999999995634	TimeIntervals	Lick
636.5595	0.10000000000013642	TimeIntervals	Lick
636.6930000000001	0.0665000000000191	TimeIntervals	Lick
636.7930000000001	0.09999999999990905	TimeIntervals	Lick
636.9265	0.10000000000002274	TimeIntervals	Lick
637.0265	0.09999999999990905	TimeIntervals	Reward
637.05975	0.06674999999995634	TimeIntervals	Lick
637.15975	0.43324999999992997	TimeIntervals	Lick
637.6265	0.06650000000013279	TimeIntervals	Lick
637.7265000000001	0.10000000000002274	TimeIntervals	Lick
637.8600000000001	0.1999999999999318	TimeIntervals	Lick
638.09325	0.10000000000013642	TimeIntervals	Lick
638.2265000000001	0.10000000000002274	TimeIntervals	Lick
638.3600000000001	0.10000000000002274	TimeIntervals	Lick
638.49325	0.20000000000015916	TimeIntervals	Lick
638.7265000000001	0.10000000000002274	TimeIntervals	Lick
638.8600000000001	0.10000000000002274	TimeIntervals	Lick
638.9935	0.3332500000000209	TimeIntervals	Lick
639.3600000000001	0.10000000000002274	TimeIntervals	Lick
639.4935	0.23324999999999818	TimeIntervals	Lick
639.76	0.10000000000013642	TimeIntervals	Lick
639.8935	0.10000000000002274	TimeIntervals	Lick
640.0267499999999	0.10025000000007367	TimeIntervals	Lick
640.16025	0.10000000000002274	TimeIntervals	Lick
640.2935000000001	0.09999999999990905	TimeIntervals	Lick
640.4269999999999	0.10000000000002274	TimeIntervals	Lick
640.5602500000001	0.09999999999990905	TimeIntervals	Lick
640.6935	0.10000000000013642	TimeIntervals	Lick
640.8270000000001	0.09999999999979536	TimeIntervals	Lick
640.9602500000001	0.10000000000002274	TimeIntervals	Lick
641.0935000000001	0.10025000000007367	TimeIntervals	Lick
641.2270000000001	0.10000000000002274	TimeIntervals	Lick
641.3937500000001	0.09999999999990905	TimeIntervals	Lick
641.5269999999999	0.10000000000002274	TimeIntervals	Lick
641.6605	0.10000000000013642	TimeIntervals	Lick
641.7937500000002	0.09999999999990905	TimeIntervals	Lick
641.9269999999999	0.2667500000002292	TimeIntervals	Lick
642.2270000000001	0.10025000000007367	TimeIntervals	Lick
642.394	0.10000000000002274	TimeIntervals	Lick
642.7605000000001	0.1334999999999127	TimeIntervals	Lick
643.0940000000002	0.4334999999998672	TimeIntervals	Lick
643.5940000000002	0.06674999999984266	TimeIntervals	Lick
643.7275000000001	0.13324999999997544	TimeIntervals	Lick
643.9607500000002	0.06674999999984266	TimeIntervals	Lick
644.1275	0.033249999999952706	TimeIntervals	Lick
644.194	0.10000000000013642	TimeIntervals	Lick
644.8275000000001	0.09999999999990905	TimeIntervals	Lick
645.161	0.06650000000013279	TimeIntervals	Lick
645.3610000000001	0.03324999999983902	TimeIntervals	Lick
645.4275	0.23349999999993543	TimeIntervals	Lick
645.72775	0.10000000000002274	TimeIntervals	Lick
646.3945000000001	0.06649999999990541	TimeIntervals	Lick
646.7945	0.06675000000007003	TimeIntervals	Lick
647.16125	0.06675000000007003	TimeIntervals	Lick
648.6947500000001	0.09999999999990905	TimeIntervals	Lick
649.2282500000001	0.10000000000002274	TimeIntervals	Lick
650.5617500000001	0.06675000000007003	TimeIntervals	Lick
651.3285000000001	0.06674999999995634	TimeIntervals	Lick
652.2955000000001	0.10000000000002274	TimeIntervals	Lick
653.2955000000001	0.10000000000002274	TimeIntervals	Lick
653.5955	0.10000000000013642	TimeIntervals	Lick
653.9290000000001	0.09999999999990905	TimeIntervals	Lick
654.3290000000001	0.06675000000007003	TimeIntervals	Lick
656.76275	0.10000000000013642	TimeIntervals	Lick
657.663	0.0665000000000191	TimeIntervals	Lick
657.9630000000001	0.0665000000000191	TimeIntervals	Lick
658.663	0.0665000000000191	TimeIntervals	Lick
659.02975	0.06674999999995634	TimeIntervals	Lick
659.6297500000001	0.06674999999995634	TimeIntervals	Lick
659.93	0.06650000000013279	TimeIntervals	Lick
660.0632499999999	0.06675000000018372	TimeIntervals	Lick
660.1632500000001	0.10000000000002274	TimeIntervals	Lick
660.2965	0.06675000000018372	TimeIntervals	Lick
660.3965000000001	0.1999999999999318	TimeIntervals	Lick
660.6300000000001	0.09999999999990905	TimeIntervals	Lick
660.7632500000001	0.20024999999986903	TimeIntervals	Lick
660.99675	0.20000000000004547	TimeIntervals	Lick
661.23	0.10000000000002274	TimeIntervals	Lick
661.3635000000003	0.06649999999967804	TimeIntervals	Lick
661.49675	0.06674999999995634	TimeIntervals	Lick
661.59675	0.10000000000002274	TimeIntervals	Lick
661.73	0.10000000000002274	TimeIntervals	Lick
661.8635000000003	0.06649999999967804	TimeIntervals	Lick
661.9635	0.10000000000002274	TimeIntervals	Lick
662.097	0.39999999999997726	TimeIntervals	Lick
662.097	0.10000000000002274	TimeIntervals	Reward
662.53025	0.06674999999995634	TimeIntervals	Lick
662.6302500000002	0.1999999999999318	TimeIntervals	Lick
662.8635000000003	0.09999999999968168	TimeIntervals	Lick
662.997	0.20000000000004547	TimeIntervals	Lick
663.2305000000001	0.33324999999979354	TimeIntervals	Lick
663.597	0.10000000000002274	TimeIntervals	Lick
663.7305000000001	0.09999999999990905	TimeIntervals	Lick
663.8637500000001	0.1999999999998181	TimeIntervals	Lick
664.097	0.10000000000002274	TimeIntervals	Lick
664.2305000000001	0.09999999999990905	TimeIntervals	Lick
664.3640000000001	0.09999999999990905	TimeIntervals	Lick
664.49725	0.10000000000002274	TimeIntervals	Lick
664.6305000000001	0.10000000000002274	TimeIntervals	Lick
664.7640000000001	0.10000000000002274	TimeIntervals	Lick
664.89725	0.10000000000002274	TimeIntervals	Lick
665.0305	0.10000000000013642	TimeIntervals	Lick
665.1640000000001	0.5	TimeIntervals	Lick
665.6975	0.10000000000002274	TimeIntervals	Lick
665.8307500000001	0.09999999999990905	TimeIntervals	Lick
665.964	0.09999999999979536	TimeIntervals	Lick
666.0975	0.10000000000002274	TimeIntervals	Lick
666.2307500000001	0.10000000000002274	TimeIntervals	Lick
666.3975000000002	0.09999999999979536	TimeIntervals	Lick
666.531	0.10000000000002274	TimeIntervals	Lick
666.6975	0.06675000000007003	TimeIntervals	Lick
667.16425	0.13324999999997544	TimeIntervals	Lick
667.4975	0.10024999999995998	TimeIntervals	Lick
667.69775	0.06675000000007003	TimeIntervals	Lick
668.19775	0.06675000000007003	TimeIntervals	Reward
668.2645000000001	1.2334999999999354	TimeIntervals	Lick
669.53125	0.2335000000001628	TimeIntervals	Lick
669.7980000000001	0.1999999999999318	TimeIntervals	Lick
670.0314999999999	0.10000000000002274	TimeIntervals	Lick
670.16475	0.06675000000007003	TimeIntervals	Lick
670.2647500000002	0.09999999999990905	TimeIntervals	Lick
670.398	0.10000000000002274	TimeIntervals	Lick
670.5314999999999	0.10000000000002274	TimeIntervals	Lick
670.66475	0.10000000000013642	TimeIntervals	Lick
670.7980000000001	0.10025000000007367	TimeIntervals	Lick
670.9315	0.1999999999999318	TimeIntervals	Lick
671.1650000000001	0.10000000000002274	TimeIntervals	Lick
671.29825	0.10000000000013642	TimeIntervals	Lick
671.4315	0.1999999999999318	TimeIntervals	Lick
671.6650000000001	0.10000000000002274	TimeIntervals	Lick
671.79825	0.10024999999995998	TimeIntervals	Lick
671.9317500000001	0.10000000000002274	TimeIntervals	Lick
672.065	0.20000000000004547	TimeIntervals	Lick
672.2985000000001	0.09999999999990905	TimeIntervals	Lick
672.4317500000001	0.10000000000002274	TimeIntervals	Lick
672.565	0.2335000000000491	TimeIntervals	Lick
672.8317499999999	0.10000000000013642	TimeIntervals	Lick
672.965	0.10025000000007367	TimeIntervals	Lick
673.0985	0.10000000000002274	TimeIntervals	Lick
673.26525	0.06675000000007003	TimeIntervals	Lick
673.3652500000002	0.09999999999979536	TimeIntervals	Lick
673.4985000000001	0.09999999999979536	TimeIntervals	Lick
673.6320000000001	0.09999999999990905	TimeIntervals	Lick
673.76525	0.10000000000013642	TimeIntervals	Lick
673.8985	0.10000000000013642	TimeIntervals	Lick
674.032	0.10000000000002274	TimeIntervals	Lick
674.1655000000001	0.10000000000002274	TimeIntervals	Lick
674.3320000000001	0.06674999999995634	TimeIntervals	Lick
674.4655	0.0665000000000191	TimeIntervals	Lick
674.59875	0.2667500000001155	TimeIntervals	Lick
674.932	0.06674999999995634	TimeIntervals	Lick
675.1990000000001	0.10000000000013642	TimeIntervals	Reward
675.2655000000001	0.36675000000002456	TimeIntervals	Lick
675.6655000000001	0.33349999999995816	TimeIntervals	Lick
676.0322500000001	0.10000000000002274	TimeIntervals	Lick
676.1655000000001	0.20024999999998272	TimeIntervals	Lick
676.3990000000001	0.09999999999990905	TimeIntervals	Lick
676.5325	0.10000000000002274	TimeIntervals	Lick
676.6657500000001	0.10000000000002274	TimeIntervals	Lick
676.7990000000002	0.09999999999990905	TimeIntervals	Lick
676.9325	0.0665000000000191	TimeIntervals	Lick
677.0325	0.10000000000002274	TimeIntervals	Lick
677.1657500000001	0.10000000000002274	TimeIntervals	Lick
677.2990000000002	0.09999999999990905	TimeIntervals	Lick
677.4325	0.33350000000007185	TimeIntervals	Lick
677.7992500000001	0.10000000000002274	TimeIntervals	Lick
677.9325	0.10000000000002274	TimeIntervals	Lick
678.0660000000001	0.09999999999990905	TimeIntervals	Lick
678.1992500000001	0.10000000000002274	TimeIntervals	Lick
678.3325000000001	0.09999999999990905	TimeIntervals	Lick
678.466	0.06674999999995634	TimeIntervals	Lick
678.5660000000001	0.09999999999990905	TimeIntervals	Lick
678.6995000000002	0.09999999999990905	TimeIntervals	Lick
678.83275	0.10000000000002274	TimeIntervals	Lick
678.966	0.10000000000013642	TimeIntervals	Lick
679.0995000000001	0.10000000000002274	TimeIntervals	Lick
679.2660000000001	0.06674999999995634	TimeIntervals	Lick
679.3995000000001	0.599999999999909	TimeIntervals	Lick
680.0329999999999	0.10000000000025011	TimeIntervals	Lick
680.1662500000002	0.2332499999998845	TimeIntervals	Lick
680.433	0.23325000000022555	TimeIntervals	Lick
680.7665000000001	0.10000000000002274	TimeIntervals	Lick
680.89975	0.10000000000002274	TimeIntervals	Lick
681.0329999999999	0.10000000000025011	TimeIntervals	Lick
681.1665000000002	0.36649999999974625	TimeIntervals	Lick
681.69975	0.10025000000007367	TimeIntervals	Lick
681.9000000000001	0.06649999999990541	TimeIntervals	Lick
682.0665	0.13350000000014006	TimeIntervals	Lick
682.5665	0.16675000000009277	TimeIntervals	Lick
682.8000000000001	0.10000000000002274	TimeIntervals	Lick
683.06675	0.10000000000013642	TimeIntervals	Lick
683.2000000000002	0.09999999999990905	TimeIntervals	Lick
683.4000000000001	0.06674999999995634	TimeIntervals	Lick
683.56675	0.06674999999995634	TimeIntervals	Lick
683.7335000000002	0.29999999999972715	TimeIntervals	Lick
684.20025	0.10000000000013642	TimeIntervals	Lick
684.4670000000001	0.06649999999979173	TimeIntervals	Lick
684.9002500000001	0.13324999999974807	TimeIntervals	Lick
685.1005	0.10000000000002274	TimeIntervals	Lick
685.73375	0.10000000000013642	TimeIntervals	Lick
685.93375	0.03325000000006639	TimeIntervals	Lick
686.2005	0.06674999999995634	TimeIntervals	Lick
686.3340000000002	0.4332499999998163	TimeIntervals	Lick
687.3007500000001	0.09999999999990905	TimeIntervals	Lick
687.5007500000002	0.06674999999995634	TimeIntervals	Lick
687.634	0.10000000000002274	TimeIntervals	Lick
687.8007500000001	0.09999999999990905	TimeIntervals	Lick
688.0675000000001	0.06649999999990541	TimeIntervals	Lick
688.3007500000001	0.06675000000007003	TimeIntervals	Lick
688.5010000000002	0.16649999999981446	TimeIntervals	Lick
688.73425	0.06675000000018372	TimeIntervals	Lick
689.7345	0.13325000000008913	TimeIntervals	Lick
691.3345	0.09999999999990905	TimeIntervals	Lick
692.268	0.10000000000013642	TimeIntervals	Lick
692.53475	0.10000000000002274	TimeIntervals	Lick
694.7017500000001	0.10000000000002274	TimeIntervals	Lick
694.8350000000002	0.06674999999984266	TimeIntervals	Lick
694.935	0.10024999999995998	TimeIntervals	Lick
695.1020000000001	0.0665000000000191	TimeIntervals	Lick
695.2020000000001	0.09999999999990905	TimeIntervals	Lick
695.3352500000001	0.09999999999990905	TimeIntervals	Lick
695.4685	0.20000000000015916	TimeIntervals	Lick
695.7020000000001	0.09999999999990905	TimeIntervals	Lick
695.8352500000001	0.06674999999995634	TimeIntervals	Lick
695.93525	0.09999999999990905	TimeIntervals	Lick
696.0685	0.06700000000012096	TimeIntervals	Lick
696.1687500000002	0.09999999999990905	TimeIntervals	Lick
696.302	0.1999999999999318	TimeIntervals	Lick
696.5355	0.10000000000013642	TimeIntervals	Lick
696.6687500000002	0.09999999999990905	TimeIntervals	Lick
696.802	0.10000000000002274	TimeIntervals	Lick
696.9354999999999	0.10000000000002274	TimeIntervals	Lick
697.06875	0.06675000000007003	TimeIntervals	Lick
697.1690000000001	0.09999999999990905	TimeIntervals	Lick
697.269	0.06650000000013279	TimeIntervals	Reward
697.3022500000001	0.2999999999999545	TimeIntervals	Lick
697.6355000000001	0.20000000000004547	TimeIntervals	Lick
697.869	0.4335000000000946	TimeIntervals	Lick
698.3357500000002	0.09999999999979536	TimeIntervals	Lick
698.469	0.20000000000004547	TimeIntervals	Lick
698.7025000000001	0.10000000000002274	TimeIntervals	Lick
698.8357500000002	0.09999999999979536	TimeIntervals	Lick
698.969	0.09999999999990905	TimeIntervals	Lick
699.1025000000001	0.10000000000002274	TimeIntervals	Lick
699.23575	0.10025000000007367	TimeIntervals	Lick
699.3692500000002	0.5	TimeIntervals	Lick
699.9025000000001	0.09999999999990905	TimeIntervals	Lick
700.036	0.10000000000002274	TimeIntervals	Lick
700.2025000000001	0.16675000000009277	TimeIntervals	Lick
700.4025000000001	0.133499999999799	TimeIntervals	Lick
700.60275	0.10000000000002274	TimeIntervals	Lick
700.7360000000001	0.10000000000002274	TimeIntervals	Lick
700.936	0.06674999999995634	TimeIntervals	Lick
701.0695000000001	0.09999999999990905	TimeIntervals	Lick
701.50275	0.13350000000002638	TimeIntervals	Lick
702.8030000000001	0.06675000000007003	TimeIntervals	Lick
703.2030000000001	0.06674999999995634	TimeIntervals	Lick
703.3365000000001	0.06649999999990541	TimeIntervals	Lick
703.4364999999999	0.10000000000013642	TimeIntervals	Lick
703.6030000000001	0.06674999999995634	TimeIntervals	Lick
703.7030000000001	0.10024999999995998	TimeIntervals	Lick
703.8365000000001	0.09999999999979536	TimeIntervals	Lick
704.00325	0.06675000000007003	TimeIntervals	Lick
704.1365000000001	0.10000000000002274	TimeIntervals	Lick
704.2700000000001	0.10000000000002274	TimeIntervals	Lick
704.4032500000001	0.09999999999990905	TimeIntervals	Lick
704.5365	0.10000000000002274	TimeIntervals	Lick
704.6700000000001	0.20000000000004547	TimeIntervals	Lick
704.9035	0.20000000000004547	TimeIntervals	Lick
705.13675	0.10000000000002274	TimeIntervals	Lick
705.2700000000001	0.10000000000002274	TimeIntervals	Lick
705.4035	0.10000000000013642	TimeIntervals	Lick
705.53675	0.10000000000002274	TimeIntervals	Lick
705.6700000000001	0.20000000000004547	TimeIntervals	Lick
705.9035	0.10000000000013642	TimeIntervals	Lick
706.0370000000001	0.09999999999990905	TimeIntervals	Lick
706.1702500000001	0.09999999999990905	TimeIntervals	Lick
706.3035000000002	0.09999999999979536	TimeIntervals	Lick
706.437	0.06650000000013279	TimeIntervals	Lick
706.5370000000001	0.09999999999990905	TimeIntervals	Lick
706.6702500000001	0.09999999999990905	TimeIntervals	Lick
706.8035000000002	0.06674999999995634	TimeIntervals	Lick
706.9035	0.10000000000013642	TimeIntervals	Lick
707.0370000000001	0.1999999999998181	TimeIntervals	Lick
707.3037500000002	0.23324999999999818	TimeIntervals	Lick
707.5705000000002	0.09999999999990905	TimeIntervals	Lick
707.70375	0.36675000000013824	TimeIntervals	Lick
708.3705000000001	0.09999999999990905	TimeIntervals	Lick
708.504	0.10000000000013642	TimeIntervals	Lick
708.6705000000001	0.40000000000009095	TimeIntervals	Lick
709.1705000000001	0.33349999999995816	TimeIntervals	Lick
709.97075	0.10000000000013642	TimeIntervals	Lick
710.1040000000002	0.09999999999979536	TimeIntervals	Lick
710.2707500000001	0.1667499999998654	TimeIntervals	Lick
711.5045	0.10000000000002274	TimeIntervals	Lick
711.9377499999999	0.10000000000002274	TimeIntervals	Lick
712.3710000000002	0.09999999999968168	TimeIntervals	Lick
712.7712500000001	0.06674999999995634	TimeIntervals	Lick
713.1712500000001	0.10000000000002274	TimeIntervals	Lick
713.3712500000001	0.06674999999984266	TimeIntervals	Lick
713.8047500000001	0.09999999999990905	TimeIntervals	Lick
714.8715000000001	0.09999999999990905	TimeIntervals	Lick
715.3050000000002	0.06649999999990541	TimeIntervals	Lick
715.9385000000002	0.09999999999979536	TimeIntervals	Lick
717.1385	0.10000000000013642	TimeIntervals	Lick
717.5720000000001	0.09999999999990905	TimeIntervals	Lick
719.0055000000001	0.0665000000000191	TimeIntervals	Lick
719.1055	0.10000000000002274	TimeIntervals	Lick
719.239	0.10000000000002274	TimeIntervals	Lick
719.3722500000001	0.06674999999984266	TimeIntervals	Lick
719.47225	0.10000000000002274	TimeIntervals	Lick
719.6055	0.10000000000002274	TimeIntervals	Lick
719.739	0.06650000000013279	TimeIntervals	Lick
719.839	0.3000000000000682	TimeIntervals	Lick
720.1722500000001	0.10025000000007367	TimeIntervals	Lick
720.3057500000001	0.1999999999999318	TimeIntervals	Lick
720.539	0.20000000000004547	TimeIntervals	Lick
720.7725000000002	0.10000000000013642	TimeIntervals	Lick
720.90575	0.06674999999984266	TimeIntervals	Lick
721.00575	0.10000000000002274	TimeIntervals	Lick
721.1390000000001	0.20024999999986903	TimeIntervals	Lick
721.306	0.10000000000002274	TimeIntervals	Reward
721.3725000000003	0.3999999999998636	TimeIntervals	Lick
721.806	0.06650000000024647	TimeIntervals	Lick
721.9060000000001	0.1999999999999318	TimeIntervals	Lick
722.1392500000001	0.10000000000002274	TimeIntervals	Lick
722.2725000000002	0.06674999999984266	TimeIntervals	Lick
722.3725000000003	0.10024999999961892	TimeIntervals	Lick
722.506	0.10000000000002274	TimeIntervals	Lick
722.6395000000001	0.1999999999999318	TimeIntervals	Lick
722.8727500000002	0.2332499999997708	TimeIntervals	Lick
723.1395000000001	0.33324999999979354	TimeIntervals	Lick
723.506	0.2002500000000964	TimeIntervals	Lick
723.7395	0.10000000000002274	TimeIntervals	Lick
723.8730000000002	0.1999999999999318	TimeIntervals	Lick
724.1062499999999	0.10000000000013642	TimeIntervals	Lick
724.2395	0.10000000000002274	TimeIntervals	Lick
724.3730000000002	0.09999999999979536	TimeIntervals	Lick
724.50625	0.10025000000007367	TimeIntervals	Lick
724.6397500000002	0.5	TimeIntervals	Lick
725.1730000000001	0.39999999999997726	TimeIntervals	Lick
725.6065000000001	0.0665000000000191	TimeIntervals	Lick
725.74	0.0665000000000191	TimeIntervals	Lick
725.8400000000001	0.13324999999986176	TimeIntervals	Lick
726.0065	0.10000000000013642	TimeIntervals	Lick
726.17325	0.10000000000013642	TimeIntervals	Lick
726.3065	0.10000000000013642	TimeIntervals	Lick
726.44	0.06649999999990541	TimeIntervals	Lick
726.6065000000001	0.09999999999990905	TimeIntervals	Lick
726.74	0.2999999999999545	TimeIntervals	Lick
727.24	0.06675000000018372	TimeIntervals	Lick
727.4067500000001	0.13324999999986176	TimeIntervals	Lick
728.0735	0.10000000000013642	TimeIntervals	Lick
728.24025	0.06675000000018372	TimeIntervals	Lick
728.4070000000002	0.13324999999986176	TimeIntervals	Lick
728.607	0.10000000000002274	TimeIntervals	Lick
728.8735000000001	0.09999999999979536	TimeIntervals	Lick
729.07375	0.10000000000002274	TimeIntervals	Lick
729.4070000000002	0.06674999999984266	TimeIntervals	Lick
730.10725	0.06675000000007003	TimeIntervals	Lick
730.3405	0.10000000000002274	TimeIntervals	Lick
730.5740000000001	0.0665000000000191	TimeIntervals	Lick
730.8072500000002	0.06674999999995634	TimeIntervals	Lick
732.3742500000001	0.09999999999990905	TimeIntervals	Lick
732.7075000000001	0.03349999999988995	TimeIntervals	Lick
734.341	0.10000000000002274	TimeIntervals	Lick
735.44125	0.10000000000013642	TimeIntervals	Lick
737.30825	0.06675000000007003	TimeIntervals	Lick
737.4414999999999	0.06675000000018372	TimeIntervals	Lick
737.5750000000002	0.06649999999979173	TimeIntervals	Lick
738.9085	0.09999999999990905	TimeIntervals	Lick
739.542	0.09999999999990905	TimeIntervals	Lick
740.40875	0.06674999999984266	TimeIntervals	Lick
740.542	0.06674999999995634	TimeIntervals	Lick
740.7755000000001	0.0665000000000191	TimeIntervals	Lick
742.409	0.10000000000002274	TimeIntervals	Lick
743.1757500000001	0.1002499999998463	TimeIntervals	Lick
743.3425000000001	0.06674999999995634	TimeIntervals	Lick
744.076	0.10000000000013642	TimeIntervals	Lick
744.2092500000001	0.06674999999984266	TimeIntervals	Lick
744.3092500000002	0.10024999999973261	TimeIntervals	Lick
744.44275	0.06675000000007003	TimeIntervals	Lick
744.576	0.06675000000007003	TimeIntervals	Lick
744.6760000000002	0.09999999999979536	TimeIntervals	Lick
744.8095000000002	0.1999999999998181	TimeIntervals	Lick
745.04275	0.20000000000004547	TimeIntervals	Lick
745.276	0.06675000000018372	TimeIntervals	Lick
745.4095	0.10000000000002274	TimeIntervals	Lick
745.543	0.0665000000000191	TimeIntervals	Lick
745.643	0.10000000000002274	TimeIntervals	Lick
745.77625	0.1999999999999318	TimeIntervals	Lick
746.0095	0.10000000000002274	TimeIntervals	Lick
746.143	0.1999999999999318	TimeIntervals	Lick
746.37625	0.09999999999990905	TimeIntervals	Lick
746.37625	0.06674999999995634	TimeIntervals	Reward
746.5095	0.4002500000000282	TimeIntervals	Lick
746.943	0.3000000000000682	TimeIntervals	Lick
747.2765	0.1999999999999318	TimeIntervals	Lick
747.50975	0.2002500000000964	TimeIntervals	Lick
747.7432500000001	0.3332500000000209	TimeIntervals	Lick
748.11	0.10000000000013642	TimeIntervals	Lick
748.2432500000001	0.09999999999990905	TimeIntervals	Lick
748.3765000000002	0.09999999999979536	TimeIntervals	Lick
748.51	0.2335000000000491	TimeIntervals	Lick
748.77675	0.36675000000002456	TimeIntervals	Lick
749.1767500000001	0.09999999999990905	TimeIntervals	Lick
749.3100000000001	0.09999999999979536	TimeIntervals	Lick
749.4435	0.10000000000002274	TimeIntervals	Lick
749.61	0.06675000000007003	TimeIntervals	Lick
749.77675	0.10025000000007367	TimeIntervals	Lick
749.9435	0.06674999999995634	TimeIntervals	Lick
750.1435	0.06675000000007003	TimeIntervals	Lick
750.277	0.2332499999998845	TimeIntervals	Lick
750.8770000000001	0.06649999999990541	TimeIntervals	Lick
751.0105	0.13325000000008913	TimeIntervals	Lick
751.5770000000001	0.09999999999990905	TimeIntervals	Lick
752.2772500000001	0.13324999999974807	TimeIntervals	Lick
753.1775000000001	0.10000000000002274	TimeIntervals	Lick
753.8107500000001	0.09999999999990905	TimeIntervals	Lick
754.2107500000002	0.06674999999995634	TimeIntervals	Lick
756.8112500000001	0.09999999999990905	TimeIntervals	Lick
757.1445	0.10000000000002274	TimeIntervals	Lick
758.54475	0.10025000000007367	TimeIntervals	Lick
758.97825	0.10000000000013642	TimeIntervals	Lick
759.1450000000001	0.0665000000000191	TimeIntervals	Lick
759.2782500000002	0.09999999999990905	TimeIntervals	Lick
759.4115	0.06674999999995634	TimeIntervals	Lick
759.5115000000001	0.10000000000002274	TimeIntervals	Lick
759.6450000000001	0.1999999999999318	TimeIntervals	Lick
759.8785000000001	0.1999999999998181	TimeIntervals	Lick
760.11175	0.20000000000004547	TimeIntervals	Lick
760.345	0.10000000000002274	TimeIntervals	Lick
760.4785	0.20000000000004547	TimeIntervals	Lick
760.7117500000002	0.10024999999995998	TimeIntervals	Lick
760.8452500000001	0.09999999999979536	TimeIntervals	Lick
760.9785	0.06674999999995634	TimeIntervals	Lick
761.0785	0.10000000000013642	TimeIntervals	Lick
761.2120000000001	0.10000000000002274	TimeIntervals	Lick
761.3452500000001	0.06674999999984266	TimeIntervals	Lick
761.4452499999999	0.3332500000002483	TimeIntervals	Lick
761.4452499999999	0.03325000000018008	TimeIntervals	Reward
761.8120000000001	0.1999999999999318	TimeIntervals	Lick
762.0455000000001	0.20000000000004547	TimeIntervals	Lick
762.27875	0.10000000000025011	TimeIntervals	Lick
762.4119999999999	0.06675000000018372	TimeIntervals	Lick
762.5120000000001	0.2335000000000491	TimeIntervals	Lick
762.77875	0.20000000000015916	TimeIntervals	Lick
763.0120000000001	0.20024999999998272	TimeIntervals	Lick
763.2455000000001	0.10000000000002274	TimeIntervals	Lick
763.3790000000001	0.10000000000002274	TimeIntervals	Lick
763.51225	0.10000000000013642	TimeIntervals	Lick
763.6455	0.10000000000013642	TimeIntervals	Lick
763.7790000000001	0.10000000000002274	TimeIntervals	Lick
763.9454999999999	0.10000000000013642	TimeIntervals	Lick
764.079	0.10000000000013642	TimeIntervals	Lick
764.4790000000002	0.1334999999999127	TimeIntervals	Lick
764.6790000000001	0.10000000000002274	TimeIntervals	Lick
764.9124999999999	0.10000000000025011	TimeIntervals	Lick
765.0457499999999	0.06675000000018372	TimeIntervals	Lick
765.1790000000001	0.10024999999995998	TimeIntervals	Lick
765.3460000000001	0.13324999999986176	TimeIntervals	Lick
765.5125000000002	0.09999999999990905	TimeIntervals	Lick
765.77925	0.06675000000007003	TimeIntervals	Lick
766.0125000000002	0.06674999999995634	TimeIntervals	Lick
766.81275	0.09999999999990905	TimeIntervals	Lick
767.3460000000001	0.1002499999998463	TimeIntervals	Lick
768.6130000000002	0.09999999999990905	TimeIntervals	Lick
769.9464999999999	0.06675000000018372	TimeIntervals	Lick
770.21325	0.10000000000002274	TimeIntervals	Lick
770.6465000000002	0.0669999999997799	TimeIntervals	Lick
772.1135	0.09999999999990905	TimeIntervals	Lick
772.2802500000001	0.033249999999952706	TimeIntervals	Lick
772.4135	0.10000000000002274	TimeIntervals	Lick
772.5469999999999	0.10000000000013642	TimeIntervals	Lick
772.68025	0.06675000000018372	TimeIntervals	Lick
772.8135000000001	0.06675000000007003	TimeIntervals	Lick
772.9135	0.06700000000000728	TimeIntervals	Lick
773.0137500000001	0.1999999999999318	TimeIntervals	Lick
773.2470000000002	0.06674999999984266	TimeIntervals	Lick
773.3470000000001	0.09999999999979536	TimeIntervals	Lick
773.4805	0.20000000000004547	TimeIntervals	Lick
773.71375	0.10000000000002274	TimeIntervals	Lick
773.8470000000001	0.09999999999979536	TimeIntervals	Lick
773.9805	0.20000000000004547	TimeIntervals	Lick
774.214	0.09999999999990905	TimeIntervals	Lick
774.34725	0.06674999999995634	TimeIntervals	Lick
774.44725	0.10000000000002274	TimeIntervals	Lick
774.4805	0.06675000000007003	TimeIntervals	Reward
774.5805	0.39999999999997726	TimeIntervals	Lick
775.0140000000001	0.06649999999990541	TimeIntervals	Lick
775.114	0.10000000000002274	TimeIntervals	Lick
775.2475000000001	0.1999999999999318	TimeIntervals	Lick
775.4807500000001	0.23324999999999818	TimeIntervals	Lick
775.7475000000001	0.1999999999999318	TimeIntervals	Lick
775.9807500000001	0.10000000000002274	TimeIntervals	Lick
776.114	0.10024999999995998	TimeIntervals	Lick
776.2475000000001	0.1999999999999318	TimeIntervals	Lick
776.51425	0.3332500000000209	TimeIntervals	Lick
776.8810000000002	0.09999999999979536	TimeIntervals	Lick
777.01425	0.10000000000013642	TimeIntervals	Lick
777.1475000000002	0.09999999999990905	TimeIntervals	Lick
777.2810000000001	0.10000000000013642	TimeIntervals	Lick
777.4145000000001	0.09999999999990905	TimeIntervals	Lick
777.5477500000001	0.10000000000002274	TimeIntervals	Lick
777.681	0.6335000000000264	TimeIntervals	Lick
778.3477500000001	0.23349999999993543	TimeIntervals	Lick
778.6145	0.33349999999995816	TimeIntervals	Lick
779.0145	0.10000000000002274	TimeIntervals	Lick
779.1480000000001	0.09999999999990905	TimeIntervals	Lick
779.2812500000001	0.53349999999989	TimeIntervals	Lick
779.8480000000001	0.09999999999990905	TimeIntervals	Lick
779.9815000000001	0.09999999999990905	TimeIntervals	Lick
780.1480000000001	0.6335000000000264	TimeIntervals	Lick
780.9482499999999	0.20000000000027285	TimeIntervals	Lick
781.315	0.09999999999990905	TimeIntervals	Lick
781.54825	0.06674999999995634	TimeIntervals	Reward
781.6815	0.4002499999999145	TimeIntervals	Lick
782.115	0.10000000000013642	TimeIntervals	Lick
782.2485000000001	0.1999999999998181	TimeIntervals	Lick
782.515	0.06674999999995634	TimeIntervals	Lick
782.615	0.2002500000000964	TimeIntervals	Lick
782.8485000000002	0.09999999999979536	TimeIntervals	Lick
782.982	0.20000000000004547	TimeIntervals	Lick
783.21525	0.10000000000013642	TimeIntervals	Lick
783.3485000000002	0.1999999999998181	TimeIntervals	Lick
783.582	0.23325000000011187	TimeIntervals	Lick
783.8485000000002	0.1002499999998463	TimeIntervals	Lick
783.982	0.20000000000004547	TimeIntervals	Lick
784.2155	0.10000000000013642	TimeIntervals	Lick
784.34875	0.10000000000002274	TimeIntervals	Lick
784.482	0.10000000000002274	TimeIntervals	Lick
784.6155	0.10000000000002274	TimeIntervals	Lick
784.74875	0.10000000000002274	TimeIntervals	Lick
784.8820000000001	0.09999999999990905	TimeIntervals	Lick
785.0155000000001	0.23349999999993543	TimeIntervals	Lick
785.2822500000001	0.10000000000002274	TimeIntervals	Lick
785.4155	0.10000000000013642	TimeIntervals	Lick
785.5490000000001	0.10000000000002274	TimeIntervals	Lick
785.68225	0.23324999999999818	TimeIntervals	Lick
785.98225	0.06675000000007003	TimeIntervals	Lick
786.1157499999999	0.10000000000013642	TimeIntervals	Lick
786.2825	0.10000000000002274	TimeIntervals	Lick
786.449	0.06675000000007003	TimeIntervals	Lick
786.6157499999999	0.06675000000018372	TimeIntervals	Lick
786.7157500000001	0.09999999999990905	TimeIntervals	Lick
786.8825	0.09999999999990905	TimeIntervals	Lick
787.0490000000001	0.06674999999984266	TimeIntervals	Lick
787.1490000000001	0.10024999999995998	TimeIntervals	Lick
787.2825	0.10000000000002274	TimeIntervals	Lick
787.416	0.1999999999999318	TimeIntervals	Lick
787.6492500000002	0.09999999999990905	TimeIntervals	Lick
787.7825	0.10000000000002274	TimeIntervals	Lick
787.916	0.09999999999990905	TimeIntervals	Lick
788.04925	0.10000000000013642	TimeIntervals	Lick
788.1825000000001	0.13350000000002638	TimeIntervals	Lick
788.3495000000001	0.2332499999998845	TimeIntervals	Lick
788.5495	0.0665000000000191	TimeIntervals	Reward
788.616	0.39999999999997726	TimeIntervals	Lick
789.0495	0.20000000000004547	TimeIntervals	Lick
789.2827500000001	0.10025000000007367	TimeIntervals	Lick
789.4162500000001	0.1999999999999318	TimeIntervals	Lick
789.6495000000001	0.09999999999990905	TimeIntervals	Lick
789.7830000000001	0.33324999999990723	TimeIntervals	Lick
790.1495000000001	0.09999999999990905	TimeIntervals	Lick
790.2830000000001	0.10000000000002274	TimeIntervals	Lick
790.4495000000001	0.10025000000007367	TimeIntervals	Lick
790.583	0.20000000000015916	TimeIntervals	Lick
790.84975	0.06675000000018372	TimeIntervals	Lick
790.94975	0.10000000000013642	TimeIntervals	Lick
791.083	0.10000000000013642	TimeIntervals	Lick
791.2165	0.10000000000002274	TimeIntervals	Lick
791.34975	0.10000000000002274	TimeIntervals	Lick
791.4830000000001	0.10025000000007367	TimeIntervals	Lick
791.6165000000001	0.09999999999990905	TimeIntervals	Lick
791.75	0.10000000000002274	TimeIntervals	Lick
791.9165000000002	0.09999999999979536	TimeIntervals	Lick
792.0500000000001	0.0665000000000191	TimeIntervals	Lick
792.1500000000001	0.13324999999997544	TimeIntervals	Lick
792.3165	0.10000000000013642	TimeIntervals	Lick
792.4832499999999	0.06675000000018372	TimeIntervals	Lick
792.5832500000001	0.6334999999999127	TimeIntervals	Lick
793.2835000000001	0.10000000000002274	TimeIntervals	Lick
793.41675	0.5667499999999563	TimeIntervals	Lick
794.05025	0.2667500000000018	TimeIntervals	Lick
794.3502500000001	0.09999999999979536	TimeIntervals	Lick
794.5169999999999	0.33350000000007185	TimeIntervals	Lick
794.5835000000001	0.06675000000007003	TimeIntervals	Reward
794.8837500000002	0.16674999999997908	TimeIntervals	Lick
795.0837500000001	0.1999999999999318	TimeIntervals	Lick
795.317	0.1999999999999318	TimeIntervals	Lick
795.5505000000002	0.1999999999999318	TimeIntervals	Lick
795.78375	0.20024999999998272	TimeIntervals	Lick
796.01725	0.23325000000011187	TimeIntervals	Lick
796.2840000000001	0.06649999999990541	TimeIntervals	Lick
796.3840000000001	0.09999999999990905	TimeIntervals	Lick
796.51725	0.10000000000013642	TimeIntervals	Lick
796.6505000000001	0.10000000000002274	TimeIntervals	Lick
796.7840000000001	0.10000000000002274	TimeIntervals	Lick
796.9172500000001	0.09999999999990905	TimeIntervals	Lick
797.0505000000002	0.23349999999993543	TimeIntervals	Lick
797.3175000000001	0.09999999999979536	TimeIntervals	Lick
797.45075	0.23325000000011187	TimeIntervals	Lick
797.7175000000001	0.2332499999998845	TimeIntervals	Lick
797.984	0.5335000000000036	TimeIntervals	Lick
798.551	0.09999999999990905	TimeIntervals	Lick
798.68425	0.13325000000008913	TimeIntervals	Lick
798.8842500000002	0.09999999999979536	TimeIntervals	Lick
799.051	0.06649999999990541	TimeIntervals	Lick
799.2175000000001	0.06700000000000728	TimeIntervals	Lick
799.6845	0.10000000000013642	TimeIntervals	Lick
799.8510000000001	0.06674999999984266	TimeIntervals	Lick
799.9845	0.10000000000002274	TimeIntervals	Lick
800.1177499999999	0.10000000000025011	TimeIntervals	Lick
800.251	0.2002500000000964	TimeIntervals	Lick
800.4845	0.10000000000002274	TimeIntervals	Lick
800.6179999999999	0.10000000000002274	TimeIntervals	Lick
800.75125	0.10000000000013642	TimeIntervals	Lick
800.8845000000001	0.09999999999990905	TimeIntervals	Lick
801.018	0.09999999999990905	TimeIntervals	Lick
801.15125	0.10000000000002274	TimeIntervals	Lick
801.2845000000001	0.20024999999998272	TimeIntervals	Lick
801.518	0.09999999999990905	TimeIntervals	Lick
801.58475	0.10000000000002274	TimeIntervals	Reward
801.6515	0.39999999999997726	TimeIntervals	Lick
802.08475	0.20000000000004547	TimeIntervals	Lick
802.3180000000002	0.09999999999979536	TimeIntervals	Lick
802.4515	0.10000000000002274	TimeIntervals	Lick
802.5850000000002	0.1999999999998181	TimeIntervals	Lick
802.8182500000001	0.09999999999990905	TimeIntervals	Lick
802.9515	0.10000000000002274	TimeIntervals	Lick
803.0850000000002	0.09999999999979536	TimeIntervals	Lick
803.21825	0.10000000000013642	TimeIntervals	Lick
803.3515000000002	0.09999999999979536	TimeIntervals	Lick
803.485	0.10000000000013642	TimeIntervals	Lick
803.61825	0.10025000000007367	TimeIntervals	Lick
803.7517500000001	0.09999999999990905	TimeIntervals	Lick
803.8850000000002	0.09999999999979536	TimeIntervals	Lick
804.0184999999999	0.10000000000013642	TimeIntervals	Lick
804.15175	0.10000000000013642	TimeIntervals	Lick
804.285	0.10000000000025011	TimeIntervals	Lick
804.4185	0.09999999999990905	TimeIntervals	Lick
804.5517500000001	0.09999999999990905	TimeIntervals	Lick
804.685	0.2335000000000491	TimeIntervals	Lick
804.952	0.10000000000002274	TimeIntervals	Lick
805.0852500000001	0.09999999999990905	TimeIntervals	Lick
805.2185000000001	0.10000000000013642	TimeIntervals	Lick
805.3520000000001	0.09999999999990905	TimeIntervals	Lick
805.4852500000001	0.10000000000002274	TimeIntervals	Lick
805.6185	0.2335000000000491	TimeIntervals	Lick
805.8855000000001	0.09999999999990905	TimeIntervals	Lick
806.052	0.06674999999995634	TimeIntervals	Lick
806.152	0.8669999999999618	TimeIntervals	Lick
807.05225	0.5332500000001801	TimeIntervals	Lick
807.619	0.2665000000000646	TimeIntervals	Lick
807.9190000000001	0.09999999999990905	TimeIntervals	Lick
808.0525	0.2665000000000646	TimeIntervals	Lick
808.3525000000001	0.3000000000000682	TimeIntervals	Lick
808.7857500000001	0.1667499999998654	TimeIntervals	Lick
808.98575	0.10000000000013642	TimeIntervals	Lick
809.1525000000001	0.09999999999990905	TimeIntervals	Lick
809.31925	0.06674999999995634	TimeIntervals	Lick
809.5192499999999	1.2667500000002292	TimeIntervals	Lick
810.8195000000001	0.13324999999997544	TimeIntervals	Lick
810.986	0.16674999999997908	TimeIntervals	Lick
811.186	0.60024999999996	TimeIntervals	Lick
811.8530000000001	0.10000000000002274	TimeIntervals	Lick
811.9862499999999	0.16675000000009277	TimeIntervals	Lick
812.2195000000002	0.3334999999998445	TimeIntervals	Lick
812.7197500000001	0.10000000000002274	TimeIntervals	Lick
812.8530000000001	0.10000000000002274	TimeIntervals	Lick
813.3197500000001	0.16674999999997908	TimeIntervals	Lick
813.7865	0.10000000000002274	TimeIntervals	Lick
813.9865000000001	0.06674999999984266	TimeIntervals	Lick
814.1532500000001	0.09999999999990905	TimeIntervals	Lick
814.3532500000001	0.06674999999984266	TimeIntervals	Lick
814.5865000000001	0.10024999999995998	TimeIntervals	Lick
814.7535000000001	0.06649999999990541	TimeIntervals	Lick
814.8535000000002	0.09999999999979536	TimeIntervals	Lick
814.98675	0.10000000000013642	TimeIntervals	Lick
815.12	0.20000000000004547	TimeIntervals	Lick
815.3535000000002	0.09999999999979536	TimeIntervals	Lick
815.48675	0.10000000000013642	TimeIntervals	Lick
815.62	0.10000000000002274	TimeIntervals	Lick
815.7535000000001	0.10000000000002274	TimeIntervals	Lick
815.8870000000002	0.09999999999979536	TimeIntervals	Lick
816.0202499999999	0.10000000000013642	TimeIntervals	Lick
816.1535	0.10000000000013642	TimeIntervals	Lick
816.2870000000001	0.10000000000002274	TimeIntervals	Lick
816.42025	0.09999999999990905	TimeIntervals	Lick
816.5535	0.06675000000007003	TimeIntervals	Lick
816.687	0.20000000000015916	TimeIntervals	Lick
817.65375	0.10000000000002274	TimeIntervals	Lick
818.08725	0.06674999999995634	TimeIntervals	Lick
818.3540000000002	0.06649999999990541	TimeIntervals	Lick
818.4539999999998	0.10000000000025011	TimeIntervals	Lick
818.6205	0.16674999999997908	TimeIntervals	Lick
818.8205000000002	0.09999999999990905	TimeIntervals	Lick
818.9539999999998	0.06650000000013279	TimeIntervals	Lick
819.0875000000001	0.06649999999990541	TimeIntervals	Lick
819.1875	0.20000000000015916	TimeIntervals	Lick
819.4207499999999	0.20000000000015916	TimeIntervals	Lick
819.654	0.10000000000002274	TimeIntervals	Lick
819.6875	0.0665000000000191	TimeIntervals	Reward
819.7875	0.20000000000004547	TimeIntervals	Lick
820.02075	0.2002500000000964	TimeIntervals	Lick
820.25425	0.10000000000025011	TimeIntervals	Lick
820.3875000000002	0.09999999999990905	TimeIntervals	Lick
820.5209999999998	0.20000000000027285	TimeIntervals	Lick
820.75425	0.10000000000025011	TimeIntervals	Lick
820.8875000000002	0.06674999999972897	TimeIntervals	Lick
820.9875000000001	0.10000000000002274	TimeIntervals	Lick
821.1210000000001	0.10000000000002274	TimeIntervals	Lick
821.2545	0.10000000000013642	TimeIntervals	Lick
821.3877500000001	0.23324999999999818	TimeIntervals	Lick
821.6545000000001	0.09999999999990905	TimeIntervals	Lick
821.78775	0.10000000000013642	TimeIntervals	Lick
821.9209999999999	0.09999999999990905	TimeIntervals	Lick
822.0545000000001	0.10000000000002274	TimeIntervals	Lick
822.1877499999999	0.10000000000002274	TimeIntervals	Lick
822.3209999999999	0.10025000000007367	TimeIntervals	Lick
822.4880000000002	0.09999999999990905	TimeIntervals	Lick
822.6545000000001	0.29999999999984084	TimeIntervals	Lick
823.0212499999999	0.10000000000013642	TimeIntervals	Lick
823.1880000000001	0.06649999999990541	TimeIntervals	Lick
823.32125	0.4335000000000946	TimeIntervals	Lick
823.788	0.2667500000000018	TimeIntervals	Lick
824.0880000000001	0.13350000000002638	TimeIntervals	Lick
824.2547500000001	0.26674999999988813	TimeIntervals	Lick
824.555	0.8999999999999773	TimeIntervals	Lick
825.5215	0.13350000000014006	TimeIntervals	Lick
825.6885	0.10000000000002274	TimeIntervals	Lick
825.8550000000001	0.09999999999979536	TimeIntervals	Lick
826.02175	0.6000000000002501	TimeIntervals	Lick
826.6550000000001	0.6334999999999127	TimeIntervals	Lick
827.3220000000001	1.03349999999989	TimeIntervals	Lick
828.3887500000001	1.03349999999989	TimeIntervals	Lick
829.4555	0.2667500000000018	TimeIntervals	Lick
829.7555000000002	0.23349999999982174	TimeIntervals	Lick
830.0225	0.1999999999999318	TimeIntervals	Lick
830.2890000000001	0.1999999999999318	TimeIntervals	Lick
830.6225000000001	0.23325000000011187	TimeIntervals	Lick
830.989	0.13350000000002638	TimeIntervals	Lick
831.2225	0.16675000000020646	TimeIntervals	Lick
831.4892500000001	0.2332499999998845	TimeIntervals	Lick
831.7560000000002	0.13324999999997544	TimeIntervals	Lick
832.0225	0.26700000000005275	TimeIntervals	Lick
832.32275	0.13324999999986176	TimeIntervals	Lick
832.62275	0.43325000000004366	TimeIntervals	Lick
832.7227500000001	0.03325000000006639	TimeIntervals	Reward
833.0895	0.36675000000002456	TimeIntervals	Lick
833.4895	0.1999999999999318	TimeIntervals	Lick
833.7230000000001	0.2999999999999545	TimeIntervals	Lick
834.05625	0.10000000000013642	TimeIntervals	Lick
834.1895	0.06675000000018372	TimeIntervals	Lick
834.2895000000001	0.33349999999995816	TimeIntervals	Lick
834.6565000000002	0.23324999999999818	TimeIntervals	Lick
834.923	0.06674999999995634	TimeIntervals	Lick
835.0565	0.0665000000000191	TimeIntervals	Lick
835.1565000000002	0.09999999999990905	TimeIntervals	Lick
835.28975	0.10000000000013642	TimeIntervals	Lick
835.423	0.10025000000018736	TimeIntervals	Lick
835.5565	0.10000000000013642	TimeIntervals	Lick
835.69	0.13324999999997544	TimeIntervals	Lick
835.8565000000001	0.2335000000000491	TimeIntervals	Lick
836.12325	0.10000000000013642	TimeIntervals	Lick
836.2900000000001	0.10000000000002274	TimeIntervals	Lick
836.42325	0.60024999999996	TimeIntervals	Lick
837.0567500000001	0.06674999999995634	TimeIntervals	Lick
837.1567500000001	0.10000000000002274	TimeIntervals	Lick
837.2900000000001	0.1334999999999127	TimeIntervals	Lick
837.4567499999999	0.10000000000013642	TimeIntervals	Lick
837.5900000000001	0.20024999999986903	TimeIntervals	Lick
837.857	0.16650000000004184	TimeIntervals	Lick
838.057	0.10000000000013642	TimeIntervals	Lick
838.1902500000001	0.13324999999986176	TimeIntervals	Lick
838.357	0.10000000000002274	TimeIntervals	Lick
838.49025	0.10000000000002274	TimeIntervals	Lick
838.82375	0.13324999999997544	TimeIntervals	Lick
838.9905	0.46649999999999636	TimeIntervals	Lick
839.6570000000002	0.09999999999990905	TimeIntervals	Lick
839.82375	0.23349999999993543	TimeIntervals	Lick
840.124	0.13325000000008913	TimeIntervals	Lick
840.35725	0.10000000000002274	TimeIntervals	Lick
840.5240000000001	0.06649999999990541	TimeIntervals	Lick
840.6905000000002	0.33349999999995816	TimeIntervals	Lick
841.124	0.06674999999995634	TimeIntervals	Lick
841.4575	0.10000000000002274	TimeIntervals	Lick
841.7575	0.2999999999999545	TimeIntervals	Lick
842.3575	0.10000000000002274	TimeIntervals	Lick
842.6910000000001	0.10000000000002274	TimeIntervals	Lick
843.6910000000001	0.10000000000002274	TimeIntervals	Lick
843.8577500000001	0.06674999999984266	TimeIntervals	Lick
843.991	0.10000000000002274	TimeIntervals	Lick
844.1577500000003	0.1002499999998463	TimeIntervals	Lick
844.2912500000002	0.1999999999998181	TimeIntervals	Lick
844.5245	0.10000000000002274	TimeIntervals	Lick
844.6580000000001	0.1999999999999318	TimeIntervals	Lick
844.8912500000001	0.09999999999990905	TimeIntervals	Lick
845.058	0.0665000000000191	TimeIntervals	Lick
845.2245000000001	0.06675000000007003	TimeIntervals	Lick
845.3245000000001	0.20024999999998272	TimeIntervals	Lick
845.558	0.20000000000015916	TimeIntervals	Lick
845.72475	0.06675000000018372	TimeIntervals	Reward
845.7915000000002	0.10000000000002274	TimeIntervals	Lick
845.9247500000001	0.1667499999998654	TimeIntervals	Lick
846.1247500000001	0.06674999999995634	TimeIntervals	Lick
846.22475	0.30025000000011914	TimeIntervals	Lick
846.55825	0.20000000000004547	TimeIntervals	Lick
846.7915000000002	0.1999999999999318	TimeIntervals	Lick
847.0250000000001	0.09999999999990905	TimeIntervals	Lick
847.1582500000001	0.20000000000004547	TimeIntervals	Lick
847.3915000000002	0.3334999999998445	TimeIntervals	Lick
847.7584999999999	0.10000000000025011	TimeIntervals	Lick
847.8917500000001	0.09999999999979536	TimeIntervals	Lick
848.0250000000001	0.09999999999990905	TimeIntervals	Lick
848.1585000000001	0.09999999999979536	TimeIntervals	Lick
848.3249999999999	0.10000000000013642	TimeIntervals	Lick
848.4917499999999	0.03325000000018008	TimeIntervals	Lick
848.8585000000002	0.1999999999999318	TimeIntervals	Lick
849.4584999999998	0.10000000000025011	TimeIntervals	Lick
849.692	0.06649999999990541	TimeIntervals	Lick
849.9587499999999	0.06675000000018372	TimeIntervals	Lick
850.65875	0.13325000000008913	TimeIntervals	Lick
850.959	0.10000000000013642	TimeIntervals	Lick
851.4255000000002	0.06674999999984266	TimeIntervals	Lick
851.7255	0.06675000000018372	TimeIntervals	Lick
852.1925000000001	0.06649999999990541	TimeIntervals	Lick
852.2925000000001	0.09999999999990905	TimeIntervals	Lick
852.4925	0.3332500000001346	TimeIntervals	Lick
852.8925	0.09999999999990905	TimeIntervals	Lick
853.7592500000001	0.09999999999990905	TimeIntervals	Lick
854.2595000000001	0.06649999999990541	TimeIntervals	Lick
854.626	0.10000000000002274	TimeIntervals	Lick
856.45975	0.06675000000007003	TimeIntervals	Lick
857.0265	0.13324999999997544	TimeIntervals	Lick
857.25975	0.06675000000007003	TimeIntervals	Lick
857.393	0.06700000000000728	TimeIntervals	Lick
857.59325	0.06674999999995634	TimeIntervals	Lick
857.7265	0.03350000000000364	TimeIntervals	Lick
857.7932500000002	0.1667499999998654	TimeIntervals	Lick
858.9935	0.13324999999986176	TimeIntervals	Lick
859.1935000000002	0.09999999999990905	TimeIntervals	Lick
859.9602500000001	0.09999999999990905	TimeIntervals	Lick
860.127	0.06650000000024647	TimeIntervals	Lick
860.6935000000002	0.10024999999995998	TimeIntervals	Lick
861.49375	0.06675000000007003	TimeIntervals	Lick
862.8272500000002	0.06674999999984266	TimeIntervals	Lick
862.9275	0.0665000000000191	TimeIntervals	Lick
863.0275	0.20000000000004547	TimeIntervals	Lick
863.2607499999999	0.10000000000013642	TimeIntervals	Lick
863.394	0.06675000000018372	TimeIntervals	Lick
863.494	0.33350000000007185	TimeIntervals	Lick
863.86075	0.10000000000013642	TimeIntervals	Lick
863.994	0.06700000000000728	TimeIntervals	Lick
864.0942500000001	0.09999999999990905	TimeIntervals	Lick
864.2275000000001	0.10000000000002274	TimeIntervals	Lick
864.3610000000001	0.09999999999990905	TimeIntervals	Lick
864.4942500000001	0.1999999999999318	TimeIntervals	Lick
864.7275000000001	0.5002499999999372	TimeIntervals	Lick
864.761	0.10000000000013642	TimeIntervals	Reward
865.261	0.06675000000018372	TimeIntervals	Lick
865.3610000000001	0.09999999999990905	TimeIntervals	Lick
865.4945	0.0665000000000191	TimeIntervals	Lick
865.5945000000002	0.09999999999990905	TimeIntervals	Lick
865.72775	0.1999999999999318	TimeIntervals	Lick
865.961	0.10000000000002274	TimeIntervals	Lick
866.0945000000002	0.0665000000000191	TimeIntervals	Lick
866.1945000000001	0.09999999999990905	TimeIntervals	Lick
866.3280000000001	0.1999999999999318	TimeIntervals	Lick
866.56125	0.10000000000002274	TimeIntervals	Lick
866.6945000000001	0.20000000000004547	TimeIntervals	Lick
866.928	0.10000000000002274	TimeIntervals	Lick
867.06125	0.10000000000002274	TimeIntervals	Lick
867.1945000000001	0.09999999999990905	TimeIntervals	Lick
867.3280000000001	0.09999999999990905	TimeIntervals	Lick
867.4615000000001	0.3664999999999736	TimeIntervals	Lick
867.8615000000002	0.09999999999990905	TimeIntervals	Lick
868.028	0.06675000000007003	TimeIntervals	Lick
868.1615	0.0665000000000191	TimeIntervals	Lick
868.3280000000001	0.033500000000117325	TimeIntervals	Lick
868.62825	0.36675000000002456	TimeIntervals	Lick
869.0615	0.06674999999995634	TimeIntervals	Lick
869.295	0.10000000000013642	TimeIntervals	Lick
870.26175	0.10000000000013642	TimeIntervals	Lick
870.46175	0.10000000000002274	TimeIntervals	Lick
870.7285000000002	0.06674999999995634	TimeIntervals	Lick
870.99525	0.10000000000002274	TimeIntervals	Lick
871.82875	0.10000000000002274	TimeIntervals	Reward
871.962	0.36675000000002456	TimeIntervals	Lick
872.3620000000001	0.06674999999995634	TimeIntervals	Lick
872.462	0.4670000000000982	TimeIntervals	Lick
872.96225	0.06674999999995634	TimeIntervals	Lick
873.0622500000001	0.1999999999999318	TimeIntervals	Lick
873.2955000000001	0.10000000000002274	TimeIntervals	Lick
873.4290000000001	0.1999999999999318	TimeIntervals	Lick
873.66225	0.10000000000002274	TimeIntervals	Lick
873.7955000000001	0.33349999999995816	TimeIntervals	Lick
874.1625	0.09999999999990905	TimeIntervals	Lick
874.2957500000001	0.1999999999999318	TimeIntervals	Lick
874.529	0.10000000000002274	TimeIntervals	Lick
874.6625	0.09999999999990905	TimeIntervals	Lick
874.7957500000001	0.20024999999998272	TimeIntervals	Lick
875.02925	0.09999999999990905	TimeIntervals	Lick
875.1625	0.09999999999990905	TimeIntervals	Lick
875.2960000000002	0.33324999999979354	TimeIntervals	Lick
875.6625	0.09999999999990905	TimeIntervals	Lick
875.7960000000002	0.09999999999990905	TimeIntervals	Lick
875.9292499999999	0.2002500000000964	TimeIntervals	Lick
876.1959999999999	0.06675000000007003	TimeIntervals	Lick
876.3294999999999	0.06650000000013279	TimeIntervals	Lick
876.596	0.09999999999990905	TimeIntervals	Lick
877.0295000000001	0.06649999999990541	TimeIntervals	Lick
877.1959999999999	0.10025000000007367	TimeIntervals	Lick
877.3630000000002	0.09999999999990905	TimeIntervals	Lick
877.5295000000001	0.09999999999990905	TimeIntervals	Lick
877.663	0.10000000000002274	TimeIntervals	Lick
877.8294999999999	0.10000000000013642	TimeIntervals	Lick
877.9630000000001	0.10000000000002274	TimeIntervals	Lick
878.09625	0.09999999999990905	TimeIntervals	Lick
878.2295000000001	0.1002499999998463	TimeIntervals	Lick
878.3630000000002	0.09999999999990905	TimeIntervals	Lick
878.4965000000001	0.09999999999990905	TimeIntervals	Lick
878.6297500000001	0.10000000000002274	TimeIntervals	Lick
878.763	0.10000000000013642	TimeIntervals	Lick
878.82975	0.10000000000002274	TimeIntervals	Reward
878.8965	0.5	TimeIntervals	Lick
879.43	0.06650000000013279	TimeIntervals	Lick
879.53	0.10000000000013642	TimeIntervals	Lick
879.66325	0.10000000000013642	TimeIntervals	Lick
879.7965	0.06675000000018372	TimeIntervals	Lick
879.8965	0.33350000000007185	TimeIntervals	Lick
880.2632500000001	0.10000000000013642	TimeIntervals	Lick
880.3965	0.2002500000000964	TimeIntervals	Lick
880.6300000000001	0.09999999999990905	TimeIntervals	Lick
880.7635	0.1999999999999318	TimeIntervals	Lick
880.9967500000002	0.09999999999979536	TimeIntervals	Lick
881.1300000000001	0.09999999999990905	TimeIntervals	Lick
881.2635	0.10000000000025011	TimeIntervals	Lick
881.3967500000001	0.10000000000013642	TimeIntervals	Lick
881.53	0.10025000000018736	TimeIntervals	Lick
881.6635	0.10000000000002274	TimeIntervals	Lick
881.8302500000001	0.06674999999995634	TimeIntervals	Lick
881.9635	0.10000000000002274	TimeIntervals	Lick
882.097	0.10000000000002274	TimeIntervals	Lick
882.2302500000001	0.13325000000020282	TimeIntervals	Lick
882.397	0.10000000000013642	TimeIntervals	Lick
882.5302499999999	0.10000000000025011	TimeIntervals	Lick
882.6635	0.10025000000007367	TimeIntervals	Lick
882.7969999999999	0.10000000000013642	TimeIntervals	Lick
882.9304999999999	0.13324999999997544	TimeIntervals	Lick
883.097	0.06675000000007003	TimeIntervals	Lick
883.3305	0.0665000000000191	TimeIntervals	Lick
883.46375	0.09999999999990905	TimeIntervals	Lick
883.597	0.4334999999999809	TimeIntervals	Lick
884.0639999999999	0.13325000000020282	TimeIntervals	Lick
884.2305	0.10000000000002274	TimeIntervals	Lick
884.4304999999999	0.033500000000117325	TimeIntervals	Lick
884.5639999999999	0.06650000000036016	TimeIntervals	Lick
884.8305	0.06700000000012096	TimeIntervals	Lick
884.93075	0.09999999999990905	TimeIntervals	Lick
885.1307500000001	0.06674999999984266	TimeIntervals	Lick
885.5307499999999	0.06674999999995634	TimeIntervals	Lick
885.7640000000001	0.10000000000002274	TimeIntervals	Lick
885.93075	0.06675000000007003	TimeIntervals	Lick
886.1310000000002	0.09999999999979536	TimeIntervals	Lick
886.731	0.2332499999998845	TimeIntervals	Lick
886.9975000000001	0.09999999999979536	TimeIntervals	Lick
887.69775	0.06675000000007003	TimeIntervals	Lick
887.9644999999999	0.0665000000000191	TimeIntervals	Lick
889.0645	0.06675000000018372	TimeIntervals	Lick
889.498	0.09999999999990905	TimeIntervals	Lick
890.0315	0.06649999999990541	TimeIntervals	Lick
891.0315	0.06674999999995634	TimeIntervals	Lick
891.2315000000001	0.03350000000000364	TimeIntervals	Lick
891.3982500000002	0.1002499999998463	TimeIntervals	Lick
891.5317500000001	0.09999999999990905	TimeIntervals	Lick
891.965	0.06675000000007003	TimeIntervals	Lick
892.5649999999999	0.06700000000012096	TimeIntervals	Lick
892.8320000000001	0.09999999999990905	TimeIntervals	Lick
892.9985	0.09999999999990905	TimeIntervals	Lick
893.8320000000001	0.06674999999995634	TimeIntervals	Lick
894.0655	0.2665000000000646	TimeIntervals	Lick
894.3655000000001	0.09999999999990905	TimeIntervals	Lick
895.3655000000001	0.06674999999984266	TimeIntervals	Lick
895.599	0.09999999999990905	TimeIntervals	Lick
896.6657500000001	0.13325000000008913	TimeIntervals	Lick
900.033	0.06650000000013279	TimeIntervals	Lick
900.1995000000001	0.33349999999995816	TimeIntervals	Lick
901.8665000000001	0.09999999999990905	TimeIntervals	Lick
902.0	0.10000000000002274	TimeIntervals	Lick
902.1332500000001	0.10000000000002274	TimeIntervals	Lick
902.2665000000002	0.1999999999998181	TimeIntervals	Lick
902.5	0.1999999999999318	TimeIntervals	Lick
902.7335000000002	0.09999999999990905	TimeIntervals	Lick
902.8667500000001	0.09999999999990905	TimeIntervals	Lick
903.0	0.06674999999995634	TimeIntervals	Lick
903.1	0.09999999999990905	TimeIntervals	Lick
903.2335000000002	0.09999999999990905	TimeIntervals	Lick
903.5	0.06700000000000728	TimeIntervals	Lick
903.60025	0.10000000000002274	TimeIntervals	Lick
903.7335000000002	0.23349999999993543	TimeIntervals	Lick
903.9335000000001	0.06674999999984266	TimeIntervals	Reward
904.0002499999999	0.36675000000013824	TimeIntervals	Lick
904.4002500000001	0.1999999999998181	TimeIntervals	Lick
904.6334999999999	0.10025000000007367	TimeIntervals	Lick
904.7670000000002	0.06674999999995634	TimeIntervals	Lick
904.8670000000001	0.10000000000002274	TimeIntervals	Lick
905.0005000000001	0.1999999999999318	TimeIntervals	Lick
905.23375	0.10000000000013642	TimeIntervals	Lick
905.3670000000001	0.06674999999995634	TimeIntervals	Lick
905.4670000000001	0.23349999999993543	TimeIntervals	Lick
905.73375	0.2002500000000964	TimeIntervals	Lick
905.9672499999999	0.10000000000013642	TimeIntervals	Lick
906.1005	0.10000000000002274	TimeIntervals	Lick
906.234	0.20000000000004547	TimeIntervals	Lick
906.4672499999999	0.10000000000013642	TimeIntervals	Lick
906.6005	0.10000000000002274	TimeIntervals	Lick
906.734	0.10000000000013642	TimeIntervals	Lick
906.8675000000002	0.09999999999979536	TimeIntervals	Lick
907.0007499999999	0.10000000000002274	TimeIntervals	Lick
907.134	0.10000000000002274	TimeIntervals	Lick
907.3007500000002	0.09999999999979536	TimeIntervals	Lick
907.4340000000001	0.09999999999990905	TimeIntervals	Lick
907.5675000000001	0.09999999999990905	TimeIntervals	Lick
907.7007500000001	0.10000000000013642	TimeIntervals	Lick
907.8675000000002	0.09999999999979536	TimeIntervals	Lick
908.03425	0.10000000000002274	TimeIntervals	Lick
908.2675	0.10000000000013642	TimeIntervals	Lick
908.9675	0.06700000000000728	TimeIntervals	Lick
910.368	0.06649999999990541	TimeIntervals	Lick
910.5345	0.06674999999995634	TimeIntervals	Lick
910.8012500000001	0.09999999999990905	TimeIntervals	Lick
911.0680000000001	0.06649999999990541	TimeIntervals	Lick
911.1680000000001	0.09999999999990905	TimeIntervals	Lick
911.5680000000001	0.10000000000002274	TimeIntervals	Lick
912.0014999999999	0.20000000000027285	TimeIntervals	Lick
912.4015	0.06674999999984266	TimeIntervals	Lick
912.6682500000002	0.06674999999984266	TimeIntervals	Lick
912.9015	0.16675000000009277	TimeIntervals	Lick
913.135	0.10000000000002274	TimeIntervals	Lick
913.4685	0.13324999999997544	TimeIntervals	Lick
914.3350000000002	0.06674999999984266	TimeIntervals	Lick
915.7020000000001	0.10000000000002274	TimeIntervals	Lick
915.8355000000001	0.09999999999990905	TimeIntervals	Lick
915.96875	0.10000000000013642	TimeIntervals	Lick
916.1355	0.06650000000013279	TimeIntervals	Lick
916.2355	0.10000000000013642	TimeIntervals	Lick
916.402	0.06674999999995634	TimeIntervals	Lick
916.502	0.4670000000000982	TimeIntervals	Lick
917.0022499999999	0.20000000000027285	TimeIntervals	Lick
917.2355	0.10000000000013642	TimeIntervals	Lick
917.369	0.20000000000004547	TimeIntervals	Lick
917.60225	0.10000000000013642	TimeIntervals	Lick
917.7355	0.10000000000013642	TimeIntervals	Lick
917.869	0.10000000000002274	TimeIntervals	Lick
918.0024999999999	0.06650000000013279	TimeIntervals	Lick
918.0024999999999	0.03325000000006639	TimeIntervals	Reward
918.1025	0.10000000000013642	TimeIntervals	Lick
918.23575	0.16674999999997908	TimeIntervals	Lick
918.43575	0.06674999999995634	TimeIntervals	Lick
918.53575	0.20000000000004547	TimeIntervals	Lick
918.769	0.2002500000000964	TimeIntervals	Lick
919.0024999999999	0.20000000000015916	TimeIntervals	Lick
919.236	0.10000000000013642	TimeIntervals	Lick
919.3692500000001	0.10000000000002274	TimeIntervals	Lick
919.5024999999999	0.20000000000015916	TimeIntervals	Lick
919.736	0.10000000000013642	TimeIntervals	Lick
919.8692500000001	0.10000000000002274	TimeIntervals	Lick
920.0024999999999	0.10025000000007367	TimeIntervals	Lick
920.136	0.10000000000002274	TimeIntervals	Lick
920.2695000000001	0.13324999999986176	TimeIntervals	Lick
920.436	0.09999999999990905	TimeIntervals	Lick
920.5695000000001	0.09999999999990905	TimeIntervals	Lick
920.736	0.2999999999999545	TimeIntervals	Lick
921.0695000000001	0.09999999999990905	TimeIntervals	Lick
921.2030000000001	0.10000000000002274	TimeIntervals	Lick
921.3695	0.03350000000000364	TimeIntervals	Lick
921.63625	0.06675000000007003	TimeIntervals	Lick
921.7695000000001	0.1999999999999318	TimeIntervals	Lick
922.5365	0.09999999999990905	TimeIntervals	Lick
922.7030000000001	0.03350000000000364	TimeIntervals	Lick
923.5365	0.2335000000000491	TimeIntervals	Lick
924.5035	0.13324999999997544	TimeIntervals	Lick
925.2700000000001	0.10000000000002274	TimeIntervals	Lick
925.6702500000001	0.06674999999984266	TimeIntervals	Lick
926.37025	0.10000000000002274	TimeIntervals	Lick
926.737	0.10000000000025011	TimeIntervals	Lick
927.237	0.10000000000025011	TimeIntervals	Lick
927.6037500000001	0.10025000000007367	TimeIntervals	Lick
928.904	0.09999999999990905	TimeIntervals	Lick
930.2042500000001	0.10000000000002274	TimeIntervals	Lick
930.5374999999999	0.06675000000007003	TimeIntervals	Lick
930.7042500000001	0.13325000000008913	TimeIntervals	Lick
931.23775	0.10000000000013642	TimeIntervals	Lick
933.2380000000002	0.1334999999999127	TimeIntervals	Lick
936.8385	0.06675000000007003	TimeIntervals	Lick
937.83875	0.09999999999990905	TimeIntervals	Lick
939.0055000000001	0.06674999999995634	TimeIntervals	Lick
941.006	0.0665000000000191	TimeIntervals	Lick
942.4727499999999	0.06675000000018372	TimeIntervals	Lick
943.5062500000001	0.09999999999979536	TimeIntervals	Lick
944.3397500000001	0.09999999999979536	TimeIntervals	Lick
945.7732500000002	0.09999999999990905	TimeIntervals	Lick
946.17325	0.10000000000013642	TimeIntervals	Lick
946.3065	0.06700000000012096	TimeIntervals	Lick
946.4399999999999	0.06675000000018372	TimeIntervals	Lick
946.54	0.06675000000007003	TimeIntervals	Lick
946.6400000000001	0.09999999999990905	TimeIntervals	Lick
946.7735000000001	0.0665000000000191	TimeIntervals	Lick
946.8735000000001	0.09999999999979536	TimeIntervals	Lick
947.0067500000001	0.1999999999998181	TimeIntervals	Lick
947.24	0.1999999999999318	TimeIntervals	Lick
947.4735	0.06675000000007003	TimeIntervals	Lick
947.5735	0.10000000000002274	TimeIntervals	Lick
947.707	0.10000000000002274	TimeIntervals	Lick
947.84025	0.20000000000004547	TimeIntervals	Lick
948.04025	0.10000000000002274	TimeIntervals	Reward
948.0735	0.39999999999997726	TimeIntervals	Lick
948.5070000000001	0.06649999999990541	TimeIntervals	Lick
948.607	0.20000000000004547	TimeIntervals	Lick
948.8405	0.10000000000002274	TimeIntervals	Lick
948.97375	0.1999999999999318	TimeIntervals	Lick
949.207	0.20000000000004547	TimeIntervals	Lick
949.4405	0.09999999999990905	TimeIntervals	Lick
949.57375	0.2002500000000964	TimeIntervals	Lick
949.80725	0.23324999999999818	TimeIntervals	Lick
950.074	0.6000000000001364	TimeIntervals	Lick
950.70725	0.13350000000002638	TimeIntervals	Lick
950.8740000000001	0.09999999999990905	TimeIntervals	Lick
951.0075	0.09999999999990905	TimeIntervals	Lick
951.1407500000001	0.09999999999990905	TimeIntervals	Lick
951.574	0.06675000000018372	TimeIntervals	Lick
951.74075	0.10000000000002274	TimeIntervals	Lick
952.041	0.10000000000002274	TimeIntervals	Lick
952.2075	0.10000000000013642	TimeIntervals	Lick
952.7075	0.16675000000009277	TimeIntervals	Lick
952.941	0.06675000000007003	TimeIntervals	Lick
953.8745000000001	0.29999999999984084	TimeIntervals	Lick
955.7415000000001	0.0665000000000191	TimeIntervals	Lick
956.8415	0.06675000000007003	TimeIntervals	Lick
957.6750000000001	0.10000000000013642	TimeIntervals	Lick
959.37525	0.09999999999990905	TimeIntervals	Lick
964.3760000000002	0.09999999999979536	TimeIntervals	Lick
965.043	0.10000000000002274	TimeIntervals	Lick
965.7430000000002	0.09999999999979536	TimeIntervals	Lick
968.6099999999999	0.10000000000025011	TimeIntervals	Lick
969.3767500000001	0.1002499999998463	TimeIntervals	Lick
969.5102500000002	0.06675000000007003	TimeIntervals	Lick
969.61025	0.10000000000002274	TimeIntervals	Lick
969.7435	0.0667500000002974	TimeIntervals	Lick
969.8435000000001	0.06674999999984266	TimeIntervals	Lick
969.9435	0.10000000000002274	TimeIntervals	Lick
970.0770000000002	0.06649999999990541	TimeIntervals	Lick
970.11025	0.10000000000002274	TimeIntervals	Reward
970.177	0.3664999999999736	TimeIntervals	Lick
970.5770000000002	0.06674999999984266	TimeIntervals	Lick
970.677	0.20000000000004547	TimeIntervals	Lick
970.9104999999998	0.20000000000015916	TimeIntervals	Lick
971.1437500000001	0.1999999999999318	TimeIntervals	Lick
971.3770000000001	0.23349999999993543	TimeIntervals	Lick
971.644	0.06649999999990541	TimeIntervals	Lick
971.744	0.20000000000004547	TimeIntervals	Lick
971.97725	0.10000000000013642	TimeIntervals	Lick
972.1105	0.09999999999990905	TimeIntervals	Lick
972.244	0.10000000000002274	TimeIntervals	Lick
972.3772500000001	0.20000000000004547	TimeIntervals	Lick
972.6105	0.09999999999990905	TimeIntervals	Lick
972.744	0.2335000000000491	TimeIntervals	Lick
973.0107499999999	0.09999999999990905	TimeIntervals	Lick
973.1775	0.10000000000013642	TimeIntervals	Lick
973.4440000000001	0.10000000000002274	TimeIntervals	Lick
973.9775000000001	0.10000000000002274	TimeIntervals	Lick
974.3442500000001	0.13324999999997544	TimeIntervals	Lick
975.77775	0.03325000000018008	TimeIntervals	Lick
975.9445000000001	0.06649999999990541	TimeIntervals	Lick
976.0780000000001	0.10000000000002274	TimeIntervals	Lick
976.5112499999999	0.06675000000018372	TimeIntervals	Lick
976.8112500000002	0.09999999999979536	TimeIntervals	Lick
977.54475	0.09999999999990905	TimeIntervals	Lick
978.9782500000001	0.06674999999984266	TimeIntervals	Lick
979.0782500000001	0.09999999999990905	TimeIntervals	Lick
979.2115000000001	0.09999999999990905	TimeIntervals	Lick
979.345	0.06675000000018372	TimeIntervals	Lick
979.445	0.1999999999999318	TimeIntervals	Lick
979.6785000000002	0.09999999999990905	TimeIntervals	Lick
979.8117500000001	0.1999999999999318	TimeIntervals	Lick
980.045	0.20000000000015916	TimeIntervals	Lick
980.3117500000001	0.10000000000013642	TimeIntervals	Lick
980.445	0.06700000000000728	TimeIntervals	Lick
980.54525	0.09999999999990905	TimeIntervals	Lick
980.6785000000002	0.19999999999970441	TimeIntervals	Lick
980.9120000000001	0.09999999999990905	TimeIntervals	Lick
981.04525	0.09999999999990905	TimeIntervals	Lick
981.1785000000002	0.19999999999970441	TimeIntervals	Lick
981.1785000000002	0.06674999999972897	TimeIntervals	Reward
981.4120000000001	0.06649999999990541	TimeIntervals	Lick
981.5120000000001	0.06675000000007003	TimeIntervals	Lick
981.612	0.3000000000001819	TimeIntervals	Lick
981.9454999999999	0.1999999999999318	TimeIntervals	Lick
982.17875	0.3000000000000682	TimeIntervals	Lick
982.5120000000001	0.2002500000002101	TimeIntervals	Lick
982.7455	0.56675000000007	TimeIntervals	Lick
983.3455000000001	0.09999999999979536	TimeIntervals	Lick
983.4789999999999	0.40000000000020464	TimeIntervals	Lick
983.9124999999999	0.10000000000002274	TimeIntervals	Lick
984.1125000000001	0.0665000000000191	TimeIntervals	Lick
984.24575	0.1999999999999318	TimeIntervals	Lick
984.54575	0.06675000000007003	TimeIntervals	Lick
984.74575	0.13350000000002638	TimeIntervals	Lick
985.4459999999999	0.10000000000002274	TimeIntervals	Lick
986.1459999999998	0.13350000000002638	TimeIntervals	Lick
986.6459999999998	0.0667500000002974	TimeIntervals	Lick
987.3462500000003	0.13324999999986176	TimeIntervals	Lick
989.7464999999999	0.0667500000002974	TimeIntervals	Lick
990.6135	0.10000000000013642	TimeIntervals	Lick
990.9134999999999	0.06650000000013279	TimeIntervals	Lick
991.8470000000002	0.09999999999968168	TimeIntervals	Lick
993.0137500000001	0.06674999999995634	TimeIntervals	Lick
993.5805	0.10000000000025011	TimeIntervals	Lick
999.7815000000002	0.06649999999990541	TimeIntervals	Lick
999.8815000000003	0.09999999999979536	TimeIntervals	Lick
1000.0147500000002	0.10000000000002274	TimeIntervals	Lick
1000.1479999999999	0.10025000000030104	TimeIntervals	Lick
1000.2815000000002	0.10000000000013642	TimeIntervals	Lick
1000.4150000000001	0.10000000000002274	TimeIntervals	Lick
1000.5482499999998	0.20000000000038654	TimeIntervals	Lick
1000.7815000000002	0.1999999999999318	TimeIntervals	Lick
1001.0150000000001	0.06649999999990541	TimeIntervals	Lick
1001.115	0.10000000000002274	TimeIntervals	Lick
1001.2482500000002	0.10024999999995998	TimeIntervals	Lick
1001.3817500000002	0.1999999999999318	TimeIntervals	Lick
1001.615	0.10000000000002274	TimeIntervals	Lick
1001.7485	0.10000000000013642	TimeIntervals	Lick
1001.8817500000002	0.1999999999999318	TimeIntervals	Lick
1002.115	0.10000000000002274	TimeIntervals	Lick
1002.215	0.06675000000007003	TimeIntervals	Reward
1002.2485	0.29999999999984084	TimeIntervals	Lick
1002.5820000000001	0.20000000000015916	TimeIntervals	Lick
1002.8152500000001	0.20000000000015916	TimeIntervals	Lick
1003.0484999999999	0.20000000000015916	TimeIntervals	Lick
1003.2820000000003	0.09999999999990905	TimeIntervals	Lick
1003.41525	0.2002500000000964	TimeIntervals	Lick
1003.6487500000001	0.10000000000013642	TimeIntervals	Lick
1003.7820000000003	0.09999999999990905	TimeIntervals	Lick
1003.9155	0.10000000000013642	TimeIntervals	Lick
1004.0487499999999	0.10000000000013642	TimeIntervals	Lick
1004.182	0.10000000000025011	TimeIntervals	Lick
1004.3155	0.13324999999986176	TimeIntervals	Lick
1004.482	0.10000000000013642	TimeIntervals	Lick
1004.6490000000001	0.06649999999990541	TimeIntervals	Lick
1004.8155	0.06675000000041109	TimeIntervals	Lick
1005.0822499999999	0.06675000000018372	TimeIntervals	Lick
1005.349	0.06649999999990541	TimeIntervals	Lick
1005.9489999999997	0.10000000000025011	TimeIntervals	Lick
1006.31575	0.10000000000013642	TimeIntervals	Lick
1006.71575	0.13350000000025375	TimeIntervals	Lick
1007.2160000000001	0.06649999999990541	TimeIntervals	Lick
1007.3492500000002	0.09999999999979536	TimeIntervals	Lick
1009.3830000000004	0.0999999999994543	TimeIntervals	Lick
