onset	duration	nwb_table	event_type
10.11725	0.10000000000000142	TimeIntervals	Lick
11.250750000000002	0.09999999999999787	TimeIntervals	Lick
13.284500000000001	0.09999999999999964	TimeIntervals	Lick
13.417749999999998	0.06675000000000608	TimeIntervals	Lick
13.551	0.06674999999999898	TimeIntervals	Lick
13.6845	0.10000000000000142	TimeIntervals	Lick
13.851250000000002	0.09999999999999787	TimeIntervals	Lick
13.984500000000004	0.06674999999999542	TimeIntervals	Lick
14.084500000000002	0.09999999999999787	TimeIntervals	Lick
14.218000000000002	0.06649999999999956	TimeIntervals	Lick
14.318000000000001	0.09999999999999787	TimeIntervals	Lick
14.45125	0.3332500000000014	TimeIntervals	Lick
14.818000000000001	0.09999999999999787	TimeIntervals	Lick
14.951500000000001	0.09999999999999787	TimeIntervals	Lick
15.084750000000001	0.09999999999999964	TimeIntervals	Lick
15.218000000000002	0.1999999999999993	TimeIntervals	Lick
15.484750000000002	0.0667499999999972	TimeIntervals	Lick
15.584750000000003	1.0667499999999954	TimeIntervals	Lick
15.617999999999999	0.033500000000000085	TimeIntervals	Reward
16.685	0.33325000000000315	TimeIntervals	Lick
17.051499999999997	0.267000000000003	TimeIntervals	Lick
17.35175	0.23324999999999818	TimeIntervals	Lick
17.6185	0.2665000000000006	TimeIntervals	Lick
17.951750000000004	0.09999999999999787	TimeIntervals	Lick
18.084999999999997	0.13349999999999795	TimeIntervals	Lick
18.251999999999995	0.10000000000000497	TimeIntervals	Lick
18.38525	0.13325000000000387	TimeIntervals	Lick
18.552	0.16649999999999565	TimeIntervals	Lick
18.752	0.10000000000000142	TimeIntervals	Lick
18.88525	0.10000000000000497	TimeIntervals	Lick
19.052	0.06650000000000134	TimeIntervals	Lick
19.218499999999995	0.06700000000000372	TimeIntervals	Lick
19.3855	0.06650000000000134	TimeIntervals	Lick
19.7855	0.06650000000000134	TimeIntervals	Lick
19.8855	0.3332499999999996	TimeIntervals	Lick
20.251999999999995	0.13350000000000506	TimeIntervals	Lick
20.619	0.09999999999999787	TimeIntervals	Lick
20.819000000000003	0.06649999999999778	TimeIntervals	Lick
21.152250000000002	0.1667500000000004	TimeIntervals	Lick
21.3855	0.06674999999999898	TimeIntervals	Lick
22.152500000000003	0.09999999999999787	TimeIntervals	Lick
23.41925	0.06674999999999898	TimeIntervals	Lick
23.5525	0.06675000000000608	TimeIntervals	Lick
23.85275	0.10000000000000142	TimeIntervals	Lick
24.35275	0.10000000000000142	TimeIntervals	Lick
24.686	0.10000000000000142	TimeIntervals	Lick
25.353	0.06650000000000134	TimeIntervals	Lick
25.5195	0.03349999999999653	TimeIntervals	Lick
26.252999999999997	0.10000000000000142	TimeIntervals	Lick
27.82	0.06650000000000134	TimeIntervals	Lick
27.986500000000003	0.033500000000000085	TimeIntervals	Lick
29.620250000000002	0.06674999999999898	TimeIntervals	Lick
29.987	0.10000000000000497	TimeIntervals	Lick
32.054	0.09999999999999432	TimeIntervals	Lick
35.321000000000005	0.09999999999999432	TimeIntervals	Lick
35.821250000000006	0.06674999999999187	TimeIntervals	Lick
36.854499999999994	0.10025000000000261	TimeIntervals	Lick
37.85475	0.06674999999999898	TimeIntervals	Lick
37.955	0.10000000000000142	TimeIntervals	Lick
38.1215	0.10000000000000853	TimeIntervals	Lick
38.82150000000001	0.06674999999999187	TimeIntervals	Lick
40.12175	0.10025000000000261	TimeIntervals	Lick
40.75525	0.03325000000000955	TimeIntervals	Lick
42.32200000000001	0.06699999999999307	TimeIntervals	Lick
42.455499999999994	0.03350000000000364	TimeIntervals	Lick
42.5555	0.09999999999999432	TimeIntervals	Lick
42.689	0.06649999999999068	TimeIntervals	Lick
42.822250000000004	0.06674999999999898	TimeIntervals	Lick
42.955499999999994	0.06675000000000608	TimeIntervals	Lick
43.089	0.066500000000012	TimeIntervals	Lick
43.22225	0.03324999999998823	TimeIntervals	Lick
43.289	0.10000000000000142	TimeIntervals	Lick
43.4225	0.20000000000000284	TimeIntervals	Lick
43.65575000000001	0.23324999999999108	TimeIntervals	Lick
43.955749999999995	0.20000000000001705	TimeIntervals	Lick
44.189	0.10000000000000142	TimeIntervals	Lick
44.3225	0.06650000000000489	TimeIntervals	Lick
44.4225	0.10000000000000142	TimeIntervals	Lick
44.556	0.10000000000000853	TimeIntervals	Lick
44.656000000000006	0.09999999999999432	TimeIntervals	Reward
44.68925000000001	2.6002499999999955	TimeIntervals	Lick
47.323	0.10000000000000142	TimeIntervals	Lick
47.45625	0.26675000000001603	TimeIntervals	Lick
47.75625000000001	0.10025000000000261	TimeIntervals	Lick
47.88975	0.09999999999999432	TimeIntervals	Lick
48.022999999999996	0.10000000000000142	TimeIntervals	Lick
48.156499999999994	0.10000000000001563	TimeIntervals	Lick
48.28975000000001	0.2667499999999876	TimeIntervals	Lick
48.58975	0.10000000000000142	TimeIntervals	Lick
48.72300000000001	0.2669999999999888	TimeIntervals	Lick
49.02325	0.2667500000000089	TimeIntervals	Lick
49.32325000000001	0.09999999999999432	TimeIntervals	Lick
49.4565	0.10000000000000142	TimeIntervals	Lick
49.59	0.13325000000000387	TimeIntervals	Lick
49.75650000000001	0.10000000000000142	TimeIntervals	Lick
49.89	0.13349999999999795	TimeIntervals	Lick
50.05675	0.10000000000000142	TimeIntervals	Lick
50.19	0.10000000000000853	TimeIntervals	Lick
50.32350000000001	0.13324999999998255	TimeIntervals	Lick
50.49	0.13350000000000506	TimeIntervals	Lick
50.69	0.06675000000000608	TimeIntervals	Lick
51.0235	0.36675000000000324	TimeIntervals	Lick
51.456999999999994	0.10000000000001563	TimeIntervals	Lick
51.82350000000001	0.06674999999999187	TimeIntervals	Lick
51.990249999999996	0.06675000000001319	TimeIntervals	Lick
52.257	0.06675000000000608	TimeIntervals	Lick
52.52375	0.1667500000000004	TimeIntervals	Lick
53.05700000000001	0.10000000000000142	TimeIntervals	Lick
53.1905	0.09999999999999432	TimeIntervals	Lick
53.657250000000005	0.06674999999999187	TimeIntervals	Lick
53.92400000000001	0.09999999999998721	TimeIntervals	Lick
54.3905	0.1002499999999884	TimeIntervals	Lick
54.79075	0.06674999999999898	TimeIntervals	Lick
55.324000000000005	0.10000000000000142	TimeIntervals	Lick
56.624500000000005	0.10000000000000142	TimeIntervals	Lick
56.791	0.06675000000000608	TimeIntervals	Lick
56.9245	0.06649999999999778	TimeIntervals	Lick
57.4245	0.09999999999999432	TimeIntervals	Lick
57.55775	0.06674999999999187	TimeIntervals	Lick
57.691	0.06700000000000728	TimeIntervals	Lick
57.8245	0.10000000000000142	TimeIntervals	Lick
59.158	0.06674999999999898	TimeIntervals	Lick
59.62475	0.10000000000000142	TimeIntervals	Lick
60.65825000000001	0.09999999999999432	TimeIntervals	Lick
62.992	0.06650000000000489	TimeIntervals	Lick
63.125249999999994	0.06674999999999898	TimeIntervals	Lick
63.258750000000006	0.06674999999999187	TimeIntervals	Lick
63.492	0.10000000000000142	TimeIntervals	Lick
64.659	0.10000000000000853	TimeIntervals	Lick
64.79225000000001	0.06674999999998477	TimeIntervals	Lick
64.89225	0.10000000000000853	TimeIntervals	Lick
65.0255	0.09999999999999432	TimeIntervals	Lick
65.159	0.06650000000000489	TimeIntervals	Lick
65.25900000000001	0.3334999999999866	TimeIntervals	Lick
65.659	0.19999999999998863	TimeIntervals	Lick
65.89250000000001	0.23324999999996976	TimeIntervals	Lick
66.159	0.06674999999999898	TimeIntervals	Lick
66.25900000000001	0.0999999999999801	TimeIntervals	Lick
66.39250000000001	0.09999999999999432	TimeIntervals	Lick
66.526	0.09999999999999432	TimeIntervals	Lick
66.65924999999999	0.10000000000002274	TimeIntervals	Lick
66.726	0.06650000000000489	TimeIntervals	Reward
66.7925	1.2670000000000101	TimeIntervals	Lick
68.09275000000001	0.5332499999999953	TimeIntervals	Lick
68.65950000000001	0.13349999999999795	TimeIntervals	Lick
68.82624999999999	0.1332500000000323	TimeIntervals	Lick
68.99300000000001	0.09999999999999432	TimeIntervals	Lick
69.12625000000001	0.13324999999998965	TimeIntervals	Lick
69.293	0.13324999999998965	TimeIntervals	Lick
69.49300000000001	0.09999999999999432	TimeIntervals	Lick
69.62625000000001	0.0999999999999801	TimeIntervals	Lick
69.7595	0.1002499999999884	TimeIntervals	Lick
69.9265	0.06650000000000489	TimeIntervals	Lick
70.15975000000002	0.13324999999998965	TimeIntervals	Lick
70.393	0.26675000000001603	TimeIntervals	Lick
70.69300000000001	0.03349999999998943	TimeIntervals	Lick
70.75975	0.10025000000000261	TimeIntervals	Lick
70.89325	0.13325000000000387	TimeIntervals	Lick
71.26	0.06649999999999068	TimeIntervals	Lick
71.49325	0.10000000000000853	TimeIntervals	Lick
72.22675000000001	0.06674999999999898	TimeIntervals	Lick
72.99350000000001	0.13349999999998374	TimeIntervals	Lick
74.427	0.0999999999999801	TimeIntervals	Lick
76.02724999999998	0.10000000000002274	TimeIntervals	Lick
77.06075	0.06675000000001319	TimeIntervals	Lick
79.0945	0.06650000000000489	TimeIntervals	Lick
80.76150000000001	0.0999999999999801	TimeIntervals	Reward
80.928	1.3670000000000044	TimeIntervals	Lick
82.32824999999998	1.1335000000000264	TimeIntervals	Lick
83.495	0.2667500000000018	TimeIntervals	Lick
83.795	0.09999999999999432	TimeIntervals	Lick
83.9285	0.09999999999999432	TimeIntervals	Lick
84.06200000000001	0.2664999999999935	TimeIntervals	Lick
84.36200000000001	0.5332499999999811	TimeIntervals	Lick
84.9285	0.09999999999999432	TimeIntervals	Lick
85.06200000000001	0.10000000000000853	TimeIntervals	Lick
85.1955	0.26650000000000773	TimeIntervals	Lick
85.4955	0.10000000000000853	TimeIntervals	Lick
85.62875000000003	0.2667499999999876	TimeIntervals	Lick
85.92875000000001	0.09999999999999432	TimeIntervals	Lick
86.06200000000001	0.13350000000001216	TimeIntervals	Lick
86.229	0.09999999999999432	TimeIntervals	Lick
86.39550000000001	0.09999999999999432	TimeIntervals	Lick
86.56225	0.06675000000001319	TimeIntervals	Lick
86.76225	0.10000000000000853	TimeIntervals	Lick
87.16225000000001	0.06674999999998477	TimeIntervals	Lick
87.7625	0.36650000000001626	TimeIntervals	Lick
88.36250000000001	0.10000000000000853	TimeIntervals	Lick
88.496	0.10000000000000853	TimeIntervals	Lick
88.79599999999999	0.03325000000000955	TimeIntervals	Lick
88.896	0.3000000000000256	TimeIntervals	Lick
89.69600000000003	0.06674999999998477	TimeIntervals	Lick
89.896	0.09999999999999432	TimeIntervals	Lick
90.2295	0.06649999999999068	TimeIntervals	Lick
90.62950000000001	0.09999999999999432	TimeIntervals	Lick
90.89625000000001	0.06674999999999898	TimeIntervals	Lick
91.39625000000001	0.09999999999999432	TimeIntervals	Lick
91.56299999999999	0.03325000000002376	TimeIntervals	Lick
91.66300000000001	0.10000000000000853	TimeIntervals	Lick
91.7965	0.09999999999999432	TimeIntervals	Lick
91.92975000000001	0.06674999999998477	TimeIntervals	Lick
92.02974999999999	0.16675000000002171	TimeIntervals	Lick
92.22975000000001	0.09999999999999432	TimeIntervals	Lick
92.363	0.10000000000000853	TimeIntervals	Lick
92.4965	0.2332500000000124	TimeIntervals	Lick
92.76300000000002	0.06699999999997885	TimeIntervals	Lick
92.86325000000001	0.10000000000000853	TimeIntervals	Lick
92.9965	0.10000000000000853	TimeIntervals	Lick
93.13000000000001	0.09999999999999432	TimeIntervals	Lick
93.26325	0.10000000000000853	TimeIntervals	Lick
93.3965	0.10000000000000853	TimeIntervals	Lick
93.53	0.10000000000000853	TimeIntervals	Lick
93.66325000000002	1.9669999999999987	TimeIntervals	Lick
93.76325	0.10000000000000853	TimeIntervals	Reward
95.66350000000003	0.6334999999999695	TimeIntervals	Lick
96.33049999999999	0.10000000000002274	TimeIntervals	Lick
96.46375000000002	0.10000000000000853	TimeIntervals	Lick
96.597	0.10000000000000853	TimeIntervals	Lick
96.7305	0.0999999999999801	TimeIntervals	Lick
96.86375	0.10000000000002274	TimeIntervals	Lick
96.99700000000001	0.0999999999999801	TimeIntervals	Lick
97.13050000000001	0.23349999999999227	TimeIntervals	Lick
97.39725	0.10000000000000853	TimeIntervals	Lick
97.5305	0.10000000000000853	TimeIntervals	Lick
97.66400000000002	0.13324999999998965	TimeIntervals	Lick
97.83049999999999	0.10000000000002274	TimeIntervals	Lick
97.96400000000001	0.10000000000000853	TimeIntervals	Lick
98.09725000000002	0.13324999999998965	TimeIntervals	Lick
98.264	0.10000000000000853	TimeIntervals	Lick
98.39750000000001	0.13325000000000387	TimeIntervals	Lick
98.56400000000002	0.09999999999999432	TimeIntervals	Lick
98.6975	0.09999999999999432	TimeIntervals	Lick
98.864	0.30000000000001137	TimeIntervals	Lick
99.46425	0.06674999999999898	TimeIntervals	Lick
99.93100000000001	0.06649999999999068	TimeIntervals	Lick
100.1975	0.06674999999999898	TimeIntervals	Lick
100.33099999999999	0.0665000000000191	TimeIntervals	Lick
100.63100000000001	0.06675000000001319	TimeIntervals	Lick
100.79775	0.06675000000001319	TimeIntervals	Lick
102.29799999999999	0.0665000000000191	TimeIntervals	Lick
102.43125	0.03324999999999534	TimeIntervals	Lick
103.66475000000001	0.09999999999999432	TimeIntervals	Lick
103.79799999999999	0.06700000000000728	TimeIntervals	Lick
103.93150000000001	0.06674999999998477	TimeIntervals	Lick
104.16500000000002	0.06649999999997647	TimeIntervals	Lick
104.79825	0.10025000000001683	TimeIntervals	Lick
105.19850000000001	0.09999999999999432	TimeIntervals	Lick
105.5985	0.10000000000000853	TimeIntervals	Lick
105.865	0.06675000000001319	TimeIntervals	Lick
106.06525	0.06675000000001319	TimeIntervals	Lick
106.46525000000001	0.09999999999999432	TimeIntervals	Lick
106.96525000000001	0.06674999999998477	TimeIntervals	Lick
107.29875000000001	0.06674999999998477	TimeIntervals	Lick
107.39875	0.10000000000000853	TimeIntervals	Lick
107.59875	0.10000000000002274	TimeIntervals	Lick
107.832	0.06675000000001319	TimeIntervals	Lick
107.99875000000002	0.06674999999999898	TimeIntervals	Lick
108.19900000000003	0.0999999999999659	TimeIntervals	Lick
108.3655	0.06675000000001319	TimeIntervals	Lick
108.49900000000001	0.09999999999999432	TimeIntervals	Lick
108.63225	0.09999999999999432	TimeIntervals	Lick
108.7655	0.09999999999999432	TimeIntervals	Lick
108.899	0.26650000000000773	TimeIntervals	Lick
109.19900000000003	0.06649999999997647	TimeIntervals	Lick
109.29899999999999	0.10000000000000853	TimeIntervals	Lick
109.43250000000002	0.13324999999997544	TimeIntervals	Lick
109.599	0.10000000000002274	TimeIntervals	Lick
109.73249999999999	0.10000000000000853	TimeIntervals	Lick
109.86575	0.10000000000000853	TimeIntervals	Lick
109.99900000000001	0.09999999999999432	TimeIntervals	Lick
110.13250000000001	0.0999999999999801	TimeIntervals	Lick
110.26575000000001	0.2667499999999876	TimeIntervals	Lick
110.566	0.10000000000000853	TimeIntervals	Lick
110.69925	0.13324999999998965	TimeIntervals	Lick
110.866	0.0665000000000191	TimeIntervals	Lick
110.96600000000001	0.09999999999999432	TimeIntervals	Lick
111.09925	0.10000000000000853	TimeIntervals	Lick
111.23249999999999	0.10000000000000853	TimeIntervals	Lick
111.366	0.10000000000000853	TimeIntervals	Lick
111.49950000000001	0.09999999999999432	TimeIntervals	Lick
111.63275	0.3332500000000067	TimeIntervals	Lick
111.99950000000001	0.09999999999999432	TimeIntervals	Lick
112.13275	0.09999999999999432	TimeIntervals	Lick
112.26600000000002	0.2667499999999876	TimeIntervals	Lick
112.566	0.10025000000000261	TimeIntervals	Lick
112.8995	0.06675000000001319	TimeIntervals	Lick
113.26625000000001	0.09999999999999432	TimeIntervals	Lick
113.633	0.06674999999999898	TimeIntervals	Lick
114.39975	0.10000000000000853	TimeIntervals	Lick
114.733	0.06699999999999307	TimeIntervals	Lick
114.96650000000001	0.06674999999999898	TimeIntervals	Lick
115.83324999999999	0.0667500000000274	TimeIntervals	Lick
115.96675	0.06674999999999898	TimeIntervals	Lick
117.06700000000001	0.10000000000000853	TimeIntervals	Lick
117.8335	0.13350000000001216	TimeIntervals	Lick
118.00025	0.10025000000001683	TimeIntervals	Lick
118.16700000000002	0.06674999999998477	TimeIntervals	Lick
118.66700000000002	0.0999999999999801	TimeIntervals	Lick
119.33399999999999	0.10000000000002274	TimeIntervals	Lick
119.50049999999999	0.06675000000001319	TimeIntervals	Lick
119.734	0.13325000000001808	TimeIntervals	Lick
121.034	0.10000000000000853	TimeIntervals	Lick
121.46750000000002	0.06674999999998477	TimeIntervals	Lick
122.56774999999999	0.10000000000002274	TimeIntervals	Lick
123.36775000000002	0.10000000000000853	TimeIntervals	Lick
123.50100000000002	0.1002499999999884	TimeIntervals	Lick
123.6345	0.06675000000001319	TimeIntervals	Lick
123.768	0.06649999999997647	TimeIntervals	Lick
123.86800000000001	0.06650000000000489	TimeIntervals	Lick
123.968	0.29999999999999716	TimeIntervals	Lick
124.30125	0.10000000000000853	TimeIntervals	Lick
124.43450000000001	0.0999999999999801	TimeIntervals	Lick
124.56800000000001	0.19999999999998863	TimeIntervals	Lick
124.80150000000002	0.06649999999999068	TimeIntervals	Lick
124.9015	0.10000000000000853	TimeIntervals	Lick
125.03475	0.09999999999999432	TimeIntervals	Lick
125.16800000000002	0.0999999999999801	TimeIntervals	Lick
125.30150000000002	0.23324999999998397	TimeIntervals	Lick
125.56800000000001	0.06674999999998477	TimeIntervals	Lick
125.7015	0.10000000000002274	TimeIntervals	Lick
125.835	2.733500000000035	TimeIntervals	Lick
125.86825	0.03324999999999534	TimeIntervals	Reward
128.60199999999998	0.10000000000002274	TimeIntervals	Lick
128.73525	0.1332500000000323	TimeIntervals	Lick
128.90200000000002	0.09999999999999432	TimeIntervals	Lick
129.0355	0.5332499999999811	TimeIntervals	Lick
129.60199999999998	0.10000000000002274	TimeIntervals	Lick
129.7355	0.30000000000001137	TimeIntervals	Lick
130.06875	0.1002499999999884	TimeIntervals	Lick
130.30225000000002	0.06675000000001319	TimeIntervals	Lick
130.43550000000002	0.06674999999998477	TimeIntervals	Lick
131.10225	0.06674999999998477	TimeIntervals	Lick
131.20225	0.10025000000001683	TimeIntervals	Lick
131.83575000000002	0.06674999999998477	TimeIntervals	Lick
132.736	0.1332500000000323	TimeIntervals	Lick
132.9025	0.06674999999998477	TimeIntervals	Lick
133.036	0.06649999999999068	TimeIntervals	Lick
133.20250000000001	0.033499999999975216	TimeIntervals	Lick
133.70274999999998	0.10000000000002274	TimeIntervals	Lick
134.73624999999998	0.10000000000002274	TimeIntervals	Lick
135.203	0.13325000000000387	TimeIntervals	Lick
136.80325000000002	0.09999999999999432	TimeIntervals	Lick
136.97000000000003	0.09999999999999432	TimeIntervals	Lick
137.17	0.03325000000000955	TimeIntervals	Lick
137.83675	0.10000000000002274	TimeIntervals	Lick
138.2035	0.10000000000002274	TimeIntervals	Lick
139.40350000000004	0.09999999999993747	TimeIntervals	Lick
139.57025000000002	0.06674999999998477	TimeIntervals	Lick
139.73700000000002	0.06649999999999068	TimeIntervals	Lick
140.5705	0.13325000000000387	TimeIntervals	Lick
141.037	0.1002499999999884	TimeIntervals	Lick
141.23725000000002	0.06674999999998477	TimeIntervals	Lick
141.87050000000002	0.06674999999998477	TimeIntervals	Lick
142.33749999999998	0.06650000000004752	TimeIntervals	Lick
142.504	0.03350000000003206	TimeIntervals	Lick
142.6375	0.06650000000004752	TimeIntervals	Lick
142.77075000000002	0.06674999999995634	TimeIntervals	Lick
142.87075000000002	0.09999999999999432	TimeIntervals	Lick
143.004	0.09999999999999432	TimeIntervals	Lick
143.17075	0.10000000000002274	TimeIntervals	Lick
143.304	0.10025000000001683	TimeIntervals	Lick
143.4375	0.06674999999998477	TimeIntervals	Lick
143.53750000000002	0.2335000000000207	TimeIntervals	Lick
143.80425	0.10000000000002274	TimeIntervals	Lick
143.9375	0.10000000000002274	TimeIntervals	Lick
144.07100000000003	0.20000000000001705	TimeIntervals	Lick
144.30425	0.26675000000003024	TimeIntervals	Lick
144.60449999999997	0.10000000000005116	TimeIntervals	Lick
144.73775	0.10000000000002274	TimeIntervals	Lick
144.87100000000004	2.4004999999999654	TimeIntervals	Lick
144.87100000000004	0.0999999999999659	TimeIntervals	Reward
147.30475	0.10000000000002274	TimeIntervals	Lick
147.43800000000002	0.09999999999999432	TimeIntervals	Lick
147.57150000000001	0.09999999999999432	TimeIntervals	Lick
147.705	0.09999999999999432	TimeIntervals	Lick
147.83825000000002	0.39999999999997726	TimeIntervals	Lick
148.2715	0.10000000000002274	TimeIntervals	Lick
148.40500000000003	0.0999999999999659	TimeIntervals	Lick
148.53825	0.09999999999999432	TimeIntervals	Lick
148.6715	0.13349999999999795	TimeIntervals	Lick
148.83850000000004	0.09999999999993747	TimeIntervals	Lick
148.97175000000001	0.09999999999999432	TimeIntervals	Lick
149.105	0.2667500000000018	TimeIntervals	Lick
149.40500000000003	0.0999999999999659	TimeIntervals	Lick
149.5385	0.10000000000002274	TimeIntervals	Lick
149.67174999999997	0.2667500000000018	TimeIntervals	Lick
150.00525	0.2332500000000266	TimeIntervals	Lick
150.30525000000003	0.09999999999999432	TimeIntervals	Lick
150.43849999999998	0.10000000000002274	TimeIntervals	Lick
150.60525	0.06674999999998477	TimeIntervals	Lick
150.77200000000002	0.0665000000000191	TimeIntervals	Lick
150.93849999999998	0.0670000000000357	TimeIntervals	Lick
151.10549999999998	0.23325000000005502	TimeIntervals	Lick
151.472	0.06674999999998477	TimeIntervals	Lick
152.03875	0.10025000000001683	TimeIntervals	Lick
152.4055	0.06675000000001319	TimeIntervals	Lick
152.839	0.13325000000000387	TimeIntervals	Lick
153.139	0.09999999999999432	TimeIntervals	Lick
153.639	0.06675000000001319	TimeIntervals	Lick
154.039	0.06675000000001319	TimeIntervals	Lick
155.0725	0.09999999999999432	TimeIntervals	Lick
155.23925000000003	0.06674999999998477	TimeIntervals	Lick
155.4395	0.0999999999999659	TimeIntervals	Lick
155.97275000000002	0.0999999999999659	TimeIntervals	Lick
156.106	0.06675000000001319	TimeIntervals	Lick
156.27275000000003	0.0999999999999659	TimeIntervals	Lick
156.573	0.06649999999999068	TimeIntervals	Lick
156.673	0.10000000000002274	TimeIntervals	Lick
156.9395	0.0999999999999659	TimeIntervals	Lick
157.30625000000003	0.06674999999998477	TimeIntervals	Lick
158.0065	0.0665000000000191	TimeIntervals	Lick
158.173	0.06675000000001319	TimeIntervals	Lick
158.94	0.09999999999999432	TimeIntervals	Lick
159.07325	0.06675000000001319	TimeIntervals	Lick
159.17325	0.10000000000002274	TimeIntervals	Lick
159.97350000000003	0.09999999999999432	TimeIntervals	Lick
160.74	0.06675000000001319	TimeIntervals	Lick
160.8735	0.06674999999998477	TimeIntervals	Lick
161.007	0.0665000000000191	TimeIntervals	Lick
161.107	0.10000000000002274	TimeIntervals	Lick
161.24025	0.06675000000001319	TimeIntervals	Lick
161.34025000000003	0.19999999999998863	TimeIntervals	Lick
161.57350000000002	0.06674999999995634	TimeIntervals	Lick
161.6735	0.10000000000005116	TimeIntervals	Lick
161.80700000000002	0.09999999999999432	TimeIntervals	Lick
161.97375000000002	0.09999999999999432	TimeIntervals	Lick
162.107	0.30000000000001137	TimeIntervals	Lick
162.4405	0.10000000000005116	TimeIntervals	Lick
162.57375000000002	0.09999999999999432	TimeIntervals	Lick
162.70700000000002	0.09999999999999432	TimeIntervals	Lick
162.8405	0.0665000000000191	TimeIntervals	Lick
162.9405	0.10000000000005116	TimeIntervals	Lick
162.97375000000002	0.10025000000001683	TimeIntervals	Reward
163.07400000000004	2.300249999999977	TimeIntervals	Lick
165.4075	0.10000000000002274	TimeIntervals	Lick
165.54100000000003	0.09999999999993747	TimeIntervals	Lick
165.67425	0.10000000000002274	TimeIntervals	Lick
165.8075	0.26675000000003024	TimeIntervals	Lick
166.1075	0.10000000000002274	TimeIntervals	Lick
166.241	0.10000000000002274	TimeIntervals	Lick
166.3745	0.09999999999999432	TimeIntervals	Lick
166.50775000000002	0.0999999999999659	TimeIntervals	Lick
166.64099999999996	0.10000000000005116	TimeIntervals	Lick
166.77450000000002	0.09999999999999432	TimeIntervals	Lick
166.90774999999996	0.10000000000005116	TimeIntervals	Lick
167.04100000000003	0.09999999999993747	TimeIntervals	Lick
167.1745	0.36675000000002456	TimeIntervals	Lick
167.5745	0.2667500000000018	TimeIntervals	Lick
167.8745	0.13349999999999795	TimeIntervals	Lick
168.04125000000002	0.09999999999999432	TimeIntervals	Lick
168.1745	0.13350000000002638	TimeIntervals	Lick
168.34125	0.06674999999998477	TimeIntervals	Lick
168.44125000000003	0.1002499999999884	TimeIntervals	Lick
168.708	0.10000000000002274	TimeIntervals	Lick
169.008	0.06675000000001319	TimeIntervals	Lick
169.6415	0.13349999999999795	TimeIntervals	Lick
169.84150000000002	0.06674999999995634	TimeIntervals	Lick
170.00825	0.03325000000000955	TimeIntervals	Lick
170.40824999999998	0.06675000000004161	TimeIntervals	Lick
170.5415	0.06674999999995634	TimeIntervals	Lick
171.00850000000003	0.09999999999993747	TimeIntervals	Lick
171.37500000000003	0.09999999999999432	TimeIntervals	Lick
171.675	0.10000000000002274	TimeIntervals	Lick
171.97525	0.06674999999998477	TimeIntervals	Lick
172.942	0.0999999999999659	TimeIntervals	Lick
173.07549999999998	0.0665000000000191	TimeIntervals	Lick
173.20875000000004	0.06675000000001319	TimeIntervals	Lick
173.30875	0.09999999999999432	TimeIntervals	Lick
173.442	0.4334999999999809	TimeIntervals	Lick
173.90875	0.20025000000001114	TimeIntervals	Lick
174.14225000000002	0.10000000000002274	TimeIntervals	Lick
174.27550000000005	0.09999999999993747	TimeIntervals	Lick
174.40899999999996	0.10000000000005116	TimeIntervals	Lick
174.54225	0.23325000000005502	TimeIntervals	Lick
174.80900000000003	0.09999999999993747	TimeIntervals	Lick
174.94225	2.467250000000007	TimeIntervals	Lick
175.04225	0.10025000000001683	TimeIntervals	Reward
177.44275	0.36674999999999613	TimeIntervals	Lick
177.84275000000002	0.0999999999999659	TimeIntervals	Lick
177.976	0.5335000000000036	TimeIntervals	Lick
178.54299999999998	0.10000000000005116	TimeIntervals	Lick
178.67624999999998	0.10000000000005116	TimeIntervals	Lick
178.80949999999999	0.23349999999999227	TimeIntervals	Lick
179.07625000000002	0.0999999999999659	TimeIntervals	Lick
179.20950000000002	0.0999999999999659	TimeIntervals	Lick
179.34300000000005	0.0999999999999659	TimeIntervals	Lick
179.47625	0.10025000000001683	TimeIntervals	Lick
179.60975000000002	0.2667499999999734	TimeIntervals	Lick
179.90975	0.09999999999999432	TimeIntervals	Lick
180.04299999999998	0.13350000000002638	TimeIntervals	Lick
180.20975000000004	0.0999999999999659	TimeIntervals	Lick
180.3765	0.09999999999999432	TimeIntervals	Lick
180.50975	0.13349999999999795	TimeIntervals	Lick
180.6765	0.13349999999999795	TimeIntervals	Lick
180.84325	0.09999999999999432	TimeIntervals	Lick
181.04325	0.06675000000001319	TimeIntervals	Lick
181.21000000000004	0.0999999999999659	TimeIntervals	Lick
181.51	0.13325000000000387	TimeIntervals	Lick
181.77675000000002	0.06674999999998477	TimeIntervals	Lick
181.87675	0.4000000000000341	TimeIntervals	Lick
182.3435	0.09999999999999432	TimeIntervals	Lick
182.61	0.06675000000001319	TimeIntervals	Lick
182.977	0.06649999999999068	TimeIntervals	Lick
183.31025	0.06675000000004161	TimeIntervals	Lick
184.14374999999998	0.06675000000004161	TimeIntervals	Lick
184.27700000000004	0.06674999999998477	TimeIntervals	Lick
184.41049999999998	0.10000000000002274	TimeIntervals	Lick
184.577	0.06674999999998477	TimeIntervals	Lick
184.74375000000003	0.09999999999999432	TimeIntervals	Lick
185.17725000000002	0.06674999999998477	TimeIntervals	Lick
186.11075	0.10000000000002274	TimeIntervals	Lick
186.71075000000002	0.09999999999999432	TimeIntervals	Lick
187.77750000000003	0.06674999999998477	TimeIntervals	Lick
188.0775	0.06675000000001319	TimeIntervals	Lick
188.211	0.09999999999999432	TimeIntervals	Lick
188.411	0.06675000000001319	TimeIntervals	Lick
188.64450000000002	0.06649999999999068	TimeIntervals	Lick
188.97775000000001	0.06674999999998477	TimeIntervals	Lick
189.111	0.06675000000001319	TimeIntervals	Lick
189.211	0.09999999999999432	TimeIntervals	Lick
189.3445	0.06675000000001319	TimeIntervals	Lick
189.4445	0.09999999999999432	TimeIntervals	Lick
189.578	0.09999999999999432	TimeIntervals	Lick
189.71125	0.06675000000001319	TimeIntervals	Lick
189.81125	0.10000000000002274	TimeIntervals	Lick
189.9445	0.09999999999999432	TimeIntervals	Lick
190.078	0.09999999999999432	TimeIntervals	Lick
190.21125	0.09999999999999432	TimeIntervals	Lick
190.3445	0.36700000000001864	TimeIntervals	Lick
190.74475	0.19999999999998863	TimeIntervals	Lick
190.97800000000004	0.0999999999999659	TimeIntervals	Lick
191.11149999999998	0.10000000000005116	TimeIntervals	Lick
191.24475	0.09999999999999432	TimeIntervals	Lick
191.37800000000001	0.19999999999998863	TimeIntervals	Lick
191.61149999999998	0.2335000000000491	TimeIntervals	Lick
191.87825000000004	0.1999999999999602	TimeIntervals	Lick
192.11149999999998	0.366750000000053	TimeIntervals	Lick
192.51149999999998	0.20025000000001114	TimeIntervals	Lick
192.77850000000004	0.06649999999999068	TimeIntervals	Lick
192.91175	0.09999999999999432	TimeIntervals	Lick
193.045	0.10000000000002274	TimeIntervals	Lick
193.1785	0.10000000000002274	TimeIntervals	Lick
193.31175000000002	0.09999999999999432	TimeIntervals	Lick
193.44500000000002	0.0999999999999659	TimeIntervals	Lick
193.61175000000003	0.06674999999998477	TimeIntervals	Lick
193.912	0.03325000000000955	TimeIntervals	Lick
194.04524999999998	0.06675000000004161	TimeIntervals	Lick
194.412	0.13324999999997544	TimeIntervals	Lick
194.8785	0.10025000000001683	TimeIntervals	Lick
195.17875	0.09999999999999432	TimeIntervals	Lick
195.34550000000002	0.06649999999999068	TimeIntervals	Lick
195.4455	0.13324999999997544	TimeIntervals	Lick
196.27900000000002	0.09999999999999432	TimeIntervals	Lick
197.37900000000002	0.09999999999999432	TimeIntervals	Lick
197.54575000000003	0.06674999999995634	TimeIntervals	Lick
197.77900000000002	0.13349999999999795	TimeIntervals	Lick
198.11249999999998	0.06675000000001319	TimeIntervals	Lick
198.346	0.0665000000000191	TimeIntervals	Lick
198.846	0.0665000000000191	TimeIntervals	Lick
198.94600000000003	0.09999999999999432	TimeIntervals	Lick
199.24600000000007	0.06674999999995634	TimeIntervals	Lick
199.94600000000003	0.06674999999995634	TimeIntervals	Lick
200.07950000000002	0.0999999999999659	TimeIntervals	Lick
200.44625	0.10000000000002274	TimeIntervals	Lick
201.44650000000001	0.06649999999996226	TimeIntervals	Lick
201.5465	0.09999999999999432	TimeIntervals	Lick
201.71300000000002	0.03350000000000364	TimeIntervals	Lick
201.81300000000002	0.06675000000004161	TimeIntervals	Lick
202.01299999999998	0.06675000000004161	TimeIntervals	Lick
202.1465	0.0665000000000191	TimeIntervals	Lick
202.27975000000004	0.06674999999998477	TimeIntervals	Lick
202.37975000000006	0.06674999999995634	TimeIntervals	Lick
202.47975000000002	0.06674999999998477	TimeIntervals	Lick
202.58	0.20000000000001705	TimeIntervals	Lick
202.81325	0.06675000000004161	TimeIntervals	Lick
202.94650000000001	0.36674999999999613	TimeIntervals	Lick
203.34650000000002	0.09999999999999432	TimeIntervals	Lick
203.48000000000002	0.06649999999999068	TimeIntervals	Lick
203.58	0.09999999999999432	TimeIntervals	Lick
203.71350000000004	0.09999999999993747	TimeIntervals	Lick
203.84675000000001	0.09999999999999432	TimeIntervals	Lick
203.98000000000002	0.06674999999998477	TimeIntervals	Lick
204.08	0.13350000000002638	TimeIntervals	Lick
204.14675	0.03325000000000955	TimeIntervals	Reward
204.24675000000002	1.5667499999999563	TimeIntervals	Lick
205.847	0.09999999999999432	TimeIntervals	Lick
205.98049999999998	0.20000000000001705	TimeIntervals	Lick
206.21375000000003	0.0999999999999659	TimeIntervals	Lick
206.347	0.09999999999999432	TimeIntervals	Lick
206.48049999999998	0.10000000000005116	TimeIntervals	Lick
206.61374999999998	0.10000000000005116	TimeIntervals	Lick
206.74700000000004	0.0999999999999659	TimeIntervals	Lick
206.8805	0.0999999999999659	TimeIntervals	Lick
207.014	0.36650000000000205	TimeIntervals	Lick
207.414	0.1332500000000323	TimeIntervals	Lick
207.58050000000003	0.0999999999999659	TimeIntervals	Lick
207.74725	0.10000000000002274	TimeIntervals	Lick
207.8805	0.06674999999998477	TimeIntervals	Lick
208.014	0.0999999999999659	TimeIntervals	Lick
208.34750000000003	0.06649999999996226	TimeIntervals	Lick
208.48075	0.06675000000001319	TimeIntervals	Lick
208.9475	0.10000000000002274	TimeIntervals	Lick
209.51425	0.06675000000001319	TimeIntervals	Lick
210.281	0.06675000000001319	TimeIntervals	Lick
210.981	0.10000000000002274	TimeIntervals	Lick
211.281	0.06700000000000728	TimeIntervals	Lick
211.4145	0.06675000000001319	TimeIntervals	Lick
211.548	0.06649999999999068	TimeIntervals	Lick
211.8145	0.06674999999998477	TimeIntervals	Lick
211.98125000000002	0.06674999999998477	TimeIntervals	Lick
212.148	0.0665000000000191	TimeIntervals	Lick
212.71475	0.13325000000000387	TimeIntervals	Lick
212.88150000000002	0.06649999999999068	TimeIntervals	Lick
213.54825000000002	0.0999999999999659	TimeIntervals	Lick
214.4815	0.09999999999999432	TimeIntervals	Lick
214.615	0.06675000000001319	TimeIntervals	Lick
215.0485	0.10000000000002274	TimeIntervals	Lick
215.3485	0.06649999999999068	TimeIntervals	Lick
215.78200000000004	0.0999999999999659	TimeIntervals	Lick
216.4485	0.06674999999998477	TimeIntervals	Lick
216.58200000000002	0.033249999999952706	TimeIntervals	Lick
216.7485	0.10025000000001683	TimeIntervals	Lick
216.882	0.06675000000001319	TimeIntervals	Lick
217.182	0.06675000000004161	TimeIntervals	Lick
217.34875000000002	0.09999999999999432	TimeIntervals	Lick
217.482	0.10000000000002274	TimeIntervals	Lick
219.11574999999996	0.06675000000004161	TimeIntervals	Lick
219.38250000000002	0.06649999999999068	TimeIntervals	Lick
221.31600000000003	0.0999999999999659	TimeIntervals	Lick
221.4495	0.06649999999999068	TimeIntervals	Lick
221.71600000000004	0.09999999999999432	TimeIntervals	Lick
223.74975	0.09999999999999432	TimeIntervals	Lick
224.61649999999997	0.10000000000005116	TimeIntervals	Lick
226.717	0.09999999999999432	TimeIntervals	Lick
226.85025	0.06674999999998477	TimeIntervals	Lick
226.95025000000004	0.0999999999999659	TimeIntervals	Lick
227.25025000000002	0.06674999999998477	TimeIntervals	Lick
227.35025	0.10000000000005116	TimeIntervals	Lick
227.55025	0.06674999999998477	TimeIntervals	Lick
228.68374999999997	0.06675000000001319	TimeIntervals	Lick
228.78375000000003	0.1002499999999884	TimeIntervals	Lick
228.91724999999997	0.06675000000004161	TimeIntervals	Lick
230.984	0.09999999999999432	TimeIntervals	Lick
231.11749999999998	0.06675000000001319	TimeIntervals	Lick
231.21750000000003	0.09999999999999432	TimeIntervals	Lick
231.35100000000003	0.06649999999996226	TimeIntervals	Lick
231.45100000000002	0.06649999999999068	TimeIntervals	Lick
231.55100000000002	0.1999999999999602	TimeIntervals	Lick
231.78425000000001	0.06675000000001319	TimeIntervals	Lick
231.88425	0.19999999999998863	TimeIntervals	Lick
232.11749999999998	0.10025000000001683	TimeIntervals	Lick
232.25099999999998	0.06675000000001319	TimeIntervals	Lick
232.35100000000003	0.06674999999998477	TimeIntervals	Lick
232.45100000000002	0.09999999999999432	TimeIntervals	Lick
232.58449999999996	0.2332500000000266	TimeIntervals	Lick
232.85100000000003	0.06674999999998477	TimeIntervals	Lick
232.95100000000002	0.09999999999999432	TimeIntervals	Lick
233.08449999999996	0.10000000000005116	TimeIntervals	Lick
233.1845	0.03324999999998113	TimeIntervals	Reward
233.21775	1.333750000000009	TimeIntervals	Lick
234.58475	0.4332499999999868	TimeIntervals	Lick
235.0515	0.0999999999999659	TimeIntervals	Lick
235.18474999999998	0.10000000000005116	TimeIntervals	Lick
235.318	0.0999999999999659	TimeIntervals	Lick
235.4515	0.799999999999983	TimeIntervals	Lick
236.28500000000003	0.0999999999999659	TimeIntervals	Lick
236.41825	0.13325000000000387	TimeIntervals	Lick
236.585	0.09999999999999432	TimeIntervals	Lick
236.7185	0.09999999999999432	TimeIntervals	Lick
236.85175	0.09999999999999432	TimeIntervals	Lick
237.01850000000002	0.09999999999999432	TimeIntervals	Lick
237.185	0.06674999999998477	TimeIntervals	Lick
237.3185	0.06649999999999068	TimeIntervals	Lick
237.55175000000003	0.06674999999998477	TimeIntervals	Lick
237.88524999999998	0.10000000000002274	TimeIntervals	Lick
238.6185	0.06674999999998477	TimeIntervals	Lick
241.119	0.10000000000002274	TimeIntervals	Lick
241.2525	0.06649999999999068	TimeIntervals	Lick
241.41900000000004	0.06674999999998477	TimeIntervals	Lick
242.45250000000004	0.09999999999999432	TimeIntervals	Lick
242.58599999999998	0.06649999999999068	TimeIntervals	Lick
242.786	0.06649999999999068	TimeIntervals	Lick
242.98600000000002	0.0665000000000191	TimeIntervals	Lick
243.11925000000002	0.06674999999998477	TimeIntervals	Lick
243.286	0.06675000000001319	TimeIntervals	Lick
243.4195	0.0665000000000191	TimeIntervals	Lick
243.6195	0.0665000000000191	TimeIntervals	Lick
243.886	0.06675000000001319	TimeIntervals	Lick
244.48625	0.09999999999999432	TimeIntervals	Lick
244.653	0.0665000000000191	TimeIntervals	Lick
244.75300000000001	0.10000000000002274	TimeIntervals	Lick
244.88625000000002	0.09999999999999432	TimeIntervals	Lick
245.35300000000004	0.06674999999995634	TimeIntervals	Lick
245.48649999999998	0.0665000000000191	TimeIntervals	Lick
246.85325000000003	0.09999999999999432	TimeIntervals	Lick
247.12	0.0665000000000191	TimeIntervals	Lick
247.65349999999998	0.10000000000005116	TimeIntervals	Lick
248.22000000000003	0.0999999999999659	TimeIntervals	Lick
249.62025	0.10000000000002274	TimeIntervals	Lick
249.75350000000003	0.06699999999997885	TimeIntervals	Lick
250.08700000000002	0.13349999999996953	TimeIntervals	Lick
251.1205	0.09999999999999432	TimeIntervals	Lick
251.45400000000004	0.09999999999999432	TimeIntervals	Lick
251.6205	0.06675000000004161	TimeIntervals	Lick
251.7205	0.10000000000002274	TimeIntervals	Lick
251.854	0.10000000000002274	TimeIntervals	Lick
251.98750000000004	0.13324999999994702	TimeIntervals	Lick
252.154	0.06675000000001319	TimeIntervals	Lick
252.254	0.10000000000002274	TimeIntervals	Lick
252.42075000000003	0.06675000000001319	TimeIntervals	Lick
253.121	0.09999999999999432	TimeIntervals	Lick
255.35450000000003	0.10000000000002274	TimeIntervals	Lick
255.7545	0.06674999999998477	TimeIntervals	Lick
256.6215	0.06649999999996226	TimeIntervals	Lick
256.9214999999999	0.0665000000000191	TimeIntervals	Lick
257.05475	0.06675000000001319	TimeIntervals	Lick
257.188	0.03350000000000364	TimeIntervals	Lick
257.28799999999995	0.06675000000001319	TimeIntervals	Lick
257.55499999999995	0.03325000000006639	TimeIntervals	Lick
258.48824999999994	0.10025000000001683	TimeIntervals	Lick
258.62175	0.09999999999990905	TimeIntervals	Lick
258.9885	0.03325000000000955	TimeIntervals	Lick
259.2885	0.0665000000000191	TimeIntervals	Lick
259.42175	0.06675000000001319	TimeIntervals	Lick
259.55499999999995	0.06700000000006412	TimeIntervals	Lick
259.6885	0.06674999999995634	TimeIntervals	Lick
259.822	0.06649999999996226	TimeIntervals	Lick
259.92199999999997	0.0665000000000191	TimeIntervals	Lick
260.08849999999995	0.06675000000007003	TimeIntervals	Lick
260.222	0.0665000000000191	TimeIntervals	Lick
260.35524999999996	0.06675000000001319	TimeIntervals	Lick
260.4885	0.0999999999999659	TimeIntervals	Lick
260.65525	0.06674999999995634	TimeIntervals	Lick
260.78875000000005	0.06674999999995634	TimeIntervals	Lick
260.9555	0.0665000000000191	TimeIntervals	Lick
261.122	0.0999999999999659	TimeIntervals	Lick
261.42199999999997	0.03350000000000364	TimeIntervals	Lick
261.622	0.06674999999995634	TimeIntervals	Lick
261.78875000000005	0.06674999999995634	TimeIntervals	Lick
262.0555	0.10000000000002274	TimeIntervals	Lick
263.15575	0.06675000000001319	TimeIntervals	Lick
263.2557499999999	0.06675000000007003	TimeIntervals	Lick
263.389	0.30000000000001137	TimeIntervals	Lick
263.7225	0.0999999999999659	TimeIntervals	Lick
263.85575	0.30025000000000546	TimeIntervals	Lick
264.18925	0.0999999999999659	TimeIntervals	Lick
264.3225	0.0999999999999659	TimeIntervals	Lick
264.45599999999996	0.3332500000000209	TimeIntervals	Lick
264.8225	0.06674999999995634	TimeIntervals	Lick
264.95599999999996	0.0665000000000191	TimeIntervals	Lick
265.056	1.0335000000000036	TimeIntervals	Lick
265.22274999999996	0.033249999999952706	TimeIntervals	Reward
266.12275	0.20024999999998272	TimeIntervals	Lick
266.35625	0.43325000000004366	TimeIntervals	Lick
266.823	0.10000000000002274	TimeIntervals	Lick
266.95625	0.46674999999999045	TimeIntervals	Lick
267.4565	0.6332499999999754	TimeIntervals	Lick
268.12300000000005	0.1334999999999127	TimeIntervals	Lick
268.28975	0.10024999999995998	TimeIntervals	Lick
268.42324999999994	0.10000000000002274	TimeIntervals	Lick
268.5899999999999	0.03325000000006639	TimeIntervals	Lick
268.69	0.10000000000002274	TimeIntervals	Lick
268.8565	0.2667500000000018	TimeIntervals	Lick
269.15650000000005	0.09999999999990905	TimeIntervals	Lick
269.42324999999994	0.06675000000001319	TimeIntervals	Lick
269.55675	0.06674999999995634	TimeIntervals	Lick
269.89	0.06675000000001319	TimeIntervals	Lick
270.3235	0.0999999999999659	TimeIntervals	Lick
271.457	0.06649999999996226	TimeIntervals	Lick
271.9237499999999	0.10000000000002274	TimeIntervals	Lick
273.6905	0.06674999999995634	TimeIntervals	Lick
275.52424999999994	0.10000000000007958	TimeIntervals	Lick
275.6575	0.06674999999995634	TimeIntervals	Lick
275.82425	0.03325000000000955	TimeIntervals	Lick
275.991	0.0665000000000191	TimeIntervals	Lick
276.3245	0.10000000000007958	TimeIntervals	Lick
276.45775000000003	0.06674999999995634	TimeIntervals	Lick
276.6245	0.06649999999996226	TimeIntervals	Lick
276.75775	0.06675000000001319	TimeIntervals	Lick
276.891	0.06675000000001319	TimeIntervals	Lick
277.0245	0.06649999999990541	TimeIntervals	Lick
277.15775	0.06674999999995634	TimeIntervals	Lick
277.29124999999993	0.06675000000001319	TimeIntervals	Lick
277.4245000000001	0.06674999999995634	TimeIntervals	Lick
277.558	0.0665000000000191	TimeIntervals	Lick
277.7245	0.06674999999995634	TimeIntervals	Lick
277.89124999999996	0.06675000000007003	TimeIntervals	Lick
278.0245	0.06674999999995634	TimeIntervals	Lick
278.158	0.06649999999996226	TimeIntervals	Lick
278.2915	0.10000000000002274	TimeIntervals	Lick
278.62475	0.06674999999995634	TimeIntervals	Lick
278.72475	0.10000000000002274	TimeIntervals	Lick
278.92475	0.03325000000000955	TimeIntervals	Lick
279.45825	0.1332499999999186	TimeIntervals	Lick
280.125	0.0999999999999659	TimeIntervals	Lick
280.525	0.06675000000001319	TimeIntervals	Lick
280.8585	0.0665000000000191	TimeIntervals	Lick
280.99175	0.0667499999998995	TimeIntervals	Lick
281.1585	0.06649999999996226	TimeIntervals	Lick
281.325	0.06675000000001319	TimeIntervals	Lick
281.425	0.06675000000001319	TimeIntervals	Lick
281.525	0.16699999999997317	TimeIntervals	Lick
281.72524999999996	0.06675000000001319	TimeIntervals	Lick
281.8585	0.06675000000001319	TimeIntervals	Lick
282.02524999999997	0.06674999999995634	TimeIntervals	Lick
282.1585	0.06674999999995634	TimeIntervals	Lick
282.292	0.0665000000000191	TimeIntervals	Lick
283.0255	0.06649999999990541	TimeIntervals	Lick
283.12550000000005	0.06649999999990541	TimeIntervals	Lick
283.25874999999996	0.06675000000001319	TimeIntervals	Lick
283.69199999999995	0.10025000000001683	TimeIntervals	Lick
283.8589999999999	0.06650000000013279	TimeIntervals	Lick
284.0255	0.06674999999995634	TimeIntervals	Lick
284.25899999999996	0.0999999999999659	TimeIntervals	Lick
284.42550000000006	0.06674999999995634	TimeIntervals	Lick
284.59225	0.06675000000001319	TimeIntervals	Lick
284.72549999999995	0.10000000000002274	TimeIntervals	Lick
284.99249999999995	0.06650000000007594	TimeIntervals	Lick
285.12575000000004	0.0999999999999659	TimeIntervals	Lick
285.29249999999996	0.10000000000002274	TimeIntervals	Lick
285.45900000000006	0.06674999999995634	TimeIntervals	Lick
285.62575000000004	0.06674999999995634	TimeIntervals	Lick
285.8589999999999	0.06675000000007003	TimeIntervals	Lick
286.25925	0.06675000000001319	TimeIntervals	Lick
286.99249999999995	0.10025000000007367	TimeIntervals	Lick
287.15950000000004	0.033249999999952706	TimeIntervals	Lick
287.42600000000004	0.0999999999999659	TimeIntervals	Lick
287.5595	0.06649999999996226	TimeIntervals	Lick
287.65950000000004	0.06649999999996226	TimeIntervals	Lick
287.7595	0.30000000000001137	TimeIntervals	Lick
288.09275	0.10024999999995998	TimeIntervals	Lick
288.22625000000005	0.0999999999999659	TimeIntervals	Lick
288.35949999999997	0.20000000000004547	TimeIntervals	Lick
288.593	0.3332499999999641	TimeIntervals	Lick
288.95950000000005	0.23349999999993543	TimeIntervals	Lick
289.22625000000005	0.10024999999995998	TimeIntervals	Lick
289.2595	0.10025000000001683	TimeIntervals	Reward
289.35975	1.9667499999999905	TimeIntervals	Lick
291.36	0.0999999999999659	TimeIntervals	Lick
291.4935	0.0999999999999659	TimeIntervals	Lick
291.62675	0.0999999999999659	TimeIntervals	Lick
291.76	0.10000000000002274	TimeIntervals	Lick
291.8935000000001	0.09999999999990905	TimeIntervals	Lick
292.02675	0.10000000000002274	TimeIntervals	Lick
292.16	0.0999999999999659	TimeIntervals	Lick
292.2935	0.10000000000007958	TimeIntervals	Lick
292.42675	0.0999999999999659	TimeIntervals	Lick
292.55999999999995	0.3670000000000755	TimeIntervals	Lick
292.96025	0.36675000000002456	TimeIntervals	Lick
293.36025	0.36675000000002456	TimeIntervals	Lick
293.7604999999999	0.13325000000008913	TimeIntervals	Lick
293.927	0.10000000000002274	TimeIntervals	Lick
294.09375	0.0999999999999659	TimeIntervals	Lick
294.22700000000003	0.0999999999999659	TimeIntervals	Lick
294.52700000000004	0.06674999999995634	TimeIntervals	Lick
294.7939999999999	0.06650000000007594	TimeIntervals	Lick
294.96049999999997	0.06675000000007003	TimeIntervals	Lick
295.12725000000006	0.06674999999995634	TimeIntervals	Lick
295.86075000000005	0.0999999999999659	TimeIntervals	Lick
296.194	0.09999999999990905	TimeIntervals	Lick
296.76075	0.1332500000000323	TimeIntervals	Lick
296.9275	0.0999999999999659	TimeIntervals	Lick
298.22775	0.13324999999997544	TimeIntervals	Lick
298.3945	0.0665000000000191	TimeIntervals	Lick
298.79449999999997	0.10000000000002274	TimeIntervals	Lick
299.0945	0.10000000000002274	TimeIntervals	Lick
299.26125	0.06675000000001319	TimeIntervals	Lick
299.3945	0.10000000000007958	TimeIntervals	Lick
299.62800000000004	0.09999999999990905	TimeIntervals	Lick
299.96124999999995	0.1332500000000323	TimeIntervals	Lick
300.82800000000003	0.0999999999999659	TimeIntervals	Lick
301.16150000000005	0.06649999999990541	TimeIntervals	Lick
301.8615	0.06675000000001319	TimeIntervals	Lick
302.3615	0.13350000000002638	TimeIntervals	Lick
303.89525000000003	0.0999999999999659	TimeIntervals	Lick
305.3955	0.0999999999999659	TimeIntervals	Lick
306.4955	0.06674999999995634	TimeIntervals	Lick
306.6290000000001	0.06649999999990541	TimeIntervals	Lick
306.76225	0.06675000000001319	TimeIntervals	Lick
306.89575	0.16674999999992224	TimeIntervals	Lick
307.09574999999995	0.20000000000004547	TimeIntervals	Lick
307.329	0.3000000000000682	TimeIntervals	Lick
307.66249999999997	0.19999999999998863	TimeIntervals	Lick
307.89575	0.10024999999995998	TimeIntervals	Lick
308.02925000000005	0.1999999999999318	TimeIntervals	Lick
308.2625	0.0999999999999659	TimeIntervals	Lick
308.32925	0.06675000000001319	TimeIntervals	Reward
308.396	1.0	TimeIntervals	Lick
309.4295	0.3332500000000209	TimeIntervals	Lick
309.796	0.10000000000002274	TimeIntervals	Lick
309.9295	0.0999999999999659	TimeIntervals	Lick
310.06275	0.06675000000001319	TimeIntervals	Lick
310.16299999999995	0.6000000000000227	TimeIntervals	Lick
310.79625	0.10000000000002274	TimeIntervals	Lick
310.9295	0.0999999999999659	TimeIntervals	Lick
311.063	0.0999999999999659	TimeIntervals	Lick
311.19649999999996	0.23325000000011187	TimeIntervals	Lick
311.463	0.23349999999993543	TimeIntervals	Lick
311.72975	0.0999999999999659	TimeIntervals	Lick
311.863	0.13350000000002638	TimeIntervals	Lick
312.02975	0.4002500000000282	TimeIntervals	Lick
312.46325	0.06675000000001319	TimeIntervals	Lick
312.56325	0.3000000000000682	TimeIntervals	Lick
312.8965	0.06675000000001319	TimeIntervals	Lick
313.0965	0.0999999999999659	TimeIntervals	Lick
313.2965	0.03350000000000364	TimeIntervals	Lick
313.53000000000003	3.100499999999954	TimeIntervals	Lick
316.66375	0.7002500000000396	TimeIntervals	Lick
317.39725000000004	0.13324999999997544	TimeIntervals	Lick
317.5639999999999	0.06650000000007594	TimeIntervals	Lick
317.66400000000004	0.33349999999995816	TimeIntervals	Lick
318.03075000000007	0.0999999999999659	TimeIntervals	Lick
318.16400000000004	0.09999999999985221	TimeIntervals	Lick
318.36400000000003	0.06674999999995634	TimeIntervals	Lick
318.4975	0.0999999999999659	TimeIntervals	Lick
318.63075000000003	0.0999999999999659	TimeIntervals	Lick
318.7639999999999	0.10000000000013642	TimeIntervals	Lick
318.8975	0.43350000000003774	TimeIntervals	Lick
319.3975	0.10000000000002274	TimeIntervals	Lick
319.531	0.10000000000002274	TimeIntervals	Lick
319.66425000000004	0.1999999999999318	TimeIntervals	Lick
319.8975	0.10000000000002274	TimeIntervals	Lick
320.031	0.3667499999999677	TimeIntervals	Lick
320.3645	0.10000000000002274	TimeIntervals	Reward
320.431	3.1005000000000678	TimeIntervals	Lick
323.56499999999994	0.10000000000007958	TimeIntervals	Lick
323.69825	0.3667499999999677	TimeIntervals	Lick
324.09825	0.0999999999999659	TimeIntervals	Lick
324.2315	0.13350000000002638	TimeIntervals	Lick
324.3985	0.13324999999997544	TimeIntervals	Lick
324.56499999999994	0.06675000000007003	TimeIntervals	Lick
324.665	0.23349999999999227	TimeIntervals	Lick
324.9317500000001	0.13324999999986176	TimeIntervals	Lick
325.0985	0.09999999999990905	TimeIntervals	Lick
325.265	0.06675000000001319	TimeIntervals	Lick
325.3985	0.0665000000000191	TimeIntervals	Lick
325.7652499999999	0.8667500000001382	TimeIntervals	Lick
326.69875	0.06674999999995634	TimeIntervals	Lick
327.13200000000006	0.30000000000001137	TimeIntervals	Lick
327.59875000000005	0.5667499999998995	TimeIntervals	Lick
328.2655	0.06674999999995634	TimeIntervals	Lick
328.43225000000007	0.06674999999995634	TimeIntervals	Lick
328.63225	0.06674999999995634	TimeIntervals	Lick
328.86575	0.16675000000003593	TimeIntervals	Lick
329.3324999999999	0.10000000000013642	TimeIntervals	Lick
329.7325	0.09999999999990905	TimeIntervals	Lick
330.466	0.0665000000000191	TimeIntervals	Lick
330.566	0.10000000000002274	TimeIntervals	Lick
330.69925	0.06674999999995634	TimeIntervals	Lick
330.8324999999999	0.06675000000007003	TimeIntervals	Lick
330.93250000000006	0.10024999999995998	TimeIntervals	Lick
331.066	0.10000000000002274	TimeIntervals	Lick
331.23275	0.06675000000001319	TimeIntervals	Lick
331.33275	0.20000000000004547	TimeIntervals	Lick
331.566	0.10000000000002274	TimeIntervals	Lick
331.6995	0.10000000000002274	TimeIntervals	Lick
331.83275	0.20000000000004547	TimeIntervals	Lick
332.066	0.10025000000001683	TimeIntervals	Lick
332.1995	0.10000000000002274	TimeIntervals	Lick
332.333	2.766999999999939	TimeIntervals	Lick
332.4330000000001	0.09999999999985221	TimeIntervals	Reward
335.13325000000003	0.3667499999999677	TimeIntervals	Lick
335.5335	0.10000000000002274	TimeIntervals	Lick
335.66675	0.23325000000005502	TimeIntervals	Lick
335.93350000000004	0.23324999999994134	TimeIntervals	Lick
336.20000000000005	0.23349999999999227	TimeIntervals	Lick
336.46700000000004	0.09999999999990905	TimeIntervals	Lick
336.60024999999996	0.6667500000000359	TimeIntervals	Lick
337.30025	0.1332500000000323	TimeIntervals	Lick
337.50025	0.10024999999995998	TimeIntervals	Lick
337.63375	0.06675000000001319	TimeIntervals	Lick
337.73375	0.06674999999995634	TimeIntervals	Lick
337.83375	0.0999999999999659	TimeIntervals	Lick
337.96700000000004	0.1999999999999318	TimeIntervals	Lick
338.367	0.06674999999995634	TimeIntervals	Lick
338.5005	0.0999999999999659	TimeIntervals	Lick
339.0005	0.0999999999999659	TimeIntervals	Lick
339.30049999999994	0.06675000000007003	TimeIntervals	Lick
339.434	0.06649999999996226	TimeIntervals	Lick
339.70050000000003	0.10024999999990314	TimeIntervals	Lick
339.86749999999995	0.10000000000002274	TimeIntervals	Lick
340.034	0.06675000000001319	TimeIntervals	Lick
340.1675	0.06649999999996226	TimeIntervals	Lick
340.2675	0.0999999999999659	TimeIntervals	Lick
340.434	0.0999999999999659	TimeIntervals	Lick
340.56749999999994	0.10000000000007958	TimeIntervals	Lick
340.901	0.06649999999996226	TimeIntervals	Lick
341.03425	0.10000000000007958	TimeIntervals	Lick
341.1675	0.0999999999999659	TimeIntervals	Lick
341.30100000000004	0.0999999999999659	TimeIntervals	Lick
341.43425	0.23324999999999818	TimeIntervals	Lick
341.701	0.2999999999999545	TimeIntervals	Lick
342.0345	0.10000000000002274	TimeIntervals	Lick
342.16774999999996	0.23325000000005502	TimeIntervals	Lick
342.4345	0.3332499999999641	TimeIntervals	Lick
342.80100000000004	0.0999999999999659	TimeIntervals	Lick
342.9345	0.0999999999999659	TimeIntervals	Lick
343.0679999999999	0.10000000000002274	TimeIntervals	Lick
343.20124999999996	0.10000000000002274	TimeIntervals	Lick
343.33450000000005	0.0999999999999659	TimeIntervals	Lick
343.4345	0.0999999999999659	TimeIntervals	Reward
343.4680000000001	1.266749999999945	TimeIntervals	Lick
344.768	0.33350000000007185	TimeIntervals	Lick
345.13475000000005	0.10024999999990314	TimeIntervals	Lick
345.26824999999997	0.10000000000002274	TimeIntervals	Lick
345.40149999999994	0.10000000000007958	TimeIntervals	Lick
345.53499999999997	0.10000000000007958	TimeIntervals	Lick
345.66824999999994	0.7335000000000491	TimeIntervals	Lick
346.43500000000006	0.09999999999990905	TimeIntervals	Lick
346.5685	0.10000000000002274	TimeIntervals	Lick
346.70175	0.0999999999999659	TimeIntervals	Lick
346.835	0.10000000000007958	TimeIntervals	Lick
346.96849999999995	0.10000000000002274	TimeIntervals	Lick
347.10175000000004	0.0999999999999659	TimeIntervals	Lick
347.23499999999996	0.10000000000002274	TimeIntervals	Lick
347.3685	0.0999999999999659	TimeIntervals	Lick
347.50199999999995	0.26650000000000773	TimeIntervals	Lick
347.802	0.10000000000002274	TimeIntervals	Lick
347.93525000000005	0.09999999999990905	TimeIntervals	Lick
348.0685	0.10000000000002274	TimeIntervals	Lick
348.202	0.1332500000000323	TimeIntervals	Lick
348.3685	0.0999999999999659	TimeIntervals	Lick
348.50199999999995	0.06675000000001319	TimeIntervals	Lick
348.60200000000003	0.0999999999999659	TimeIntervals	Lick
348.76874999999995	0.06675000000007003	TimeIntervals	Lick
348.90200000000004	0.09999999999990905	TimeIntervals	Lick
349.1355	0.13324999999997544	TimeIntervals	Lick
349.3355	0.13324999999997544	TimeIntervals	Lick
349.53549999999996	0.06650000000007594	TimeIntervals	Lick
349.6355	0.13349999999996953	TimeIntervals	Lick
349.80224999999996	0.06675000000007003	TimeIntervals	Lick
349.93550000000005	0.23349999999993543	TimeIntervals	Lick
350.26899999999995	0.10000000000007958	TimeIntervals	Lick
350.43550000000005	0.09999999999990905	TimeIntervals	Lick
350.60225	0.0999999999999659	TimeIntervals	Lick
350.80249999999995	0.06650000000007594	TimeIntervals	Lick
350.93575	0.06675000000007003	TimeIntervals	Lick
351.069	0.06675000000007003	TimeIntervals	Lick
351.169	0.2667500000000018	TimeIntervals	Lick
351.669	0.06675000000001319	TimeIntervals	Lick
352.16925	0.10000000000002274	TimeIntervals	Lick
352.6025	0.10000000000002274	TimeIntervals	Lick
352.86925	0.06675000000001319	TimeIntervals	Lick
353.10275000000007	0.0667499999998995	TimeIntervals	Lick
353.236	0.06675000000001319	TimeIntervals	Lick
353.5695	0.166499999999985	TimeIntervals	Lick
353.83599999999996	0.5335000000000605	TimeIntervals	Lick
354.403	0.06649999999996226	TimeIntervals	Lick
354.53625	0.10000000000002274	TimeIntervals	Lick
354.66949999999997	0.10000000000002274	TimeIntervals	Lick
354.8695	0.0999999999999659	TimeIntervals	Lick
355.2364999999999	0.06650000000013279	TimeIntervals	Lick
355.403	0.06675000000001319	TimeIntervals	Lick
355.7364999999999	0.10000000000007958	TimeIntervals	Lick
356.2364999999999	0.10000000000007958	TimeIntervals	Lick
357.43675	0.0999999999999659	TimeIntervals	Lick
357.57	0.06675000000007003	TimeIntervals	Lick
357.8035	0.0665000000000191	TimeIntervals	Lick
357.93675	0.30000000000001137	TimeIntervals	Lick
358.2699999999999	0.10000000000007958	TimeIntervals	Lick
358.4035	0.06675000000001319	TimeIntervals	Lick
358.50350000000003	0.19999999999998863	TimeIntervals	Lick
358.737	0.19999999999998863	TimeIntervals	Lick
358.97025	0.09999999999990905	TimeIntervals	Lick
359.1035	0.10000000000002274	TimeIntervals	Lick
359.237	0.0999999999999659	TimeIntervals	Lick
359.37025	0.10000000000002274	TimeIntervals	Lick
359.50350000000003	1.8669999999999618	TimeIntervals	Lick
359.5369999999999	0.06675000000007003	TimeIntervals	Reward
361.404	0.33349999999995816	TimeIntervals	Lick
361.77074999999996	0.3332500000000209	TimeIntervals	Lick
362.1375000000001	0.09999999999985221	TimeIntervals	Lick
362.27074999999996	0.10000000000002274	TimeIntervals	Lick
362.404	0.10000000000002274	TimeIntervals	Lick
362.53749999999997	0.10000000000013642	TimeIntervals	Lick
362.67075	0.0999999999999659	TimeIntervals	Lick
362.80400000000003	0.10025000000001683	TimeIntervals	Lick
362.9375	0.7999999999999545	TimeIntervals	Lick
363.771	0.10000000000002274	TimeIntervals	Lick
363.90450000000004	0.0999999999999659	TimeIntervals	Lick
364.03775	0.3332500000000209	TimeIntervals	Lick
364.40450000000004	0.13324999999997544	TimeIntervals	Lick
364.57099999999997	0.10000000000002274	TimeIntervals	Lick
364.7045	0.10000000000002274	TimeIntervals	Lick
364.83774999999997	0.10000000000002274	TimeIntervals	Lick
365.0045	0.0999999999999659	TimeIntervals	Lick
365.17125	0.10000000000002274	TimeIntervals	Lick
365.3045	0.06674999999995634	TimeIntervals	Lick
365.438	0.0665000000000191	TimeIntervals	Lick
365.6045	0.2667500000000018	TimeIntervals	Lick
365.90450000000004	0.0999999999999659	TimeIntervals	Lick
366.07124999999996	0.06675000000007003	TimeIntervals	Lick
366.27149999999995	0.2665000000000646	TimeIntervals	Lick
366.60475	0.13324999999997544	TimeIntervals	Lick
366.97150000000005	0.0999999999999659	TimeIntervals	Lick
367.1715	0.06674999999995634	TimeIntervals	Lick
367.47150000000005	0.13349999999996953	TimeIntervals	Lick
367.73824999999994	0.40000000000009095	TimeIntervals	Lick
368.77174999999994	0.10000000000007958	TimeIntervals	Lick
369.305	0.06675000000001319	TimeIntervals	Lick
369.60524999999996	0.10000000000002274	TimeIntervals	Reward
369.70525	2.333750000000066	TimeIntervals	Lick
372.07225	0.4667500000000473	TimeIntervals	Lick
372.57225	0.10024999999995998	TimeIntervals	Lick
372.70575	0.3667499999999677	TimeIntervals	Lick
373.10574999999994	0.33325000000007776	TimeIntervals	Lick
373.4725	0.0999999999999659	TimeIntervals	Lick
373.60574999999994	0.10000000000007958	TimeIntervals	Lick
373.73900000000003	0.10024999999995998	TimeIntervals	Lick
373.87249999999995	0.10000000000007958	TimeIntervals	Lick
374.00600000000003	0.6332499999999754	TimeIntervals	Lick
374.67249999999996	0.40024999999997135	TimeIntervals	Lick
375.106	0.13350000000002638	TimeIntervals	Lick
375.306	0.20000000000004547	TimeIntervals	Lick
375.53950000000003	0.13324999999997544	TimeIntervals	Lick
375.7727499999999	0.13325000000014597	TimeIntervals	Lick
375.97299999999996	0.06650000000007594	TimeIntervals	Lick
376.10625	0.06675000000001319	TimeIntervals	Lick
376.5729999999999	0.10000000000007958	TimeIntervals	Lick
376.70625	0.10000000000002274	TimeIntervals	Lick
377.03950000000003	0.06699999999995043	TimeIntervals	Lick
377.40650000000005	0.06649999999990541	TimeIntervals	Lick
377.53974999999997	0.19999999999998863	TimeIntervals	Lick
377.8065	0.06649999999996226	TimeIntervals	Lick
377.90650000000005	0.06649999999990541	TimeIntervals	Lick
378.0065	0.36674999999991087	TimeIntervals	Lick
378.40650000000005	0.06674999999995634	TimeIntervals	Lick
378.5065	0.0999999999999659	TimeIntervals	Lick
378.64000000000004	0.19999999999998863	TimeIntervals	Lick
378.8732499999999	0.10000000000007958	TimeIntervals	Lick
379.0065	0.0999999999999659	TimeIntervals	Lick
379.14000000000004	0.09999999999990905	TimeIntervals	Lick
379.27349999999996	0.0999999999999659	TimeIntervals	Lick
379.40675	0.19999999999998863	TimeIntervals	Lick
379.60675	0.03325000000006639	TimeIntervals	Reward
379.64000000000004	1.1334999999999127	TimeIntervals	Lick
380.8070000000001	0.09999999999990905	TimeIntervals	Lick
380.94025000000005	0.6002499999999031	TimeIntervals	Lick
381.57375	0.0999999999999659	TimeIntervals	Lick
381.707	0.10000000000007958	TimeIntervals	Lick
381.8405	0.7334999999999354	TimeIntervals	Lick
382.60724999999996	0.10000000000002274	TimeIntervals	Lick
382.74050000000005	0.7999999999998977	TimeIntervals	Lick
383.57399999999996	0.13349999999996953	TimeIntervals	Lick
383.74075	0.0999999999999659	TimeIntervals	Lick
383.874	0.10000000000002274	TimeIntervals	Lick
384.1075	0.39999999999997726	TimeIntervals	Lick
384.57399999999996	0.06675000000007003	TimeIntervals	Lick
384.774	0.10025000000001683	TimeIntervals	Lick
385.041	0.0665000000000191	TimeIntervals	Lick
385.241	0.0665000000000191	TimeIntervals	Lick
385.341	0.3664999999999168	TimeIntervals	Lick
385.87449999999995	0.10000000000007958	TimeIntervals	Lick
386.00775	0.0999999999999659	TimeIntervals	Lick
386.30775	0.23324999999999818	TimeIntervals	Lick
387.0745	0.06674999999995634	TimeIntervals	Lick
387.208	0.06649999999996226	TimeIntervals	Lick
387.34125	0.06675000000001319	TimeIntervals	Lick
387.50800000000004	0.06649999999996226	TimeIntervals	Lick
388.0415	0.10000000000002274	TimeIntervals	Lick
388.8415	0.0665000000000191	TimeIntervals	Lick
389.275	0.0665000000000191	TimeIntervals	Lick
389.50825000000003	0.033249999999952706	TimeIntervals	Lick
389.8415	0.06675000000001319	TimeIntervals	Lick
390.17499999999995	0.16675000000003593	TimeIntervals	Lick
390.4085	0.06649999999996226	TimeIntervals	Lick
390.6085	0.10000000000002274	TimeIntervals	Lick
390.775	0.06675000000001319	TimeIntervals	Lick
392.07525000000004	0.09999999999990905	TimeIntervals	Lick
392.5755	0.10000000000002274	TimeIntervals	Lick
393.20875	0.0999999999999659	TimeIntervals	Lick
393.77549999999997	0.10000000000002274	TimeIntervals	Lick
393.9755	0.06675000000001319	TimeIntervals	Lick
394.67574999999994	0.06675000000007003	TimeIntervals	Lick
395.876	0.10000000000002274	TimeIntervals	Lick
396.476	0.1332500000000323	TimeIntervals	Lick
396.70925	0.13324999999997544	TimeIntervals	Lick
397.04274999999996	0.06675000000001319	TimeIntervals	Lick
397.17600000000004	0.09999999999990905	TimeIntervals	Lick
399.20975000000004	0.0999999999999659	TimeIntervals	Lick
399.37649999999996	0.03325000000006639	TimeIntervals	Lick
399.80975	0.16675000000003593	TimeIntervals	Lick
400.00975000000005	0.10000000000002274	TimeIntervals	Lick
400.14300000000003	0.10024999999995998	TimeIntervals	Lick
400.30999999999995	0.3000000000000682	TimeIntervals	Lick
400.64325	0.0999999999999659	TimeIntervals	Lick
400.77649999999994	0.10000000000002274	TimeIntervals	Lick
400.91	0.0665000000000191	TimeIntervals	Lick
401.01000000000005	0.1999999999999318	TimeIntervals	Lick
401.2435	0.0999999999999659	TimeIntervals	Lick
401.37674999999996	0.10000000000007958	TimeIntervals	Lick
401.51000000000005	0.06674999999995634	TimeIntervals	Lick
401.61	0.0999999999999659	TimeIntervals	Lick
401.7435	0.0999999999999659	TimeIntervals	Lick
401.87674999999996	0.10000000000007958	TimeIntervals	Lick
402.01000000000005	0.0999999999999659	TimeIntervals	Lick
402.1435000000001	0.09999999999990905	TimeIntervals	Lick
402.27674999999994	0.2002500000000964	TimeIntervals	Lick
402.51025000000004	0.10000000000002274	TimeIntervals	Lick
402.6435000000001	0.09999999999990905	TimeIntervals	Lick
402.77699999999993	0.10000000000002274	TimeIntervals	Lick
402.91025	0.10000000000002274	TimeIntervals	Lick
403.0435	0.10000000000007958	TimeIntervals	Lick
403.177	0.09999999999990905	TimeIntervals	Lick
403.31025000000005	0.10024999999990314	TimeIntervals	Lick
403.44374999999997	0.1332500000000323	TimeIntervals	Lick
403.61050000000006	0.06649999999996226	TimeIntervals	Lick
403.64375	0.03325000000000955	TimeIntervals	Reward
403.7105	1.6335000000000264	TimeIntervals	Lick
405.37724999999995	0.6002500000000737	TimeIntervals	Lick
406.01075	0.6667499999999791	TimeIntervals	Lick
406.71099999999996	0.2665000000000646	TimeIntervals	Lick
407.011	0.1332500000000323	TimeIntervals	Lick
407.17749999999995	0.06675000000007003	TimeIntervals	Lick
407.2774999999999	0.06675000000007003	TimeIntervals	Lick
407.37749999999994	0.10000000000007958	TimeIntervals	Lick
407.8445	0.10000000000007958	TimeIntervals	Lick
407.97774999999996	0.06675000000001319	TimeIntervals	Lick
408.67775	0.0999999999999659	TimeIntervals	Lick
408.8445	0.10000000000007958	TimeIntervals	Lick
408.97799999999995	0.10000000000002274	TimeIntervals	Lick
409.14450000000005	0.0999999999999659	TimeIntervals	Lick
409.378	0.0999999999999659	TimeIntervals	Lick
409.61125000000004	0.0999999999999659	TimeIntervals	Lick
409.878	0.06650000000007594	TimeIntervals	Lick
410.51149999999996	0.10000000000007958	TimeIntervals	Lick
410.67800000000005	0.06674999999995634	TimeIntervals	Lick
410.77799999999996	0.10000000000002274	TimeIntervals	Lick
410.91150000000005	0.09999999999990905	TimeIntervals	Lick
411.04474999999996	0.10025000000001683	TimeIntervals	Lick
411.17825	0.0999999999999659	TimeIntervals	Lick
411.57824999999997	0.06675000000001319	TimeIntervals	Lick
411.745	0.10000000000002274	TimeIntervals	Lick
412.2784999999999	0.06650000000013279	TimeIntervals	Lick
412.41175000000004	0.13324999999997544	TimeIntervals	Lick
412.61175000000003	0.033249999999952706	TimeIntervals	Lick
412.745	0.10000000000002274	TimeIntervals	Lick
413.045	0.0999999999999659	TimeIntervals	Lick
413.245	0.10025000000001683	TimeIntervals	Lick
413.8785	0.13350000000002638	TimeIntervals	Lick
414.07849999999996	0.06675000000001319	TimeIntervals	Lick
414.6455	0.0999999999999659	TimeIntervals	Lick
414.67875000000004	0.03325000000000955	TimeIntervals	Reward
414.77875	2.5670000000000073	TimeIntervals	Lick
417.37899999999996	0.7334999999999923	TimeIntervals	Lick
418.146	0.09999999999990905	TimeIntervals	Lick
418.27925	0.10000000000002274	TimeIntervals	Lick
418.41249999999997	0.10000000000002274	TimeIntervals	Lick
418.546	0.33349999999995816	TimeIntervals	Lick
418.9127500000001	0.0999999999999659	TimeIntervals	Lick
419.046	0.10000000000002274	TimeIntervals	Lick
419.17949999999996	0.23325000000011187	TimeIntervals	Lick
419.446	0.0999999999999659	TimeIntervals	Lick
419.5795	0.23324999999999818	TimeIntervals	Lick
419.846	0.13349999999996953	TimeIntervals	Lick
420.013	0.10000000000002274	TimeIntervals	Lick
420.14625	0.0999999999999659	TimeIntervals	Lick
420.37949999999995	0.06675000000007003	TimeIntervals	Lick
420.54625	0.06675000000001319	TimeIntervals	Lick
420.67949999999996	0.06675000000001319	TimeIntervals	Lick
420.913	0.06649999999996226	TimeIntervals	Lick
421.07974999999993	0.10000000000007958	TimeIntervals	Lick
421.27975	0.03325000000000955	TimeIntervals	Lick
421.57974999999993	0.1332500000000323	TimeIntervals	Lick
422.21324999999996	0.10000000000002274	TimeIntervals	Lick
422.38	0.10000000000007958	TimeIntervals	Lick
422.51324999999997	0.1332500000000323	TimeIntervals	Lick
422.81325	0.06675000000001319	TimeIntervals	Lick
423.5135	0.0999999999999659	TimeIntervals	Lick
423.64675	0.06674999999995634	TimeIntervals	Lick
423.8135	0.0665000000000191	TimeIntervals	Lick
423.94675000000007	0.06674999999995634	TimeIntervals	Lick
424.0799999999999	0.06675000000007003	TimeIntervals	Lick
424.18	0.0999999999999659	TimeIntervals	Lick
424.3135	0.10000000000002274	TimeIntervals	Lick
424.447	0.0665000000000191	TimeIntervals	Lick
424.547	0.19999999999998863	TimeIntervals	Lick
424.78024999999997	0.10000000000002274	TimeIntervals	Lick
424.9135	0.10000000000002274	TimeIntervals	Lick
425.047	0.19999999999998863	TimeIntervals	Lick
425.28024999999997	0.10025000000001683	TimeIntervals	Lick
425.41375	1.5667499999999563	TimeIntervals	Lick
425.6805	0.033249999999952706	TimeIntervals	Reward
427.014	0.3332499999999641	TimeIntervals	Lick
427.3805	0.33349999999995816	TimeIntervals	Lick
427.74749999999995	1.3000000000000114	TimeIntervals	Lick
429.08099999999996	0.10000000000002274	TimeIntervals	Lick
429.21425	0.10000000000002274	TimeIntervals	Lick
429.34749999999997	0.10000000000007958	TimeIntervals	Lick
429.51425	0.13324999999997544	TimeIntervals	Lick
429.71425	0.06674999999995634	TimeIntervals	Lick
429.84774999999996	0.10000000000007958	TimeIntervals	Lick
430.0145	0.06649999999996226	TimeIntervals	Lick
430.1477500000001	0.09999999999985221	TimeIntervals	Lick
430.44775000000004	0.033249999999952706	TimeIntervals	Lick
430.948	0.0999999999999659	TimeIntervals	Lick
431.1480000000001	0.06649999999996226	TimeIntervals	Lick
431.28125	0.06674999999995634	TimeIntervals	Lick
431.48125	0.06674999999995634	TimeIntervals	Lick
431.71450000000004	0.09999999999990905	TimeIntervals	Lick
432.4815	0.0999999999999659	TimeIntervals	Lick
432.9815	0.06649999999996226	TimeIntervals	Lick
433.78149999999994	0.06675000000007003	TimeIntervals	Lick
433.915	0.06649999999996226	TimeIntervals	Lick
434.2149999999999	0.10000000000007958	TimeIntervals	Lick
435.2819999999999	0.10000000000002274	TimeIntervals	Lick
435.61525	0.06675000000001319	TimeIntervals	Lick
436.34849999999994	0.10025000000007367	TimeIntervals	Lick
436.48199999999997	0.06675000000001319	TimeIntervals	Lick
437.04875	0.06675000000007003	TimeIntervals	Lick
437.182	0.06674999999995634	TimeIntervals	Lick
437.34875	0.06675000000001319	TimeIntervals	Lick
437.749	0.06649999999996226	TimeIntervals	Lick
437.849	0.0665000000000191	TimeIntervals	Lick
437.94899999999996	0.06650000000007594	TimeIntervals	Lick
438.0489999999999	0.06650000000013279	TimeIntervals	Lick
438.14900000000006	0.0999999999999659	TimeIntervals	Lick
438.2822499999999	0.16675000000003593	TimeIntervals	Lick
438.48224999999996	0.10025000000001683	TimeIntervals	Lick
438.61575	0.06675000000001319	TimeIntervals	Lick
438.71574999999996	0.23324999999999818	TimeIntervals	Lick
438.9825	0.0999999999999659	TimeIntervals	Lick
439.11575	0.0999999999999659	TimeIntervals	Lick
439.249	0.06675000000001319	TimeIntervals	Lick
439.349	0.0999999999999659	TimeIntervals	Lick
439.4825	0.0999999999999659	TimeIntervals	Lick
439.61575	0.10024999999990314	TimeIntervals	Lick
439.7159999999999	0.10000000000013642	TimeIntervals	Reward
439.74924999999996	2.333750000000066	TimeIntervals	Lick
442.11625000000004	0.0999999999999659	TimeIntervals	Lick
442.2494999999999	0.46675000000010414	TimeIntervals	Lick
442.7494999999999	0.10000000000007958	TimeIntervals	Lick
442.8829999999999	0.10000000000002274	TimeIntervals	Lick
443.01649999999995	0.10000000000007958	TimeIntervals	Lick
443.14975	0.10000000000002274	TimeIntervals	Lick
443.28299999999996	0.0999999999999659	TimeIntervals	Lick
443.41650000000004	0.09999999999990905	TimeIntervals	Lick
443.54975	0.0999999999999659	TimeIntervals	Lick
443.683	0.0999999999999659	TimeIntervals	Lick
443.8165000000001	0.0999999999999659	TimeIntervals	Lick
443.94975	0.10024999999995998	TimeIntervals	Lick
444.08324999999996	0.5332500000000664	TimeIntervals	Lick
444.65	0.10000000000002274	TimeIntervals	Lick
444.78324999999995	0.13325000000008913	TimeIntervals	Lick
444.95	0.0999999999999659	TimeIntervals	Lick
445.11650000000003	0.06700000000000728	TimeIntervals	Lick
445.25	0.0999999999999659	TimeIntervals	Lick
445.38349999999997	0.13324999999997544	TimeIntervals	Lick
445.54999999999995	0.06675000000007003	TimeIntervals	Lick
445.88349999999997	0.10000000000002274	TimeIntervals	Lick
446.0835	0.33350000000007185	TimeIntervals	Lick
446.75025	0.03325000000000955	TimeIntervals	Lick
447.0835	0.06674999999995634	TimeIntervals	Lick
447.4170000000001	0.0667499999998995	TimeIntervals	Lick
447.58375	0.033249999999952706	TimeIntervals	Lick
448.18375	0.06675000000001319	TimeIntervals	Lick
448.38374999999996	0.10025000000001683	TimeIntervals	Lick
448.584	0.10000000000002274	TimeIntervals	Lick
448.7505	0.06675000000007003	TimeIntervals	Lick
449.0505	0.13350000000002638	TimeIntervals	Lick
449.2505	0.033499999999946795	TimeIntervals	Lick
449.384	0.0999999999999659	TimeIntervals	Lick
450.28399999999993	0.10000000000007958	TimeIntervals	Lick
450.851	0.06650000000007594	TimeIntervals	Lick
451.7175	0.10025000000007367	TimeIntervals	Lick
451.8845	0.0665000000000191	TimeIntervals	Lick
452.0845	0.19999999999998863	TimeIntervals	Lick
452.551	0.10000000000002274	TimeIntervals	Lick
452.751	0.10025000000001683	TimeIntervals	Lick
453.11800000000005	0.1332499999999186	TimeIntervals	Lick
453.318	0.10000000000002274	TimeIntervals	Lick
453.4845000000001	0.03349999999988995	TimeIntervals	Lick
453.9515	0.0999999999999659	TimeIntervals	Lick
454.08474999999993	0.10000000000007958	TimeIntervals	Lick
454.218	0.06674999999995634	TimeIntervals	Lick
454.318	0.19999999999998863	TimeIntervals	Lick
454.5515	0.10000000000007958	TimeIntervals	Lick
454.68475	0.06675000000001319	TimeIntervals	Lick
454.78475	0.3335000000001287	TimeIntervals	Lick
455.15150000000006	0.0999999999999659	TimeIntervals	Lick
455.2849999999999	0.20000000000004547	TimeIntervals	Lick
455.51825	0.10000000000007958	TimeIntervals	Lick
455.65150000000006	0.0999999999999659	TimeIntervals	Lick
455.7849999999999	0.10000000000007958	TimeIntervals	Lick
455.91825	0.10000000000002274	TimeIntervals	Lick
456.0515	0.10025000000001683	TimeIntervals	Lick
456.185	0.2335000000000491	TimeIntervals	Lick
456.45175	0.19999999999998863	TimeIntervals	Lick
456.685	0.09999999999990905	TimeIntervals	Lick
456.81850000000003	0.10000000000002274	TimeIntervals	Lick
456.95175	0.0999999999999659	TimeIntervals	Lick
457.085	0.10000000000002274	TimeIntervals	Lick
457.21849999999995	0.10000000000007958	TimeIntervals	Lick
457.35200000000003	0.0999999999999659	TimeIntervals	Lick
457.48525	0.06675000000001319	TimeIntervals	Lick
457.58525	0.10000000000002274	TimeIntervals	Lick
457.71849999999995	0.10000000000007958	TimeIntervals	Lick
457.85200000000003	0.0999999999999659	TimeIntervals	Lick
458.0185000000001	0.0999999999999659	TimeIntervals	Lick
458.18525	0.06674999999995634	TimeIntervals	Lick
458.35200000000003	0.06675000000001319	TimeIntervals	Lick
458.552	0.10000000000002274	TimeIntervals	Lick
458.78549999999996	0.06650000000007594	TimeIntervals	Reward
458.9855	0.5	TimeIntervals	Lick
459.51899999999995	0.19999999999998863	TimeIntervals	Lick
459.75224999999995	0.20000000000010232	TimeIntervals	Lick
459.9855	0.20000000000004547	TimeIntervals	Lick
460.21899999999994	0.20000000000010232	TimeIntervals	Lick
460.45225000000005	0.20024999999992588	TimeIntervals	Lick
460.68575	0.6000000000000227	TimeIntervals	Lick
461.319	0.10000000000002274	TimeIntervals	Lick
461.45250000000004	0.23349999999993543	TimeIntervals	Lick
461.71924999999993	0.23325000000011187	TimeIntervals	Lick
461.986	0.23324999999994134	TimeIntervals	Lick
462.25249999999994	0.10000000000007958	TimeIntervals	Lick
462.41925000000003	0.16674999999992224	TimeIntervals	Lick
462.61925	0.10024999999990314	TimeIntervals	Lick
462.95275000000004	0.0999999999999659	TimeIntervals	Lick
463.08599999999996	0.06675000000007003	TimeIntervals	Lick
463.35274999999996	0.10000000000007958	TimeIntervals	Lick
463.81950000000006	0.0999999999999659	TimeIntervals	Lick
463.98625	0.06675000000001319	TimeIntervals	Lick
464.1195000000001	0.09999999999985221	TimeIntervals	Lick
464.253	0.06650000000007594	TimeIntervals	Lick
464.35299999999995	0.20000000000004547	TimeIntervals	Lick
464.58624999999995	0.13324999999997544	TimeIntervals	Lick
464.78625	0.10000000000002274	TimeIntervals	Lick
464.95300000000003	0.0999999999999659	TimeIntervals	Lick
465.08649999999994	0.10000000000007958	TimeIntervals	Lick
465.21975	0.13324999999997544	TimeIntervals	Lick
465.38649999999996	0.16650000000004184	TimeIntervals	Lick
465.58649999999994	0.10000000000007958	TimeIntervals	Lick
465.71975	0.23325000000005502	TimeIntervals	Lick
465.9865	0.0999999999999659	TimeIntervals	Lick
466.12	0.0999999999999659	TimeIntervals	Lick
466.25325	0.0999999999999659	TimeIntervals	Lick
466.38649999999996	0.2335000000000491	TimeIntervals	Lick
466.65325000000007	0.09999999999990905	TimeIntervals	Lick
466.7865	0.0999999999999659	TimeIntervals	Lick
466.92	0.0999999999999659	TimeIntervals	Lick
467.12	0.0999999999999659	TimeIntervals	Lick
467.42	0.0999999999999659	TimeIntervals	Lick
467.58675	0.0999999999999659	TimeIntervals	Lick
467.7535	0.10000000000002274	TimeIntervals	Lick
467.9535	0.06649999999996226	TimeIntervals	Lick
468.12	0.10024999999995998	TimeIntervals	Lick
468.32025	0.10000000000002274	TimeIntervals	Lick
468.52025	0.06675000000001319	TimeIntervals	Lick
468.6535	0.0999999999999659	TimeIntervals	Lick
468.7869999999999	0.06650000000007594	TimeIntervals	Lick
468.887	0.19999999999998863	TimeIntervals	Lick
469.1535	0.06674999999995634	TimeIntervals	Lick
469.32050000000004	0.06649999999996226	TimeIntervals	Lick
469.42050000000006	0.0999999999999659	TimeIntervals	Lick
469.75374999999997	0.06675000000007003	TimeIntervals	Lick
469.92050000000006	0.0999999999999659	TimeIntervals	Lick
470.387	0.10024999999995998	TimeIntervals	Lick
470.55400000000003	0.13324999999997544	TimeIntervals	Lick
470.78725	0.06675000000001319	TimeIntervals	Lick
470.954	0.10000000000002274	TimeIntervals	Lick
471.28725	0.10000000000002274	TimeIntervals	Lick
471.454	0.06674999999995634	TimeIntervals	Lick
471.5874999999999	0.10000000000007958	TimeIntervals	Lick
471.75399999999996	0.06675000000007003	TimeIntervals	Lick
472.0874999999999	0.1332500000000323	TimeIntervals	Lick
472.25399999999996	0.06675000000007003	TimeIntervals	Lick
472.48749999999995	0.16675000000009277	TimeIntervals	Lick
472.78749999999997	0.06675000000001319	TimeIntervals	Lick
472.88750000000005	0.09999999999990905	TimeIntervals	Lick
473.98775	0.06674999999995634	TimeIntervals	Lick
474.12100000000004	0.0999999999999659	TimeIntervals	Lick
474.38775	0.10000000000002274	TimeIntervals	Lick
474.75449999999995	0.10000000000002274	TimeIntervals	Lick
474.888	0.10000000000002274	TimeIntervals	Lick
475.82124999999996	0.10025000000001683	TimeIntervals	Lick
476.15475000000004	0.09999999999990905	TimeIntervals	Lick
476.3215	0.06649999999996226	TimeIntervals	Lick
476.4215	0.10000000000002274	TimeIntervals	Lick
476.58799999999997	0.10000000000002274	TimeIntervals	Lick
476.8215	0.0999999999999659	TimeIntervals	Lick
476.95475	0.10025000000001683	TimeIntervals	Lick
477.0882499999999	0.10000000000007958	TimeIntervals	Lick
477.22149999999993	0.06675000000007003	TimeIntervals	Lick
477.3215	0.0999999999999659	TimeIntervals	Lick
477.455	0.1332499999999186	TimeIntervals	Lick
477.62149999999997	0.0999999999999659	TimeIntervals	Lick
477.78825	0.06675000000001319	TimeIntervals	Lick
477.88824999999997	0.20024999999998272	TimeIntervals	Lick
478.12175	0.09999999999990905	TimeIntervals	Lick
478.255	0.13350000000002638	TimeIntervals	Lick
478.42175000000003	0.19999999999998863	TimeIntervals	Lick
478.655	0.10000000000002274	TimeIntervals	Lick
478.7885	0.10000000000002274	TimeIntervals	Lick
478.92175000000003	0.23324999999994134	TimeIntervals	Lick
479.222	0.0665000000000191	TimeIntervals	Lick
479.95525	0.10000000000002274	TimeIntervals	Lick
480.15525	0.09999999999990905	TimeIntervals	Lick
480.3555	0.0999999999999659	TimeIntervals	Lick
480.5555	0.10000000000007958	TimeIntervals	Lick
480.822	0.10000000000007958	TimeIntervals	Lick
481.2554999999999	0.10000000000007958	TimeIntervals	Lick
481.58899999999994	0.06650000000013279	TimeIntervals	Lick
482.489	0.10000000000002274	TimeIntervals	Lick
483.389	0.0999999999999659	TimeIntervals	Lick
483.556	0.0665000000000191	TimeIntervals	Lick
483.75600000000003	0.13324999999997544	TimeIntervals	Lick
484.45599999999996	0.0665000000000191	TimeIntervals	Lick
484.556	0.0665000000000191	TimeIntervals	Lick
484.75600000000003	0.0999999999999659	TimeIntervals	Lick
484.8895	0.06649999999996226	TimeIntervals	Lick
485.5227500000001	0.09999999999990905	TimeIntervals	Lick
485.7227499999999	0.10025000000007367	TimeIntervals	Lick
486.323	0.0665000000000191	TimeIntervals	Lick
486.42300000000006	0.10000000000002274	TimeIntervals	Lick
486.58950000000004	0.06674999999995634	TimeIntervals	Lick
486.68949999999995	0.06675000000007003	TimeIntervals	Lick
486.7894999999999	0.10025000000013051	TimeIntervals	Lick
486.95649999999995	0.0999999999999659	TimeIntervals	Lick
487.08975	0.0999999999999659	TimeIntervals	Lick
487.22299999999996	0.10000000000002274	TimeIntervals	Lick
487.3564999999999	0.10000000000002274	TimeIntervals	Lick
487.5564999999999	0.23325000000011187	TimeIntervals	Lick
487.823	0.10000000000007958	TimeIntervals	Lick
487.98999999999995	0.10000000000002274	TimeIntervals	Lick
488.15650000000005	0.0999999999999659	TimeIntervals	Lick
488.29	0.10000000000002274	TimeIntervals	Lick
488.89000000000004	0.09999999999990905	TimeIntervals	Lick
489.02324999999996	0.10025000000001683	TimeIntervals	Lick
489.22349999999994	0.10000000000007958	TimeIntervals	Lick
489.39000000000004	0.06674999999995634	TimeIntervals	Lick
489.59	0.0999999999999659	TimeIntervals	Lick
489.72349999999994	0.10000000000007958	TimeIntervals	Lick
489.85675	0.23324999999999818	TimeIntervals	Lick
490.1235	0.0999999999999659	TimeIntervals	Lick
490.25699999999995	0.0999999999999659	TimeIntervals	Lick
490.39025000000004	0.33324999999990723	TimeIntervals	Lick
490.75699999999995	0.13325000000008913	TimeIntervals	Lick
490.8235	0.06675000000001319	TimeIntervals	Reward
490.9235000000001	0.9669999999999277	TimeIntervals	Lick
491.92375000000004	0.1999999999999318	TimeIntervals	Lick
492.157	0.1999999999999318	TimeIntervals	Lick
492.39050000000003	0.0999999999999659	TimeIntervals	Lick
492.524	0.43325000000004366	TimeIntervals	Lick
492.9905	0.33349999999995816	TimeIntervals	Lick
493.35724999999996	0.60024999999996	TimeIntervals	Lick
493.99074999999993	0.10000000000013642	TimeIntervals	Lick
494.1240000000001	0.266749999999945	TimeIntervals	Lick
494.42400000000004	0.0999999999999659	TimeIntervals	Lick
494.691	0.10000000000007958	TimeIntervals	Lick
494.8575	0.06675000000001319	TimeIntervals	Lick
494.991	0.06649999999990541	TimeIntervals	Lick
495.52425000000005	0.09999999999990905	TimeIntervals	Lick
495.82450000000006	0.06649999999996226	TimeIntervals	Lick
496.091	0.13349999999996953	TimeIntervals	Lick
496.29100000000005	0.0667499999998995	TimeIntervals	Lick
496.691	0.06700000000012096	TimeIntervals	Lick
496.9245	0.10000000000007958	TimeIntervals	Lick
497.19124999999997	0.06675000000012687	TimeIntervals	Lick
498.1580000000001	0.06674999999995634	TimeIntervals	Lick
498.7915	0.06649999999996226	TimeIntervals	Lick
499.69149999999996	0.03350000000000364	TimeIntervals	Lick
499.75825000000003	0.09999999999990905	TimeIntervals	Lick
499.92500000000007	0.06649999999996226	TimeIntervals	Lick
500.52500000000003	0.06675000000001319	TimeIntervals	Lick
501.02500000000003	0.06675000000001319	TimeIntervals	Lick
501.72524999999996	0.13324999999997544	TimeIntervals	Lick
501.89199999999994	0.06650000000007594	TimeIntervals	Lick
502.39199999999994	0.033500000000117325	TimeIntervals	Lick
502.55875000000003	0.06674999999995634	TimeIntervals	Lick
502.75874999999996	0.06675000000001319	TimeIntervals	Lick
502.85875	0.1332499999999186	TimeIntervals	Lick
503.7255	0.0999999999999659	TimeIntervals	Lick
503.89225	0.06674999999995634	TimeIntervals	Lick
504.0589999999999	0.2665000000000646	TimeIntervals	Lick
504.359	0.4334999999999809	TimeIntervals	Lick
504.82574999999997	0.10000000000007958	TimeIntervals	Lick
504.95899999999995	0.2335000000001628	TimeIntervals	Lick
505.22575	0.23324999999994134	TimeIntervals	Lick
505.49249999999995	0.3335000000001287	TimeIntervals	Lick
505.85925000000003	1.3334999999999582	TimeIntervals	Lick
505.85925000000003	0.0999999999999659	TimeIntervals	Reward
507.226	0.20000000000004547	TimeIntervals	Lick
507.45950000000005	0.23324999999994134	TimeIntervals	Lick
507.726	0.333500000000015	TimeIntervals	Lick
508.093	0.09999999999990905	TimeIntervals	Lick
508.22624999999994	0.10000000000007958	TimeIntervals	Lick
508.35949999999997	0.7335000000000491	TimeIntervals	Lick
509.1265	0.5	TimeIntervals	Lick
509.65975	0.9002499999999714	TimeIntervals	Lick
510.59324999999995	0.10000000000007958	TimeIntervals	Lick
510.7265	0.10000000000002274	TimeIntervals	Lick
510.86	0.13324999999997544	TimeIntervals	Lick
511.02650000000006	0.06699999999989359	TimeIntervals	Lick
511.12675	0.13324999999997544	TimeIntervals	Lick
511.42675	0.06674999999995634	TimeIntervals	Lick
511.59349999999995	0.06650000000007594	TimeIntervals	Lick
511.72675	0.06675000000001319	TimeIntervals	Lick
512.3934999999999	0.10000000000013642	TimeIntervals	Lick
512.5602500000001	0.06674999999995634	TimeIntervals	Lick
512.6935	0.16674999999997908	TimeIntervals	Lick
512.9269999999999	0.03325000000018008	TimeIntervals	Lick
513.1935	0.10024999999995998	TimeIntervals	Lick
513.5605	0.09999999999990905	TimeIntervals	Lick
513.7937499999999	0.06675000000007003	TimeIntervals	Lick
513.9605	0.2665000000000646	TimeIntervals	Lick
514.7940000000001	0.09999999999990905	TimeIntervals	Lick
515.2940000000001	0.1334999999999127	TimeIntervals	Lick
515.494	0.06674999999995634	TimeIntervals	Lick
515.9607500000002	0.09999999999979536	TimeIntervals	Lick
516.5942500000001	0.13324999999986176	TimeIntervals	Lick
517.7945	0.10000000000002274	TimeIntervals	Lick
517.9277500000001	0.06674999999995634	TimeIntervals	Lick
518.52775	0.06675000000018372	TimeIntervals	Lick
518.661	0.06700000000012096	TimeIntervals	Lick
518.828	0.0665000000000191	TimeIntervals	Lick
519.528	0.06650000000013279	TimeIntervals	Lick
519.7945	0.10025000000007367	TimeIntervals	Lick
519.928	0.06674999999995634	TimeIntervals	Reward
519.9615000000001	2.0	TimeIntervals	Lick
521.995	0.4667500000000473	TimeIntervals	Lick
522.495	0.10000000000002274	TimeIntervals	Lick
522.6285000000001	0.10000000000002274	TimeIntervals	Lick
522.76175	0.5335000000001173	TimeIntervals	Lick
523.3285	0.06674999999995634	TimeIntervals	Lick
523.4285	0.10000000000002274	TimeIntervals	Lick
523.562	0.10000000000013642	TimeIntervals	Lick
523.6952500000001	0.06674999999995634	TimeIntervals	Lick
523.8952499999999	0.10000000000013642	TimeIntervals	Lick
525.062	0.10000000000013642	TimeIntervals	Lick
525.1955000000002	0.06649999999990541	TimeIntervals	Lick
525.6955000000002	0.06674999999984266	TimeIntervals	Lick
525.9955	0.13350000000002638	TimeIntervals	Lick
526.16225	0.06675000000018372	TimeIntervals	Lick
526.8625000000001	0.10000000000002274	TimeIntervals	Lick
527.1625	0.06650000000013279	TimeIntervals	Lick
527.329	0.033500000000117325	TimeIntervals	Lick
528.0625	0.1334999999999127	TimeIntervals	Lick
528.9627500000001	0.09999999999979536	TimeIntervals	Lick
529.096	0.06675000000007003	TimeIntervals	Lick
531.0630000000001	0.16674999999997908	TimeIntervals	Lick
531.2630000000001	0.2999999999999545	TimeIntervals	Lick
531.5965000000001	0.4667499999999336	TimeIntervals	Lick
532.0965000000001	0.09999999999990905	TimeIntervals	Lick
532.23	0.0665000000000191	TimeIntervals	Lick
532.3299999999999	0.3332500000000209	TimeIntervals	Lick
532.6965	1.7005000000000337	TimeIntervals	Lick
532.96325	0.033249999999952706	TimeIntervals	Reward
534.4302499999999	0.20000000000027285	TimeIntervals	Lick
534.6635	0.33349999999995816	TimeIntervals	Lick
535.03025	0.10000000000013642	TimeIntervals	Lick
535.1635	0.10025000000007367	TimeIntervals	Lick
535.297	0.10000000000002274	TimeIntervals	Lick
535.4304999999999	0.10000000000002274	TimeIntervals	Lick
535.56375	0.09999999999990905	TimeIntervals	Lick
535.697	0.5	TimeIntervals	Lick
536.2305000000001	0.09999999999990905	TimeIntervals	Lick
536.5305	0.13350000000002638	TimeIntervals	Lick
536.7305000000001	0.06674999999995634	TimeIntervals	Lick
536.89725	0.10000000000002274	TimeIntervals	Lick
537.064	0.06650000000013279	TimeIntervals	Lick
537.364	0.10000000000002274	TimeIntervals	Lick
537.83075	0.13325000000008913	TimeIntervals	Lick
538.164	0.13350000000002638	TimeIntervals	Lick
538.8309999999999	0.06650000000013279	TimeIntervals	Lick
538.931	0.09999999999990905	TimeIntervals	Lick
539.131	0.06650000000013279	TimeIntervals	Lick
539.46425	0.10025000000007367	TimeIntervals	Lick
539.7645000000001	0.06649999999979173	TimeIntervals	Lick
540.131	0.06675000000007003	TimeIntervals	Lick
540.231	0.1334999999999127	TimeIntervals	Lick
540.59775	0.06675000000007003	TimeIntervals	Lick
540.73125	0.09999999999990905	TimeIntervals	Lick
541.23125	0.06674999999995634	TimeIntervals	Lick
542.66475	0.10000000000013642	TimeIntervals	Lick
542.8314999999999	0.033500000000117325	TimeIntervals	Lick
542.9650000000001	0.06649999999990541	TimeIntervals	Lick
543.29825	0.10000000000013642	TimeIntervals	Lick
543.69825	0.10000000000002274	TimeIntervals	Lick
543.8982500000002	0.06674999999995634	TimeIntervals	Lick
544.0985	0.10000000000013642	TimeIntervals	Lick
544.5985	0.0665000000000191	TimeIntervals	Lick
545.932	0.10000000000002274	TimeIntervals	Lick
546.0652500000001	0.06674999999995634	TimeIntervals	Lick
547.232	0.13350000000014006	TimeIntervals	Lick
547.4655	0.10000000000013642	TimeIntervals	Lick
547.63225	0.06674999999995634	TimeIntervals	Lick
548.8325000000001	0.09999999999990905	TimeIntervals	Lick
548.9657500000001	0.06674999999995634	TimeIntervals	Lick
549.099	0.09999999999990905	TimeIntervals	Lick
549.2325000000001	0.0665000000000191	TimeIntervals	Lick
549.3325000000001	0.09999999999990905	TimeIntervals	Lick
549.4992500000001	0.09999999999990905	TimeIntervals	Lick
549.6660000000002	0.06649999999990541	TimeIntervals	Lick
549.766	0.10000000000025011	TimeIntervals	Lick
549.9325	0.10000000000002274	TimeIntervals	Lick
550.0660000000001	0.10000000000002274	TimeIntervals	Lick
550.2992500000001	0.06675000000007003	TimeIntervals	Lick
550.5995000000001	0.09999999999990905	TimeIntervals	Lick
550.766	0.06675000000007003	TimeIntervals	Lick
550.8660000000002	0.09999999999979536	TimeIntervals	Lick
550.9995	0.20000000000004547	TimeIntervals	Lick
551.266	0.10000000000025011	TimeIntervals	Lick
551.5327500000001	0.09999999999990905	TimeIntervals	Lick
551.6660000000002	0.20024999999998272	TimeIntervals	Lick
551.8995000000001	0.09999999999990905	TimeIntervals	Lick
552.033	0.10000000000002274	TimeIntervals	Lick
552.3995000000001	0.09999999999990905	TimeIntervals	Lick
552.533	0.13325000000020282	TimeIntervals	Lick
552.8665000000001	0.06649999999990541	TimeIntervals	Lick
554.4000000000001	0.1999999999999318	TimeIntervals	Lick
554.6665000000002	0.06674999999995634	TimeIntervals	Lick
554.8000000000001	0.0665000000000191	TimeIntervals	Lick
554.96675	0.06674999999995634	TimeIntervals	Lick
555.2000000000002	0.06674999999995634	TimeIntervals	Lick
555.3000000000001	0.10000000000002274	TimeIntervals	Lick
555.4335000000001	0.06649999999990541	TimeIntervals	Lick
555.5335	0.09999999999990905	TimeIntervals	Lick
555.7000000000002	0.06674999999995634	TimeIntervals	Lick
555.8335000000001	0.10000000000002274	TimeIntervals	Lick
555.96675	0.10024999999995998	TimeIntervals	Lick
556.1002500000001	0.20000000000004547	TimeIntervals	Lick
556.3335000000001	0.10000000000002274	TimeIntervals	Lick
556.4670000000001	0.09999999999990905	TimeIntervals	Lick
556.6002500000001	0.20000000000004547	TimeIntervals	Lick
556.8335000000001	0.10000000000002274	TimeIntervals	Lick
556.9670000000001	0.09999999999990905	TimeIntervals	Lick
557.0002499999999	0.06675000000007003	TimeIntervals	Reward
557.1002500000001	1.5002499999999372	TimeIntervals	Lick
558.634	0.10000000000002274	TimeIntervals	Lick
558.7672500000001	0.9667499999999336	TimeIntervals	Lick
559.7675000000002	1.1667499999998654	TimeIntervals	Lick
560.9675000000001	0.23349999999993543	TimeIntervals	Lick
561.23425	0.23325000000011187	TimeIntervals	Lick
561.5345	0.10000000000002274	TimeIntervals	Lick
561.701	0.10000000000013642	TimeIntervals	Lick
561.8345000000002	0.09999999999979536	TimeIntervals	Lick
562.001	0.06675000000018372	TimeIntervals	Lick
562.201	0.10000000000013642	TimeIntervals	Lick
562.5345	0.0665000000000191	TimeIntervals	Lick
562.9012500000001	0.06674999999984266	TimeIntervals	Lick
563.268	0.16649999999992815	TimeIntervals	Lick
563.5680000000001	0.06649999999990541	TimeIntervals	Lick
563.7345	0.03350000000000364	TimeIntervals	Lick
563.8015000000001	0.2999999999999545	TimeIntervals	Lick
564.4015	0.09999999999990905	TimeIntervals	Lick
564.53475	0.10000000000002274	TimeIntervals	Lick
564.7347500000001	0.10025000000007367	TimeIntervals	Lick
564.9015	0.06674999999984266	TimeIntervals	Lick
565.0682500000001	0.09999999999990905	TimeIntervals	Lick
565.6015000000001	0.10000000000002274	TimeIntervals	Lick
565.8350000000002	0.06649999999990541	TimeIntervals	Lick
565.9685	0.06649999999990541	TimeIntervals	Lick
567.0685	0.10000000000002274	TimeIntervals	Lick
567.2352500000001	0.033249999999952706	TimeIntervals	Lick
567.3352500000001	0.06674999999995634	TimeIntervals	Lick
567.43525	0.09999999999990905	TimeIntervals	Lick
567.5685	0.10000000000002274	TimeIntervals	Lick
567.8352500000001	0.09999999999990905	TimeIntervals	Lick
568.0685	0.10025000000007367	TimeIntervals	Lick
568.502	0.13350000000002638	TimeIntervals	Lick
569.369	0.13324999999986176	TimeIntervals	Lick
570.4025	0.09999999999990905	TimeIntervals	Lick
570.6690000000001	0.09999999999990905	TimeIntervals	Lick
570.8357500000002	0.06674999999984266	TimeIntervals	Lick
571.4692500000001	0.09999999999990905	TimeIntervals	Lick
571.6692500000001	0.06674999999995634	TimeIntervals	Lick
572.036	0.10000000000002274	TimeIntervals	Lick
572.5024999999999	0.06700000000012096	TimeIntervals	Lick
573.3360000000001	0.1334999999999127	TimeIntervals	Lick
573.50275	0.06675000000007003	TimeIntervals	Lick
574.3362500000001	0.09999999999990905	TimeIntervals	Lick
574.503	0.033249999999952706	TimeIntervals	Lick
575.403	0.10000000000002274	TimeIntervals	Lick
575.76975	0.10025000000007367	TimeIntervals	Lick
575.9032500000001	0.06674999999995634	TimeIntervals	Lick
576.0365	0.06675000000007003	TimeIntervals	Lick
577.8700000000001	0.06674999999984266	TimeIntervals	Lick
577.97	0.10025000000007367	TimeIntervals	Lick
578.1370000000001	0.06649999999990541	TimeIntervals	Lick
578.27025	0.06675000000007003	TimeIntervals	Lick
578.4369999999999	0.06650000000024647	TimeIntervals	Lick
580.2040000000001	0.0665000000000191	TimeIntervals	Lick
580.33725	0.06674999999995634	TimeIntervals	Lick
580.4705	0.06674999999995634	TimeIntervals	Lick
580.6040000000002	0.06649999999990541	TimeIntervals	Lick
580.7372500000001	0.06674999999995634	TimeIntervals	Lick
581.8375000000001	0.1999999999998181	TimeIntervals	Lick
582.1040000000002	0.06674999999995634	TimeIntervals	Lick
582.7375000000001	0.10000000000002274	TimeIntervals	Lick
583.8710000000002	0.06674999999972897	TimeIntervals	Lick
583.971	0.06674999999995634	TimeIntervals	Lick
584.0709999999999	0.10000000000025011	TimeIntervals	Lick
584.2045000000002	0.06649999999990541	TimeIntervals	Lick
584.3045000000001	0.10000000000002274	TimeIntervals	Lick
584.4377499999999	0.06675000000007003	TimeIntervals	Lick
584.53775	0.06675000000007003	TimeIntervals	Lick
584.638	0.20000000000004547	TimeIntervals	Lick
584.8712500000001	0.06674999999984266	TimeIntervals	Lick
584.97125	0.09999999999990905	TimeIntervals	Lick
585.1045	0.10000000000013642	TimeIntervals	Lick
585.2380000000002	0.06649999999990541	TimeIntervals	Lick
585.3380000000001	0.2332499999998845	TimeIntervals	Lick
585.6045	0.10000000000013642	TimeIntervals	Lick
585.7380000000002	0.3334999999998445	TimeIntervals	Lick
586.0715	0.10000000000002274	TimeIntervals	Reward
586.1047500000001	3.000499999999988	TimeIntervals	Lick
589.1385	0.20000000000004547	TimeIntervals	Lick
589.3720000000002	0.8999999999999773	TimeIntervals	Lick
590.3055	0.09999999999990905	TimeIntervals	Lick
590.4387499999999	0.10000000000002274	TimeIntervals	Lick
590.572	0.10000000000002274	TimeIntervals	Lick
590.7055	0.10000000000002274	TimeIntervals	Lick
590.8387500000001	0.13324999999986176	TimeIntervals	Lick
591.0055000000001	0.09999999999990905	TimeIntervals	Lick
591.1387500000001	0.10025000000007367	TimeIntervals	Lick
591.27225	0.13324999999997544	TimeIntervals	Lick
591.439	0.10000000000002274	TimeIntervals	Lick
591.57225	1.9669999999998709	TimeIntervals	Lick
593.5725	0.5	TimeIntervals	Lick
594.1392500000001	0.10000000000002274	TimeIntervals	Lick
594.2725000000002	0.10000000000002274	TimeIntervals	Lick
594.43925	0.06674999999995634	TimeIntervals	Lick
594.5395000000001	0.23324999999999818	TimeIntervals	Lick
594.8060000000002	0.09999999999990905	TimeIntervals	Lick
594.9395	0.10000000000013642	TimeIntervals	Lick
595.106	0.10000000000002274	TimeIntervals	Lick
595.3060000000002	0.09999999999990905	TimeIntervals	Lick
595.573	0.10000000000013642	TimeIntervals	Lick
595.7062500000001	0.13324999999997544	TimeIntervals	Lick
595.8730000000002	0.09999999999979536	TimeIntervals	Lick
596.10625	0.1999999999999318	TimeIntervals	Lick
596.3395	0.09999999999990905	TimeIntervals	Lick
596.473	0.10000000000002274	TimeIntervals	Lick
596.60625	0.10024999999995998	TimeIntervals	Lick
596.773	0.33350000000007185	TimeIntervals	Lick
597.1397500000002	0.13324999999986176	TimeIntervals	Lick
597.3065	0.10000000000013642	TimeIntervals	Lick
597.53975	0.10000000000013642	TimeIntervals	Lick
597.6730000000001	0.2335000000000491	TimeIntervals	Lick
597.97325	0.06674999999995634	TimeIntervals	Lick
598.0732499999999	0.13325000000008913	TimeIntervals	Lick
598.24	0.10000000000013642	TimeIntervals	Lick
598.3732500000001	0.13324999999986176	TimeIntervals	Lick
598.54	0.13325000000008913	TimeIntervals	Lick
598.7065	0.10000000000002274	TimeIntervals	Lick
598.8400000000001	0.23349999999982174	TimeIntervals	Lick
599.10675	0.09999999999990905	TimeIntervals	Lick
599.24	0.10000000000013642	TimeIntervals	Lick
599.4399999999999	0.06675000000007003	TimeIntervals	Lick
599.7067499999999	0.10000000000013642	TimeIntervals	Lick
599.9399999999999	0.10025000000007367	TimeIntervals	Lick
600.0735	0.10000000000013642	TimeIntervals	Lick
600.207	0.10000000000002274	TimeIntervals	Lick
600.44025	0.06675000000007003	TimeIntervals	Lick
600.54025	0.10000000000002274	TimeIntervals	Lick
600.6735000000001	0.10000000000002274	TimeIntervals	Lick
600.807	0.10000000000013642	TimeIntervals	Lick
600.94025	0.10000000000002274	TimeIntervals	Lick
601.107	0.10000000000002274	TimeIntervals	Lick
601.2405	0.10000000000002274	TimeIntervals	Lick
601.4070000000002	0.1667499999998654	TimeIntervals	Lick
601.97375	0.10000000000002274	TimeIntervals	Lick
602.1405000000001	0.06674999999995634	TimeIntervals	Lick
602.30725	0.06675000000007003	TimeIntervals	Lick
602.4072500000001	0.13324999999986176	TimeIntervals	Lick
602.6740000000001	0.13324999999986176	TimeIntervals	Lick
603.00725	0.06674999999995634	TimeIntervals	Lick
603.1072499999999	0.10000000000013642	TimeIntervals	Lick
603.374	0.06674999999984266	TimeIntervals	Lick
603.5075	0.09999999999990905	TimeIntervals	Lick
603.9075	0.10000000000002274	TimeIntervals	Lick
604.6075	0.06675000000007003	TimeIntervals	Lick
604.741	0.10000000000002274	TimeIntervals	Lick
605.3075000000001	0.09999999999990905	TimeIntervals	Lick
605.441	0.06674999999995634	TimeIntervals	Lick
605.70775	0.06675000000007003	TimeIntervals	Lick
605.8077500000002	0.06674999999995634	TimeIntervals	Lick
605.9077500000001	0.13324999999997544	TimeIntervals	Lick
606.10775	0.10000000000002274	TimeIntervals	Lick
606.2745000000001	0.06649999999990541	TimeIntervals	Lick
606.4077500000001	0.09999999999990905	TimeIntervals	Lick
606.541	0.10024999999995998	TimeIntervals	Lick
606.6745	0.20000000000015916	TimeIntervals	Lick
606.9080000000001	0.09999999999990905	TimeIntervals	Lick
607.0412500000001	0.09999999999990905	TimeIntervals	Lick
607.14125	0.06674999999995634	TimeIntervals	Reward
607.1745	1.3002500000000055	TimeIntervals	Lick
608.508	0.09999999999990905	TimeIntervals	Lick
608.6415000000001	0.4667499999998199	TimeIntervals	Lick
609.1415000000001	0.10000000000002274	TimeIntervals	Lick
609.2750000000001	0.10000000000002274	TimeIntervals	Lick
609.4082500000001	0.23324999999999818	TimeIntervals	Lick
609.6750000000001	0.10000000000002274	TimeIntervals	Lick
609.80825	0.10024999999995998	TimeIntervals	Lick
609.94175	4.634000000000128	TimeIntervals	Lick
614.609	0.1334999999999127	TimeIntervals	Lick
614.77575	0.43325000000015734	TimeIntervals	Lick
615.2425	0.06650000000013279	TimeIntervals	Lick
615.3425000000001	0.33350000000007185	TimeIntervals	Lick
615.7425	0.13350000000025375	TimeIntervals	Lick
615.9425000000001	0.06674999999995634	TimeIntervals	Lick
616.0425	0.2335000000000491	TimeIntervals	Lick
616.64275	0.06675000000007003	TimeIntervals	Lick
616.7760000000001	0.06675000000007003	TimeIntervals	Lick
616.9095000000001	0.06649999999990541	TimeIntervals	Lick
617.0427500000001	0.09999999999990905	TimeIntervals	Lick
617.1760000000002	0.06674999999984266	TimeIntervals	Lick
617.3095000000001	0.10000000000002274	TimeIntervals	Lick
617.476	0.06700000000000728	TimeIntervals	Lick
617.6095	0.10000000000002274	TimeIntervals	Lick
617.743	0.10000000000002274	TimeIntervals	Lick
617.87625	0.10000000000002274	TimeIntervals	Lick
618.043	0.10000000000002274	TimeIntervals	Lick
618.2095	0.20000000000004547	TimeIntervals	Lick
618.443	0.10000000000002274	TimeIntervals	Lick
618.5762500000001	0.20024999999998272	TimeIntervals	Lick
618.8097500000001	0.09999999999990905	TimeIntervals	Lick
618.9765000000001	0.10000000000002274	TimeIntervals	Lick
619.1097500000001	0.09999999999990905	TimeIntervals	Lick
619.3097500000001	0.33324999999990723	TimeIntervals	Lick
619.6765000000001	0.09999999999990905	TimeIntervals	Lick
619.8100000000002	0.09999999999979536	TimeIntervals	Lick
619.94325	0.10000000000002274	TimeIntervals	Lick
620.11	0.10000000000013642	TimeIntervals	Lick
620.2432500000001	0.09999999999990905	TimeIntervals	Lick
620.41	0.20000000000004547	TimeIntervals	Lick
620.64325	0.10000000000013642	TimeIntervals	Lick
620.7765	0.10025000000007367	TimeIntervals	Lick
620.91	0.13350000000002638	TimeIntervals	Lick
621.0767500000001	0.10000000000002274	TimeIntervals	Lick
621.2100000000002	0.10000000000002274	TimeIntervals	Lick
621.3435000000001	0.09999999999990905	TimeIntervals	Lick
621.4767499999999	0.10000000000013642	TimeIntervals	Lick
621.7100000000002	0.06674999999984266	TimeIntervals	Lick
621.8100000000002	0.09999999999979536	TimeIntervals	Lick
621.9770000000001	0.06649999999990541	TimeIntervals	Lick
622.177	3.0670000000000073	TimeIntervals	Lick
622.177	0.10000000000002274	TimeIntervals	Reward
625.2775000000001	0.09999999999990905	TimeIntervals	Lick
625.41075	0.09999999999990905	TimeIntervals	Lick
625.5440000000001	0.09999999999990905	TimeIntervals	Lick
625.6775	0.10000000000013642	TimeIntervals	Lick
625.8107500000001	0.09999999999990905	TimeIntervals	Lick
625.944	0.2335000000000491	TimeIntervals	Lick
626.2107500000002	0.09999999999990905	TimeIntervals	Lick
626.3440000000002	0.1002499999998463	TimeIntervals	Lick
626.4775000000001	0.5	TimeIntervals	Lick
627.011	0.13324999999997544	TimeIntervals	Lick
627.1775	0.10000000000013642	TimeIntervals	Lick
627.3110000000001	0.1999999999998181	TimeIntervals	Lick
627.5445	0.13325000000008913	TimeIntervals	Lick
627.7445	0.10000000000013642	TimeIntervals	Lick
627.8777500000001	0.09999999999990905	TimeIntervals	Lick
628.011	0.06675000000018372	TimeIntervals	Lick
628.1110000000001	0.06674999999995634	TimeIntervals	Lick
628.2110000000001	0.23349999999982174	TimeIntervals	Lick
628.47775	0.10025000000007367	TimeIntervals	Lick
628.678	0.0665000000000191	TimeIntervals	Lick
628.8112500000002	0.06674999999995634	TimeIntervals	Lick
628.9780000000001	0.033249999999952706	TimeIntervals	Lick
629.1445	0.6335000000000264	TimeIntervals	Lick
629.9115	0.09999999999990905	TimeIntervals	Lick
630.3447500000001	0.09999999999990905	TimeIntervals	Lick
630.6115000000001	0.06649999999990541	TimeIntervals	Lick
630.7115000000001	0.09999999999990905	TimeIntervals	Lick
630.945	0.09999999999990905	TimeIntervals	Lick
631.3115	0.10000000000002274	TimeIntervals	Lick
631.445	0.09999999999990905	TimeIntervals	Lick
631.6115000000001	0.10000000000002274	TimeIntervals	Lick
631.7450000000001	0.09999999999990905	TimeIntervals	Lick
631.8785000000001	0.2332499999998845	TimeIntervals	Lick
632.61175	0.10000000000013642	TimeIntervals	Lick
632.7450000000001	0.09999999999990905	TimeIntervals	Lick
632.94525	0.06675000000007003	TimeIntervals	Lick
633.24525	0.10000000000002274	TimeIntervals	Lick
633.8785000000001	0.06674999999984266	TimeIntervals	Lick
634.2455000000001	0.10000000000002274	TimeIntervals	Lick
634.4119999999999	0.06675000000018372	TimeIntervals	Lick
634.5120000000001	0.09999999999990905	TimeIntervals	Lick
634.6455	0.20000000000015916	TimeIntervals	Lick
634.8787500000002	0.09999999999990905	TimeIntervals	Lick
635.0120000000001	0.09999999999990905	TimeIntervals	Lick
635.1455	0.20000000000015916	TimeIntervals	Lick
635.3790000000001	0.3664999999999736	TimeIntervals	Lick
635.7790000000001	0.0665000000000191	TimeIntervals	Lick
635.8790000000001	3.06699999999978	TimeIntervals	Lick
636.1790000000001	0.10000000000002274	TimeIntervals	Reward
638.9795	0.10000000000013642	TimeIntervals	Lick
639.11275	0.6002500000000737	TimeIntervals	Lick
639.74625	0.9335000000000946	TimeIntervals	Lick
640.7130000000001	0.10000000000002274	TimeIntervals	Lick
640.8465000000001	0.09999999999979536	TimeIntervals	Lick
640.9797500000001	0.10000000000002274	TimeIntervals	Lick
641.113	0.1334999999999127	TimeIntervals	Lick
641.27975	0.10000000000013642	TimeIntervals	Lick
641.413	0.06675000000007003	TimeIntervals	Lick
641.5465	0.10000000000013642	TimeIntervals	Lick
641.7800000000001	0.13324999999986176	TimeIntervals	Lick
641.9464999999999	0.06675000000018372	TimeIntervals	Lick
642.0800000000002	0.09999999999990905	TimeIntervals	Lick
642.2465	0.36675000000013824	TimeIntervals	Lick
642.6465000000002	0.06674999999984266	TimeIntervals	Lick
642.8800000000001	0.09999999999979536	TimeIntervals	Lick
643.04675	0.06675000000007003	TimeIntervals	Lick
643.34675	1.0335000000001173	TimeIntervals	Lick
644.647	0.09999999999990905	TimeIntervals	Lick
644.8135000000002	0.06674999999995634	TimeIntervals	Lick
644.9135	0.10000000000002274	TimeIntervals	Lick
645.11375	0.03325000000006639	TimeIntervals	Lick
645.3805000000002	0.06649999999967804	TimeIntervals	Lick
645.7137500000001	0.4002499999999145	TimeIntervals	Lick
646.1805	0.09999999999990905	TimeIntervals	Lick
646.7805	0.10000000000025011	TimeIntervals	Lick
646.9472499999999	0.06675000000018372	TimeIntervals	Lick
647.3475	0.0665000000000191	TimeIntervals	Lick
647.4807500000001	0.09999999999990905	TimeIntervals	Lick
647.6807500000001	0.033249999999952706	TimeIntervals	Lick
647.8140000000002	0.06674999999995634	TimeIntervals	Lick
648.28075	0.06674999999995634	TimeIntervals	Lick
648.7475000000001	0.06675000000007003	TimeIntervals	Lick
649.7145	0.10000000000002274	TimeIntervals	Lick
649.8477500000001	0.06674999999995634	TimeIntervals	Lick
649.981	0.10000000000002274	TimeIntervals	Lick
650.3145000000001	0.06650000000013279	TimeIntervals	Lick
650.648	0.10000000000002274	TimeIntervals	Lick
651.1812500000001	0.10000000000002274	TimeIntervals	Lick
651.948	0.10000000000002274	TimeIntervals	Lick
652.7482500000001	0.10000000000002274	TimeIntervals	Lick
652.8815000000001	0.06674999999984266	TimeIntervals	Lick
653.2815000000002	0.06674999999995634	TimeIntervals	Lick
653.415	0.06650000000013279	TimeIntervals	Lick
653.54825	0.10000000000013642	TimeIntervals	Lick
653.6815	0.06675000000007003	TimeIntervals	Lick
653.7815000000002	0.133499999999799	TimeIntervals	Lick
654.2150000000001	0.09999999999990905	TimeIntervals	Lick
654.3485000000002	0.09999999999979536	TimeIntervals	Lick
656.1820000000001	0.10000000000002274	TimeIntervals	Lick
656.3155000000002	0.09999999999979536	TimeIntervals	Lick
656.44875	0.20000000000004547	TimeIntervals	Lick
656.6820000000001	0.1999999999999318	TimeIntervals	Lick
656.9155	0.3000000000000682	TimeIntervals	Lick
657.249	0.10000000000002274	TimeIntervals	Lick
657.3822500000001	0.09999999999990905	TimeIntervals	Lick
657.5155000000001	0.06674999999995634	TimeIntervals	Lick
657.6155	0.10000000000002274	TimeIntervals	Lick
657.749	0.10000000000002274	TimeIntervals	Lick
657.8822500000001	0.09999999999990905	TimeIntervals	Lick
658.0155000000001	0.09999999999990905	TimeIntervals	Lick
658.1490000000001	2.500499999999988	TimeIntervals	Lick
658.249	0.06675000000007003	TimeIntervals	Reward
660.68275	0.10000000000002274	TimeIntervals	Lick
660.8160000000001	0.09999999999990905	TimeIntervals	Lick
660.9495000000001	0.5335000000000036	TimeIntervals	Lick
661.5162499999999	0.13325000000020282	TimeIntervals	Lick
661.6830000000001	0.43324999999992997	TimeIntervals	Lick
662.3495000000001	0.09999999999990905	TimeIntervals	Lick
662.64975	0.06674999999995634	TimeIntervals	Lick
662.7830000000001	0.03349999999988995	TimeIntervals	Lick
662.9165000000002	0.33324999999990723	TimeIntervals	Lick
663.34975	0.10000000000002274	TimeIntervals	Lick
663.7165	0.10000000000002274	TimeIntervals	Lick
664.18325	0.13324999999997544	TimeIntervals	Lick
664.5164999999998	0.16675000000020646	TimeIntervals	Lick
664.75	0.10000000000002274	TimeIntervals	Lick
665.51675	0.09999999999990905	TimeIntervals	Lick
665.8835000000001	0.06674999999984266	TimeIntervals	Lick
666.2835000000001	0.06674999999995634	TimeIntervals	Reward
666.4834999999999	1.4002500000000282	TimeIntervals	Lick
667.917	0.33350000000007185	TimeIntervals	Lick
668.2840000000001	0.09999999999990905	TimeIntervals	Lick
668.4172500000001	0.7000000000000455	TimeIntervals	Lick
669.1505000000001	0.10025000000007367	TimeIntervals	Lick
669.2840000000001	0.09999999999990905	TimeIntervals	Lick
669.4174999999999	0.26650000000017826	TimeIntervals	Lick
669.7175000000001	0.0665000000000191	TimeIntervals	Lick
669.8175000000001	0.06649999999990541	TimeIntervals	Lick
669.9174999999999	0.33350000000007185	TimeIntervals	Lick
670.3175000000001	0.09999999999979536	TimeIntervals	Lick
670.8842500000001	0.09999999999990905	TimeIntervals	Lick
671.051	0.09999999999990905	TimeIntervals	Lick
671.18425	0.10000000000013642	TimeIntervals	Lick
671.3175000000001	0.1002499999998463	TimeIntervals	Lick
671.4845	0.0665000000000191	TimeIntervals	Lick
671.5845	0.09999999999990905	TimeIntervals	Lick
671.7177500000001	0.10000000000002274	TimeIntervals	Lick
671.8510000000001	0.06674999999984266	TimeIntervals	Lick
671.9509999999999	0.36675000000025193	TimeIntervals	Lick
672.3510000000001	0.09999999999979536	TimeIntervals	Lick
672.4845	0.06674999999995634	TimeIntervals	Lick
672.5845	0.09999999999990905	TimeIntervals	Lick
672.718	0.10000000000025011	TimeIntervals	Lick
672.8512500000002	0.09999999999990905	TimeIntervals	Lick
672.9845	0.10000000000002274	TimeIntervals	Lick
673.1179999999999	0.10000000000002274	TimeIntervals	Lick
673.25125	0.10000000000013642	TimeIntervals	Lick
673.3180000000002	0.09999999999979536	TimeIntervals	Reward
673.3845000000001	2.7672499999998763	TimeIntervals	Lick
676.185	0.10000000000002274	TimeIntervals	Lick
676.3185	0.46649999999999636	TimeIntervals	Lick
676.8185	0.10000000000002274	TimeIntervals	Lick
676.952	0.8000000000000682	TimeIntervals	Lick
677.7852500000001	0.09999999999990905	TimeIntervals	Lick
677.9185	0.10025000000007367	TimeIntervals	Lick
678.052	0.10000000000002274	TimeIntervals	Lick
678.1855	0.2664999999999509	TimeIntervals	Lick
678.4855	0.2665000000000646	TimeIntervals	Lick
678.8187500000001	0.13324999999986176	TimeIntervals	Lick
678.9855	0.10000000000002274	TimeIntervals	Lick
679.119	0.10000000000013642	TimeIntervals	Lick
679.25225	0.13325000000008913	TimeIntervals	Lick
679.4190000000001	0.09999999999990905	TimeIntervals	Lick
679.5855	0.06675000000007003	TimeIntervals	Lick
679.7190000000002	0.06649999999990541	TimeIntervals	Lick
679.85225	0.06675000000007003	TimeIntervals	Lick
679.95225	0.16674999999997908	TimeIntervals	Lick
680.5525	0.10000000000013642	TimeIntervals	Lick
680.7190000000002	0.03349999999988995	TimeIntervals	Lick
680.8525000000001	0.0665000000000191	TimeIntervals	Lick
681.019	0.06675000000018372	TimeIntervals	Lick
681.5192499999999	0.10000000000013642	TimeIntervals	Lick
681.986	0.13325000000008913	TimeIntervals	Lick
682.1525000000001	0.06674999999995634	TimeIntervals	Lick
682.2525	0.10000000000002274	TimeIntervals	Lick
683.186	0.10000000000013642	TimeIntervals	Lick
683.5195	0.06675000000007003	TimeIntervals	Lick
683.8195000000001	0.06675000000007003	TimeIntervals	Lick
684.0195	0.10000000000002274	TimeIntervals	Lick
684.3530000000001	0.10000000000002274	TimeIntervals	Lick
684.553	0.06674999999995634	TimeIntervals	Lick
684.7530000000002	0.06674999999995634	TimeIntervals	Lick
685.3530000000001	0.10000000000002274	TimeIntervals	Lick
685.51975	0.06675000000007003	TimeIntervals	Lick
685.72	0.10000000000002274	TimeIntervals	Lick
685.8865000000001	0.06674999999995634	TimeIntervals	Lick
686.5865000000001	0.09999999999990905	TimeIntervals	Lick
686.72	0.06675000000018372	TimeIntervals	Lick
687.0867500000002	0.09999999999990905	TimeIntervals	Lick
687.2867500000002	0.09999999999990905	TimeIntervals	Lick
687.7535000000001	0.10000000000002274	TimeIntervals	Lick
687.92025	0.09999999999990905	TimeIntervals	Lick
688.4535	0.10000000000002274	TimeIntervals	Lick
688.9535	0.06700000000000728	TimeIntervals	Lick
689.25375	0.10000000000025011	TimeIntervals	Lick
689.3870000000002	0.09999999999979536	TimeIntervals	Lick
689.55375	0.06674999999995634	TimeIntervals	Lick
689.65375	0.10000000000002274	TimeIntervals	Lick
689.7870000000001	0.06675000000007003	TimeIntervals	Lick
689.8870000000002	0.20024999999986903	TimeIntervals	Lick
690.1205	0.06675000000007003	TimeIntervals	Lick
690.2205	0.10000000000013642	TimeIntervals	Lick
690.3540000000002	0.09999999999968168	TimeIntervals	Lick
690.4872500000001	0.1999999999999318	TimeIntervals	Lick
690.7205	0.10000000000013642	TimeIntervals	Lick
690.8540000000002	0.09999999999968168	TimeIntervals	Lick
690.9872500000001	0.09999999999990905	TimeIntervals	Lick
691.1205	0.13350000000002638	TimeIntervals	Lick
691.2875	0.06650000000013279	TimeIntervals	Lick
691.3875000000002	2.766999999999939	TimeIntervals	Lick
691.3875000000002	0.09999999999990905	TimeIntervals	Reward
694.18775	0.10000000000002274	TimeIntervals	Lick
694.3209999999999	0.10000000000013642	TimeIntervals	Lick
694.4544999999999	0.10000000000013642	TimeIntervals	Lick
694.5880000000001	0.6332499999999754	TimeIntervals	Lick
695.2545	0.10000000000013642	TimeIntervals	Lick
695.3880000000001	0.10000000000002274	TimeIntervals	Lick
695.5215	0.10000000000013642	TimeIntervals	Lick
695.65475	0.26674999999988813	TimeIntervals	Lick
695.9547499999999	0.10000000000013642	TimeIntervals	Lick
696.0880000000001	0.2667500000000018	TimeIntervals	Lick
696.3880000000001	0.133499999999799	TimeIntervals	Lick
696.55475	0.06675000000007003	TimeIntervals	Lick
696.6550000000001	0.10000000000002274	TimeIntervals	Lick
696.855	0.09999999999990905	TimeIntervals	Lick
696.9882500000001	0.2332499999998845	TimeIntervals	Lick
697.4214999999999	0.10000000000002274	TimeIntervals	Lick
697.58825	0.10000000000013642	TimeIntervals	Lick
697.7550000000001	0.09999999999990905	TimeIntervals	Lick
697.9549999999999	0.10000000000002274	TimeIntervals	Lick
698.12175	0.10000000000002274	TimeIntervals	Lick
698.2885000000001	0.06649999999990541	TimeIntervals	Lick
698.42175	0.10000000000002274	TimeIntervals	Lick
698.6550000000001	0.46699999999987085	TimeIntervals	Lick
699.1552500000001	0.10000000000002274	TimeIntervals	Lick
699.3552500000001	0.06674999999984266	TimeIntervals	Lick
699.5885	0.06675000000018372	TimeIntervals	Lick
699.9219999999999	0.13350000000002638	TimeIntervals	Lick
700.122	0.06675000000007003	TimeIntervals	Lick
700.2220000000001	0.2999999999999545	TimeIntervals	Lick
700.58875	0.06674999999995634	TimeIntervals	Lick
700.7555000000002	0.3667499999997972	TimeIntervals	Lick
701.1555	0.10000000000025011	TimeIntervals	Lick
701.7890000000002	0.06649999999979173	TimeIntervals	Lick
701.9555	0.30025000000011914	TimeIntervals	Lick
702.3890000000001	0.06674999999984266	TimeIntervals	Lick
702.8225	0.10000000000002274	TimeIntervals	Lick
703.3225	0.1334999999999127	TimeIntervals	Lick
703.5225	0.09999999999990905	TimeIntervals	Lick
703.7560000000002	0.06649999999979173	TimeIntervals	Lick
704.7227500000001	0.09999999999990905	TimeIntervals	Lick
704.8560000000001	0.06674999999995634	TimeIntervals	Lick
705.056	0.06674999999995634	TimeIntervals	Lick
705.2227500000001	0.09999999999990905	TimeIntervals	Lick
705.4562500000001	0.06674999999984266	TimeIntervals	Lick
705.623	0.06649999999990541	TimeIntervals	Lick
705.7895000000001	0.06675000000007003	TimeIntervals	Lick
705.9895	0.10000000000002274	TimeIntervals	Lick
706.2895000000001	0.10000000000013642	TimeIntervals	Lick
706.4895	0.03349999999988995	TimeIntervals	Lick
706.98975	0.10000000000013642	TimeIntervals	Lick
707.3897500000002	0.09999999999979536	TimeIntervals	Lick
707.8565000000001	0.09999999999990905	TimeIntervals	Lick
708.02325	0.06675000000018372	TimeIntervals	Lick
708.9235	0.20000000000004547	TimeIntervals	Lick
709.1567500000001	0.09999999999990905	TimeIntervals	Lick
709.3235	0.23325000000011187	TimeIntervals	Lick
709.5900000000001	0.30025000000000546	TimeIntervals	Lick
709.9235	0.20000000000004547	TimeIntervals	Lick
710.1570000000002	0.09999999999990905	TimeIntervals	Lick
710.29025	0.10000000000013642	TimeIntervals	Lick
710.4235	0.10000000000002274	TimeIntervals	Lick
710.557	0.10000000000013642	TimeIntervals	Lick
710.6902500000001	0.6334999999999127	TimeIntervals	Lick
711.357	2.4337500000001455	TimeIntervals	Lick
711.457	0.06674999999995634	TimeIntervals	Reward
713.8240000000001	0.23349999999993543	TimeIntervals	Lick
714.0907500000001	0.2335000000000491	TimeIntervals	Lick
714.3575000000001	0.10000000000002274	TimeIntervals	Lick
714.491	0.10000000000002274	TimeIntervals	Lick
714.6242500000001	0.13324999999997544	TimeIntervals	Lick
714.7910000000002	0.06649999999990541	TimeIntervals	Lick
714.8910000000001	0.40000000000009095	TimeIntervals	Lick
715.3577500000001	0.39999999999997726	TimeIntervals	Lick
715.8245000000002	0.09999999999979536	TimeIntervals	Lick
715.991	0.06675000000007003	TimeIntervals	Lick
716.1245	0.06650000000013279	TimeIntervals	Lick
716.4245	0.10000000000002274	TimeIntervals	Lick
716.59125	0.10000000000002274	TimeIntervals	Lick
716.7580000000002	0.09999999999990905	TimeIntervals	Lick
716.958	0.0665000000000191	TimeIntervals	Lick
717.5915	0.10000000000002274	TimeIntervals	Lick
718.0915	0.13324999999997544	TimeIntervals	Lick
718.2915000000002	0.13324999999997544	TimeIntervals	Lick
718.4915000000001	0.06649999999990541	TimeIntervals	Lick
719.45825	0.13324999999997544	TimeIntervals	Lick
720.69175	0.06674999999995634	TimeIntervals	Lick
720.7920000000001	0.09999999999990905	TimeIntervals	Lick
720.9585000000001	0.06674999999984266	TimeIntervals	Lick
721.0920000000001	0.0665000000000191	TimeIntervals	Lick
721.2252500000001	0.06675000000007003	TimeIntervals	Lick
721.392	0.0665000000000191	TimeIntervals	Lick
721.82525	0.10025000000018736	TimeIntervals	Lick
722.55875	0.10000000000002274	TimeIntervals	Lick
723.1590000000001	0.09999999999990905	TimeIntervals	Lick
723.7255	0.10000000000002274	TimeIntervals	Lick
724.6925000000001	0.09999999999990905	TimeIntervals	Lick
725.45925	0.10000000000002274	TimeIntervals	Lick
725.6260000000002	0.06649999999990541	TimeIntervals	Lick
725.7592500000001	0.13324999999997544	TimeIntervals	Lick
726.05925	0.06675000000018372	TimeIntervals	Lick
726.1925000000001	0.09999999999990905	TimeIntervals	Lick
727.026	0.10000000000025011	TimeIntervals	Lick
727.6262499999999	0.13325000000020282	TimeIntervals	Lick
728.42625	0.13350000000002638	TimeIntervals	Lick
728.593	0.06675000000007003	TimeIntervals	Lick
728.6930000000001	0.09999999999990905	TimeIntervals	Lick
728.9265	0.10000000000002274	TimeIntervals	Lick
730.1265	0.13350000000002638	TimeIntervals	Lick
730.3932500000001	0.09999999999990905	TimeIntervals	Lick
730.56	0.0665000000000191	TimeIntervals	Lick
730.9267500000001	0.13324999999986176	TimeIntervals	Lick
731.26	0.10000000000002274	TimeIntervals	Lick
731.3935000000001	0.09999999999990905	TimeIntervals	Lick
731.52675	0.10000000000002274	TimeIntervals	Lick
732.2270000000001	0.10000000000002274	TimeIntervals	Lick
733.2937500000002	0.09999999999990905	TimeIntervals	Lick
733.427	0.10000000000002274	TimeIntervals	Lick
733.5605	0.06649999999990541	TimeIntervals	Lick
733.69375	0.10000000000013642	TimeIntervals	Lick
733.994	0.0665000000000191	TimeIntervals	Lick
735.5940000000002	0.1334999999999127	TimeIntervals	Lick
736.5275	0.13350000000014006	TimeIntervals	Lick
736.8610000000001	0.03324999999983902	TimeIntervals	Lick
737.061	0.03325000000006639	TimeIntervals	Lick
737.2275000000001	0.06699999999989359	TimeIntervals	Lick
738.96125	0.06675000000007003	TimeIntervals	Lick
739.06125	0.06675000000018372	TimeIntervals	Lick
739.1612500000001	0.06674999999995634	TimeIntervals	Lick
739.26125	0.10000000000002274	TimeIntervals	Lick
739.3945000000001	0.20024999999998272	TimeIntervals	Lick
739.6280000000002	0.06674999999995634	TimeIntervals	Lick
739.7280000000001	0.10000000000002274	TimeIntervals	Lick
739.8615000000002	0.33324999999990723	TimeIntervals	Lick
740.2280000000001	0.10000000000002274	TimeIntervals	Lick
740.3615000000002	0.09999999999979536	TimeIntervals	Lick
740.49475	3.567250000000058	TimeIntervals	Lick
740.49475	0.10025000000007367	TimeIntervals	Reward
744.0955	0.2665000000000646	TimeIntervals	Lick
744.3955000000001	0.2665000000000646	TimeIntervals	Lick
744.6955000000002	0.09999999999990905	TimeIntervals	Lick
744.82875	0.4002500000001419	TimeIntervals	Lick
745.26225	0.10000000000013642	TimeIntervals	Lick
745.3955000000001	0.26674999999988813	TimeIntervals	Lick
745.7290000000002	0.06649999999990541	TimeIntervals	Lick
745.829	0.13325000000008913	TimeIntervals	Lick
745.9955	0.06700000000000728	TimeIntervals	Lick
746.1625	0.03325000000006639	TimeIntervals	Lick
746.7290000000002	0.09999999999979536	TimeIntervals	Lick
747.0625	0.0665000000000191	TimeIntervals	Lick
747.2292500000001	0.06675000000007003	TimeIntervals	Lick
747.3292500000001	0.06674999999995634	TimeIntervals	Lick
747.4960000000001	0.23324999999999818	TimeIntervals	Lick
747.9292499999999	0.06675000000018372	TimeIntervals	Lick
748.096	0.09999999999990905	TimeIntervals	Lick
748.5627499999999	0.10000000000013642	TimeIntervals	Lick
749.1295	0.10000000000002274	TimeIntervals	Lick
749.463	0.10000000000013642	TimeIntervals	Lick
749.69625	0.10000000000002274	TimeIntervals	Lick
749.89625	0.06674999999995634	TimeIntervals	Lick
750.19625	0.10000000000002274	TimeIntervals	Lick
750.82975	0.06675000000007003	TimeIntervals	Lick
750.963	0.06674999999995634	TimeIntervals	Lick
751.8632500000002	0.06674999999972897	TimeIntervals	Lick
751.9965000000001	0.03349999999988995	TimeIntervals	Lick
752.1300000000001	0.06649999999990541	TimeIntervals	Lick
752.2965	0.06675000000018372	TimeIntervals	Lick
752.6300000000001	0.09999999999979536	TimeIntervals	Lick
752.7635	0.10000000000025011	TimeIntervals	Lick
752.9635	0.03325000000006639	TimeIntervals	Lick
753.59675	0.06675000000007003	TimeIntervals	Lick
753.8635000000003	0.06674999999961528	TimeIntervals	Lick
754.0302499999999	0.03325000000006639	TimeIntervals	Lick
754.23025	0.06675000000007003	TimeIntervals	Lick
754.3635000000003	0.06674999999961528	TimeIntervals	Lick
754.797	0.10000000000002274	TimeIntervals	Lick
756.1640000000002	0.06649999999979173	TimeIntervals	Lick
756.2972500000001	0.09999999999990905	TimeIntervals	Lick
756.69725	0.06675000000007003	TimeIntervals	Lick
757.0975	0.10000000000002274	TimeIntervals	Lick
758.631	0.10000000000013642	TimeIntervals	Lick
760.2977500000001	0.10024999999995998	TimeIntervals	Lick
760.5645	0.06675000000007003	TimeIntervals	Lick
760.93125	0.10000000000002274	TimeIntervals	Lick
761.0645	0.10000000000013642	TimeIntervals	Lick
761.2645000000001	0.06674999999995634	TimeIntervals	Lick
761.398	0.10000000000002274	TimeIntervals	Lick
761.66475	0.06675000000007003	TimeIntervals	Lick
761.998	0.09999999999990905	TimeIntervals	Lick
762.1980000000001	0.06675000000007003	TimeIntervals	Lick
762.2980000000001	0.06674999999995634	TimeIntervals	Lick
762.59825	0.06675000000007003	TimeIntervals	Lick
762.7650000000001	0.06649999999990541	TimeIntervals	Lick
762.8650000000001	0.06649999999990541	TimeIntervals	Lick
762.965	0.0665000000000191	TimeIntervals	Lick
763.065	0.06649999999990541	TimeIntervals	Lick
763.1650000000001	0.10000000000002274	TimeIntervals	Lick
763.29825	0.06675000000007003	TimeIntervals	Lick
763.3982500000002	0.09999999999979536	TimeIntervals	Lick
763.5315	0.06674999999995634	TimeIntervals	Lick
764.3650000000001	0.09999999999990905	TimeIntervals	Lick
764.6650000000001	0.10024999999995998	TimeIntervals	Lick
764.8320000000001	0.09999999999990905	TimeIntervals	Lick
764.9985	0.03350000000000364	TimeIntervals	Lick
765.26525	0.06675000000007003	TimeIntervals	Lick
765.5652500000001	0.09999999999990905	TimeIntervals	Lick
766.09875	0.10000000000002274	TimeIntervals	Lick
766.3655000000001	0.09999999999990905	TimeIntervals	Lick
766.6320000000001	0.06674999999995634	TimeIntervals	Lick
766.9655	0.10000000000013642	TimeIntervals	Lick
767.1322500000001	0.06674999999995634	TimeIntervals	Lick
767.2655000000001	0.06674999999995634	TimeIntervals	Lick
767.3990000000001	0.06649999999990541	TimeIntervals	Lick
767.5322500000001	0.06674999999995634	TimeIntervals	Lick
767.6322500000001	0.06674999999995634	TimeIntervals	Lick
767.73225	0.13325000000008913	TimeIntervals	Lick
767.8990000000001	0.09999999999990905	TimeIntervals	Lick
769.766	0.10000000000025011	TimeIntervals	Lick
770.0660000000001	0.10000000000002274	TimeIntervals	Lick
770.1992500000001	0.20024999999998272	TimeIntervals	Lick
770.43275	0.09999999999990905	TimeIntervals	Lick
770.5660000000001	0.10000000000002274	TimeIntervals	Lick
770.6995000000002	0.1999999999999318	TimeIntervals	Lick
770.93275	0.09999999999990905	TimeIntervals	Lick
771.0995000000001	0.1999999999999318	TimeIntervals	Lick
771.3330000000001	0.09999999999990905	TimeIntervals	Lick
771.46625	0.10000000000002274	TimeIntervals	Lick
771.56625	0.06675000000018372	TimeIntervals	Reward
771.5995000000001	2.766999999999939	TimeIntervals	Lick
774.4000000000001	0.2667500000000018	TimeIntervals	Lick
774.7335000000002	0.06649999999990541	TimeIntervals	Lick
774.8667500000001	0.06674999999995634	TimeIntervals	Lick
775.0334999999999	0.06650000000013279	TimeIntervals	Lick
775.2000000000002	0.09999999999990905	TimeIntervals	Lick
775.3667500000001	0.06674999999995634	TimeIntervals	Lick
775.6667500000001	0.16674999999997908	TimeIntervals	Lick
776.1334999999999	0.10000000000025011	TimeIntervals	Lick
776.3335000000001	0.13350000000002638	TimeIntervals	Lick
777.3670000000001	0.06674999999995634	TimeIntervals	Lick
777.6005	0.0665000000000191	TimeIntervals	Reward
777.6005	0.0665000000000191	TimeIntervals	Lick
777.7669999999999	0.8670000000000755	TimeIntervals	Lick
778.6672500000001	1.3002499999998918	TimeIntervals	Lick
780.0007499999999	0.4002500000000282	TimeIntervals	Lick
780.43425	0.10000000000002274	TimeIntervals	Lick
780.5675000000001	0.09999999999990905	TimeIntervals	Lick
780.701	0.13325000000008913	TimeIntervals	Lick
780.8675000000002	0.23349999999982174	TimeIntervals	Lick
781.1342500000001	0.13350000000002638	TimeIntervals	Lick
781.3010000000002	0.09999999999979536	TimeIntervals	Lick
781.601	0.10000000000002274	TimeIntervals	Lick
782.001	0.06675000000018372	TimeIntervals	Lick
782.2345	0.10000000000002274	TimeIntervals	Lick
782.40125	0.09999999999990905	TimeIntervals	Lick
782.868	0.13324999999986176	TimeIntervals	Lick
783.0345	0.06675000000007003	TimeIntervals	Lick
783.168	0.10000000000002274	TimeIntervals	Lick
783.3012500000001	0.10024999999995998	TimeIntervals	Lick
783.43475	0.20000000000004547	TimeIntervals	Lick
783.668	0.10000000000002274	TimeIntervals	Lick
783.8015000000001	0.09999999999990905	TimeIntervals	Lick
783.93475	0.13325000000008913	TimeIntervals	Lick
784.1015000000001	0.20000000000004547	TimeIntervals	Lick
784.33475	0.10000000000002274	TimeIntervals	Lick
784.468	0.10025000000018736	TimeIntervals	Lick
784.6015000000001	2.5670000000000073	TimeIntervals	Lick
784.6015000000001	0.10000000000002274	TimeIntervals	Reward
787.2020000000001	0.09999999999990905	TimeIntervals	Lick
787.3352500000001	0.09999999999990905	TimeIntervals	Lick
787.4685	0.3670000000001892	TimeIntervals	Lick
787.8687500000001	0.23324999999999818	TimeIntervals	Lick
788.1355	0.10000000000013642	TimeIntervals	Lick
788.2687500000001	0.40000000000009095	TimeIntervals	Lick
788.7020000000001	0.09999999999990905	TimeIntervals	Lick
788.8355000000001	0.26674999999988813	TimeIntervals	Lick
789.1355	0.20000000000015916	TimeIntervals	Lick
789.369	0.16649999999981446	TimeIntervals	Lick
789.9354999999999	0.10025000000007367	TimeIntervals	Lick
790.23575	0.10000000000013642	TimeIntervals	Lick
790.5025	0.10000000000002274	TimeIntervals	Lick
790.6690000000001	0.06674999999995634	TimeIntervals	Lick
790.8025000000001	0.06649999999990541	TimeIntervals	Lick
790.93575	0.10000000000002274	TimeIntervals	Lick
791.1692500000001	0.06674999999995634	TimeIntervals	Lick
791.3025000000001	0.09999999999990905	TimeIntervals	Lick
791.7360000000001	0.0665000000000191	TimeIntervals	Lick
792.6695	0.10000000000013642	TimeIntervals	Lick
792.8360000000001	0.06674999999984266	TimeIntervals	Lick
793.1695	0.06650000000013279	TimeIntervals	Lick
793.6695	0.06675000000007003	TimeIntervals	Lick
794.3695000000001	0.10024999999995998	TimeIntervals	Lick
794.8030000000001	0.09999999999990905	TimeIntervals	Lick
795.2030000000001	0.06674999999995634	TimeIntervals	Lick
795.80325	0.10000000000002274	TimeIntervals	Lick
795.97	0.0665000000000191	TimeIntervals	Lick
796.1365000000001	0.10000000000002274	TimeIntervals	Lick
796.50325	0.06675000000007003	TimeIntervals	Lick
797.03675	0.10000000000002274	TimeIntervals	Lick
797.17	0.06675000000007003	TimeIntervals	Lick
797.4035	0.0665000000000191	TimeIntervals	Lick
797.53675	0.13324999999997544	TimeIntervals	Lick
797.8702500000002	0.06674999999984266	TimeIntervals	Lick
798.0369999999999	0.06650000000013279	TimeIntervals	Lick
798.2035	0.06675000000007003	TimeIntervals	Lick
798.3702500000002	0.06674999999984266	TimeIntervals	Lick
798.5035000000001	0.06674999999995634	TimeIntervals	Lick
798.6035	0.06675000000007003	TimeIntervals	Lick
799.0705000000002	0.09999999999990905	TimeIntervals	Lick
799.237	0.06675000000018372	TimeIntervals	Lick
799.3705000000001	0.13324999999986176	TimeIntervals	Lick
799.5369999999999	0.10000000000013642	TimeIntervals	Lick
799.6705000000001	0.06649999999990541	TimeIntervals	Lick
799.8037500000002	0.06674999999995634	TimeIntervals	Lick
800.2372500000001	0.06674999999995634	TimeIntervals	Lick
800.53725	0.06675000000018372	TimeIntervals	Lick
800.6705000000001	0.06675000000007003	TimeIntervals	Lick
800.7705000000001	0.06674999999995634	TimeIntervals	Lick
800.9705	0.06699999999989359	TimeIntervals	Lick
801.204	0.06675000000018372	TimeIntervals	Lick
801.6375000000002	0.09999999999990905	TimeIntervals	Lick
801.8375000000001	0.06649999999990541	TimeIntervals	Lick
801.97075	0.03325000000006639	TimeIntervals	Lick
802.7710000000001	0.0665000000000191	TimeIntervals	Lick
803.7044999999999	0.06650000000013279	TimeIntervals	Lick
804.0045	0.06649999999990541	TimeIntervals	Lick
804.13775	0.06674999999995634	TimeIntervals	Lick
804.23775	0.06675000000007003	TimeIntervals	Lick
804.3380000000001	0.0665000000000191	TimeIntervals	Lick
804.438	0.0665000000000191	TimeIntervals	Lick
805.40475	0.06674999999995634	TimeIntervals	Lick
805.5379999999999	0.06675000000018372	TimeIntervals	Lick
805.8715000000001	0.06649999999990541	TimeIntervals	Lick
805.9715	0.10000000000002274	TimeIntervals	Lick
806.1047500000001	0.2999999999999545	TimeIntervals	Lick
806.438	0.2002500000000964	TimeIntervals	Lick
806.6715	0.2335000000000491	TimeIntervals	Lick
806.9715	0.33350000000018554	TimeIntervals	Lick
807.33825	0.23324999999999818	TimeIntervals	Lick
807.6049999999999	1.7335000000000491	TimeIntervals	Lick
807.705	0.033500000000117325	TimeIntervals	Reward
809.3720000000002	0.6334999999999127	TimeIntervals	Lick
810.0387499999999	0.39999999999997726	TimeIntervals	Lick
810.472	0.10000000000002274	TimeIntervals	Lick
810.6055	0.13324999999997544	TimeIntervals	Lick
810.772	0.10000000000013642	TimeIntervals	Lick
810.9055	0.13350000000002638	TimeIntervals	Lick
811.07225	0.1999999999999318	TimeIntervals	Lick
811.3055	0.20000000000004547	TimeIntervals	Lick
811.57225	0.33324999999990723	TimeIntervals	Lick
811.9389999999999	0.466750000000161	TimeIntervals	Lick
812.5725	0.03325000000006639	TimeIntervals	Lick
813.9060000000001	0.09999999999990905	TimeIntervals	Lick
815.6395000000001	0.09999999999990905	TimeIntervals	Lick
817.1397500000002	0.06674999999984266	TimeIntervals	Lick
817.23975	0.10000000000013642	TimeIntervals	Lick
817.4065000000002	0.09999999999979536	TimeIntervals	Lick
819.2067499999999	0.06675000000018372	TimeIntervals	Lick
819.50675	0.06674999999995634	TimeIntervals	Lick
819.7735000000001	0.06674999999984266	TimeIntervals	Lick
819.9402499999999	0.06675000000018372	TimeIntervals	Lick
820.107	0.0665000000000191	TimeIntervals	Lick
820.24025	0.06675000000007003	TimeIntervals	Lick
820.3735000000001	0.03350000000000364	TimeIntervals	Lick
820.4735	0.033500000000117325	TimeIntervals	Lick
820.5735	0.06675000000007003	TimeIntervals	Lick
820.6735	0.06700000000000728	TimeIntervals	Lick
821.1405000000001	0.09999999999990905	TimeIntervals	Lick
822.074	0.06650000000013279	TimeIntervals	Lick
822.20725	0.09999999999990905	TimeIntervals	Lick
822.3740000000001	0.06649999999990541	TimeIntervals	Lick
822.5405	0.06675000000007003	TimeIntervals	Lick
822.6740000000001	0.06649999999990541	TimeIntervals	Lick
822.80725	0.06675000000018372	TimeIntervals	Lick
823.0075	0.09999999999990905	TimeIntervals	Lick
823.2407499999999	0.10000000000013642	TimeIntervals	Lick
825.2077499999999	0.10000000000025011	TimeIntervals	Lick
826.10775	0.09999999999990905	TimeIntervals	Lick
826.2745000000001	0.10000000000002274	TimeIntervals	Lick
827.3415	0.09999999999990905	TimeIntervals	Lick
828.3415	0.06650000000013279	TimeIntervals	Lick
828.4749999999999	0.10000000000002274	TimeIntervals	Lick
828.6415	0.06675000000007003	TimeIntervals	Lick
828.8415	0.06675000000007003	TimeIntervals	Lick
829.0415000000002	0.09999999999979536	TimeIntervals	Lick
829.1750000000001	0.10000000000002274	TimeIntervals	Lick
829.30825	0.10000000000002274	TimeIntervals	Lick
830.7752500000001	0.09999999999990905	TimeIntervals	Lick
831.042	0.06649999999990541	TimeIntervals	Lick
831.17525	0.06675000000007003	TimeIntervals	Lick
831.3085000000002	0.09999999999979536	TimeIntervals	Lick
831.6084999999999	0.10000000000002274	TimeIntervals	Lick
831.8087500000001	0.033249999999952706	TimeIntervals	Lick
835.3760000000002	0.09999999999979536	TimeIntervals	Lick
835.976	0.10000000000002274	TimeIntervals	Lick
836.1425	0.03350000000023101	TimeIntervals	Lick
836.576	0.10000000000025011	TimeIntervals	Lick
836.7095	0.06649999999990541	TimeIntervals	Lick
836.8427500000001	0.09999999999990905	TimeIntervals	Lick
836.976	0.16675000000009277	TimeIntervals	Lick
837.1760000000003	0.20024999999975535	TimeIntervals	Lick
837.4095	0.10000000000002274	TimeIntervals	Lick
837.543	2.2002500000000964	TimeIntervals	Lick
837.743	0.033249999999952706	TimeIntervals	Reward
839.7765	0.633499999999799	TimeIntervals	Lick
840.4432500000001	0.1002499999998463	TimeIntervals	Lick
840.5767500000002	0.3999999999997499	TimeIntervals	Lick
841.1435	0.06650000000013279	TimeIntervals	Lick
841.27675	0.10000000000013642	TimeIntervals	Lick
841.7435	0.10000000000002274	TimeIntervals	Lick
842.0435	0.10000000000002274	TimeIntervals	Lick
842.2435	0.10000000000002274	TimeIntervals	Lick
842.4102499999999	0.10000000000002274	TimeIntervals	Lick
842.6435	0.10024999999995998	TimeIntervals	Lick
842.777	0.133499999999799	TimeIntervals	Lick
842.9770000000001	0.10000000000002274	TimeIntervals	Lick
843.2105000000001	0.06649999999990541	TimeIntervals	Lick
843.3105	0.2999999999999545	TimeIntervals	Lick
843.677	0.06674999999995634	TimeIntervals	Lick
843.777	0.23349999999993543	TimeIntervals	Lick
844.0772500000002	0.06674999999984266	TimeIntervals	Lick
844.2772500000001	0.09999999999990905	TimeIntervals	Lick
844.87725	0.1334999999999127	TimeIntervals	Lick
845.444	0.10000000000013642	TimeIntervals	Lick
845.61075	0.06674999999995634	TimeIntervals	Lick
845.8107500000001	0.09999999999990905	TimeIntervals	Lick
846.0775000000001	0.09999999999990905	TimeIntervals	Lick
846.2775000000001	0.06674999999995634	TimeIntervals	Lick
846.411	0.0665000000000191	TimeIntervals	Lick
846.7442500000001	0.10000000000002274	TimeIntervals	Lick
847.2445	0.06650000000013279	TimeIntervals	Lick
848.7112500000001	0.06674999999995634	TimeIntervals	Lick
850.04475	0.10000000000002274	TimeIntervals	Lick
852.2450000000001	0.10000000000002274	TimeIntervals	Lick
852.3785000000001	0.06649999999990541	TimeIntervals	Lick
852.51175	0.06674999999995634	TimeIntervals	Lick
853.3452500000003	0.09999999999956799	TimeIntervals	Lick
853.8787500000002	0.03324999999972533	TimeIntervals	Lick
853.9787500000001	0.06674999999995634	TimeIntervals	Lick
854.07875	0.1999999999999318	TimeIntervals	Lick
854.312	0.2335000000000491	TimeIntervals	Lick
854.57875	0.06674999999995634	TimeIntervals	Lick
854.67875	0.09999999999990905	TimeIntervals	Lick
854.812	0.10024999999995998	TimeIntervals	Lick
854.9454999999999	0.20000000000004547	TimeIntervals	Lick
855.1790000000001	0.10000000000002274	TimeIntervals	Lick
855.3122500000001	0.09999999999990905	TimeIntervals	Lick
855.4454999999999	0.20000000000004547	TimeIntervals	Lick
855.6790000000001	0.10000000000002274	TimeIntervals	Lick
855.7790000000001	0.0665000000000191	TimeIntervals	Reward
855.8122500000001	3.3672500000000127	TimeIntervals	Lick
859.2130000000001	0.40000000000009095	TimeIntervals	Lick
859.6462500000001	0.10000000000002274	TimeIntervals	Lick
859.7795000000001	0.10000000000002274	TimeIntervals	Lick
859.9129999999999	0.13325000000008913	TimeIntervals	Lick
860.0794999999999	0.10000000000013642	TimeIntervals	Lick
860.2130000000001	0.0665000000000191	TimeIntervals	Lick
860.3130000000001	0.06675000000007003	TimeIntervals	Lick
860.4129999999999	0.20000000000027285	TimeIntervals	Lick
860.6465000000002	0.09999999999990905	TimeIntervals	Lick
860.77975	0.06675000000007003	TimeIntervals	Lick
860.8797500000002	0.36674999999991087	TimeIntervals	Lick
861.4799999999999	0.3332500000001346	TimeIntervals	Lick
861.9132500000001	0.09999999999990905	TimeIntervals	Lick
862.6135	0.06650000000013279	TimeIntervals	Lick
862.9799999999999	0.10000000000013642	TimeIntervals	Lick
863.4799999999999	0.10000000000013642	TimeIntervals	Lick
863.8802500000002	0.09999999999979536	TimeIntervals	Lick
864.147	0.06649999999990541	TimeIntervals	Lick
864.81375	0.09999999999990905	TimeIntervals	Lick
864.9469999999999	0.10000000000002274	TimeIntervals	Lick
865.11375	0.06675000000007003	TimeIntervals	Lick
865.21375	0.06674999999995634	TimeIntervals	Lick
865.3805000000002	0.09999999999979536	TimeIntervals	Lick
865.5805	0.0665000000000191	TimeIntervals	Lick
867.0474999999999	0.10000000000025011	TimeIntervals	Lick
867.614	0.10000000000002274	TimeIntervals	Lick
867.7475000000001	0.09999999999990905	TimeIntervals	Lick
867.8807500000001	0.1002499999998463	TimeIntervals	Lick
868.0474999999999	0.06675000000018372	TimeIntervals	Lick
868.21425	0.06675000000007003	TimeIntervals	Lick
868.5474999999999	0.10000000000025011	TimeIntervals	Lick
869.2810000000001	0.10000000000013642	TimeIntervals	Lick
869.4145000000001	0.06649999999990541	TimeIntervals	Lick
869.581	0.06675000000007003	TimeIntervals	Lick
869.7810000000001	0.06675000000007003	TimeIntervals	Lick
869.9145000000001	0.06649999999990541	TimeIntervals	Lick
870.5812500000001	0.06675000000007003	TimeIntervals	Lick
870.68125	0.06675000000018372	TimeIntervals	Lick
870.8145000000001	0.10000000000002274	TimeIntervals	Lick
870.948	0.10000000000002274	TimeIntervals	Lick
871.0812500000001	0.09999999999990905	TimeIntervals	Lick
871.2145	0.10024999999995998	TimeIntervals	Lick
871.3480000000001	0.3000000000000682	TimeIntervals	Lick
871.6815	0.20000000000004547	TimeIntervals	Lick
871.91475	0.10000000000013642	TimeIntervals	Lick
872.048	0.10000000000013642	TimeIntervals	Lick
872.1815	0.06650000000013279	TimeIntervals	Lick
872.2815000000002	0.1999999999999318	TimeIntervals	Lick
872.5150000000001	0.09999999999990905	TimeIntervals	Lick
872.6482500000002	0.09999999999990905	TimeIntervals	Lick
872.7815000000002	0.09999999999990905	TimeIntervals	Lick
872.8482500000001	0.033249999999952706	TimeIntervals	Reward
872.915	0.8667500000001382	TimeIntervals	Lick
873.815	1.7002499999999827	TimeIntervals	Lick
875.5485	0.4002500000000282	TimeIntervals	Lick
875.982	0.13350000000002638	TimeIntervals	Lick
876.1487500000001	0.10000000000013642	TimeIntervals	Lick
876.2820000000002	0.06674999999984266	TimeIntervals	Lick
876.482	0.10000000000002274	TimeIntervals	Lick
876.9155	0.13350000000014006	TimeIntervals	Lick
877.08225	0.2667500000000018	TimeIntervals	Lick
878.0157500000001	0.13324999999997544	TimeIntervals	Lick
878.3825000000002	0.09999999999979536	TimeIntervals	Lick
878.8825000000002	0.06649999999979173	TimeIntervals	Lick
879.016	0.10000000000002274	TimeIntervals	Lick
879.216	0.06650000000013279	TimeIntervals	Lick
879.7825000000001	0.06674999999984266	TimeIntervals	Lick
880.1495000000001	0.06649999999990541	TimeIntervals	Lick
880.416	0.06674999999995634	TimeIntervals	Lick
880.7495	0.10000000000013642	TimeIntervals	Lick
881.31625	0.06675000000018372	TimeIntervals	Lick
881.5495	0.06675000000007003	TimeIntervals	Lick
881.7830000000001	0.0665000000000191	TimeIntervals	Lick
882.1830000000001	0.1667499999998654	TimeIntervals	Lick
882.3830000000002	0.06674999999984266	TimeIntervals	Lick
882.5497500000001	0.06674999999995634	TimeIntervals	Lick
882.7497500000001	0.06674999999995634	TimeIntervals	Lick
882.8830000000002	0.09999999999990905	TimeIntervals	Lick
883.34975	0.06675000000018372	TimeIntervals	Lick
883.4832499999999	0.06675000000018372	TimeIntervals	Lick
883.8832500000001	0.09999999999979536	TimeIntervals	Lick
884.0164999999998	0.06675000000018372	TimeIntervals	Lick
884.18325	0.06674999999995634	TimeIntervals	Lick
884.2832500000001	0.10000000000002274	TimeIntervals	Lick
884.4165000000002	0.30024999999989177	TimeIntervals	Lick
884.75	0.10000000000002274	TimeIntervals	Lick
884.8835000000001	0.09999999999979536	TimeIntervals	Lick
885.0167499999999	0.43325000000004366	TimeIntervals	Lick
885.4834999999999	0.10000000000002274	TimeIntervals	Lick
885.6170000000001	0.10000000000002274	TimeIntervals	Lick
885.7502499999999	0.10000000000002274	TimeIntervals	Lick
885.8835000000001	1.8002500000000055	TimeIntervals	Lick
885.8835000000001	0.06674999999972897	TimeIntervals	Reward
887.7170000000001	1.4004999999998518	TimeIntervals	Lick
889.15075	0.10000000000013642	TimeIntervals	Lick
889.2840000000001	0.133499999999799	TimeIntervals	Lick
889.45075	0.36675000000013824	TimeIntervals	Lick
889.85075	0.30025000000000546	TimeIntervals	Lick
890.251	0.3332500000001346	TimeIntervals	Lick
890.6175	2.2670000000001664	TimeIntervals	Lick
892.9512500000001	4.300749999999994	TimeIntervals	Lick
897.2852500000001	0.09999999999990905	TimeIntervals	Lick
897.4185	0.13350000000002638	TimeIntervals	Lick
897.5852500000001	0.10024999999995998	TimeIntervals	Lick
897.7187500000001	0.2332499999998845	TimeIntervals	Lick
897.9855	0.10000000000013642	TimeIntervals	Lick
898.11875	0.10000000000013642	TimeIntervals	Lick
898.2520000000001	0.10000000000002274	TimeIntervals	Lick
898.3855000000001	0.09999999999990905	TimeIntervals	Lick
898.552	0.10000000000002274	TimeIntervals	Lick
898.6855	0.10000000000002274	TimeIntervals	Lick
898.8190000000001	0.10000000000002274	TimeIntervals	Lick
898.9522500000002	0.09999999999979536	TimeIntervals	Lick
899.0855000000001	0.09999999999990905	TimeIntervals	Lick
899.25225	0.06675000000007003	TimeIntervals	Lick
899.55225	0.10000000000013642	TimeIntervals	Lick
899.7190000000002	0.06649999999990541	TimeIntervals	Lick
899.8525000000001	0.10000000000002274	TimeIntervals	Lick
899.98575	0.10000000000013642	TimeIntervals	Lick
900.119	0.10000000000013642	TimeIntervals	Lick
900.2525	0.20000000000004547	TimeIntervals	Lick
900.48575	0.10000000000013642	TimeIntervals	Lick
900.6525000000001	0.09999999999990905	TimeIntervals	Lick
900.8190000000001	0.10000000000002274	TimeIntervals	Lick
900.9525000000001	0.09999999999990905	TimeIntervals	Lick
901.0860000000001	0.23324999999999818	TimeIntervals	Lick
901.3525000000001	0.10000000000002274	TimeIntervals	Lick
901.486	0.10000000000013642	TimeIntervals	Lick
901.6192500000001	0.10000000000002274	TimeIntervals	Lick
901.7525	0.10000000000002274	TimeIntervals	Lick
901.886	0.10000000000002274	TimeIntervals	Lick
901.91925	0.06674999999995634	TimeIntervals	Reward
902.0192499999999	1.2337500000002137	TimeIntervals	Lick
903.28625	0.10000000000002274	TimeIntervals	Lick
903.4195	0.20000000000004547	TimeIntervals	Lick
903.653	0.33324999999990723	TimeIntervals	Lick
904.0195	0.10000000000002274	TimeIntervals	Lick
904.153	0.10000000000013642	TimeIntervals	Lick
904.2865	0.23324999999999818	TimeIntervals	Lick
904.553	0.13350000000002638	TimeIntervals	Lick
904.7197500000001	0.10000000000002274	TimeIntervals	Lick
904.8530000000001	4.500750000000153	TimeIntervals	Lick
909.3870000000001	1.0002499999999372	TimeIntervals	Lick
910.4540000000001	0.10000000000002274	TimeIntervals	Lick
910.6205	2.9004999999998518	TimeIntervals	Lick
913.5545000000001	0.13324999999986176	TimeIntervals	Lick
913.7210000000002	0.26674999999977445	TimeIntervals	Lick
914.0209999999998	0.3335000000002992	TimeIntervals	Lick
914.4545000000002	0.39999999999997726	TimeIntervals	Lick
914.8880000000001	0.13324999999974807	TimeIntervals	Lick
915.0545000000001	0.10000000000002274	TimeIntervals	Lick
915.1880000000001	0.09999999999990905	TimeIntervals	Lick
915.4214999999999	0.20000000000015916	TimeIntervals	Lick
915.788	0.23349999999993543	TimeIntervals	Lick
916.05475	0.10000000000002274	TimeIntervals	Lick
916.1880000000001	0.09999999999990905	TimeIntervals	Lick
916.3215	0.09999999999990905	TimeIntervals	Lick
916.4882500000002	0.06674999999972897	TimeIntervals	Lick
916.6215000000001	0.06674999999984266	TimeIntervals	Lick
916.7550000000001	0.09999999999990905	TimeIntervals	Lick
916.8882500000001	0.10000000000013642	TimeIntervals	Lick
916.955	0.09999999999990905	TimeIntervals	Reward
917.0215	2.000500000000102	TimeIntervals	Lick
919.0552499999999	0.466750000000161	TimeIntervals	Lick
919.5552499999999	0.10025000000007367	TimeIntervals	Lick
919.68875	0.2332499999998845	TimeIntervals	Lick
919.9555	0.09999999999990905	TimeIntervals	Lick
920.08875	0.6667500000002065	TimeIntervals	Lick
920.7890000000001	0.10000000000002274	TimeIntervals	Lick
920.92225	0.13324999999997544	TimeIntervals	Lick
921.089	0.6332500000002028	TimeIntervals	Lick
921.8225000000002	0.16649999999981446	TimeIntervals	Lick
922.05575	0.36674999999991087	TimeIntervals	Lick
922.4557500000001	0.2332499999998845	TimeIntervals	Lick
922.7225000000002	0.13324999999997544	TimeIntervals	Lick
922.8890000000001	0.10024999999995998	TimeIntervals	Lick
923.0225	0.13350000000002638	TimeIntervals	Lick
923.18925	0.10000000000002274	TimeIntervals	Lick
923.3225000000002	0.26674999999977445	TimeIntervals	Lick
923.6225000000001	0.2667500000001155	TimeIntervals	Lick
923.9224999999999	0.10000000000013642	TimeIntervals	Lick
924.0895	0.09999999999990905	TimeIntervals	Lick
924.2227500000001	0.13324999999997544	TimeIntervals	Lick
924.456	0.10000000000002274	TimeIntervals	Lick
924.6895	0.06650000000024647	TimeIntervals	Lick
924.82275	0.09999999999990905	TimeIntervals	Lick
924.9895	0.36675000000013824	TimeIntervals	Lick
925.3895000000002	0.09999999999979536	TimeIntervals	Lick
925.5229999999999	0.13325000000020282	TimeIntervals	Lick
925.6895	0.06675000000018372	TimeIntervals	Lick
925.7895000000001	0.10000000000013642	TimeIntervals	Lick
925.923	0.09999999999990905	TimeIntervals	Lick
926.0895	0.06675000000007003	TimeIntervals	Lick
926.2230000000001	0.06674999999995634	TimeIntervals	Lick
926.3230000000001	0.1334999999999127	TimeIntervals	Lick
926.48975	0.13325000000008913	TimeIntervals	Lick
926.7565000000001	0.10000000000002274	TimeIntervals	Lick
926.8897500000002	0.13324999999974807	TimeIntervals	Lick
927.123	0.10000000000002274	TimeIntervals	Lick
927.3230000000001	0.06700000000000728	TimeIntervals	Lick
927.49	0.10000000000013642	TimeIntervals	Lick
927.82325	0.06675000000007003	TimeIntervals	Lick
928.0900000000001	0.09999999999990905	TimeIntervals	Lick
928.2900000000001	0.0665000000000191	TimeIntervals	Lick
928.4235	0.10000000000002274	TimeIntervals	Lick
928.5900000000001	0.16675000000009277	TimeIntervals	Lick
928.7900000000001	0.1999999999999318	TimeIntervals	Lick
929.0567500000001	0.10000000000002274	TimeIntervals	Lick
929.2900000000001	0.06675000000007003	TimeIntervals	Lick
929.4235	0.10000000000002274	TimeIntervals	Lick
929.557	0.06650000000013279	TimeIntervals	Lick
929.7570000000002	0.09999999999979536	TimeIntervals	Lick
929.9235	0.06674999999995634	TimeIntervals	Lick
930.1902500000001	0.09999999999990905	TimeIntervals	Lick
930.59025	0.10025000000018736	TimeIntervals	Lick
930.7570000000002	0.09999999999979536	TimeIntervals	Lick
930.9237499999999	0.06675000000007003	TimeIntervals	Lick
931.2570000000002	0.09999999999979536	TimeIntervals	Lick
931.3905000000001	0.09999999999990905	TimeIntervals	Lick
931.5905	0.06650000000013279	TimeIntervals	Lick
931.6905000000002	0.06674999999995634	TimeIntervals	Lick
931.9240000000001	0.06649999999990541	TimeIntervals	Lick
932.1905000000002	0.06674999999995634	TimeIntervals	Lick
932.45725	0.06675000000007003	TimeIntervals	Lick
932.9240000000001	0.06674999999984266	TimeIntervals	Lick
933.7907500000001	0.10000000000013642	TimeIntervals	Lick
933.9240000000001	0.06699999999989359	TimeIntervals	Lick
934.091	0.0665000000000191	TimeIntervals	Lick
934.191	0.10000000000013642	TimeIntervals	Lick
934.7910000000002	0.10000000000002274	TimeIntervals	Lick
935.8245000000001	0.09999999999990905	TimeIntervals	Lick
935.991	0.06675000000007003	TimeIntervals	Lick
936.2245000000001	0.09999999999990905	TimeIntervals	Lick
936.5245	0.06674999999995634	TimeIntervals	Lick
936.99125	0.09999999999990905	TimeIntervals	Lick
937.1580000000001	0.06674999999984266	TimeIntervals	Lick
937.3915000000002	0.06649999999979173	TimeIntervals	Lick
937.4915000000001	0.09999999999990905	TimeIntervals	Lick
938.6582500000002	0.09999999999990905	TimeIntervals	Lick
939.725	0.09999999999990905	TimeIntervals	Lick
939.8585000000002	0.06649999999990541	TimeIntervals	Lick
940.19175	0.06675000000018372	TimeIntervals	Lick
940.8920000000002	0.13324999999997544	TimeIntervals	Lick
942.0255000000001	0.10000000000002274	TimeIntervals	Lick
942.1587500000002	0.09999999999979536	TimeIntervals	Lick
942.4587499999999	0.06675000000018372	TimeIntervals	Lick
943.09225	0.10000000000002274	TimeIntervals	Lick
944.0925000000001	0.10000000000002274	TimeIntervals	Lick
944.52575	0.06675000000007003	TimeIntervals	Lick
945.85925	0.06675000000007003	TimeIntervals	Lick
945.95925	0.06674999999995634	TimeIntervals	Lick
946.0927500000001	0.06675000000007003	TimeIntervals	Lick
946.3927500000001	0.09999999999979536	TimeIntervals	Lick
946.526	0.06675000000018372	TimeIntervals	Lick
946.626	0.10000000000002274	TimeIntervals	Lick
946.7595000000001	0.5667499999999563	TimeIntervals	Lick
947.3594999999999	0.10000000000013642	TimeIntervals	Lick
947.4929999999999	0.10000000000002274	TimeIntervals	Lick
947.6262499999999	0.06675000000018372	TimeIntervals	Lick
947.7262499999999	0.10000000000013642	TimeIntervals	Lick
947.8594999999999	0.10000000000013642	TimeIntervals	Lick
947.9929999999999	2.8670000000000755	TimeIntervals	Lick
948.02625	0.09999999999990905	TimeIntervals	Reward
950.8935	0.366500000000201	TimeIntervals	Lick
951.2935000000001	0.09999999999990905	TimeIntervals	Lick
951.4267500000001	0.4002500000000282	TimeIntervals	Lick
951.8602500000001	0.10000000000002274	TimeIntervals	Lick
951.9935	0.1334999999999127	TimeIntervals	Lick
952.1602500000001	0.09999999999990905	TimeIntervals	Lick
952.2935000000001	0.06674999999995634	TimeIntervals	Lick
952.3935	0.1334999999999127	TimeIntervals	Lick
952.5935000000001	0.06700000000000728	TimeIntervals	Lick
952.7270000000001	0.1999999999999318	TimeIntervals	Lick
953.1605000000001	0.0665000000000191	TimeIntervals	Lick
953.3270000000001	0.06674999999995634	TimeIntervals	Lick
953.5269999999999	0.1670000000001437	TimeIntervals	Lick
953.7605000000001	0.06675000000007003	TimeIntervals	Lick
953.894	0.0665000000000191	TimeIntervals	Lick
954.2605000000001	0.10000000000002274	TimeIntervals	Lick
954.42725	0.06675000000007003	TimeIntervals	Lick
954.5272499999999	0.10000000000002274	TimeIntervals	Lick
954.9607500000002	0.06674999999984266	TimeIntervals	Lick
955.1940000000001	0.23349999999993543	TimeIntervals	Lick
955.4607500000002	0.09999999999990905	TimeIntervals	Lick
955.7607499999999	0.06675000000018372	TimeIntervals	Lick
955.961	0.10000000000013642	TimeIntervals	Lick
956.1274999999999	0.533500000000231	TimeIntervals	Lick
956.7942500000001	0.06674999999995634	TimeIntervals	Lick
957.1610000000002	0.133499999999799	TimeIntervals	Lick
957.3945000000001	0.03324999999983902	TimeIntervals	Lick
957.4945	0.10000000000013642	TimeIntervals	Lick
957.6945000000001	0.06649999999990541	TimeIntervals	Lick
957.7945	0.10000000000013642	TimeIntervals	Lick
957.92775	0.03325000000006639	TimeIntervals	Lick
958.3280000000001	0.09999999999990905	TimeIntervals	Lick
959.0612500000002	0.1002499999998463	TimeIntervals	Lick
959.2280000000001	0.06674999999995634	TimeIntervals	Lick
960.3282500000001	0.09999999999979536	TimeIntervals	Lick
960.5615	0.06674999999995634	TimeIntervals	Lick
960.6615	0.09999999999990905	TimeIntervals	Lick
961.1615	0.09999999999990905	TimeIntervals	Lick
961.5617500000001	0.09999999999990905	TimeIntervals	Lick
961.7285000000002	0.09999999999990905	TimeIntervals	Lick
962.095	0.10000000000013642	TimeIntervals	Reward
962.1285	3.16700000000003	TimeIntervals	Lick
965.3290000000002	0.39999999999997726	TimeIntervals	Lick
965.7624999999999	0.23325000000011187	TimeIntervals	Lick
966.0289999999999	0.10000000000002274	TimeIntervals	Lick
966.1624999999999	0.26650000000017826	TimeIntervals	Lick
966.4625000000002	0.13324999999997544	TimeIntervals	Lick
966.6289999999999	0.06675000000018372	TimeIntervals	Lick
966.7624999999999	0.46675000000027467	TimeIntervals	Lick
967.3625000000001	0.10000000000013642	TimeIntervals	Lick
967.52925	0.06674999999995634	TimeIntervals	Lick
967.7292500000002	0.13324999999986176	TimeIntervals	Lick
967.9292499999999	0.06675000000018372	TimeIntervals	Lick
968.1294999999999	0.13324999999997544	TimeIntervals	Lick
968.4295000000001	0.09999999999990905	TimeIntervals	Lick
968.596	0.06675000000007003	TimeIntervals	Lick
968.8295000000002	0.09999999999990905	TimeIntervals	Lick
969.3962500000001	0.13324999999986176	TimeIntervals	Lick
969.563	0.06649999999990541	TimeIntervals	Lick
969.7295000000001	0.10000000000002274	TimeIntervals	Lick
969.9295000000001	0.06674999999995634	TimeIntervals	Lick
970.3630000000002	0.09999999999990905	TimeIntervals	Lick
970.5965000000002	0.03324999999983902	TimeIntervals	Lick
971.263	0.10025000000018736	TimeIntervals	Lick
971.43	0.03325000000006639	TimeIntervals	Lick
971.5299999999999	0.10000000000025011	TimeIntervals	Lick
971.73	0.10000000000002274	TimeIntervals	Lick
972.5635000000002	0.06649999999990541	TimeIntervals	Lick
972.6967500000001	0.09999999999990905	TimeIntervals	Lick
972.9967500000002	0.06674999999995634	TimeIntervals	Lick
973.1967500000001	0.06674999999995634	TimeIntervals	Lick
973.8635	0.06674999999995634	TimeIntervals	Lick
973.9970000000002	0.0665000000000191	TimeIntervals	Lick
974.1302500000002	0.06674999999995634	TimeIntervals	Lick
974.2635	0.06675000000007003	TimeIntervals	Lick
974.3635	0.10000000000002274	TimeIntervals	Lick
974.4970000000002	0.0665000000000191	TimeIntervals	Lick
974.5970000000002	0.09999999999990905	TimeIntervals	Lick
974.7637500000001	0.06674999999995634	TimeIntervals	Lick
974.8637500000003	0.09999999999968168	TimeIntervals	Lick
974.9970000000002	0.06674999999972897	TimeIntervals	Lick
975.0970000000002	0.3667499999997972	TimeIntervals	Lick
975.4970000000002	0.06674999999972897	TimeIntervals	Lick
975.5970000000002	0.06699999999989359	TimeIntervals	Lick
975.69725	0.09999999999990905	TimeIntervals	Lick
975.8305	0.10000000000002274	TimeIntervals	Lick
975.964	0.09999999999979536	TimeIntervals	Lick
976.09725	1.8669999999998481	TimeIntervals	Lick
976.1305000000001	0.03350000000000364	TimeIntervals	Reward
977.9975000000001	0.09999999999990905	TimeIntervals	Lick
978.131	0.5	TimeIntervals	Lick
978.6975	0.3669999999998481	TimeIntervals	Lick
979.0977499999999	0.1332500000003165	TimeIntervals	Lick
979.2645000000002	0.13324999999974807	TimeIntervals	Lick
979.4644999999999	0.03325000000029377	TimeIntervals	Lick
979.5644999999998	0.06650000000013279	TimeIntervals	Lick
979.9310000000002	0.06675000000007003	TimeIntervals	Lick
980.0309999999998	0.33350000000007185	TimeIntervals	Lick
980.6980000000001	0.06650000000013279	TimeIntervals	Lick
981.03125	0.10000000000013642	TimeIntervals	Lick
981.2315000000001	0.13325000000008913	TimeIntervals	Lick
981.3979999999999	0.5667500000001837	TimeIntervals	Lick
982.0314999999999	0.06650000000013279	TimeIntervals	Lick
982.3650000000002	0.09999999999979536	TimeIntervals	Lick
982.4982500000001	0.10000000000002274	TimeIntervals	Lick
982.6650000000001	0.0665000000000191	TimeIntervals	Lick
982.8315	0.09999999999979536	TimeIntervals	Lick
983.2650000000001	0.10000000000013642	TimeIntervals	Lick
983.5649999999999	0.06675000000018372	TimeIntervals	Lick
983.7650000000001	0.06675000000007003	TimeIntervals	Lick
983.9317500000001	0.10000000000002274	TimeIntervals	Lick
984.66525	0.10000000000025011	TimeIntervals	Lick
985.4985	0.0669999999997799	TimeIntervals	Lick
985.6320000000002	0.06674999999984266	TimeIntervals	Lick
986.09875	0.10000000000002274	TimeIntervals	Lick
986.4987500000002	0.06674999999961528	TimeIntervals	Lick
986.6655	0.06675000000007003	TimeIntervals	Lick
986.7990000000002	0.03324999999983902	TimeIntervals	Lick
987.6655	0.10025000000018736	TimeIntervals	Lick
987.7990000000002	0.06674999999984266	TimeIntervals	Lick
987.9657500000001	0.09999999999979536	TimeIntervals	Lick
988.4325000000001	0.06649999999990541	TimeIntervals	Lick
988.7325	0.10000000000002274	TimeIntervals	Lick
989.2325	0.10000000000002274	TimeIntervals	Lick
989.4992500000001	0.10000000000013642	TimeIntervals	Lick
990.9660000000001	0.06700000000000728	TimeIntervals	Lick
991.3662500000002	0.06674999999984266	TimeIntervals	Lick
991.6995000000001	0.06675000000007003	TimeIntervals	Lick
991.8662500000002	0.06674999999984266	TimeIntervals	Lick
992.0330000000001	0.10000000000002274	TimeIntervals	Lick
992.5330000000001	0.10000000000002274	TimeIntervals	Lick
992.6665000000002	0.06649999999990541	TimeIntervals	Lick
993.8665000000002	0.09999999999979536	TimeIntervals	Lick
994.1665000000002	0.06674999999995634	TimeIntervals	Lick
994.5	0.06674999999995634	TimeIntervals	Lick
994.6667500000002	0.06674999999995634	TimeIntervals	Lick
994.8000000000001	0.06675000000007003	TimeIntervals	Lick
994.96675	0.09999999999990905	TimeIntervals	Lick
995.1335000000001	0.06649999999979173	TimeIntervals	Lick
995.2667500000003	0.0667499999995016	TimeIntervals	Lick
995.4000000000002	0.16699999999980264	TimeIntervals	Lick
995.6002500000001	0.06675000000007003	TimeIntervals	Lick
995.7002499999999	0.20000000000027285	TimeIntervals	Lick
995.9335000000001	0.09999999999990905	TimeIntervals	Lick
996.067	0.10000000000013642	TimeIntervals	Lick
996.2002499999999	0.0667500000002974	TimeIntervals	Lick
996.3002500000002	0.09999999999990905	TimeIntervals	Lick
996.4335000000001	0.33350000000007185	TimeIntervals	Lick
996.8005000000002	0.09999999999990905	TimeIntervals	Lick
996.93375	0.10000000000013642	TimeIntervals	Lick
997.067	0.10000000000013642	TimeIntervals	Lick
997.1670000000001	0.03349999999988995	TimeIntervals	Reward
997.2005	1.70025000000021	TimeIntervals	Lick
998.9339999999999	0.10000000000047748	TimeIntervals	Lick
999.0675000000001	0.10000000000013642	TimeIntervals	Lick
999.2007500000001	0.10000000000013642	TimeIntervals	Lick
999.334	0.09999999999990905	TimeIntervals	Lick
999.4675	0.23325000000011187	TimeIntervals	Lick
999.734	0.09999999999990905	TimeIntervals	Lick
999.8675	0.13350000000025375	TimeIntervals	Lick
1000.03425	0.10000000000013642	TimeIntervals	Lick
1000.1675000000002	0.133499999999799	TimeIntervals	Lick
1000.3342499999999	0.0667500000002974	TimeIntervals	Lick
1000.4675	0.06675000000007003	TimeIntervals	Lick
1000.5675000000001	0.3670000000000755	TimeIntervals	Lick
1001.56775	0.13324999999997544	TimeIntervals	Lick
1001.8345	0.06650000000013279	TimeIntervals	Lick
1002.068	0.06650000000013279	TimeIntervals	Lick
1002.3680000000003	0.5332499999997253	TimeIntervals	Lick
1002.9345000000002	0.06674999999961528	TimeIntervals	Lick
1003.3015000000003	0.0665000000000191	TimeIntervals	Lick
1003.6680000000001	0.033499999999776264	TimeIntervals	Lick
1004.03475	0.06674999999995634	TimeIntervals	Lick
1004.4015	0.09999999999990905	TimeIntervals	Lick
1004.535	0.0665000000000191	TimeIntervals	Lick
1004.7014999999999	0.06675000000018372	TimeIntervals	Lick
1004.8350000000002	0.09999999999990905	TimeIntervals	Lick
1005.4350000000001	0.06674999999995634	TimeIntervals	Lick
1006.9019999999999	0.06650000000013279	TimeIntervals	Lick
1007.0019999999998	0.06650000000013279	TimeIntervals	Lick
1007.13525	0.06675000000018372	TimeIntervals	Lick
1007.3685000000002	0.06675000000018372	TimeIntervals	Lick
1007.5687500000001	0.06674999999995634	TimeIntervals	Lick
1007.7687500000001	0.03324999999983902	TimeIntervals	Lick
1008.0354999999998	0.10000000000025011	TimeIntervals	Lick
1008.3687499999999	0.10000000000013642	TimeIntervals	Lick
1009.10225	0.06675000000007003	TimeIntervals	Lick
1009.3022500000002	0.06674999999984266	TimeIntervals	Lick
1009.5354999999998	0.06675000000018372	TimeIntervals	Lick
1009.7025000000001	0.06649999999990541	TimeIntervals	Lick
1009.9690000000002	0.09999999999990905	TimeIntervals	Lick
1010.3025000000002	0.09999999999979536	TimeIntervals	Lick
1011.0024999999999	0.10000000000013642	TimeIntervals	Lick
1011.1692500000001	0.06674999999995634	TimeIntervals	Lick
1011.436	0.06649999999990541	TimeIntervals	Lick
1011.6025000000001	0.13350000000002638	TimeIntervals	Lick
1012.0695000000002	0.06649999999967804	TimeIntervals	Lick
1012.2360000000001	0.06675000000007003	TimeIntervals	Lick
1014.3030000000001	0.09999999999968168	TimeIntervals	Lick
1014.7365	0.10000000000013642	TimeIntervals	Lick
1017.3700000000001	0.0669999999997799	TimeIntervals	Lick
1017.4702500000003	0.06674999999984266	TimeIntervals	Lick
1017.6035	0.06674999999995634	TimeIntervals	Lick
1017.737	0.1999999999999318	TimeIntervals	Lick
1017.9702500000003	0.06674999999984266	TimeIntervals	Lick
1018.0702500000001	0.4332499999998163	TimeIntervals	Lick
1018.5370000000001	0.09999999999990905	TimeIntervals	Lick
1018.6705000000001	0.1999999999999318	TimeIntervals	Lick
1018.9037499999998	0.10000000000013642	TimeIntervals	Lick
1019.0370000000001	0.09999999999990905	TimeIntervals	Lick
1019.1705000000001	4.1340000000000146	TimeIntervals	Lick
1019.2037500000001	0.10000000000013642	TimeIntervals	Reward
1023.3377500000001	0.09999999999979536	TimeIntervals	Lick
1023.471	0.13350000000014006	TimeIntervals	Lick
1023.6377499999999	0.1000000000003638	TimeIntervals	Lick
1023.7709999999998	0.13350000000002638	TimeIntervals	Lick
1023.9377499999999	0.10025000000007367	TimeIntervals	Lick
1024.1044999999997	0.4000000000003183	TimeIntervals	Lick
1024.538	0.06649999999967804	TimeIntervals	Lick
1024.6712499999999	0.1000000000003638	TimeIntervals	Lick
1025.20475	0.09999999999990905	TimeIntervals	Lick
1025.4715000000003	0.2664999999997235	TimeIntervals	Lick
1025.8715	0.1000000000003638	TimeIntervals	Lick
1026.1714999999997	0.06675000000041109	TimeIntervals	Lick
1026.3715	0.06675000000018372	TimeIntervals	Lick
1026.705	0.1000000000003638	TimeIntervals	Lick
1026.9050000000002	0.033249999999952706	TimeIntervals	Lick
1027.1714999999997	0.06675000000041109	TimeIntervals	Lick
1028.5384999999999	0.06675000000018372	TimeIntervals	Lick
1028.672	0.06649999999990541	TimeIntervals	Lick
1028.772	0.06650000000013279	TimeIntervals	Lick
1028.872	0.10000000000013642	TimeIntervals	Lick
1029.00525	0.20000000000004547	TimeIntervals	Lick
1029.2385	0.2335000000002765	TimeIntervals	Lick
1029.5055000000002	0.09999999999968168	TimeIntervals	Lick
1029.63875	0.06674999999995634	TimeIntervals	Lick
1029.7387500000002	0.09999999999968168	TimeIntervals	Lick
1029.872	0.10000000000013642	TimeIntervals	Lick
1030.0055000000002	0.1999999999998181	TimeIntervals	Lick
1030.2387500000002	0.09999999999968168	TimeIntervals	Lick
1030.272	0.06674999999995634	TimeIntervals	Reward
1030.372	1.0002499999998236	TimeIntervals	Lick
1031.4055	1.0670000000002346	TimeIntervals	Lick
1032.5057500000003	0.09999999999968168	TimeIntervals	Lick
1032.639	0.10000000000013642	TimeIntervals	Lick
1032.7725	0.3999999999998636	TimeIntervals	Lick
1033.2060000000001	0.09999999999990905	TimeIntervals	Lick
1033.3392500000002	0.13325000000008913	TimeIntervals	Lick
1033.506	0.09999999999990905	TimeIntervals	Lick
1033.806	0.06649999999990541	TimeIntervals	Lick
1034.006	0.40000000000009095	TimeIntervals	Lick
1034.9395000000002	0.06674999999995634	TimeIntervals	Lick
1035.4395000000002	0.06674999999995634	TimeIntervals	Lick
1035.60625	0.09999999999990905	TimeIntervals	Lick
1035.7730000000001	4.267249999999876	TimeIntervals	Lick
1040.0735000000002	0.06674999999972897	TimeIntervals	Lick
1040.24025	0.13324999999986176	TimeIntervals	Lick
1040.44025	0.06675000000018372	TimeIntervals	Lick
1040.5405	0.20000000000004547	TimeIntervals	Lick
1040.77375	0.10000000000013642	TimeIntervals	Lick
1041.07375	0.09999999999968168	TimeIntervals	Lick
1041.207	0.09999999999990905	TimeIntervals	Lick
1041.407	0.06675000000041109	TimeIntervals	Lick
1041.5740000000003	0.09999999999968168	TimeIntervals	Lick
1041.7405	0.09999999999990905	TimeIntervals	Lick
1041.874	0.10000000000013642	TimeIntervals	Lick
1042.00725	0.09999999999990905	TimeIntervals	Lick
1042.1405	0.10000000000013642	TimeIntervals	Lick
1042.30725	0.06674999999995634	TimeIntervals	Lick
1042.30725	0.033249999999952706	TimeIntervals	Reward
1042.4072500000002	2.200249999999869	TimeIntervals	Lick
1044.641	0.10000000000013642	TimeIntervals	Lick
1044.77425	0.2667500000000018	TimeIntervals	Lick
1045.0745	0.4000000000003183	TimeIntervals	Lick
1045.5077500000002	0.09999999999968168	TimeIntervals	Lick
1045.6744999999999	0.4667500000000473	TimeIntervals	Lick
1046.308	0.10000000000013642	TimeIntervals	Lick
1046.4745000000003	0.06674999999972897	TimeIntervals	Lick
1046.808	0.06650000000013279	TimeIntervals	Lick
1046.9745000000003	0.06674999999972897	TimeIntervals	Lick
1047.1080000000002	0.13350000000014006	TimeIntervals	Lick
1047.37475	0.1000000000003638	TimeIntervals	Lick
1048.1080000000002	0.0669999999997799	TimeIntervals	Lick
1048.20825	0.09999999999990905	TimeIntervals	Lick
1048.3415	0.10000000000013642	TimeIntervals	Lick
1049.775	0.09999999999990905	TimeIntervals	Lick
1050.1085	0.06649999999990541	TimeIntervals	Lick
1051.2752500000001	0.06674999999972897	TimeIntervals	Lick
1051.37525	0.06675000000018372	TimeIntervals	Lick
1051.5419999999997	0.06675000000018372	TimeIntervals	Lick
1051.6419999999998	0.1000000000003638	TimeIntervals	Lick
1051.7755000000002	0.09999999999990905	TimeIntervals	Lick
1051.9420000000002	0.06674999999972897	TimeIntervals	Lick
1052.0419999999997	0.06675000000018372	TimeIntervals	Lick
1052.1419999999998	0.33350000000018554	TimeIntervals	Lick
1052.50875	0.10024999999973261	TimeIntervals	Lick
1052.64225	0.33324999999990723	TimeIntervals	Lick
1053.009	0.09999999999968168	TimeIntervals	Lick
1053.14225	0.09999999999990905	TimeIntervals	Lick
1053.2755000000002	1.7669999999998254	TimeIntervals	Lick
1053.309	0.1000000000003638	TimeIntervals	Reward
1055.076	0.5999999999996817	TimeIntervals	Lick
1055.7092499999999	1.033500000000231	TimeIntervals	Lick
1056.776	0.2669999999998254	TimeIntervals	Lick
1057.07625	0.23324999999999818	TimeIntervals	Lick
1057.37625	0.10000000000013642	TimeIntervals	Lick
1057.5095000000001	0.1334999999999127	TimeIntervals	Lick
1057.67625	0.13325000000008913	TimeIntervals	Lick
1057.87625	0.10000000000013642	TimeIntervals	Lick
1058.0095000000001	0.10024999999973261	TimeIntervals	Lick
1058.1764999999998	0.10000000000013642	TimeIntervals	Lick
1058.30975	0.1000000000003638	TimeIntervals	Lick
1058.5097500000002	0.06674999999972897	TimeIntervals	Lick
1058.6764999999998	0.13325000000008913	TimeIntervals	Lick
1058.9097500000003	0.033249999999952706	TimeIntervals	Lick
1059.24325	0.09999999999990905	TimeIntervals	Lick
1059.3765	0.06675000000018372	TimeIntervals	Lick
1060.7767500000002	0.06674999999972897	TimeIntervals	Lick
1060.97675	0.13324999999986176	TimeIntervals	Lick
1061.31	0.06700000000000728	TimeIntervals	Lick
1061.7435	0.06674999999995634	TimeIntervals	Lick
1063.0105	0.06649999999990541	TimeIntervals	Lick
1063.1105	0.09999999999990905	TimeIntervals	Lick
1063.4105000000002	0.033249999999952706	TimeIntervals	Lick
1063.9772500000001	0.09999999999990905	TimeIntervals	Lick
1065.1107499999998	0.06675000000018372	TimeIntervals	Lick
1065.5775	0.06649999999967804	TimeIntervals	Lick
1066.7775000000001	0.06699999999955253	TimeIntervals	Lick
1067.211	0.06675000000018372	TimeIntervals	Lick
1068.3112500000002	0.10000000000013642	TimeIntervals	Lick
1068.4445000000003	0.0667499999995016	TimeIntervals	Lick
1069.178	0.06674999999995634	TimeIntervals	Lick
1069.2780000000002	0.09999999999968168	TimeIntervals	Lick
1069.4115	0.10000000000013642	TimeIntervals	Lick
1069.54475	0.09999999999990905	TimeIntervals	Lick
1069.678	0.3000000000001819	TimeIntervals	Lick
1070.0115	0.1999999999998181	TimeIntervals	Lick
1070.2450000000001	0.09999999999968168	TimeIntervals	Lick
1070.3782499999998	3.4005000000006476	TimeIntervals	Lick
1070.3782499999998	0.1000000000003638	TimeIntervals	Reward
1073.8120000000001	0.1334999999999127	TimeIntervals	Lick
1073.97875	0.06675000000018372	TimeIntervals	Lick
1074.1119999999999	0.10000000000013642	TimeIntervals	Lick
1074.2787500000004	0.06674999999927422	TimeIntervals	Lick
1074.47875	0.10025000000018736	TimeIntervals	Lick
1075.1454999999999	0.06675000000018372	TimeIntervals	Lick
1075.679	0.1667499999998654	TimeIntervals	Lick
1075.9125000000001	0.06649999999990541	TimeIntervals	Lick
1076.1125000000002	0.06649999999990541	TimeIntervals	Lick
1076.3125	1.6670000000001437	TimeIntervals	Lick
1078.0127499999999	0.06674999999995634	TimeIntervals	Lick
1078.346	0.23349999999982174	TimeIntervals	Lick
1078.6127499999998	0.1000000000003638	TimeIntervals	Lick
1078.746	0.09999999999990905	TimeIntervals	Lick
1079.5462500000003	0.06674999999972897	TimeIntervals	Lick
1079.7130000000002	0.09999999999990905	TimeIntervals	Lick
1080.313	0.09999999999990905	TimeIntervals	Lick
1080.57975	0.09999999999990905	TimeIntervals	Lick
1081.58	0.20000000000027285	TimeIntervals	Lick
1081.8132500000002	0.06674999999972897	TimeIntervals	Lick
1081.9132500000003	0.09999999999968168	TimeIntervals	Lick
1082.0465000000002	0.09999999999990905	TimeIntervals	Lick
1082.18	0.06674999999995634	TimeIntervals	Lick
1082.2800000000002	0.1999999999998181	TimeIntervals	Lick
1082.5135	0.09999999999968168	TimeIntervals	Lick
1082.6467499999999	0.06675000000018372	TimeIntervals	Lick
1082.74675	0.10000000000013642	TimeIntervals	Lick
1082.8799999999999	0.10000000000013642	TimeIntervals	Lick
1083.0135	0.20000000000004547	TimeIntervals	Lick
1083.24675	0.10024999999995998	TimeIntervals	Lick
1083.38025	0.10000000000013642	TimeIntervals	Lick
1083.48025	0.10000000000013642	TimeIntervals	Reward
1083.547	2.8002500000000055	TimeIntervals	Lick
1086.4140000000002	0.09999999999968168	TimeIntervals	Lick
1086.5472499999998	0.10024999999995998	TimeIntervals	Lick
1086.68075	0.2667500000002292	TimeIntervals	Lick
1086.9807500000002	0.09999999999990905	TimeIntervals	Lick
1087.1139999999998	0.06675000000018372	TimeIntervals	Lick
1087.2807500000001	0.06674999999995634	TimeIntervals	Lick
1088.0475	0.06675000000018372	TimeIntervals	Lick
1088.681	0.1334999999999127	TimeIntervals	Lick
1088.9145	0.06650000000013279	TimeIntervals	Lick
1089.0810000000001	0.09999999999990905	TimeIntervals	Lick
1089.34775	0.7002500000000964	TimeIntervals	Lick
1090.4145	0.09999999999990905	TimeIntervals	Lick
1090.548	0.09999999999990905	TimeIntervals	Lick
1091.2814999999998	0.06650000000036016	TimeIntervals	Lick
1091.4480000000003	0.033499999999776264	TimeIntervals	Lick
1091.548	0.09999999999990905	TimeIntervals	Lick
