onset	duration	nwb_table	event_type
8.732	0.1335000000000015	TimeIntervals	Lick
9.399000000000001	0.06650000000000134	TimeIntervals	Lick
9.865500000000003	0.0667499999999972	TimeIntervals	Lick
9.999	0.06675000000000075	TimeIntervals	Lick
10.4325	0.06650000000000311	TimeIntervals	Lick
11.666	0.20000000000000284	TimeIntervals	Lick
12.566	0.06674999999999898	TimeIntervals	Lick
12.6995	0.033250000000002444	TimeIntervals	Lick
12.766000000000002	0.09999999999999964	TimeIntervals	Lick
12.899500000000002	0.06649999999999956	TimeIntervals	Lick
12.9995	0.20000000000000107	TimeIntervals	Lick
13.232750000000001	0.20025000000000048	TimeIntervals	Lick
13.46625	0.09999999999999964	TimeIntervals	Lick
13.599499999999999	0.10000000000000142	TimeIntervals	Lick
13.733	0.20000000000000107	TimeIntervals	Lick
13.96625	0.09999999999999964	TimeIntervals	Lick
14.099499999999999	0.10000000000000142	TimeIntervals	Lick
14.233	0.20000000000000107	TimeIntervals	Lick
14.466500000000003	0.09999999999999609	TimeIntervals	Lick
14.59975	0.10000000000000142	TimeIntervals	Lick
14.733	0.20000000000000107	TimeIntervals	Lick
14.933000000000002	0.09999999999999787	TimeIntervals	Reward
14.966500000000003	0.46649999999999636	TimeIntervals	Lick
15.4665	0.06675000000000075	TimeIntervals	Lick
15.5665	1.5002499999999994	TimeIntervals	Lick
17.1	0.10000000000000142	TimeIntervals	Lick
17.2335	0.10000000000000142	TimeIntervals	Lick
17.36675	0.09999999999999787	TimeIntervals	Lick
17.5	0.10000000000000142	TimeIntervals	Lick
17.6335	0.2667500000000018	TimeIntervals	Lick
17.933500000000002	0.09999999999999787	TimeIntervals	Lick
18.067	0.2665000000000006	TimeIntervals	Lick
18.367	0.3999999999999986	TimeIntervals	Lick
18.800500000000003	0.10000000000000142	TimeIntervals	Lick
18.93375	0.1332500000000003	TimeIntervals	Lick
19.1005	0.10000000000000142	TimeIntervals	Lick
19.23375	0.10000000000000142	TimeIntervals	Lick
19.367	0.09999999999999787	TimeIntervals	Lick
19.5005	0.10000000000000142	TimeIntervals	Lick
19.666999999999998	0.06675000000000253	TimeIntervals	Lick
19.8005	0.10000000000000497	TimeIntervals	Lick
19.934000000000005	0.09999999999999432	TimeIntervals	Lick
20.2005	0.3999999999999986	TimeIntervals	Lick
20.733999999999998	0.06650000000000134	TimeIntervals	Lick
20.967500000000005	0.09999999999999432	TimeIntervals	Lick
21.134	0.06674999999999898	TimeIntervals	Lick
21.2675	0.033250000000002444	TimeIntervals	Lick
21.634000000000004	0.09999999999999432	TimeIntervals	Lick
21.7675	0.2000000000000064	TimeIntervals	Lick
22.034	0.06700000000000017	TimeIntervals	Lick
22.301	0.06650000000000134	TimeIntervals	Lick
22.601	0.40000000000000213	TimeIntervals	Lick
23.201	0.06674999999999898	TimeIntervals	Lick
23.534500000000005	0.06649999999999423	TimeIntervals	Lick
23.634500000000003	0.16649999999999565	TimeIntervals	Lick
23.867749999999997	0.10000000000000497	TimeIntervals	Lick
24.067749999999997	0.06675000000000608	TimeIntervals	Lick
24.167750000000005	0.13349999999999795	TimeIntervals	Lick
25.20125	0.06674999999999542	TimeIntervals	Lick
25.301250000000003	0.10024999999999551	TimeIntervals	Lick
25.43475	0.10000000000000142	TimeIntervals	Lick
25.6015	0.06650000000000489	TimeIntervals	Lick
25.868	0.20000000000000284	TimeIntervals	Lick
26.267999999999997	0.06675000000000253	TimeIntervals	Lick
26.735000000000003	0.06649999999999423	TimeIntervals	Lick
27.06825	0.10000000000000497	TimeIntervals	Lick
28.168500000000005	0.16649999999999565	TimeIntervals	Lick
28.635000000000005	0.20024999999999338	TimeIntervals	Lick
29.501999999999995	0.06650000000000134	TimeIntervals	Lick
30.601999999999997	0.43349999999999866	TimeIntervals	Lick
31.1355	0.06674999999999898	TimeIntervals	Lick
33.736	0.06650000000000489	TimeIntervals	Lick
33.869249999999994	0.06675000000000608	TimeIntervals	Lick
34.70275	0.06674999999999898	TimeIntervals	Lick
35.503	0.10000000000000142	TimeIntervals	Lick
36.5365	0.06650000000000489	TimeIntervals	Lick
36.9365	0.09999999999999432	TimeIntervals	Lick
37.47	0.06649999999999778	TimeIntervals	Lick
37.60325	0.06674999999999898	TimeIntervals	Lick
37.70325	0.2332500000000053	TimeIntervals	Lick
37.97	0.20000000000000284	TimeIntervals	Lick
38.20325	0.10000000000000853	TimeIntervals	Lick
38.3365	0.10000000000000142	TimeIntervals	Lick
38.47	0.09999999999999432	TimeIntervals	Lick
38.6035	0.3332499999999996	TimeIntervals	Lick
38.97	0.09999999999999432	TimeIntervals	Lick
39.1035	0.10000000000000142	TimeIntervals	Lick
39.23675	0.10000000000000853	TimeIntervals	Lick
39.37	0.10000000000000142	TimeIntervals	Lick
39.50350000000001	0.09999999999999432	TimeIntervals	Lick
39.637	0.10000000000000142	TimeIntervals	Lick
39.770250000000004	0.10000000000000142	TimeIntervals	Lick
39.9035	0.10000000000000853	TimeIntervals	Lick
40.00350000000001	0.09999999999999432	TimeIntervals	Reward
40.037	0.10000000000000142	TimeIntervals	Lick
40.17025	2.533750000000005	TimeIntervals	Lick
42.73725000000001	0.40024999999999267	TimeIntervals	Lick
43.17075	0.10000000000000142	TimeIntervals	Lick
43.304	0.13349999999999795	TimeIntervals	Lick
43.470749999999995	0.10000000000000142	TimeIntervals	Lick
43.604000000000006	0.2667499999999947	TimeIntervals	Lick
43.903999999999996	0.13349999999999795	TimeIntervals	Lick
44.071	0.3999999999999986	TimeIntervals	Lick
44.60425	0.06674999999999898	TimeIntervals	Lick
44.971	0.2667500000000089	TimeIntervals	Lick
45.37100000000001	0.13349999999999085	TimeIntervals	Lick
45.737750000000005	0.10000000000000142	TimeIntervals	Lick
45.9045	0.06649999999999778	TimeIntervals	Lick
46.071	0.13350000000000506	TimeIntervals	Lick
46.67125	0.2667499999999947	TimeIntervals	Lick
47.704750000000004	0.13324999999999676	TimeIntervals	Lick
48.60500000000001	0.19999999999999574	TimeIntervals	Lick
50.90525	0.09999999999999432	TimeIntervals	Lick
52.172	0.06675000000000608	TimeIntervals	Lick
52.53875	0.10000000000000142	TimeIntervals	Lick
52.7055	0.06650000000000489	TimeIntervals	Lick
52.805500000000016	0.19999999999997442	TimeIntervals	Lick
53.03899999999999	0.20000000000001705	TimeIntervals	Lick
53.27225000000001	0.19999999999999574	TimeIntervals	Lick
53.50549999999999	0.3335000000000221	TimeIntervals	Lick
53.87225000000001	0.20024999999998983	TimeIntervals	Lick
54.10575000000001	0.09999999999998721	TimeIntervals	Lick
54.239000000000004	0.10000000000000853	TimeIntervals	Lick
54.3725	0.09999999999999432	TimeIntervals	Lick
54.50574999999999	0.10000000000001563	TimeIntervals	Lick
54.639	0.10000000000000142	TimeIntervals	Lick
54.7725	0.19999999999999574	TimeIntervals	Lick
55.00599999999999	0.10000000000000142	TimeIntervals	Lick
55.0725	0.10000000000000142	TimeIntervals	Reward
55.13925000000001	1.2334999999999923	TimeIntervals	Lick
56.406000000000006	1.9669999999999916	TimeIntervals	Lick
58.406499999999994	0.10000000000001563	TimeIntervals	Lick
58.539750000000005	0.13324999999998965	TimeIntervals	Lick
58.706500000000005	0.10000000000000142	TimeIntervals	Lick
58.83975000000001	0.0999999999999801	TimeIntervals	Lick
58.973	0.2667500000000089	TimeIntervals	Lick
59.273	0.09999999999999432	TimeIntervals	Lick
59.406499999999994	0.13350000000001216	TimeIntervals	Lick
59.57325	0.09999999999998721	TimeIntervals	Lick
59.706500000000005	0.10000000000000142	TimeIntervals	Lick
59.84000000000001	0.3332499999999783	TimeIntervals	Lick
60.206500000000005	0.13350000000000506	TimeIntervals	Lick
60.37325	0.4335000000000022	TimeIntervals	Lick
61.04	0.30000000000001137	TimeIntervals	Lick
61.540000000000006	0.03349999999998232	TimeIntervals	Lick
61.740249999999996	0.1667499999999933	TimeIntervals	Lick
62.44024999999999	0.3335000000000079	TimeIntervals	Lick
63.40699999999999	0.2667500000000089	TimeIntervals	Lick
64.2405	0.10000000000000853	TimeIntervals	Lick
64.37400000000001	0.3332499999999925	TimeIntervals	Lick
64.80725000000001	0.06674999999999898	TimeIntervals	Lick
65.3075	0.09999999999999432	TimeIntervals	Lick
66.07425	0.2667499999999876	TimeIntervals	Lick
66.37425	0.06674999999999898	TimeIntervals	Lick
67.04100000000001	0.09999999999999432	TimeIntervals	Lick
67.941	0.20000000000000284	TimeIntervals	Lick
68.57450000000001	0.06674999999998477	TimeIntervals	Lick
69.14125	0.10000000000000853	TimeIntervals	Lick
70.3415	0.06675000000001319	TimeIntervals	Lick
70.50825	0.09999999999999432	TimeIntervals	Lick
71.375	0.06650000000000489	TimeIntervals	Lick
71.64175	0.19999999999998863	TimeIntervals	Lick
72.50850000000001	0.19999999999998863	TimeIntervals	Lick
73.27525000000001	0.06674999999998477	TimeIntervals	Lick
73.67550000000001	0.23324999999998397	TimeIntervals	Lick
73.97550000000001	0.10000000000000853	TimeIntervals	Lick
74.14200000000001	0.23349999999997806	TimeIntervals	Lick
74.40875	0.06675000000001319	TimeIntervals	Lick
74.70875000000001	0.03324999999999534	TimeIntervals	Lick
74.809	0.10000000000000853	TimeIntervals	Lick
75.64225000000002	0.06674999999998477	TimeIntervals	Lick
75.77550000000001	0.06699999999999307	TimeIntervals	Lick
75.87574999999998	0.3000000000000256	TimeIntervals	Lick
76.209	0.09999999999999432	TimeIntervals	Lick
76.3425	0.06650000000000489	TimeIntervals	Lick
76.4425	0.10000000000000853	TimeIntervals	Lick
76.57575	0.20000000000001705	TimeIntervals	Lick
76.809	0.10000000000000853	TimeIntervals	Lick
76.97600000000001	0.06649999999999068	TimeIntervals	Lick
77.07600000000001	0.10000000000000853	TimeIntervals	Lick
77.20925000000001	0.09999999999999432	TimeIntervals	Lick
77.3425	0.23350000000000648	TimeIntervals	Lick
77.60925	0.13325000000000387	TimeIntervals	Lick
77.776	0.09999999999999432	TimeIntervals	Lick
77.90925	0.10000000000000853	TimeIntervals	Lick
78.0425	0.10025000000000261	TimeIntervals	Lick
78.17600000000002	1.5669999999999789	TimeIntervals	Lick
78.17600000000002	0.03350000000000364	TimeIntervals	Reward
79.77625	0.23324999999999818	TimeIntervals	Lick
80.04299999999999	0.10000000000000853	TimeIntervals	Lick
80.17625000000001	0.10025000000000261	TimeIntervals	Lick
80.30975000000001	0.4000000000000057	TimeIntervals	Lick
80.743	0.2667500000000018	TimeIntervals	Lick
81.04299999999999	0.26675000000001603	TimeIntervals	Lick
81.343	0.06700000000000728	TimeIntervals	Lick
81.44325	0.0999999999999801	TimeIntervals	Lick
81.5765	0.06674999999999898	TimeIntervals	Lick
81.74325	0.13325000000001808	TimeIntervals	Lick
82.34325000000001	0.23349999999999227	TimeIntervals	Lick
83.3435	0.5335000000000036	TimeIntervals	Lick
84.6435	0.13349999999999795	TimeIntervals	Lick
85.77725000000001	0.13325000000000387	TimeIntervals	Lick
86.344	0.0665000000000191	TimeIntervals	Lick
87.01075	0.10000000000000853	TimeIntervals	Lick
87.71074999999999	0.06675000000001319	TimeIntervals	Lick
88.04425000000002	0.3332499999999925	TimeIntervals	Lick
88.74425000000001	0.06674999999998477	TimeIntervals	Lick
88.911	0.0665000000000191	TimeIntervals	Lick
89.57775000000001	0.29999999999999716	TimeIntervals	Lick
90.74449999999999	0.10000000000000853	TimeIntervals	Lick
90.87800000000001	0.06650000000000489	TimeIntervals	Lick
91.44475000000001	0.06674999999998477	TimeIntervals	Lick
91.67800000000003	0.13349999999998374	TimeIntervals	Lick
92.2115	0.06650000000000489	TimeIntervals	Reward
92.4115	2.000249999999994	TimeIntervals	Lick
94.44500000000001	1.0335000000000036	TimeIntervals	Lick
95.512	0.10000000000000853	TimeIntervals	Lick
95.64550000000001	0.0999999999999801	TimeIntervals	Lick
95.77875000000002	0.2667500000000018	TimeIntervals	Lick
96.07875	0.2667500000000018	TimeIntervals	Lick
96.37875000000001	0.06674999999999898	TimeIntervals	Lick
96.47875	0.09999999999999432	TimeIntervals	Lick
96.61200000000001	0.09999999999999432	TimeIntervals	Lick
96.91225000000001	0.19999999999998863	TimeIntervals	Lick
97.51225	0.333500000000015	TimeIntervals	Lick
97.87900000000002	0.09999999999999432	TimeIntervals	Lick
98.0125	0.10000000000000853	TimeIntervals	Lick
98.17900000000002	0.06674999999997056	TimeIntervals	Lick
98.84575000000001	0.06674999999999898	TimeIntervals	Lick
98.97925000000002	0.0999999999999801	TimeIntervals	Lick
99.11250000000001	0.10000000000000853	TimeIntervals	Lick
99.546	0.10000000000000853	TimeIntervals	Lick
99.94600000000003	0.0999999999999801	TimeIntervals	Lick
100.31275	0.10000000000000853	TimeIntervals	Lick
100.546	0.06674999999999898	TimeIntervals	Lick
101.44625000000002	0.0999999999999801	TimeIntervals	Lick
101.61300000000001	0.06650000000000489	TimeIntervals	Lick
101.74625	0.06674999999998477	TimeIntervals	Lick
101.84625	0.10000000000002274	TimeIntervals	Lick
102.7465	0.10000000000000853	TimeIntervals	Lick
103.01300000000002	0.06674999999999898	TimeIntervals	Lick
103.21300000000001	0.0999999999999801	TimeIntervals	Lick
103.6465	0.06675000000001319	TimeIntervals	Lick
103.78000000000002	0.06649999999999068	TimeIntervals	Lick
103.88	0.20000000000001705	TimeIntervals	Lick
104.11325000000001	0.30024999999999125	TimeIntervals	Lick
104.44675000000001	0.10000000000000853	TimeIntervals	Lick
104.58000000000001	0.20000000000000284	TimeIntervals	Lick
104.81349999999999	0.2332500000000266	TimeIntervals	Lick
105.08000000000001	0.3334999999999866	TimeIntervals	Lick
105.44675000000001	0.1002499999999884	TimeIntervals	Lick
105.58025	0.10000000000000853	TimeIntervals	Lick
105.71350000000001	0.0999999999999801	TimeIntervals	Lick
105.847	0.36650000000001626	TimeIntervals	Lick
106.21350000000001	0.03349999999998943	TimeIntervals	Reward
106.247	1.633499999999998	TimeIntervals	Lick
107.91399999999999	0.6332500000000181	TimeIntervals	Lick
108.5805	1.0335000000000178	TimeIntervals	Lick
110.01424999999999	0.23324999999999818	TimeIntervals	Lick
111.34775	0.09999999999999432	TimeIntervals	Lick
112.081	0.10025000000001683	TimeIntervals	Lick
113.1145	0.1670000000000016	TimeIntervals	Lick
113.51475	0.09999999999999432	TimeIntervals	Lick
113.848	0.06675000000001319	TimeIntervals	Lick
115.215	0.13324999999998965	TimeIntervals	Lick
116.215	0.06674999999998477	TimeIntervals	Lick
116.4485	0.13350000000001216	TimeIntervals	Lick
117.48200000000001	0.09999999999999432	TimeIntervals	Lick
118.14875000000002	0.09999999999999432	TimeIntervals	Lick
119.549	0.09999999999999432	TimeIntervals	Lick
120.849	0.06700000000000728	TimeIntervals	Lick
120.94925	0.09999999999999432	TimeIntervals	Lick
121.14925000000001	0.10000000000000853	TimeIntervals	Lick
121.74925000000002	0.0999999999999659	TimeIntervals	Lick
121.8825	0.1670000000000158	TimeIntervals	Lick
122.08274999999999	0.29999999999999716	TimeIntervals	Lick
122.41600000000001	0.09999999999999432	TimeIntervals	Lick
122.54950000000001	0.10000000000000853	TimeIntervals	Lick
122.68275000000003	0.1999999999999602	TimeIntervals	Lick
122.91600000000001	0.09999999999999432	TimeIntervals	Lick
123.04950000000001	0.20000000000000284	TimeIntervals	Lick
123.28300000000002	0.0999999999999801	TimeIntervals	Lick
123.41624999999999	0.09999999999999432	TimeIntervals	Lick
123.54950000000001	0.20000000000000284	TimeIntervals	Lick
123.78300000000002	0.0999999999999801	TimeIntervals	Lick
123.91624999999999	0.09999999999999432	TimeIntervals	Lick
124.04950000000001	0.10000000000000853	TimeIntervals	Lick
124.183	0.10000000000000853	TimeIntervals	Lick
124.21650000000001	0.09999999999999432	TimeIntervals	Reward
124.3165	3.500499999999988	TimeIntervals	Lick
127.85025	0.13325000000000387	TimeIntervals	Lick
128.017	0.09999999999999432	TimeIntervals	Lick
128.15025	0.13325000000000387	TimeIntervals	Lick
128.317	0.0665000000000191	TimeIntervals	Lick
128.417	0.19999999999998863	TimeIntervals	Lick
128.65050000000002	0.06649999999996226	TimeIntervals	Lick
128.7505	0.10000000000005116	TimeIntervals	Lick
129.117	0.30000000000001137	TimeIntervals	Lick
129.4505	0.09999999999999432	TimeIntervals	Lick
129.91725	0.06675000000004161	TimeIntervals	Lick
130.65050000000002	0.06674999999995634	TimeIntervals	Lick
131.084	0.06675000000001319	TimeIntervals	Lick
131.4175	0.26650000000003615	TimeIntervals	Lick
132.08425000000003	0.0999999999999659	TimeIntervals	Lick
133.05100000000002	0.23349999999996385	TimeIntervals	Lick
133.55100000000002	0.03350000000000364	TimeIntervals	Lick
133.78449999999998	0.10000000000002274	TimeIntervals	Lick
134.01775	0.10025000000001683	TimeIntervals	Lick
135.61800000000002	0.19999999999998863	TimeIntervals	Lick
136.485	0.10000000000002274	TimeIntervals	Lick
137.08500000000004	0.13324999999997544	TimeIntervals	Lick
137.28500000000005	0.1999999999999318	TimeIntervals	Lick
137.55175000000003	0.09999999999999432	TimeIntervals	Lick
138.552	0.0665000000000191	TimeIntervals	Lick
138.68525	0.06675000000004161	TimeIntervals	Lick
139.51850000000002	0.06700000000000728	TimeIntervals	Lick
139.65200000000002	0.03350000000000364	TimeIntervals	Lick
140.3855	0.09999999999999432	TimeIntervals	Lick
140.51874999999998	0.06675000000004161	TimeIntervals	Lick
140.65224999999998	0.10000000000002274	TimeIntervals	Lick
140.81900000000002	0.09999999999999432	TimeIntervals	Lick
140.95225	0.9667500000000189	TimeIntervals	Lick
141.95250000000001	0.5999999999999943	TimeIntervals	Lick
142.58575	0.10000000000002274	TimeIntervals	Lick
142.71900000000005	0.0999999999999659	TimeIntervals	Lick
142.8525	0.10000000000002274	TimeIntervals	Lick
142.986	0.09999999999999432	TimeIntervals	Lick
143.11925	0.10000000000005116	TimeIntervals	Lick
143.25250000000003	0.06674999999998477	TimeIntervals	Lick
143.31925	0.03324999999998113	TimeIntervals	Reward
143.3525	0.10000000000002274	TimeIntervals	Lick
143.486	1.4335000000000377	TimeIntervals	Lick
144.95274999999998	0.2335000000000207	TimeIntervals	Lick
145.21950000000004	0.0999999999999659	TimeIntervals	Lick
145.35300000000004	0.0999999999999659	TimeIntervals	Lick
145.48625	0.2667500000000018	TimeIntervals	Lick
145.78625000000002	0.2667499999999734	TimeIntervals	Lick
146.1195	0.2335000000000491	TimeIntervals	Lick
146.3865	0.09999999999999432	TimeIntervals	Lick
146.51975	0.06675000000004161	TimeIntervals	Lick
146.653	0.8670000000000186	TimeIntervals	Lick
147.55325000000002	1.633499999999998	TimeIntervals	Lick
149.22000000000003	0.23349999999996385	TimeIntervals	Lick
149.48700000000002	0.19999999999998863	TimeIntervals	Lick
149.82025000000002	0.19999999999998863	TimeIntervals	Lick
150.12024999999997	0.20000000000004547	TimeIntervals	Lick
150.42024999999998	0.26675000000003024	TimeIntervals	Lick
150.75375000000003	0.6332499999999754	TimeIntervals	Lick
151.4205	0.0665000000000191	TimeIntervals	Lick
151.55375	0.36674999999999613	TimeIntervals	Lick
152.1205	0.06675000000001319	TimeIntervals	Lick
152.25400000000002	0.4000000000000057	TimeIntervals	Lick
153.08749999999998	0.06650000000004752	TimeIntervals	Lick
153.22075	0.06675000000004161	TimeIntervals	Lick
153.65400000000002	0.09999999999999432	TimeIntervals	Lick
153.78750000000005	0.06674999999992792	TimeIntervals	Lick
154.021	0.06649999999999068	TimeIntervals	Lick
154.15425000000002	0.1667500000000075	TimeIntervals	Lick
154.78750000000005	0.0999999999999659	TimeIntervals	Lick
154.98775	0.4332499999999868	TimeIntervals	Lick
155.45450000000002	0.03324999999998113	TimeIntervals	Lick
155.5545	0.06649999999999068	TimeIntervals	Lick
155.98775	0.06674999999998477	TimeIntervals	Lick
156.08800000000002	0.0999999999999659	TimeIntervals	Lick
156.32125	0.20000000000001705	TimeIntervals	Lick
157.12149999999997	0.10000000000002274	TimeIntervals	Lick
159.32175	0.06675000000001319	TimeIntervals	Lick
159.98850000000002	0.06649999999999068	TimeIntervals	Lick
160.08850000000004	0.29999999999998295	TimeIntervals	Lick
160.42200000000003	0.06649999999999068	TimeIntervals	Lick
160.522	0.20000000000004547	TimeIntervals	Lick
160.75525000000002	0.19999999999998863	TimeIntervals	Lick
160.98850000000002	0.1999999999999602	TimeIntervals	Lick
161.22200000000004	0.0999999999999659	TimeIntervals	Lick
161.35525	0.06675000000001319	TimeIntervals	Lick
161.45525	0.1002499999999884	TimeIntervals	Lick
161.58875	0.09999999999999432	TimeIntervals	Lick
161.72200000000004	0.19999999999998863	TimeIntervals	Lick
161.95550000000003	0.0999999999999659	TimeIntervals	Lick
162.08875	0.09999999999999432	TimeIntervals	Lick
162.22200000000004	0.0999999999999659	TimeIntervals	Lick
162.35549999999998	0.20000000000001705	TimeIntervals	Lick
162.35549999999998	0.03325000000003797	TimeIntervals	Reward
162.589	1.1335000000000264	TimeIntervals	Lick
163.75575000000003	0.19999999999998863	TimeIntervals	Lick
163.98900000000003	0.0999999999999659	TimeIntervals	Lick
164.1225	0.36650000000003047	TimeIntervals	Lick
164.52250000000004	0.0999999999999659	TimeIntervals	Lick
164.65575	0.10000000000002274	TimeIntervals	Lick
164.78900000000004	0.2669999999999675	TimeIntervals	Lick
165.08925000000002	0.13325000000000387	TimeIntervals	Lick
165.25600000000003	0.0999999999999659	TimeIntervals	Lick
165.38925	0.10000000000002274	TimeIntervals	Lick
165.556	0.06649999999999068	TimeIntervals	Lick
165.65599999999998	0.36675000000002456	TimeIntervals	Lick
166.056	0.06674999999998477	TimeIntervals	Lick
166.3895	0.09999999999999432	TimeIntervals	Lick
166.52275	0.09999999999999432	TimeIntervals	Lick
166.65599999999998	0.10000000000005116	TimeIntervals	Lick
166.78950000000003	0.06649999999996226	TimeIntervals	Lick
166.9895	0.13350000000002638	TimeIntervals	Lick
167.423	0.06649999999999068	TimeIntervals	Lick
167.6895	0.36675000000002456	TimeIntervals	Lick
168.88975000000002	0.4334999999999809	TimeIntervals	Lick
170.35675	0.09999999999999432	TimeIntervals	Lick
171.32350000000002	0.06649999999999068	TimeIntervals	Lick
171.857	0.06649999999999068	TimeIntervals	Lick
172.757	0.09999999999999432	TimeIntervals	Lick
173.02375	0.09999999999999432	TimeIntervals	Lick
173.45700000000002	0.06674999999998477	TimeIntervals	Lick
173.99050000000003	0.0999999999999659	TimeIntervals	Lick
174.124	0.10000000000002274	TimeIntervals	Lick
176.02425	0.09999999999999432	TimeIntervals	Lick
176.79100000000003	0.0665000000000191	TimeIntervals	Lick
178.058	0.06649999999999068	TimeIntervals	Lick
178.158	0.10000000000005116	TimeIntervals	Lick
178.658	0.10000000000005116	TimeIntervals	Lick
178.79125000000002	0.09999999999999432	TimeIntervals	Lick
178.92450000000002	0.2002499999999543	TimeIntervals	Lick
179.158	0.20000000000004547	TimeIntervals	Lick
179.39150000000004	0.19999999999998863	TimeIntervals	Lick
179.62474999999998	0.20000000000004547	TimeIntervals	Lick
179.85800000000003	0.33349999999995816	TimeIntervals	Lick
180.22500000000005	0.1999999999999602	TimeIntervals	Lick
180.45825000000005	0.0999999999999659	TimeIntervals	Lick
180.625	0.06649999999999068	TimeIntervals	Lick
181.39175000000003	0.09999999999999432	TimeIntervals	Lick
181.52499999999998	0.2000000000000739	TimeIntervals	Lick
181.75850000000003	0.3332499999999925	TimeIntervals	Lick
182.125	0.10000000000005116	TimeIntervals	Lick
182.25850000000003	0.19999999999998863	TimeIntervals	Lick
182.49200000000002	0.09999999999999432	TimeIntervals	Lick
182.62525	0.10000000000002274	TimeIntervals	Lick
182.75850000000003	0.09999999999999432	TimeIntervals	Lick
182.892	0.23324999999999818	TimeIntervals	Lick
183.1585	0.06675000000001319	TimeIntervals	Lick
183.25850000000003	0.09999999999999432	TimeIntervals	Lick
183.392	2.4005000000000507	TimeIntervals	Lick
183.392	0.10000000000002274	TimeIntervals	Reward
185.82575000000003	0.0999999999999659	TimeIntervals	Lick
185.959	0.10000000000002274	TimeIntervals	Lick
186.09250000000003	0.23324999999999818	TimeIntervals	Lick
186.359	0.09999999999999432	TimeIntervals	Lick
186.4925	0.6334999999999695	TimeIntervals	Lick
187.15925	0.10000000000005116	TimeIntervals	Lick
187.29250000000002	0.2667500000000018	TimeIntervals	Lick
187.59249999999997	0.06675000000001319	TimeIntervals	Lick
187.726	0.0665000000000191	TimeIntervals	Lick
187.95950000000002	0.0665000000000191	TimeIntervals	Lick
188.09275000000002	0.0999999999999659	TimeIntervals	Lick
188.426	0.10000000000005116	TimeIntervals	Lick
189.72625	0.10000000000002274	TimeIntervals	Lick
190.39300000000003	0.06674999999998477	TimeIntervals	Lick
190.8265	0.0665000000000191	TimeIntervals	Lick
190.993	0.03350000000000364	TimeIntervals	Lick
191.19324999999998	0.10000000000005116	TimeIntervals	Lick
191.89325	0.06675000000004161	TimeIntervals	Lick
192.3935	0.16650000000001342	TimeIntervals	Lick
192.59349999999998	0.0665000000000191	TimeIntervals	Lick
192.86	0.06675000000001319	TimeIntervals	Lick
193.29350000000002	0.0999999999999659	TimeIntervals	Lick
193.46025	0.09999999999999432	TimeIntervals	Lick
193.59349999999998	0.10000000000002274	TimeIntervals	Lick
193.72700000000003	0.06649999999999068	TimeIntervals	Lick
194.02700000000002	0.06649999999996226	TimeIntervals	Lick
194.66049999999998	0.10000000000002274	TimeIntervals	Lick
195.7605	0.09999999999999432	TimeIntervals	Lick
196.16049999999998	0.06675000000004161	TimeIntervals	Lick
196.56050000000002	0.06699999999997885	TimeIntervals	Lick
196.9275	0.09999999999999432	TimeIntervals	Lick
197.06075	0.19999999999998863	TimeIntervals	Lick
197.29400000000007	0.06674999999995634	TimeIntervals	Lick
197.394	0.29999999999998295	TimeIntervals	Lick
197.72750000000002	0.3334999999999866	TimeIntervals	Lick
198.09425000000002	0.19999999999998863	TimeIntervals	Lick
198.3275	0.20000000000001705	TimeIntervals	Lick
198.561	0.30000000000001137	TimeIntervals	Lick
198.89450000000002	0.0999999999999659	TimeIntervals	Lick
199.02775	0.09999999999999432	TimeIntervals	Lick
199.161	0.20000000000001705	TimeIntervals	Lick
199.39450000000002	0.0999999999999659	TimeIntervals	Lick
199.461	0.09999999999999432	TimeIntervals	Reward
199.52775	2.4002499999999998	TimeIntervals	Lick
201.96150000000003	0.09999999999999432	TimeIntervals	Lick
202.09475	0.10025000000001683	TimeIntervals	Lick
202.22825000000003	0.0999999999999659	TimeIntervals	Lick
202.3615	0.10000000000002274	TimeIntervals	Lick
202.495	0.5	TimeIntervals	Lick
203.02824999999999	0.09999999999999432	TimeIntervals	Lick
203.16149999999996	0.2335000000000491	TimeIntervals	Lick
203.4285	0.10000000000002274	TimeIntervals	Lick
203.56175000000002	0.09999999999999432	TimeIntervals	Lick
203.69500000000002	0.23349999999999227	TimeIntervals	Lick
203.96175	0.2332500000000266	TimeIntervals	Lick
204.22850000000003	0.0665000000000191	TimeIntervals	Lick
204.52850000000004	0.333500000000015	TimeIntervals	Lick
204.89525000000003	0.0999999999999659	TimeIntervals	Lick
205.22850000000003	0.06675000000001319	TimeIntervals	Lick
205.4955	0.20000000000001705	TimeIntervals	Lick
206.36200000000005	0.0999999999999659	TimeIntervals	Lick
206.529	0.3332500000000209	TimeIntervals	Lick
206.89550000000003	0.06674999999998477	TimeIntervals	Lick
207.629	0.10000000000002274	TimeIntervals	Lick
207.96249999999998	0.10000000000002274	TimeIntervals	Lick
208.129	0.03350000000003206	TimeIntervals	Lick
208.46249999999998	0.10000000000002274	TimeIntervals	Lick
209.96275	0.10000000000002274	TimeIntervals	Lick
210.86275	0.06674999999998477	TimeIntervals	Lick
210.99624999999997	0.06675000000004161	TimeIntervals	Lick
211.1295	0.06674999999998477	TimeIntervals	Lick
211.22950000000003	0.5334999999999468	TimeIntervals	Lick
211.79625000000001	0.1999999999999602	TimeIntervals	Lick
212.0295	0.30025000000000546	TimeIntervals	Lick
212.36300000000003	0.19999999999998863	TimeIntervals	Lick
212.59649999999996	0.20000000000004547	TimeIntervals	Lick
212.82975000000002	0.0999999999999659	TimeIntervals	Lick
212.96300000000002	0.20024999999998272	TimeIntervals	Lick
213.19650000000001	0.09999999999999432	TimeIntervals	Lick
213.33	2.1335000000000264	TimeIntervals	Lick
213.52999999999997	0.06649999999999068	TimeIntervals	Reward
215.497	0.3332499999999925	TimeIntervals	Lick
215.86350000000002	0.23349999999999227	TimeIntervals	Lick
216.13025	0.10000000000005116	TimeIntervals	Lick
216.26350000000002	0.23349999999999227	TimeIntervals	Lick
216.5305	0.13325000000000387	TimeIntervals	Lick
216.697	0.10000000000002274	TimeIntervals	Lick
216.83050000000003	0.13324999999997544	TimeIntervals	Lick
217.097	0.09999999999999432	TimeIntervals	Lick
217.29700000000003	0.3669999999999618	TimeIntervals	Lick
217.7305	0.03350000000003206	TimeIntervals	Lick
218.49724999999998	0.10025000000001683	TimeIntervals	Lick
218.76400000000004	0.06674999999998477	TimeIntervals	Lick
218.93075	0.19999999999998863	TimeIntervals	Lick
219.26400000000004	0.06674999999998477	TimeIntervals	Lick
219.5975	0.09999999999999432	TimeIntervals	Lick
220.39750000000004	0.16674999999995066	TimeIntervals	Lick
221.53099999999998	0.13350000000002638	TimeIntervals	Lick
222.03125	0.0999999999999659	TimeIntervals	Lick
222.1645	0.19999999999998863	TimeIntervals	Lick
222.39800000000002	0.1999999999999602	TimeIntervals	Lick
222.63124999999997	0.06675000000004161	TimeIntervals	Lick
222.73125000000002	0.19999999999998863	TimeIntervals	Lick
222.96450000000002	0.20024999999998272	TimeIntervals	Lick
223.198	0.06675000000001319	TimeIntervals	Lick
223.298	0.10000000000002274	TimeIntervals	Lick
223.4315	0.0665000000000191	TimeIntervals	Lick
223.53150000000002	0.0999999999999659	TimeIntervals	Lick
223.66475	0.20000000000001705	TimeIntervals	Lick
223.89800000000002	0.09999999999999432	TimeIntervals	Lick
224.03150000000002	0.20000000000001705	TimeIntervals	Lick
224.26500000000001	0.06649999999999068	TimeIntervals	Lick
224.365	0.09999999999999432	TimeIntervals	Lick
224.49825	0.09999999999999432	TimeIntervals	Lick
224.565	0.09999999999999432	TimeIntervals	Reward
224.6315	2.3004999999999995	TimeIntervals	Lick
226.96525	0.10000000000002274	TimeIntervals	Lick
227.0985	0.09999999999999432	TimeIntervals	Lick
227.232	0.23349999999999227	TimeIntervals	Lick
227.49875000000003	0.19999999999998863	TimeIntervals	Lick
227.732	0.10000000000002274	TimeIntervals	Lick
227.86550000000003	0.09999999999999432	TimeIntervals	Lick
227.99875000000003	0.09999999999993747	TimeIntervals	Lick
228.132	0.2335000000000207	TimeIntervals	Lick
228.39875	0.10025000000001683	TimeIntervals	Lick
228.53224999999998	0.4000000000000341	TimeIntervals	Lick
228.96550000000002	0.0999999999999659	TimeIntervals	Lick
229.09899999999996	0.10000000000005116	TimeIntervals	Lick
229.23225000000002	0.2667500000000018	TimeIntervals	Lick
229.5655	0.2335000000000207	TimeIntervals	Lick
229.8325	0.0665000000000191	TimeIntervals	Lick
229.96575	0.19999999999998863	TimeIntervals	Lick
230.6325	0.03325000000000955	TimeIntervals	Lick
230.79925000000003	0.1667500000000075	TimeIntervals	Lick
231.39925	0.09999999999999432	TimeIntervals	Lick
232.066	0.19999999999998863	TimeIntervals	Lick
232.29950000000005	0.06649999999996226	TimeIntervals	Lick
232.43275	0.06674999999998477	TimeIntervals	Lick
233.533	0.10000000000002274	TimeIntervals	Lick
233.83300000000003	0.06649999999999068	TimeIntervals	Lick
234.733	0.10000000000002274	TimeIntervals	Lick
234.89975	0.03324999999998113	TimeIntervals	Lick
235.36650000000003	0.09999999999999432	TimeIntervals	Lick
235.70000000000002	0.0665000000000191	TimeIntervals	Lick
236.1665	0.06700000000000728	TimeIntervals	Lick
236.80000000000004	0.06674999999995634	TimeIntervals	Lick
236.96675000000002	0.03324999999998113	TimeIntervals	Lick
237.10000000000002	0.06674999999995634	TimeIntervals	Lick
237.23350000000002	0.13349999999996953	TimeIntervals	Lick
237.73350000000002	0.06674999999998477	TimeIntervals	Lick
239.30050000000003	0.09999999999999432	TimeIntervals	Lick
240.7675	0.06649999999999068	TimeIntervals	Lick
241.034	0.06675000000001319	TimeIntervals	Lick
241.134	0.06675000000004161	TimeIntervals	Lick
241.234	0.06674999999998477	TimeIntervals	Lick
241.40075000000004	0.16674999999995066	TimeIntervals	Lick
242.70100000000002	0.09999999999999432	TimeIntervals	Lick
243.26775	0.10000000000002274	TimeIntervals	Lick
243.40100000000004	0.06674999999995634	TimeIntervals	Lick
243.50099999999998	0.16675000000003593	TimeIntervals	Lick
243.73450000000003	0.06649999999999068	TimeIntervals	Lick
244.23450000000003	0.06674999999995634	TimeIntervals	Lick
245.00150000000005	0.0999999999999659	TimeIntervals	Lick
245.36800000000005	0.09999999999993747	TimeIntervals	Lick
246.068	0.06700000000000728	TimeIntervals	Lick
246.16825	0.1667500000000075	TimeIntervals	Lick
246.76825000000002	0.09999999999999432	TimeIntervals	Lick
248.26850000000005	0.0999999999999659	TimeIntervals	Lick
249.202	0.4000000000000341	TimeIntervals	Lick
249.6355	0.1999999999999602	TimeIntervals	Lick
249.86875000000003	0.29999999999998295	TimeIntervals	Lick
250.202	0.20000000000001705	TimeIntervals	Lick
250.43550000000002	0.0999999999999659	TimeIntervals	Lick
250.569	0.20000000000001705	TimeIntervals	Lick
250.80225000000004	0.1999999999999602	TimeIntervals	Lick
251.03549999999998	0.2000000000000739	TimeIntervals	Lick
251.269	0.20000000000004547	TimeIntervals	Lick
251.50225	0.1002499999999884	TimeIntervals	Lick
251.63575	0.10000000000005116	TimeIntervals	Lick
251.66900000000007	0.03350000000000364	TimeIntervals	Reward
251.769	2.3670000000000186	TimeIntervals	Lick
254.16950000000003	0.09999999999999432	TimeIntervals	Lick
254.30275000000003	0.13324999999997544	TimeIntervals	Lick
254.4695	0.09999999999999432	TimeIntervals	Lick
254.63600000000002	0.06675000000001319	TimeIntervals	Lick
254.73600000000002	0.0999999999999659	TimeIntervals	Lick
254.86950000000004	0.13349999999996953	TimeIntervals	Lick
255.03624999999997	0.10000000000005116	TimeIntervals	Lick
255.23625000000004	0.06674999999995634	TimeIntervals	Lick
255.36950000000004	0.0999999999999659	TimeIntervals	Lick
255.53624999999997	0.06675000000007003	TimeIntervals	Lick
255.63625000000002	0.06675000000001319	TimeIntervals	Lick
255.803	0.06650000000004752	TimeIntervals	Lick
255.93650000000002	0.06649999999996226	TimeIntervals	Lick
256.06975	0.10000000000002274	TimeIntervals	Lick
256.203	0.10000000000002274	TimeIntervals	Lick
257.2699999999999	0.03325000000006639	TimeIntervals	Lick
258.40349999999995	0.16650000000009868	TimeIntervals	Lick
258.6035	0.0665000000000191	TimeIntervals	Lick
260.137	0.0665000000000191	TimeIntervals	Lick
260.27025	0.03325000000000955	TimeIntervals	Lick
260.3705	0.06649999999996226	TimeIntervals	Lick
260.637	0.0999999999999659	TimeIntervals	Lick
261.73724999999996	0.10000000000007958	TimeIntervals	Lick
261.8705	0.0999999999999659	TimeIntervals	Lick
262.03725	0.06675000000001319	TimeIntervals	Lick
262.17049999999995	0.06675000000001319	TimeIntervals	Lick
262.604	0.06675000000007003	TimeIntervals	Lick
263.47074999999995	0.06675000000001319	TimeIntervals	Lick
263.604	0.06700000000006412	TimeIntervals	Lick
264.20425	0.033249999999952706	TimeIntervals	Lick
265.23775	0.06675000000001319	TimeIntervals	Lick
265.73775	0.06675000000001319	TimeIntervals	Lick
265.8712499999999	0.03325000000000955	TimeIntervals	Lick
266.7045	0.10000000000002274	TimeIntervals	Lick
267.738	0.10000000000002274	TimeIntervals	Lick
268.1715	0.0999999999999659	TimeIntervals	Lick
269.30499999999995	0.10000000000007958	TimeIntervals	Lick
270.2385	0.06675000000001319	TimeIntervals	Lick
271.07199999999995	0.10000000000007958	TimeIntervals	Lick
271.43874999999997	0.06674999999995634	TimeIntervals	Lick
272.5054999999999	0.06675000000007003	TimeIntervals	Lick
272.6055	0.0999999999999659	TimeIntervals	Lick
273.80575	0.06674999999995634	TimeIntervals	Lick
274.10575	0.10000000000002274	TimeIntervals	Lick
274.239	0.06675000000001319	TimeIntervals	Lick
274.37249999999995	0.06650000000007594	TimeIntervals	Lick
274.7724999999999	0.10000000000002274	TimeIntervals	Lick
275.40599999999995	0.06650000000007594	TimeIntervals	Lick
275.50600000000003	0.2999999999999545	TimeIntervals	Lick
275.83950000000004	0.06649999999990541	TimeIntervals	Lick
275.93949999999995	0.3000000000000682	TimeIntervals	Lick
276.27275	0.20000000000004547	TimeIntervals	Lick
276.50600000000003	0.333500000000015	TimeIntervals	Lick
276.873	0.0999999999999659	TimeIntervals	Lick
277.00624999999997	0.10000000000007958	TimeIntervals	Lick
277.13950000000006	0.06674999999995634	TimeIntervals	Lick
277.2395	0.10000000000002274	TimeIntervals	Lick
277.373	0.0999999999999659	TimeIntervals	Lick
277.50624999999997	0.10000000000007958	TimeIntervals	Lick
277.63950000000006	0.6669999999999163	TimeIntervals	Lick
277.70625	0.03325000000000955	TimeIntervals	Reward
278.33975000000004	0.19999999999998863	TimeIntervals	Lick
278.5729999999999	0.20000000000004547	TimeIntervals	Lick
278.80649999999997	0.10000000000007958	TimeIntervals	Lick
278.93975	0.20025000000003956	TimeIntervals	Lick
279.17325000000005	0.09999999999990905	TimeIntervals	Lick
279.30649999999997	0.46674999999999045	TimeIntervals	Lick
279.80649999999997	0.10000000000007958	TimeIntervals	Lick
279.94	0.6667499999999791	TimeIntervals	Lick
280.6735	0.06649999999996226	TimeIntervals	Lick
280.77349999999996	0.06650000000007594	TimeIntervals	Lick
280.90675000000005	0.06674999999995634	TimeIntervals	Lick
281.207	0.166499999999985	TimeIntervals	Lick
281.407	0.0665000000000191	TimeIntervals	Lick
282.1735	0.13350000000008322	TimeIntervals	Lick
282.67375000000004	0.23324999999994134	TimeIntervals	Lick
283.207	0.06674999999995634	TimeIntervals	Lick
283.7405	0.10000000000002274	TimeIntervals	Lick
284.174	0.0665000000000191	TimeIntervals	Lick
284.6075	0.06649999999996226	TimeIntervals	Lick
285.77424999999994	0.26675000000005866	TimeIntervals	Lick
287.34099999999995	0.06675000000001319	TimeIntervals	Lick
287.44100000000003	0.40024999999997135	TimeIntervals	Lick
287.8745	0.1999999999999318	TimeIntervals	Lick
288.108	0.20000000000004547	TimeIntervals	Lick
288.34125	0.1999999999999318	TimeIntervals	Lick
288.57449999999994	0.20000000000004547	TimeIntervals	Lick
288.80800000000005	0.1999999999999318	TimeIntervals	Lick
289.0415	0.10000000000002274	TimeIntervals	Lick
289.17475	0.19999999999998863	TimeIntervals	Lick
289.408	0.333500000000015	TimeIntervals	Lick
289.74150000000003	0.0665000000000191	TimeIntervals	Reward
289.7747499999999	1.1335000000000264	TimeIntervals	Lick
290.9415000000001	0.3334999999998445	TimeIntervals	Lick
291.3085	0.3332500000000209	TimeIntervals	Lick
291.67499999999995	0.6669999999999732	TimeIntervals	Lick
292.37525	0.0999999999999659	TimeIntervals	Lick
292.50849999999997	0.36675000000002456	TimeIntervals	Lick
292.9085	0.2667500000000018	TimeIntervals	Lick
293.3085	0.10025000000001683	TimeIntervals	Lick
293.8755	0.166499999999985	TimeIntervals	Lick
294.44225	0.10000000000002274	TimeIntervals	Lick
294.8755	0.13349999999996953	TimeIntervals	Lick
296.24249999999995	0.10000000000007958	TimeIntervals	Lick
298.0095	0.0665000000000191	TimeIntervals	Lick
298.14275	0.06675000000007003	TimeIntervals	Lick
298.27599999999995	0.06675000000007003	TimeIntervals	Lick
298.77599999999995	0.06700000000006412	TimeIntervals	Lick
299.8095	0.06700000000000728	TimeIntervals	Lick
301.34325000000007	0.06674999999995634	TimeIntervals	Lick
301.71	0.06649999999996226	TimeIntervals	Lick
301.91	0.0665000000000191	TimeIntervals	Lick
302.8435	0.03325000000000955	TimeIntervals	Lick
302.94350000000003	0.06649999999996226	TimeIntervals	Lick
303.577	0.06650000000007594	TimeIntervals	Lick
303.87699999999995	0.10000000000007958	TimeIntervals	Lick
304.11025	0.13324999999997544	TimeIntervals	Lick
304.31050000000005	0.06649999999990541	TimeIntervals	Lick
305.84400000000005	0.10000000000002274	TimeIntervals	Lick
306.5439999999999	0.06675000000012687	TimeIntervals	Lick
306.644	0.06674999999995634	TimeIntervals	Lick
306.74399999999997	0.06675000000001319	TimeIntervals	Lick
306.84400000000005	0.06674999999995634	TimeIntervals	Lick
307.51075000000003	0.40024999999997135	TimeIntervals	Lick
307.94425	0.30000000000001137	TimeIntervals	Lick
308.2774999999999	0.10000000000007958	TimeIntervals	Lick
308.411	0.19999999999998863	TimeIntervals	Lick
308.64425	0.20024999999998272	TimeIntervals	Lick
308.87775	0.10000000000002274	TimeIntervals	Lick
309.011	0.43350000000003774	TimeIntervals	Lick
309.47775	0.09999999999990905	TimeIntervals	Lick
309.611	0.6669999999999732	TimeIntervals	Lick
309.77799999999996	0.10000000000002274	TimeIntervals	Reward
310.31125000000003	0.19999999999998863	TimeIntervals	Lick
310.54449999999997	0.10000000000002274	TimeIntervals	Lick
310.678	0.0665000000000191	TimeIntervals	Lick
310.77799999999996	1.1000000000000227	TimeIntervals	Lick
311.91150000000005	0.09999999999990905	TimeIntervals	Lick
312.045	0.4664999999999395	TimeIntervals	Lick
312.545	0.10000000000002274	TimeIntervals	Lick
312.67825	0.0999999999999659	TimeIntervals	Lick
312.8115000000001	0.0999999999999659	TimeIntervals	Lick
312.94500000000005	0.0999999999999659	TimeIntervals	Lick
313.07849999999996	0.5332500000000664	TimeIntervals	Lick
313.64500000000004	0.0999999999999659	TimeIntervals	Lick
313.7784999999999	0.23325000000005502	TimeIntervals	Lick
314.045	0.10000000000002274	TimeIntervals	Lick
314.1785	0.09999999999990905	TimeIntervals	Lick
314.312	0.10000000000002274	TimeIntervals	Lick
314.44525	0.13324999999997544	TimeIntervals	Lick
314.612	0.0999999999999659	TimeIntervals	Lick
314.74524999999994	0.3000000000000682	TimeIntervals	Lick
315.14525000000003	0.06674999999995634	TimeIntervals	Lick
315.2784999999999	0.2335000000000491	TimeIntervals	Lick
315.57874999999996	0.23325000000005502	TimeIntervals	Lick
315.8455	0.0999999999999659	TimeIntervals	Lick
316.212	0.06675000000001319	TimeIntervals	Lick
316.3455	0.16674999999997908	TimeIntervals	Lick
316.57899999999995	0.06650000000007594	TimeIntervals	Lick
316.67900000000003	0.0999999999999659	TimeIntervals	Lick
316.9455	0.06675000000001319	TimeIntervals	Lick
317.64575	0.0667499999998995	TimeIntervals	Lick
318.04575	0.10000000000002274	TimeIntervals	Lick
319.57924999999994	0.20025000000003956	TimeIntervals	Lick
320.11275	0.06675000000001319	TimeIntervals	Lick
320.8795	0.0999999999999659	TimeIntervals	Lick
321.013	0.16650000000004184	TimeIntervals	Lick
321.213	0.2999999999999545	TimeIntervals	Lick
321.54625	0.10000000000002274	TimeIntervals	Lick
321.6795	0.6669999999999732	TimeIntervals	Lick
322.37974999999994	0.10000000000007958	TimeIntervals	Lick
322.513	0.06675000000001319	TimeIntervals	Lick
322.613	0.0999999999999659	TimeIntervals	Lick
322.7465	0.19999999999998863	TimeIntervals	Lick
322.98	0.0999999999999659	TimeIntervals	Lick
323.11324999999994	0.10000000000002274	TimeIntervals	Lick
323.2465	0.0999999999999659	TimeIntervals	Lick
323.38	0.10000000000002274	TimeIntervals	Lick
323.5465	0.03350000000000364	TimeIntervals	Lick
323.61324999999994	0.06675000000007003	TimeIntervals	Lick
323.71324999999996	0.1332500000000323	TimeIntervals	Lick
324.24674999999996	0.20000000000010232	TimeIntervals	Lick
325.247	0.06649999999996226	TimeIntervals	Lick
325.38025	0.06675000000001319	TimeIntervals	Lick
325.48024999999996	0.10000000000002274	TimeIntervals	Lick
325.61350000000004	0.09999999999990905	TimeIntervals	Lick
325.747	0.0999999999999659	TimeIntervals	Lick
325.88025	0.3000000000000682	TimeIntervals	Lick
326.21349999999995	0.2002500000000964	TimeIntervals	Lick
326.447	0.0999999999999659	TimeIntervals	Lick
326.5805	0.10000000000007958	TimeIntervals	Lick
326.71374999999995	0.06675000000007003	TimeIntervals	Lick
326.81374999999997	0.10000000000007958	TimeIntervals	Lick
326.947	0.0999999999999659	TimeIntervals	Lick
327.0805	0.20000000000004547	TimeIntervals	Lick
327.31374999999997	0.10025000000007367	TimeIntervals	Lick
327.44725000000005	0.0999999999999659	TimeIntervals	Lick
327.5805	0.06675000000007003	TimeIntervals	Lick
327.68050000000005	0.0999999999999659	TimeIntervals	Lick
327.814	0.10000000000002274	TimeIntervals	Lick
327.84725	0.10000000000007958	TimeIntervals	Reward
327.94725000000005	3.4337499999998613	TimeIntervals	Lick
331.41450000000003	0.23324999999999818	TimeIntervals	Lick
331.681	0.10025000000001683	TimeIntervals	Lick
331.81449999999995	0.10000000000007958	TimeIntervals	Lick
331.948	0.10000000000002274	TimeIntervals	Lick
332.08125	0.39999999999997726	TimeIntervals	Lick
332.5145	0.5002499999999941	TimeIntervals	Lick
333.048	0.10000000000002274	TimeIntervals	Lick
333.1815	0.2664999999999509	TimeIntervals	Lick
333.58149999999995	0.10000000000007958	TimeIntervals	Lick
333.71475000000004	0.19999999999998863	TimeIntervals	Lick
333.9815	0.06675000000001319	TimeIntervals	Lick
334.28150000000005	0.266749999999945	TimeIntervals	Lick
335.015	0.06675000000001319	TimeIntervals	Lick
335.1485	0.06649999999996226	TimeIntervals	Lick
335.28175	0.06675000000001319	TimeIntervals	Lick
335.415	0.19999999999998863	TimeIntervals	Lick
335.9485	0.10000000000002274	TimeIntervals	Lick
336.61525	0.06675000000007003	TimeIntervals	Lick
336.7485	0.033499999999946795	TimeIntervals	Lick
337.082	0.0665000000000191	TimeIntervals	Lick
337.44875	0.23325000000005502	TimeIntervals	Lick
337.84875000000005	0.0999999999999659	TimeIntervals	Lick
339.18225000000007	0.06674999999995634	TimeIntervals	Lick
339.68250000000006	0.23324999999994134	TimeIntervals	Lick
340.28249999999997	0.06650000000007594	TimeIntervals	Lick
340.5489999999999	0.10025000000007367	TimeIntervals	Lick
340.7159999999999	0.06650000000007594	TimeIntervals	Lick
340.9825	0.09999999999990905	TimeIntervals	Lick
341.11600000000004	0.0665000000000191	TimeIntervals	Lick
341.2159999999999	0.3332500000001346	TimeIntervals	Lick
341.5824999999999	0.06700000000006412	TimeIntervals	Lick
341.68275	0.1999999999999318	TimeIntervals	Lick
341.916	0.06675000000001319	TimeIntervals	Lick
342.016	0.0999999999999659	TimeIntervals	Lick
342.48275	0.16674999999997908	TimeIntervals	Lick
342.9495	0.10000000000002274	TimeIntervals	Reward
343.01624999999996	3.4337500000000887	TimeIntervals	Lick
346.4835	0.3664999999999736	TimeIntervals	Lick
346.88349999999997	0.7667500000000018	TimeIntervals	Lick
347.68350000000004	0.0999999999999659	TimeIntervals	Lick
347.817	0.10000000000002274	TimeIntervals	Lick
347.95025000000004	0.0999999999999659	TimeIntervals	Lick
348.0835	0.23349999999999227	TimeIntervals	Lick
348.3505	0.10000000000002274	TimeIntervals	Lick
348.68375	0.26675000000005866	TimeIntervals	Lick
349.017	0.03350000000000364	TimeIntervals	Lick
349.384	0.0665000000000191	TimeIntervals	Lick
349.684	0.06649999999996226	TimeIntervals	Lick
349.884	0.23324999999999818	TimeIntervals	Lick
350.1505	0.06674999999995634	TimeIntervals	Lick
350.3505	0.10025000000001683	TimeIntervals	Lick
350.5175	0.13324999999997544	TimeIntervals	Lick
350.7175	0.0665000000000191	TimeIntervals	Lick
350.8175000000001	0.0999999999999659	TimeIntervals	Lick
351.05074999999994	0.13325000000008913	TimeIntervals	Lick
351.78424999999993	0.06675000000007003	TimeIntervals	Lick
352.3175000000001	0.16674999999992224	TimeIntervals	Lick
352.91775	0.06675000000001319	TimeIntervals	Lick
353.75125	0.0999999999999659	TimeIntervals	Lick
354.2845	0.06675000000001319	TimeIntervals	Lick
354.9515	0.10000000000002274	TimeIntervals	Lick
355.48475	0.09999999999990905	TimeIntervals	Lick
355.61800000000005	0.06674999999995634	TimeIntervals	Lick
355.718	0.30025000000000546	TimeIntervals	Lick
356.05150000000003	0.1999999999999318	TimeIntervals	Lick
356.28499999999997	0.19999999999998863	TimeIntervals	Lick
356.51825	0.4332499999999868	TimeIntervals	Lick
356.98499999999996	0.19999999999998863	TimeIntervals	Lick
357.21849999999995	0.3332500000000209	TimeIntervals	Lick
357.585	0.06675000000001319	TimeIntervals	Lick
357.68499999999995	0.10000000000002274	TimeIntervals	Lick
357.81850000000003	0.10000000000002274	TimeIntervals	Lick
357.95175	0.5335000000000036	TimeIntervals	Lick
357.95175	0.033249999999952706	TimeIntervals	Reward
358.5185	1.4335000000000377	TimeIntervals	Lick
359.9855	0.0999999999999659	TimeIntervals	Lick
360.11875000000003	0.0999999999999659	TimeIntervals	Lick
360.25199999999995	0.2669999999999959	TimeIntervals	Lick
360.55224999999996	0.10000000000007958	TimeIntervals	Lick
360.68550000000005	0.09999999999990905	TimeIntervals	Lick
360.819	0.2664999999999509	TimeIntervals	Lick
361.119	0.10000000000002274	TimeIntervals	Lick
361.25224999999995	0.06675000000007003	TimeIntervals	Lick
361.35224999999997	0.7334999999999923	TimeIntervals	Lick
362.15250000000003	0.3999999999999204	TimeIntervals	Lick
362.686	1.9335000000000946	TimeIntervals	Lick
364.686	0.40024999999997135	TimeIntervals	Lick
365.1195000000001	0.23349999999987858	TimeIntervals	Lick
365.38625	0.2667500000000018	TimeIntervals	Lick
365.7194999999999	0.3670000000000755	TimeIntervals	Lick
366.11975000000007	0.3332499999999641	TimeIntervals	Lick
366.4865	0.16650000000004184	TimeIntervals	Lick
366.6865	0.0999999999999659	TimeIntervals	Lick
366.85299999999995	0.20024999999998272	TimeIntervals	Lick
367.12	0.0999999999999659	TimeIntervals	Lick
367.25325	0.23324999999999818	TimeIntervals	Lick
367.52	0.10000000000002274	TimeIntervals	Lick
367.7865	0.30025000000000546	TimeIntervals	Lick
368.12	0.0999999999999659	TimeIntervals	Lick
368.48675000000003	0.06674999999995634	TimeIntervals	Lick
368.58675	0.4000000000000341	TimeIntervals	Lick
369.02	0.10025000000001683	TimeIntervals	Lick
369.32025	0.10000000000007958	TimeIntervals	Lick
369.68699999999995	0.2665000000001214	TimeIntervals	Lick
370.18699999999995	0.06675000000001319	TimeIntervals	Lick
370.45375	0.39999999999997726	TimeIntervals	Lick
371.4205	0.06675000000001319	TimeIntervals	Lick
371.6205	0.06674999999995634	TimeIntervals	Lick
371.78725000000003	0.06674999999995634	TimeIntervals	Lick
371.9205	0.10000000000002274	TimeIntervals	Lick
372.05400000000003	0.06649999999996226	TimeIntervals	Lick
372.75399999999996	0.10000000000002274	TimeIntervals	Lick
373.28749999999997	0.0665000000000191	TimeIntervals	Lick
373.78749999999997	0.06675000000001319	TimeIntervals	Lick
374.821	0.13350000000002638	TimeIntervals	Lick
376.08799999999997	0.06650000000007594	TimeIntervals	Lick
377.75475	0.06675000000001319	TimeIntervals	Lick
379.22174999999993	0.10000000000013642	TimeIntervals	Lick
379.98850000000004	0.09999999999990905	TimeIntervals	Lick
380.7885	0.10000000000002274	TimeIntervals	Lick
380.922	0.10000000000002274	TimeIntervals	Lick
381.5555	0.10000000000007958	TimeIntervals	Lick
381.68875	0.1999999999999318	TimeIntervals	Lick
381.922	0.2999999999999545	TimeIntervals	Lick
382.2554999999999	0.3000000000000682	TimeIntervals	Lick
382.58899999999994	0.06650000000013279	TimeIntervals	Lick
382.689	0.10000000000002274	TimeIntervals	Lick
382.82225000000005	0.10000000000002274	TimeIntervals	Lick
382.95550000000003	0.06675000000001319	TimeIntervals	Lick
383.0555	0.1999999999999318	TimeIntervals	Lick
383.28900000000004	0.19999999999998863	TimeIntervals	Lick
383.5225	0.10000000000007958	TimeIntervals	Lick
383.65575	0.06674999999995634	TimeIntervals	Lick
383.75575	0.0999999999999659	TimeIntervals	Lick
383.88899999999995	0.333500000000015	TimeIntervals	Lick
383.98900000000003	0.033499999999946795	TimeIntervals	Reward
384.25575	0.20000000000004547	TimeIntervals	Lick
384.48900000000003	0.4334999999999809	TimeIntervals	Lick
384.9560000000001	0.09999999999990905	TimeIntervals	Lick
385.08924999999994	0.10000000000007958	TimeIntervals	Lick
385.22249999999997	0.333500000000015	TimeIntervals	Lick
385.58949999999993	0.10000000000002274	TimeIntervals	Lick
385.72274999999996	0.10000000000007958	TimeIntervals	Lick
385.856	0.10000000000007958	TimeIntervals	Lick
385.9895	0.09999999999990905	TimeIntervals	Lick
386.12275000000005	0.1332499999999186	TimeIntervals	Lick
386.28950000000003	0.06649999999996226	TimeIntervals	Lick
386.42275000000006	0.06674999999995634	TimeIntervals	Lick
386.52275000000003	0.13324999999997544	TimeIntervals	Lick
386.75624999999997	0.10000000000002274	TimeIntervals	Lick
386.8895	0.10000000000002274	TimeIntervals	Lick
387.323	0.20000000000004547	TimeIntervals	Lick
388.0897499999999	0.1332500000000323	TimeIntervals	Lick
389.2565	0.06675000000007003	TimeIntervals	Lick
390.72349999999994	0.10000000000007958	TimeIntervals	Lick
391.057	0.0665000000000191	TimeIntervals	Lick
392.22375	0.16674999999997908	TimeIntervals	Lick
393.12375	0.06675000000001319	TimeIntervals	Lick
393.6905	0.06674999999995634	TimeIntervals	Lick
394.124	0.06649999999996226	TimeIntervals	Lick
395.69100000000003	0.0999999999999659	TimeIntervals	Lick
395.92425000000003	0.0999999999999659	TimeIntervals	Lick
396.0909999999999	0.06650000000007594	TimeIntervals	Lick
396.5909999999999	0.06675000000012687	TimeIntervals	Lick
396.791	0.03350000000000364	TimeIntervals	Lick
397.8245	0.10000000000007958	TimeIntervals	Lick
400.5915	0.10000000000002274	TimeIntervals	Lick
400.72499999999997	0.0665000000000191	TimeIntervals	Lick
401.39175	0.10000000000002274	TimeIntervals	Lick
403.6255	0.10000000000002274	TimeIntervals	Lick
406.12575	0.06675000000001319	TimeIntervals	Lick
406.22575	0.06675000000001319	TimeIntervals	Lick
407.95950000000005	0.06649999999996226	TimeIntervals	Lick
408.226	0.06674999999995634	TimeIntervals	Lick
408.39275000000004	0.06675000000001319	TimeIntervals	Lick
408.92625000000004	0.06675000000001319	TimeIntervals	Lick
409.22625	0.06674999999995634	TimeIntervals	Lick
409.39300000000003	0.0665000000000191	TimeIntervals	Lick
409.89300000000003	0.0999999999999659	TimeIntervals	Lick
411.02649999999994	0.06675000000007003	TimeIntervals	Lick
412.46	0.06675000000001319	TimeIntervals	Lick
412.55999999999995	0.20000000000004547	TimeIntervals	Lick
412.7935	0.2999999999999545	TimeIntervals	Lick
413.12699999999995	0.20000000000010232	TimeIntervals	Lick
413.36025	0.19999999999998863	TimeIntervals	Lick
413.59349999999995	0.10000000000007958	TimeIntervals	Lick
413.727	0.20000000000004547	TimeIntervals	Lick
413.9602500000001	0.09999999999990905	TimeIntervals	Lick
414.09349999999995	0.06700000000000728	TimeIntervals	Lick
414.19374999999997	0.23325000000005502	TimeIntervals	Lick
414.4605000000001	0.06649999999996226	TimeIntervals	Lick
414.56050000000005	0.09999999999990905	TimeIntervals	Lick
414.69374999999997	0.10000000000002274	TimeIntervals	Lick
414.82700000000006	0.19999999999998863	TimeIntervals	Lick
415.02700000000004	0.06674999999995634	TimeIntervals	Reward
415.06050000000005	2.4669999999999277	TimeIntervals	Lick
417.5609999999999	0.23325000000005502	TimeIntervals	Lick
417.82750000000004	0.23349999999987858	TimeIntervals	Lick
418.09425000000005	0.09999999999990905	TimeIntervals	Lick
418.2275	0.10000000000002274	TimeIntervals	Lick
418.36100000000005	0.5334999999999468	TimeIntervals	Lick
418.92775	0.10000000000002274	TimeIntervals	Lick
419.0609999999999	0.26675000000005866	TimeIntervals	Lick
419.36100000000005	0.0999999999999659	TimeIntervals	Lick
419.4945	0.0999999999999659	TimeIntervals	Lick
419.628	0.1332500000000323	TimeIntervals	Lick
419.79449999999997	0.20000000000004547	TimeIntervals	Lick
420.06125	0.06675000000001319	TimeIntervals	Lick
420.26125	0.06675000000001319	TimeIntervals	Lick
420.46125	0.23324999999994134	TimeIntervals	Lick
420.8615	0.06650000000007594	TimeIntervals	Lick
420.99475000000007	0.06674999999995634	TimeIntervals	Lick
421.128	0.13349999999996953	TimeIntervals	Lick
421.895	0.10000000000002274	TimeIntervals	Lick
422.02824999999996	0.10000000000007958	TimeIntervals	Lick
422.1615	0.06674999999995634	TimeIntervals	Lick
423.32849999999996	0.10000000000002274	TimeIntervals	Lick
424.46200000000005	0.06649999999996226	TimeIntervals	Lick
424.59524999999996	0.06675000000001319	TimeIntervals	Lick
425.32874999999996	0.06675000000007003	TimeIntervals	Lick
426.0955	0.09999999999990905	TimeIntervals	Lick
427.79575	0.06674999999995634	TimeIntervals	Lick
428.09575	0.06674999999995634	TimeIntervals	Lick
429.096	0.0999999999999659	TimeIntervals	Lick
429.4292500000001	0.06674999999995634	TimeIntervals	Lick
430.763	0.10000000000002274	TimeIntervals	Lick
431.46299999999997	0.10000000000002274	TimeIntervals	Lick
432.62975000000006	0.09999999999990905	TimeIntervals	Lick
432.763	0.06700000000000728	TimeIntervals	Lick
432.86325	0.06675000000001319	TimeIntervals	Lick
432.96324999999996	0.20000000000004547	TimeIntervals	Lick
433.1965	0.06674999999995634	TimeIntervals	Lick
433.2965	0.20000000000004547	TimeIntervals	Lick
433.53	0.3332500000000209	TimeIntervals	Lick
433.8965	0.20024999999992588	TimeIntervals	Lick
434.13	0.19999999999998863	TimeIntervals	Lick
434.36350000000004	0.09999999999990905	TimeIntervals	Lick
434.49675	0.20000000000004547	TimeIntervals	Lick
434.73	0.0999999999999659	TimeIntervals	Lick
434.86350000000004	0.09999999999990905	TimeIntervals	Lick
434.99675	0.10024999999995998	TimeIntervals	Lick
435.097	0.10000000000002274	TimeIntervals	Reward
435.13025000000005	2.033499999999947	TimeIntervals	Lick
437.197	0.5002500000000509	TimeIntervals	Lick
437.73049999999995	0.10000000000007958	TimeIntervals	Lick
437.864	0.0999999999999659	TimeIntervals	Lick
437.99725	0.0999999999999659	TimeIntervals	Lick
438.1305	0.23349999999999227	TimeIntervals	Lick
438.3975	0.23324999999999818	TimeIntervals	Lick
438.66400000000004	0.6667499999999791	TimeIntervals	Lick
439.364	0.26700000000005275	TimeIntervals	Lick
439.69750000000005	0.1999999999999318	TimeIntervals	Lick
440.16425000000004	0.06674999999995634	TimeIntervals	Lick
440.76449999999994	0.03325000000006639	TimeIntervals	Lick
440.8310000000001	0.16674999999992224	TimeIntervals	Lick
441.16450000000003	0.09999999999990905	TimeIntervals	Reward
441.26449999999994	2.13350000000014	TimeIntervals	Lick
443.4315000000001	0.09999999999985221	TimeIntervals	Lick
443.56474999999995	0.10000000000002274	TimeIntervals	Lick
443.6979999999999	1.4337500000000887	TimeIntervals	Lick
445.165	0.2667500000000018	TimeIntervals	Lick
445.4650000000001	0.06674999999995634	TimeIntervals	Lick
445.56499999999994	0.10000000000007958	TimeIntervals	Lick
445.73175	0.10000000000002274	TimeIntervals	Lick
445.86499999999995	0.10000000000013642	TimeIntervals	Lick
445.9985	0.0999999999999659	TimeIntervals	Lick
446.13200000000006	0.09999999999990905	TimeIntervals	Lick
446.2652499999999	0.10000000000007958	TimeIntervals	Lick
446.39849999999996	0.10000000000002274	TimeIntervals	Lick
446.56524999999993	0.19999999999998863	TimeIntervals	Lick
446.7985	0.0999999999999659	TimeIntervals	Lick
446.9320000000001	0.23349999999987858	TimeIntervals	Lick
447.23199999999997	0.06675000000001319	TimeIntervals	Lick
447.36550000000005	0.0999999999999659	TimeIntervals	Lick
447.49875	0.23324999999999818	TimeIntervals	Lick
447.7654999999999	0.10000000000013642	TimeIntervals	Lick
447.89875	0.0999999999999659	TimeIntervals	Lick
448.032	0.10000000000007958	TimeIntervals	Lick
448.16549999999995	3.33400000000006	TimeIntervals	Lick
448.16549999999995	0.0999999999999659	TimeIntervals	Reward
451.53274999999996	0.10000000000002274	TimeIntervals	Lick
451.666	0.0999999999999659	TimeIntervals	Lick
451.7995	0.10000000000002274	TimeIntervals	Lick
451.93275000000006	0.5332499999999527	TimeIntervals	Lick
452.4995	0.09999999999990905	TimeIntervals	Lick
452.63300000000004	0.09999999999990905	TimeIntervals	Lick
452.7662499999999	0.40000000000009095	TimeIntervals	Lick
453.1995	0.13350000000002638	TimeIntervals	Lick
453.36625000000004	0.2332499999998845	TimeIntervals	Lick
453.63300000000004	0.23349999999999227	TimeIntervals	Lick
453.93300000000005	0.06674999999995634	TimeIntervals	Lick
454.06649999999996	0.23325000000005502	TimeIntervals	Lick
454.36650000000003	0.0999999999999659	TimeIntervals	Lick
454.73299999999995	0.16700000000003	TimeIntervals	Lick
454.93325	0.06675000000001319	TimeIntervals	Lick
455.03325	0.10000000000002274	TimeIntervals	Lick
455.23325	0.06674999999995634	TimeIntervals	Reward
455.29999999999995	1.0	TimeIntervals	Lick
456.3335	0.4664999999999395	TimeIntervals	Lick
456.8335	0.19999999999998863	TimeIntervals	Lick
457.06699999999995	0.10000000000002274	TimeIntervals	Lick
457.20025	0.0999999999999659	TimeIntervals	Lick
457.3335	0.23349999999993543	TimeIntervals	Lick
457.60025	0.3332500000000209	TimeIntervals	Lick
457.96700000000004	0.23349999999993543	TimeIntervals	Lick
458.23375	0.10000000000002274	TimeIntervals	Lick
458.36699999999996	0.10000000000007958	TimeIntervals	Lick
458.5005	0.10000000000002274	TimeIntervals	Lick
458.63374999999996	0.10000000000002274	TimeIntervals	Lick
458.8005	0.19999999999998863	TimeIntervals	Lick
459.1005	0.0999999999999659	TimeIntervals	Lick
459.2672499999999	0.10000000000013642	TimeIntervals	Lick
459.4005000000001	0.09999999999990905	TimeIntervals	Lick
459.56724999999994	0.03325000000006639	TimeIntervals	Lick
459.734	0.0665000000000191	TimeIntervals	Lick
459.86725	0.3332499999999641	TimeIntervals	Lick
460.234	0.333500000000015	TimeIntervals	Lick
460.60075	0.0999999999999659	TimeIntervals	Lick
460.734	0.10000000000002274	TimeIntervals	Lick
460.8675	0.0999999999999659	TimeIntervals	Lick
461.00075	0.19999999999998863	TimeIntervals	Lick
461.234	0.333500000000015	TimeIntervals	Lick
461.601	0.0999999999999659	TimeIntervals	Lick
461.73425000000003	0.0999999999999659	TimeIntervals	Lick
461.8675	0.0999999999999659	TimeIntervals	Lick
462.001	0.10000000000002274	TimeIntervals	Lick
462.13425000000007	0.0999999999999659	TimeIntervals	Lick
462.23425000000003	0.06674999999995634	TimeIntervals	Reward
462.2674999999999	1.2002500000000964	TimeIntervals	Lick
463.501	0.10000000000002274	TimeIntervals	Lick
463.6345	0.23349999999999227	TimeIntervals	Lick
463.90125	0.10000000000002274	TimeIntervals	Lick
464.0345	0.10000000000002274	TimeIntervals	Lick
464.16799999999995	0.10000000000002274	TimeIntervals	Lick
464.30125	0.10000000000002274	TimeIntervals	Lick
464.4345	0.23349999999993543	TimeIntervals	Lick
464.7015	0.2665000000000646	TimeIntervals	Lick
465.0015	0.4000000000000341	TimeIntervals	Lick
465.4680000000001	0.13349999999996953	TimeIntervals	Lick
465.63475000000005	0.1332499999999186	TimeIntervals	Lick
465.8015	0.06675000000001319	TimeIntervals	Lick
465.935	0.0665000000000191	TimeIntervals	Lick
466.13500000000005	0.1332499999999186	TimeIntervals	Lick
466.3015	0.13350000000002638	TimeIntervals	Lick
466.46825	0.0999999999999659	TimeIntervals	Lick
466.63500000000005	0.03324999999989586	TimeIntervals	Lick
466.73499999999996	0.0665000000000191	TimeIntervals	Lick
466.9685	0.0665000000000191	TimeIntervals	Lick
467.40175	0.10000000000002274	TimeIntervals	Lick
467.63500000000005	0.13349999999985585	TimeIntervals	Lick
467.80174999999997	0.06675000000001319	TimeIntervals	Lick
468.60200000000003	0.0999999999999659	TimeIntervals	Lick
468.93525	0.03325000000000955	TimeIntervals	Lick
469.03525	0.06675000000001319	TimeIntervals	Lick
469.302	0.06674999999995634	TimeIntervals	Lick
469.46875	0.4667500000000473	TimeIntervals	Lick
470.569	0.1332500000000323	TimeIntervals	Lick
470.86899999999997	0.39999999999997726	TimeIntervals	Lick
471.63575000000003	0.06675000000001319	TimeIntervals	Lick
472.30249999999995	0.10000000000002274	TimeIntervals	Lick
472.636	0.0665000000000191	TimeIntervals	Lick
473.36925	0.10024999999995998	TimeIntervals	Lick
474.0695	0.0999999999999659	TimeIntervals	Lick
474.236	0.06675000000001319	TimeIntervals	Lick
474.50275000000005	0.13350000000002638	TimeIntervals	Lick
475.86975	0.06675000000001319	TimeIntervals	Lick
476.70300000000003	0.13350000000002638	TimeIntervals	Lick
477.0365	0.06674999999995634	TimeIntervals	Lick
478.96999999999997	0.10025000000001683	TimeIntervals	Lick
480.237	0.06675000000001319	TimeIntervals	Lick
480.3705	0.10000000000007958	TimeIntervals	Lick
480.8705	0.10000000000007958	TimeIntervals	Lick
481.00374999999997	0.5335000000000605	TimeIntervals	Lick
481.5705	0.4334999999999809	TimeIntervals	Lick
482.03725000000003	0.19999999999998863	TimeIntervals	Lick
482.27049999999997	0.10025000000001683	TimeIntervals	Lick
482.404	0.0999999999999659	TimeIntervals	Lick
482.53749999999997	0.0665000000000191	TimeIntervals	Lick
482.6375	0.10000000000002274	TimeIntervals	Lick
482.7707499999999	0.33325000000007776	TimeIntervals	Lick
483.1375	0.10000000000002274	TimeIntervals	Lick
483.2707499999999	0.10025000000013051	TimeIntervals	Lick
483.2707499999999	0.10025000000013051	TimeIntervals	Reward
483.40425000000005	2.6669999999999163	TimeIntervals	Lick
486.1045	0.10000000000002274	TimeIntervals	Lick
486.238	0.10000000000007958	TimeIntervals	Lick
486.37125	0.10000000000002274	TimeIntervals	Lick
486.5045	0.6669999999999732	TimeIntervals	Lick
487.20475	0.10000000000002274	TimeIntervals	Lick
487.3380000000001	0.10000000000002274	TimeIntervals	Lick
487.4715	0.0999999999999659	TimeIntervals	Lick
487.60474999999997	0.26675000000005866	TimeIntervals	Lick
487.905	0.10000000000013642	TimeIntervals	Lick
488.07149999999996	0.16675000000003593	TimeIntervals	Lick
488.33825	0.13324999999997544	TimeIntervals	Lick
488.705	0.06649999999996226	TimeIntervals	Lick
488.83825	0.06674999999995634	TimeIntervals	Lick
489.37175	0.20000000000004547	TimeIntervals	Lick
489.90500000000003	0.10025000000001683	TimeIntervals	Lick
490.60524999999996	0.06675000000001319	TimeIntervals	Lick
490.70525	0.10000000000002274	TimeIntervals	Lick
491.0385	0.06700000000000728	TimeIntervals	Lick
491.372	0.10000000000002274	TimeIntervals	Lick
492.17199999999997	0.06700000000000728	TimeIntervals	Lick
492.27224999999993	0.06675000000012687	TimeIntervals	Lick
492.37224999999995	0.10000000000002274	TimeIntervals	Lick
492.53900000000004	0.06649999999996226	TimeIntervals	Lick
493.2725	0.20000000000004547	TimeIntervals	Lick
493.53900000000004	0.0667499999998995	TimeIntervals	Lick
494.03900000000004	0.0667499999998995	TimeIntervals	Lick
494.239	0.10000000000007958	TimeIntervals	Lick
494.806	0.10000000000007958	TimeIntervals	Lick
494.9725	0.06674999999995634	TimeIntervals	Lick
495.1725	0.06674999999995634	TimeIntervals	Lick
495.5394999999999	0.10000000000007958	TimeIntervals	Lick
495.67274999999995	0.06675000000012687	TimeIntervals	Lick
496.60624999999993	0.10000000000013642	TimeIntervals	Lick
497.33950000000004	0.13350000000002638	TimeIntervals	Lick
497.5729999999999	0.13350000000008322	TimeIntervals	Lick
498.37299999999993	0.16674999999997908	TimeIntervals	Lick
499.57325	0.0999999999999659	TimeIntervals	Lick
499.94000000000005	0.06674999999995634	TimeIntervals	Lick
501.8735	0.10000000000007958	TimeIntervals	Lick
503.07375	0.20024999999998272	TimeIntervals	Lick
503.3405000000001	0.06675000000001319	TimeIntervals	Lick
503.47400000000005	0.06649999999990541	TimeIntervals	Lick
504.10725	0.10000000000002274	TimeIntervals	Lick
505.17400000000004	0.0999999999999659	TimeIntervals	Lick
506.04100000000005	0.13324999999997544	TimeIntervals	Lick
506.841	0.10000000000007958	TimeIntervals	Lick
506.9745	0.10000000000007958	TimeIntervals	Lick
507.10775	0.1999999999999318	TimeIntervals	Lick
507.341	0.30025000000000546	TimeIntervals	Lick
507.6745	0.33350000000007185	TimeIntervals	Lick
508.04125000000005	0.7002499999999827	TimeIntervals	Lick
508.7747499999999	0.20000000000010232	TimeIntervals	Lick
509.0080000000001	0.09999999999985221	TimeIntervals	Lick
509.14150000000006	0.0999999999999659	TimeIntervals	Lick
509.2747499999999	0.10000000000007958	TimeIntervals	Lick
509.37475	0.033249999999952706	TimeIntervals	Reward
509.40799999999996	1.1669999999999732	TimeIntervals	Lick
510.60824999999994	0.733500000000106	TimeIntervals	Lick
511.375	0.23349999999993543	TimeIntervals	Lick
511.64175000000006	0.09999999999990905	TimeIntervals	Lick
511.7749999999999	0.4002500000001987	TimeIntervals	Lick
512.242	0.16650000000004184	TimeIntervals	Lick
512.442	0.10000000000002274	TimeIntervals	Lick
512.6752500000001	0.16674999999997908	TimeIntervals	Lick
512.9085	0.06675000000007003	TimeIntervals	Lick
513.4755	0.033249999999952706	TimeIntervals	Lick
513.7087500000001	0.06674999999995634	TimeIntervals	Lick
514.042	0.1670000000001437	TimeIntervals	Lick
514.2755000000001	0.06674999999984266	TimeIntervals	Lick
514.9755	0.10000000000013642	TimeIntervals	Lick
515.1755000000002	0.133499999999799	TimeIntervals	Lick
516.80925	0.10000000000002274	TimeIntervals	Lick
517.476	0.10000000000002274	TimeIntervals	Lick
518.5095	0.06675000000007003	TimeIntervals	Lick
518.643	0.10000000000002274	TimeIntervals	Lick
518.9762499999999	0.06675000000007003	TimeIntervals	Lick
520.20975	0.09999999999990905	TimeIntervals	Lick
520.8765	0.06675000000007003	TimeIntervals	Lick
522.1767500000001	0.03325000000006639	TimeIntervals	Lick
523.01025	0.06675000000007003	TimeIntervals	Lick
525.244	0.06649999999990541	TimeIntervals	Lick
525.344	0.06649999999990541	TimeIntervals	Lick
528.1775	0.10000000000013642	TimeIntervals	Lick
528.8445	0.09999999999990905	TimeIntervals	Lick
530.74475	0.10000000000013642	TimeIntervals	Lick
531.04475	0.06675000000007003	TimeIntervals	Lick
531.278	0.06675000000007003	TimeIntervals	Lick
531.6115000000001	0.06649999999990541	TimeIntervals	Lick
531.745	0.06649999999979173	TimeIntervals	Lick
532.0115	0.06675000000018372	TimeIntervals	Lick
532.545	0.06650000000013279	TimeIntervals	Lick
532.845	0.06674999999995634	TimeIntervals	Lick
533.3117499999998	0.06675000000018372	TimeIntervals	Lick
533.845	0.20024999999998272	TimeIntervals	Lick
534.0785	0.10000000000002274	TimeIntervals	Lick
534.94525	0.20024999999998272	TimeIntervals	Lick
535.17875	0.1999999999999318	TimeIntervals	Lick
535.412	0.10000000000002274	TimeIntervals	Lick
535.5455000000001	0.2999999999999545	TimeIntervals	Lick
535.87875	0.20000000000004547	TimeIntervals	Lick
536.112	0.20024999999998272	TimeIntervals	Lick
536.3455	0.33350000000007185	TimeIntervals	Lick
536.71225	0.09999999999990905	TimeIntervals	Lick
536.8455	0.46699999999987085	TimeIntervals	Lick
537.34575	0.10000000000002274	TimeIntervals	Lick
537.3789999999999	0.06675000000007003	TimeIntervals	Reward
537.4790000000002	0.09999999999990905	TimeIntervals	Lick
537.6125000000001	0.0665000000000191	TimeIntervals	Lick
537.7125000000001	1.56675000000007	TimeIntervals	Lick
539.3124999999999	0.10000000000002274	TimeIntervals	Lick
539.4459999999999	0.10000000000013642	TimeIntervals	Lick
539.5794999999999	0.10000000000002274	TimeIntervals	Lick
539.7127500000001	0.26674999999988813	TimeIntervals	Lick
540.01275	0.10000000000002274	TimeIntervals	Lick
540.1460000000001	0.10000000000002274	TimeIntervals	Lick
540.2795000000001	0.06649999999990541	TimeIntervals	Lick
540.4795	0.06674999999995634	TimeIntervals	Lick
540.5794999999999	0.06675000000018372	TimeIntervals	Lick
540.6795	0.10000000000013642	TimeIntervals	Lick
541.1795	0.06675000000007003	TimeIntervals	Lick
541.8464999999999	0.06650000000013279	TimeIntervals	Lick
542.4797500000001	0.09999999999990905	TimeIntervals	Lick
542.8464999999999	0.10000000000002274	TimeIntervals	Lick
543.98	0.10000000000002274	TimeIntervals	Lick
544.2467500000002	0.03324999999983902	TimeIntervals	Lick
544.8800000000001	0.06699999999989359	TimeIntervals	Lick
545.047	0.0665000000000191	TimeIntervals	Lick
546.1805	0.10000000000002274	TimeIntervals	Lick
546.7470000000002	0.06674999999984266	TimeIntervals	Lick
547.9472499999999	0.06675000000007003	TimeIntervals	Lick
548.714	0.06674999999995634	TimeIntervals	Lick
549.28075	0.06674999999995634	TimeIntervals	Lick
549.4142499999999	0.06675000000007003	TimeIntervals	Lick
549.6475000000002	0.06674999999984266	TimeIntervals	Lick
549.9475	0.06675000000007003	TimeIntervals	Lick
550.2810000000001	0.10000000000002274	TimeIntervals	Lick
550.481	0.06675000000007003	TimeIntervals	Lick
551.848	0.06650000000013279	TimeIntervals	Lick
553.41475	0.10000000000002274	TimeIntervals	Reward
553.5480000000001	1.833750000000009	TimeIntervals	Lick
555.4150000000001	2.000499999999988	TimeIntervals	Lick
557.44875	0.09999999999990905	TimeIntervals	Lick
557.582	0.10000000000002274	TimeIntervals	Lick
557.7155	0.10000000000013642	TimeIntervals	Lick
557.84875	0.06675000000007003	TimeIntervals	Lick
557.94875	0.09999999999990905	TimeIntervals	Lick
558.082	0.10024999999995998	TimeIntervals	Lick
558.2155	0.10000000000013642	TimeIntervals	Lick
558.349	0.09999999999990905	TimeIntervals	Lick
558.5155000000001	0.06674999999995634	TimeIntervals	Lick
558.68225	0.06675000000007003	TimeIntervals	Lick
558.849	0.2664999999999509	TimeIntervals	Lick
559.1490000000001	0.13350000000002638	TimeIntervals	Lick
559.3157500000001	0.06674999999995634	TimeIntervals	Lick
559.449	0.06675000000007003	TimeIntervals	Lick
559.5825000000001	0.0665000000000191	TimeIntervals	Lick
559.8157500000001	0.06674999999995634	TimeIntervals	Lick
560.01575	0.09999999999990905	TimeIntervals	Lick
560.54925	0.10000000000013642	TimeIntervals	Lick
560.6825	0.06675000000007003	TimeIntervals	Lick
560.7825000000001	0.09999999999990905	TimeIntervals	Lick
560.94925	0.06674999999995634	TimeIntervals	Lick
561.116	0.10000000000002274	TimeIntervals	Lick
561.34925	0.10025000000007367	TimeIntervals	Lick
561.48275	0.23324999999999818	TimeIntervals	Lick
561.7827500000003	0.09999999999979536	TimeIntervals	Lick
562.116	0.06675000000007003	TimeIntervals	Lick
562.216	0.10000000000013642	TimeIntervals	Lick
562.61625	0.06675000000007003	TimeIntervals	Lick
562.9495000000001	0.06674999999984266	TimeIntervals	Lick
563.1495000000001	0.09999999999990905	TimeIntervals	Lick
563.5495	0.06700000000012096	TimeIntervals	Lick
563.7497500000001	0.09999999999990905	TimeIntervals	Lick
564.5165	0.0665000000000191	TimeIntervals	Lick
564.7165	0.20000000000015916	TimeIntervals	Lick
565.2165	0.06675000000018372	TimeIntervals	Lick
565.9834999999999	0.10000000000013642	TimeIntervals	Lick
566.1167499999999	0.20000000000004547	TimeIntervals	Lick
566.35	0.5335000000001173	TimeIntervals	Lick
566.917	0.1999999999999318	TimeIntervals	Lick
567.1502500000001	0.1999999999999318	TimeIntervals	Lick
567.3835000000001	0.09999999999979536	TimeIntervals	Lick
567.5169999999999	0.20000000000015916	TimeIntervals	Lick
567.7502499999999	0.10000000000013642	TimeIntervals	Lick
567.8835000000001	0.20024999999998272	TimeIntervals	Lick
568.117	0.10000000000013642	TimeIntervals	Lick
568.2505000000001	0.1999999999999318	TimeIntervals	Lick
568.417	0.06674999999995634	TimeIntervals	Reward
568.48375	0.10000000000013642	TimeIntervals	Lick
568.617	1.4002499999999145	TimeIntervals	Lick
570.0505	0.66700000000003	TimeIntervals	Lick
570.75075	0.13324999999997544	TimeIntervals	Lick
570.9175	0.2665000000000646	TimeIntervals	Lick
571.2175000000001	0.0665000000000191	TimeIntervals	Lick
571.3175000000001	0.29999999999984084	TimeIntervals	Lick
571.98425	0.13324999999997544	TimeIntervals	Lick
572.61775	0.2667500000001155	TimeIntervals	Lick
573.618	0.09999999999990905	TimeIntervals	Lick
573.75125	0.06675000000007003	TimeIntervals	Lick
573.8845000000001	0.06674999999995634	TimeIntervals	Lick
574.55125	0.10025000000007367	TimeIntervals	Lick
575.2847500000001	0.06675000000007003	TimeIntervals	Lick
575.8850000000001	0.06649999999990541	TimeIntervals	Lick
576.8185	0.10000000000002274	TimeIntervals	Lick
576.985	0.20000000000004547	TimeIntervals	Lick
578.2852500000001	0.06675000000007003	TimeIntervals	Lick
578.6185	0.06675000000007003	TimeIntervals	Lick
579.9187499999999	0.06675000000018372	TimeIntervals	Lick
580.0187500000001	0.10024999999995998	TimeIntervals	Lick
580.619	0.0665000000000191	TimeIntervals	Lick
581.6525000000001	0.09999999999990905	TimeIntervals	Lick
582.2525	0.10000000000002274	TimeIntervals	Lick
583.7527500000001	0.09999999999990905	TimeIntervals	Lick
583.8860000000001	0.06674999999995634	TimeIntervals	Lick
584.2195000000002	0.0665000000000191	TimeIntervals	Lick
585.9530000000001	0.09999999999990905	TimeIntervals	Lick
587.22	0.0665000000000191	TimeIntervals	Lick
587.4865000000001	0.06674999999984266	TimeIntervals	Lick
587.6865	0.06675000000007003	TimeIntervals	Lick
588.32	0.09999999999990905	TimeIntervals	Lick
588.72	0.06674999999995634	TimeIntervals	Lick
589.0870000000001	0.06649999999990541	TimeIntervals	Lick
589.2202500000001	0.06675000000007003	TimeIntervals	Lick
589.3535000000002	0.06674999999984266	TimeIntervals	Lick
589.7870000000001	0.0665000000000191	TimeIntervals	Lick
590.0870000000001	0.06674999999984266	TimeIntervals	Lick
590.187	0.2999999999999545	TimeIntervals	Lick
590.5205	0.43324999999992997	TimeIntervals	Lick
590.987	0.2002500000000964	TimeIntervals	Lick
591.2205	0.10000000000013642	TimeIntervals	Lick
591.3540000000002	0.1999999999999318	TimeIntervals	Lick
591.58725	0.10000000000002274	TimeIntervals	Lick
591.7205	0.1999999999999318	TimeIntervals	Lick
591.954	0.10000000000013642	TimeIntervals	Lick
592.08725	0.3334999999998445	TimeIntervals	Lick
592.454	3.400500000000193	TimeIntervals	Lick
592.454	0.10000000000013642	TimeIntervals	Reward
595.8880000000001	0.2332499999998845	TimeIntervals	Lick
596.1545000000001	0.3999999999998636	TimeIntervals	Lick
596.5880000000001	0.09999999999990905	TimeIntervals	Lick
596.7215000000001	0.09999999999990905	TimeIntervals	Lick
596.8880000000001	0.06674999999972897	TimeIntervals	Lick
596.988	0.16674999999997908	TimeIntervals	Lick
597.188	0.10000000000002274	TimeIntervals	Lick
597.688	0.33349999999995816	TimeIntervals	Lick
598.7215000000001	0.10024999999995998	TimeIntervals	Lick
599.4549999999999	0.16675000000032014	TimeIntervals	Lick
600.1552500000001	0.13324999999997544	TimeIntervals	Lick
600.4219999999999	0.06650000000013279	TimeIntervals	Lick
600.9885	0.06699999999989359	TimeIntervals	Lick
601.3887500000001	0.06674999999995634	TimeIntervals	Lick
601.7887500000002	0.06674999999995634	TimeIntervals	Lick
602.9222500000001	0.09999999999990905	TimeIntervals	Lick
603.2557500000001	0.1667499999998654	TimeIntervals	Lick
603.489	0.06674999999995634	TimeIntervals	Lick
604.05575	0.10000000000002274	TimeIntervals	Lick
604.189	0.10000000000025011	TimeIntervals	Lick
604.3225	0.10000000000002274	TimeIntervals	Lick
604.4559999999999	0.10000000000013642	TimeIntervals	Lick
604.58925	0.10000000000002274	TimeIntervals	Lick
604.7225	0.10000000000002274	TimeIntervals	Lick
604.856	0.09999999999990905	TimeIntervals	Lick
604.9892500000001	0.09999999999990905	TimeIntervals	Lick
605.1560000000001	0.06649999999990541	TimeIntervals	Lick
605.4227500000001	0.13324999999997544	TimeIntervals	Lick
606.056	0.1999999999999318	TimeIntervals	Lick
606.523	0.10000000000002274	TimeIntervals	Lick
608.2565000000001	0.0665000000000191	TimeIntervals	Lick
608.5897500000001	0.033249999999952706	TimeIntervals	Lick
608.72325	0.06675000000007003	TimeIntervals	Lick
609.0565	0.033500000000117325	TimeIntervals	Lick
609.1565000000002	0.1334999999999127	TimeIntervals	Lick
609.8235	0.06650000000024647	TimeIntervals	Lick
610.1235	0.0665000000000191	TimeIntervals	Lick
610.49	0.20000000000004547	TimeIntervals	Lick
611.1235	0.06675000000007003	TimeIntervals	Lick
611.2235	0.8670000000000755	TimeIntervals	Lick
612.1237500000001	0.09999999999990905	TimeIntervals	Lick
612.2570000000001	0.1999999999999318	TimeIntervals	Lick
612.4905	0.10000000000002274	TimeIntervals	Lick
612.6237500000001	0.1999999999999318	TimeIntervals	Lick
612.857	0.33350000000018554	TimeIntervals	Lick
613.224	0.09999999999990905	TimeIntervals	Lick
613.35725	0.06675000000007003	TimeIntervals	Lick
613.45725	0.09999999999990905	TimeIntervals	Lick
613.524	0.0665000000000191	TimeIntervals	Reward
613.5905	0.10000000000013642	TimeIntervals	Lick
613.724	0.6667500000000928	TimeIntervals	Lick
614.4240000000001	0.4334999999999809	TimeIntervals	Lick
614.8907500000001	0.33324999999990723	TimeIntervals	Lick
615.2575	0.10000000000002274	TimeIntervals	Lick
615.3910000000001	0.5	TimeIntervals	Lick
615.92425	0.2667500000001155	TimeIntervals	Lick
616.22425	0.5002500000001646	TimeIntervals	Lick
616.7577500000001	0.06674999999995634	TimeIntervals	Lick
617.0245	0.16650000000015552	TimeIntervals	Lick
617.3910000000001	0.06699999999989359	TimeIntervals	Lick
617.7912500000002	0.1999999999998181	TimeIntervals	Lick
619.22475	0.10000000000013642	TimeIntervals	Lick
619.6247500000001	0.13350000000002638	TimeIntervals	Lick
620.6582500000002	0.06674999999984266	TimeIntervals	Lick
621.8250000000002	0.1002499999998463	TimeIntervals	Lick
622.992	0.06675000000007003	TimeIntervals	Lick
623.0920000000001	0.20000000000004547	TimeIntervals	Lick
623.3255000000001	0.1999999999999318	TimeIntervals	Lick
623.55875	0.1999999999999318	TimeIntervals	Lick
623.7920000000001	0.3334999999998445	TimeIntervals	Lick
624.1590000000001	0.1999999999999318	TimeIntervals	Lick
624.39225	0.10000000000002274	TimeIntervals	Lick
624.5255000000001	0.1999999999999318	TimeIntervals	Lick
624.759	0.1999999999999318	TimeIntervals	Lick
624.99225	0.2002500000000964	TimeIntervals	Lick
625.22575	0.10000000000013642	TimeIntervals	Lick
625.359	0.09999999999990905	TimeIntervals	Lick
625.4925	0.10000000000013642	TimeIntervals	Lick
625.5590000000001	0.06674999999984266	TimeIntervals	Reward
625.6257499999999	0.06675000000018372	TimeIntervals	Lick
625.72575	2.2337500000001	TimeIntervals	Lick
627.9927499999999	0.40000000000020464	TimeIntervals	Lick
628.4595	0.10000000000002274	TimeIntervals	Lick
628.593	0.10000000000013642	TimeIntervals	Lick
628.8262500000001	0.06674999999995634	TimeIntervals	Lick
628.9595	0.33350000000007185	TimeIntervals	Lick
629.3595	0.26699999999993906	TimeIntervals	Lick
629.6930000000001	0.06674999999995634	TimeIntervals	Lick
629.9929999999999	0.06675000000018372	TimeIntervals	Lick
630.1265	0.06650000000013279	TimeIntervals	Lick
631.0265	0.1334999999999127	TimeIntervals	Lick
631.2265000000001	0.10000000000002274	TimeIntervals	Lick
631.5265	0.09999999999990905	TimeIntervals	Lick
631.9600000000002	0.06674999999972897	TimeIntervals	Lick
633.127	0.10000000000013642	TimeIntervals	Lick
633.5602500000001	0.06674999999984266	TimeIntervals	Lick
634.3270000000001	0.2667500000000018	TimeIntervals	Lick
635.994	0.0665000000000191	TimeIntervals	Lick
638.0942500000001	0.06674999999984266	TimeIntervals	Lick
638.4277500000001	0.06674999999995634	TimeIntervals	Lick
639.4277500000001	0.06674999999995634	TimeIntervals	Lick
640.2945	0.10000000000013642	TimeIntervals	Lick
640.5947500000001	0.06674999999995634	TimeIntervals	Lick
640.79475	0.03325000000006639	TimeIntervals	Lick
640.9615	0.06649999999990541	TimeIntervals	Lick
641.1615	0.0665000000000191	TimeIntervals	Lick
641.3615000000002	0.13324999999974807	TimeIntervals	Lick
641.5279999999999	0.10000000000025011	TimeIntervals	Lick
641.9615	0.10000000000002274	TimeIntervals	Lick
642.4282499999999	0.06675000000007003	TimeIntervals	Lick
642.8617500000001	0.06674999999984266	TimeIntervals	Lick
643.89525	0.06675000000007003	TimeIntervals	Lick
644.2285	0.06675000000007003	TimeIntervals	Lick
645.3287500000001	0.06674999999995634	TimeIntervals	Lick
645.6287500000001	0.06675000000007003	TimeIntervals	Lick
645.8287500000001	0.06674999999995634	TimeIntervals	Lick
646.7955000000001	0.06675000000007003	TimeIntervals	Lick
647.3957500000001	0.09999999999990905	TimeIntervals	Lick
648.3292500000001	0.06674999999995634	TimeIntervals	Lick
649.2960000000002	0.09999999999990905	TimeIntervals	Lick
650.1295	0.0665000000000191	TimeIntervals	Lick
650.3627500000001	0.06674999999995634	TimeIntervals	Lick
650.69625	0.06675000000018372	TimeIntervals	Lick
650.8630000000002	0.06649999999990541	TimeIntervals	Lick
651.4295000000001	0.06674999999995634	TimeIntervals	Lick
651.5295000000001	0.06699999999989359	TimeIntervals	Lick
651.663	0.06675000000007003	TimeIntervals	Lick
652.0630000000001	0.06674999999995634	TimeIntervals	Lick
652.2297500000001	0.06674999999995634	TimeIntervals	Lick
652.4630000000001	0.06674999999995634	TimeIntervals	Lick
652.5630000000001	0.06700000000000728	TimeIntervals	Lick
653.0300000000001	0.2664999999999509	TimeIntervals	Lick
653.3632500000002	0.06674999999972897	TimeIntervals	Lick
653.46325	0.09999999999990905	TimeIntervals	Lick
654.23	0.5335000000000036	TimeIntervals	Lick
654.79675	0.20024999999998272	TimeIntervals	Lick
655.03025	0.10000000000013642	TimeIntervals	Lick
655.1635	0.33349999999995816	TimeIntervals	Lick
655.53025	0.10000000000013642	TimeIntervals	Lick
655.6635	0.20000000000027285	TimeIntervals	Lick
655.897	0.33350000000007185	TimeIntervals	Lick
656.2637500000001	0.10000000000002274	TimeIntervals	Lick
656.397	0.09999999999990905	TimeIntervals	Lick
656.5305	0.10000000000013642	TimeIntervals	Lick
656.597	0.06675000000007003	TimeIntervals	Reward
656.66375	1.2667499999998881	TimeIntervals	Lick
657.964	0.6334999999999127	TimeIntervals	Lick
658.6307500000001	0.23324999999999818	TimeIntervals	Lick
658.8975000000002	0.13324999999974807	TimeIntervals	Lick
659.0639999999999	0.2002500000002101	TimeIntervals	Lick
659.2975	0.06675000000018372	TimeIntervals	Lick
659.46425	0.06674999999995634	TimeIntervals	Lick
659.5975	0.06675000000007003	TimeIntervals	Lick
659.731	0.0665000000000191	TimeIntervals	Lick
660.231	0.0665000000000191	TimeIntervals	Lick
662.43125	0.06675000000007003	TimeIntervals	Lick
662.66475	0.20000000000004547	TimeIntervals	Lick
664.6650000000001	0.10000000000002274	TimeIntervals	Lick
666.5652500000001	0.06674999999995634	TimeIntervals	Lick
666.66525	0.06674999999995634	TimeIntervals	Lick
666.7985000000001	0.06675000000007003	TimeIntervals	Lick
666.932	0.06674999999995634	TimeIntervals	Lick
667.3655000000001	0.06649999999990541	TimeIntervals	Lick
667.932	0.10000000000002274	TimeIntervals	Lick
670.8660000000002	0.06649999999979173	TimeIntervals	Lick
671.5995000000001	0.10000000000002274	TimeIntervals	Lick
673.59975	0.06675000000018372	TimeIntervals	Lick
674.5665	0.06650000000013279	TimeIntervals	Lick
675.43325	0.06674999999995634	TimeIntervals	Lick
675.8335000000001	0.0665000000000191	TimeIntervals	Lick
676.1	0.06675000000007003	TimeIntervals	Lick
676.2335000000002	0.06649999999990541	TimeIntervals	Lick
676.7000000000002	0.16699999999991633	TimeIntervals	Lick
677.6334999999999	0.4002500000001419	TimeIntervals	Lick
678.067	0.10000000000002274	TimeIntervals	Lick
678.2005	0.16650000000004184	TimeIntervals	Lick
678.4005000000001	0.2332499999998845	TimeIntervals	Lick
678.667	0.10000000000013642	TimeIntervals	Lick
678.8005000000002	0.09999999999990905	TimeIntervals	Lick
678.93375	0.20024999999998272	TimeIntervals	Lick
679.1672500000001	0.09999999999990905	TimeIntervals	Lick
679.3005000000002	0.1999999999999318	TimeIntervals	Lick
679.534	0.10000000000002274	TimeIntervals	Lick
679.634	0.10000000000002274	TimeIntervals	Reward
679.6672500000001	2.70049999999992	TimeIntervals	Lick
682.401	0.10000000000002274	TimeIntervals	Lick
682.5345	0.23325000000011187	TimeIntervals	Lick
682.8010000000002	0.09999999999979536	TimeIntervals	Lick
682.9345	0.23325000000011187	TimeIntervals	Lick
683.201	0.13350000000002638	TimeIntervals	Lick
683.3677500000001	0.1002499999998463	TimeIntervals	Lick
683.5012499999999	0.10000000000013642	TimeIntervals	Lick
683.668	0.0665000000000191	TimeIntervals	Lick
683.768	0.10000000000013642	TimeIntervals	Lick
684.0680000000001	0.36649999999985994	TimeIntervals	Lick
684.468	0.16675000000009277	TimeIntervals	Lick
684.7347500000001	0.06675000000007003	TimeIntervals	Lick
684.93475	0.10000000000002274	TimeIntervals	Lick
685.0680000000001	0.06674999999995634	TimeIntervals	Lick
685.2347500000001	0.06675000000007003	TimeIntervals	Lick
685.5680000000001	0.16699999999991633	TimeIntervals	Lick
685.8682500000001	0.09999999999979536	TimeIntervals	Lick
686.5349999999999	0.10000000000013642	TimeIntervals	Lick
686.9685	0.10000000000002274	TimeIntervals	Lick
687.135	0.2335000000000491	TimeIntervals	Lick
687.8350000000002	0.133499999999799	TimeIntervals	Lick
689.46875	0.06674999999995634	TimeIntervals	Lick
689.6687500000002	0.06674999999995634	TimeIntervals	Lick
689.802	0.033500000000117325	TimeIntervals	Lick
690.7355000000001	0.03349999999988995	TimeIntervals	Reward
690.9022500000001	1.500250000000051	TimeIntervals	Lick
692.436	0.09999999999990905	TimeIntervals	Lick
692.56925	0.10000000000013642	TimeIntervals	Lick
692.7025000000001	0.3334999999998445	TimeIntervals	Lick
693.06925	0.10000000000013642	TimeIntervals	Lick
693.2025000000001	0.7669999999999391	TimeIntervals	Lick
694.036	0.06675000000007003	TimeIntervals	Lick
694.136	0.06675000000007003	TimeIntervals	Lick
694.3027500000002	0.06674999999995634	TimeIntervals	Lick
694.6695	0.06675000000007003	TimeIntervals	Lick
694.8695000000001	0.06674999999984266	TimeIntervals	Lick
695.03625	0.06675000000007003	TimeIntervals	Lick
695.1695	0.10000000000013642	TimeIntervals	Lick
695.3362500000001	0.09999999999990905	TimeIntervals	Lick
695.5365	0.10000000000002274	TimeIntervals	Lick
695.66975	0.10000000000002274	TimeIntervals	Lick
695.8030000000001	0.09999999999990905	TimeIntervals	Lick
695.9364999999999	0.10000000000013642	TimeIntervals	Lick
696.0697500000001	0.09999999999990905	TimeIntervals	Lick
696.2030000000001	0.10000000000002274	TimeIntervals	Lick
696.3697500000002	0.09999999999990905	TimeIntervals	Lick
696.5365	0.0665000000000191	TimeIntervals	Lick
696.7365000000001	0.10000000000002274	TimeIntervals	Lick
697.47	0.0665000000000191	TimeIntervals	Lick
698.03675	0.10000000000002274	TimeIntervals	Lick
698.3700000000001	0.09999999999990905	TimeIntervals	Lick
698.5035000000001	0.09999999999990905	TimeIntervals	Lick
698.63675	0.2002500000000964	TimeIntervals	Lick
698.8702500000002	0.09999999999990905	TimeIntervals	Lick
699.0035000000001	0.1999999999998181	TimeIntervals	Lick
699.237	0.20000000000004547	TimeIntervals	Lick
699.4702500000001	0.10000000000002274	TimeIntervals	Lick
699.6035	0.20000000000015916	TimeIntervals	Lick
699.8370000000001	0.09999999999990905	TimeIntervals	Lick
699.9705	0.3332500000001346	TimeIntervals	Lick
700.3370000000001	0.09999999999990905	TimeIntervals	Lick
700.4705	0.10000000000013642	TimeIntervals	Lick
700.6037500000001	0.09999999999990905	TimeIntervals	Lick
700.737	0.10000000000013642	TimeIntervals	Reward
700.7705000000001	1.1334999999999127	TimeIntervals	Lick
701.9372500000001	0.8667500000000246	TimeIntervals	Lick
702.8375000000001	0.09999999999990905	TimeIntervals	Lick
702.97075	0.10000000000013642	TimeIntervals	Lick
703.1040000000002	0.3669999999997344	TimeIntervals	Lick
703.50425	0.10000000000002274	TimeIntervals	Lick
703.6375000000002	0.09999999999990905	TimeIntervals	Lick
703.7710000000001	0.10000000000013642	TimeIntervals	Lick
703.90425	0.13324999999986176	TimeIntervals	Lick
704.0709999999999	0.10000000000025011	TimeIntervals	Lick
704.2042500000001	0.06674999999995634	TimeIntervals	Lick
704.3377500000001	0.06674999999995634	TimeIntervals	Lick
704.4709999999999	0.06675000000007003	TimeIntervals	Lick
704.6710000000002	0.09999999999990905	TimeIntervals	Lick
705.0045	0.06649999999990541	TimeIntervals	Lick
706.0379999999999	0.06650000000013279	TimeIntervals	Lick
706.3380000000001	0.03325000000006639	TimeIntervals	Lick
706.4045000000001	0.06674999999995634	TimeIntervals	Lick
706.6715000000002	0.10000000000002274	TimeIntervals	Lick
706.8047500000001	0.09999999999990905	TimeIntervals	Lick
707.2715000000002	0.13324999999986176	TimeIntervals	Lick
707.4715	0.10000000000002274	TimeIntervals	Lick
707.6382500000001	0.03325000000006639	TimeIntervals	Lick
707.83825	0.06675000000007003	TimeIntervals	Lick
708.1382500000001	0.16675000000009277	TimeIntervals	Lick
708.9050000000001	0.06674999999995634	TimeIntervals	Lick
709.0050000000001	0.09999999999979536	TimeIntervals	Lick
709.205	0.06675000000007003	TimeIntervals	Lick
709.3050000000002	0.06675000000007003	TimeIntervals	Lick
709.47175	0.03325000000006639	TimeIntervals	Lick
709.705	0.2002500000000964	TimeIntervals	Lick
710.672	0.10000000000002274	TimeIntervals	Lick
711.172	0.26674999999988813	TimeIntervals	Lick
712.47225	0.16675000000009277	TimeIntervals	Lick
713.40575	0.06674999999984266	TimeIntervals	Lick
713.50575	0.10000000000002274	TimeIntervals	Lick
713.6390000000001	0.16674999999997908	TimeIntervals	Lick
713.839	0.1999999999999318	TimeIntervals	Lick
714.0725	0.20000000000015916	TimeIntervals	Lick
714.306	0.1999999999999318	TimeIntervals	Lick
714.5392499999999	0.10000000000013642	TimeIntervals	Lick
714.6725	0.20000000000027285	TimeIntervals	Lick
714.9060000000001	0.1999999999999318	TimeIntervals	Lick
715.1392500000001	0.60024999999996	TimeIntervals	Lick
715.7727500000001	1.4002500000000282	TimeIntervals	Lick
715.806	0.06675000000018372	TimeIntervals	Reward
717.2062500000001	0.09999999999990905	TimeIntervals	Lick
717.3395	0.567000000000121	TimeIntervals	Lick
717.93975	0.10000000000002274	TimeIntervals	Lick
718.0730000000001	0.10000000000002274	TimeIntervals	Lick
718.2065	0.10000000000002274	TimeIntervals	Lick
718.3397500000001	0.09999999999990905	TimeIntervals	Lick
718.473	0.13350000000014006	TimeIntervals	Lick
718.6400000000001	0.23324999999999818	TimeIntervals	Lick
719.1065000000001	0.06674999999995634	TimeIntervals	Lick
719.2732500000002	0.09999999999990905	TimeIntervals	Lick
719.74	0.20000000000004547	TimeIntervals	Lick
720.24	0.06675000000018372	TimeIntervals	Lick
720.54	0.03350000000000364	TimeIntervals	Lick
721.44025	0.23325000000011187	TimeIntervals	Lick
721.74025	0.06675000000018372	TimeIntervals	Lick
727.5745000000001	0.09999999999990905	TimeIntervals	Lick
728.7415000000001	0.0665000000000191	TimeIntervals	Lick
729.3415	0.06650000000013279	TimeIntervals	Lick
729.5415000000002	0.09999999999979536	TimeIntervals	Lick
729.8750000000001	0.033249999999952706	TimeIntervals	Lick
730.4082500000001	0.06674999999984266	TimeIntervals	Lick
732.3420000000001	0.09999999999990905	TimeIntervals	Lick
732.8420000000001	0.06649999999990541	TimeIntervals	Lick
733.2755000000001	0.10000000000002274	TimeIntervals	Lick
733.4754999999999	0.10000000000013642	TimeIntervals	Lick
734.7422500000001	0.06674999999995634	TimeIntervals	Lick
735.8425000000001	0.10000000000002274	TimeIntervals	Lick
736.3425000000001	0.06674999999995634	TimeIntervals	Lick
736.5092500000001	0.06674999999995634	TimeIntervals	Lick
737.6095	0.06650000000013279	TimeIntervals	Lick
737.976	0.10000000000002274	TimeIntervals	Lick
739.1095	0.06675000000007003	TimeIntervals	Lick
739.37625	0.06674999999995634	TimeIntervals	Lick
739.5095000000001	0.10024999999995998	TimeIntervals	Lick
740.243	0.09999999999990905	TimeIntervals	Lick
740.443	0.06675000000007003	TimeIntervals	Lick
741.0432500000001	0.06674999999995634	TimeIntervals	Lick
741.5432500000001	0.06674999999995634	TimeIntervals	Lick
741.6432500000001	0.06675000000007003	TimeIntervals	Lick
742.5435	0.16650000000015552	TimeIntervals	Lick
743.5435	0.06675000000007003	TimeIntervals	Lick
744.5770000000001	0.06674999999995634	TimeIntervals	Lick
744.8437500000001	0.06674999999972897	TimeIntervals	Lick
745.444	0.10000000000013642	TimeIntervals	Lick
745.5772500000002	0.29999999999984084	TimeIntervals	Lick
745.9104999999998	0.20000000000015916	TimeIntervals	Lick
746.144	0.10000000000002274	TimeIntervals	Lick
746.2775000000001	0.0665000000000191	TimeIntervals	Lick
746.3775	0.5664999999999054	TimeIntervals	Lick
746.9775	0.20000000000015916	TimeIntervals	Lick
747.2110000000001	0.10000000000002274	TimeIntervals	Lick
747.3442500000001	0.09999999999979536	TimeIntervals	Lick
747.4775	0.10000000000013642	TimeIntervals	Lick
747.611	1.6335000000000264	TimeIntervals	Lick
747.8442500000001	0.06674999999984266	TimeIntervals	Reward
749.27775	0.7335000000000491	TimeIntervals	Lick
750.0445	0.10000000000002274	TimeIntervals	Lick
750.178	0.10000000000002274	TimeIntervals	Lick
750.3445000000002	0.06674999999984266	TimeIntervals	Lick
750.478	0.20000000000004547	TimeIntervals	Lick
750.7115000000001	0.06649999999990541	TimeIntervals	Lick
750.94475	0.10000000000002274	TimeIntervals	Lick
751.7450000000001	0.13324999999997544	TimeIntervals	Lick
752.3782500000001	0.06674999999995634	TimeIntervals	Lick
752.5115000000001	0.10000000000002274	TimeIntervals	Lick
753.6785000000001	0.10000000000002274	TimeIntervals	Lick
754.0120000000001	0.06649999999990541	TimeIntervals	Lick
755.3455000000001	0.06649999999979173	TimeIntervals	Lick
756.4790000000002	0.09999999999979536	TimeIntervals	Lick
756.6122500000001	0.1999999999999318	TimeIntervals	Lick
756.8455000000001	0.1999999999999318	TimeIntervals	Lick
757.079	0.20000000000015916	TimeIntervals	Lick
757.3125	0.43325000000004366	TimeIntervals	Lick
757.7790000000001	0.10000000000002274	TimeIntervals	Lick
757.9124999999999	0.10000000000025011	TimeIntervals	Lick
758.0457499999999	0.10000000000025011	TimeIntervals	Lick
758.1790000000001	0.20024999999998272	TimeIntervals	Lick
758.4124999999999	0.20000000000015916	TimeIntervals	Lick
758.6460000000001	0.10000000000002274	TimeIntervals	Lick
758.77925	0.10000000000002274	TimeIntervals	Lick
758.8792500000001	0.09999999999990905	TimeIntervals	Reward
758.9124999999999	3.500499999999988	TimeIntervals	Lick
762.4464999999999	0.10000000000002274	TimeIntervals	Lick
762.58	0.2665000000000646	TimeIntervals	Lick
762.8800000000001	0.09999999999979536	TimeIntervals	Lick
763.0132500000001	0.2667500000000018	TimeIntervals	Lick
763.31325	0.13324999999986176	TimeIntervals	Lick
763.4799999999999	0.2335000000000491	TimeIntervals	Lick
763.7800000000001	0.10000000000002274	TimeIntervals	Lick
764.1467500000001	0.16674999999997908	TimeIntervals	Lick
764.34675	0.06674999999995634	TimeIntervals	Lick
764.8802500000002	0.09999999999979536	TimeIntervals	Lick
765.3135000000001	0.06675000000007003	TimeIntervals	Lick
765.4469999999999	0.06650000000013279	TimeIntervals	Lick
765.8135000000001	0.06700000000012096	TimeIntervals	Lick
765.9469999999999	0.06675000000018372	TimeIntervals	Lick
767.0472500000001	0.06674999999995634	TimeIntervals	Lick
768.2475000000001	0.09999999999990905	TimeIntervals	Lick
768.4475	0.10000000000002274	TimeIntervals	Lick
769.21425	0.06675000000007003	TimeIntervals	Lick
769.6142500000001	0.09999999999990905	TimeIntervals	Lick
770.581	0.10000000000002274	TimeIntervals	Lick
770.7145	0.20000000000004547	TimeIntervals	Lick
770.9477499999999	0.3000000000001819	TimeIntervals	Lick
771.2810000000001	0.20024999999986903	TimeIntervals	Lick
771.5145	0.33350000000007185	TimeIntervals	Lick
771.8812500000001	0.09999999999979536	TimeIntervals	Lick
772.0145	0.20000000000004547	TimeIntervals	Lick
772.248	0.1999999999999318	TimeIntervals	Lick
772.4815000000001	0.09999999999990905	TimeIntervals	Lick
772.61475	0.20000000000004547	TimeIntervals	Lick
772.8480000000001	1.766999999999939	TimeIntervals	Lick
772.948	0.10000000000002274	TimeIntervals	Reward
774.6482500000002	1.4002499999998008	TimeIntervals	Lick
776.082	0.10000000000002274	TimeIntervals	Lick
776.21525	0.5	TimeIntervals	Lick
776.7485000000001	0.26699999999993906	TimeIntervals	Lick
777.0487499999999	0.2667500000002292	TimeIntervals	Lick
777.34875	0.10000000000002274	TimeIntervals	Lick
777.482	0.16675000000009277	TimeIntervals	Lick
777.8155000000002	0.09999999999979536	TimeIntervals	Lick
778.1155	0.06674999999995634	TimeIntervals	Lick
778.3155000000002	0.133499999999799	TimeIntervals	Lick
778.5490000000001	0.06649999999990541	TimeIntervals	Lick
778.949	0.13350000000014006	TimeIntervals	Lick
779.41575	0.06674999999995634	TimeIntervals	Lick
779.51575	0.13325000000008913	TimeIntervals	Lick
779.6825000000001	0.09999999999990905	TimeIntervals	Lick
779.81575	0.10000000000002274	TimeIntervals	Lick
779.949	0.10000000000013642	TimeIntervals	Lick
780.0825000000001	0.16674999999997908	TimeIntervals	Lick
780.94925	0.06674999999995634	TimeIntervals	Lick
781.1492500000002	0.09999999999990905	TimeIntervals	Lick
781.3160000000001	0.06674999999995634	TimeIntervals	Lick
781.916	0.16674999999997908	TimeIntervals	Lick
783.64975	0.06674999999995634	TimeIntervals	Lick
784.7832500000001	0.10000000000002274	TimeIntervals	Lick
785.0832500000001	0.06674999999995634	TimeIntervals	Lick
786.0835000000001	0.0665000000000191	TimeIntervals	Lick
786.21675	0.09999999999990905	TimeIntervals	Lick
787.317	0.03325000000006639	TimeIntervals	Lick
788.4505	0.10000000000013642	TimeIntervals	Lick
788.817	0.10000000000002274	TimeIntervals	Lick
789.1172500000001	0.09999999999990905	TimeIntervals	Lick
789.5840000000002	0.1999999999999318	TimeIntervals	Lick
789.8172500000001	0.1999999999999318	TimeIntervals	Lick
790.0505000000002	0.30024999999989177	TimeIntervals	Lick
790.3840000000001	0.09999999999990905	TimeIntervals	Lick
790.5175	0.09999999999990905	TimeIntervals	Lick
790.65075	0.06675000000007003	TimeIntervals	Lick
790.7507500000002	0.4667499999999336	TimeIntervals	Lick
791.251	0.20000000000004547	TimeIntervals	Lick
791.48425	0.10000000000013642	TimeIntervals	Lick
791.6175	0.10000000000013642	TimeIntervals	Lick
791.751	0.3332500000001346	TimeIntervals	Lick
792.051	0.03325000000006639	TimeIntervals	Reward
792.1175	2.7340000000002647	TimeIntervals	Lick
794.9847500000001	0.06674999999995634	TimeIntervals	Lick
795.18475	0.06674999999995634	TimeIntervals	Lick
795.3180000000002	0.23349999999982174	TimeIntervals	Lick
795.61825	0.06674999999995634	TimeIntervals	Lick
795.7515	0.06675000000018372	TimeIntervals	Lick
795.9515	0.06674999999995634	TimeIntervals	Lick
796.0850000000002	0.06649999999990541	TimeIntervals	Lick
796.285	0.06650000000024647	TimeIntervals	Lick
796.7185000000001	0.06649999999990541	TimeIntervals	Lick
797.185	0.06675000000018372	TimeIntervals	Lick
797.285	0.10000000000025011	TimeIntervals	Lick
797.485	0.06675000000007003	TimeIntervals	Lick
800.1855	0.06674999999995634	TimeIntervals	Lick
800.2855000000001	0.06674999999995634	TimeIntervals	Lick
801.98575	0.06674999999995634	TimeIntervals	Lick
803.8195000000001	0.09999999999990905	TimeIntervals	Lick
804.9530000000001	0.09999999999990905	TimeIntervals	Lick
805.3862500000001	0.06674999999995634	TimeIntervals	Lick
805.7197500000001	0.06674999999995634	TimeIntervals	Lick
805.8197500000001	0.1999999999999318	TimeIntervals	Lick
806.2197500000001	0.06674999999995634	TimeIntervals	Lick
806.6532500000001	0.06674999999995634	TimeIntervals	Lick
806.95325	0.09999999999990905	TimeIntervals	Lick
807.2865	0.06675000000007003	TimeIntervals	Lick
807.62	0.0665000000000191	TimeIntervals	Lick
807.7535000000001	0.10000000000002274	TimeIntervals	Lick
809.0535	0.06675000000007003	TimeIntervals	Lick
809.187	0.06650000000013279	TimeIntervals	Lick
810.5205	0.10000000000002274	TimeIntervals	Lick
810.9537499999999	0.06675000000007003	TimeIntervals	Lick
811.3872500000002	0.06674999999961528	TimeIntervals	Lick
811.6205	0.3334999999998445	TimeIntervals	Lick
812.1875	0.2664999999998372	TimeIntervals	Lick
812.52075	0.56675000000007	TimeIntervals	Lick
813.12075	0.06674999999995634	TimeIntervals	Lick
814.15425	0.06674999999995634	TimeIntervals	Lick
815.0877500000001	0.06674999999995634	TimeIntervals	Lick
816.0545000000001	0.10000000000002274	TimeIntervals	Lick
818.72175	0.10000000000002274	TimeIntervals	Lick
818.855	0.06674999999995634	TimeIntervals	Lick
818.9549999999999	0.20000000000015916	TimeIntervals	Lick
819.1885	0.3000000000000682	TimeIntervals	Lick
819.52175	0.33350000000007185	TimeIntervals	Lick
819.8885	0.10000000000002274	TimeIntervals	Lick
820.022	0.06649999999990541	TimeIntervals	Lick
820.1220000000002	0.1999999999999318	TimeIntervals	Lick
820.3552500000001	0.33324999999990723	TimeIntervals	Lick
820.7220000000001	0.10000000000002274	TimeIntervals	Lick
820.8555	0.06649999999990541	TimeIntervals	Lick
820.9555	0.09999999999990905	TimeIntervals	Lick
821.0554999999999	0.06650000000024647	TimeIntervals	Reward
821.08875	1.7002500000000964	TimeIntervals	Lick
822.82225	0.09999999999990905	TimeIntervals	Lick
822.9555	0.66700000000003	TimeIntervals	Lick
823.65575	0.10000000000013642	TimeIntervals	Lick
823.95575	0.06675000000007003	TimeIntervals	Lick
824.05575	0.10025000000007367	TimeIntervals	Lick
824.4224999999999	0.06675000000018372	TimeIntervals	Lick
824.58925	0.06675000000007003	TimeIntervals	Lick
824.78925	0.10000000000013642	TimeIntervals	Lick
824.9224999999999	0.06675000000018372	TimeIntervals	Lick
825.1560000000001	0.06649999999990541	TimeIntervals	Lick
825.556	0.1334999999999127	TimeIntervals	Lick
825.82275	0.13324999999986176	TimeIntervals	Lick
826.5895	0.06675000000007003	TimeIntervals	Lick
827.05625	0.06675000000007003	TimeIntervals	Lick
827.2230000000001	0.0665000000000191	TimeIntervals	Lick
831.0235	0.06674999999995634	TimeIntervals	Lick
831.29025	0.13324999999997544	TimeIntervals	Lick
832.2905000000001	0.06649999999990541	TimeIntervals	Lick
832.6905000000002	0.16649999999981446	TimeIntervals	Lick
833.5905	0.06675000000007003	TimeIntervals	Lick
834.9575	0.06650000000013279	TimeIntervals	Lick
835.0575	0.20000000000004547	TimeIntervals	Lick
835.2910000000002	0.1999999999998181	TimeIntervals	Lick
835.52425	0.2999999999999545	TimeIntervals	Lick
835.8575	0.10000000000002274	TimeIntervals	Lick
835.991	0.20000000000015916	TimeIntervals	Lick
836.22425	0.20024999999998272	TimeIntervals	Lick
836.4577499999999	0.10000000000013642	TimeIntervals	Lick
836.591	0.33349999999995816	TimeIntervals	Lick
836.9577499999999	0.5335000000001173	TimeIntervals	Lick
837.1245	0.06650000000013279	TimeIntervals	Reward
837.5245	2.100500000000011	TimeIntervals	Lick
839.6582500000001	0.10000000000002274	TimeIntervals	Lick
839.7915000000002	0.10000000000002274	TimeIntervals	Lick
839.9250000000001	0.2664999999999509	TimeIntervals	Lick
840.225	0.09999999999990905	TimeIntervals	Lick
840.3582500000001	0.26674999999988813	TimeIntervals	Lick
840.6585000000001	0.06649999999990541	TimeIntervals	Lick
840.7917500000002	0.06674999999995634	TimeIntervals	Lick
840.9250000000001	0.06674999999984266	TimeIntervals	Lick
841.19175	0.06674999999995634	TimeIntervals	Lick
841.3249999999999	0.03350000000023101	TimeIntervals	Lick
841.3917500000001	0.13324999999997544	TimeIntervals	Lick
841.59175	0.09999999999990905	TimeIntervals	Lick
841.92525	0.2667500000000018	TimeIntervals	Lick
842.32525	0.23325000000011187	TimeIntervals	Lick
842.82525	0.1334999999999127	TimeIntervals	Lick
843.0920000000001	0.06674999999995634	TimeIntervals	Lick
843.4255000000002	0.06649999999990541	TimeIntervals	Lick
843.75875	0.10000000000002274	TimeIntervals	Lick
844.6922500000001	0.06674999999995634	TimeIntervals	Lick
845.9257500000001	0.09999999999990905	TimeIntervals	Lick
848.593	0.06650000000013279	TimeIntervals	Lick
848.9929999999999	0.03325000000006639	TimeIntervals	Lick
849.4929999999999	0.06675000000007003	TimeIntervals	Lick
851.2265	0.06675000000018372	TimeIntervals	Lick
852.3935	0.0665000000000191	TimeIntervals	Lick
854.8937500000001	0.2002500000000964	TimeIntervals	Lick
855.1272499999999	0.06675000000018372	TimeIntervals	Lick
855.22725	0.16674999999997908	TimeIntervals	Lick
855.42725	0.43325000000015734	TimeIntervals	Lick
855.894	0.5667500000001837	TimeIntervals	Lick
856.494	0.4334999999999809	TimeIntervals	Lick
856.9607500000002	0.09999999999979536	TimeIntervals	Lick
857.0940000000002	2.8004999999999427	TimeIntervals	Lick
857.19425	0.10000000000013642	TimeIntervals	Reward
859.928	0.23324999999999818	TimeIntervals	Lick
860.1945000000001	0.09999999999990905	TimeIntervals	Lick
860.3280000000001	0.39999999999997726	TimeIntervals	Lick
860.7615	0.10000000000025011	TimeIntervals	Lick
860.89475	0.13324999999997544	TimeIntervals	Lick
861.0615	0.2665000000000646	TimeIntervals	Lick
861.3615000000002	0.09999999999990905	TimeIntervals	Lick
861.5615	0.06674999999995634	TimeIntervals	Lick
861.7615	0.16674999999997908	TimeIntervals	Lick
862.0615	0.10000000000002274	TimeIntervals	Lick
862.3282500000001	0.06674999999995634	TimeIntervals	Lick
862.495	0.033249999999952706	TimeIntervals	Lick
862.5615	0.1670000000001437	TimeIntervals	Lick
863.8620000000001	0.06649999999990541	TimeIntervals	Lick
864.2620000000001	0.16649999999992815	TimeIntervals	Lick
864.7620000000001	0.06649999999990541	TimeIntervals	Lick
867.1625	0.09999999999990905	TimeIntervals	Lick
869.6295	0.033249999999952706	TimeIntervals	Lick
870.1959999999999	0.03350000000023101	TimeIntervals	Lick
870.8294999999999	0.40000000000020464	TimeIntervals	Lick
871.263	0.3000000000000682	TimeIntervals	Lick
871.5965	0.10000000000002274	TimeIntervals	Lick
871.7297500000001	0.06674999999995634	TimeIntervals	Lick
871.82975	0.3332500000000209	TimeIntervals	Lick
872.1965	0.1999999999999318	TimeIntervals	Lick
872.42975	0.2002500000000964	TimeIntervals	Lick
872.66325	0.10000000000013642	TimeIntervals	Lick
872.7965	0.20000000000004547	TimeIntervals	Lick
873.03	3.4004999999999654	TimeIntervals	Lick
873.2632500000001	0.10000000000013642	TimeIntervals	Reward
876.46375	0.40000000000020464	TimeIntervals	Lick
876.897	0.10024999999995998	TimeIntervals	Lick
877.0305	0.2667500000001155	TimeIntervals	Lick
877.3305	0.13350000000002638	TimeIntervals	Lick
877.49725	0.39999999999997726	TimeIntervals	Lick
877.9304999999999	0.06675000000007003	TimeIntervals	Lick
878.2307500000001	0.1999999999999318	TimeIntervals	Lick
878.464	0.06674999999984266	TimeIntervals	Lick
878.8975000000002	0.19999999999970441	TimeIntervals	Lick
879.231	0.0665000000000191	TimeIntervals	Lick
879.431	0.2664999999999509	TimeIntervals	Lick
879.9975000000001	0.06674999999984266	TimeIntervals	Lick
880.2645000000001	0.13324999999997544	TimeIntervals	Lick
880.531	0.10000000000025011	TimeIntervals	Lick
881.7980000000001	0.09999999999990905	TimeIntervals	Lick
882.03125	0.16675000000009277	TimeIntervals	Lick
883.1315000000001	0.0665000000000191	TimeIntervals	Lick
884.4315	0.10000000000002274	TimeIntervals	Lick
884.59825	0.16675000000009277	TimeIntervals	Lick
884.8317499999999	0.06675000000018372	TimeIntervals	Lick
888.5322500000001	0.10000000000002274	TimeIntervals	Lick
888.6655000000001	0.06674999999995634	TimeIntervals	Lick
891.966	0.06675000000007003	TimeIntervals	Lick
893.06625	0.10000000000025011	TimeIntervals	Lick
893.3330000000001	0.03325000000006639	TimeIntervals	Lick
893.4997500000001	0.06674999999995634	TimeIntervals	Lick
894.3330000000001	0.06674999999995634	TimeIntervals	Lick
895.0	0.0665000000000191	TimeIntervals	Lick
895.3332500000001	0.033249999999952706	TimeIntervals	Lick
895.43325	0.06674999999995634	TimeIntervals	Lick
896.4000000000001	0.09999999999990905	TimeIntervals	Lick
898.23375	0.06675000000018372	TimeIntervals	Lick
900.3007500000002	0.06674999999995634	TimeIntervals	Lick
901.0007499999999	0.10000000000002274	TimeIntervals	Lick
902.2677500000001	0.06674999999995634	TimeIntervals	Lick
902.36775	0.09999999999990905	TimeIntervals	Lick
902.901	0.10000000000002274	TimeIntervals	Lick
903.0345	0.0665000000000191	TimeIntervals	Lick
903.1345	0.6335000000000264	TimeIntervals	Lick
903.8012500000001	0.1999999999998181	TimeIntervals	Lick
904.0345	0.1999999999999318	TimeIntervals	Lick
904.268	0.10000000000002274	TimeIntervals	Lick
904.40125	0.20024999999998272	TimeIntervals	Lick
904.63475	0.10000000000002274	TimeIntervals	Lick
904.768	0.1999999999999318	TimeIntervals	Lick
905.0014999999999	0.10000000000013642	TimeIntervals	Lick
905.13475	0.10000000000002274	TimeIntervals	Lick
905.268	0.33349999999995816	TimeIntervals	Lick
905.33475	0.06675000000007003	TimeIntervals	Reward
905.635	0.20000000000015916	TimeIntervals	Lick
905.8682500000001	0.20000000000004547	TimeIntervals	Lick
906.1015	0.10000000000013642	TimeIntervals	Lick
906.235	0.1999999999999318	TimeIntervals	Lick
906.4682499999999	0.3335000000002992	TimeIntervals	Lick
906.8350000000002	0.5	TimeIntervals	Lick
907.3685	0.09999999999990905	TimeIntervals	Lick
907.5017499999999	0.10000000000002274	TimeIntervals	Lick
907.635	0.10000000000002274	TimeIntervals	Lick
907.7685	0.26674999999988813	TimeIntervals	Lick
908.0685000000002	0.26674999999988813	TimeIntervals	Lick
908.3685	0.60024999999996	TimeIntervals	Lick
909.1355	0.13325000000008913	TimeIntervals	Lick
909.302	0.8670000000000755	TimeIntervals	Lick
910.369	0.23324999999999818	TimeIntervals	Lick
910.6355	0.13350000000002638	TimeIntervals	Lick
910.869	0.6000000000000227	TimeIntervals	Lick
911.53575	0.4667499999999336	TimeIntervals	Lick
912.136	0.20000000000015916	TimeIntervals	Lick
912.3692500000001	0.13324999999986176	TimeIntervals	Lick
912.5692500000001	2.1002499999998463	TimeIntervals	Lick
913.3695	0.0665000000000191	TimeIntervals	Reward
914.7030000000001	0.7334999999999354	TimeIntervals	Lick
915.4697500000001	1.9002500000000282	TimeIntervals	Lick
917.4032500000001	0.4002500000001419	TimeIntervals	Lick
917.8367500000003	0.09999999999956799	TimeIntervals	Lick
917.97	0.10000000000002274	TimeIntervals	Lick
918.1035	0.13324999999997544	TimeIntervals	Lick
918.2700000000001	0.10000000000002274	TimeIntervals	Lick
918.4367499999998	0.10000000000013642	TimeIntervals	Lick
918.57	0.3669999999998481	TimeIntervals	Lick
918.9702500000001	0.06674999999984266	TimeIntervals	Lick
919.0702500000001	0.23325000000011187	TimeIntervals	Lick
919.3370000000002	0.2664999999998372	TimeIntervals	Lick
919.6370000000001	0.09999999999990905	TimeIntervals	Lick
919.8035000000002	0.06699999999989359	TimeIntervals	Lick
919.90375	0.20000000000015916	TimeIntervals	Lick
920.1370000000001	0.09999999999990905	TimeIntervals	Lick
920.3037500000002	1.0667499999999563	TimeIntervals	Lick
920.3705000000001	0.06649999999979173	TimeIntervals	Reward
921.404	0.09999999999990905	TimeIntervals	Lick
921.53725	0.10000000000002274	TimeIntervals	Lick
921.6705000000001	0.10000000000002274	TimeIntervals	Lick
921.8040000000001	0.900000000000091	TimeIntervals	Lick
922.7375000000001	0.10000000000013642	TimeIntervals	Lick
922.87075	0.700249999999869	TimeIntervals	Lick
923.60425	0.8334999999999582	TimeIntervals	Lick
924.471	0.16674999999997908	TimeIntervals	Lick
924.6710000000002	0.3334999999998445	TimeIntervals	Lick
925.03775	0.13325000000020282	TimeIntervals	Lick
925.2045000000002	0.09999999999990905	TimeIntervals	Lick
925.3712500000001	0.29999999999984084	TimeIntervals	Lick
925.7045000000002	0.1334999999999127	TimeIntervals	Lick
925.8712500000001	0.3999999999998636	TimeIntervals	Lick
926.3045000000001	0.13350000000002638	TimeIntervals	Lick
926.4715000000001	0.13324999999997544	TimeIntervals	Lick
926.6715	0.2665000000000646	TimeIntervals	Lick
927.0379999999999	0.466750000000161	TimeIntervals	Lick
927.5379999999999	0.06700000000012096	TimeIntervals	Lick
927.6715	0.06675000000018372	TimeIntervals	Lick
928.1382500000001	0.10000000000013642	TimeIntervals	Lick
928.5715	0.06700000000000728	TimeIntervals	Lick
928.8050000000002	0.3999999999998636	TimeIntervals	Lick
929.5385	0.0665000000000191	TimeIntervals	Lick
929.772	0.16649999999992815	TimeIntervals	Lick
931.1387500000001	0.06674999999995634	TimeIntervals	Lick
931.97225	0.10000000000002274	TimeIntervals	Lick
932.97225	0.10024999999995998	TimeIntervals	Lick
933.1725	0.06650000000013279	TimeIntervals	Lick
933.5057500000001	0.06674999999984266	TimeIntervals	Lick
935.0725	0.06675000000007003	TimeIntervals	Lick
936.106	0.06675000000007003	TimeIntervals	Lick
938.1397500000002	0.06674999999984266	TimeIntervals	Lick
941.9405	0.0665000000000191	TimeIntervals	Lick
943.0405	0.10000000000013642	TimeIntervals	Lick
943.1740000000001	0.8664999999998599	TimeIntervals	Lick
944.074	0.20000000000015916	TimeIntervals	Lick
944.3075000000001	0.09999999999990905	TimeIntervals	Lick
944.44075	0.20000000000015916	TimeIntervals	Lick
944.6740000000001	0.10000000000002274	TimeIntervals	Lick
944.8075000000001	0.09999999999990905	TimeIntervals	Lick
944.94075	0.2335000000000491	TimeIntervals	Lick
945.2075	0.0667500000002974	TimeIntervals	Lick
945.3075000000001	0.09999999999990905	TimeIntervals	Lick
945.4075	0.10000000000002274	TimeIntervals	Reward
945.441	0.10000000000002274	TimeIntervals	Lick
945.57425	2.7337500000001	TimeIntervals	Lick
948.34125	0.2335000000000491	TimeIntervals	Lick
948.6080000000001	0.7000000000000455	TimeIntervals	Lick
949.3415	0.13324999999997544	TimeIntervals	Lick
949.5080000000002	0.0669999999997799	TimeIntervals	Lick
949.6082499999999	0.06675000000018372	TimeIntervals	Lick
949.9082500000001	0.06674999999984266	TimeIntervals	Lick
950.0415000000002	0.10000000000002274	TimeIntervals	Lick
950.3415	0.1334999999999127	TimeIntervals	Lick
950.5415000000002	0.06674999999972897	TimeIntervals	Lick
950.84175	0.06674999999995634	TimeIntervals	Lick
951.2417500000001	0.06674999999995634	TimeIntervals	Lick
951.5084999999999	0.0665000000000191	TimeIntervals	Lick
952.5084999999999	0.20000000000004547	TimeIntervals	Lick
952.90875	0.06674999999984266	TimeIntervals	Lick
953.3755000000001	0.06649999999990541	TimeIntervals	Lick
953.6755000000002	0.09999999999990905	TimeIntervals	Lick
954.5422500000001	0.06674999999995634	TimeIntervals	Lick
955.6425	0.0665000000000191	TimeIntervals	Lick
956.1425	0.10000000000013642	TimeIntervals	Lick
956.976	0.0665000000000191	TimeIntervals	Lick
958.2095	0.16674999999997908	TimeIntervals	Lick
959.50975	0.033249999999952706	TimeIntervals	Reward
959.6765000000001	0.599999999999909	TimeIntervals	Lick
960.3097500000001	0.53349999999989	TimeIntervals	Lick
960.8765000000002	0.1999999999999318	TimeIntervals	Lick
961.11	0.43325000000004366	TimeIntervals	Lick
961.5765000000001	0.10025000000007367	TimeIntervals	Lick
961.7100000000002	0.09999999999990905	TimeIntervals	Lick
961.8435000000001	0.8332500000001346	TimeIntervals	Lick
962.7100000000002	0.23349999999982174	TimeIntervals	Lick
962.9770000000001	0.3332500000000209	TimeIntervals	Lick
963.4770000000001	0.13324999999986176	TimeIntervals	Lick
963.6435	0.06675000000007003	TimeIntervals	Lick
963.8770000000001	0.06675000000007003	TimeIntervals	Lick
964.177	0.10000000000013642	TimeIntervals	Lick
964.34375	0.06674999999984266	TimeIntervals	Lick
964.677	0.23349999999982174	TimeIntervals	Lick
964.9440000000001	0.0665000000000191	TimeIntervals	Lick
965.144	0.20000000000004547	TimeIntervals	Lick
965.3772500000001	0.06674999999995634	TimeIntervals	Lick
965.8772500000001	0.06674999999995634	TimeIntervals	Lick
965.97725	0.06675000000007003	TimeIntervals	Lick
966.1107499999998	0.06675000000018372	TimeIntervals	Lick
966.2107500000002	0.09999999999990905	TimeIntervals	Lick
966.4775000000001	0.0665000000000191	TimeIntervals	Lick
966.7775000000001	0.1999999999999318	TimeIntervals	Lick
968.3445000000003	0.09999999999979536	TimeIntervals	Lick
968.5445	0.16650000000004184	TimeIntervals	Lick
969.978	0.10000000000013642	TimeIntervals	Lick
971.0114999999998	0.10000000000013642	TimeIntervals	Lick
971.1447499999999	0.06675000000018372	TimeIntervals	Lick
971.24475	0.20000000000027285	TimeIntervals	Lick
971.478	0.2002500000000964	TimeIntervals	Lick
971.7115000000001	0.1999999999999318	TimeIntervals	Lick
971.945	0.1999999999998181	TimeIntervals	Lick
972.17825	0.06675000000007003	TimeIntervals	Lick
972.2782500000002	0.09999999999979536	TimeIntervals	Lick
972.4115	0.1999999999999318	TimeIntervals	Lick
972.6449999999999	0.20000000000015916	TimeIntervals	Lick
972.8785	0.10000000000002274	TimeIntervals	Lick
973.01175	0.06675000000007003	TimeIntervals	Lick
973.1117499999999	0.1000000000003638	TimeIntervals	Lick
973.2450000000001	0.33349999999995816	TimeIntervals	Lick
973.51175	0.09999999999990905	TimeIntervals	Reward
973.6117499999999	2.833750000000009	TimeIntervals	Lick
976.4789999999999	0.10000000000025011	TimeIntervals	Lick
976.6122500000001	0.10000000000013642	TimeIntervals	Lick
976.7455	0.10000000000013642	TimeIntervals	Lick
976.8790000000001	0.133499999999799	TimeIntervals	Lick
977.04575	0.10000000000002274	TimeIntervals	Lick
977.1790000000001	0.10000000000002274	TimeIntervals	Lick
977.3125	0.09999999999990905	TimeIntervals	Lick
977.44575	0.10000000000002274	TimeIntervals	Lick
977.5790000000002	0.09999999999990905	TimeIntervals	Lick
977.7125000000002	0.13324999999997544	TimeIntervals	Lick
977.8790000000001	0.09999999999979536	TimeIntervals	Lick
978.04575	0.16675000000020646	TimeIntervals	Lick
978.27925	0.06674999999995634	TimeIntervals	Lick
978.4124999999999	0.0667500000002974	TimeIntervals	Lick
978.6125000000001	0.06675000000007003	TimeIntervals	Lick
978.9792500000002	0.16674999999963802	TimeIntervals	Lick
979.2125000000002	0.06699999999966622	TimeIntervals	Lick
979.5795000000002	0.06649999999967804	TimeIntervals	Lick
979.91275	0.09999999999990905	TimeIntervals	Lick
980.11275	0.06675000000007003	TimeIntervals	Lick
980.64625	0.10000000000002274	TimeIntervals	Lick
981.8129999999999	0.10000000000013642	TimeIntervals	Lick
981.9465	0.13324999999997544	TimeIntervals	Lick
984.3800000000001	0.09999999999990905	TimeIntervals	Lick
984.5467499999999	0.03325000000018008	TimeIntervals	Lick
984.6467499999999	0.0667500000002974	TimeIntervals	Lick
986.3805000000002	0.06649999999967804	TimeIntervals	Lick
987.914	0.06649999999990541	TimeIntervals	Lick
988.0139999999999	0.06675000000018372	TimeIntervals	Lick
988.6475000000002	0.09999999999990905	TimeIntervals	Lick
990.1142500000001	0.06675000000007003	TimeIntervals	Lick
990.2145000000002	0.5332500000001801	TimeIntervals	Lick
990.7810000000001	0.1999999999999318	TimeIntervals	Lick
991.0145000000002	0.1999999999999318	TimeIntervals	Lick
991.2477500000003	0.10024999999973261	TimeIntervals	Lick
991.3812500000004	0.19999999999970441	TimeIntervals	Lick
991.6144999999999	0.10000000000025011	TimeIntervals	Lick
991.7480000000002	0.1999999999999318	TimeIntervals	Lick
991.9812499999999	0.10000000000013642	TimeIntervals	Lick
992.1144999999999	0.10000000000025011	TimeIntervals	Lick
992.2480000000002	0.09999999999990905	TimeIntervals	Lick
992.3812500000004	0.06674999999972897	TimeIntervals	Lick
992.4815000000001	0.09999999999990905	TimeIntervals	Lick
992.5815	0.06649999999990541	TimeIntervals	Reward
992.6147500000002	0.09999999999990905	TimeIntervals	Lick
992.7480000000002	0.4334999999998672	TimeIntervals	Lick
993.2147500000001	0.3334999999997308	TimeIntervals	Lick
993.5815	0.33350000000007185	TimeIntervals	Lick
993.9482499999999	0.09999999999990905	TimeIntervals	Lick
994.0815	0.33350000000007185	TimeIntervals	Lick
994.4482499999999	0.09999999999990905	TimeIntervals	Lick
994.5815	0.10025000000007367	TimeIntervals	Lick
994.715	0.10000000000013642	TimeIntervals	Lick
994.8485000000002	0.09999999999968168	TimeIntervals	Lick
994.9817500000001	0.26674999999988813	TimeIntervals	Lick
995.2817500000001	0.13324999999997544	TimeIntervals	Lick
995.4484999999999	0.10000000000002274	TimeIntervals	Lick
995.715	0.13350000000014006	TimeIntervals	Lick
995.9484999999999	0.06675000000041109	TimeIntervals	Lick
996.3820000000002	0.13325000000008913	TimeIntervals	Lick
996.7820000000003	0.06674999999972897	TimeIntervals	Lick
997.0820000000001	0.09999999999990905	TimeIntervals	Lick
998.0822499999999	0.06675000000018372	TimeIntervals	Lick
998.18225	0.06675000000007003	TimeIntervals	Lick
998.3155	0.06675000000041109	TimeIntervals	Lick
998.5155000000001	0.06674999999984266	TimeIntervals	Lick
999.0155000000001	0.06699999999989359	TimeIntervals	Lick
1001.416	0.06674999999995634	TimeIntervals	Lick
1003.7497500000001	0.06674999999984266	TimeIntervals	Lick
1006.7502499999999	0.06675000000007003	TimeIntervals	Lick
1007.2502499999999	0.06675000000007003	TimeIntervals	Lick
1008.6170000000001	0.06674999999995634	TimeIntervals	Reward
1008.817	1.1335000000000264	TimeIntervals	Lick
1009.9839999999998	0.3335000000002992	TimeIntervals	Lick
1010.35075	0.09999999999990905	TimeIntervals	Lick
1010.4839999999998	0.3335000000002992	TimeIntervals	Lick
1010.85075	0.09999999999990905	TimeIntervals	Lick
1010.9839999999998	0.46699999999998454	TimeIntervals	Lick
1011.48425	0.23324999999999818	TimeIntervals	Lick
1011.7510000000002	0.09999999999968168	TimeIntervals	Lick
1012.051	0.06649999999990541	TimeIntervals	Lick
1012.1842500000002	0.06674999999995634	TimeIntervals	Lick
1012.7845000000002	0.13324999999986176	TimeIntervals	Lick
1013.3180000000002	0.06649999999990541	TimeIntervals	Lick
1013.6180000000003	0.06649999999990541	TimeIntervals	Lick
1013.718	0.06650000000024647	TimeIntervals	Lick
1013.8512499999999	0.20000000000015916	TimeIntervals	Lick
1014.8515	0.09999999999990905	TimeIntervals	Lick
1016.11825	0.06675000000007003	TimeIntervals	Lick
1018.2185000000001	0.06675000000007003	TimeIntervals	Lick
1021.2190000000002	0.36675000000002456	TimeIntervals	Lick
1021.619	0.3000000000000682	TimeIntervals	Lick
1021.9525000000001	0.3000000000000682	TimeIntervals	Lick
1022.2860000000002	0.19999999999970441	TimeIntervals	Lick
1022.5192500000002	0.33324999999990723	TimeIntervals	Lick
1022.8859999999999	0.10000000000002274	TimeIntervals	Lick
1023.0192500000002	0.09999999999990905	TimeIntervals	Lick
1023.1525	0.20024999999998272	TimeIntervals	Lick
1023.3859999999999	0.10000000000002274	TimeIntervals	Lick
1023.5195000000001	0.20000000000015916	TimeIntervals	Lick
1023.6195	0.10000000000025011	TimeIntervals	Reward
1023.7527500000001	2.60024999999996	TimeIntervals	Lick
1026.3864999999998	0.10000000000013642	TimeIntervals	Lick
1026.52	0.6665000000000418	TimeIntervals	Lick
1027.22	0.09999999999990905	TimeIntervals	Lick
1027.35325	0.13325000000008913	TimeIntervals	Lick
1027.52	0.09999999999990905	TimeIntervals	Lick
1027.6535000000001	0.09999999999968168	TimeIntervals	Lick
1027.9535000000003	0.09999999999990905	TimeIntervals	Lick
1028.12	0.06675000000018372	TimeIntervals	Lick
1028.9870000000003	0.06649999999990541	TimeIntervals	Lick
1029.5535000000002	0.06674999999972897	TimeIntervals	Lick
1030.0204999999999	0.10000000000013642	TimeIntervals	Lick
1030.9872500000001	0.13324999999986176	TimeIntervals	Lick
1035.388	0.06650000000036016	TimeIntervals	Lick
1035.5545000000002	0.06674999999995634	TimeIntervals	Lick
1037.2215000000003	0.06649999999967804	TimeIntervals	Lick
1037.3215	0.06649999999990541	TimeIntervals	Lick
1037.4547500000003	0.10024999999995998	TimeIntervals	Lick
1037.58825	0.20000000000004547	TimeIntervals	Lick
1037.7215000000003	0.06674999999972897	TimeIntervals	Reward
1037.8215	2.867000000000189	TimeIntervals	Lick
1040.7220000000002	0.09999999999990905	TimeIntervals	Lick
1040.8555	0.1000000000003638	TimeIntervals	Lick
1040.9887500000002	0.09999999999968168	TimeIntervals	Lick
1041.122	0.10000000000013642	TimeIntervals	Lick
1041.2555000000002	0.09999999999968168	TimeIntervals	Lick
1041.38875	0.10000000000013642	TimeIntervals	Lick
1041.5219999999997	0.1000000000003638	TimeIntervals	Lick
1041.6555	0.10000000000013642	TimeIntervals	Lick
1041.7887500000002	0.09999999999990905	TimeIntervals	Lick
1041.922	0.10024999999973261	TimeIntervals	Lick
1042.0555000000002	0.23349999999982174	TimeIntervals	Lick
1042.3222500000002	0.09999999999990905	TimeIntervals	Lick
1042.4555000000003	0.3999999999996362	TimeIntervals	Lick
1042.889	0.10000000000013642	TimeIntervals	Lick
1043.0224999999998	0.10000000000013642	TimeIntervals	Lick
1043.15575	0.1000000000003638	TimeIntervals	Lick
1043.289	0.09999999999990905	TimeIntervals	Lick
1043.45575	0.599999999999909	TimeIntervals	Lick
1044.089	0.10024999999995998	TimeIntervals	Lick
1044.2225000000003	0.09999999999968168	TimeIntervals	Lick
1044.356	0.10000000000013642	TimeIntervals	Lick
1044.48925	0.10000000000013642	TimeIntervals	Lick
1044.6225	0.1000000000003638	TimeIntervals	Lick
1044.756	0.09999999999990905	TimeIntervals	Lick
1044.88925	0.10000000000013642	TimeIntervals	Lick
1045.0224999999998	0.10000000000013642	TimeIntervals	Lick
1045.156	0.2335000000000491	TimeIntervals	Lick
1045.4227500000002	0.09999999999990905	TimeIntervals	Lick
1045.556	0.06674999999972897	TimeIntervals	Lick
1045.756	0.06674999999995634	TimeIntervals	Lick
1046.0895	0.16650000000004184	TimeIntervals	Lick
1046.65625	0.10000000000013642	TimeIntervals	Lick
1047.2230000000002	0.09999999999990905	TimeIntervals	Lick
1048.323	0.10000000000013642	TimeIntervals	Lick
1048.4565000000002	0.19999999999959073	TimeIntervals	Lick
1048.6899999999998	0.1000000000003638	TimeIntervals	Lick
1048.82325	0.10000000000013642	TimeIntervals	Lick
1048.9565000000002	0.19999999999959073	TimeIntervals	Lick
1049.1899999999998	0.4335000000000946	TimeIntervals	Lick
1049.6567499999999	0.10000000000013642	TimeIntervals	Lick
1049.7900000000002	0.20000000000004547	TimeIntervals	Lick
1050.0235	0.09999999999990905	TimeIntervals	Lick
1050.1567499999999	0.10000000000013642	TimeIntervals	Lick
1050.2900000000002	0.09999999999990905	TimeIntervals	Lick
1050.4235	0.09999999999990905	TimeIntervals	Lick
1050.55675	0.09999999999990905	TimeIntervals	Lick
1050.6899999999998	0.10025000000018736	TimeIntervals	Lick
1050.7235	0.09999999999990905	TimeIntervals	Reward
1050.8235	2.833750000000009	TimeIntervals	Lick
1053.6904999999997	0.1000000000003638	TimeIntervals	Lick
1053.8239999999998	0.40000000000009095	TimeIntervals	Lick
1054.2575	0.10000000000013642	TimeIntervals	Lick
1054.39075	0.13324999999986176	TimeIntervals	Lick
1054.5575000000001	0.13324999999963438	TimeIntervals	Lick
1054.724	0.09999999999990905	TimeIntervals	Lick
1054.8575	0.23324999999999818	TimeIntervals	Lick
1055.1574999999998	0.06675000000041109	TimeIntervals	Lick
1055.291	0.06650000000013279	TimeIntervals	Lick
1055.391	0.06650000000013279	TimeIntervals	Lick
1056.2245	0.13324999999986176	TimeIntervals	Lick
1056.391	0.06674999999995634	TimeIntervals	Lick
1057.4245000000003	0.03350000000000364	TimeIntervals	Lick
1058.4245000000003	0.03350000000000364	TimeIntervals	Lick
1058.52475	0.09999999999990905	TimeIntervals	Lick
1059.7915	0.10000000000013642	TimeIntervals	Lick
1062.1919999999998	0.1000000000003638	TimeIntervals	Lick
1062.5585	0.06674999999995634	TimeIntervals	Lick
1063.2920000000001	0.09999999999968168	TimeIntervals	Lick
1063.65875	0.06674999999995634	TimeIntervals	Lick
1066.35925	0.10000000000013642	TimeIntervals	Lick
1067.326	0.06675000000018372	TimeIntervals	Lick
1067.4927500000003	0.06674999999972897	TimeIntervals	Lick
1068.393	0.06649999999990541	TimeIntervals	Lick
1069.7597500000002	0.03324999999972533	TimeIntervals	Lick
1070.5265	0.06675000000018372	TimeIntervals	Lick
1070.7600000000002	0.09999999999968168	TimeIntervals	Lick
1071.16	0.06649999999990541	TimeIntervals	Lick
1071.2600000000002	0.09999999999968168	TimeIntervals	Lick
1072.0935000000002	0.16650000000004184	TimeIntervals	Lick
1072.3935000000001	0.06649999999990541	TimeIntervals	Lick
1073.527	0.06650000000013279	TimeIntervals	Lick
1073.627	0.10000000000013642	TimeIntervals	Lick
1075.5605	0.06674999999995634	TimeIntervals	Lick
1077.461	0.09999999999990905	TimeIntervals	Lick
1077.5942499999999	0.20000000000027285	TimeIntervals	Lick
1077.8275	0.29999999999972715	TimeIntervals	Lick
1078.161	0.1999999999998181	TimeIntervals	Lick
1078.3945	0.2332499999997708	TimeIntervals	Lick
1078.661	0.06674999999995634	TimeIntervals	Lick
1078.7610000000002	0.09999999999968168	TimeIntervals	Lick
1078.8945	0.09999999999990905	TimeIntervals	Lick
1079.0277500000002	0.1999999999998181	TimeIntervals	Lick
1079.2610000000002	0.10024999999973261	TimeIntervals	Lick
1079.3945	1.2669999999998254	TimeIntervals	Lick
1079.7945000000002	0.033499999999776264	TimeIntervals	Reward
1080.6947499999999	0.333250000000362	TimeIntervals	Lick
1081.0615000000003	0.36649999999985994	TimeIntervals	Lick
1081.4615000000001	0.5	TimeIntervals	Lick
1081.9950000000001	0.09999999999990905	TimeIntervals	Lick
1082.1282499999998	0.2667500000002292	TimeIntervals	Lick
1082.4282500000002	0.09999999999968168	TimeIntervals	Lick
1082.595	0.06675000000018372	TimeIntervals	Lick
1082.695	0.06675000000018372	TimeIntervals	Lick
1082.895	0.06674999999995634	TimeIntervals	Lick
1083.06175	0.10000000000013642	TimeIntervals	Lick
1083.3285	0.06649999999990541	TimeIntervals	Lick
1083.56175	0.06674999999972897	TimeIntervals	Lick
1084.1619999999998	0.06650000000013279	TimeIntervals	Lick
1085.8955000000003	0.06674999999972897	TimeIntervals	Lick
1087.7624999999998	0.06650000000013279	TimeIntervals	Lick
1089.4960000000003	0.06674999999995634	TimeIntervals	Lick
1092.5964999999999	0.06675000000063847	TimeIntervals	Lick
