onset	duration	nwb_table	event_type
6.899	0.09999999999999876	TimeIntervals	Lick
7.2322500000000005	0.13324999999999942	TimeIntervals	Lick
7.86575	0.09999999999999964	TimeIntervals	Lick
8.199	0.09999999999999964	TimeIntervals	Lick
11.133000000000001	0.09999999999999964	TimeIntervals	Lick
12.532999999999998	0.10000000000000142	TimeIntervals	Lick
12.832999999999998	0.1000000000000032	TimeIntervals	Lick
13.033	0.10000000000000142	TimeIntervals	Lick
13.266500000000002	0.0667499999999972	TimeIntervals	Lick
13.466500000000002	0.0667499999999972	TimeIntervals	Lick
13.5665	0.10000000000000142	TimeIntervals	Lick
13.700000000000001	0.06650000000000134	TimeIntervals	Lick
13.800000000000002	0.09999999999999787	TimeIntervals	Lick
13.933250000000001	0.06674999999999898	TimeIntervals	Lick
14.0665	0.23350000000000115	TimeIntervals	Lick
14.3	0.09999999999999964	TimeIntervals	Reward
14.3335	0.06649999999999956	TimeIntervals	Lick
14.4335	0.40000000000000036	TimeIntervals	Lick
14.866750000000001	0.06674999999999898	TimeIntervals	Lick
14.966750000000003	0.23324999999999818	TimeIntervals	Lick
15.233500000000003	0.06649999999999956	TimeIntervals	Lick
15.333500000000003	0.09999999999999787	TimeIntervals	Lick
15.467	0.06649999999999956	TimeIntervals	Lick
15.567	0.10000000000000142	TimeIntervals	Lick
15.70025	0.10000000000000142	TimeIntervals	Lick
15.833500000000003	0.1999999999999975	TimeIntervals	Lick
16.067	0.09999999999999787	TimeIntervals	Lick
16.20025	0.09999999999999787	TimeIntervals	Lick
16.3335	0.09999999999999787	TimeIntervals	Lick
16.466999999999995	0.33350000000000435	TimeIntervals	Lick
16.833750000000002	0.09999999999999432	TimeIntervals	Lick
16.966999999999995	0.10000000000000497	TimeIntervals	Lick
17.1005	0.10000000000000142	TimeIntervals	Lick
17.233749999999997	0.10000000000000497	TimeIntervals	Lick
17.367	0.09999999999999787	TimeIntervals	Lick
17.5005	0.10000000000000142	TimeIntervals	Lick
17.634	0.09999999999999787	TimeIntervals	Lick
17.767249999999997	0.23325000000000173	TimeIntervals	Lick
18.034	0.1999999999999993	TimeIntervals	Lick
18.267249999999997	0.13325000000000742	TimeIntervals	Lick
18.434	0.1999999999999993	TimeIntervals	Lick
18.667250000000003	0.10024999999999551	TimeIntervals	Lick
18.80075	0.10000000000000142	TimeIntervals	Lick
18.934	0.09999999999999432	TimeIntervals	Lick
19.0675	0.10000000000000142	TimeIntervals	Lick
19.233999999999998	0.06675000000000253	TimeIntervals	Lick
19.334000000000003	0.09999999999999787	TimeIntervals	Lick
19.467500000000005	0.09999999999999432	TimeIntervals	Lick
19.60075	0.23350000000000293	TimeIntervals	Lick
19.8675	0.06675000000000253	TimeIntervals	Lick
20.1675	0.03349999999999653	TimeIntervals	Lick
20.434250000000002	0.06674999999999898	TimeIntervals	Lick
20.601	0.06650000000000134	TimeIntervals	Lick
20.8675	0.10025000000000261	TimeIntervals	Lick
21.034499999999998	0.10000000000000497	TimeIntervals	Lick
21.167750000000005	0.09999999999999432	TimeIntervals	Lick
21.534500000000005	0.09999999999999787	TimeIntervals	Lick
21.667750000000005	0.1332499999999932	TimeIntervals	Lick
21.968000000000004	0.13324999999999676	TimeIntervals	Lick
22.134500000000003	0.06674999999999898	TimeIntervals	Lick
22.301250000000003	0.06674999999999542	TimeIntervals	Lick
22.568	0.10000000000000497	TimeIntervals	Lick
22.868	0.06650000000000489	TimeIntervals	Lick
23.034500000000005	0.10024999999999551	TimeIntervals	Lick
23.234750000000002	0.09999999999999787	TimeIntervals	Lick
23.43475	0.10000000000000142	TimeIntervals	Lick
23.568	0.10000000000000497	TimeIntervals	Lick
23.734750000000002	0.09999999999999787	TimeIntervals	Lick
23.968000000000004	0.09999999999999787	TimeIntervals	Lick
24.168000000000006	0.10024999999999551	TimeIntervals	Lick
24.335	0.06649999999999778	TimeIntervals	Lick
24.46825	0.09999999999999787	TimeIntervals	Lick
24.7015	0.1999999999999993	TimeIntervals	Lick
24.935	0.10000000000000497	TimeIntervals	Lick
25.06825	0.10000000000000497	TimeIntervals	Lick
25.235000000000003	0.09999999999999787	TimeIntervals	Lick
25.3685	0.10000000000000142	TimeIntervals	Lick
25.5685	0.10000000000000497	TimeIntervals	Lick
26.301749999999995	0.10025000000000617	TimeIntervals	Lick
26.535249999999998	0.13325000000000742	TimeIntervals	Lick
27.001999999999995	0.10000000000000497	TimeIntervals	Lick
27.33525	0.06675000000000253	TimeIntervals	Lick
27.7355	0.10000000000000497	TimeIntervals	Lick
27.935500000000005	0.09999999999999432	TimeIntervals	Lick
28.168750000000003	0.06674999999999542	TimeIntervals	Lick
28.36875	0.10000000000000142	TimeIntervals	Lick
29.10225	0.09999999999999787	TimeIntervals	Lick
29.335500000000003	0.10000000000000142	TimeIntervals	Lick
29.50225	0.1332500000000003	TimeIntervals	Lick
29.73575	0.10000000000000142	TimeIntervals	Lick
30.33575	0.10000000000000142	TimeIntervals	Lick
31.3025	0.10000000000000497	TimeIntervals	Lick
32.236	0.10000000000000142	TimeIntervals	Lick
33.0695	0.10000000000000142	TimeIntervals	Lick
33.5695	0.10000000000000142	TimeIntervals	Lick
33.83625	0.06674999999999898	TimeIntervals	Lick
34.103	0.10000000000000142	TimeIntervals	Lick
34.23650000000001	0.09999999999999432	TimeIntervals	Lick
34.36975	0.19999999999999574	TimeIntervals	Lick
34.603	0.10000000000000142	TimeIntervals	Lick
34.73650000000001	0.09999999999999432	TimeIntervals	Lick
34.86975	0.09999999999999432	TimeIntervals	Lick
35.003	0.06674999999999898	TimeIntervals	Lick
35.103	0.10024999999999551	TimeIntervals	Lick
35.27	0.09999999999999432	TimeIntervals	Lick
35.40325	0.10000000000000142	TimeIntervals	Reward
35.40325	0.06674999999999898	TimeIntervals	Lick
35.50325	1.9337499999999892	TimeIntervals	Lick
37.47025	0.23324999999999818	TimeIntervals	Lick
37.737	0.23324999999999818	TimeIntervals	Lick
38.0035	0.19999999999999574	TimeIntervals	Lick
38.237	0.10000000000000853	TimeIntervals	Lick
38.370250000000006	0.1002499999999884	TimeIntervals	Lick
38.503750000000004	0.09999999999999432	TimeIntervals	Lick
38.637	0.10000000000000142	TimeIntervals	Lick
38.770500000000006	0.23324999999999818	TimeIntervals	Lick
39.037	0.10000000000000142	TimeIntervals	Lick
39.170500000000004	0.10000000000000142	TimeIntervals	Lick
39.303749999999994	0.10000000000000853	TimeIntervals	Lick
39.43699999999999	0.10000000000000853	TimeIntervals	Lick
39.5705	0.09999999999999432	TimeIntervals	Lick
39.704	0.10000000000000142	TimeIntervals	Lick
39.83725	0.2667500000000018	TimeIntervals	Lick
40.13725	0.13325000000000387	TimeIntervals	Lick
40.33725	0.06674999999999898	TimeIntervals	Lick
40.437250000000006	0.09999999999998721	TimeIntervals	Lick
40.604	0.06674999999999898	TimeIntervals	Lick
40.704	0.06674999999999898	TimeIntervals	Lick
40.837500000000006	0.09999999999999432	TimeIntervals	Lick
41.004	0.03349999999999653	TimeIntervals	Lick
41.137499999999996	0.033250000000002444	TimeIntervals	Lick
41.27075	0.06675000000000608	TimeIntervals	Lick
41.403999999999996	0.10000000000000142	TimeIntervals	Lick
41.771	0.06650000000000489	TimeIntervals	Lick
41.87100000000001	0.09999999999998721	TimeIntervals	Lick
42.037499999999994	0.06674999999999898	TimeIntervals	Lick
42.271	0.10000000000000853	TimeIntervals	Lick
42.70425	0.06674999999999898	TimeIntervals	Lick
43.104499999999994	0.10000000000000853	TimeIntervals	Lick
43.471	0.10000000000000142	TimeIntervals	Lick
43.937999999999995	0.13325000000001097	TimeIntervals	Lick
44.7045	0.13349999999999795	TimeIntervals	Lick
45.138000000000005	0.10000000000000142	TimeIntervals	Lick
45.9715	0.10000000000000142	TimeIntervals	Lick
46.105	0.2332500000000053	TimeIntervals	Lick
46.3715	0.10000000000000142	TimeIntervals	Lick
47.1715	0.10024999999999551	TimeIntervals	Lick
47.77175	0.10000000000000142	TimeIntervals	Lick
48.1385	0.10000000000000853	TimeIntervals	Lick
48.3385	0.13349999999999085	TimeIntervals	Lick
49.272000000000006	0.09999999999999432	TimeIntervals	Lick
49.7055	0.06650000000000489	TimeIntervals	Lick
50.272000000000006	0.09999999999999432	TimeIntervals	Lick
50.839000000000006	0.13324999999999676	TimeIntervals	Lick
52.0725	0.06650000000000489	TimeIntervals	Lick
52.73925	0.06675000000001319	TimeIntervals	Lick
52.83925000000001	0.09999999999999432	TimeIntervals	Lick
52.9725	0.06674999999999898	TimeIntervals	Lick
53.105999999999995	0.10000000000001563	TimeIntervals	Lick
54.4395	0.06649999999999068	TimeIntervals	Lick
55.106249999999996	0.10000000000000853	TimeIntervals	Lick
55.539500000000004	0.06674999999999187	TimeIntervals	Lick
56.606500000000004	0.13325000000000387	TimeIntervals	Lick
58.43999999999999	0.06675000000000608	TimeIntervals	Lick
58.93999999999999	0.10000000000001563	TimeIntervals	Lick
59.20674999999999	0.06675000000000608	TimeIntervals	Lick
59.30700000000001	0.09999999999999432	TimeIntervals	Lick
59.507	0.10000000000000853	TimeIntervals	Lick
59.80700000000001	0.09999999999999432	TimeIntervals	Lick
59.94024999999999	0.10000000000000853	TimeIntervals	Lick
60.0735	0.09999999999999432	TimeIntervals	Lick
60.206999999999994	0.10000000000001563	TimeIntervals	Lick
60.340250000000005	0.20024999999998983	TimeIntervals	Lick
60.57374999999999	0.20000000000000995	TimeIntervals	Lick
60.80700000000001	0.0999999999999801	TimeIntervals	Lick
60.9405	0.09999999999999432	TimeIntervals	Lick
61.07374999999999	0.10000000000000853	TimeIntervals	Lick
61.206999999999994	0.10000000000001563	TimeIntervals	Lick
61.340500000000006	0.06649999999998357	TimeIntervals	Lick
61.474	0.033250000000002444	TimeIntervals	Reward
61.50725	1.5002500000000083	TimeIntervals	Lick
63.04075	0.20000000000000284	TimeIntervals	Lick
63.274	0.10000000000000142	TimeIntervals	Lick
63.4075	1.0	TimeIntervals	Lick
64.441	0.10000000000000853	TimeIntervals	Lick
64.57425	0.13324999999998965	TimeIntervals	Lick
64.741	0.09999999999999432	TimeIntervals	Lick
64.87450000000001	1.2667499999999734	TimeIntervals	Lick
66.1745	1.8002500000000197	TimeIntervals	Lick
68.008	0.30024999999999125	TimeIntervals	Lick
68.375	0.1664999999999992	TimeIntervals	Lick
68.64150000000001	0.13350000000001216	TimeIntervals	Lick
68.8415	0.23350000000000648	TimeIntervals	Lick
69.14150000000001	0.3335000000000008	TimeIntervals	Lick
69.50850000000001	0.09999999999999432	TimeIntervals	Lick
69.64175	0.09999999999999432	TimeIntervals	Lick
69.8085	0.06650000000000489	TimeIntervals	Lick
70.00850000000001	0.16650000000001342	TimeIntervals	Lick
70.24175	0.10025000000000261	TimeIntervals	Lick
70.8085	0.10000000000000853	TimeIntervals	Lick
71.17525	0.10000000000000853	TimeIntervals	Lick
71.342	0.06674999999999898	TimeIntervals	Lick
71.47550000000001	0.10000000000000853	TimeIntervals	Lick
71.60875	0.10000000000000853	TimeIntervals	Lick
71.742	0.09999999999999432	TimeIntervals	Lick
71.87549999999999	0.10000000000002274	TimeIntervals	Lick
72.00875	0.23324999999999818	TimeIntervals	Lick
72.27550000000001	0.0999999999999801	TimeIntervals	Lick
72.40875	0.10025000000001683	TimeIntervals	Lick
72.54225000000001	0.06674999999998477	TimeIntervals	Lick
72.64225000000002	0.09999999999999432	TimeIntervals	Lick
72.77550000000001	0.13349999999999795	TimeIntervals	Lick
72.94225	0.13325000000001808	TimeIntervals	Lick
73.14225000000002	0.06674999999998477	TimeIntervals	Lick
73.24225000000001	0.0999999999999801	TimeIntervals	Lick
73.37549999999999	0.10000000000002274	TimeIntervals	Lick
73.50900000000001	0.0999999999999801	TimeIntervals	Lick
73.67575000000001	0.10000000000000853	TimeIntervals	Lick
73.9425	0.13325000000000387	TimeIntervals	Lick
74.109	0.7669999999999959	TimeIntervals	Lick
74.90925	0.10000000000000853	TimeIntervals	Lick
75.3425	0.333500000000015	TimeIntervals	Lick
75.7425	0.16699999999998738	TimeIntervals	Lick
76.04275	0.16675000000002171	TimeIntervals	Lick
76.24275	0.10000000000000853	TimeIntervals	Lick
76.843	0.10000000000000853	TimeIntervals	Lick
76.97625000000001	0.09999999999999432	TimeIntervals	Lick
77.20950000000002	0.13349999999998374	TimeIntervals	Lick
78.27650000000001	0.09999999999999432	TimeIntervals	Lick
78.44300000000001	0.06674999999998477	TimeIntervals	Lick
78.5765	0.03325000000000955	TimeIntervals	Lick
78.94300000000001	0.06674999999998477	TimeIntervals	Lick
80.01	0.09999999999999432	TimeIntervals	Lick
81.37700000000001	0.10000000000000853	TimeIntervals	Lick
82.177	0.13324999999998965	TimeIntervals	Lick
85.97750000000002	0.06674999999999898	TimeIntervals	Lick
86.34424999999999	0.10000000000002274	TimeIntervals	Lick
88.24449999999999	0.10000000000000853	TimeIntervals	Lick
88.778	0.06649999999999068	TimeIntervals	Lick
88.9115	0.20000000000000284	TimeIntervals	Lick
89.14475000000002	0.06674999999998477	TimeIntervals	Lick
89.24475000000001	0.20000000000000284	TimeIntervals	Lick
89.47800000000001	0.09999999999999432	TimeIntervals	Lick
89.6115	0.23324999999998397	TimeIntervals	Lick
89.87800000000001	0.06674999999999898	TimeIntervals	Lick
89.97800000000001	0.10025000000000261	TimeIntervals	Lick
90.1115	0.06675000000001319	TimeIntervals	Lick
90.2115	0.13349999999999795	TimeIntervals	Lick
90.37825	0.20000000000001705	TimeIntervals	Lick
90.5115	0.03350000000000364	TimeIntervals	Reward
90.6115	2.2669999999999817	TimeIntervals	Lick
92.912	0.2332500000000124	TimeIntervals	Lick
93.17850000000003	0.23349999999997806	TimeIntervals	Lick
93.44550000000001	0.46649999999999636	TimeIntervals	Lick
93.94550000000001	0.2332500000000124	TimeIntervals	Lick
94.212	0.13349999999999795	TimeIntervals	Lick
94.37875000000001	0.10025000000000261	TimeIntervals	Lick
94.51225	0.06675000000001319	TimeIntervals	Lick
95.04550000000002	0.09999999999999432	TimeIntervals	Lick
95.37900000000002	0.09999999999999432	TimeIntervals	Lick
95.87900000000002	0.06674999999999898	TimeIntervals	Lick
96.57900000000001	0.10025000000000261	TimeIntervals	Lick
97.11250000000001	0.06674999999999898	TimeIntervals	Lick
98.046	0.10000000000000853	TimeIntervals	Lick
98.81299999999999	0.10000000000002274	TimeIntervals	Lick
98.94625000000002	0.0999999999999801	TimeIntervals	Lick
99.71300000000001	0.0999999999999801	TimeIntervals	Lick
100.67975000000001	0.0999999999999801	TimeIntervals	Lick
101.7465	0.10000000000000853	TimeIntervals	Lick
102.71350000000001	0.06650000000000489	TimeIntervals	Lick
103.9135	0.10000000000000853	TimeIntervals	Lick
104.347	0.10000000000000853	TimeIntervals	Lick
104.51374999999999	0.03325000000000955	TimeIntervals	Lick
104.5805	0.10000000000000853	TimeIntervals	Lick
104.71375	0.0999999999999801	TimeIntervals	Lick
104.847	0.06674999999999898	TimeIntervals	Lick
104.947	0.20000000000000284	TimeIntervals	Lick
105.18050000000001	0.09999999999999432	TimeIntervals	Lick
105.31374999999998	0.20025000000001114	TimeIntervals	Lick
105.54725	0.09999999999999432	TimeIntervals	Lick
105.68050000000001	0.09999999999999432	TimeIntervals	Lick
105.81399999999998	0.10000000000000853	TimeIntervals	Lick
105.94725	0.06674999999999898	TimeIntervals	Lick
106.04725	0.09999999999999432	TimeIntervals	Lick
106.18050000000001	0.09999999999999432	TimeIntervals	Lick
106.34725	0.06674999999998477	TimeIntervals	Lick
106.44725	0.10025000000001683	TimeIntervals	Lick
106.54750000000001	0.03324999999998113	TimeIntervals	Reward
106.58075	2.1337500000000063	TimeIntervals	Lick
108.74775	0.9332500000000152	TimeIntervals	Lick
109.7145	0.13349999999999795	TimeIntervals	Lick
109.88125	0.10000000000002274	TimeIntervals	Lick
110.0145	0.06674999999999898	TimeIntervals	Lick
110.14800000000001	0.06649999999999068	TimeIntervals	Lick
110.348	0.3332500000000209	TimeIntervals	Lick
110.91475000000001	0.06674999999999898	TimeIntervals	Lick
111.71475000000001	0.09999999999999432	TimeIntervals	Lick
112.38149999999999	0.06675000000001319	TimeIntervals	Lick
113.01499999999999	0.0667500000000274	TimeIntervals	Lick
113.315	0.06675000000001319	TimeIntervals	Lick
113.48175000000002	0.06674999999998477	TimeIntervals	Lick
113.98175000000002	0.09999999999999432	TimeIntervals	Lick
114.382	0.06649999999999068	TimeIntervals	Lick
115.58200000000001	0.06675000000001319	TimeIntervals	Reward
115.7155	1.7000000000000028	TimeIntervals	Lick
117.44900000000001	0.6999999999999886	TimeIntervals	Lick
118.18250000000002	0.10000000000000853	TimeIntervals	Lick
118.31574999999998	0.2332500000000266	TimeIntervals	Lick
118.5825	0.10000000000002274	TimeIntervals	Lick
118.716	0.4665000000000248	TimeIntervals	Lick
119.216	0.09999999999999432	TimeIntervals	Lick
119.34924999999998	0.10000000000002274	TimeIntervals	Lick
119.48250000000002	0.0999999999999801	TimeIntervals	Lick
119.61600000000001	0.23349999999997806	TimeIntervals	Lick
119.88274999999999	0.10000000000002274	TimeIntervals	Lick
120.016	0.10000000000000853	TimeIntervals	Lick
120.1495	0.19999999999998863	TimeIntervals	Lick
120.38274999999999	0.2332500000000266	TimeIntervals	Lick
120.6495	0.10000000000000853	TimeIntervals	Lick
120.78300000000002	0.0999999999999801	TimeIntervals	Lick
120.91624999999999	0.26675000000001603	TimeIntervals	Lick
121.21625	0.10000000000000853	TimeIntervals	Lick
121.3495	0.10000000000000853	TimeIntervals	Lick
121.48300000000002	0.0999999999999801	TimeIntervals	Lick
121.6495	0.13350000000001216	TimeIntervals	Lick
121.81625000000001	0.1002499999999884	TimeIntervals	Lick
121.94975	0.10000000000000853	TimeIntervals	Lick
122.1165	0.06650000000000489	TimeIntervals	Lick
122.28300000000002	0.0999999999999801	TimeIntervals	Lick
122.5165	0.10000000000000853	TimeIntervals	Lick
122.74975	0.23349999999999227	TimeIntervals	Lick
123.0165	0.10000000000000853	TimeIntervals	Lick
123.15000000000002	0.06649999999999068	TimeIntervals	Lick
123.25	0.0999999999999801	TimeIntervals	Lick
123.38325000000002	0.0999999999999801	TimeIntervals	Lick
123.5165	0.10000000000000853	TimeIntervals	Lick
123.58324999999999	0.10000000000002274	TimeIntervals	Reward
123.65000000000002	0.5334999999999752	TimeIntervals	Lick
124.21675	0.06674999999999898	TimeIntervals	Lick
124.31675000000001	0.0999999999999801	TimeIntervals	Lick
124.45000000000002	0.20000000000000284	TimeIntervals	Lick
124.71675	0.19999999999998863	TimeIntervals	Lick
124.95000000000002	0.10000000000000853	TimeIntervals	Lick
125.08349999999999	0.20000000000001705	TimeIntervals	Lick
125.317	0.10000000000000853	TimeIntervals	Lick
125.45025000000001	0.09999999999999432	TimeIntervals	Lick
125.58349999999999	0.10000000000000853	TimeIntervals	Lick
125.71700000000001	0.0999999999999801	TimeIntervals	Lick
125.85025	0.46674999999999045	TimeIntervals	Lick
126.35050000000001	0.10000000000000853	TimeIntervals	Lick
126.48375	0.10000000000000853	TimeIntervals	Lick
126.617	0.10000000000000853	TimeIntervals	Lick
126.75049999999999	0.3332500000000209	TimeIntervals	Lick
127.117	0.10000000000000853	TimeIntervals	Lick
127.25049999999999	0.23350000000000648	TimeIntervals	Lick
127.51724999999999	0.10000000000000853	TimeIntervals	Lick
127.65050000000001	0.0999999999999801	TimeIntervals	Lick
127.78400000000003	0.36649999999998784	TimeIntervals	Lick
128.18400000000003	0.09999999999993747	TimeIntervals	Lick
128.31725	0.1002499999999884	TimeIntervals	Lick
128.45075000000003	0.0999999999999659	TimeIntervals	Lick
128.584	0.10000000000002274	TimeIntervals	Lick
128.71749999999997	0.10000000000002274	TimeIntervals	Lick
128.85075000000003	0.09999999999999432	TimeIntervals	Lick
128.98400000000004	0.23349999999993543	TimeIntervals	Lick
129.25074999999998	0.06675000000001319	TimeIntervals	Lick
129.38400000000001	0.10000000000002274	TimeIntervals	Lick
129.55100000000002	0.10000000000002274	TimeIntervals	Lick
129.68425	0.09999999999999432	TimeIntervals	Lick
129.85100000000003	0.13324999999997544	TimeIntervals	Lick
130.0175	0.06675000000001319	TimeIntervals	Lick
130.11749999999998	0.13349999999999795	TimeIntervals	Lick
130.3175	0.06675000000001319	TimeIntervals	Lick
130.4175	0.13350000000002638	TimeIntervals	Lick
130.61749999999998	0.06700000000000728	TimeIntervals	Lick
130.71774999999997	0.10000000000002274	TimeIntervals	Lick
130.85100000000003	0.09999999999999432	TimeIntervals	Lick
131.05100000000002	0.03350000000000364	TimeIntervals	Lick
131.31775	0.10000000000002274	TimeIntervals	Lick
131.55100000000002	0.10000000000002274	TimeIntervals	Lick
131.71799999999996	0.10000000000005116	TimeIntervals	Lick
131.918	0.09999999999999432	TimeIntervals	Lick
132.08450000000002	0.0999999999999659	TimeIntervals	Lick
132.21799999999996	0.0665000000000191	TimeIntervals	Lick
132.318	0.09999999999999432	TimeIntervals	Lick
132.45125000000002	0.09999999999999432	TimeIntervals	Lick
132.58450000000002	0.0999999999999659	TimeIntervals	Lick
132.75124999999997	0.13350000000002638	TimeIntervals	Lick
133.018	0.06675000000001319	TimeIntervals	Lick
133.18475	0.0999999999999659	TimeIntervals	Lick
133.35150000000002	0.06649999999999068	TimeIntervals	Lick
133.518	0.06675000000001319	TimeIntervals	Lick
133.85150000000002	0.09999999999999432	TimeIntervals	Lick
134.01825000000002	0.0999999999999659	TimeIntervals	Lick
134.2515	0.06674999999998477	TimeIntervals	Lick
134.385	0.0665000000000191	TimeIntervals	Lick
134.51825000000002	0.0999999999999659	TimeIntervals	Lick
134.81824999999998	0.10000000000002274	TimeIntervals	Lick
135.05175000000003	0.06674999999998477	TimeIntervals	Lick
135.25174999999996	0.10000000000007958	TimeIntervals	Lick
135.45175	0.10000000000002274	TimeIntervals	Lick
135.65175000000002	0.09999999999993747	TimeIntervals	Lick
135.78499999999997	0.10000000000002274	TimeIntervals	Lick
135.9185	0.10000000000002274	TimeIntervals	Lick
136.05175000000003	0.2002499999999543	TimeIntervals	Lick
136.31850000000003	0.0999999999999659	TimeIntervals	Lick
137.352	0.09999999999999432	TimeIntervals	Lick
137.71875000000003	0.0999999999999659	TimeIntervals	Lick
138.15200000000002	0.10000000000002274	TimeIntervals	Lick
138.4855	0.10000000000002274	TimeIntervals	Lick
138.68550000000002	0.10000000000002274	TimeIntervals	Lick
138.85225000000003	0.23324999999999818	TimeIntervals	Lick
139.71900000000005	0.06674999999998477	TimeIntervals	Lick
139.81900000000002	0.09999999999999432	TimeIntervals	Lick
139.95250000000001	0.13324999999997544	TimeIntervals	Lick
140.3525	0.0665000000000191	TimeIntervals	Lick
141.21925000000005	0.06674999999998477	TimeIntervals	Lick
141.8195	0.0665000000000191	TimeIntervals	Lick
142.45274999999998	0.10000000000002274	TimeIntervals	Lick
142.91950000000003	0.09999999999999432	TimeIntervals	Lick
143.9865	0.09999999999999432	TimeIntervals	Lick
144.11975	0.06675000000001319	TimeIntervals	Lick
144.25300000000001	0.10000000000002274	TimeIntervals	Lick
144.78650000000002	0.10000000000002274	TimeIntervals	Lick
145.75325000000004	0.0999999999999659	TimeIntervals	Lick
146.38675	0.09999999999999432	TimeIntervals	Lick
147.42024999999998	0.10000000000002274	TimeIntervals	Lick
148.4205	0.09999999999999432	TimeIntervals	Lick
148.65375	0.10000000000002274	TimeIntervals	Lick
148.787	0.09999999999999432	TimeIntervals	Lick
148.9205	0.4335000000000093	TimeIntervals	Lick
149.38725000000002	0.09999999999999432	TimeIntervals	Lick
149.5205	0.20000000000004547	TimeIntervals	Lick
149.75400000000002	0.06649999999999068	TimeIntervals	Lick
149.854	0.10000000000002274	TimeIntervals	Lick
149.98725000000002	0.09999999999999432	TimeIntervals	Lick
150.1205	0.10000000000005116	TimeIntervals	Lick
150.25400000000002	0.09999999999999432	TimeIntervals	Lick
150.38750000000002	0.0999999999999659	TimeIntervals	Lick
150.52075000000002	0.0999999999999659	TimeIntervals	Lick
150.65400000000002	0.19999999999998863	TimeIntervals	Lick
150.65400000000002	0.06674999999998477	TimeIntervals	Reward
150.88750000000002	0.8667500000000246	TimeIntervals	Lick
151.78750000000005	0.33349999999992974	TimeIntervals	Lick
152.15425000000002	0.10000000000002274	TimeIntervals	Lick
152.28750000000005	0.06674999999992792	TimeIntervals	Lick
152.38750000000002	0.0999999999999659	TimeIntervals	Lick
152.521	0.09999999999999432	TimeIntervals	Lick
152.6545	0.10000000000002274	TimeIntervals	Lick
152.78775000000002	0.10000000000002274	TimeIntervals	Lick
152.921	0.09999999999999432	TimeIntervals	Lick
153.0545	0.10000000000002274	TimeIntervals	Lick
153.18775	0.10000000000002274	TimeIntervals	Lick
153.32100000000003	0.0999999999999659	TimeIntervals	Lick
153.45450000000002	0.0999999999999659	TimeIntervals	Lick
153.58775	0.1002499999999884	TimeIntervals	Lick
153.72125000000003	0.2667499999999734	TimeIntervals	Lick
154.02125	0.20000000000001705	TimeIntervals	Lick
154.28800000000004	0.09999999999999432	TimeIntervals	Lick
154.42125000000001	0.09999999999999432	TimeIntervals	Lick
154.5545	0.13349999999999795	TimeIntervals	Lick
154.72125000000003	0.06675000000001319	TimeIntervals	Lick
154.82150000000001	0.09999999999999432	TimeIntervals	Lick
154.95475000000002	0.46674999999999045	TimeIntervals	Lick
155.488	0.06674999999998477	TimeIntervals	Lick
155.62149999999997	0.0665000000000191	TimeIntervals	Lick
156.08825000000002	0.033249999999952706	TimeIntervals	Lick
156.9215	0.06700000000000728	TimeIntervals	Lick
158.35525	0.09999999999999432	TimeIntervals	Lick
158.92200000000003	0.06649999999999068	TimeIntervals	Lick
159.08850000000004	0.13349999999999795	TimeIntervals	Lick
159.6555	0.10000000000005116	TimeIntervals	Lick
159.92200000000003	0.0999999999999659	TimeIntervals	Lick
160.45550000000003	0.09999999999999432	TimeIntervals	Lick
161.02225	0.0999999999999659	TimeIntervals	Lick
161.48900000000003	0.0999999999999659	TimeIntervals	Lick
161.78900000000004	0.0999999999999659	TimeIntervals	Lick
162.68925	0.10000000000005116	TimeIntervals	Lick
164.4895	0.10000000000002274	TimeIntervals	Lick
164.75625000000002	0.09999999999999432	TimeIntervals	Lick
165.323	0.06649999999999068	TimeIntervals	Lick
165.4895	0.06675000000004161	TimeIntervals	Lick
166.48975000000002	0.06674999999998477	TimeIntervals	Lick
166.58975	0.09999999999999432	TimeIntervals	Lick
166.723	0.09999999999999432	TimeIntervals	Lick
167.62324999999998	0.10000000000005116	TimeIntervals	Lick
168.55675000000002	0.09999999999999432	TimeIntervals	Lick
170.22375000000002	0.09999999999999432	TimeIntervals	Lick
170.3905	0.0665000000000191	TimeIntervals	Lick
170.49050000000003	0.0999999999999659	TimeIntervals	Lick
170.62375	0.10000000000002274	TimeIntervals	Lick
170.757	0.06675000000001319	TimeIntervals	Lick
170.857	0.20000000000001705	TimeIntervals	Lick
171.0905	0.09999999999999432	TimeIntervals	Lick
171.22400000000002	0.06650000000004752	TimeIntervals	Lick
171.32400000000004	0.0999999999999659	TimeIntervals	Lick
171.45725	0.10000000000002274	TimeIntervals	Lick
171.5905	0.06675000000001319	TimeIntervals	Lick
171.6905	1.4002500000000282	TimeIntervals	Lick
171.6905	0.06675000000004161	TimeIntervals	Reward
173.124	0.333500000000015	TimeIntervals	Lick
173.491	1.2667500000000018	TimeIntervals	Lick
174.79100000000003	0.3667499999999393	TimeIntervals	Lick
175.191	0.10000000000002274	TimeIntervals	Lick
175.3245	0.4000000000000057	TimeIntervals	Lick
175.75800000000004	0.09999999999999432	TimeIntervals	Lick
175.89125	0.09999999999999432	TimeIntervals	Lick
176.058	0.06649999999999068	TimeIntervals	Lick
176.19125000000003	0.23324999999999818	TimeIntervals	Lick
176.59125	0.06674999999998477	TimeIntervals	Lick
176.75800000000004	0.06674999999998477	TimeIntervals	Lick
177.058	0.09999999999999432	TimeIntervals	Lick
177.59150000000002	0.13325000000000387	TimeIntervals	Lick
178.05825000000002	0.09999999999999432	TimeIntervals	Lick
178.25825000000003	0.06674999999998477	TimeIntervals	Lick
178.52499999999998	0.10000000000002274	TimeIntervals	Lick
178.82500000000002	0.0665000000000191	TimeIntervals	Lick
178.925	0.0999999999999659	TimeIntervals	Lick
179.09175000000002	0.06674999999998477	TimeIntervals	Lick
179.35850000000002	0.06649999999999068	TimeIntervals	Lick
179.49175000000002	0.06674999999998477	TimeIntervals	Lick
179.625	0.10000000000005116	TimeIntervals	Lick
180.35850000000002	0.09999999999999432	TimeIntervals	Lick
180.62525	0.10000000000002274	TimeIntervals	Lick
180.82525000000004	0.0999999999999659	TimeIntervals	Lick
180.99200000000002	0.09999999999999432	TimeIntervals	Lick
181.1255	0.0665000000000191	TimeIntervals	Lick
181.25875000000005	0.0999999999999659	TimeIntervals	Lick
181.692	0.10000000000002274	TimeIntervals	Lick
182.59225000000004	0.0999999999999659	TimeIntervals	Lick
182.75900000000004	0.06649999999993383	TimeIntervals	Lick
182.859	0.09999999999999432	TimeIntervals	Lick
183.02550000000005	0.09999999999993747	TimeIntervals	Lick
183.15899999999996	0.06650000000007594	TimeIntervals	Lick
183.25900000000004	0.0999999999999659	TimeIntervals	Lick
183.3925	0.06649999999999068	TimeIntervals	Lick
183.4925	0.10000000000002274	TimeIntervals	Lick
183.62575	0.10000000000002274	TimeIntervals	Lick
183.75900000000004	0.0999999999999659	TimeIntervals	Lick
183.8925	0.09999999999999432	TimeIntervals	Lick
184.02575000000004	0.0999999999999659	TimeIntervals	Lick
184.15899999999996	0.10000000000007958	TimeIntervals	Lick
184.29250000000005	0.06649999999996226	TimeIntervals	Lick
184.3925	0.09999999999999432	TimeIntervals	Lick
184.52600000000004	0.09999999999993747	TimeIntervals	Lick
184.65925	2.766999999999996	TimeIntervals	Lick
184.72600000000003	0.0665000000000191	TimeIntervals	Reward
187.45950000000002	0.23349999999999227	TimeIntervals	Lick
187.72650000000002	0.13325000000000387	TimeIntervals	Lick
187.9265	0.06649999999999068	TimeIntervals	Lick
188.0265	0.06649999999999068	TimeIntervals	Lick
188.15975	0.06675000000001319	TimeIntervals	Lick
188.45975	0.06674999999998477	TimeIntervals	Lick
188.6265	0.7335000000000207	TimeIntervals	Lick
189.39325	0.09999999999999432	TimeIntervals	Lick
190.12674999999996	0.10000000000007958	TimeIntervals	Lick
191.06025	0.09999999999999432	TimeIntervals	Lick
191.36025	0.06674999999998477	TimeIntervals	Lick
191.827	0.06649999999999068	TimeIntervals	Lick
192.29375000000002	0.09999999999999432	TimeIntervals	Lick
192.66049999999998	0.10000000000002274	TimeIntervals	Lick
192.8605	0.10000000000002274	TimeIntervals	Lick
192.99375	0.09999999999999432	TimeIntervals	Lick
193.92725000000002	0.09999999999999432	TimeIntervals	Lick
194.46075000000002	0.09999999999999432	TimeIntervals	Lick
195.49425000000002	0.09999999999999432	TimeIntervals	Lick
195.72750000000002	0.06674999999998477	TimeIntervals	Lick
196.061	0.06649999999999068	TimeIntervals	Lick
196.5945	0.09999999999999432	TimeIntervals	Lick
196.72775000000001	0.0999999999999659	TimeIntervals	Lick
197.1945	0.10000000000002274	TimeIntervals	Lick
197.62799999999996	0.06650000000004752	TimeIntervals	Lick
198.36125	0.23324999999999818	TimeIntervals	Lick
199.16149999999996	0.10000000000007958	TimeIntervals	Lick
199.76150000000004	0.0999999999999659	TimeIntervals	Lick
200.06150000000002	0.09999999999993747	TimeIntervals	Lick
200.395	0.20000000000001705	TimeIntervals	Lick
200.66149999999996	0.10000000000007958	TimeIntervals	Lick
201.02850000000004	0.09999999999993747	TimeIntervals	Lick
201.16175	0.10000000000002274	TimeIntervals	Lick
201.29500000000004	0.0999999999999659	TimeIntervals	Lick
201.69500000000002	0.13349999999996953	TimeIntervals	Lick
201.86175000000003	0.1002499999999884	TimeIntervals	Lick
202.29525	0.10000000000002274	TimeIntervals	Lick
202.86200000000002	0.13324999999997544	TimeIntervals	Lick
203.02850000000004	0.06699999999995043	TimeIntervals	Lick
203.42875	0.0999999999999659	TimeIntervals	Lick
204.76225000000002	0.09999999999999432	TimeIntervals	Lick
205.1955	0.06700000000000728	TimeIntervals	Lick
206.82925000000003	0.06674999999995634	TimeIntervals	Lick
207.26250000000002	0.10000000000002274	TimeIntervals	Lick
207.86275	0.06674999999998477	TimeIntervals	Lick
208.16275	0.10000000000005116	TimeIntervals	Lick
208.59625000000003	0.0999999999999659	TimeIntervals	Lick
208.72950000000003	0.06674999999998477	TimeIntervals	Lick
208.82950000000002	0.0999999999999659	TimeIntervals	Lick
208.96300000000002	0.09999999999999432	TimeIntervals	Lick
209.09625000000003	0.29999999999998295	TimeIntervals	Lick
209.4295	0.10000000000002274	TimeIntervals	Lick
209.56300000000002	0.1999999999999602	TimeIntervals	Lick
209.7965	0.20000000000001705	TimeIntervals	Lick
210.02974999999998	0.10000000000002274	TimeIntervals	Lick
210.16299999999998	0.09999999999999432	TimeIntervals	Lick
210.32975000000002	0.1999999999999602	TimeIntervals	Lick
210.56300000000002	0.0999999999999659	TimeIntervals	Lick
210.69650000000001	4.66749999999999	TimeIntervals	Lick
210.76325000000003	0.0999999999999659	TimeIntervals	Reward
215.39725	0.2667499999999734	TimeIntervals	Lick
215.69725	0.10000000000002274	TimeIntervals	Lick
215.83050000000003	0.0999999999999659	TimeIntervals	Lick
215.964	0.09999999999999432	TimeIntervals	Lick
216.1305	0.06674999999998477	TimeIntervals	Lick
216.39750000000004	0.0999999999999659	TimeIntervals	Lick
216.53074999999998	0.13325000000000387	TimeIntervals	Lick
216.6975	0.10000000000005116	TimeIntervals	Lick
216.864	0.09999999999999432	TimeIntervals	Lick
217.164	0.06675000000004161	TimeIntervals	Lick
217.29750000000004	0.1999999999999602	TimeIntervals	Lick
217.631	0.06649999999999068	TimeIntervals	Lick
217.76425	0.06675000000001319	TimeIntervals	Lick
217.931	0.03325000000000955	TimeIntervals	Lick
218.0975	0.06675000000001319	TimeIntervals	Lick
218.431	0.06674999999998477	TimeIntervals	Lick
218.6645	0.0665000000000191	TimeIntervals	Lick
218.79775	0.09999999999999432	TimeIntervals	Lick
219.26450000000003	0.06649999999999068	TimeIntervals	Lick
219.5645	0.09999999999999432	TimeIntervals	Lick
219.93125	0.06675000000001319	TimeIntervals	Lick
220.09799999999998	0.10000000000002274	TimeIntervals	Lick
220.6315	0.10000000000005116	TimeIntervals	Lick
221.36475000000002	0.09999999999999432	TimeIntervals	Lick
221.6315	0.10000000000005116	TimeIntervals	Lick
222.49825	0.09999999999999432	TimeIntervals	Lick
222.73150000000004	0.10024999999995998	TimeIntervals	Lick
223.53175	0.10000000000002274	TimeIntervals	Lick
224.032	0.09999999999999432	TimeIntervals	Lick
224.232	0.0665000000000191	TimeIntervals	Lick
224.5985	0.06675000000001319	TimeIntervals	Lick
225.89875	0.06674999999998477	TimeIntervals	Lick
226.4655	0.09999999999999432	TimeIntervals	Lick
227.799	0.10000000000002274	TimeIntervals	Lick
228.79925000000003	0.0999999999999659	TimeIntervals	Lick
229.59949999999998	0.10000000000002274	TimeIntervals	Lick
229.73275000000004	0.06675000000001319	TimeIntervals	Lick
229.83275000000003	0.0999999999999659	TimeIntervals	Lick
229.96600000000004	0.1999999999999602	TimeIntervals	Lick
230.1995	0.4335000000000093	TimeIntervals	Lick
230.66625	0.10000000000005116	TimeIntervals	Lick
230.79950000000005	0.06674999999998477	TimeIntervals	Lick
230.89950000000002	0.0999999999999659	TimeIntervals	Lick
231.033	0.10000000000002274	TimeIntervals	Lick
231.16625	0.10000000000005116	TimeIntervals	Lick
231.29950000000005	0.0999999999999659	TimeIntervals	Lick
231.433	0.09999999999999432	TimeIntervals	Lick
231.56625000000003	0.1002499999999884	TimeIntervals	Lick
231.69975000000002	0.09999999999999432	TimeIntervals	Lick
231.83300000000003	3.7339999999999804	TimeIntervals	Lick
231.83300000000003	0.0999999999999659	TimeIntervals	Reward
235.60025	0.23324999999999818	TimeIntervals	Lick
235.867	0.10000000000002274	TimeIntervals	Lick
236.0005	0.09999999999999432	TimeIntervals	Lick
236.13375	0.10000000000002274	TimeIntervals	Lick
236.26700000000002	0.0999999999999659	TimeIntervals	Lick
236.40050000000002	0.13324999999997544	TimeIntervals	Lick
236.567	0.5334999999999752	TimeIntervals	Lick
237.13400000000001	0.09999999999999432	TimeIntervals	Lick
237.26725000000002	0.10000000000002274	TimeIntervals	Lick
237.40050000000002	0.0999999999999659	TimeIntervals	Lick
237.534	0.13324999999997544	TimeIntervals	Lick
237.70049999999998	0.10000000000005116	TimeIntervals	Lick
237.834	0.10000000000002274	TimeIntervals	Lick
238.06725	0.13350000000002638	TimeIntervals	Lick
238.334	0.10000000000002274	TimeIntervals	Lick
238.50075	0.09999999999999432	TimeIntervals	Lick
238.6675	0.10000000000002274	TimeIntervals	Lick
238.80075	0.06675000000001319	TimeIntervals	Lick
238.90075000000004	0.0999999999999659	TimeIntervals	Lick
239.2675	0.03350000000000364	TimeIntervals	Lick
239.33425	0.20000000000001705	TimeIntervals	Lick
239.601	0.10000000000002274	TimeIntervals	Lick
239.73425	0.06675000000001319	TimeIntervals	Lick
239.8675	0.10000000000002274	TimeIntervals	Lick
240.00099999999998	0.10000000000002274	TimeIntervals	Lick
240.5345	0.09999999999999432	TimeIntervals	Lick
241.1345	0.10000000000002274	TimeIntervals	Lick
241.6345	0.10000000000002274	TimeIntervals	Lick
242.068	0.03325000000000955	TimeIntervals	Lick
242.36800000000005	0.09999999999993747	TimeIntervals	Lick
242.73475000000002	0.0999999999999659	TimeIntervals	Lick
243.468	0.10000000000002274	TimeIntervals	Lick
243.835	0.09999999999999432	TimeIntervals	Lick
244.80175000000003	0.09999999999999432	TimeIntervals	Lick
245.13500000000002	0.13350000000002638	TimeIntervals	Lick
246.23525000000004	0.06675000000001319	TimeIntervals	Lick
246.83525	0.06675000000001319	TimeIntervals	Lick
247.1355	0.10000000000005116	TimeIntervals	Lick
247.46875	0.06674999999998477	TimeIntervals	Lick
247.73550000000006	0.09999999999990905	TimeIntervals	Lick
247.86875000000003	0.0999999999999659	TimeIntervals	Lick
248.30225000000004	0.06674999999998477	TimeIntervals	Lick
248.6355	0.10000000000005116	TimeIntervals	Lick
250.46925	0.09999999999999432	TimeIntervals	Lick
250.63600000000002	0.06650000000004752	TimeIntervals	Lick
252.036	0.10000000000002274	TimeIntervals	Lick
252.16950000000003	0.06649999999999068	TimeIntervals	Lick
252.36950000000004	0.06649999999996226	TimeIntervals	Lick
252.50300000000001	0.10000000000002274	TimeIntervals	Lick
254.3365	0.10000000000002274	TimeIntervals	Lick
254.46974999999998	0.06674999999998477	TimeIntervals	Lick
254.56975000000003	0.10024999999995998	TimeIntervals	Lick
254.73649999999998	0.20000000000004547	TimeIntervals	Lick
254.97000000000003	0.06649999999993383	TimeIntervals	Lick
255.07	0.20000000000001705	TimeIntervals	Lick
255.30325000000002	0.06674999999998477	TimeIntervals	Lick
255.40324999999999	0.10000000000005116	TimeIntervals	Lick
255.53649999999996	0.20000000000001705	TimeIntervals	Lick
255.77	0.09999999999999432	TimeIntervals	Lick
255.90350000000004	0.09999999999999432	TimeIntervals	Lick
256.03675000000004	0.06674999999995634	TimeIntervals	Lick
256.13675	0.09999999999990905	TimeIntervals	Lick
256.2699999999999	0.10000000000002274	TimeIntervals	Lick
256.40349999999995	0.10000000000002274	TimeIntervals	Lick
256.53675000000004	0.0999999999999659	TimeIntervals	Lick
256.67	0.09999999999990905	TimeIntervals	Lick
256.8035	0.0999999999999659	TimeIntervals	Lick
256.93699999999995	2.900250000000085	TimeIntervals	Lick
256.93699999999995	0.03325000000000955	TimeIntervals	Reward
259.8705	0.0999999999999659	TimeIntervals	Lick
260.00399999999996	0.13350000000008322	TimeIntervals	Lick
260.17075000000006	0.0999999999999659	TimeIntervals	Lick
260.30400000000003	0.13349999999996953	TimeIntervals	Lick
260.47074999999995	0.0999999999999659	TimeIntervals	Lick
260.63750000000005	0.06649999999996226	TimeIntervals	Lick
260.73749999999995	0.1332500000000323	TimeIntervals	Lick
260.904	0.26675000000005866	TimeIntervals	Lick
261.50424999999996	0.10000000000002274	TimeIntervals	Lick
261.83750000000003	0.0999999999999659	TimeIntervals	Lick
262.23749999999995	0.13349999999996953	TimeIntervals	Lick
262.7045	0.10000000000002274	TimeIntervals	Lick
262.9044999999999	0.0665000000000191	TimeIntervals	Lick
263.3709999999999	0.10025000000001683	TimeIntervals	Lick
263.53799999999995	0.03325000000000955	TimeIntervals	Lick
263.8045	0.09999999999990905	TimeIntervals	Lick
264.1045	0.06675000000001319	TimeIntervals	Lick
264.47124999999994	0.10025000000001683	TimeIntervals	Lick
264.9715	0.06649999999996226	TimeIntervals	Lick
265.87149999999997	0.06675000000007003	TimeIntervals	Lick
266.13824999999997	0.06674999999995634	TimeIntervals	Lick
266.63824999999997	0.10025000000001683	TimeIntervals	Lick
266.90500000000003	0.0999999999999659	TimeIntervals	Lick
267.27175	0.0999999999999659	TimeIntervals	Lick
267.57175	0.10000000000002274	TimeIntervals	Lick
268.50525	0.06674999999995634	TimeIntervals	Lick
268.8385	0.10024999999995998	TimeIntervals	Lick
269.6055	0.0999999999999659	TimeIntervals	Lick
270.4055	0.0667499999998995	TimeIntervals	Lick
271.139	0.0999999999999659	TimeIntervals	Lick
272.306	0.0999999999999659	TimeIntervals	Lick
272.6725	0.03350000000000364	TimeIntervals	Lick
273.33950000000004	0.06649999999990541	TimeIntervals	Lick
274.33950000000004	0.09999999999990905	TimeIntervals	Lick
274.673	0.0665000000000191	TimeIntervals	Lick
274.80625000000003	0.0999999999999659	TimeIntervals	Lick
274.93949999999995	0.20000000000010232	TimeIntervals	Lick
275.173	0.19999999999998863	TimeIntervals	Lick
275.40625	0.20025000000003956	TimeIntervals	Lick
275.63975	0.0999999999999659	TimeIntervals	Lick
275.77299999999997	0.19999999999998863	TimeIntervals	Lick
276.00649999999996	0.10000000000007958	TimeIntervals	Lick
276.13975	0.23324999999999818	TimeIntervals	Lick
276.40650000000005	0.09999999999990905	TimeIntervals	Lick
276.53975	0.06675000000001319	TimeIntervals	Lick
276.64000000000004	0.09999999999990905	TimeIntervals	Lick
276.77324999999996	0.10000000000002274	TimeIntervals	Lick
276.90650000000005	0.09999999999990905	TimeIntervals	Lick
276.97325	0.09999999999990905	TimeIntervals	Reward
277.04	3.934000000000026	TimeIntervals	Lick
281.00725	0.10000000000002274	TimeIntervals	Lick
281.1405	0.13349999999996953	TimeIntervals	Lick
281.30725	0.10000000000002274	TimeIntervals	Lick
281.47400000000005	0.5	TimeIntervals	Lick
282.00725	0.13349999999996953	TimeIntervals	Lick
282.174	0.06675000000001319	TimeIntervals	Lick
282.27399999999994	0.6667500000000928	TimeIntervals	Lick
283.04075	0.13324999999997544	TimeIntervals	Lick
283.2074999999999	0.30000000000012506	TimeIntervals	Lick
283.541	0.10000000000002274	TimeIntervals	Lick
283.87424999999996	3.4672500000000355	TimeIntervals	Lick
287.4415000000001	0.23349999999987858	TimeIntervals	Lick
287.70825	0.4667499999999336	TimeIntervals	Lick
288.30825000000004	0.16674999999992224	TimeIntervals	Lick
288.50825000000003	0.3667499999999677	TimeIntervals	Lick
288.9085	0.0999999999999659	TimeIntervals	Lick
289.10850000000005	0.0999999999999659	TimeIntervals	Lick
289.24174999999997	0.10000000000007958	TimeIntervals	Lick
289.50849999999997	0.0665000000000191	TimeIntervals	Lick
289.64175	0.06675000000001319	TimeIntervals	Lick
289.8419999999999	0.10000000000007958	TimeIntervals	Lick
289.97524999999996	0.10000000000007958	TimeIntervals	Lick
290.10850000000005	0.0999999999999659	TimeIntervals	Lick
290.24199999999996	0.0999999999999659	TimeIntervals	Lick
290.4085	0.0999999999999659	TimeIntervals	Lick
290.542	0.1332500000000323	TimeIntervals	Lick
290.7085	0.0999999999999659	TimeIntervals	Lick
290.8419999999999	0.10000000000007958	TimeIntervals	Lick
290.97549999999995	0.1332500000000323	TimeIntervals	Lick
291.1755	0.033249999999952706	TimeIntervals	Lick
291.27549999999997	0.7667500000000018	TimeIntervals	Lick
292.1089999999999	0.06650000000007594	TimeIntervals	Lick
292.47549999999995	0.6000000000000227	TimeIntervals	Lick
293.24249999999995	0.10000000000007958	TimeIntervals	Lick
293.40900000000005	0.09999999999990905	TimeIntervals	Lick
293.6425	0.0999999999999659	TimeIntervals	Lick
293.7757499999999	0.06675000000012687	TimeIntervals	Lick
294.07574999999997	0.06675000000001319	TimeIntervals	Lick
294.5425	0.06675000000001319	TimeIntervals	Lick
294.80924999999996	0.7334999999999923	TimeIntervals	Lick
295.84275	0.06675000000001319	TimeIntervals	Lick
296.04274999999996	0.26675000000005866	TimeIntervals	Lick
296.343	0.23324999999994134	TimeIntervals	Lick
296.60949999999997	0.10000000000007958	TimeIntervals	Lick
297.40950000000004	0.10024999999995998	TimeIntervals	Lick
298.143	0.10000000000002274	TimeIntervals	Lick
298.27649999999994	0.06650000000007594	TimeIntervals	Lick
298.74325	0.033249999999952706	TimeIntervals	Lick
298.94325000000003	0.23324999999999818	TimeIntervals	Lick
299.21	0.10000000000007958	TimeIntervals	Lick
299.71	0.10000000000007958	TimeIntervals	Lick
301.077	0.10000000000002274	TimeIntervals	Lick
301.277	0.0665000000000191	TimeIntervals	Lick
301.37699999999995	0.20000000000004547	TimeIntervals	Lick
301.61025	0.06675000000001319	TimeIntervals	Lick
301.71025	0.10000000000002274	TimeIntervals	Lick
301.8435	0.10025000000007367	TimeIntervals	Lick
302.0104999999999	0.06650000000007594	TimeIntervals	Lick
302.1105	0.0999999999999659	TimeIntervals	Lick
302.24375000000003	0.0999999999999659	TimeIntervals	Lick
302.37699999999995	0.20000000000004547	TimeIntervals	Lick
302.6105	0.0999999999999659	TimeIntervals	Lick
302.74375000000003	0.1332499999999186	TimeIntervals	Lick
302.91049999999996	0.06675000000007003	TimeIntervals	Lick
303.0439999999999	0.23325000000005502	TimeIntervals	Lick
303.0439999999999	0.03325000000006639	TimeIntervals	Reward
303.31050000000005	0.5335000000000036	TimeIntervals	Lick
303.87725	0.20024999999998272	TimeIntervals	Lick
304.11075000000005	0.09999999999990905	TimeIntervals	Lick
304.24399999999997	0.6000000000000796	TimeIntervals	Lick
304.8775	0.23325000000005502	TimeIntervals	Lick
305.144	0.36700000000001864	TimeIntervals	Lick
305.5775	0.06675000000001319	TimeIntervals	Lick
305.6775	0.09999999999990905	TimeIntervals	Lick
305.811	0.8000000000000114	TimeIntervals	Lick
306.6445	0.13324999999997544	TimeIntervals	Lick
306.811	0.10000000000002274	TimeIntervals	Lick
307.0777499999999	0.06675000000007003	TimeIntervals	Lick
307.311	0.06700000000000728	TimeIntervals	Lick
307.61125000000004	0.06674999999995634	TimeIntervals	Lick
308.578	0.06675000000007003	TimeIntervals	Lick
308.74475	0.0999999999999659	TimeIntervals	Lick
308.878	0.06675000000001319	TimeIntervals	Lick
309.24475	0.06675000000007003	TimeIntervals	Lick
309.478	0.10024999999990314	TimeIntervals	Lick
310.41150000000005	0.1667499999998654	TimeIntervals	Lick
310.61150000000004	0.10024999999995998	TimeIntervals	Lick
311.14500000000004	0.0999999999999659	TimeIntervals	Lick
313.37874999999997	0.13324999999997544	TimeIntervals	Lick
314.11225	0.09999999999990905	TimeIntervals	Lick
315.41249999999997	0.0665000000000191	TimeIntervals	Lick
315.8125	0.0665000000000191	TimeIntervals	Lick
316.47925	0.0999999999999659	TimeIntervals	Lick
317.2124999999999	0.10025000000007367	TimeIntervals	Lick
318.713	0.0999999999999659	TimeIntervals	Lick
319.4465	0.06649999999996226	TimeIntervals	Lick
319.77975	0.0999999999999659	TimeIntervals	Lick
320.37974999999994	0.06675000000007003	TimeIntervals	Lick
321.2465	0.0999999999999659	TimeIntervals	Lick
322.14675000000005	0.0667499999998995	TimeIntervals	Lick
322.54675000000003	0.10000000000002274	TimeIntervals	Lick
323.947	0.0999999999999659	TimeIntervals	Lick
324.48049999999995	0.0665000000000191	TimeIntervals	Lick
324.847	0.10025000000007367	TimeIntervals	Lick
325.314	0.06649999999996226	TimeIntervals	Lick
325.8805	0.0999999999999659	TimeIntervals	Lick
326.04749999999996	0.06650000000007594	TimeIntervals	Lick
328.21450000000004	0.09999999999990905	TimeIntervals	Lick
329.78125	0.0999999999999659	TimeIntervals	Lick
329.91450000000003	0.06674999999995634	TimeIntervals	Lick
330.0145	0.10000000000002274	TimeIntervals	Lick
330.148	0.0665000000000191	TimeIntervals	Lick
330.248	0.0999999999999659	TimeIntervals	Lick
330.38149999999996	0.19999999999998863	TimeIntervals	Lick
330.61475	0.20000000000004547	TimeIntervals	Lick
330.84799999999996	0.10000000000002274	TimeIntervals	Lick
330.9815	0.0999999999999659	TimeIntervals	Lick
331.11475	0.06675000000001319	TimeIntervals	Lick
331.21475000000004	0.10000000000002274	TimeIntervals	Lick
331.34799999999996	0.23349999999999227	TimeIntervals	Lick
331.615	0.0999999999999659	TimeIntervals	Lick
331.74825	0.10000000000002274	TimeIntervals	Lick
331.88149999999996	0.2335000000000491	TimeIntervals	Lick
332.08149999999995	0.03350000000006048	TimeIntervals	Reward
332.14825	0.60024999999996	TimeIntervals	Lick
332.78175	0.19999999999998863	TimeIntervals	Lick
333.015	1.400250000000085	TimeIntervals	Lick
334.4485	0.2335000000000491	TimeIntervals	Lick
334.71524999999997	0.13350000000008322	TimeIntervals	Lick
334.88199999999995	0.23350000000010596	TimeIntervals	Lick
335.14874999999995	0.26675000000005866	TimeIntervals	Lick
335.44875	0.16675000000003593	TimeIntervals	Lick
335.7819999999999	0.10000000000002274	TimeIntervals	Lick
335.9155	0.1334999999999127	TimeIntervals	Lick
336.08224999999993	0.10000000000013642	TimeIntervals	Lick
336.249	0.06649999999996226	TimeIntervals	Lick
336.34900000000005	0.16649999999992815	TimeIntervals	Lick
336.649	0.0665000000000191	TimeIntervals	Lick
336.78225	0.06675000000007003	TimeIntervals	Lick
336.9825	0.09999999999990905	TimeIntervals	Lick
337.18250000000006	0.06649999999996226	TimeIntervals	Lick
337.78249999999997	0.10000000000002274	TimeIntervals	Lick
338.7159999999999	0.10000000000013642	TimeIntervals	Lick
339.44950000000006	0.03325000000000955	TimeIntervals	Lick
341.74974999999995	0.10000000000007958	TimeIntervals	Lick
342.3829999999999	0.06700000000012096	TimeIntervals	Lick
342.9165	0.06675000000001319	TimeIntervals	Lick
343.08324999999996	0.03325000000006639	TimeIntervals	Lick
343.28324999999995	0.0999999999999659	TimeIntervals	Lick
345.55025	0.0999999999999659	TimeIntervals	Lick
345.68350000000004	0.06699999999995043	TimeIntervals	Lick
345.78374999999994	0.10000000000002274	TimeIntervals	Lick
345.91700000000003	0.0999999999999659	TimeIntervals	Lick
346.0505	0.10000000000002274	TimeIntervals	Lick
346.18375	0.30000000000001137	TimeIntervals	Lick
346.517	0.10000000000002274	TimeIntervals	Lick
346.6505	0.0999999999999659	TimeIntervals	Lick
346.78374999999994	0.06675000000007003	TimeIntervals	Lick
346.884	0.0665000000000191	TimeIntervals	Lick
346.984	0.10000000000002274	TimeIntervals	Lick
347.11725	0.0999999999999659	TimeIntervals	Lick
347.2505	0.20000000000004547	TimeIntervals	Lick
347.484	0.23324999999999818	TimeIntervals	Lick
347.7505	0.10000000000002274	TimeIntervals	Lick
347.91725	0.06674999999995634	TimeIntervals	Lick
348.0175	0.10000000000002274	TimeIntervals	Lick
348.1175	0.0999999999999659	TimeIntervals	Reward
348.15074999999996	0.6332500000000323	TimeIntervals	Lick
348.8175000000001	0.19999999999987494	TimeIntervals	Lick
349.05100000000004	0.0999999999999659	TimeIntervals	Lick
349.18425	0.19999999999998863	TimeIntervals	Lick
349.4175000000001	0.09999999999990905	TimeIntervals	Lick
349.55100000000004	0.4664999999999395	TimeIntervals	Lick
350.05100000000004	0.0999999999999659	TimeIntervals	Lick
350.21775	0.06674999999995634	TimeIntervals	Lick
350.31775000000005	0.0999999999999659	TimeIntervals	Lick
350.451	0.10000000000002274	TimeIntervals	Lick
350.5845	0.19999999999998863	TimeIntervals	Lick
350.81775000000005	0.0999999999999659	TimeIntervals	Lick
350.951	0.10000000000002274	TimeIntervals	Lick
351.0845	0.10000000000002274	TimeIntervals	Lick
351.21775	0.10024999999995998	TimeIntervals	Lick
351.35125	0.36675000000002456	TimeIntervals	Lick
351.75125	0.23324999999999818	TimeIntervals	Lick
352.018	0.23325000000005502	TimeIntervals	Lick
352.2845	0.10025000000001683	TimeIntervals	Lick
352.41800000000006	0.09999999999990905	TimeIntervals	Lick
352.55150000000003	0.09999999999990905	TimeIntervals	Lick
352.68475	0.0999999999999659	TimeIntervals	Lick
352.818	0.10000000000007958	TimeIntervals	Lick
352.9515	0.10000000000002274	TimeIntervals	Lick
353.08474999999993	0.23325000000005502	TimeIntervals	Lick
353.35150000000004	0.0999999999999659	TimeIntervals	Lick
353.48499999999996	0.10000000000002274	TimeIntervals	Lick
353.65149999999994	0.10000000000002274	TimeIntervals	Lick
353.78499999999997	0.10000000000002274	TimeIntervals	Lick
353.91825	0.1332500000000323	TimeIntervals	Lick
354.25149999999996	0.10000000000007958	TimeIntervals	Lick
355.15175	0.0999999999999659	TimeIntervals	Lick
355.35175000000004	0.06675000000001319	TimeIntervals	Lick
355.5185	0.06649999999996226	TimeIntervals	Lick
355.81850000000003	0.10000000000002274	TimeIntervals	Lick
356.45200000000006	0.0999999999999659	TimeIntervals	Lick
356.81874999999997	0.10000000000002274	TimeIntervals	Lick
356.9855	0.23324999999999818	TimeIntervals	Lick
357.25199999999995	0.10000000000002274	TimeIntervals	Lick
358.21900000000005	0.1332499999999186	TimeIntervals	Lick
358.71900000000005	0.06649999999990541	TimeIntervals	Lick
359.08574999999996	0.13325000000008913	TimeIntervals	Lick
359.78575	0.0999999999999659	TimeIntervals	Lick
359.919	0.0999999999999659	TimeIntervals	Lick
360.05249999999995	0.10000000000007958	TimeIntervals	Lick
360.186	0.33325000000007776	TimeIntervals	Lick
360.55249999999995	0.06675000000007003	TimeIntervals	Lick
360.65250000000003	0.09999999999990905	TimeIntervals	Lick
360.78599999999994	0.20000000000010232	TimeIntervals	Lick
361.01925000000006	0.0667499999998995	TimeIntervals	Lick
361.1195000000001	0.09999999999985221	TimeIntervals	Lick
361.25274999999993	0.10000000000002274	TimeIntervals	Lick
361.38599999999997	0.10000000000007958	TimeIntervals	Lick
361.51950000000005	0.06649999999990541	TimeIntervals	Lick
361.6195000000001	0.13324999999986176	TimeIntervals	Lick
361.78599999999994	0.10000000000002274	TimeIntervals	Lick
361.9195	0.10000000000002274	TimeIntervals	Lick
362.05274999999995	0.10000000000007958	TimeIntervals	Lick
362.186	3.000500000000045	TimeIntervals	Lick
362.186	0.13350000000008322	TimeIntervals	Reward
365.21999999999997	0.10000000000002274	TimeIntervals	Lick
365.35324999999995	0.1332500000000323	TimeIntervals	Lick
365.52	0.10000000000002274	TimeIntervals	Lick
365.6535	0.3664999999999736	TimeIntervals	Lick
366.0535	0.23324999999999818	TimeIntervals	Lick
366.32	0.10000000000002274	TimeIntervals	Lick
366.4535000000001	0.09999999999990905	TimeIntervals	Lick
366.58675	0.10024999999995998	TimeIntervals	Lick
366.7202499999999	0.2667500000001155	TimeIntervals	Lick
367.02025	0.10000000000002274	TimeIntervals	Lick
367.1535	0.0999999999999659	TimeIntervals	Lick
367.2869999999999	0.10000000000007958	TimeIntervals	Lick
367.42025000000007	0.09999999999990905	TimeIntervals	Lick
367.5535	0.13349999999996953	TimeIntervals	Lick
367.72049999999996	0.10000000000002274	TimeIntervals	Lick
367.85375	0.10000000000002274	TimeIntervals	Lick
367.987	0.5	TimeIntervals	Lick
368.5205	0.06649999999996226	TimeIntervals	Lick
368.65375	0.06674999999995634	TimeIntervals	Lick
368.7869999999999	0.2002500000000964	TimeIntervals	Lick
369.05400000000003	0.06649999999996226	TimeIntervals	Lick
369.18724999999995	0.10000000000007958	TimeIntervals	Lick
369.3205	0.10000000000002274	TimeIntervals	Lick
369.454	0.10000000000002274	TimeIntervals	Lick
369.5872499999999	0.10000000000002274	TimeIntervals	Lick
369.72049999999996	0.13350000000002638	TimeIntervals	Lick
369.8875	0.0999999999999659	TimeIntervals	Lick
370.02074999999996	0.2667500000000018	TimeIntervals	Lick
370.354	0.10000000000002274	TimeIntervals	Lick
370.62075	0.0999999999999659	TimeIntervals	Lick
370.78749999999997	0.03325000000000955	TimeIntervals	Lick
371.221	0.10000000000002274	TimeIntervals	Lick
371.6875	0.0999999999999659	TimeIntervals	Lick
372.221	0.06674999999995634	TimeIntervals	Lick
372.3545	0.06650000000007594	TimeIntervals	Lick
372.48774999999995	0.0999999999999659	TimeIntervals	Lick
372.75449999999995	0.13325000000008913	TimeIntervals	Lick
373.0877499999999	0.06675000000012687	TimeIntervals	Lick
373.72124999999994	0.06675000000001319	TimeIntervals	Lick
374.188	0.13350000000002638	TimeIntervals	Lick
374.78799999999995	0.06675000000007003	TimeIntervals	Lick
375.6215	0.13349999999996953	TimeIntervals	Lick
376.1215	0.0999999999999659	TimeIntervals	Lick
376.355	0.0999999999999659	TimeIntervals	Lick
376.48850000000004	0.09999999999990905	TimeIntervals	Lick
376.62175	0.09999999999990905	TimeIntervals	Lick
376.755	0.10000000000002274	TimeIntervals	Lick
376.92175000000003	0.0999999999999659	TimeIntervals	Lick
377.6885	0.13350000000002638	TimeIntervals	Lick
377.85524999999996	0.10000000000007958	TimeIntervals	Lick
378.722	0.13349999999996953	TimeIntervals	Lick
380.95575	0.06674999999995634	TimeIntervals	Lick
382.38925	0.06675000000007003	TimeIntervals	Lick
382.5225	0.16675000000003593	TimeIntervals	Lick
383.4895	0.06649999999996226	TimeIntervals	Lick
384.823	0.10000000000007958	TimeIntervals	Lick
386.1565	0.10000000000002274	TimeIntervals	Lick
387.39000000000004	0.09999999999990905	TimeIntervals	Lick
388.12350000000004	0.0665000000000191	TimeIntervals	Lick
388.757	0.0999999999999659	TimeIntervals	Lick
388.89025	0.06675000000001319	TimeIntervals	Lick
388.99025	0.0999999999999659	TimeIntervals	Lick
389.12350000000004	0.09999999999990905	TimeIntervals	Lick
389.257	0.30000000000001137	TimeIntervals	Lick
389.59024999999997	0.10025000000001683	TimeIntervals	Lick
389.72375	0.06674999999995634	TimeIntervals	Lick
389.82375	0.10000000000007958	TimeIntervals	Lick
389.957	0.10000000000002274	TimeIntervals	Lick
390.09049999999996	0.19999999999998863	TimeIntervals	Lick
390.32375	0.10000000000007958	TimeIntervals	Lick
390.457	0.10000000000002274	TimeIntervals	Lick
390.59049999999996	0.10000000000002274	TimeIntervals	Lick
390.72375	0.20025000000003956	TimeIntervals	Lick
390.95725000000004	0.0999999999999659	TimeIntervals	Lick
391.09049999999996	0.10000000000002274	TimeIntervals	Lick
391.224	0.0999999999999659	TimeIntervals	Lick
391.29049999999995	0.03350000000000364	TimeIntervals	Reward
391.35724999999996	0.9002500000000282	TimeIntervals	Lick
392.29074999999995	0.20000000000004547	TimeIntervals	Lick
392.524	0.10000000000002274	TimeIntervals	Lick
392.65749999999997	0.20000000000004547	TimeIntervals	Lick
392.89074999999997	0.4667500000000473	TimeIntervals	Lick
393.391	0.0999999999999659	TimeIntervals	Lick
393.52425	0.13324999999997544	TimeIntervals	Lick
393.69100000000003	0.0999999999999659	TimeIntervals	Lick
393.82425	0.10000000000002274	TimeIntervals	Lick
393.9575	0.10000000000002274	TimeIntervals	Lick
394.0909999999999	0.26675000000005866	TimeIntervals	Lick
394.391	0.0999999999999659	TimeIntervals	Lick
394.5245	0.1332500000000323	TimeIntervals	Lick
394.69100000000003	0.2335000000000491	TimeIntervals	Lick
394.95775	0.0999999999999659	TimeIntervals	Lick
395.0909999999999	0.0670000000001778	TimeIntervals	Lick
395.2244999999999	0.06675000000007003	TimeIntervals	Lick
395.3245	0.36675000000002456	TimeIntervals	Lick
395.85799999999995	0.13325000000008913	TimeIntervals	Lick
396.1245	0.06675000000001319	TimeIntervals	Lick
396.2244999999999	0.10025000000013051	TimeIntervals	Lick
396.85799999999995	0.13350000000008322	TimeIntervals	Lick
397.0915	0.333500000000015	TimeIntervals	Lick
399.125	0.0999999999999659	TimeIntervals	Lick
400.3585	0.10000000000002274	TimeIntervals	Lick
401.45875	0.0999999999999659	TimeIntervals	Lick
402.7255	0.10000000000002274	TimeIntervals	Lick
402.859	0.10000000000002274	TimeIntervals	Lick
403.02574999999996	0.10000000000002274	TimeIntervals	Lick
403.159	0.10000000000002274	TimeIntervals	Lick
403.2925	0.19999999999998863	TimeIntervals	Lick
403.52574999999996	0.20000000000004547	TimeIntervals	Lick
403.759	0.0999999999999659	TimeIntervals	Lick
403.8925	0.19999999999998863	TimeIntervals	Lick
404.126	0.20000000000004547	TimeIntervals	Lick
404.35925000000003	0.0999999999999659	TimeIntervals	Lick
404.4925	0.06675000000001319	TimeIntervals	Lick
404.5925	0.10000000000002274	TimeIntervals	Lick
404.726	0.10000000000002274	TimeIntervals	Lick
404.85925000000003	0.0999999999999659	TimeIntervals	Lick
404.9925	0.10025000000001683	TimeIntervals	Lick
405.126	0.10000000000002274	TimeIntervals	Lick
405.25949999999995	1.2667500000000018	TimeIntervals	Lick
405.326	0.03350000000000364	TimeIntervals	Reward
406.5595	0.1999999999999318	TimeIntervals	Lick
406.79299999999995	0.33325000000007776	TimeIntervals	Lick
407.1595	0.4670000000000414	TimeIntervals	Lick
407.65975	0.23325000000005502	TimeIntervals	Lick
407.92650000000003	0.8000000000000114	TimeIntervals	Lick
408.76	0.39999999999997726	TimeIntervals	Lick
409.22650000000004	0.0999999999999659	TimeIntervals	Lick
409.35999999999996	0.10000000000002274	TimeIntervals	Lick
409.52675	0.033249999999952706	TimeIntervals	Lick
409.62675	0.10000000000002274	TimeIntervals	Lick
409.82675	0.16674999999997908	TimeIntervals	Lick
410.05999999999995	0.06675000000007003	TimeIntervals	Lick
410.19350000000003	0.2664999999999509	TimeIntervals	Lick
411.09349999999995	0.10000000000007958	TimeIntervals	Lick
411.52700000000004	0.06649999999990541	TimeIntervals	Lick
411.82700000000006	0.13350000000002638	TimeIntervals	Lick
412.19374999999997	0.16675000000003593	TimeIntervals	Lick
413.09399999999994	0.0665000000000191	TimeIntervals	Lick
414.82750000000004	0.0999999999999659	TimeIntervals	Lick
416.32775	0.10000000000002274	TimeIntervals	Lick
417.92800000000005	0.06649999999996226	TimeIntervals	Lick
420.3615	0.10025000000001683	TimeIntervals	Lick
421.4285	0.10000000000002274	TimeIntervals	Lick
424.66225000000003	0.06674999999995634	TimeIntervals	Lick
425.09575	0.09999999999990905	TimeIntervals	Lick
425.2625	0.03325000000000955	TimeIntervals	Lick
426.4292500000001	0.0999999999999659	TimeIntervals	Lick
427.4295	0.10000000000002274	TimeIntervals	Lick
428.06275	0.10025000000001683	TimeIntervals	Lick
428.19624999999996	0.06675000000001319	TimeIntervals	Lick
428.29625	0.10000000000002274	TimeIntervals	Lick
428.49625	0.0999999999999659	TimeIntervals	Lick
428.863	0.0999999999999659	TimeIntervals	Lick
428.99625	0.06675000000001319	TimeIntervals	Lick
429.09624999999994	0.3335000000001287	TimeIntervals	Lick
429.46299999999997	0.13349999999996953	TimeIntervals	Lick
429.62975000000006	0.09999999999990905	TimeIntervals	Lick
429.763	0.10000000000002274	TimeIntervals	Lick
429.8965	0.1332500000000323	TimeIntervals	Lick
430.263	0.10025000000001683	TimeIntervals	Lick
430.43	0.0665000000000191	TimeIntervals	Lick
430.56325	0.10000000000002274	TimeIntervals	Lick
430.6965	0.0999999999999659	TimeIntervals	Lick
430.83	0.0665000000000191	TimeIntervals	Lick
430.93	0.0999999999999659	TimeIntervals	Lick
431.09649999999993	0.06675000000007003	TimeIntervals	Lick
431.26324999999997	0.2335000000000491	TimeIntervals	Lick
431.53	0.10000000000002274	TimeIntervals	Lick
431.69675000000007	0.0999999999999659	TimeIntervals	Lick
431.83	0.10000000000002274	TimeIntervals	Lick
431.96349999999995	0.20000000000004547	TimeIntervals	Lick
432.19675000000007	0.0999999999999659	TimeIntervals	Lick
432.33	0.10000000000002274	TimeIntervals	Lick
432.36350000000004	0.09999999999990905	TimeIntervals	Reward
432.497	1.0332500000000095	TimeIntervals	Lick
433.5635	0.20024999999998272	TimeIntervals	Lick
433.79699999999997	0.10000000000007958	TimeIntervals	Lick
433.93050000000005	0.10000000000002274	TimeIntervals	Lick
434.06374999999997	0.10000000000002274	TimeIntervals	Lick
434.197	0.33350000000007185	TimeIntervals	Lick
434.56374999999997	0.10025000000007367	TimeIntervals	Lick
434.69725000000005	0.0999999999999659	TimeIntervals	Lick
434.83050000000003	0.10000000000002274	TimeIntervals	Lick
434.96399999999994	0.10000000000007958	TimeIntervals	Lick
435.09725	0.10000000000007958	TimeIntervals	Lick
435.23049999999995	0.10000000000007958	TimeIntervals	Lick
435.364	0.0999999999999659	TimeIntervals	Lick
435.49725	0.0999999999999659	TimeIntervals	Lick
435.6305	0.0999999999999659	TimeIntervals	Lick
435.7639999999999	0.7667500000001155	TimeIntervals	Lick
436.564	0.10000000000002274	TimeIntervals	Lick
436.69750000000005	0.09999999999990905	TimeIntervals	Lick
436.83075	0.10025000000001683	TimeIntervals	Lick
436.96425	0.10000000000002274	TimeIntervals	Lick
437.09749999999997	0.10000000000007958	TimeIntervals	Lick
437.231	0.10000000000007958	TimeIntervals	Lick
437.36424999999997	0.1332500000000323	TimeIntervals	Lick
437.59749999999997	0.06675000000007003	TimeIntervals	Lick
437.69750000000005	0.09999999999990905	TimeIntervals	Lick
437.8310000000001	0.13349999999996953	TimeIntervals	Lick
437.99775	0.0999999999999659	TimeIntervals	Lick
438.16450000000003	0.06649999999996226	TimeIntervals	Lick
438.26449999999994	0.10000000000007958	TimeIntervals	Lick
438.39775	0.26675000000005866	TimeIntervals	Lick
438.76449999999994	0.03325000000006639	TimeIntervals	Lick
439.26449999999994	0.10000000000007958	TimeIntervals	Lick
439.3980000000001	0.1332499999999186	TimeIntervals	Lick
439.59799999999996	0.06650000000007594	TimeIntervals	Lick
439.6979999999999	0.13325000000008913	TimeIntervals	Lick
439.8980000000001	0.0999999999999659	TimeIntervals	Lick
440.03125	0.06674999999995634	TimeIntervals	Lick
440.1979999999999	0.20000000000015916	TimeIntervals	Lick
440.9315000000001	0.09999999999985221	TimeIntervals	Lick
441.06474999999995	0.10000000000002274	TimeIntervals	Lick
441.2315	0.10000000000002274	TimeIntervals	Lick
441.49825	0.1332500000000323	TimeIntervals	Lick
441.665	0.0999999999999659	TimeIntervals	Lick
441.8315	0.06674999999995634	TimeIntervals	Lick
442.1315	0.0999999999999659	TimeIntervals	Lick
442.29825	0.10024999999995998	TimeIntervals	Lick
442.4985	0.0999999999999659	TimeIntervals	Lick
442.665	0.0999999999999659	TimeIntervals	Lick
442.83175	0.10000000000002274	TimeIntervals	Lick
442.9650000000001	0.09999999999985221	TimeIntervals	Lick
443.09849999999994	0.10000000000007958	TimeIntervals	Lick
443.23175	0.06675000000001319	TimeIntervals	Lick
443.33175	0.10000000000002274	TimeIntervals	Lick
443.4985	0.0999999999999659	TimeIntervals	Lick
443.73199999999997	0.0665000000000191	TimeIntervals	Lick
443.9320000000001	0.13324999999986176	TimeIntervals	Lick
444.4320000000001	0.06649999999990541	TimeIntervals	Lick
444.9655	0.0999999999999659	TimeIntervals	Lick
446.23224999999996	0.10000000000007958	TimeIntervals	Lick
448.03249999999997	0.10000000000002274	TimeIntervals	Lick
449.93275000000006	0.06674999999995634	TimeIntervals	Lick
450.06624999999997	0.10000000000002274	TimeIntervals	Lick
450.1995	0.20000000000004547	TimeIntervals	Lick
450.43300000000005	0.19999999999998863	TimeIntervals	Lick
450.66625	0.20000000000004547	TimeIntervals	Lick
450.89950000000005	0.19999999999987494	TimeIntervals	Lick
451.13300000000004	0.09999999999990905	TimeIntervals	Lick
451.2664999999999	0.06650000000013279	TimeIntervals	Lick
451.36650000000003	0.0999999999999659	TimeIntervals	Lick
451.49975	0.10000000000002274	TimeIntervals	Lick
451.63300000000004	0.09999999999990905	TimeIntervals	Lick
451.7664999999999	0.06650000000013279	TimeIntervals	Lick
451.86650000000003	0.0999999999999659	TimeIntervals	Lick
451.99975	0.10000000000002274	TimeIntervals	Lick
452.13300000000004	0.09999999999990905	TimeIntervals	Lick
452.2664999999999	0.10000000000013642	TimeIntervals	Lick
452.4	0.10000000000002274	TimeIntervals	Lick
452.43325	0.06675000000001319	TimeIntervals	Reward
452.53325	0.10000000000002274	TimeIntervals	Lick
452.6665	1.4002500000000282	TimeIntervals	Lick
454.09999999999997	0.10000000000002274	TimeIntervals	Lick
454.2335	0.10000000000002274	TimeIntervals	Lick
454.36675	0.10025000000001683	TimeIntervals	Lick
454.50025	0.5332500000000095	TimeIntervals	Lick
455.06699999999995	0.10000000000002274	TimeIntervals	Lick
455.20025	0.26675000000005866	TimeIntervals	Lick
455.50025	0.5667499999999563	TimeIntervals	Lick
456.13374999999996	0.13324999999997544	TimeIntervals	Lick
456.33375	0.06675000000007003	TimeIntervals	Lick
456.56699999999995	0.06700000000006412	TimeIntervals	Lick
456.93399999999997	0.13324999999997544	TimeIntervals	Lick
457.1005	0.06674999999995634	TimeIntervals	Lick
457.334	0.19999999999998863	TimeIntervals	Lick
458.5675	0.0665000000000191	TimeIntervals	Lick
459.20099999999996	0.06649999999996226	TimeIntervals	Lick
459.6675	0.06675000000001319	TimeIntervals	Lick
461.7345	0.06674999999995634	TimeIntervals	Lick
461.8345	0.10000000000002274	TimeIntervals	Lick
462.00125	0.0999999999999659	TimeIntervals	Lick
462.1345	0.06700000000000728	TimeIntervals	Lick
462.3015	0.0665000000000191	TimeIntervals	Lick
462.43475	0.06675000000001319	TimeIntervals	Lick
462.53475	0.10000000000007958	TimeIntervals	Lick
464.2015	0.0999999999999659	TimeIntervals	Lick
464.335	0.10000000000002274	TimeIntervals	Lick
464.4685	0.10000000000002274	TimeIntervals	Lick
464.63500000000005	0.06674999999995634	TimeIntervals	Lick
464.73499999999996	0.06675000000001319	TimeIntervals	Lick
464.8685	0.0665000000000191	TimeIntervals	Lick
464.9685	0.19999999999998863	TimeIntervals	Lick
465.20175	0.0999999999999659	TimeIntervals	Lick
465.335	0.06700000000006412	TimeIntervals	Lick
465.43525	0.10000000000002274	TimeIntervals	Lick
465.56850000000003	0.19999999999987494	TimeIntervals	Lick
465.802	0.10000000000002274	TimeIntervals	Lick
465.9685	0.10000000000002274	TimeIntervals	Lick
466.10200000000003	0.0999999999999659	TimeIntervals	Lick
466.23525	0.0999999999999659	TimeIntervals	Lick
466.3685	0.6334999999999695	TimeIntervals	Lick
466.4685	0.10024999999995998	TimeIntervals	Reward
467.03549999999996	0.19999999999998863	TimeIntervals	Lick
467.26874999999995	0.20000000000004547	TimeIntervals	Lick
467.50199999999995	0.333500000000015	TimeIntervals	Lick
467.86899999999997	0.0999999999999659	TimeIntervals	Lick
468.00225000000006	0.19999999999998863	TimeIntervals	Lick
468.23549999999994	0.10000000000002274	TimeIntervals	Lick
468.36899999999997	0.0999999999999659	TimeIntervals	Lick
468.50225000000006	0.20024999999998272	TimeIntervals	Lick
468.73574999999994	0.10000000000002274	TimeIntervals	Lick
468.86899999999997	0.0999999999999659	TimeIntervals	Lick
469.00250000000005	0.0999999999999659	TimeIntervals	Lick
469.13575000000003	0.09999999999990905	TimeIntervals	Lick
469.26899999999995	0.6002500000000737	TimeIntervals	Lick
469.9025	0.13349999999996953	TimeIntervals	Lick
470.06925	0.0999999999999659	TimeIntervals	Lick
470.20250000000004	0.1999999999999318	TimeIntervals	Lick
470.436	0.3664999999999736	TimeIntervals	Lick
470.83599999999996	0.10000000000002274	TimeIntervals	Lick
470.9695	0.10000000000002274	TimeIntervals	Lick
471.10274999999996	0.36675000000002456	TimeIntervals	Lick
471.50275000000005	0.09999999999990905	TimeIntervals	Lick
471.636	0.0999999999999659	TimeIntervals	Lick
471.7695	0.23349999999999227	TimeIntervals	Lick
472.03625	0.10000000000007958	TimeIntervals	Lick
472.16949999999997	0.10000000000002274	TimeIntervals	Lick
472.303	0.13324999999997544	TimeIntervals	Lick
472.4695	0.10000000000002274	TimeIntervals	Lick
472.60299999999995	0.16650000000004184	TimeIntervals	Lick
472.8695	0.06674999999995634	TimeIntervals	Lick
472.9695	0.7002499999999827	TimeIntervals	Lick
473.7365	0.0665000000000191	TimeIntervals	Lick
474.003	0.06674999999995634	TimeIntervals	Lick
474.2365	0.13350000000002638	TimeIntervals	Lick
474.6365	0.0999999999999659	TimeIntervals	Lick
474.96999999999997	0.0665000000000191	TimeIntervals	Lick
475.10324999999995	0.10000000000007958	TimeIntervals	Lick
475.2365	0.10025000000001683	TimeIntervals	Lick
475.4035	0.166499999999985	TimeIntervals	Lick
475.93674999999996	0.06675000000001319	TimeIntervals	Lick
476.23675000000003	0.23349999999999227	TimeIntervals	Lick
476.8035	0.06675000000001319	TimeIntervals	Lick
477.37025	0.13324999999997544	TimeIntervals	Lick
478.40375000000006	0.09999999999990905	TimeIntervals	Lick
478.704	0.10000000000002274	TimeIntervals	Lick
478.83725000000004	0.0999999999999659	TimeIntervals	Lick
478.9705000000001	0.06674999999995634	TimeIntervals	Lick
479.0705	0.19999999999998863	TimeIntervals	Lick
479.30400000000003	0.1999999999999318	TimeIntervals	Lick
479.53725000000003	0.23349999999993543	TimeIntervals	Lick
479.80400000000003	0.06674999999995634	TimeIntervals	Lick
479.90400000000005	0.1999999999999318	TimeIntervals	Lick
480.13750000000005	0.09999999999990905	TimeIntervals	Lick
480.27074999999996	0.3332500000000209	TimeIntervals	Lick
480.53749999999997	0.10000000000007958	TimeIntervals	Reward
480.63750000000005	4.633999999999901	TimeIntervals	Lick
485.305	0.0999999999999659	TimeIntervals	Lick
485.43825	0.10000000000002274	TimeIntervals	Lick
485.57149999999996	0.10000000000002274	TimeIntervals	Lick
485.705	0.10000000000002274	TimeIntervals	Lick
485.83825	0.0999999999999659	TimeIntervals	Lick
485.9715	0.23349999999999227	TimeIntervals	Lick
486.23825	0.10025000000001683	TimeIntervals	Lick
486.37175	0.7000000000000455	TimeIntervals	Lick
486.605	0.0999999999999659	TimeIntervals	Reward
487.105	0.9334999999999809	TimeIntervals	Lick
488.072	0.6000000000000227	TimeIntervals	Lick
488.7055	0.3332500000000209	TimeIntervals	Lick
489.072	0.1999999999999318	TimeIntervals	Lick
489.30549999999994	0.10000000000007958	TimeIntervals	Lick
489.43875	0.23349999999999227	TimeIntervals	Lick
489.739	0.06649999999996226	TimeIntervals	Lick
489.83900000000006	0.0999999999999659	TimeIntervals	Lick
489.97225	0.20000000000004547	TimeIntervals	Lick
490.2055	0.0999999999999659	TimeIntervals	Lick
490.33900000000006	0.0999999999999659	TimeIntervals	Lick
490.47225	0.0999999999999659	TimeIntervals	Lick
490.6055	0.10025000000001683	TimeIntervals	Lick
490.739	0.10000000000007958	TimeIntervals	Lick
490.87249999999995	0.10000000000007958	TimeIntervals	Lick
491.03900000000004	0.0667499999998995	TimeIntervals	Lick
491.139	0.06675000000001319	TimeIntervals	Lick
491.239	0.10000000000007958	TimeIntervals	Lick
491.37249999999995	0.20000000000004547	TimeIntervals	Lick
491.60574999999994	0.33350000000007185	TimeIntervals	Lick
491.9725	0.0999999999999659	TimeIntervals	Lick
492.106	0.0999999999999659	TimeIntervals	Lick
492.23924999999997	0.10000000000002274	TimeIntervals	Lick
492.37249999999995	0.10000000000007958	TimeIntervals	Lick
492.50600000000003	0.1999999999999318	TimeIntervals	Lick
492.73924999999997	0.10000000000002274	TimeIntervals	Lick
492.87249999999995	0.10025000000007367	TimeIntervals	Lick
493.0394999999999	0.10000000000007958	TimeIntervals	Lick
493.17274999999995	0.0999999999999659	TimeIntervals	Lick
493.306	0.10000000000007958	TimeIntervals	Lick
493.43949999999995	0.0999999999999659	TimeIntervals	Lick
493.57275000000004	0.5667499999999563	TimeIntervals	Lick
493.606	0.0999999999999659	TimeIntervals	Reward
494.173	0.1999999999999318	TimeIntervals	Lick
494.43949999999995	0.06675000000007003	TimeIntervals	Lick
494.5394999999999	0.10000000000007958	TimeIntervals	Lick
494.673	0.0999999999999659	TimeIntervals	Lick
494.80625	0.33350000000007185	TimeIntervals	Lick
495.173	0.0999999999999659	TimeIntervals	Lick
495.30649999999997	0.10000000000007958	TimeIntervals	Lick
495.43975000000006	0.33324999999990723	TimeIntervals	Lick
495.80649999999997	0.23324999999994134	TimeIntervals	Lick
496.0729999999999	0.10000000000007958	TimeIntervals	Lick
496.2065	0.20000000000004547	TimeIntervals	Lick
496.44000000000005	0.09999999999985221	TimeIntervals	Lick
496.57325	0.23324999999999818	TimeIntervals	Lick
496.87325	0.06675000000007003	TimeIntervals	Lick
496.97325	0.0999999999999659	TimeIntervals	Lick
497.1064999999999	0.10000000000007958	TimeIntervals	Lick
497.24	0.10000000000007958	TimeIntervals	Lick
497.3735	0.3332500000000209	TimeIntervals	Lick
497.74	0.10000000000007958	TimeIntervals	Lick
497.8735	0.10000000000007958	TimeIntervals	Lick
498.00675	0.0999999999999659	TimeIntervals	Lick
498.14	0.23349999999999227	TimeIntervals	Lick
498.407	0.0999999999999659	TimeIntervals	Lick
498.54024999999996	0.10000000000007958	TimeIntervals	Lick
498.6735	0.06675000000001319	TimeIntervals	Lick
498.8070000000001	0.19999999999987494	TimeIntervals	Lick
499.04024999999996	0.10000000000007958	TimeIntervals	Lick
499.207	0.10000000000007958	TimeIntervals	Lick
499.34025	0.10024999999995998	TimeIntervals	Lick
499.47375000000005	0.0999999999999659	TimeIntervals	Lick
499.607	0.0999999999999659	TimeIntervals	Lick
499.7405	0.10000000000007958	TimeIntervals	Lick
499.8737499999999	0.10000000000013642	TimeIntervals	Lick
500.00699999999995	0.2667500000000018	TimeIntervals	Lick
500.3070000000001	0.19999999999987494	TimeIntervals	Lick
500.54049999999995	0.13350000000008322	TimeIntervals	Lick
500.70725000000004	0.06674999999995634	TimeIntervals	Lick
500.80725	0.10000000000007958	TimeIntervals	Lick
500.9405	0.26675000000005866	TimeIntervals	Lick
501.2405	0.10000000000007958	TimeIntervals	Lick
501.3740000000001	0.0999999999999659	TimeIntervals	Lick
501.50725000000006	0.0999999999999659	TimeIntervals	Lick
501.64050000000003	0.20025000000003956	TimeIntervals	Lick
501.8740000000001	0.13349999999996953	TimeIntervals	Lick
502.04075	0.0999999999999659	TimeIntervals	Lick
502.17400000000004	0.333500000000015	TimeIntervals	Lick
502.54075	0.5002500000000509	TimeIntervals	Lick
503.07425000000006	0.0999999999999659	TimeIntervals	Lick
503.2074999999999	0.10000000000007958	TimeIntervals	Lick
503.341	0.10000000000007958	TimeIntervals	Lick
503.47425	0.1332500000000323	TimeIntervals	Lick
503.641	0.06649999999990541	TimeIntervals	Lick
503.741	0.13350000000002638	TimeIntervals	Lick
503.90775	0.0999999999999659	TimeIntervals	Lick
504.04100000000005	0.2999999999999545	TimeIntervals	Lick
504.3745	0.26650000000000773	TimeIntervals	Lick
504.741	0.06674999999995634	TimeIntervals	Lick
504.841	0.10000000000007958	TimeIntervals	Lick
505.0080000000001	0.23324999999994134	TimeIntervals	Lick
505.308	0.13324999999997544	TimeIntervals	Lick
505.5080000000001	0.1332499999999186	TimeIntervals	Lick
505.6745	0.0999999999999659	TimeIntervals	Lick
505.8745	0.16699999999997317	TimeIntervals	Lick
506.10799999999995	0.10000000000007958	TimeIntervals	Lick
506.24150000000003	0.13324999999997544	TimeIntervals	Lick
506.44149999999996	0.06650000000013279	TimeIntervals	Lick
506.5415	0.06649999999996226	TimeIntervals	Lick
507.0415	0.10000000000007958	TimeIntervals	Lick
507.40824999999995	0.10000000000007958	TimeIntervals	Lick
507.57499999999993	0.06650000000013279	TimeIntervals	Lick
507.8415	0.0999999999999659	TimeIntervals	Lick
508.17500000000007	0.09999999999985221	TimeIntervals	Lick
508.4085	0.13324999999997544	TimeIntervals	Lick
508.64175000000006	0.09999999999990905	TimeIntervals	Lick
508.9085	0.43350000000003774	TimeIntervals	Lick
509.542	0.06649999999996226	TimeIntervals	Lick
510.5755	0.06650000000007594	TimeIntervals	Lick
510.80875000000003	0.0999999999999659	TimeIntervals	Lick
510.9755	0.0999999999999659	TimeIntervals	Lick
511.10875	0.0999999999999659	TimeIntervals	Lick
511.2419999999999	0.10000000000013642	TimeIntervals	Lick
511.3755	0.19999999999998863	TimeIntervals	Lick
511.609	0.26650000000000773	TimeIntervals	Lick
511.909	0.10000000000002274	TimeIntervals	Lick
512.0422500000001	0.06674999999995634	TimeIntervals	Lick
512.14225	0.10000000000013642	TimeIntervals	Lick
512.2755000000001	0.09999999999990905	TimeIntervals	Lick
512.409	0.10000000000002274	TimeIntervals	Lick
512.5422500000001	0.10024999999995998	TimeIntervals	Lick
512.7090000000002	0.06674999999984266	TimeIntervals	Reward
512.7425	1.0335000000001173	TimeIntervals	Lick
513.80925	0.20000000000004547	TimeIntervals	Lick
514.0425	0.10000000000002274	TimeIntervals	Lick
514.1760000000002	0.09999999999990905	TimeIntervals	Lick
514.30925	0.10000000000002274	TimeIntervals	Lick
514.4425000000001	0.09999999999990905	TimeIntervals	Lick
514.576	0.10000000000013642	TimeIntervals	Lick
514.7092500000001	0.1002499999998463	TimeIntervals	Lick
514.84275	0.10000000000002274	TimeIntervals	Lick
514.976	0.10000000000002274	TimeIntervals	Lick
515.1095	0.10000000000002274	TimeIntervals	Lick
515.24275	0.10000000000002274	TimeIntervals	Lick
515.376	0.2335000000000491	TimeIntervals	Lick
515.64275	0.10000000000002274	TimeIntervals	Lick
515.7760000000001	0.09999999999990905	TimeIntervals	Lick
515.9095	0.13350000000002638	TimeIntervals	Lick
516.0762500000001	0.10000000000002274	TimeIntervals	Lick
516.2095	0.09999999999990905	TimeIntervals	Lick
516.343	0.23325000000011187	TimeIntervals	Lick
516.6095	0.10000000000002274	TimeIntervals	Lick
516.743	0.09999999999990905	TimeIntervals	Lick
516.8762499999999	0.4002500000001419	TimeIntervals	Lick
517.3097499999999	0.06675000000007003	TimeIntervals	Lick
517.443	0.13350000000014006	TimeIntervals	Lick
517.70975	0.09999999999990905	TimeIntervals	Lick
518.00975	0.10024999999995998	TimeIntervals	Lick
518.31	0.16650000000004184	TimeIntervals	Lick
518.51	0.10000000000002274	TimeIntervals	Lick
519.0432500000001	0.10000000000002274	TimeIntervals	Lick
519.37675	0.13324999999997544	TimeIntervals	Lick
519.61	0.10000000000013642	TimeIntervals	Lick
520.0435	0.10000000000002274	TimeIntervals	Lick
520.6435	0.06675000000007003	TimeIntervals	Lick
521.0435	0.10000000000002274	TimeIntervals	Lick
521.677	0.06674999999995634	TimeIntervals	Lick
521.877	0.10000000000013642	TimeIntervals	Lick
522.24375	0.10000000000002274	TimeIntervals	Lick
522.5440000000001	0.06649999999990541	TimeIntervals	Lick
522.8104999999999	0.06674999999995634	TimeIntervals	Lick
523.0772500000002	0.06674999999984266	TimeIntervals	Lick
523.5772500000002	0.06674999999984266	TimeIntervals	Lick
523.7107500000002	0.09999999999979536	TimeIntervals	Lick
524.2775000000001	0.06649999999990541	TimeIntervals	Lick
524.6775	0.10000000000013642	TimeIntervals	Lick
525.3774999999999	0.10000000000002274	TimeIntervals	Lick
525.511	0.10000000000002274	TimeIntervals	Lick
525.64425	0.10000000000002274	TimeIntervals	Lick
525.7775000000001	0.10024999999973261	TimeIntervals	Lick
525.911	0.20000000000004547	TimeIntervals	Lick
526.1445000000001	0.1999999999999318	TimeIntervals	Lick
526.3777499999999	0.10000000000013642	TimeIntervals	Lick
526.511	0.06675000000018372	TimeIntervals	Lick
526.611	0.10000000000013642	TimeIntervals	Lick
526.7445	0.10000000000002274	TimeIntervals	Lick
526.8777499999999	0.10025000000007367	TimeIntervals	Lick
527.01125	0.09999999999990905	TimeIntervals	Lick
527.1445000000001	0.09999999999990905	TimeIntervals	Lick
527.278	0.10000000000002274	TimeIntervals	Lick
527.41125	0.10000000000002274	TimeIntervals	Lick
527.5445	0.06674999999995634	TimeIntervals	Lick
527.6445000000001	0.09999999999990905	TimeIntervals	Lick
527.7445	0.10000000000002274	TimeIntervals	Reward
527.778	3.567250000000058	TimeIntervals	Lick
531.412	0.0665000000000191	TimeIntervals	Lick
531.64525	0.06675000000007003	TimeIntervals	Lick
531.7785000000001	0.06674999999995634	TimeIntervals	Lick
531.912	0.10000000000002274	TimeIntervals	Lick
532.0785	0.06675000000007003	TimeIntervals	Lick
532.2120000000001	0.23349999999993543	TimeIntervals	Lick
532.4787500000001	0.26674999999988813	TimeIntervals	Lick
532.7787500000001	0.09999999999990905	TimeIntervals	Lick
532.912	0.13350000000002638	TimeIntervals	Lick
533.07875	0.20000000000004547	TimeIntervals	Lick
533.3119999999999	0.13350000000014006	TimeIntervals	Lick
533.4790000000002	0.09999999999990905	TimeIntervals	Lick
533.6122500000001	0.13324999999986176	TimeIntervals	Lick
533.7790000000001	0.09999999999979536	TimeIntervals	Lick
533.91225	0.13325000000008913	TimeIntervals	Lick
534.1122500000001	0.4667499999999336	TimeIntervals	Lick
534.6125000000001	0.13324999999997544	TimeIntervals	Lick
534.7790000000001	0.09999999999979536	TimeIntervals	Lick
534.9124999999999	0.10000000000002274	TimeIntervals	Lick
535.2125000000001	0.0665000000000191	TimeIntervals	Lick
535.54575	0.10000000000013642	TimeIntervals	Lick
535.6790000000001	0.10025000000007367	TimeIntervals	Lick
536.0792500000001	0.06674999999995634	TimeIntervals	Lick
536.3124999999999	0.10000000000002274	TimeIntervals	Lick
536.4792500000001	0.10000000000002274	TimeIntervals	Lick
536.7795000000001	0.06649999999990541	TimeIntervals	Lick
536.9795	0.0665000000000191	TimeIntervals	Lick
537.41275	0.10000000000002274	TimeIntervals	Lick
537.8795	0.10000000000002274	TimeIntervals	Lick
538.4795	0.09999999999990905	TimeIntervals	Lick
538.6462500000001	0.09999999999990905	TimeIntervals	Lick
538.813	0.20000000000004547	TimeIntervals	Lick
539.0465	0.20000000000004547	TimeIntervals	Lick
539.27975	0.10000000000002274	TimeIntervals	Lick
539.413	0.10000000000002274	TimeIntervals	Lick
539.5465	0.10000000000013642	TimeIntervals	Lick
539.6797500000001	0.06674999999995634	TimeIntervals	Lick
539.77975	0.10000000000002274	TimeIntervals	Lick
539.913	0.10000000000002274	TimeIntervals	Lick
540.0465	0.10000000000013642	TimeIntervals	Lick
540.1800000000001	0.0665000000000191	TimeIntervals	Lick
540.2800000000001	0.10000000000002274	TimeIntervals	Lick
540.41325	0.10000000000002274	TimeIntervals	Lick
540.5465	0.10000000000013642	TimeIntervals	Lick
540.71325	0.06675000000007003	TimeIntervals	Lick
540.8132499999999	1.1002500000000737	TimeIntervals	Lick
540.8132499999999	0.06675000000018372	TimeIntervals	Reward
541.9467500000001	0.4335000000000946	TimeIntervals	Lick
542.4135	0.20000000000004547	TimeIntervals	Lick
542.647	0.1999999999999318	TimeIntervals	Lick
542.8802500000002	0.09999999999990905	TimeIntervals	Lick
543.0135	0.10000000000002274	TimeIntervals	Lick
543.147	0.36675000000002456	TimeIntervals	Lick
543.547	0.33350000000007185	TimeIntervals	Lick
543.9137499999999	0.10000000000013642	TimeIntervals	Lick
544.0805	0.10000000000002274	TimeIntervals	Lick
544.2137500000001	0.6002499999998463	TimeIntervals	Lick
544.84725	0.20000000000004547	TimeIntervals	Lick
545.114	0.10000000000002274	TimeIntervals	Lick
545.2805000000001	0.06674999999995634	TimeIntervals	Lick
545.414	0.0665000000000191	TimeIntervals	Lick
545.514	0.2999999999999545	TimeIntervals	Lick
546.0475	0.0665000000000191	TimeIntervals	Lick
546.314	0.10000000000013642	TimeIntervals	Lick
546.4807500000001	0.09999999999990905	TimeIntervals	Lick
546.9142499999999	0.10000000000013642	TimeIntervals	Lick
547.1142500000001	0.09999999999990905	TimeIntervals	Lick
547.3475	0.06674999999995634	TimeIntervals	Lick
547.5475	0.20000000000004547	TimeIntervals	Lick
547.84775	0.13324999999997544	TimeIntervals	Lick
548.0145000000001	0.13324999999997544	TimeIntervals	Lick
548.3810000000001	0.09999999999990905	TimeIntervals	Lick
548.6477500000001	0.16674999999997908	TimeIntervals	Lick
548.98125	0.10000000000002274	TimeIntervals	Lick
549.5812500000001	0.09999999999990905	TimeIntervals	Lick
550.0480000000001	0.4334999999999809	TimeIntervals	Lick
551.115	0.0665000000000191	TimeIntervals	Lick
551.2815000000002	0.09999999999990905	TimeIntervals	Lick
552.5150000000001	0.09999999999990905	TimeIntervals	Lick
552.7817500000001	0.06674999999984266	TimeIntervals	Lick
553.1485000000001	0.0665000000000191	TimeIntervals	Lick
553.2820000000003	0.09999999999979536	TimeIntervals	Lick
553.982	0.06650000000013279	TimeIntervals	Lick
554.1152500000001	0.06674999999995634	TimeIntervals	Lick
554.84875	0.10000000000002274	TimeIntervals	Lick
555.2487500000001	0.09999999999990905	TimeIntervals	Lick
555.6490000000001	0.09999999999990905	TimeIntervals	Lick
555.7822500000001	0.10000000000002274	TimeIntervals	Lick
555.9155000000001	0.10000000000002274	TimeIntervals	Lick
556.08225	0.06675000000007003	TimeIntervals	Lick
556.349	0.09999999999990905	TimeIntervals	Lick
556.5155000000001	0.06700000000000728	TimeIntervals	Lick
556.8157500000001	0.09999999999990905	TimeIntervals	Lick
557.4825	0.10000000000013642	TimeIntervals	Lick
557.6157499999999	0.10025000000007367	TimeIntervals	Lick
558.616	0.10000000000002274	TimeIntervals	Lick
559.08275	0.06675000000007003	TimeIntervals	Lick
559.6495000000001	0.033249999999952706	TimeIntervals	Lick
559.7495	0.10000000000013642	TimeIntervals	Lick
561.3165	0.06650000000013279	TimeIntervals	Lick
561.8165	0.06650000000013279	TimeIntervals	Lick
562.0832500000001	0.06674999999995634	TimeIntervals	Lick
562.8832500000001	0.06674999999995634	TimeIntervals	Lick
563.1165000000001	1.0002499999998236	TimeIntervals	Lick
564.1500000000001	0.06674999999995634	TimeIntervals	Lick
564.2835000000001	0.06674999999995634	TimeIntervals	Lick
564.5835000000001	0.10000000000013642	TimeIntervals	Lick
565.5169999999999	0.06675000000018372	TimeIntervals	Lick
565.6837500000001	0.06674999999995634	TimeIntervals	Lick
565.7837500000002	0.09999999999990905	TimeIntervals	Lick
565.9505	0.10000000000002274	TimeIntervals	Lick
566.0837500000001	0.10000000000002274	TimeIntervals	Lick
566.3837500000001	0.06674999999995634	TimeIntervals	Lick
566.6505000000001	0.06674999999995634	TimeIntervals	Lick
566.7505000000001	0.09999999999990905	TimeIntervals	Lick
566.884	0.10000000000002274	TimeIntervals	Lick
567.0172499999999	0.0667500000002974	TimeIntervals	Lick
567.11725	0.10000000000002274	TimeIntervals	Lick
567.2505000000001	0.09999999999990905	TimeIntervals	Lick
567.384	0.10000000000002274	TimeIntervals	Lick
567.5172499999999	0.10025000000007367	TimeIntervals	Lick
567.65075	0.10000000000002274	TimeIntervals	Lick
567.7840000000001	0.09999999999990905	TimeIntervals	Lick
567.95075	0.10000000000013642	TimeIntervals	Lick
568.0840000000002	0.09999999999990905	TimeIntervals	Lick
568.2175000000001	0.10000000000002274	TimeIntervals	Lick
568.3507500000001	0.09999999999990905	TimeIntervals	Lick
568.484	0.2002500000002101	TimeIntervals	Lick
568.7175000000001	0.13350000000002638	TimeIntervals	Lick
568.8510000000001	0.09999999999979536	TimeIntervals	Reward
568.8842500000001	0.7332499999998845	TimeIntervals	Lick
569.651	0.10000000000002274	TimeIntervals	Lick
569.7845000000002	0.33324999999979354	TimeIntervals	Lick
570.151	0.10000000000002274	TimeIntervals	Lick
570.2845000000002	0.1999999999998181	TimeIntervals	Lick
570.51775	0.20000000000015916	TimeIntervals	Lick
570.751	0.10025000000018736	TimeIntervals	Lick
570.8845000000001	0.09999999999990905	TimeIntervals	Lick
571.018	0.10000000000002274	TimeIntervals	Lick
571.1512500000001	0.09999999999990905	TimeIntervals	Lick
571.2845000000002	0.1999999999998181	TimeIntervals	Lick
571.518	0.10000000000002274	TimeIntervals	Lick
571.6512500000001	0.23324999999999818	TimeIntervals	Lick
571.9179999999999	0.33350000000007185	TimeIntervals	Lick
572.2847500000001	0.09999999999990905	TimeIntervals	Lick
572.4179999999999	0.2335000000001628	TimeIntervals	Lick
572.6847500000001	0.10000000000002274	TimeIntervals	Lick
572.8180000000001	0.1334999999999127	TimeIntervals	Lick
572.9847500000001	0.20024999999998272	TimeIntervals	Lick
573.21825	0.2667500000000018	TimeIntervals	Lick
573.51825	0.10000000000002274	TimeIntervals	Lick
573.6515	0.09999999999990905	TimeIntervals	Lick
573.785	0.10000000000013642	TimeIntervals	Lick
573.9182500000001	0.09999999999990905	TimeIntervals	Lick
574.0515	0.33350000000007185	TimeIntervals	Lick
574.5184999999999	0.06650000000024647	TimeIntervals	Lick
574.985	0.13350000000002638	TimeIntervals	Lick
575.2185000000001	0.06675000000007003	TimeIntervals	Lick
575.38525	0.10000000000002274	TimeIntervals	Lick
575.552	0.10000000000002274	TimeIntervals	Lick
575.88525	0.06674999999995634	TimeIntervals	Lick
576.0184999999999	0.10000000000013642	TimeIntervals	Lick
576.2520000000001	0.10000000000013642	TimeIntervals	Lick
576.6855	0.10000000000002274	TimeIntervals	Lick
577.3855000000001	0.10000000000002274	TimeIntervals	Lick
577.7855000000001	0.06675000000007003	TimeIntervals	Lick
578.7525	0.10000000000002274	TimeIntervals	Lick
578.919	0.10000000000002274	TimeIntervals	Reward
579.019	0.9002499999999145	TimeIntervals	Lick
579.9525000000001	0.20000000000004547	TimeIntervals	Lick
580.186	0.33324999999990723	TimeIntervals	Lick
580.5525	0.4335000000000946	TimeIntervals	Lick
581.0195	0.46650000000011005	TimeIntervals	Lick
581.5195	0.20000000000015916	TimeIntervals	Lick
581.7527500000001	0.10024999999995998	TimeIntervals	Lick
581.8862500000001	0.1999999999999318	TimeIntervals	Lick
582.1195	0.10000000000013642	TimeIntervals	Lick
582.2530000000002	0.09999999999990905	TimeIntervals	Lick
582.3862500000001	0.2332499999998845	TimeIntervals	Lick
582.653	0.33350000000007185	TimeIntervals	Lick
583.01975	0.09999999999990905	TimeIntervals	Lick
583.153	0.4667499999999336	TimeIntervals	Lick
583.653	0.10000000000013642	TimeIntervals	Lick
583.7865	0.10000000000002274	TimeIntervals	Lick
583.9197499999999	0.10025000000007367	TimeIntervals	Lick
584.0532499999999	0.10000000000013642	TimeIntervals	Lick
584.1865	0.10000000000002274	TimeIntervals	Lick
584.3532500000001	0.06674999999984266	TimeIntervals	Lick
584.45325	0.09999999999990905	TimeIntervals	Lick
584.62	0.10000000000002274	TimeIntervals	Lick
584.7532500000001	0.10000000000002274	TimeIntervals	Lick
584.95325	0.06674999999995634	TimeIntervals	Lick
585.0532499999999	0.2335000000000491	TimeIntervals	Lick
585.5867500000002	0.09999999999990905	TimeIntervals	Lick
586.0867500000002	0.06674999999984266	TimeIntervals	Lick
586.2202500000001	0.06675000000007003	TimeIntervals	Lick
586.687	0.10000000000013642	TimeIntervals	Lick
586.8870000000001	0.06649999999990541	TimeIntervals	Lick
587.0535	0.10000000000002274	TimeIntervals	Lick
587.2870000000001	0.09999999999990905	TimeIntervals	Lick
587.4205	0.20000000000004547	TimeIntervals	Lick
587.65375	0.10000000000013642	TimeIntervals	Lick
587.7870000000001	0.09999999999990905	TimeIntervals	Lick
587.9205	0.10000000000002274	TimeIntervals	Lick
588.05375	0.23325000000011187	TimeIntervals	Lick
588.3205000000002	0.09999999999979536	TimeIntervals	Lick
588.454	0.10000000000013642	TimeIntervals	Lick
588.58725	0.10000000000002274	TimeIntervals	Lick
588.7205	0.06674999999995634	TimeIntervals	Lick
588.8205000000002	0.09999999999979536	TimeIntervals	Lick
588.954	2.7670000000000528	TimeIntervals	Lick
588.954	0.03325000000018008	TimeIntervals	Reward
591.7545	0.10000000000013642	TimeIntervals	Lick
591.88775	0.10000000000002274	TimeIntervals	Lick
592.021	0.39999999999997726	TimeIntervals	Lick
592.4544999999999	0.13325000000020282	TimeIntervals	Lick
592.6210000000001	0.09999999999990905	TimeIntervals	Lick
592.788	0.16649999999992815	TimeIntervals	Lick
593.0212499999999	0.06675000000018372	TimeIntervals	Lick
593.1545000000001	0.1667499999998654	TimeIntervals	Lick
593.3880000000001	0.09999999999990905	TimeIntervals	Lick
593.5212499999999	0.13325000000020282	TimeIntervals	Lick
593.72125	0.09999999999990905	TimeIntervals	Lick
593.8545000000001	0.1334999999999127	TimeIntervals	Lick
594.3215	0.3332500000000209	TimeIntervals	Lick
595.555	0.06650000000013279	TimeIntervals	Lick
595.6882499999999	0.06675000000018372	TimeIntervals	Lick
595.9549999999999	0.03325000000018008	TimeIntervals	Lick
596.2885000000001	0.13324999999986176	TimeIntervals	Lick
596.9885	0.09999999999990905	TimeIntervals	Lick
597.3552500000001	0.06674999999984266	TimeIntervals	Lick
597.4885	0.06674999999984266	TimeIntervals	Lick
597.5885	0.3000000000001819	TimeIntervals	Lick
598.7555000000001	0.10000000000002274	TimeIntervals	Lick
598.8887500000001	0.09999999999990905	TimeIntervals	Lick
599.0554999999999	0.10000000000013642	TimeIntervals	Lick
599.7890000000002	0.09999999999990905	TimeIntervals	Lick
600.589	0.09999999999990905	TimeIntervals	Lick
601.2225	0.06650000000024647	TimeIntervals	Lick
601.3557500000001	0.23324999999999818	TimeIntervals	Lick
601.6225000000001	0.06674999999995634	TimeIntervals	Lick
601.7225	0.06675000000007003	TimeIntervals	Lick
602.2225	0.06675000000007003	TimeIntervals	Lick
603.22275	0.06675000000007003	TimeIntervals	Lick
603.4895	0.10000000000002274	TimeIntervals	Lick
604.023	0.10000000000002274	TimeIntervals	Lick
604.1562500000001	0.10000000000002274	TimeIntervals	Lick
604.7895000000001	0.10025000000018736	TimeIntervals	Lick
605.223	0.06675000000018372	TimeIntervals	Lick
605.3565000000001	0.23324999999999818	TimeIntervals	Lick
606.49	0.0665000000000191	TimeIntervals	Lick
606.82325	0.06675000000018372	TimeIntervals	Lick
606.99	0.13350000000002638	TimeIntervals	Lick
607.5235	0.10000000000002274	TimeIntervals	Lick
608.3235	0.10000000000002274	TimeIntervals	Lick
608.6235	0.06675000000007003	TimeIntervals	Lick
608.857	0.0665000000000191	TimeIntervals	Lick
609.6570000000002	0.6999999999998181	TimeIntervals	Lick
610.5905	0.06675000000007003	TimeIntervals	Lick
610.6905000000002	0.06674999999995634	TimeIntervals	Lick
610.824	0.06650000000013279	TimeIntervals	Lick
611.35725	0.10024999999995998	TimeIntervals	Lick
611.7907500000001	0.13324999999997544	TimeIntervals	Lick
613.52425	0.10000000000002274	TimeIntervals	Lick
613.6910000000001	0.03350000000000364	TimeIntervals	Lick
613.8245000000001	0.23324999999999818	TimeIntervals	Lick
614.091	0.20000000000015916	TimeIntervals	Lick
614.3245000000001	0.0665000000000191	TimeIntervals	Lick
614.4245	0.20000000000004547	TimeIntervals	Lick
614.6577500000003	0.20024999999975535	TimeIntervals	Lick
614.8912500000001	0.09999999999990905	TimeIntervals	Lick
615.0245	0.20000000000015916	TimeIntervals	Lick
615.2580000000002	0.09999999999990905	TimeIntervals	Lick
615.3912500000001	0.09999999999990905	TimeIntervals	Lick
615.5245	0.10000000000002274	TimeIntervals	Lick
615.6580000000001	0.0665000000000191	TimeIntervals	Lick
615.7912500000002	0.06674999999984266	TimeIntervals	Lick
615.9247500000001	3.2337499999999864	TimeIntervals	Lick
615.958	0.06675000000007003	TimeIntervals	Reward
619.192	0.2664999999999509	TimeIntervals	Lick
619.492	0.13324999999997544	TimeIntervals	Lick
619.6585000000001	0.06674999999995634	TimeIntervals	Lick
619.7585	0.13350000000002638	TimeIntervals	Lick
619.9585	0.06675000000018372	TimeIntervals	Lick
620.0920000000001	0.03324999999983902	TimeIntervals	Lick
620.2252500000001	0.13350000000002638	TimeIntervals	Lick
620.75875	0.06675000000018372	TimeIntervals	Lick
621.39225	0.06674999999995634	TimeIntervals	Lick
621.7922500000002	0.06674999999984266	TimeIntervals	Lick
622.09225	0.23325000000011187	TimeIntervals	Lick
622.9925	0.06650000000013279	TimeIntervals	Lick
623.1590000000001	0.09999999999990905	TimeIntervals	Lick
623.2925000000001	0.06649999999990541	TimeIntervals	Lick
623.926	0.09999999999990905	TimeIntervals	Lick
624.3925	0.06674999999995634	TimeIntervals	Lick
624.5592500000002	0.1334999999999127	TimeIntervals	Lick
626.52625	0.06674999999995634	TimeIntervals	Lick
626.95975	0.10000000000013642	TimeIntervals	Lick
628.2265000000001	0.10000000000002274	TimeIntervals	Lick
629.7935	0.10000000000002274	TimeIntervals	Lick
632.8272500000002	0.09999999999979536	TimeIntervals	Lick
634.5942500000001	0.06674999999984266	TimeIntervals	Lick
635.061	0.0665000000000191	TimeIntervals	Lick
636.0945000000002	0.06649999999979173	TimeIntervals	Lick
636.22775	0.06674999999995634	TimeIntervals	Lick
636.7945	0.06675000000007003	TimeIntervals	Lick
637.1280000000002	0.06649999999990541	TimeIntervals	Lick
637.3945000000001	0.06674999999984266	TimeIntervals	Lick
637.6280000000002	0.09999999999990905	TimeIntervals	Lick
638.7615	0.10000000000025011	TimeIntervals	Lick
640.2950000000001	0.06675000000007003	TimeIntervals	Lick
641.095	0.10025000000007367	TimeIntervals	Lick
641.49525	0.10000000000002274	TimeIntervals	Lick
641.6285000000001	0.06674999999995634	TimeIntervals	Lick
641.7620000000001	0.10000000000002274	TimeIntervals	Lick
641.89525	0.10000000000002274	TimeIntervals	Lick
642.0284999999999	0.13350000000025375	TimeIntervals	Lick
642.7620000000001	0.10000000000002274	TimeIntervals	Lick
642.8955000000001	0.09999999999990905	TimeIntervals	Lick
643.02875	0.10000000000013642	TimeIntervals	Lick
643.1620000000001	0.09999999999990905	TimeIntervals	Lick
643.2955000000001	0.10000000000002274	TimeIntervals	Lick
643.4290000000001	0.06649999999990541	TimeIntervals	Lick
643.529	0.10000000000002274	TimeIntervals	Lick
643.66225	0.10000000000013642	TimeIntervals	Lick
643.7955000000001	0.10000000000002274	TimeIntervals	Lick
643.9290000000001	0.09999999999990905	TimeIntervals	Lick
644.0955	0.06674999999995634	TimeIntervals	Lick
644.2290000000002	0.1999999999999318	TimeIntervals	Lick
644.4625000000001	0.09999999999990905	TimeIntervals	Lick
644.5957500000001	0.20000000000004547	TimeIntervals	Lick
644.8290000000001	0.10000000000002274	TimeIntervals	Lick
644.9625000000001	0.09999999999990905	TimeIntervals	Lick
645.029	0.10000000000002274	TimeIntervals	Reward
645.0957500000001	0.5002499999999372	TimeIntervals	Lick
645.62925	0.7000000000001592	TimeIntervals	Lick
646.3625000000001	0.1999999999999318	TimeIntervals	Lick
646.596	0.10000000000002274	TimeIntervals	Lick
646.7295	0.10000000000013642	TimeIntervals	Lick
646.8627500000001	0.4667500000000473	TimeIntervals	Lick
647.3627500000001	1.1334999999999127	TimeIntervals	Lick
648.5295000000001	0.09999999999990905	TimeIntervals	Lick
648.663	0.10000000000013642	TimeIntervals	Lick
648.7965	0.10000000000002274	TimeIntervals	Lick
648.92975	0.10000000000002274	TimeIntervals	Lick
649.0630000000001	0.09999999999990905	TimeIntervals	Lick
649.1965	0.10000000000002274	TimeIntervals	Lick
649.3297500000001	0.09999999999990905	TimeIntervals	Lick
649.4630000000001	0.10000000000002274	TimeIntervals	Lick
649.5965	0.26650000000017826	TimeIntervals	Lick
649.8965000000001	0.10000000000002274	TimeIntervals	Lick
650.0300000000001	0.13324999999986176	TimeIntervals	Lick
650.23	0.33324999999990723	TimeIntervals	Lick
650.6300000000001	0.06649999999990541	TimeIntervals	Lick
650.7632500000001	0.10000000000013642	TimeIntervals	Lick
651.33	0.09999999999990905	TimeIntervals	Lick
651.59675	0.10000000000002274	TimeIntervals	Lick
651.73	0.10000000000002274	TimeIntervals	Lick
651.8635000000003	0.09999999999968168	TimeIntervals	Lick
652.0300000000001	0.10025000000007367	TimeIntervals	Lick
652.1635	0.10000000000002274	TimeIntervals	Lick
652.297	0.10000000000002274	TimeIntervals	Lick
652.4635	0.10000000000002274	TimeIntervals	Lick
652.6635	0.06675000000007003	TimeIntervals	Lick
652.8635000000003	0.09999999999968168	TimeIntervals	Lick
654.197	0.10000000000002274	TimeIntervals	Lick
654.6305000000001	0.13350000000002638	TimeIntervals	Lick
655.2305000000001	0.09999999999990905	TimeIntervals	Lick
655.4975	0.06649999999990541	TimeIntervals	Lick
655.5975	0.13325000000008913	TimeIntervals	Lick
655.7640000000001	0.06674999999995634	TimeIntervals	Lick
655.8975000000002	0.1999999999998181	TimeIntervals	Lick
656.1307500000001	0.09999999999990905	TimeIntervals	Lick
656.2640000000001	0.10000000000002274	TimeIntervals	Lick
656.3975000000002	0.06649999999990541	TimeIntervals	Lick
656.4975	0.13350000000002638	TimeIntervals	Lick
656.66425	0.10000000000002274	TimeIntervals	Lick
656.7975	0.10000000000013642	TimeIntervals	Lick
656.931	0.1999999999999318	TimeIntervals	Lick
657.16425	0.13324999999997544	TimeIntervals	Lick
657.331	0.23324999999999818	TimeIntervals	Lick
657.5975	0.33350000000007185	TimeIntervals	Lick
657.9645	0.09999999999990905	TimeIntervals	Lick
658.0977499999999	0.10000000000013642	TimeIntervals	Lick
658.231	0.06675000000007003	TimeIntervals	Lick
658.331	0.10000000000002274	TimeIntervals	Lick
658.4645	0.13324999999986176	TimeIntervals	Lick
658.631	0.06700000000012096	TimeIntervals	Lick
658.7312499999999	0.10000000000013642	TimeIntervals	Lick
658.8645	0.10000000000002274	TimeIntervals	Lick
658.998	0.09999999999990905	TimeIntervals	Lick
659.1980000000001	0.0665000000000191	TimeIntervals	Lick
659.6980000000001	0.1334999999999127	TimeIntervals	Lick
659.9315	0.09999999999990905	TimeIntervals	Lick
660.06475	0.10000000000002274	TimeIntervals	Lick
660.098	0.03350000000000364	TimeIntervals	Reward
660.2980000000001	0.06674999999995634	TimeIntervals	Lick
660.398	0.5002500000001646	TimeIntervals	Lick
660.9315	0.09999999999990905	TimeIntervals	Lick
661.065	0.20000000000004547	TimeIntervals	Lick
661.29825	0.20000000000004547	TimeIntervals	Lick
661.5314999999999	0.10000000000002274	TimeIntervals	Lick
661.6650000000001	0.10000000000002274	TimeIntervals	Lick
661.79825	0.10000000000013642	TimeIntervals	Lick
661.9315	0.20024999999998272	TimeIntervals	Lick
662.1650000000001	0.10000000000002274	TimeIntervals	Lick
662.2985000000001	0.09999999999990905	TimeIntervals	Lick
662.4317500000001	0.10000000000002274	TimeIntervals	Lick
662.565	0.10000000000002274	TimeIntervals	Lick
662.6985	0.10000000000013642	TimeIntervals	Lick
662.8317499999999	0.10000000000013642	TimeIntervals	Lick
662.965	0.1334999999999127	TimeIntervals	Lick
663.1320000000001	0.09999999999990905	TimeIntervals	Lick
663.26525	0.2667500000000018	TimeIntervals	Lick
663.5652500000001	0.09999999999990905	TimeIntervals	Lick
663.732	0.06650000000013279	TimeIntervals	Lick
663.9985000000001	0.1334999999999127	TimeIntervals	Lick
664.232	0.10000000000013642	TimeIntervals	Lick
664.3987500000001	0.09999999999990905	TimeIntervals	Lick
664.532	0.10000000000002274	TimeIntervals	Lick
664.6655000000001	0.06649999999990541	TimeIntervals	Lick
664.79875	0.06675000000007003	TimeIntervals	Lick
665.19875	0.10025000000018736	TimeIntervals	Lick
665.33225	0.09999999999990905	TimeIntervals	Lick
665.4655	0.10000000000013642	TimeIntervals	Lick
665.599	0.10000000000002274	TimeIntervals	Lick
665.7655000000001	0.06674999999995634	TimeIntervals	Lick
665.8655000000001	0.09999999999990905	TimeIntervals	Lick
666.0322500000001	0.10000000000002274	TimeIntervals	Lick
666.1655000000001	0.20000000000004547	TimeIntervals	Lick
666.4657500000001	0.09999999999990905	TimeIntervals	Lick
666.6325	0.09999999999990905	TimeIntervals	Lick
666.7657500000001	0.09999999999990905	TimeIntervals	Lick
666.9325	0.10000000000002274	TimeIntervals	Lick
667.1657500000001	0.13325000000008913	TimeIntervals	Lick
667.36575	0.06674999999995634	TimeIntervals	Lick
667.5325	0.06674999999995634	TimeIntervals	Lick
668.09925	0.13324999999997544	TimeIntervals	Lick
668.5660000000001	0.06674999999995634	TimeIntervals	Lick
668.666	0.06675000000007003	TimeIntervals	Lick
669.53275	0.10000000000013642	TimeIntervals	Lick
669.8995000000001	0.06674999999984266	TimeIntervals	Lick
669.9995	0.10000000000013642	TimeIntervals	Lick
670.1330000000002	0.09999999999990905	TimeIntervals	Lick
670.7665000000001	0.16649999999992815	TimeIntervals	Lick
670.9665	0.13324999999997544	TimeIntervals	Lick
671.9000000000001	0.06649999999990541	TimeIntervals	Lick
672.7000000000002	0.09999999999990905	TimeIntervals	Lick
672.8332500000001	0.09999999999990905	TimeIntervals	Lick
673.0	0.10000000000002274	TimeIntervals	Lick
673.1334999999999	0.10000000000025011	TimeIntervals	Lick
673.2667500000001	0.10000000000002274	TimeIntervals	Lick
673.4000000000001	0.1999999999999318	TimeIntervals	Lick
673.6334999999999	0.10000000000025011	TimeIntervals	Lick
673.7667500000001	0.10000000000002274	TimeIntervals	Lick
673.9000000000001	0.06674999999995634	TimeIntervals	Lick
674.0	0.10025000000007367	TimeIntervals	Lick
674.1334999999999	0.10000000000025011	TimeIntervals	Lick
674.2670000000002	0.09999999999990905	TimeIntervals	Lick
674.4002500000001	0.09999999999979536	TimeIntervals	Lick
674.5335	0.09999999999990905	TimeIntervals	Lick
674.667	0.10000000000013642	TimeIntervals	Lick
674.8002500000001	0.10000000000002274	TimeIntervals	Lick
674.9335000000001	0.09999999999990905	TimeIntervals	Lick
675.067	0.10000000000002274	TimeIntervals	Lick
675.1002500000001	0.03324999999983902	TimeIntervals	Reward
675.2005	0.6665000000000418	TimeIntervals	Lick
675.9005000000001	0.0665000000000191	TimeIntervals	Lick
676.0005000000001	0.33350000000007185	TimeIntervals	Lick
676.3672500000001	0.1999999999999318	TimeIntervals	Lick
676.6005	0.10000000000002274	TimeIntervals	Lick
676.734	0.3332500000000209	TimeIntervals	Lick
677.1005	0.10000000000002274	TimeIntervals	Lick
677.234	0.10000000000013642	TimeIntervals	Lick
677.3675000000002	0.09999999999990905	TimeIntervals	Lick
677.5007499999999	0.8000000000001819	TimeIntervals	Lick
678.3340000000002	0.4002499999998008	TimeIntervals	Lick
678.7675	0.3000000000000682	TimeIntervals	Lick
679.101	0.10000000000002274	TimeIntervals	Lick
679.8345	0.09999999999990905	TimeIntervals	Lick
680.201	0.06675000000007003	TimeIntervals	Lick
680.4345	0.10000000000002274	TimeIntervals	Lick
680.90125	0.09999999999990905	TimeIntervals	Lick
681.2012500000001	0.10000000000002274	TimeIntervals	Lick
681.5012499999999	0.06675000000018372	TimeIntervals	Lick
681.768	0.13350000000002638	TimeIntervals	Lick
681.93475	0.16675000000009277	TimeIntervals	Lick
682.268	0.06674999999995634	TimeIntervals	Lick
683.8350000000002	0.133499999999799	TimeIntervals	Lick
684.1017499999999	0.10000000000013642	TimeIntervals	Lick
684.8017500000001	0.06674999999995634	TimeIntervals	Lick
684.90175	0.06674999999995634	TimeIntervals	Lick
685.8352500000001	0.09999999999990905	TimeIntervals	Lick
686.002	0.10000000000013642	TimeIntervals	Lick
686.1687500000002	0.09999999999990905	TimeIntervals	Lick
686.302	0.1999999999999318	TimeIntervals	Lick
686.5355	0.10000000000013642	TimeIntervals	Lick
686.6687500000002	0.09999999999990905	TimeIntervals	Lick
686.802	0.1999999999999318	TimeIntervals	Lick
687.0355	0.10000000000013642	TimeIntervals	Lick
687.1687500000002	0.1002499999998463	TimeIntervals	Lick
687.3022500000001	0.10000000000002274	TimeIntervals	Lick
687.4354999999999	0.10000000000002274	TimeIntervals	Lick
687.569	0.10000000000013642	TimeIntervals	Lick
687.7022500000002	0.09999999999990905	TimeIntervals	Lick
687.8355000000001	0.09999999999979536	TimeIntervals	Lick
687.969	0.09999999999990905	TimeIntervals	Lick
688.10225	0.4334999999999809	TimeIntervals	Lick
688.1355000000001	0.03350000000000364	TimeIntervals	Reward
688.569	0.9335000000000946	TimeIntervals	Lick
689.536	0.20000000000015916	TimeIntervals	Lick
689.7692500000002	0.10000000000002274	TimeIntervals	Lick
689.9025000000001	0.33349999999995816	TimeIntervals	Lick
690.2692500000002	0.10000000000002274	TimeIntervals	Lick
690.4025000000001	0.09999999999990905	TimeIntervals	Lick
690.536	0.10000000000002274	TimeIntervals	Lick
690.6695	0.10000000000013642	TimeIntervals	Lick
690.8027500000002	0.2332499999997708	TimeIntervals	Lick
691.0695000000001	0.09999999999990905	TimeIntervals	Lick
691.20275	0.10000000000013642	TimeIntervals	Lick
691.3360000000001	0.09999999999990905	TimeIntervals	Lick
691.4695	0.2667500000000018	TimeIntervals	Lick
691.7695000000001	1.9002499999999145	TimeIntervals	Lick
693.7030000000001	0.10000000000002274	TimeIntervals	Lick
693.8700000000001	0.39999999999997726	TimeIntervals	Lick
694.30325	0.3332500000000209	TimeIntervals	Lick
694.6700000000001	1.3335000000000719	TimeIntervals	Lick
696.0370000000001	0.6999999999998181	TimeIntervals	Lick
696.77025	0.4334999999999809	TimeIntervals	Lick
697.237	0.20000000000004547	TimeIntervals	Lick
697.4705	0.13325000000008913	TimeIntervals	Lick
697.6370000000001	0.66700000000003	TimeIntervals	Lick
698.404	0.20000000000015916	TimeIntervals	Lick
698.63725	0.3332500000000209	TimeIntervals	Lick
699.004	0.13324999999997544	TimeIntervals	Lick
699.2372500000001	0.3002499999997781	TimeIntervals	Lick
699.5707500000001	0.10000000000002274	TimeIntervals	Lick
699.7375000000001	0.2664999999999509	TimeIntervals	Lick
700.1375000000002	0.06649999999979173	TimeIntervals	Lick
700.2707500000001	0.1667499999998654	TimeIntervals	Lick
700.4709999999999	0.10000000000002274	TimeIntervals	Lick
700.6375000000002	0.06674999999995634	TimeIntervals	Lick
700.8042500000001	0.1667499999997517	TimeIntervals	Lick
701.00425	0.10000000000002274	TimeIntervals	Lick
701.1710000000002	0.2664999999998372	TimeIntervals	Lick
701.4709999999999	0.4335000000002083	TimeIntervals	Lick
701.9377499999999	0.10000000000002274	TimeIntervals	Lick
702.1710000000002	0.033499999999776264	TimeIntervals	Reward
702.2044999999999	1.466750000000161	TimeIntervals	Lick
703.7044999999999	0.33349999999995816	TimeIntervals	Lick
704.0715	0.20000000000015916	TimeIntervals	Lick
704.3047500000001	0.09999999999990905	TimeIntervals	Lick
704.438	0.09999999999990905	TimeIntervals	Lick
704.5715	0.10000000000013642	TimeIntervals	Lick
704.70475	0.10025000000018736	TimeIntervals	Lick
704.8715000000001	0.06675000000007003	TimeIntervals	Lick
704.9715	0.10000000000002274	TimeIntervals	Lick
705.1049999999999	0.26650000000017826	TimeIntervals	Lick
705.4050000000001	0.10000000000002274	TimeIntervals	Lick
705.5382500000001	0.10000000000002274	TimeIntervals	Lick
705.6715000000002	0.13350000000002638	TimeIntervals	Lick
705.83825	0.10025000000018736	TimeIntervals	Lick
705.97175	0.10000000000002274	TimeIntervals	Lick
706.1049999999999	0.13350000000025375	TimeIntervals	Lick
706.3050000000002	0.06675000000007003	TimeIntervals	Lick
706.4050000000001	0.10000000000002274	TimeIntervals	Lick
706.5385	0.10000000000002274	TimeIntervals	Lick
706.67175	0.10000000000013642	TimeIntervals	Lick
706.8050000000002	0.09999999999990905	TimeIntervals	Lick
706.97175	0.10025000000007367	TimeIntervals	Lick
707.10525	0.7000000000001592	TimeIntervals	Lick
707.8720000000002	0.0665000000000191	TimeIntervals	Lick
707.972	0.13350000000002638	TimeIntervals	Lick
708.172	0.10000000000002274	TimeIntervals	Lick
708.3055000000002	0.09999999999979536	TimeIntervals	Lick
708.472	0.10000000000013642	TimeIntervals	Lick
708.6387500000001	0.1999999999999318	TimeIntervals	Lick
709.27225	0.10000000000013642	TimeIntervals	Lick
709.439	0.06650000000013279	TimeIntervals	Lick
709.6722500000001	0.2332499999998845	TimeIntervals	Lick
709.939	0.10000000000002274	TimeIntervals	Lick
710.1055	0.06675000000007003	TimeIntervals	Lick
710.239	0.10000000000002274	TimeIntervals	Lick
710.3725000000003	0.13324999999974807	TimeIntervals	Lick
710.8057500000001	0.09999999999990905	TimeIntervals	Lick
711.039	0.13350000000002638	TimeIntervals	Lick
711.239	0.06675000000007003	TimeIntervals	Lick
711.4724999999999	0.06675000000007003	TimeIntervals	Lick
711.6725	0.10000000000013642	TimeIntervals	Lick
711.8725000000003	0.033499999999776264	TimeIntervals	Lick
712.0725	0.13350000000002638	TimeIntervals	Lick
712.33925	0.10000000000002274	TimeIntervals	Lick
712.5395000000001	0.10000000000002274	TimeIntervals	Lick
712.6727500000001	0.10000000000002274	TimeIntervals	Lick
713.106	0.10000000000002274	TimeIntervals	Lick
713.2395	0.10000000000002274	TimeIntervals	Lick
714.0730000000001	0.10000000000002274	TimeIntervals	Lick
714.2062500000001	0.09999999999990905	TimeIntervals	Lick
714.3395	0.26674999999988813	TimeIntervals	Lick
714.6395000000001	0.1002499999998463	TimeIntervals	Lick
714.7730000000001	0.1999999999998181	TimeIntervals	Lick
715.0065	0.10000000000013642	TimeIntervals	Lick
715.1397500000002	0.09999999999979536	TimeIntervals	Lick
715.2730000000001	0.10000000000002274	TimeIntervals	Lick
715.4065000000002	0.09999999999979536	TimeIntervals	Lick
715.53975	0.10000000000013642	TimeIntervals	Lick
715.6730000000001	0.20024999999998272	TimeIntervals	Lick
715.9065000000002	0.23349999999993543	TimeIntervals	Lick
716.17325	1.7002500000000964	TimeIntervals	Lick
716.17325	0.033249999999952706	TimeIntervals	Reward
717.9067500000001	0.4002500000000282	TimeIntervals	Lick
718.34025	0.466750000000161	TimeIntervals	Lick
718.94025	0.06675000000007003	TimeIntervals	Lick
719.0735	0.10025000000007367	TimeIntervals	Lick
719.207	0.39999999999997726	TimeIntervals	Lick
719.6405000000001	0.09999999999990905	TimeIntervals	Lick
719.8070000000001	0.23349999999982174	TimeIntervals	Lick
720.07375	0.13350000000002638	TimeIntervals	Lick
720.2405	0.13350000000014006	TimeIntervals	Lick
720.4405	0.06675000000007003	TimeIntervals	Lick
720.5740000000001	0.0665000000000191	TimeIntervals	Lick
720.70725	0.06675000000007003	TimeIntervals	Lick
721.10725	0.10000000000002274	TimeIntervals	Lick
721.2405	0.10025000000007367	TimeIntervals	Lick
721.7407499999999	0.10000000000013642	TimeIntervals	Lick
722.1075	0.10000000000013642	TimeIntervals	Lick
722.641	0.10000000000002274	TimeIntervals	Lick
722.7742500000002	0.06674999999984266	TimeIntervals	Lick
722.8742500000001	0.09999999999990905	TimeIntervals	Lick
723.17425	0.06674999999995634	TimeIntervals	Lick
723.2742500000002	0.033249999999952706	TimeIntervals	Lick
723.741	0.06675000000018372	TimeIntervals	Lick
723.9077500000001	0.033249999999952706	TimeIntervals	Lick
724.241	0.10000000000002274	TimeIntervals	Lick
724.64125	0.06674999999995634	TimeIntervals	Lick
724.84125	0.10000000000002274	TimeIntervals	Lick
725.14125	0.06674999999995634	TimeIntervals	Lick
725.208	0.06650000000013279	TimeIntervals	Reward
725.3080000000001	0.5	TimeIntervals	Lick
725.8415	0.43325000000004366	TimeIntervals	Lick
726.3080000000001	0.20000000000004547	TimeIntervals	Lick
726.5415000000002	0.1999999999999318	TimeIntervals	Lick
726.7750000000001	0.10000000000002274	TimeIntervals	Lick
726.9082500000001	0.20000000000004547	TimeIntervals	Lick
727.1415	0.10000000000013642	TimeIntervals	Lick
727.2750000000001	0.1999999999998181	TimeIntervals	Lick
727.5082500000001	0.10000000000002274	TimeIntervals	Lick
727.6415	0.20000000000004547	TimeIntervals	Lick
727.8750000000001	0.09999999999979536	TimeIntervals	Lick
728.0084999999999	0.10000000000025011	TimeIntervals	Lick
728.1417500000001	0.33324999999979354	TimeIntervals	Lick
728.5084999999999	0.10000000000025011	TimeIntervals	Lick
728.6417500000001	0.4667500000000473	TimeIntervals	Lick
729.1419999999999	0.10000000000013642	TimeIntervals	Lick
729.2752500000001	0.09999999999990905	TimeIntervals	Lick
729.4085	0.09999999999990905	TimeIntervals	Lick
729.542	0.5	TimeIntervals	Lick
730.0755	0.3332500000000209	TimeIntervals	Lick
730.442	0.10000000000002274	TimeIntervals	Lick
730.5755	0.10000000000013642	TimeIntervals	Lick
730.7087500000001	0.10000000000002274	TimeIntervals	Lick
730.8420000000001	0.09999999999990905	TimeIntervals	Lick
730.9754999999999	0.10000000000013642	TimeIntervals	Lick
731.10875	0.10025000000018736	TimeIntervals	Lick
731.2422500000001	0.13324999999997544	TimeIntervals	Lick
731.409	0.10000000000002274	TimeIntervals	Lick
731.5422500000001	0.06674999999995634	TimeIntervals	Lick
731.64225	0.10000000000013642	TimeIntervals	Lick
731.7755000000001	0.10000000000002274	TimeIntervals	Lick
731.9422500000001	0.10000000000002274	TimeIntervals	Lick
732.0755	0.10000000000013642	TimeIntervals	Lick
732.2090000000002	0.09999999999990905	TimeIntervals	Lick
732.3425000000001	0.10000000000002274	TimeIntervals	Lick
732.4757500000001	0.10000000000002274	TimeIntervals	Lick
732.6425	0.10000000000013642	TimeIntervals	Lick
732.8090000000001	0.23349999999982174	TimeIntervals	Lick
733.0757500000001	0.10000000000002274	TimeIntervals	Lick
733.2090000000002	1.0335000000000036	TimeIntervals	Lick
733.2090000000002	0.09999999999990905	TimeIntervals	Reward
734.276	0.33350000000007185	TimeIntervals	Lick
734.6427500000001	0.09999999999990905	TimeIntervals	Lick
734.776	0.10000000000025011	TimeIntervals	Lick
734.9095	0.10000000000013642	TimeIntervals	Lick
735.04275	0.10000000000013642	TimeIntervals	Lick
735.1760000000002	0.09999999999979536	TimeIntervals	Lick
735.3095000000002	0.09999999999979536	TimeIntervals	Lick
735.44275	1.0002499999999372	TimeIntervals	Lick
736.4762499999999	0.10000000000013642	TimeIntervals	Lick
736.6095	0.33349999999995816	TimeIntervals	Lick
736.9765	0.10000000000013642	TimeIntervals	Lick
737.1097500000001	0.09999999999990905	TimeIntervals	Lick
737.2765	0.10000000000013642	TimeIntervals	Lick
737.40975	0.10000000000002274	TimeIntervals	Lick
737.543	0.10000000000002274	TimeIntervals	Lick
737.6765000000001	0.09999999999990905	TimeIntervals	Lick
737.8100000000001	0.23324999999999818	TimeIntervals	Lick
738.0765000000001	0.10000000000002274	TimeIntervals	Lick
738.2100000000002	0.33324999999990723	TimeIntervals	Lick
738.5765000000001	0.13350000000002638	TimeIntervals	Lick
738.7432500000001	0.20024999999986903	TimeIntervals	Lick
739.01	0.2335000000000491	TimeIntervals	Lick
739.27675	0.10000000000013642	TimeIntervals	Lick
739.4099999999999	0.2667500000002292	TimeIntervals	Lick
739.7100000000002	0.09999999999990905	TimeIntervals	Lick
739.8767500000001	0.06674999999984266	TimeIntervals	Lick
739.9770000000001	0.10000000000002274	TimeIntervals	Lick
740.1102500000001	0.10000000000002274	TimeIntervals	Lick
740.277	0.10000000000002274	TimeIntervals	Lick
740.4102499999999	0.10000000000013642	TimeIntervals	Lick
740.5435	0.13350000000002638	TimeIntervals	Lick
740.7102500000001	0.10000000000002274	TimeIntervals	Lick
740.8435000000001	0.09999999999990905	TimeIntervals	Lick
741.01025	0.23349999999993543	TimeIntervals	Lick
741.277	0.10000000000002274	TimeIntervals	Lick
741.4105	0.10000000000013642	TimeIntervals	Lick
741.5437499999999	0.23325000000011187	TimeIntervals	Lick
741.8105	0.09999999999990905	TimeIntervals	Lick
741.94375	0.36675000000002456	TimeIntervals	Lick
742.3440000000002	0.09999999999979536	TimeIntervals	Lick
742.47725	0.10000000000013642	TimeIntervals	Lick
742.6105	0.10000000000013642	TimeIntervals	Lick
742.744	0.23324999999999818	TimeIntervals	Lick
743.0440000000001	0.09999999999990905	TimeIntervals	Lick
743.1772500000001	0.16675000000009277	TimeIntervals	Lick
743.4775	0.10000000000013642	TimeIntervals	Lick
743.644	0.06675000000018372	TimeIntervals	Lick
743.9775	0.06650000000013279	TimeIntervals	Lick
744.2107500000002	0.13324999999997544	TimeIntervals	Lick
744.411	0.10000000000002274	TimeIntervals	Lick
744.5775000000001	0.10000000000002274	TimeIntervals	Lick
744.7442500000001	0.06675000000007003	TimeIntervals	Lick
746.111	0.10000000000013642	TimeIntervals	Lick
746.2445	0.06650000000013279	TimeIntervals	Lick
747.4445	0.06675000000007003	TimeIntervals	Lick
747.5780000000001	0.13350000000002638	TimeIntervals	Lick
748.04475	0.10000000000002274	TimeIntervals	Lick
748.178	0.10000000000002274	TimeIntervals	Lick
748.3115	0.10000000000002274	TimeIntervals	Lick
748.6115000000001	0.13350000000002638	TimeIntervals	Lick
748.7782500000002	0.06674999999984266	TimeIntervals	Lick
749.2115000000001	0.06675000000007003	TimeIntervals	Lick
749.3115	0.10000000000002274	TimeIntervals	Lick
749.445	0.09999999999990905	TimeIntervals	Lick
749.5782500000001	0.06674999999995634	TimeIntervals	Lick
749.945	0.09999999999990905	TimeIntervals	Lick
750.3785000000001	0.09999999999990905	TimeIntervals	Lick
750.545	0.10000000000013642	TimeIntervals	Lick
750.7785000000001	0.06649999999990541	TimeIntervals	Lick
751.24525	0.10000000000002274	TimeIntervals	Lick
751.8452500000001	0.09999999999979536	TimeIntervals	Lick
752.2455000000001	0.10000000000002274	TimeIntervals	Lick
752.8120000000001	0.03350000000000364	TimeIntervals	Lick
753.112	0.06700000000012096	TimeIntervals	Lick
754.01225	0.10000000000013642	TimeIntervals	Lick
754.1790000000001	0.033249999999952706	TimeIntervals	Lick
754.3790000000001	0.06674999999984266	TimeIntervals	Lick
755.1125000000001	0.10000000000002274	TimeIntervals	Lick
755.24575	0.06674999999995634	TimeIntervals	Lick
755.3460000000001	0.09999999999979536	TimeIntervals	Lick
755.5125000000002	0.09999999999990905	TimeIntervals	Lick
755.6460000000001	0.10000000000002274	TimeIntervals	Lick
755.77925	0.10000000000002274	TimeIntervals	Lick
755.9124999999999	0.10000000000025011	TimeIntervals	Lick
756.0459999999999	0.20000000000015916	TimeIntervals	Lick
756.4459999999999	0.10000000000002274	TimeIntervals	Lick
756.5794999999999	0.06650000000013279	TimeIntervals	Lick
756.7460000000001	0.10000000000002274	TimeIntervals	Lick
756.8795000000001	0.06649999999979173	TimeIntervals	Lick
756.9795	0.09999999999990905	TimeIntervals	Lick
757.11275	0.20000000000004547	TimeIntervals	Lick
757.2795000000001	0.033249999999952706	TimeIntervals	Reward
757.3460000000001	0.6334999999999127	TimeIntervals	Lick
758.013	0.10000000000013642	TimeIntervals	Lick
758.1462500000001	0.1999999999999318	TimeIntervals	Lick
758.3795000000001	0.33349999999995816	TimeIntervals	Lick
758.7465000000001	0.10000000000002274	TimeIntervals	Lick
758.8797500000002	0.09999999999990905	TimeIntervals	Lick
759.013	0.10000000000013642	TimeIntervals	Lick
759.1465000000002	0.09999999999990905	TimeIntervals	Lick
759.27975	0.10000000000013642	TimeIntervals	Lick
759.4129999999999	0.2335000000002765	TimeIntervals	Lick
759.6797500000001	0.10024999999995998	TimeIntervals	Lick
759.81325	0.2332499999998845	TimeIntervals	Lick
760.08	0.06650000000013279	TimeIntervals	Lick
760.21325	0.06675000000007003	TimeIntervals	Lick
760.31325	0.10000000000002274	TimeIntervals	Lick
760.4464999999999	0.13350000000014006	TimeIntervals	Lick
760.6132500000001	0.09999999999990905	TimeIntervals	Lick
760.7800000000001	0.06674999999995634	TimeIntervals	Lick
760.8800000000001	0.1334999999999127	TimeIntervals	Lick
761.04675	0.3000000000000682	TimeIntervals	Lick
761.8135000000001	0.0665000000000191	TimeIntervals	Lick
762.0135	0.13350000000002638	TimeIntervals	Lick
762.4135	0.06674999999995634	TimeIntervals	Lick
762.647	0.10000000000013642	TimeIntervals	Lick
764.3805000000002	0.06674999999984266	TimeIntervals	Lick
764.4805	0.06675000000007003	TimeIntervals	Lick
766.0807500000001	0.10000000000002274	TimeIntervals	Lick
766.3475	0.10000000000002274	TimeIntervals	Lick
766.8142500000001	0.09999999999979536	TimeIntervals	Lick
766.981	0.10000000000002274	TimeIntervals	Lick
767.3810000000002	0.09999999999979536	TimeIntervals	Lick
768.0477500000001	0.10000000000002274	TimeIntervals	Lick
768.181	0.06675000000007003	TimeIntervals	Lick
768.2810000000001	0.13350000000002638	TimeIntervals	Lick
768.4477499999999	0.10025000000007367	TimeIntervals	Lick
768.5812500000001	0.09999999999990905	TimeIntervals	Lick
768.7145	0.10000000000002274	TimeIntervals	Lick
768.8480000000001	0.1999999999999318	TimeIntervals	Lick
769.0812500000001	0.09999999999990905	TimeIntervals	Lick
769.2145	0.10000000000002274	TimeIntervals	Lick
769.3480000000001	0.09999999999990905	TimeIntervals	Lick
769.4812499999999	0.10000000000013642	TimeIntervals	Lick
769.6145	0.10025000000007367	TimeIntervals	Lick
769.748	0.06674999999995634	TimeIntervals	Lick
769.91475	0.1999999999999318	TimeIntervals	Lick
770.1480000000001	0.09999999999990905	TimeIntervals	Lick
770.2815000000002	0.8334999999998445	TimeIntervals	Lick
770.31475	0.10000000000002274	TimeIntervals	Reward
771.1482500000002	0.33324999999990723	TimeIntervals	Lick
771.515	0.10000000000002274	TimeIntervals	Lick
771.6482500000002	0.20024999999998272	TimeIntervals	Lick
771.8817500000001	0.09999999999990905	TimeIntervals	Lick
772.015	0.20000000000015916	TimeIntervals	Lick
772.2485000000001	0.33324999999979354	TimeIntervals	Lick
772.615	0.10000000000013642	TimeIntervals	Lick
772.7485000000001	0.3334999999998445	TimeIntervals	Lick
773.11525	0.3332500000000209	TimeIntervals	Lick
773.482	0.10000000000002274	TimeIntervals	Lick
773.61525	0.10000000000002274	TimeIntervals	Lick
773.7485000000001	0.10000000000002274	TimeIntervals	Lick
773.8820000000001	0.09999999999990905	TimeIntervals	Lick
774.0155000000001	0.09999999999990905	TimeIntervals	Lick
774.1487500000001	0.09999999999990905	TimeIntervals	Lick
774.2820000000002	0.09999999999990905	TimeIntervals	Lick
774.4155	0.10000000000013642	TimeIntervals	Lick
774.5487499999999	0.10000000000013642	TimeIntervals	Lick
774.682	0.10000000000013642	TimeIntervals	Lick
774.8155000000002	0.09999999999979536	TimeIntervals	Lick
774.94875	0.13324999999997544	TimeIntervals	Lick
775.1155	0.10000000000002274	TimeIntervals	Lick
775.249	0.10000000000002274	TimeIntervals	Lick
775.3822500000001	0.09999999999990905	TimeIntervals	Lick
775.5155000000001	0.09999999999990905	TimeIntervals	Lick
775.6490000000001	0.09999999999990905	TimeIntervals	Lick
775.7822500000001	0.10000000000002274	TimeIntervals	Lick
775.9155	0.10000000000013642	TimeIntervals	Lick
776.0490000000001	0.10000000000002274	TimeIntervals	Lick
776.18225	0.10025000000007367	TimeIntervals	Lick
776.31575	0.10000000000002274	TimeIntervals	Lick
776.3825	0.06649999999990541	TimeIntervals	Reward
776.4825	0.16650000000015552	TimeIntervals	Lick
776.6825000000001	0.1999999999999318	TimeIntervals	Lick
776.91575	0.1999999999999318	TimeIntervals	Lick
777.1490000000001	0.20024999999986903	TimeIntervals	Lick
777.416	0.06649999999990541	TimeIntervals	Lick
777.516	0.10000000000002274	TimeIntervals	Lick
777.6492500000002	0.1999999999998181	TimeIntervals	Lick
777.8825	0.20000000000004547	TimeIntervals	Lick
778.116	0.10000000000002274	TimeIntervals	Lick
778.2492500000001	0.20024999999998272	TimeIntervals	Lick
778.48275	0.10000000000002274	TimeIntervals	Lick
778.616	0.10000000000002274	TimeIntervals	Lick
778.7495	0.3332500000000209	TimeIntervals	Lick
779.116	0.10000000000002274	TimeIntervals	Lick
779.2495	0.10000000000013642	TimeIntervals	Lick
779.3827500000001	0.20024999999986903	TimeIntervals	Lick
779.61625	0.09999999999990905	TimeIntervals	Lick
779.7495	0.36675000000002456	TimeIntervals	Lick
780.1495000000001	0.09999999999990905	TimeIntervals	Lick
780.2830000000001	0.0665000000000191	TimeIntervals	Lick
780.3830000000002	0.26674999999988813	TimeIntervals	Lick
780.6830000000001	0.10000000000002274	TimeIntervals	Lick
780.84975	0.10000000000002274	TimeIntervals	Lick
780.9830000000001	0.23349999999993543	TimeIntervals	Lick
781.2497500000001	0.09999999999990905	TimeIntervals	Lick
781.3830000000002	0.09999999999990905	TimeIntervals	Lick
781.5165	0.10000000000013642	TimeIntervals	Lick
781.64975	0.10024999999995998	TimeIntervals	Lick
781.7832500000001	0.10000000000002274	TimeIntervals	Lick
781.9165000000002	0.1334999999999127	TimeIntervals	Lick
782.0832500000001	0.09999999999990905	TimeIntervals	Lick
782.2165	0.10000000000002274	TimeIntervals	Lick
782.35	0.09999999999990905	TimeIntervals	Lick
782.4832499999999	0.10000000000025011	TimeIntervals	Lick
782.6165000000001	0.09999999999990905	TimeIntervals	Lick
782.75	0.13350000000014006	TimeIntervals	Lick
782.91675	0.1999999999999318	TimeIntervals	Lick
783.1500000000001	0.09999999999990905	TimeIntervals	Lick
783.2835000000001	0.10000000000002274	TimeIntervals	Lick
783.3835000000001	0.06649999999979173	TimeIntervals	Reward
783.41675	0.9002500000000282	TimeIntervals	Lick
784.3502500000001	0.09999999999979536	TimeIntervals	Lick
784.4834999999999	0.33350000000007185	TimeIntervals	Lick
784.8502500000001	0.2002500000000964	TimeIntervals	Lick
785.0837500000001	0.09999999999990905	TimeIntervals	Lick
785.2170000000001	0.4334999999999809	TimeIntervals	Lick
785.68375	0.7335000000000491	TimeIntervals	Lick
786.4505	0.10000000000013642	TimeIntervals	Lick
786.5840000000002	0.36649999999985994	TimeIntervals	Lick
786.984	0.10000000000013642	TimeIntervals	Lick
787.1172500000001	0.10024999999995998	TimeIntervals	Lick
787.2507500000002	0.2332499999998845	TimeIntervals	Lick
787.5507500000001	0.06674999999984266	TimeIntervals	Lick
787.65075	0.10000000000013642	TimeIntervals	Lick
787.7840000000001	0.10000000000002274	TimeIntervals	Lick
787.9174999999999	0.10000000000013642	TimeIntervals	Lick
788.0840000000002	0.06674999999984266	TimeIntervals	Lick
788.1840000000001	0.10000000000002274	TimeIntervals	Lick
788.3175000000001	0.09999999999979536	TimeIntervals	Lick
788.451	0.10000000000002274	TimeIntervals	Lick
788.5842500000001	0.09999999999990905	TimeIntervals	Lick
788.751	0.20000000000004547	TimeIntervals	Lick
789.0175	0.09999999999990905	TimeIntervals	Lick
789.151	0.10000000000002274	TimeIntervals	Lick
789.3175000000001	0.06700000000000728	TimeIntervals	Lick
789.451	0.10000000000002274	TimeIntervals	Lick
789.5845	0.23325000000011187	TimeIntervals	Lick
789.8510000000001	0.09999999999990905	TimeIntervals	Lick
790.0177500000001	0.09999999999979536	TimeIntervals	Lick
790.2177500000001	0.10000000000002274	TimeIntervals	Lick
790.3510000000001	0.1334999999999127	TimeIntervals	Lick
790.55125	0.03325000000006639	TimeIntervals	Lick
790.6179999999999	0.0665000000000191	TimeIntervals	Lick
790.718	0.10000000000025011	TimeIntervals	Lick
790.9845	0.03350000000000364	TimeIntervals	Lick
791.0845	0.20000000000004547	TimeIntervals	Lick
791.5845	0.06700000000000728	TimeIntervals	Lick
791.718	0.10000000000025011	TimeIntervals	Lick
791.8515000000002	0.09999999999979536	TimeIntervals	Lick
791.9847500000001	0.09999999999990905	TimeIntervals	Lick
792.3180000000002	0.06674999999984266	TimeIntervals	Lick
792.518	0.09999999999990905	TimeIntervals	Lick
792.71825	0.16675000000020646	TimeIntervals	Lick
792.9515	0.13350000000014006	TimeIntervals	Lick
793.11825	0.10000000000002274	TimeIntervals	Lick
793.3515000000002	0.06674999999984266	TimeIntervals	Lick
793.8185000000002	0.09999999999979536	TimeIntervals	Lick
794.4185	0.5335000000000036	TimeIntervals	Lick
794.4185	0.09999999999990905	TimeIntervals	Reward
794.9852500000001	0.1999999999999318	TimeIntervals	Lick
795.2185000000001	0.10000000000013642	TimeIntervals	Lick
795.3520000000001	0.09999999999990905	TimeIntervals	Lick
795.4852500000001	0.1999999999999318	TimeIntervals	Lick
795.7185000000001	0.1999999999999318	TimeIntervals	Lick
795.952	0.10000000000002274	TimeIntervals	Lick
796.0855000000001	0.4664999999998827	TimeIntervals	Lick
796.5855000000001	0.06649999999990541	TimeIntervals	Lick
796.6855	0.10000000000002274	TimeIntervals	Lick
796.8187500000001	0.09999999999979536	TimeIntervals	Lick
796.952	0.10000000000002274	TimeIntervals	Lick
797.0855000000001	0.33349999999995816	TimeIntervals	Lick
797.45225	0.09999999999990905	TimeIntervals	Lick
797.5855000000001	0.09999999999990905	TimeIntervals	Lick
797.7190000000002	0.09999999999990905	TimeIntervals	Lick
797.85225	0.10000000000002274	TimeIntervals	Lick
797.9855	0.33350000000007185	TimeIntervals	Lick
798.3525000000001	0.2664999999999509	TimeIntervals	Lick
798.6525000000001	0.1999999999999318	TimeIntervals	Lick
798.88575	0.7335000000000491	TimeIntervals	Lick
799.686	0.0665000000000191	TimeIntervals	Lick
799.7860000000002	0.09999999999979536	TimeIntervals	Lick
799.91925	0.13324999999997544	TimeIntervals	Lick
800.0860000000001	0.09999999999990905	TimeIntervals	Lick
800.2525	0.10000000000002274	TimeIntervals	Lick
800.4195	0.23324999999999818	TimeIntervals	Lick
800.686	0.06675000000007003	TimeIntervals	Lick
800.7860000000002	0.3667499999997972	TimeIntervals	Lick
801.2195000000002	0.3334999999998445	TimeIntervals	Lick
801.5862500000001	0.09999999999990905	TimeIntervals	Lick
801.7195000000002	0.09999999999990905	TimeIntervals	Lick
801.8530000000001	0.10000000000002274	TimeIntervals	Lick
802.0195	0.10000000000002274	TimeIntervals	Lick
802.153	0.10000000000013642	TimeIntervals	Lick
802.28625	0.10000000000013642	TimeIntervals	Lick
802.4195	0.10000000000002274	TimeIntervals	Lick
802.553	0.10000000000002274	TimeIntervals	Lick
802.7197500000001	0.06674999999995634	TimeIntervals	Lick
802.8197500000001	0.09999999999990905	TimeIntervals	Lick
802.9530000000001	0.09999999999990905	TimeIntervals	Lick
803.0865000000001	0.13324999999997544	TimeIntervals	Lick
803.2530000000002	0.09999999999990905	TimeIntervals	Lick
803.41975	0.10000000000002274	TimeIntervals	Lick
803.553	0.10000000000002274	TimeIntervals	Lick
803.6865	0.10000000000002274	TimeIntervals	Lick
803.82	0.09999999999990905	TimeIntervals	Lick
803.9865000000001	0.06674999999984266	TimeIntervals	Lick
804.0865000000001	0.1334999999999127	TimeIntervals	Lick
804.25325	0.10000000000013642	TimeIntervals	Lick
804.3865000000001	0.10000000000002274	TimeIntervals	Lick
804.42	0.10000000000013642	TimeIntervals	Reward
804.5200000000001	0.2999999999999545	TimeIntervals	Lick
804.8535000000002	0.09999999999979536	TimeIntervals	Lick
804.98675	1.0667499999999563	TimeIntervals	Lick
806.0870000000001	0.09999999999990905	TimeIntervals	Lick
806.2202500000001	0.10000000000002274	TimeIntervals	Lick
806.3535000000002	0.09999999999979536	TimeIntervals	Lick
806.487	0.8335000000001855	TimeIntervals	Lick
807.3537500000002	0.09999999999968168	TimeIntervals	Lick
807.487	0.06675000000007003	TimeIntervals	Lick
807.5870000000001	0.09999999999990905	TimeIntervals	Lick
807.7205	0.6335000000001401	TimeIntervals	Lick
808.4539999999998	0.06650000000013279	TimeIntervals	Lick
808.58725	0.10000000000002274	TimeIntervals	Lick
808.7205	0.10000000000013642	TimeIntervals	Lick
808.8540000000002	0.2664999999998372	TimeIntervals	Lick
809.154	0.2335000000002765	TimeIntervals	Lick
809.4207499999999	0.10000000000013642	TimeIntervals	Lick
809.5875000000001	0.13324999999997544	TimeIntervals	Lick
809.7875	0.10000000000025011	TimeIntervals	Lick
809.9539999999998	0.10000000000025011	TimeIntervals	Lick
810.154	0.10000000000002274	TimeIntervals	Lick
810.2875	0.06675000000018372	TimeIntervals	Lick
810.4875000000001	0.06674999999984266	TimeIntervals	Reward
810.5542499999999	0.7332500000001119	TimeIntervals	Lick
811.3209999999999	0.5667500000001837	TimeIntervals	Lick
811.9209999999999	0.20000000000015916	TimeIntervals	Lick
812.1545000000001	0.09999999999990905	TimeIntervals	Lick
812.2877500000001	0.10000000000002274	TimeIntervals	Lick
812.4209999999999	0.10024999999995998	TimeIntervals	Lick
812.5545000000001	0.1999999999999318	TimeIntervals	Lick
812.788	0.20000000000015916	TimeIntervals	Lick
813.0212499999999	0.10000000000013642	TimeIntervals	Lick
813.1545000000001	0.60024999999996	TimeIntervals	Lick
813.788	0.5	TimeIntervals	Lick
814.3215	0.09999999999990905	TimeIntervals	Lick
814.4547499999999	0.10000000000013642	TimeIntervals	Lick
814.6215000000001	0.06674999999984266	TimeIntervals	Lick
814.855	0.09999999999990905	TimeIntervals	Lick
814.9882500000001	0.09999999999990905	TimeIntervals	Lick
815.1215000000001	0.09999999999990905	TimeIntervals	Lick
815.2550000000001	0.09999999999990905	TimeIntervals	Lick
815.3882500000001	0.10000000000002274	TimeIntervals	Lick
815.58825	0.06675000000007003	TimeIntervals	Lick
815.6882499999999	0.13350000000014006	TimeIntervals	Lick
815.8885	0.10000000000002274	TimeIntervals	Lick
816.02175	0.10000000000002274	TimeIntervals	Lick
816.1550000000001	0.10000000000002274	TimeIntervals	Lick
816.2885000000001	0.06649999999990541	TimeIntervals	Lick
816.3885	0.10000000000002274	TimeIntervals	Lick
816.555	0.10000000000013642	TimeIntervals	Lick
816.6885	0.10000000000013642	TimeIntervals	Lick
816.8220000000001	0.09999999999979536	TimeIntervals	Lick
817.0885	0.10000000000002274	TimeIntervals	Lick
817.2220000000001	0.10000000000002274	TimeIntervals	Lick
817.3552500000001	0.1999999999998181	TimeIntervals	Lick
817.4885	0.06674999999984266	TimeIntervals	Reward
817.5885	1.13350000000014	TimeIntervals	Lick
818.7555000000002	0.1999999999998181	TimeIntervals	Lick
819.022	0.06700000000000728	TimeIntervals	Lick
819.12225	0.10000000000002274	TimeIntervals	Lick
819.2555000000002	0.09999999999979536	TimeIntervals	Lick
819.3890000000001	0.09999999999990905	TimeIntervals	Lick
819.52225	0.06675000000007003	TimeIntervals	Lick
819.62225	0.10000000000002274	TimeIntervals	Lick
819.7555000000002	0.09999999999979536	TimeIntervals	Lick
819.8890000000001	0.09999999999990905	TimeIntervals	Lick
820.02225	0.20024999999998272	TimeIntervals	Lick
820.2557500000001	0.1999999999998181	TimeIntervals	Lick
820.489	0.10000000000002274	TimeIntervals	Lick
820.6225000000001	0.09999999999990905	TimeIntervals	Lick
820.7557500000001	0.2332499999998845	TimeIntervals	Lick
821.0225	0.2335000000001628	TimeIntervals	Lick
821.28925	0.06675000000007003	TimeIntervals	Lick
821.3892500000002	0.09999999999990905	TimeIntervals	Lick
821.5225	0.10000000000002274	TimeIntervals	Lick
821.6560000000001	0.10000000000013642	TimeIntervals	Lick
821.78925	0.10000000000013642	TimeIntervals	Lick
821.9559999999999	0.40000000000020464	TimeIntervals	Lick
822.3895000000002	0.09999999999979536	TimeIntervals	Lick
822.62275	0.10000000000013642	TimeIntervals	Lick
822.8895000000002	0.09999999999979536	TimeIntervals	Lick
823.056	0.10000000000002274	TimeIntervals	Lick
823.2560000000002	0.09999999999990905	TimeIntervals	Lick
823.423	0.0665000000000191	TimeIntervals	Lick
823.55625	0.10000000000013642	TimeIntervals	Lick
823.7230000000001	0.10000000000002274	TimeIntervals	Lick
824.123	0.13325000000008913	TimeIntervals	Lick
824.2895000000001	0.10000000000013642	TimeIntervals	Lick
824.4895	0.10025000000007367	TimeIntervals	Lick
824.623	0.13350000000002638	TimeIntervals	Lick
824.8230000000001	0.06675000000007003	TimeIntervals	Lick
824.9565	0.10000000000002274	TimeIntervals	Lick
825.0897500000001	0.09999999999990905	TimeIntervals	Lick
825.423	0.10000000000002274	TimeIntervals	Lick
825.5565	0.13350000000002638	TimeIntervals	Lick
825.99	0.10000000000013642	TimeIntervals	Lick
826.12325	0.10000000000013642	TimeIntervals	Lick
826.2900000000001	0.0665000000000191	TimeIntervals	Lick
826.69	0.06675000000007003	TimeIntervals	Lick
826.8567500000001	0.06674999999984266	TimeIntervals	Lick
826.99	0.06675000000007003	TimeIntervals	Lick
827.2567500000001	0.43324999999992997	TimeIntervals	Lick
828.3235	0.13350000000002638	TimeIntervals	Lick
828.557	0.0665000000000191	TimeIntervals	Lick
828.957	0.10000000000002274	TimeIntervals	Lick
829.0905	0.10000000000013642	TimeIntervals	Lick
829.5237500000001	0.09999999999990905	TimeIntervals	Lick
829.6570000000002	0.09999999999990905	TimeIntervals	Lick
829.7905000000001	0.2335000000000491	TimeIntervals	Lick
830.124	0.1999999999999318	TimeIntervals	Lick
830.35725	0.13324999999997544	TimeIntervals	Lick
830.5905	0.06675000000007003	TimeIntervals	Lick
830.824	0.10000000000013642	TimeIntervals	Lick
831.4240000000001	0.1334999999999127	TimeIntervals	Lick
832.42425	0.06674999999995634	TimeIntervals	Lick
832.52425	0.13325000000008913	TimeIntervals	Lick
833.3910000000001	0.16674999999997908	TimeIntervals	Lick
833.591	0.0667500000002974	TimeIntervals	Lick
834.1577500000003	0.06674999999984266	TimeIntervals	Lick
835.3912500000001	0.09999999999990905	TimeIntervals	Lick
835.5245	0.10025000000007367	TimeIntervals	Lick
835.6580000000001	0.10000000000002274	TimeIntervals	Lick
835.7915000000002	0.1999999999999318	TimeIntervals	Lick
836.02475	0.2999999999999545	TimeIntervals	Lick
836.3580000000001	0.06675000000007003	TimeIntervals	Lick
836.458	0.06675000000007003	TimeIntervals	Lick
836.558	0.2002500000000964	TimeIntervals	Lick
836.7915000000002	0.10000000000002274	TimeIntervals	Lick
836.9250000000001	0.0665000000000191	TimeIntervals	Lick
837.0250000000001	0.09999999999990905	TimeIntervals	Lick
837.1582500000001	0.10000000000002274	TimeIntervals	Lick
837.2915000000002	0.10000000000002274	TimeIntervals	Lick
837.4250000000001	0.0665000000000191	TimeIntervals	Lick
837.5250000000001	0.5667499999999563	TimeIntervals	Lick
837.5250000000001	0.09999999999990905	TimeIntervals	Reward
838.125	0.4335000000000946	TimeIntervals	Lick
838.59175	1.2002500000000964	TimeIntervals	Lick
839.82525	0.33350000000007185	TimeIntervals	Lick
840.192	0.20000000000015916	TimeIntervals	Lick
840.4255000000002	0.09999999999990905	TimeIntervals	Lick
840.55875	0.1999999999999318	TimeIntervals	Lick
840.7920000000001	0.23349999999993543	TimeIntervals	Lick
841.0590000000001	0.23325000000011187	TimeIntervals	Lick
841.3255	0.20000000000004547	TimeIntervals	Lick
841.5590000000001	0.10000000000002274	TimeIntervals	Lick
841.6922500000001	0.10000000000013642	TimeIntervals	Lick
841.8255	0.10000000000013642	TimeIntervals	Lick
841.959	0.10000000000013642	TimeIntervals	Lick
842.0925000000001	0.10000000000002274	TimeIntervals	Lick
842.22575	0.23324999999999818	TimeIntervals	Lick
842.4925	0.10000000000013642	TimeIntervals	Lick
842.6257499999999	0.10000000000002274	TimeIntervals	Lick
842.7925000000001	0.1999999999998181	TimeIntervals	Lick
843.02575	0.13325000000008913	TimeIntervals	Lick
843.2592500000001	0.09999999999990905	TimeIntervals	Lick
843.426	0.09999999999990905	TimeIntervals	Lick
843.5592500000002	0.09999999999979536	TimeIntervals	Lick
843.726	0.10000000000002274	TimeIntervals	Lick
843.85925	0.10000000000002274	TimeIntervals	Lick
844.026	0.13325000000008913	TimeIntervals	Lick
844.1925000000001	0.10000000000002274	TimeIntervals	Lick
844.326	0.13350000000002638	TimeIntervals	Lick
844.4927499999999	0.10000000000025011	TimeIntervals	Lick
844.626	0.10000000000002274	TimeIntervals	Lick
844.7927500000001	0.06674999999984266	TimeIntervals	Lick
844.926	0.06674999999984266	TimeIntervals	Lick
845.226	0.10000000000002274	TimeIntervals	Lick
845.3594999999999	0.10000000000013642	TimeIntervals	Lick
845.52625	0.06674999999995634	TimeIntervals	Lick
845.6262499999999	0.3000000000000682	TimeIntervals	Lick
845.9595	0.10000000000013642	TimeIntervals	Lick
846.1262499999999	0.10000000000002274	TimeIntervals	Lick
846.2595000000001	0.09999999999979536	TimeIntervals	Lick
846.42625	0.10025000000007367	TimeIntervals	Lick
846.6264999999999	0.13325000000020282	TimeIntervals	Lick
846.8265000000001	0.13324999999986176	TimeIntervals	Lick
846.9929999999999	0.10000000000002274	TimeIntervals	Lick
847.1264999999999	0.26650000000017826	TimeIntervals	Lick
847.8265000000001	0.06674999999995634	TimeIntervals	Lick
848.0600000000001	0.09999999999990905	TimeIntervals	Lick
848.26	0.13325000000008913	TimeIntervals	Lick
848.4265	0.10000000000002274	TimeIntervals	Lick
848.7935000000001	0.2999999999999545	TimeIntervals	Lick
849.5267499999999	0.13325000000008913	TimeIntervals	Lick
849.6935000000002	0.06649999999979173	TimeIntervals	Lick
849.8270000000001	0.09999999999990905	TimeIntervals	Lick
850.06025	0.06674999999995634	TimeIntervals	Lick
850.3270000000001	0.2664999999999509	TimeIntervals	Lick
850.99375	0.06675000000007003	TimeIntervals	Lick
851.5269999999999	0.10000000000002274	TimeIntervals	Lick
851.6937500000001	0.10000000000002274	TimeIntervals	Lick
851.8605000000001	0.10000000000002274	TimeIntervals	Lick
852.2605000000001	0.10000000000002274	TimeIntervals	Lick
852.5940000000002	0.06649999999990541	TimeIntervals	Lick
852.7605000000001	0.10000000000002274	TimeIntervals	Lick
853.4607500000002	0.09999999999979536	TimeIntervals	Lick
853.6607500000001	0.09999999999979536	TimeIntervals	Lick
853.8275000000001	0.09999999999990905	TimeIntervals	Lick
853.9607500000002	0.06674999999984266	TimeIntervals	Lick
854.1607500000001	0.1002499999998463	TimeIntervals	Lick
854.2942500000001	0.2332499999998845	TimeIntervals	Lick
854.561	0.10000000000013642	TimeIntervals	Lick
854.69425	0.10000000000013642	TimeIntervals	Lick
854.8275000000001	0.06674999999984266	TimeIntervals	Lick
854.9275	0.1999999999999318	TimeIntervals	Lick
855.261	0.06675000000018372	TimeIntervals	Lick
855.3945000000001	0.09999999999990905	TimeIntervals	Lick
855.52775	0.10000000000002274	TimeIntervals	Lick
855.5945000000002	0.09999999999990905	TimeIntervals	Reward
855.6610000000002	0.5	TimeIntervals	Lick
856.1945000000001	1.166749999999979	TimeIntervals	Lick
857.3945000000001	0.1002499999998463	TimeIntervals	Lick
857.528	0.10000000000002274	TimeIntervals	Lick
857.6615	0.20000000000015916	TimeIntervals	Lick
857.89475	0.09999999999990905	TimeIntervals	Lick
858.028	0.8335000000001855	TimeIntervals	Lick
858.8950000000001	0.43325000000004366	TimeIntervals	Lick
859.3615000000002	0.09999999999990905	TimeIntervals	Lick
859.495	0.10000000000002274	TimeIntervals	Lick
859.62825	0.10025000000018736	TimeIntervals	Lick
859.76175	0.10000000000013642	TimeIntervals	Lick
859.8950000000001	0.09999999999990905	TimeIntervals	Lick
860.0284999999999	0.20000000000027285	TimeIntervals	Lick
860.26175	0.13325000000008913	TimeIntervals	Lick
860.4285	0.09999999999990905	TimeIntervals	Lick
860.5617500000001	0.09999999999990905	TimeIntervals	Lick
860.695	0.06700000000000728	TimeIntervals	Lick
860.7952500000001	0.09999999999990905	TimeIntervals	Lick
860.962	0.10000000000002274	TimeIntervals	Lick
861.0952500000001	0.10000000000002274	TimeIntervals	Lick
861.2285000000002	0.09999999999979536	TimeIntervals	Lick
861.3620000000001	0.09999999999990905	TimeIntervals	Lick
861.562	0.10000000000013642	TimeIntervals	Lick
861.7285000000002	0.09999999999979536	TimeIntervals	Lick
861.8955000000001	0.09999999999990905	TimeIntervals	Lick
862.062	0.06674999999995634	TimeIntervals	Lick
862.1620000000001	0.1334999999999127	TimeIntervals	Lick
862.32875	0.06675000000007003	TimeIntervals	Lick
862.462	0.13350000000014006	TimeIntervals	Lick
862.7620000000001	0.10000000000002274	TimeIntervals	Lick
862.9955	0.10000000000013642	TimeIntervals	Lick
863.1955000000002	0.23349999999993543	TimeIntervals	Lick
863.4955	0.10000000000013642	TimeIntervals	Lick
863.66225	0.4335000000000946	TimeIntervals	Lick
864.3625000000001	0.10000000000002274	TimeIntervals	Lick
864.9290000000001	0.09999999999990905	TimeIntervals	Lick
865.0957500000001	0.06674999999995634	TimeIntervals	Lick
865.1959999999999	0.0665000000000191	TimeIntervals	Lick
865.5625	0.06674999999995634	TimeIntervals	Lick
865.6959999999999	0.10000000000025011	TimeIntervals	Lick
865.9292499999999	0.06675000000018372	TimeIntervals	Lick
866.2960000000002	0.09999999999990905	TimeIntervals	Lick
866.4960000000001	0.09999999999990905	TimeIntervals	Lick
866.8960000000001	0.10000000000002274	TimeIntervals	Lick
867.26275	0.06674999999995634	TimeIntervals	Lick
867.3962499999999	0.06675000000018372	TimeIntervals	Lick
867.69625	0.06675000000007003	TimeIntervals	Lick
867.99625	0.13324999999997544	TimeIntervals	Lick
868.163	0.10000000000002274	TimeIntervals	Lick
868.5630000000001	0.09999999999990905	TimeIntervals	Lick
869.1297500000001	0.13324999999997544	TimeIntervals	Lick
869.7965	0.09999999999990905	TimeIntervals	Lick
869.96325	0.06674999999995634	TimeIntervals	Lick
870.0965	0.13350000000002638	TimeIntervals	Lick
870.46325	0.09999999999990905	TimeIntervals	Lick
871.03	0.10000000000013642	TimeIntervals	Lick
871.6635	0.10000000000002274	TimeIntervals	Lick
871.6967500000001	0.033249999999952706	TimeIntervals	Reward
871.7969999999999	1.1000000000001364	TimeIntervals	Lick
872.9304999999999	0.06650000000024647	TimeIntervals	Lick
873.0305	0.3332500000002483	TimeIntervals	Lick
873.397	0.8002500000000055	TimeIntervals	Lick
874.2305	0.1999999999999318	TimeIntervals	Lick
874.464	0.09999999999979536	TimeIntervals	Lick
874.59725	0.23324999999999818	TimeIntervals	Lick
874.8640000000001	0.09999999999990905	TimeIntervals	Lick
874.99725	0.33350000000007185	TimeIntervals	Lick
875.43075	0.06675000000007003	TimeIntervals	Lick
875.5307499999999	0.36675000000025193	TimeIntervals	Lick
876.0974999999999	0.06650000000024647	TimeIntervals	Lick
876.1975	0.10000000000002274	TimeIntervals	Lick
876.331	0.10000000000002274	TimeIntervals	Lick
876.4642499999999	0.06675000000007003	TimeIntervals	Lick
876.5974999999999	0.10000000000013642	TimeIntervals	Lick
876.8642500000002	0.09999999999968168	TimeIntervals	Lick
877.031	0.10000000000025011	TimeIntervals	Lick
877.16425	0.13350000000002638	TimeIntervals	Lick
877.331	0.1334999999999127	TimeIntervals	Lick
877.6310000000002	0.23349999999982174	TimeIntervals	Lick
877.8977500000001	0.09999999999990905	TimeIntervals	Lick
878.0977499999999	0.16675000000020646	TimeIntervals	Lick
878.331	0.10024999999995998	TimeIntervals	Lick
878.498	0.09999999999990905	TimeIntervals	Lick
878.93125	0.10000000000002274	TimeIntervals	Lick
879.0645	0.10000000000013642	TimeIntervals	Lick
879.5647499999999	0.10000000000013642	TimeIntervals	Lick
879.7980000000001	0.06674999999995634	TimeIntervals	Lick
880.0315	0.10000000000002274	TimeIntervals	Lick
880.1980000000001	0.06675000000007003	TimeIntervals	Lick
880.2980000000001	0.09999999999990905	TimeIntervals	Lick
880.4315	0.10000000000002274	TimeIntervals	Lick
880.7650000000001	0.06649999999990541	TimeIntervals	Lick
880.99825	0.23325000000011187	TimeIntervals	Lick
881.7985000000001	0.10000000000002274	TimeIntervals	Lick
882.4317500000001	0.06674999999995634	TimeIntervals	Lick
882.8985000000001	0.09999999999990905	TimeIntervals	Lick
883.932	0.06674999999995634	TimeIntervals	Lick
884.1655000000001	0.06649999999990541	TimeIntervals	Lick
884.6655000000001	0.13324999999997544	TimeIntervals	Lick
885.3990000000001	0.06649999999990541	TimeIntervals	Lick
885.5655	0.10000000000002274	TimeIntervals	Lick
885.699	0.10000000000025011	TimeIntervals	Lick
885.8655000000001	0.09999999999990905	TimeIntervals	Lick
886.06575	0.06675000000007003	TimeIntervals	Lick
886.1657500000001	0.1999999999999318	TimeIntervals	Lick
886.3990000000001	0.06674999999995634	TimeIntervals	Lick
886.499	0.10000000000002274	TimeIntervals	Lick
886.6325	0.09999999999990905	TimeIntervals	Lick
886.7657500000001	0.06674999999995634	TimeIntervals	Lick
886.8990000000001	0.06674999999995634	TimeIntervals	Lick
886.999	0.10000000000002274	TimeIntervals	Lick
887.3660000000002	0.09999999999979536	TimeIntervals	Lick
887.4992500000001	0.06675000000007003	TimeIntervals	Lick
887.59925	0.10000000000002274	TimeIntervals	Lick
887.69925	0.06675000000007003	TimeIntervals	Reward
887.7325	0.36675000000002456	TimeIntervals	Lick
888.1325	1.3004999999999427	TimeIntervals	Lick
889.46625	0.3332500000001346	TimeIntervals	Lick
889.8330000000001	0.599999999999909	TimeIntervals	Lick
890.4665	0.10000000000002274	TimeIntervals	Lick
890.59975	0.10000000000002274	TimeIntervals	Lick
890.7330000000001	0.33349999999995816	TimeIntervals	Lick
891.09975	0.36675000000002456	TimeIntervals	Lick
891.4997500000001	0.13350000000002638	TimeIntervals	Lick
891.6665000000002	0.10000000000002274	TimeIntervals	Lick
891.8000000000001	0.2332499999998845	TimeIntervals	Lick
892.0665	0.20000000000015916	TimeIntervals	Lick
892.3000000000001	0.10000000000002274	TimeIntervals	Lick
892.4665	0.10000000000002274	TimeIntervals	Lick
892.6	0.09999999999990905	TimeIntervals	Lick
892.7335000000002	0.06649999999990541	TimeIntervals	Lick
892.9000000000001	0.09999999999990905	TimeIntervals	Lick
893.1667500000002	0.06674999999995634	TimeIntervals	Lick
893.2667500000001	0.10000000000002274	TimeIntervals	Lick
893.4335000000001	0.2664999999998372	TimeIntervals	Lick
893.8335000000001	0.10000000000002274	TimeIntervals	Lick
894.0334999999999	0.10000000000002274	TimeIntervals	Lick
894.1670000000001	0.10000000000002274	TimeIntervals	Lick
894.3002500000001	0.10000000000002274	TimeIntervals	Lick
894.5002499999999	0.13324999999997544	TimeIntervals	Lick
894.7335000000002	0.09999999999990905	TimeIntervals	Lick
894.93375	0.10000000000002274	TimeIntervals	Lick
895.067	0.10000000000013642	TimeIntervals	Lick
895.2005	0.10000000000013642	TimeIntervals	Lick
895.3337500000001	0.1999999999999318	TimeIntervals	Lick
895.6005	0.10000000000002274	TimeIntervals	Lick
895.7670000000002	0.06674999999995634	TimeIntervals	Lick
895.8670000000001	0.13350000000002638	TimeIntervals	Lick
896.034	0.10000000000002274	TimeIntervals	Lick
896.1672500000001	0.09999999999990905	TimeIntervals	Lick
896.3005000000002	0.09999999999990905	TimeIntervals	Lick
896.4672499999999	0.06675000000007003	TimeIntervals	Lick
896.6005	0.10000000000002274	TimeIntervals	Lick
896.734	0.10000000000013642	TimeIntervals	Lick
896.8672500000001	0.23349999999982174	TimeIntervals	Lick
897.2675	0.10000000000013642	TimeIntervals	Lick
897.40075	0.09999999999990905	TimeIntervals	Lick
897.534	0.10000000000002274	TimeIntervals	Lick
897.6675	0.10000000000002274	TimeIntervals	Lick
897.8340000000002	0.06674999999984266	TimeIntervals	Lick
898.0007499999999	0.06675000000018372	TimeIntervals	Lick
898.1342500000001	0.06674999999995634	TimeIntervals	Lick
898.6675	0.06674999999995634	TimeIntervals	Lick
899.1675	0.10025000000007367	TimeIntervals	Lick
899.3010000000003	0.09999999999968168	TimeIntervals	Lick
899.4677499999999	0.10000000000025011	TimeIntervals	Lick
899.601	0.10000000000002274	TimeIntervals	Lick
899.7344999999999	0.13325000000008913	TimeIntervals	Lick
899.901	0.06674999999995634	TimeIntervals	Lick
900.001	0.10000000000002274	TimeIntervals	Lick
900.1345	0.09999999999990905	TimeIntervals	Lick
900.2677500000001	0.1334999999999127	TimeIntervals	Lick
900.4345	0.06674999999995634	TimeIntervals	Lick
900.5680000000002	0.1999999999998181	TimeIntervals	Lick
900.768	0.03325000000006639	TimeIntervals	Reward
900.8012500000001	2.7670000000000528	TimeIntervals	Lick
903.6015	0.7002500000002101	TimeIntervals	Lick
904.3685	0.06649999999990541	TimeIntervals	Lick
904.4685	0.33350000000007185	TimeIntervals	Lick
905.1020000000001	0.10000000000002274	TimeIntervals	Lick
905.2685	0.10000000000002274	TimeIntervals	Lick
905.43525	0.09999999999990905	TimeIntervals	Lick
905.5685000000002	0.23349999999982174	TimeIntervals	Lick
905.86875	0.10000000000002274	TimeIntervals	Lick
906.1687500000002	0.09999999999990905	TimeIntervals	Lick
906.3355000000001	0.09999999999990905	TimeIntervals	Lick
906.46875	0.13325000000008913	TimeIntervals	Lick
906.7020000000001	0.06674999999995634	TimeIntervals	Lick
906.8355000000001	0.09999999999990905	TimeIntervals	Lick
906.969	0.13324999999997544	TimeIntervals	Lick
907.1355	0.06675000000018372	TimeIntervals	Lick
907.2355	0.13350000000002638	TimeIntervals	Lick
907.40225	0.09999999999990905	TimeIntervals	Lick
907.7022500000002	0.09999999999990905	TimeIntervals	Lick
907.8355000000001	0.09999999999990905	TimeIntervals	Lick
908.0024999999999	0.10000000000002274	TimeIntervals	Lick
908.1357499999999	0.10000000000013642	TimeIntervals	Lick
908.269	0.10000000000002274	TimeIntervals	Lick
908.4025	0.09999999999990905	TimeIntervals	Lick
908.53575	0.09999999999990905	TimeIntervals	Lick
908.6690000000001	0.09999999999990905	TimeIntervals	Lick
908.8025000000001	0.13324999999986176	TimeIntervals	Lick
908.969	0.10000000000002274	TimeIntervals	Lick
909.136	0.10000000000002274	TimeIntervals	Lick
909.2692499999999	0.10000000000013642	TimeIntervals	Lick
909.4025	0.09999999999990905	TimeIntervals	Lick
909.636	0.10000000000002274	TimeIntervals	Lick
910.1025	0.10000000000013642	TimeIntervals	Lick
910.636	0.10000000000002274	TimeIntervals	Lick
911.036	0.10000000000002274	TimeIntervals	Lick
911.7362499999999	0.06675000000018372	TimeIntervals	Lick
912.03625	0.10000000000002274	TimeIntervals	Lick
912.6365	0.10000000000013642	TimeIntervals	Lick
912.8365000000001	0.09999999999990905	TimeIntervals	Lick
913.0365	0.06649999999990541	TimeIntervals	Lick
913.16975	0.13325000000008913	TimeIntervals	Lick
914.1365	0.13350000000014006	TimeIntervals	Lick
914.4365	0.10000000000002274	TimeIntervals	Lick
915.03675	0.10000000000002274	TimeIntervals	Lick
915.9035	0.10000000000002274	TimeIntervals	Lick
916.0369999999999	0.06650000000013279	TimeIntervals	Lick
916.7035000000001	0.20024999999986903	TimeIntervals	Lick
917.5705000000002	0.1999999999999318	TimeIntervals	Lick
917.8370000000002	0.0669999999997799	TimeIntervals	Lick
918.904	0.09999999999990905	TimeIntervals	Lick
922.8712500000001	0.13324999999986176	TimeIntervals	Lick
923.9380000000001	0.1334999999999127	TimeIntervals	Lick
924.9050000000001	0.10000000000002274	TimeIntervals	Lick
925.03825	0.06675000000007003	TimeIntervals	Lick
925.205	0.13324999999997544	TimeIntervals	Lick
925.3715000000001	0.10000000000002274	TimeIntervals	Lick
925.5715	0.10024999999995998	TimeIntervals	Lick
925.7385000000003	0.09999999999968168	TimeIntervals	Lick
925.8717500000002	0.09999999999979536	TimeIntervals	Lick
926.0050000000001	0.09999999999990905	TimeIntervals	Lick
926.1385	0.1999999999999318	TimeIntervals	Lick
926.4050000000001	0.10000000000002274	TimeIntervals	Lick
926.5385	0.20000000000027285	TimeIntervals	Lick
926.80525	0.10000000000002274	TimeIntervals	Reward
926.90525	5.26724999999999	TimeIntervals	Lick
932.206	0.13350000000002638	TimeIntervals	Lick
932.3727500000003	0.09999999999956799	TimeIntervals	Lick
932.506	0.10000000000002274	TimeIntervals	Lick
932.6395000000001	0.10000000000002274	TimeIntervals	Lick
932.7727500000001	0.10000000000025011	TimeIntervals	Lick
932.906	0.10000000000002274	TimeIntervals	Lick
933.0395000000001	0.13324999999997544	TimeIntervals	Lick
933.206	0.23349999999993543	TimeIntervals	Lick
933.473	0.10000000000002274	TimeIntervals	Lick
933.6062499999999	0.10000000000013642	TimeIntervals	Lick
933.7730000000001	0.10000000000002274	TimeIntervals	Lick
933.90625	0.10000000000013642	TimeIntervals	Lick
934.0395000000001	0.10000000000002274	TimeIntervals	Lick
934.173	0.13324999999997544	TimeIntervals	Lick
934.3395	0.1002499999998463	TimeIntervals	Lick
934.5065000000001	0.10000000000002274	TimeIntervals	Lick
934.6397500000002	0.10000000000002274	TimeIntervals	Lick
934.7730000000001	0.10000000000002274	TimeIntervals	Lick
934.9065	0.06649999999990541	TimeIntervals	Lick
935.03975	0.13324999999997544	TimeIntervals	Lick
935.2065	0.10000000000002274	TimeIntervals	Lick
935.3397500000001	0.09999999999979536	TimeIntervals	Lick
935.473	0.10024999999995998	TimeIntervals	Lick
935.6065000000001	0.09999999999990905	TimeIntervals	Lick
935.74	0.10000000000013642	TimeIntervals	Lick
935.9065	0.20000000000004547	TimeIntervals	Lick
936.1400000000001	0.13325000000008913	TimeIntervals	Lick
936.3065	0.10000000000002274	TimeIntervals	Lick
936.4399999999999	0.10000000000002274	TimeIntervals	Lick
936.60675	0.09999999999990905	TimeIntervals	Lick
936.74	0.13350000000014006	TimeIntervals	Lick
936.9067500000001	0.06674999999984266	TimeIntervals	Lick
937.0067500000001	0.13324999999997544	TimeIntervals	Lick
937.1735	0.10000000000013642	TimeIntervals	Lick
937.3067500000001	0.10000000000002274	TimeIntervals	Lick
937.4399999999999	0.20000000000015916	TimeIntervals	Lick
937.6735	0.10000000000013642	TimeIntervals	Lick
937.807	0.10000000000002274	TimeIntervals	Lick
937.9402499999999	0.23325000000011187	TimeIntervals	Lick
938.207	0.10000000000002274	TimeIntervals	Lick
938.34025	0.09999999999990905	TimeIntervals	Lick
938.4735	0.10000000000002274	TimeIntervals	Lick
938.607	0.10000000000002274	TimeIntervals	Lick
938.807	0.23349999999993543	TimeIntervals	Lick
939.07375	0.09999999999990905	TimeIntervals	Lick
939.207	0.10000000000002274	TimeIntervals	Lick
939.4405	0.09999999999990905	TimeIntervals	Lick
939.7405000000001	0.29999999999984084	TimeIntervals	Lick
940.5072500000001	0.09999999999990905	TimeIntervals	Lick
941.2075	0.06650000000013279	TimeIntervals	Lick
941.8075000000001	0.0665000000000191	TimeIntervals	Lick
942.6410000000001	0.06649999999990541	TimeIntervals	Lick
942.8742500000001	0.06674999999995634	TimeIntervals	Lick
943.60775	0.06674999999995634	TimeIntervals	Lick
944.2745000000002	0.09999999999990905	TimeIntervals	Lick
944.5080000000002	0.09999999999990905	TimeIntervals	Lick
945.4414999999999	0.10000000000025011	TimeIntervals	Lick
946.208	0.10000000000013642	TimeIntervals	Lick
946.4414999999999	0.10000000000025011	TimeIntervals	Lick
947.30825	0.06675000000007003	TimeIntervals	Lick
948.0084999999999	0.10000000000002274	TimeIntervals	Lick
948.5084999999999	0.10000000000002274	TimeIntervals	Lick
949.2085	0.06675000000018372	TimeIntervals	Lick
949.4085	0.09999999999990905	TimeIntervals	Lick
951.4754999999999	0.10000000000013642	TimeIntervals	Lick
951.609	0.06650000000013279	TimeIntervals	Lick
951.7422500000001	0.09999999999990905	TimeIntervals	Lick
951.8755000000001	0.1002499999998463	TimeIntervals	Lick
952.009	0.10000000000002274	TimeIntervals	Lick
952.1425	0.10000000000013642	TimeIntervals	Lick
952.27575	0.10000000000013642	TimeIntervals	Lick
952.409	0.06674999999995634	TimeIntervals	Lick
952.509	0.10000000000002274	TimeIntervals	Lick
952.6425	0.10000000000013642	TimeIntervals	Lick
952.77575	0.13324999999997544	TimeIntervals	Lick
952.8757500000002	0.09999999999979536	TimeIntervals	Reward
952.9425000000001	4.734000000000037	TimeIntervals	Lick
957.7100000000002	0.09999999999990905	TimeIntervals	Lick
957.84325	0.10000000000013642	TimeIntervals	Lick
957.9765	0.10000000000013642	TimeIntervals	Lick
958.11	0.20000000000004547	TimeIntervals	Lick
958.34325	0.10000000000013642	TimeIntervals	Lick
958.4765	0.10025000000007367	TimeIntervals	Lick
958.61	0.10000000000013642	TimeIntervals	Lick
958.77675	0.06675000000007003	TimeIntervals	Lick
958.91	0.10000000000002274	TimeIntervals	Lick
959.0767500000001	0.10000000000013642	TimeIntervals	Lick
959.2100000000002	0.09999999999990905	TimeIntervals	Lick
959.3435000000001	0.13324999999986176	TimeIntervals	Lick
959.51	0.2002500000000964	TimeIntervals	Lick
959.777	0.13324999999986176	TimeIntervals	Lick
959.9435	0.13350000000014006	TimeIntervals	Lick
960.2435	0.10000000000002274	TimeIntervals	Lick
960.5770000000001	0.10000000000002274	TimeIntervals	Lick
960.8437500000001	0.10000000000002274	TimeIntervals	Lick
961.0437499999999	0.10000000000013642	TimeIntervals	Lick
961.3770000000001	0.10000000000002274	TimeIntervals	Lick
961.5105	0.06650000000013279	TimeIntervals	Lick
961.87725	0.06675000000007003	TimeIntervals	Lick
962.0772500000002	0.06674999999984266	TimeIntervals	Lick
962.2772500000001	0.13324999999974807	TimeIntervals	Lick
962.9775	0.06650000000013279	TimeIntervals	Lick
963.3440000000002	0.09999999999990905	TimeIntervals	Lick
964.0775000000001	0.09999999999990905	TimeIntervals	Lick
964.3775000000002	0.06674999999995634	TimeIntervals	Lick
965.5777500000003	0.09999999999990905	TimeIntervals	Lick
966.1109999999999	0.10000000000013642	TimeIntervals	Lick
966.3112500000002	0.09999999999979536	TimeIntervals	Lick
966.6780000000001	0.20000000000004547	TimeIntervals	Lick
966.91125	0.23324999999999818	TimeIntervals	Lick
967.478	0.06675000000007003	TimeIntervals	Lick
967.8780000000002	0.09999999999979536	TimeIntervals	Lick
968.04475	0.06674999999995634	TimeIntervals	Lick
968.1447499999999	0.10000000000002274	TimeIntervals	Lick
968.278	0.10000000000013642	TimeIntervals	Lick
968.9115	0.16675000000009277	TimeIntervals	Lick
969.6449999999999	0.10000000000025011	TimeIntervals	Lick
970.7120000000002	0.09999999999990905	TimeIntervals	Lick
971.1452499999999	0.0667500000002974	TimeIntervals	Lick
971.54525	0.13325000000020282	TimeIntervals	Lick
972.9789999999999	0.10000000000025011	TimeIntervals	Lick
973.4789999999999	0.10000000000025011	TimeIntervals	Lick
973.7455	0.13350000000014006	TimeIntervals	Lick
974.4124999999999	0.10000000000002274	TimeIntervals	Lick
974.5790000000002	0.03349999999988995	TimeIntervals	Lick
974.7125000000002	0.36674999999991087	TimeIntervals	Lick
975.346	0.40000000000009095	TimeIntervals	Lick
975.8792500000001	2.70049999999992	TimeIntervals	Lick
978.8129999999999	0.10000000000013642	TimeIntervals	Lick
978.9465	0.2665000000000646	TimeIntervals	Lick
979.48	0.06649999999979173	TimeIntervals	Lick
981.9802500000001	0.10000000000002274	TimeIntervals	Lick
982.1135	0.10000000000013642	TimeIntervals	Lick
982.547	0.10000000000002274	TimeIntervals	Lick
982.6805000000003	0.5332499999997253	TimeIntervals	Lick
983.2470000000002	0.10000000000002274	TimeIntervals	Lick
983.3805000000002	0.1999999999998181	TimeIntervals	Lick
983.6137500000002	0.09999999999979536	TimeIntervals	Lick
983.814	0.10000000000002274	TimeIntervals	Lick
983.94725	0.09999999999990905	TimeIntervals	Lick
983.9804999999999	0.06675000000007003	TimeIntervals	Reward
984.0805	0.5	TimeIntervals	Lick
984.6140000000001	0.7999999999998408	TimeIntervals	Lick
985.4475	0.20000000000015916	TimeIntervals	Lick
985.68075	0.10000000000002274	TimeIntervals	Lick
985.814	0.10000000000002274	TimeIntervals	Lick
985.9475	1.099999999999909	TimeIntervals	Lick
987.0810000000001	0.10000000000002274	TimeIntervals	Lick
987.2145000000002	0.09999999999968168	TimeIntervals	Lick
987.3477500000001	0.09999999999979536	TimeIntervals	Lick
987.481	0.10000000000013642	TimeIntervals	Lick
987.6144999999999	0.10000000000025011	TimeIntervals	Lick
987.7477500000003	0.09999999999979536	TimeIntervals	Lick
987.881	0.10000000000002274	TimeIntervals	Lick
988.0145000000002	0.09999999999968168	TimeIntervals	Lick
988.14775	0.10025000000018736	TimeIntervals	Lick
988.28125	0.23325000000022555	TimeIntervals	Lick
988.548	0.13324999999997544	TimeIntervals	Lick
988.7145000000002	0.23349999999993543	TimeIntervals	Lick
988.9812499999999	0.10000000000013642	TimeIntervals	Lick
989.1144999999999	0.10000000000025011	TimeIntervals	Lick
989.2815000000002	0.06649999999990541	TimeIntervals	Lick
989.3815000000003	0.06649999999979173	TimeIntervals	Lick
989.4815000000001	0.5664999999999054	TimeIntervals	Lick
990.1479999999999	0.06675000000018372	TimeIntervals	Lick
990.4815000000001	0.06674999999972897	TimeIntervals	Lick
990.615	0.10000000000002274	TimeIntervals	Lick
990.9482499999999	0.09999999999990905	TimeIntervals	Lick
991.3150000000002	0.13324999999974807	TimeIntervals	Lick
991.5484999999999	0.06650000000013279	TimeIntervals	Lick
991.8150000000002	0.13349999999968531	TimeIntervals	Lick
992.4484999999999	0.10000000000002274	TimeIntervals	Lick
993.2485	0.13350000000014006	TimeIntervals	Lick
993.5820000000001	0.09999999999990905	TimeIntervals	Lick
994.4155	0.13324999999997544	TimeIntervals	Lick
994.7155	0.06650000000024647	TimeIntervals	Lick
995.249	0.0665000000000191	TimeIntervals	Lick
997.1825000000001	0.16675000000009277	TimeIntervals	Lick
997.5160000000002	0.06649999999979173	TimeIntervals	Lick
997.616	0.1999999999999318	TimeIntervals	Lick
997.8492500000002	0.09999999999979536	TimeIntervals	Lick
998.0492499999999	0.06675000000007003	TimeIntervals	Lick
998.1495000000002	0.13325000000008913	TimeIntervals	Lick
998.3159999999999	0.10000000000013642	TimeIntervals	Lick
998.4495000000001	0.09999999999990905	TimeIntervals	Lick
998.58275	0.13325000000008913	TimeIntervals	Lick
998.7827500000003	0.10000000000002274	TimeIntervals	Lick
999.08275	0.06675000000018372	TimeIntervals	Lick
999.183	0.20000000000038654	TimeIntervals	Lick
999.4495000000001	0.133499999999799	TimeIntervals	Lick
999.9495000000001	0.09999999999990905	TimeIntervals	Lick
1000.2495000000001	0.03350000000000364	TimeIntervals	Lick
1000.3830000000004	0.3334999999996171	TimeIntervals	Lick
1001.4499999999999	0.06650000000013279	TimeIntervals	Lick
1002.2832500000002	0.3002499999996644	TimeIntervals	Lick
1002.8835000000001	0.06649999999979173	TimeIntervals	Lick
1005.4837499999999	0.0667500000002974	TimeIntervals	Lick
1005.5837500000001	0.06674999999995634	TimeIntervals	Lick
1005.68375	0.10025000000030104	TimeIntervals	Lick
1005.8172500000001	0.3000000000000682	TimeIntervals	Lick
1006.1505000000001	0.09999999999979536	TimeIntervals	Lick
1006.2840000000003	0.23324999999965712	TimeIntervals	Lick
1006.5505000000002	0.06674999999995634	TimeIntervals	Lick
1006.6505000000001	0.09999999999979536	TimeIntervals	Lick
1006.7840000000003	0.09999999999990905	TimeIntervals	Lick
1006.9175	0.10000000000002274	TimeIntervals	Lick
1007.0507500000002	1.96674999999982	TimeIntervals	Lick
1007.0507500000002	0.03324999999972533	TimeIntervals	Reward
1009.051	0.10000000000013642	TimeIntervals	Lick
1009.1845000000002	0.10000000000002274	TimeIntervals	Lick
1009.31775	0.10000000000002274	TimeIntervals	Lick
1009.4509999999998	0.10000000000025011	TimeIntervals	Lick
1009.5845	0.2664999999998372	TimeIntervals	Lick
1009.8845000000001	0.09999999999990905	TimeIntervals	Lick
1010.01775	0.10000000000002274	TimeIntervals	Lick
1010.3180000000002	0.06649999999990541	TimeIntervals	Lick
1010.4512500000001	0.06674999999995634	TimeIntervals	Lick
1010.7845000000002	0.39999999999997726	TimeIntervals	Lick
1011.58475	0.06675000000007003	TimeIntervals	Lick
1012.3515	0.1334999999999127	TimeIntervals	Lick
1013.1515	0.06674999999995634	TimeIntervals	Lick
1013.4182500000001	0.06674999999984266	TimeIntervals	Lick
1014.0850000000002	0.06674999999995634	TimeIntervals	Lick
1014.4849999999999	0.06700000000000728	TimeIntervals	Lick
1014.6185000000002	0.09999999999990905	TimeIntervals	Lick
1015.2520000000001	0.10000000000002274	TimeIntervals	Lick
1015.4520000000002	0.26674999999977445	TimeIntervals	Lick
1017.8190000000003	0.09999999999979536	TimeIntervals	Lick
1017.9525000000001	0.09999999999990905	TimeIntervals	Lick
1018.5525	0.13325000000020282	TimeIntervals	Lick
1021.753	0.09999999999990905	TimeIntervals	Lick
1021.8862500000001	0.09999999999979536	TimeIntervals	Lick
1022.0195000000001	0.09999999999990905	TimeIntervals	Lick
1022.153	0.10000000000002274	TimeIntervals	Lick
1022.2865	0.10000000000013642	TimeIntervals	Lick
1022.41975	0.09999999999990905	TimeIntervals	Lick
1022.5530000000001	0.06674999999984266	TimeIntervals	Lick
1022.653	0.10000000000002274	TimeIntervals	Lick
1022.7865	0.1999999999999318	TimeIntervals	Lick
1023.0197499999999	0.20000000000015916	TimeIntervals	Lick
1023.253	0.2002500000002101	TimeIntervals	Lick
1023.4865	0.10000000000013642	TimeIntervals	Lick
1023.6200000000001	0.09999999999990905	TimeIntervals	Lick
1023.75325	0.10000000000013642	TimeIntervals	Lick
1023.8865000000002	0.09999999999979536	TimeIntervals	Lick
1024.02	0.09999999999990905	TimeIntervals	Lick
1024.0865	0.06674999999995634	TimeIntervals	Reward
1024.1532499999998	2.5672500000002856	TimeIntervals	Lick
1026.75375	0.06674999999995634	TimeIntervals	Lick
1026.85375	0.06675000000018372	TimeIntervals	Lick
1026.9537500000001	0.13324999999986176	TimeIntervals	Lick
1027.1205	0.10000000000013642	TimeIntervals	Lick
1027.25375	0.13324999999986176	TimeIntervals	Lick
1027.4205000000002	0.09999999999968168	TimeIntervals	Lick
1027.587	0.10000000000013642	TimeIntervals	Lick
1027.7540000000001	0.06649999999990541	TimeIntervals	Lick
1027.9872500000001	0.2667500000000018	TimeIntervals	Lick
1028.28725	0.09999999999990905	TimeIntervals	Lick
1028.4872500000001	0.09999999999990905	TimeIntervals	Lick
1028.7205000000001	0.09999999999990905	TimeIntervals	Lick
1029.2207500000002	0.13324999999963438	TimeIntervals	Lick
1029.4207500000005	0.0999999999994543	TimeIntervals	Lick
1029.6207499999998	0.1332500000003165	TimeIntervals	Lick
1029.7875000000001	0.09999999999968168	TimeIntervals	Lick
1030.0875	0.16675000000009277	TimeIntervals	Lick
1030.2875000000001	0.09999999999968168	TimeIntervals	Lick
1030.45425	0.23324999999999818	TimeIntervals	Lick
1030.721	0.16649999999981446	TimeIntervals	Lick
1030.9875000000002	0.033499999999776264	TimeIntervals	Lick
1031.2545000000002	0.0999999999994543	TimeIntervals	Lick
1031.98775	0.10000000000013642	TimeIntervals	Lick
1032.32125	0.06674999999995634	TimeIntervals	Lick
1035.5885	0.10000000000013642	TimeIntervals	Lick
1036.5552500000001	0.06674999999995634	TimeIntervals	Lick
1037.4885	0.06675000000018372	TimeIntervals	Lick
1039.42225	0.06674999999995634	TimeIntervals	Lick
1044.0562499999999	0.10000000000013642	TimeIntervals	Lick
1044.1895	0.06700000000000728	TimeIntervals	Lick
1044.28975	0.09999999999990905	TimeIntervals	Lick
1044.4230000000002	0.1999999999998181	TimeIntervals	Lick
1044.6564999999998	0.20000000000027285	TimeIntervals	Lick
1044.8897499999998	0.06675000000041109	TimeIntervals	Lick
1044.9897500000002	0.09999999999990905	TimeIntervals	Lick
1045.123	0.06674999999995634	TimeIntervals	Lick
1045.2230000000002	0.10024999999973261	TimeIntervals	Lick
1045.3565	0.10000000000013642	TimeIntervals	Lick
1045.4900000000002	0.06649999999967804	TimeIntervals	Lick
1045.59	0.09999999999990905	TimeIntervals	Lick
1045.72325	0.09999999999990905	TimeIntervals	Lick
1045.8565	0.10000000000013642	TimeIntervals	Lick
1045.9900000000002	0.19999999999959073	TimeIntervals	Lick
1046.12325	0.09999999999990905	TimeIntervals	Reward
1046.22325	0.6335000000001401	TimeIntervals	Lick
1046.89	0.1999999999998181	TimeIntervals	Lick
1047.1235	0.333250000000362	TimeIntervals	Lick
1047.4900000000002	0.23349999999982174	TimeIntervals	Lick
1047.7570000000003	0.8667499999996835	TimeIntervals	Lick
1048.6569999999997	0.10000000000059117	TimeIntervals	Lick
1048.7905	0.2664999999999509	TimeIntervals	Lick
1049.0905000000002	0.0999999999994543	TimeIntervals	Lick
1049.2237500000003	0.2332499999997708	TimeIntervals	Lick
1049.4905	0.10000000000013642	TimeIntervals	Lick
1049.62375	0.2667500000000018	TimeIntervals	Lick
1049.924	0.13325000000008913	TimeIntervals	Lick
1050.0905000000002	0.0999999999994543	TimeIntervals	Lick
1050.224	0.09999999999990905	TimeIntervals	Lick
1050.524	0.13325000000008913	TimeIntervals	Lick
1050.6904999999997	0.1000000000003638	TimeIntervals	Lick
1050.9575000000002	0.13324999999986176	TimeIntervals	Lick
1051.124	0.2999999999999545	TimeIntervals	Lick
1051.4575000000002	0.09999999999990905	TimeIntervals	Lick
1051.724	0.06675000000018372	TimeIntervals	Lick
1051.92425	0.09999999999990905	TimeIntervals	Lick
1053.05775	0.23324999999999818	TimeIntervals	Lick
1053.35775	0.06675000000041109	TimeIntervals	Lick
1053.4910000000002	0.09999999999990905	TimeIntervals	Lick
1053.791	0.16675000000009277	TimeIntervals	Lick
1054.3580000000002	0.06650000000013279	TimeIntervals	Lick
1054.558	0.09999999999968168	TimeIntervals	Lick
1058.2917500000003	0.06674999999972897	TimeIntervals	Lick
