onset	duration	nwb_table	event_type
12.0495	0.09999999999999964	TimeIntervals	Reward
12.2495	4.333999999999998	TimeIntervals	Lick
16.617	0.09999999999999787	TimeIntervals	Lick
16.750249999999998	0.23325000000000173	TimeIntervals	Lick
17.0505	0.06650000000000134	TimeIntervals	Lick
17.18375	0.06674999999999542	TimeIntervals	Lick
17.5505	0.19999999999999574	TimeIntervals	Lick
17.783749999999998	0.10000000000000142	TimeIntervals	Lick
17.917	0.06675000000000253	TimeIntervals	Lick
18.0505	0.06650000000000134	TimeIntervals	Lick
18.384	0.06650000000000134	TimeIntervals	Lick
18.884	0.399999999999995	TimeIntervals	Lick
19.584000000000003	0.06674999999999898	TimeIntervals	Lick
19.9175	0.23325000000000173	TimeIntervals	Lick
20.25075	0.06674999999999898	TimeIntervals	Lick
20.4175	0.1335000000000015	TimeIntervals	Lick
20.751	0.06649999999999778	TimeIntervals	Lick
21.08425	0.06675000000000253	TimeIntervals	Lick
21.451	0.06674999999999898	TimeIntervals	Lick
21.984499999999997	0.23325000000000173	TimeIntervals	Lick
22.351	0.10000000000000142	TimeIntervals	Lick
22.51775	0.10025000000000261	TimeIntervals	Lick
22.951250000000005	0.09999999999999787	TimeIntervals	Lick
23.517999999999997	0.10000000000000497	TimeIntervals	Lick
23.68475	0.09999999999999432	TimeIntervals	Lick
24.1515	0.06650000000000134	TimeIntervals	Lick
24.284749999999995	0.20000000000000995	TimeIntervals	Lick
24.551499999999997	0.10000000000000142	TimeIntervals	Lick
25.21825	0.06674999999999542	TimeIntervals	Lick
25.31825	0.033250000000002444	TimeIntervals	Lick
25.6515	0.06675000000000253	TimeIntervals	Lick
26.018500000000003	0.06649999999999778	TimeIntervals	Lick
26.15175	0.06674999999999542	TimeIntervals	Lick
26.685	0.09999999999999787	TimeIntervals	Lick
27.1185	0.033500000000000085	TimeIntervals	Lick
27.218499999999995	0.06675000000000253	TimeIntervals	Lick
27.351999999999997	0.10000000000000497	TimeIntervals	Lick
28.71875	0.06674999999999542	TimeIntervals	Lick
29.752249999999997	0.06675000000000253	TimeIntervals	Lick
30.319000000000003	0.033500000000000085	TimeIntervals	Lick
31.819250000000004	0.06674999999999898	TimeIntervals	Lick
32.4195	0.09999999999999432	TimeIntervals	Lick
35.6865	0.06674999999999898	TimeIntervals	Lick
36.919999999999995	0.06674999999999898	TimeIntervals	Lick
38.18699999999999	0.0665000000000191	TimeIntervals	Lick
40.754	0.066500000000012	TimeIntervals	Lick
40.854000000000006	0.06649999999999068	TimeIntervals	Lick
42.35425	0.09999999999999432	TimeIntervals	Reward
42.48749999999999	4.300750000000001	TimeIntervals	Lick
46.8215	0.10000000000000142	TimeIntervals	Lick
46.955	0.4000000000000128	TimeIntervals	Lick
47.4215	0.10000000000000142	TimeIntervals	Lick
47.58825	0.06674999999999898	TimeIntervals	Lick
47.688250000000004	0.10024999999999551	TimeIntervals	Lick
48.4885	0.10000000000000142	TimeIntervals	Lick
48.922	0.06650000000000489	TimeIntervals	Lick
49.35525	0.20000000000000284	TimeIntervals	Lick
49.9885	0.06700000000000017	TimeIntervals	Lick
50.355500000000006	0.06649999999999068	TimeIntervals	Lick
50.455499999999994	0.066500000000012	TimeIntervals	Lick
50.5555	0.06649999999999778	TimeIntervals	Lick
51.355500000000006	0.06674999999998477	TimeIntervals	Lick
51.92224999999999	0.10000000000001563	TimeIntervals	Lick
52.4225	0.10000000000000142	TimeIntervals	Lick
52.55575	0.10000000000000853	TimeIntervals	Lick
52.889	0.1667500000000004	TimeIntervals	Lick
54.42275	0.10000000000000142	TimeIntervals	Lick
55.55625	0.06674999999999898	TimeIntervals	Lick
55.823	0.10000000000000142	TimeIntervals	Lick
56.15625	0.19999999999999574	TimeIntervals	Lick
56.856500000000004	0.09999999999999432	TimeIntervals	Lick
57.623	0.10024999999999551	TimeIntervals	Lick
58.49	0.06649999999999778	TimeIntervals	Lick
59.0235	0.06650000000000489	TimeIntervals	Lick
59.39	0.13349999999999795	TimeIntervals	Lick
60.223499999999994	0.06675000000000608	TimeIntervals	Lick
61.590500000000006	0.06649999999998357	TimeIntervals	Lick
63.25750000000001	0.06649999999999778	TimeIntervals	Lick
64.09075	0.06674999999999898	TimeIntervals	Lick
65.0575	0.09999999999999432	TimeIntervals	Lick
66.02449999999999	0.06650000000000489	TimeIntervals	Lick
66.6245	0.06675000000001319	TimeIntervals	Lick
67.19125000000001	0.06674999999998477	TimeIntervals	Lick
67.658	0.09999999999999432	TimeIntervals	Reward
67.7915	4.3672499999999985	TimeIntervals	Lick
72.19200000000001	0.06674999999999898	TimeIntervals	Lick
72.292	0.46675000000000466	TimeIntervals	Lick
73.359	0.0665000000000191	TimeIntervals	Lick
73.72550000000001	0.13349999999998374	TimeIntervals	Lick
74.2925	0.03324999999999534	TimeIntervals	Lick
74.39250000000001	0.06649999999999068	TimeIntervals	Lick
74.72574999999999	0.3332500000000209	TimeIntervals	Lick
75.42600000000002	0.06649999999999068	TimeIntervals	Lick
75.526	0.06650000000000489	TimeIntervals	Lick
75.82600000000001	0.06650000000000489	TimeIntervals	Lick
75.9925	0.06674999999999898	TimeIntervals	Lick
76.19250000000001	0.06674999999999898	TimeIntervals	Lick
76.5595	0.10000000000000853	TimeIntervals	Lick
76.79275	0.10000000000000853	TimeIntervals	Lick
77.3595	0.10000000000002274	TimeIntervals	Lick
77.52625	0.03324999999999534	TimeIntervals	Lick
78.02625	0.10000000000000853	TimeIntervals	Lick
78.15950000000001	0.19999999999998863	TimeIntervals	Lick
78.42625000000001	0.1002499999999884	TimeIntervals	Lick
78.55975000000001	0.06674999999999898	TimeIntervals	Lick
78.65975000000002	0.13324999999998965	TimeIntervals	Lick
78.95975000000001	0.09999999999999432	TimeIntervals	Lick
79.12650000000001	0.09999999999999432	TimeIntervals	Lick
79.293	0.400250000000014	TimeIntervals	Lick
80.76	0.06674999999998477	TimeIntervals	Lick
81.42675	0.09999999999999432	TimeIntervals	Lick
81.76	0.06699999999999307	TimeIntervals	Lick
82.26025	0.09999999999999432	TimeIntervals	Lick
83.62700000000001	0.10000000000000853	TimeIntervals	Lick
84.52724999999998	0.1332500000000323	TimeIntervals	Lick
84.96050000000001	0.06674999999997056	TimeIntervals	Lick
85.594	0.10000000000000853	TimeIntervals	Lick
85.82749999999999	0.0665000000000191	TimeIntervals	Lick
85.9275	7.667750000000012	TimeIntervals	Lick
86.0275	0.10000000000000853	TimeIntervals	Reward
93.76200000000001	0.06649999999999068	TimeIntervals	Lick
93.86200000000001	0.4334999999999951	TimeIntervals	Lick
94.32875	0.46675000000000466	TimeIntervals	Lick
94.89550000000001	0.13349999999998374	TimeIntervals	Lick
96.029	0.13350000000001216	TimeIntervals	Lick
96.42900000000002	0.06674999999999898	TimeIntervals	Lick
96.7625	0.36650000000001626	TimeIntervals	Lick
97.19600000000001	0.06649999999999068	TimeIntervals	Lick
97.29599999999999	0.13325000000001808	TimeIntervals	Lick
97.7625	0.20000000000001705	TimeIntervals	Lick
98.62950000000001	0.09999999999999432	TimeIntervals	Lick
99.59625000000001	0.10000000000000853	TimeIntervals	Lick
100.3295	0.06675000000001319	TimeIntervals	Lick
100.69650000000001	0.0999999999999801	TimeIntervals	Lick
100.92975000000001	0.06674999999999898	TimeIntervals	Lick
101.2965	0.13325000000001808	TimeIntervals	Lick
101.8965	0.06675000000001319	TimeIntervals	Lick
101.99650000000001	0.09999999999999432	TimeIntervals	Lick
102.43	0.06650000000000489	TimeIntervals	Lick
102.73	0.09999999999999432	TimeIntervals	Lick
103.39675000000001	0.06674999999999898	TimeIntervals	Lick
104.697	0.06650000000000489	TimeIntervals	Lick
104.96375000000002	0.06674999999998477	TimeIntervals	Lick
105.097	0.10000000000000853	TimeIntervals	Lick
105.297	0.10000000000000853	TimeIntervals	Lick
105.7305	0.23350000000000648	TimeIntervals	Lick
106.4305	0.06675000000001319	TimeIntervals	Lick
106.76400000000001	0.06649999999997647	TimeIntervals	Lick
108.36425	0.10000000000000853	TimeIntervals	Lick
108.66425000000001	0.06674999999998477	TimeIntervals	Lick
108.93100000000001	0.09999999999999432	TimeIntervals	Lick
109.131	0.06650000000000489	TimeIntervals	Lick
109.26450000000001	0.06649999999997647	TimeIntervals	Lick
109.3645	0.09999999999999432	TimeIntervals	Lick
109.49775000000001	0.09999999999999432	TimeIntervals	Lick
109.631	0.23350000000000648	TimeIntervals	Lick
109.89775	0.13325000000000387	TimeIntervals	Lick
110.231	0.03350000000001785	TimeIntervals	Lick
111.43150000000001	0.0999999999999801	TimeIntervals	Reward
111.59800000000001	3.8004999999999995	TimeIntervals	Lick
115.432	0.09999999999999432	TimeIntervals	Lick
115.56525	0.10000000000000853	TimeIntervals	Lick
115.69850000000001	0.06674999999999898	TimeIntervals	Lick
115.83200000000001	0.06675000000001319	TimeIntervals	Lick
116.16550000000001	0.19999999999998863	TimeIntervals	Lick
116.83200000000001	0.06699999999999307	TimeIntervals	Lick
117.3655	0.10000000000002274	TimeIntervals	Lick
117.99900000000001	0.09999999999999432	TimeIntervals	Lick
118.63250000000001	0.0665000000000191	TimeIntervals	Lick
118.76575000000001	0.06674999999998477	TimeIntervals	Lick
118.86575	0.13325000000000387	TimeIntervals	Lick
119.63250000000001	0.0999999999999801	TimeIntervals	Lick
119.96600000000002	0.06649999999997647	TimeIntervals	Lick
120.33274999999999	0.10000000000002274	TimeIntervals	Lick
120.66600000000001	0.10000000000000853	TimeIntervals	Lick
120.93275000000001	0.0999999999999801	TimeIntervals	Lick
121.066	0.3335000000000008	TimeIntervals	Lick
121.46625000000002	0.06674999999997056	TimeIntervals	Lick
121.5995	0.10000000000000853	TimeIntervals	Lick
121.76625000000001	0.06674999999998477	TimeIntervals	Lick
122.29949999999998	0.03350000000001785	TimeIntervals	Lick
122.69975	0.10000000000000853	TimeIntervals	Lick
123.13300000000002	0.09999999999999432	TimeIntervals	Lick
123.60000000000001	0.06650000000000489	TimeIntervals	Lick
124.16650000000001	0.10000000000000853	TimeIntervals	Lick
124.5665	0.1002499999999884	TimeIntervals	Lick
125.4335	0.06650000000000489	TimeIntervals	Lick
125.56675000000001	0.06675000000001319	TimeIntervals	Lick
125.90024999999999	0.0667500000000274	TimeIntervals	Lick
126.367	0.06649999999999068	TimeIntervals	Lick
127.03375000000001	0.10000000000000853	TimeIntervals	Lick
127.53375000000001	0.10000000000000853	TimeIntervals	Lick
127.667	0.10000000000000853	TimeIntervals	Lick
128.2005	0.09999999999999432	TimeIntervals	Lick
128.96750000000003	0.06649999999996226	TimeIntervals	Lick
129.134	0.10000000000002274	TimeIntervals	Lick
129.43400000000003	0.0999999999999659	TimeIntervals	Lick
129.5675	0.06649999999999068	TimeIntervals	Lick
129.6675	0.10000000000002274	TimeIntervals	Lick
129.80075	0.06675000000001319	TimeIntervals	Lick
129.90075000000002	0.0999999999999659	TimeIntervals	Lick
130.0675	0.06675000000001319	TimeIntervals	Lick
130.1675	0.10000000000002274	TimeIntervals	Lick
130.53425000000001	0.1667500000000075	TimeIntervals	Lick
130.83425000000003	0.0999999999999659	TimeIntervals	Reward
130.96750000000003	4.067499999999967	TimeIntervals	Lick
135.06824999999998	0.06675000000001319	TimeIntervals	Lick
135.16825	0.16675000000003593	TimeIntervals	Lick
135.535	0.09999999999999432	TimeIntervals	Lick
135.76850000000002	0.03325000000000955	TimeIntervals	Lick
136.802	0.10000000000002274	TimeIntervals	Lick
137.002	0.0665000000000191	TimeIntervals	Lick
137.6685	0.06675000000001319	TimeIntervals	Lick
137.83550000000002	0.06649999999999068	TimeIntervals	Lick
138.36875000000003	0.0999999999999659	TimeIntervals	Lick
138.66875	0.06675000000001319	TimeIntervals	Lick
138.83550000000002	0.39999999999997726	TimeIntervals	Lick
139.56900000000002	0.0999999999999659	TimeIntervals	Lick
141.06900000000002	0.1002499999999884	TimeIntervals	Lick
141.20250000000001	0.06675000000001319	TimeIntervals	Lick
141.3025	0.06675000000001319	TimeIntervals	Lick
141.70250000000001	0.06675000000001319	TimeIntervals	Lick
141.96925000000002	0.09999999999999432	TimeIntervals	Lick
142.36950000000002	0.09999999999999432	TimeIntervals	Lick
142.50275000000002	0.06674999999998477	TimeIntervals	Lick
142.6695	0.06649999999999068	TimeIntervals	Lick
142.836	0.09999999999999432	TimeIntervals	Lick
143.0695	0.06649999999999068	TimeIntervals	Lick
143.1695	0.10000000000002274	TimeIntervals	Lick
143.36950000000002	0.06674999999998477	TimeIntervals	Lick
143.4695	0.23349999999999227	TimeIntervals	Lick
143.903	0.10000000000002274	TimeIntervals	Lick
144.03625	0.13325000000000387	TimeIntervals	Lick
144.203	0.09999999999999432	TimeIntervals	Lick
144.4365	0.19999999999998863	TimeIntervals	Lick
144.66975	0.06675000000001319	TimeIntervals	Lick
144.803	0.13349999999999795	TimeIntervals	Lick
146.00325	0.09999999999999432	TimeIntervals	Lick
146.90350000000004	0.06649999999999068	TimeIntervals	Lick
147.03675	0.06674999999998477	TimeIntervals	Lick
147.73700000000002	0.06649999999999068	TimeIntervals	Lick
148.97050000000004	0.06649999999996226	TimeIntervals	Lick
149.1705	0.10000000000002274	TimeIntervals	Reward
149.27050000000003	3.9339999999999975	TimeIntervals	Lick
153.23775	0.09999999999999432	TimeIntervals	Lick
153.37100000000004	0.06674999999998477	TimeIntervals	Lick
153.5045	0.0999999999999659	TimeIntervals	Lick
153.63774999999998	0.23325000000005502	TimeIntervals	Lick
154.07100000000003	0.06674999999995634	TimeIntervals	Lick
154.20450000000002	0.06674999999998477	TimeIntervals	Lick
154.47125000000003	0.06674999999998477	TimeIntervals	Lick
154.70450000000002	0.06674999999998477	TimeIntervals	Lick
155.37150000000003	0.06649999999999068	TimeIntervals	Lick
155.4715	0.10000000000002274	TimeIntervals	Lick
155.70475000000002	0.06674999999998477	TimeIntervals	Lick
156.23800000000003	0.09999999999999432	TimeIntervals	Lick
156.37150000000003	0.06674999999998477	TimeIntervals	Lick
156.705	0.09999999999999432	TimeIntervals	Lick
156.87150000000003	0.06674999999998477	TimeIntervals	Lick
157.57175	0.06675000000001319	TimeIntervals	Lick
157.705	0.06675000000004161	TimeIntervals	Lick
157.97175000000004	0.06674999999995634	TimeIntervals	Lick
158.23850000000002	0.03325000000003797	TimeIntervals	Lick
158.505	0.09999999999999432	TimeIntervals	Lick
158.672	0.0665000000000191	TimeIntervals	Lick
158.77200000000002	0.0999999999999659	TimeIntervals	Lick
158.90525000000002	0.0999999999999659	TimeIntervals	Lick
159.0385	0.10000000000002274	TimeIntervals	Lick
159.27200000000002	0.0999999999999659	TimeIntervals	Lick
159.50525	0.06675000000001319	TimeIntervals	Lick
159.63850000000002	0.3669999999999902	TimeIntervals	Lick
160.8055	0.06675000000001319	TimeIntervals	Lick
160.90550000000005	0.06674999999995634	TimeIntervals	Lick
161.37225	0.06674999999998477	TimeIntervals	Lick
161.97250000000003	0.166499999999985	TimeIntervals	Lick
162.439	0.09999999999999432	TimeIntervals	Reward
162.60575	3.6004999999999825	TimeIntervals	Lick
166.2395	0.10025000000001683	TimeIntervals	Lick
166.37300000000002	0.09999999999999432	TimeIntervals	Lick
166.53975	0.09999999999999432	TimeIntervals	Lick
166.973	0.13349999999996953	TimeIntervals	Lick
167.173	0.06675000000001319	TimeIntervals	Lick
167.7065	0.09999999999999432	TimeIntervals	Lick
168.0065	0.06675000000001319	TimeIntervals	Lick
168.10649999999998	0.06675000000001319	TimeIntervals	Lick
169.00675	0.06675000000001319	TimeIntervals	Lick
169.40675000000002	0.09999999999999432	TimeIntervals	Lick
169.77350000000004	0.0999999999999659	TimeIntervals	Lick
169.94025000000002	0.09999999999999432	TimeIntervals	Lick
170.07350000000002	0.13349999999999795	TimeIntervals	Lick
170.30700000000002	0.09999999999999432	TimeIntervals	Lick
170.44025000000002	0.06674999999998477	TimeIntervals	Lick
170.54025000000001	0.20025000000001114	TimeIntervals	Lick
170.77375000000004	0.09999999999999432	TimeIntervals	Lick
170.907	0.09999999999999432	TimeIntervals	Lick
171.04050000000004	0.09999999999993747	TimeIntervals	Lick
171.17374999999998	0.06675000000004161	TimeIntervals	Lick
171.27375000000004	0.09999999999999432	TimeIntervals	Lick
171.407	0.09999999999999432	TimeIntervals	Lick
171.54050000000004	0.09999999999993747	TimeIntervals	Lick
171.67374999999998	0.10025000000004525	TimeIntervals	Lick
171.8405	0.06675000000001319	TimeIntervals	Lick
172.77400000000003	0.06649999999996226	TimeIntervals	Lick
173.34075	0.09999999999999432	TimeIntervals	Lick
174.17425	0.06675000000001319	TimeIntervals	Lick
174.64099999999996	0.06650000000007594	TimeIntervals	Lick
174.8075	0.10000000000002274	TimeIntervals	Lick
174.941	0.10000000000002274	TimeIntervals	Lick
175.0745	0.09999999999999432	TimeIntervals	Lick
175.20775000000003	0.19999999999998863	TimeIntervals	Lick
175.64099999999996	0.2000000000000739	TimeIntervals	Lick
176.20800000000003	0.09999999999999432	TimeIntervals	Lick
176.6745	0.10000000000005116	TimeIntervals	Lick
176.908	0.0665000000000191	TimeIntervals	Lick
177.14125	0.09999999999999432	TimeIntervals	Lick
177.87475000000003	0.06674999999995634	TimeIntervals	Lick
178.37500000000003	0.09999999999999432	TimeIntervals	Lick
178.47500000000002	0.09999999999999432	TimeIntervals	Reward
178.6415	4.000499999999988	TimeIntervals	Lick
182.6755	0.0665000000000191	TimeIntervals	Lick
182.80900000000003	0.03325000000000955	TimeIntervals	Lick
183.30900000000003	0.06649999999996226	TimeIntervals	Lick
183.74225000000004	0.1002499999999884	TimeIntervals	Lick
183.94250000000002	0.06649999999999068	TimeIntervals	Lick
184.24250000000004	0.13324999999997544	TimeIntervals	Lick
184.67575	0.06675000000004161	TimeIntervals	Lick
184.976	0.06649999999999068	TimeIntervals	Lick
185.10925	0.2667500000000018	TimeIntervals	Lick
185.77600000000004	0.06649999999999068	TimeIntervals	Lick
186.20950000000002	0.0665000000000191	TimeIntervals	Lick
186.37599999999998	0.06675000000001319	TimeIntervals	Lick
186.676	0.10000000000005116	TimeIntervals	Lick
186.80950000000004	0.0999999999999659	TimeIntervals	Lick
186.94275	0.10000000000002274	TimeIntervals	Lick
187.17624999999998	0.06675000000007003	TimeIntervals	Lick
187.4095	0.09999999999999432	TimeIntervals	Lick
187.57625000000002	0.2667499999999734	TimeIntervals	Lick
188.1095	0.1335000000000548	TimeIntervals	Lick
188.3765	0.13325000000000387	TimeIntervals	Lick
189.7765	0.09999999999999432	TimeIntervals	Lick
190.31	0.13349999999999795	TimeIntervals	Lick
190.8435	0.09999999999999432	TimeIntervals	Reward
191.01	3.800500000000028	TimeIntervals	Lick
194.84400000000005	0.09999999999993747	TimeIntervals	Lick
195.1775	0.29999999999998295	TimeIntervals	Lick
195.544	0.0999999999999659	TimeIntervals	Lick
196.27750000000003	0.09999999999999432	TimeIntervals	Lick
196.44424999999998	0.03325000000000955	TimeIntervals	Lick
196.811	0.09999999999999432	TimeIntervals	Lick
196.94424999999998	0.10025000000001683	TimeIntervals	Lick
197.211	0.06675000000001319	TimeIntervals	Lick
197.311	0.09999999999999432	TimeIntervals	Lick
197.5445	0.06649999999999068	TimeIntervals	Lick
197.9445	0.06649999999999068	TimeIntervals	Lick
198.24450000000002	0.09999999999999432	TimeIntervals	Lick
198.41125000000002	0.09999999999999432	TimeIntervals	Lick
198.64450000000002	0.09999999999999432	TimeIntervals	Lick
198.77800000000002	0.09999999999999432	TimeIntervals	Lick
199.37800000000001	0.06674999999998477	TimeIntervals	Lick
199.64475	0.06675000000004161	TimeIntervals	Lick
200.01149999999998	0.09999999999999432	TimeIntervals	Lick
200.41150000000002	0.06675000000001319	TimeIntervals	Lick
200.51149999999998	0.09999999999999432	TimeIntervals	Lick
201.27825	0.10000000000002274	TimeIntervals	Lick
201.44500000000002	0.0999999999999659	TimeIntervals	Lick
201.5785	0.0665000000000191	TimeIntervals	Lick
201.6785	0.06649999999999068	TimeIntervals	Lick
201.81175000000002	0.09999999999999432	TimeIntervals	Lick
201.94500000000002	0.0999999999999659	TimeIntervals	Lick
202.0785	0.10000000000002274	TimeIntervals	Lick
202.21175	0.06675000000004161	TimeIntervals	Lick
202.34500000000003	0.09999999999999432	TimeIntervals	Lick
203.04524999999998	0.03325000000000955	TimeIntervals	Lick
203.47850000000003	0.06674999999995634	TimeIntervals	Lick
204.012	0.06674999999998477	TimeIntervals	Lick
204.24550000000002	0.06649999999999068	TimeIntervals	Lick
204.512	0.20000000000001705	TimeIntervals	Lick
205.11224999999996	0.20000000000001705	TimeIntervals	Lick
205.379	0.10000000000002274	TimeIntervals	Lick
205.61224999999996	0.10000000000007958	TimeIntervals	Lick
205.84575	0.09999999999999432	TimeIntervals	Lick
206.04575000000003	0.06674999999995634	TimeIntervals	Lick
206.17899999999997	0.2335000000000491	TimeIntervals	Lick
206.44575	0.1332500000000323	TimeIntervals	Lick
206.8125	0.10000000000002274	TimeIntervals	Lick
207.27925000000005	0.16674999999997908	TimeIntervals	Lick
208.27950000000004	0.0999999999999659	TimeIntervals	Lick
208.61274999999998	0.10000000000007958	TimeIntervals	Lick
208.74600000000007	0.06674999999995634	TimeIntervals	Lick
208.8795	0.0999999999999659	TimeIntervals	Lick
209.27950000000004	0.16674999999995066	TimeIntervals	Lick
209.47949999999997	0.10000000000005116	TimeIntervals	Lick
209.61299999999997	0.10000000000005116	TimeIntervals	Lick
209.77950000000004	0.06674999999998477	TimeIntervals	Lick
209.97949999999997	0.10000000000005116	TimeIntervals	Lick
210.14624999999998	0.06675000000004161	TimeIntervals	Lick
210.37975	0.0999999999999659	TimeIntervals	Lick
210.87975	0.0999999999999659	TimeIntervals	Lick
211.24650000000003	0.06674999999998477	TimeIntervals	Lick
211.64649999999997	0.06675000000007003	TimeIntervals	Lick
211.84650000000002	0.09999999999999432	TimeIntervals	Lick
212.31325	0.06675000000004161	TimeIntervals	Lick
212.74675000000002	0.19999999999998863	TimeIntervals	Lick
213.28000000000003	0.10000000000002274	TimeIntervals	Lick
213.51350000000002	0.0999999999999659	TimeIntervals	Lick
213.64699999999996	0.10000000000007958	TimeIntervals	Lick
213.81349999999998	0.16675000000003593	TimeIntervals	Lick
214.01350000000002	0.0999999999999659	TimeIntervals	Lick
214.21350000000004	0.09999999999993747	TimeIntervals	Reward
214.24700000000004	0.06649999999993383	TimeIntervals	Lick
214.347	4.000500000000017	TimeIntervals	Lick
218.381	0.09999999999999432	TimeIntervals	Lick
218.981	0.06675000000001319	TimeIntervals	Lick
219.74775	0.06675000000001319	TimeIntervals	Lick
219.94774999999998	0.06675000000001319	TimeIntervals	Lick
220.74800000000002	0.09999999999999432	TimeIntervals	Lick
221.1145	0.06700000000000728	TimeIntervals	Lick
221.28150000000005	0.06649999999996226	TimeIntervals	Lick
221.548	0.06675000000001319	TimeIntervals	Lick
221.88150000000002	0.09999999999999432	TimeIntervals	Lick
222.415	0.0665000000000191	TimeIntervals	Lick
222.54825000000002	0.0999999999999659	TimeIntervals	Lick
222.6815	0.10000000000005116	TimeIntervals	Lick
223.0815	0.06674999999998477	TimeIntervals	Lick
223.5485	0.10000000000002274	TimeIntervals	Lick
223.9485	0.06649999999999068	TimeIntervals	Lick
224.08175	0.3332499999999925	TimeIntervals	Lick
224.4485	0.06674999999998477	TimeIntervals	Lick
224.482	0.10000000000002274	TimeIntervals	Reward
224.6485	3.667250000000024	TimeIntervals	Lick
228.34900000000002	0.09999999999999432	TimeIntervals	Lick
228.51575	0.06675000000001319	TimeIntervals	Lick
228.68249999999995	0.10000000000007958	TimeIntervals	Lick
228.81575000000004	0.06674999999998477	TimeIntervals	Lick
229.18249999999995	0.16675000000006435	TimeIntervals	Lick
229.48250000000004	0.0999999999999659	TimeIntervals	Lick
229.64925	0.06675000000004161	TimeIntervals	Lick
229.81600000000003	0.06649999999999068	TimeIntervals	Lick
230.01599999999996	0.06675000000004161	TimeIntervals	Lick
230.18275	0.3000000000000398	TimeIntervals	Lick
230.54950000000002	0.06649999999996226	TimeIntervals	Lick
230.71600000000004	0.06674999999998477	TimeIntervals	Lick
231.01599999999996	0.0670000000000357	TimeIntervals	Lick
231.51624999999999	0.09999999999999432	TimeIntervals	Lick
231.683	0.06650000000004752	TimeIntervals	Lick
232.04950000000002	0.06699999999995043	TimeIntervals	Lick
232.54975000000002	0.09999999999999432	TimeIntervals	Lick
232.683	0.10000000000002274	TimeIntervals	Lick
232.983	0.09999999999999432	TimeIntervals	Lick
233.35000000000002	0.09999999999999432	TimeIntervals	Lick
233.61649999999997	0.06675000000001319	TimeIntervals	Lick
233.71650000000002	0.0999999999999659	TimeIntervals	Lick
233.85000000000002	0.09999999999999432	TimeIntervals	Lick
233.98325000000003	0.09999999999999432	TimeIntervals	Lick
234.21650000000002	0.06674999999998477	TimeIntervals	Lick
234.48350000000002	0.0999999999999659	TimeIntervals	Lick
234.75	0.10000000000002274	TimeIntervals	Lick
234.88350000000003	0.09999999999999432	TimeIntervals	Lick
235.04999999999998	0.09999999999999432	TimeIntervals	Lick
235.1835	0.20000000000001705	TimeIntervals	Lick
235.41699999999997	0.10000000000002274	TimeIntervals	Lick
235.55025	0.3332500000000209	TimeIntervals	Lick
236.05025	0.3332500000000209	TimeIntervals	Lick
236.41699999999997	0.2335000000000491	TimeIntervals	Lick
237.117	0.10000000000002274	TimeIntervals	Lick
237.2505	0.0665000000000191	TimeIntervals	Lick
237.35050000000004	0.09999999999993747	TimeIntervals	Lick
237.5505	0.10000000000002274	TimeIntervals	Reward
237.71725000000004	3.5004999999999598	TimeIntervals	Lick
241.2845	0.0665000000000191	TimeIntervals	Lick
241.41775	0.06675000000001319	TimeIntervals	Lick
241.651	0.333500000000015	TimeIntervals	Lick
242.218	0.0665000000000191	TimeIntervals	Lick
242.65124999999998	0.06675000000001319	TimeIntervals	Lick
242.7845	0.16674999999997908	TimeIntervals	Lick
243.08449999999996	0.06700000000000728	TimeIntervals	Lick
243.28475000000003	0.06674999999998477	TimeIntervals	Lick
243.48475000000002	0.0999999999999659	TimeIntervals	Lick
243.85150000000002	0.09999999999999432	TimeIntervals	Lick
244.01800000000003	0.06674999999995634	TimeIntervals	Lick
244.218	0.10025000000001683	TimeIntervals	Lick
244.38500000000002	0.03324999999998113	TimeIntervals	Lick
244.55149999999998	0.06675000000001319	TimeIntervals	Lick
244.6515	0.33350000000004343	TimeIntervals	Lick
245.01825	0.09999999999999432	TimeIntervals	Lick
245.35175	0.06674999999998477	TimeIntervals	Lick
245.75175	0.06675000000004161	TimeIntervals	Lick
245.98500000000004	0.06674999999998477	TimeIntervals	Lick
246.15174999999996	0.10000000000002274	TimeIntervals	Lick
246.28500000000003	0.06674999999998477	TimeIntervals	Lick
246.452	0.10000000000005116	TimeIntervals	Lick
246.9185	0.06675000000004161	TimeIntervals	Lick
247.0185	0.10000000000002274	TimeIntervals	Lick
247.15199999999996	0.1332500000000323	TimeIntervals	Lick
247.35200000000003	0.0999999999999659	TimeIntervals	Lick
247.48550000000006	0.06649999999999068	TimeIntervals	Lick
247.58549999999997	0.10000000000005116	TimeIntervals	Lick
247.75200000000004	0.06674999999995634	TimeIntervals	Lick
247.88550000000004	0.1999999999999318	TimeIntervals	Lick
248.11875	0.09999999999999432	TimeIntervals	Lick
248.25200000000004	0.09999999999999432	TimeIntervals	Lick
249.05225	0.0999999999999659	TimeIntervals	Lick
249.55225	0.0999999999999659	TimeIntervals	Lick
249.95250000000007	0.0999999999999659	TimeIntervals	Lick
250.08575000000002	0.09999999999999432	TimeIntervals	Lick
250.519	0.06675000000001319	TimeIntervals	Lick
250.88600000000002	0.09999999999999432	TimeIntervals	Lick
251.15249999999997	0.06675000000001319	TimeIntervals	Lick
251.45250000000007	0.19999999999990337	TimeIntervals	Lick
251.71925	0.03325000000000955	TimeIntervals	Lick
251.81924999999998	0.06675000000004161	TimeIntervals	Lick
252.08599999999998	0.10000000000002274	TimeIntervals	Lick
252.55275000000003	0.06674999999995634	TimeIntervals	Lick
252.85275000000001	0.10000000000002274	TimeIntervals	Reward
252.91950000000003	3.533999999999992	TimeIntervals	Lick
256.4867499999999	0.06675000000007003	TimeIntervals	Lick
256.62	0.0999999999999659	TimeIntervals	Lick
257.21999999999997	0.03350000000000364	TimeIntervals	Lick
257.587	0.0665000000000191	TimeIntervals	Lick
257.7535	0.06675000000001319	TimeIntervals	Lick
258.02025000000003	0.10000000000002274	TimeIntervals	Lick
258.1535	0.0999999999999659	TimeIntervals	Lick
258.287	0.10000000000002274	TimeIntervals	Lick
258.787	0.10000000000002274	TimeIntervals	Lick
259.12050000000005	0.06649999999990541	TimeIntervals	Lick
259.387	0.09999999999990905	TimeIntervals	Lick
259.5539999999999	0.06650000000013279	TimeIntervals	Lick
259.68724999999995	0.1332500000000323	TimeIntervals	Lick
260.0539999999999	0.06650000000013279	TimeIntervals	Lick
260.154	0.0999999999999659	TimeIntervals	Lick
260.354	0.13324999999997544	TimeIntervals	Lick
260.78749999999997	0.10000000000007958	TimeIntervals	Lick
261.12075000000004	0.09999999999990905	TimeIntervals	Lick
261.32075	0.10000000000002274	TimeIntervals	Lick
261.4874999999999	0.10000000000007958	TimeIntervals	Lick
261.62075000000004	0.20024999999992588	TimeIntervals	Lick
261.85425	0.0999999999999659	TimeIntervals	Lick
261.9874999999999	0.10000000000007958	TimeIntervals	Lick
262.28749999999997	0.13350000000002638	TimeIntervals	Lick
262.45424999999994	0.06675000000007003	TimeIntervals	Lick
262.55424999999997	0.10000000000007958	TimeIntervals	Lick
262.6875	0.0999999999999659	TimeIntervals	Lick
262.98774999999995	0.10000000000002274	TimeIntervals	Lick
263.121	0.10000000000002274	TimeIntervals	Lick
263.721	0.06675000000001319	TimeIntervals	Lick
263.921	0.10025000000001683	TimeIntervals	Lick
264.28799999999995	0.10000000000002274	TimeIntervals	Lick
264.48799999999994	0.10000000000007958	TimeIntervals	Lick
264.62125000000003	0.23324999999994134	TimeIntervals	Lick
264.98799999999994	0.10000000000007958	TimeIntervals	Lick
265.1215	0.19999999999998863	TimeIntervals	Lick
265.35474999999997	0.0999999999999659	TimeIntervals	Lick
265.48799999999994	0.10000000000007958	TimeIntervals	Lick
265.6215	0.0999999999999659	TimeIntervals	Lick
265.78799999999995	0.06675000000001319	TimeIntervals	Lick
265.888	0.0999999999999659	TimeIntervals	Lick
266.0215	0.10000000000002274	TimeIntervals	Lick
266.15500000000003	0.09999999999990905	TimeIntervals	Lick
266.3215	0.06674999999995634	TimeIntervals	Lick
266.98824999999994	0.2667500000000018	TimeIntervals	Lick
268.1885	0.10000000000002274	TimeIntervals	Lick
268.55525	0.10000000000002274	TimeIntervals	Lick
268.75524999999993	0.10000000000002274	TimeIntervals	Lick
269.15525	0.06674999999995634	TimeIntervals	Lick
269.35524999999996	0.20025000000003956	TimeIntervals	Lick
269.58874999999995	0.10000000000002274	TimeIntervals	Lick
269.722	0.10000000000002274	TimeIntervals	Lick
269.9555	0.03325000000000955	TimeIntervals	Lick
270.0555	0.10000000000002274	TimeIntervals	Lick
270.2554999999999	0.23325000000005502	TimeIntervals	Lick
270.522	0.06699999999995043	TimeIntervals	Lick
271.32225	0.06675000000001319	TimeIntervals	Lick
271.4555	0.26700000000005275	TimeIntervals	Lick
271.78900000000004	0.06674999999995634	TimeIntervals	Lick
272.2225	0.0665000000000191	TimeIntervals	Lick
272.7225	0.0999999999999659	TimeIntervals	Lick
273.58925	0.10000000000002274	TimeIntervals	Lick
274.156	0.06674999999995634	TimeIntervals	Lick
274.28950000000003	0.10000000000002274	TimeIntervals	Lick
274.556	0.10000000000002274	TimeIntervals	Lick
274.68949999999995	0.10000000000007958	TimeIntervals	Lick
274.82275000000004	0.10024999999995998	TimeIntervals	Lick
274.95625	0.0999999999999659	TimeIntervals	Lick
275.22299999999996	0.0999999999999659	TimeIntervals	Lick
275.35625	0.10000000000002274	TimeIntervals	Lick
275.4895000000001	0.09999999999990905	TimeIntervals	Lick
275.62300000000005	0.19999999999987494	TimeIntervals	Lick
275.85625	0.13325000000008913	TimeIntervals	Lick
276.05649999999997	0.06650000000007594	TimeIntervals	Lick
276.18974999999995	0.10000000000007958	TimeIntervals	Lick
276.3229999999999	0.10000000000007958	TimeIntervals	Lick
276.4565	0.23324999999994134	TimeIntervals	Lick
277.18999999999994	0.10000000000007958	TimeIntervals	Lick
278.7235	0.0665000000000191	TimeIntervals	Lick
279.18999999999994	0.10000000000007958	TimeIntervals	Reward
279.18999999999994	0.06674999999995634	TimeIntervals	Lick
279.29	3.5007499999999823	TimeIntervals	Lick
282.82399999999996	0.10000000000007958	TimeIntervals	Lick
282.9575	0.20000000000004547	TimeIntervals	Lick
283.19075	0.10000000000002274	TimeIntervals	Lick
283.4575	0.10000000000002274	TimeIntervals	Lick
283.69075	0.06675000000001319	TimeIntervals	Lick
284.0909999999999	0.10000000000007958	TimeIntervals	Lick
284.791	0.06675000000001319	TimeIntervals	Lick
284.9245000000001	0.09999999999990905	TimeIntervals	Lick
285.0909999999999	0.06675000000012687	TimeIntervals	Lick
285.3245	0.10000000000007958	TimeIntervals	Lick
285.5245	0.06649999999990541	TimeIntervals	Lick
285.691	0.13350000000002638	TimeIntervals	Lick
285.85775	0.06675000000007003	TimeIntervals	Lick
286.058	0.10000000000002274	TimeIntervals	Lick
286.2245	0.06674999999995634	TimeIntervals	Lick
286.59124999999995	0.10000000000002274	TimeIntervals	Lick
286.7245	0.10000000000002274	TimeIntervals	Lick
286.89124999999996	0.06675000000007003	TimeIntervals	Lick
287.0247499999999	0.06675000000001319	TimeIntervals	Lick
287.32475	0.1999999999999318	TimeIntervals	Lick
287.758	0.06675000000001319	TimeIntervals	Lick
288.058	0.13349999999996953	TimeIntervals	Lick
288.3915	0.10000000000002274	TimeIntervals	Lick
288.525	0.06649999999996226	TimeIntervals	Lick
288.625	0.0999999999999659	TimeIntervals	Lick
288.85825	0.10000000000002274	TimeIntervals	Lick
288.99150000000003	0.06674999999995634	TimeIntervals	Lick
289.09149999999994	0.10000000000002274	TimeIntervals	Lick
289.22499999999997	0.16675000000003593	TimeIntervals	Lick
289.4585	0.09999999999990905	TimeIntervals	Lick
289.75849999999997	0.0665000000000191	TimeIntervals	Lick
289.925	0.16674999999997908	TimeIntervals	Lick
290.292	0.10000000000007958	TimeIntervals	Lick
290.6585	0.13349999999996953	TimeIntervals	Lick
290.82525000000004	0.06675000000001319	TimeIntervals	Lick
291.02524999999997	0.06674999999995634	TimeIntervals	Lick
291.32525000000004	0.06675000000001319	TimeIntervals	Lick
291.5919999999999	0.10000000000002274	TimeIntervals	Lick
291.72549999999995	0.10000000000002274	TimeIntervals	Lick
291.89200000000005	0.0999999999999659	TimeIntervals	Lick
292.292	0.06675000000001319	TimeIntervals	Lick
292.45875000000007	0.20024999999992588	TimeIntervals	Lick
292.69224999999994	0.10000000000002274	TimeIntervals	Lick
292.8255	0.10000000000007958	TimeIntervals	Lick
292.99225	0.06674999999995634	TimeIntervals	Lick
293.12550000000005	0.09999999999990905	TimeIntervals	Lick
293.42550000000006	0.0999999999999659	TimeIntervals	Lick
293.55899999999997	0.06675000000007003	TimeIntervals	Lick
293.659	0.0999999999999659	TimeIntervals	Lick
293.7925	0.0999999999999659	TimeIntervals	Lick
293.92575000000005	0.09999999999990905	TimeIntervals	Lick
294.05899999999997	0.19999999999998863	TimeIntervals	Lick
294.32574999999997	0.10000000000007958	TimeIntervals	Lick
294.45900000000006	0.1999999999999318	TimeIntervals	Lick
294.726	0.10000000000002274	TimeIntervals	Lick
294.85925000000003	0.13324999999997544	TimeIntervals	Lick
295.65925	0.06675000000001319	TimeIntervals	Lick
295.7925	0.06699999999995043	TimeIntervals	Lick
295.95950000000005	0.0999999999999659	TimeIntervals	Lick
296.45950000000005	0.0999999999999659	TimeIntervals	Lick
296.95950000000005	0.13349999999996953	TimeIntervals	Lick
297.12625	0.0999999999999659	TimeIntervals	Lick
297.52624999999995	3.333750000000066	TimeIntervals	Lick
297.5595	0.0999999999999659	TimeIntervals	Reward
300.8935000000001	0.6999999999998749	TimeIntervals	Lick
301.72700000000003	0.06649999999996226	TimeIntervals	Lick
301.827	0.10000000000002274	TimeIntervals	Lick
302.06025	0.06674999999995634	TimeIntervals	Lick
302.3605	0.0665000000000191	TimeIntervals	Lick
302.52700000000004	0.09999999999990905	TimeIntervals	Lick
302.72700000000003	0.0667499999998995	TimeIntervals	Lick
303.02700000000004	0.09999999999990905	TimeIntervals	Lick
303.19374999999997	0.06674999999995634	TimeIntervals	Lick
303.494	0.0999999999999659	TimeIntervals	Lick
303.62725000000006	0.06674999999995634	TimeIntervals	Lick
303.72724999999997	0.10000000000002274	TimeIntervals	Lick
303.894	0.06649999999996226	TimeIntervals	Lick
304.02725000000004	0.10000000000002274	TimeIntervals	Lick
304.32725	0.10000000000002274	TimeIntervals	Lick
304.494	0.0999999999999659	TimeIntervals	Lick
304.7939999999999	0.06675000000012687	TimeIntervals	Lick
305.094	0.06675000000001319	TimeIntervals	Lick
305.194	0.06674999999995634	TimeIntervals	Lick
305.3275	0.0665000000000191	TimeIntervals	Lick
305.4275	0.0999999999999659	TimeIntervals	Lick
305.594	0.10024999999995998	TimeIntervals	Lick
305.72749999999996	0.3667500000000814	TimeIntervals	Lick
306.12750000000005	0.09999999999990905	TimeIntervals	Lick
306.2609999999999	0.06650000000007594	TimeIntervals	Lick
306.361	0.10000000000002274	TimeIntervals	Lick
306.49425	0.10000000000002274	TimeIntervals	Lick
306.62750000000005	0.0667499999998995	TimeIntervals	Lick
306.7609999999999	0.20000000000010232	TimeIntervals	Lick
306.9945000000001	0.23324999999994134	TimeIntervals	Lick
307.2609999999999	0.10000000000007958	TimeIntervals	Lick
307.42775	0.10000000000002274	TimeIntervals	Lick
307.5945	0.10000000000002274	TimeIntervals	Lick
307.861	0.10024999999995998	TimeIntervals	Reward
307.96124999999995	3.767250000000047	TimeIntervals	Lick
311.795	0.06675000000001319	TimeIntervals	Lick
311.995	0.06674999999995634	TimeIntervals	Lick
312.2285	0.06675000000001319	TimeIntervals	Lick
312.962	0.09999999999990905	TimeIntervals	Lick
313.09525	0.0999999999999659	TimeIntervals	Lick
313.362	0.0999999999999659	TimeIntervals	Lick
313.6287500000001	0.0667499999998995	TimeIntervals	Lick
313.862	0.0999999999999659	TimeIntervals	Lick
314.26199999999994	0.20025000000003956	TimeIntervals	Lick
314.4955	0.10000000000002274	TimeIntervals	Lick
314.86225	0.0999999999999659	TimeIntervals	Lick
314.9955	0.06674999999995634	TimeIntervals	Lick
315.26225	0.0999999999999659	TimeIntervals	Lick
315.3955	0.10000000000002274	TimeIntervals	Lick
315.56249999999994	0.06650000000013279	TimeIntervals	Lick
316.329	0.06675000000001319	TimeIntervals	Lick
316.696	0.06649999999996226	TimeIntervals	Lick
316.9292500000001	0.06674999999995634	TimeIntervals	Lick
317.16249999999997	0.16675000000003593	TimeIntervals	Lick
317.36249999999995	0.06675000000012687	TimeIntervals	Lick
317.62925	0.06675000000001319	TimeIntervals	Lick
317.96275	0.0999999999999659	TimeIntervals	Lick
318.16274999999996	0.10000000000007958	TimeIntervals	Lick
318.29599999999994	0.10000000000007958	TimeIntervals	Lick
318.4295	0.0999999999999659	TimeIntervals	Lick
318.596	0.10000000000002274	TimeIntervals	Lick
318.89625	0.1999999999999318	TimeIntervals	Lick
319.1295	0.0999999999999659	TimeIntervals	Lick
319.263	0.10000000000002274	TimeIntervals	Lick
319.39625	0.10000000000002274	TimeIntervals	Lick
319.5295	0.10000000000002274	TimeIntervals	Lick
319.69624999999996	0.10000000000002274	TimeIntervals	Lick
319.963	0.0999999999999659	TimeIntervals	Lick
320.6965	0.333500000000015	TimeIntervals	Lick
320.92975	0.10025000000001683	TimeIntervals	Reward
321.0965	3.867249999999956	TimeIntervals	Lick
324.997	0.0999999999999659	TimeIntervals	Lick
325.16375	0.06674999999995634	TimeIntervals	Lick
325.29699999999997	0.06675000000001319	TimeIntervals	Lick
325.46400000000006	0.0665000000000191	TimeIntervals	Lick
325.5639999999999	0.06650000000007594	TimeIntervals	Lick
326.16400000000004	0.06649999999990541	TimeIntervals	Lick
326.46400000000006	0.23349999999993543	TimeIntervals	Lick
327.0639999999999	0.10000000000013642	TimeIntervals	Lick
327.46400000000006	0.09999999999985221	TimeIntervals	Lick
328.03099999999995	0.10000000000007958	TimeIntervals	Lick
328.16425000000004	0.09999999999990905	TimeIntervals	Lick
328.76449999999994	0.06650000000007594	TimeIntervals	Lick
328.8645	0.10000000000002274	TimeIntervals	Lick
329.1977499999999	0.10000000000007958	TimeIntervals	Lick
329.59774999999996	0.13325000000008913	TimeIntervals	Lick
329.76449999999994	0.06675000000007003	TimeIntervals	Lick
330.0644999999999	0.10000000000013642	TimeIntervals	Lick
330.59799999999996	0.0999999999999659	TimeIntervals	Lick
330.73125	0.10000000000002274	TimeIntervals	Lick
330.8645	0.10025000000001683	TimeIntervals	Lick
331.09799999999996	0.06675000000007003	TimeIntervals	Lick
331.1979999999999	0.20000000000010232	TimeIntervals	Lick
331.4315000000001	0.13324999999986176	TimeIntervals	Lick
331.59799999999996	0.0999999999999659	TimeIntervals	Lick
331.7315	0.0665000000000191	TimeIntervals	Lick
331.83149999999995	0.10000000000013642	TimeIntervals	Lick
331.96475000000004	0.10024999999990314	TimeIntervals	Lick
332.09825	0.0999999999999659	TimeIntervals	Lick
332.29825	0.06675000000001319	TimeIntervals	Lick
332.39825	0.0999999999999659	TimeIntervals	Lick
332.53150000000005	0.2999999999998977	TimeIntervals	Lick
332.865	0.1999999999999318	TimeIntervals	Lick
333.0985	0.0665000000000191	TimeIntervals	Lick
333.1984999999999	0.40000000000009095	TimeIntervals	Lick
333.665	0.06674999999995634	TimeIntervals	Lick
333.765	0.10000000000002274	TimeIntervals	Lick
334.63200000000006	0.06649999999984857	TimeIntervals	Lick
334.9320000000001	0.09999999999990905	TimeIntervals	Lick
335.29850000000005	0.06700000000000728	TimeIntervals	Lick
335.532	0.06675000000001319	TimeIntervals	Lick
335.89874999999995	0.1332500000000323	TimeIntervals	Lick
336.0655	0.06650000000007594	TimeIntervals	Lick
336.36550000000005	0.0999999999999659	TimeIntervals	Lick
336.7655	0.10000000000007958	TimeIntervals	Lick
336.93225000000007	0.06674999999995634	TimeIntervals	Lick
337.56575	0.0999999999999659	TimeIntervals	Lick
337.93250000000006	0.0999999999999659	TimeIntervals	Lick
338.099	0.0999999999999659	TimeIntervals	Lick
338.43250000000006	0.06649999999996226	TimeIntervals	Lick
338.7325	0.09999999999990905	TimeIntervals	Lick
339.166	0.0665000000000191	TimeIntervals	Lick
339.5325	0.06675000000001319	TimeIntervals	Lick
339.63250000000005	0.10024999999995998	TimeIntervals	Lick
339.7995	0.0999999999999659	TimeIntervals	Lick
339.93275000000006	0.06674999999995634	TimeIntervals	Lick
340.73275	0.10025000000001683	TimeIntervals	Lick
340.86625000000004	0.06675000000007003	TimeIntervals	Lick
341.06624999999997	0.10000000000002274	TimeIntervals	Lick
341.333	0.10000000000002274	TimeIntervals	Lick
341.46625	0.0999999999999659	TimeIntervals	Lick
342.09975000000003	0.06674999999995634	TimeIntervals	Lick
342.36650000000003	0.0999999999999659	TimeIntervals	Lick
342.49974999999995	0.10000000000007958	TimeIntervals	Lick
342.69975	0.10000000000002274	TimeIntervals	Lick
343.2	0.13324999999997544	TimeIntervals	Lick
343.36650000000003	0.06674999999995634	TimeIntervals	Lick
344.2	0.06674999999995634	TimeIntervals	Lick
344.36675	0.06675000000001319	TimeIntervals	Lick
344.46675000000005	0.06674999999995634	TimeIntervals	Lick
344.56675	0.0999999999999659	TimeIntervals	Lick
344.7	0.0999999999999659	TimeIntervals	Lick
344.8335	0.10000000000002274	TimeIntervals	Lick
344.96675000000005	0.0999999999999659	TimeIntervals	Lick
345.60025	0.10000000000002274	TimeIntervals	Lick
345.7335	0.10000000000002274	TimeIntervals	Lick
346.3005	0.10000000000002274	TimeIntervals	Lick
346.83375	0.0999999999999659	TimeIntervals	Lick
347.167	0.20000000000004547	TimeIntervals	Lick
347.434	0.0999999999999659	TimeIntervals	Lick
347.6005	0.06675000000001319	TimeIntervals	Lick
347.8005	0.10000000000002274	TimeIntervals	Lick
348.26724999999993	0.23350000000010596	TimeIntervals	Lick
348.634	0.0999999999999659	TimeIntervals	Lick
348.7674999999999	0.10000000000007958	TimeIntervals	Lick
349.2674999999999	0.10000000000007958	TimeIntervals	Reward
349.30074999999994	3.9007500000000164	TimeIntervals	Lick
353.268	0.10000000000007958	TimeIntervals	Lick
353.40149999999994	0.06650000000013279	TimeIntervals	Lick
353.5679999999999	0.10000000000002274	TimeIntervals	Lick
353.83475000000004	0.0667499999998995	TimeIntervals	Lick
354.23499999999996	0.06650000000007594	TimeIntervals	Lick
354.36825	0.06675000000007003	TimeIntervals	Lick
354.46825000000007	0.0667499999998995	TimeIntervals	Lick
354.56825	0.06675000000007003	TimeIntervals	Lick
354.73499999999996	0.06650000000007594	TimeIntervals	Lick
354.835	0.10000000000007958	TimeIntervals	Lick
355.1685	0.0999999999999659	TimeIntervals	Lick
355.3685	0.06650000000007594	TimeIntervals	Lick
355.70175	0.13324999999997544	TimeIntervals	Lick
355.8685	0.06650000000007594	TimeIntervals	Lick
355.96849999999995	0.0665000000000191	TimeIntervals	Lick
356.46849999999995	0.10000000000002274	TimeIntervals	Lick
356.63525000000004	0.06674999999995634	TimeIntervals	Lick
357.00199999999995	0.13325000000008913	TimeIntervals	Lick
357.1685	0.06700000000000728	TimeIntervals	Lick
357.46875	0.0999999999999659	TimeIntervals	Lick
357.93550000000005	0.06649999999990541	TimeIntervals	Lick
358.10200000000003	0.0999999999999659	TimeIntervals	Lick
358.2355	0.20000000000004547	TimeIntervals	Lick
358.46900000000005	0.23324999999994134	TimeIntervals	Lick
359.03549999999996	0.06675000000007003	TimeIntervals	Lick
359.1355	0.10000000000002274	TimeIntervals	Lick
359.26899999999995	0.36675000000013824	TimeIntervals	Lick
360.20250000000004	0.09999999999990905	TimeIntervals	Lick
360.70250000000004	0.09999999999990905	TimeIntervals	Lick
361.1025	0.06674999999995634	TimeIntervals	Lick
361.236	0.0999999999999659	TimeIntervals	Lick
361.53599999999994	0.10000000000007958	TimeIntervals	Lick
361.66949999999997	0.0665000000000191	TimeIntervals	Lick
361.8695	0.0999999999999659	TimeIntervals	Lick
362.20275	0.23325000000005502	TimeIntervals	Lick
362.53599999999994	0.10000000000007958	TimeIntervals	Reward
362.53599999999994	0.06675000000012687	TimeIntervals	Lick
362.66949999999997	3.600499999999954	TimeIntervals	Lick
366.33675	0.06675000000001319	TimeIntervals	Lick
366.47	0.13349999999996953	TimeIntervals	Lick
366.63675000000006	0.06674999999995634	TimeIntervals	Lick
366.8035	0.0665000000000191	TimeIntervals	Lick
367.07	0.13350000000002638	TimeIntervals	Lick
367.6035	0.06675000000001319	TimeIntervals	Lick
367.9035	0.10000000000002274	TimeIntervals	Lick
368.27049999999997	0.23325000000005502	TimeIntervals	Lick
368.5369999999999	0.06675000000007003	TimeIntervals	Lick
368.837	0.06675000000001319	TimeIntervals	Lick
369.27049999999997	0.06675000000001319	TimeIntervals	Lick
369.80400000000003	0.0999999999999659	TimeIntervals	Lick
369.9705000000001	0.06674999999995634	TimeIntervals	Lick
370.204	0.06649999999996226	TimeIntervals	Lick
370.47075	0.06674999999995634	TimeIntervals	Lick
370.67075	0.06674999999995634	TimeIntervals	Lick
370.77074999999996	0.2999999999999545	TimeIntervals	Lick
371.504	0.10024999999995998	TimeIntervals	Lick
371.80425	0.10000000000002274	TimeIntervals	Lick
372.171	0.10000000000002274	TimeIntervals	Lick
372.30425	0.10000000000002274	TimeIntervals	Lick
372.73774999999995	0.10000000000002274	TimeIntervals	Lick
373.1045	0.10000000000002274	TimeIntervals	Lick
373.40450000000004	0.0999999999999659	TimeIntervals	Lick
373.738	0.03325000000000955	TimeIntervals	Lick
373.87125	0.03325000000006639	TimeIntervals	Lick
373.97125	0.06675000000001319	TimeIntervals	Lick
374.1045	0.3000000000000682	TimeIntervals	Lick
374.738	0.06649999999996226	TimeIntervals	Lick
375.10475	0.06674999999995634	TimeIntervals	Lick
375.40475000000004	0.10000000000002274	TimeIntervals	Lick
375.738	0.5670000000000073	TimeIntervals	Lick
377.17175000000003	0.06675000000001319	TimeIntervals	Lick
377.27174999999994	0.10000000000007958	TimeIntervals	Lick
377.4385	0.0665000000000191	TimeIntervals	Lick
377.57175	0.06675000000001319	TimeIntervals	Lick
377.67175000000003	0.266749999999945	TimeIntervals	Lick
377.97175	0.06675000000001319	TimeIntervals	Lick
378.10524999999996	0.03325000000006639	TimeIntervals	Lick
378.57199999999995	0.10000000000007958	TimeIntervals	Reward
378.73850000000004	3.700499999999977	TimeIntervals	Lick
382.4725	0.3999999999999204	TimeIntervals	Lick
382.90600000000006	0.06649999999996226	TimeIntervals	Lick
383.206	0.06649999999996226	TimeIntervals	Lick
383.806	0.13349999999996953	TimeIntervals	Lick
383.97275	0.06675000000001319	TimeIntervals	Lick
384.33950000000004	0.0665000000000191	TimeIntervals	Lick
384.97299999999996	0.06650000000007594	TimeIntervals	Lick
385.5729999999999	0.16650000000009868	TimeIntervals	Lick
385.8065	0.06649999999996226	TimeIntervals	Lick
385.93975000000006	0.09999999999990905	TimeIntervals	Reward
385.97299999999996	3.334000000000117	TimeIntervals	Lick
389.34025	0.1332500000000323	TimeIntervals	Lick
389.50700000000006	0.06649999999990541	TimeIntervals	Lick
389.60699999999997	0.20000000000010232	TimeIntervals	Lick
389.8734999999999	0.06675000000012687	TimeIntervals	Lick
390.07349999999997	0.03350000000000364	TimeIntervals	Lick
390.17375	0.23324999999999818	TimeIntervals	Lick
390.4405	0.0999999999999659	TimeIntervals	Lick
391.374	0.10000000000002274	TimeIntervals	Lick
391.8405	0.0999999999999659	TimeIntervals	Lick
392.00725	0.033249999999952706	TimeIntervals	Lick
392.6075	0.09999999999990905	TimeIntervals	Lick
392.94075000000004	0.09999999999990905	TimeIntervals	Lick
393.174	0.06675000000001319	TimeIntervals	Lick
393.5075	0.10000000000002274	TimeIntervals	Lick
393.641	0.06649999999990541	TimeIntervals	Lick
393.741	0.10000000000002274	TimeIntervals	Lick
394.2074999999999	0.10000000000007958	TimeIntervals	Lick
394.341	0.06649999999996226	TimeIntervals	Lick
394.47425000000004	0.06674999999995634	TimeIntervals	Lick
394.5745	0.10000000000002274	TimeIntervals	Lick
394.94100000000003	0.0999999999999659	TimeIntervals	Reward
395.0745	4.334000000000003	TimeIntervals	Lick
399.50849999999997	0.10000000000002274	TimeIntervals	Lick
399.9085	0.06649999999996226	TimeIntervals	Lick
400.37525	0.06675000000001319	TimeIntervals	Lick
400.7752499999999	0.10000000000007958	TimeIntervals	Lick
400.9085	0.06675000000001319	TimeIntervals	Lick
401.3755	0.10000000000002274	TimeIntervals	Lick
401.80875	0.10000000000002274	TimeIntervals	Lick
402.00874999999996	0.06675000000001319	TimeIntervals	Lick
402.24199999999996	0.10025000000001683	TimeIntervals	Lick
402.40900000000005	0.0999999999999659	TimeIntervals	Lick
402.54225	0.13324999999997544	TimeIntervals	Lick
403.14225000000005	0.0999999999999659	TimeIntervals	Lick
403.27549999999997	0.06700000000000728	TimeIntervals	Lick
403.57574999999997	0.0999999999999659	TimeIntervals	Lick
403.8425	0.10000000000002274	TimeIntervals	Lick
404.009	0.0999999999999659	TimeIntervals	Lick
404.17574999999994	0.03325000000006639	TimeIntervals	Lick
404.27574999999996	0.26675000000005866	TimeIntervals	Lick
404.64250000000004	0.0999999999999659	TimeIntervals	Lick
405.27599999999995	0.10000000000002274	TimeIntervals	Lick
405.40925	0.10025000000001683	TimeIntervals	Lick
406.34275	0.06674999999995634	TimeIntervals	Lick
406.44275000000005	0.06674999999995634	TimeIntervals	Lick
406.54274999999996	0.10025000000007367	TimeIntervals	Lick
406.8095	0.0999999999999659	TimeIntervals	Lick
406.97625	0.19999999999998863	TimeIntervals	Lick
407.20950000000005	0.0999999999999659	TimeIntervals	Lick
407.37625	0.2999999999999545	TimeIntervals	Lick
407.70950000000005	0.10024999999995998	TimeIntervals	Lick
408.54299999999995	0.10000000000007958	TimeIntervals	Lick
408.80999999999995	0.10000000000007958	TimeIntervals	Lick
409.17650000000003	0.06674999999995634	TimeIntervals	Lick
409.27649999999994	0.10000000000002274	TimeIntervals	Reward
409.41	6.33424999999994	TimeIntervals	Lick
415.811	0.20000000000004547	TimeIntervals	Lick
416.07750000000004	0.5670000000000073	TimeIntervals	Lick
416.67775	0.0999999999999659	TimeIntervals	Lick
416.8445	0.13324999999997544	TimeIntervals	Lick
417.011	0.1999999999999318	TimeIntervals	Lick
417.2445	0.0999999999999659	TimeIntervals	Lick
417.37774999999993	0.10000000000002274	TimeIntervals	Lick
417.57800000000003	0.10000000000002274	TimeIntervals	Lick
417.94450000000006	0.06674999999995634	TimeIntervals	Lick
418.07800000000003	0.10000000000002274	TimeIntervals	Lick
418.41125000000005	0.0667499999998995	TimeIntervals	Lick
418.64450000000005	0.06699999999995043	TimeIntervals	Lick
418.94475	0.0999999999999659	TimeIntervals	Lick
419.07800000000003	0.333500000000015	TimeIntervals	Lick
419.44475	0.0999999999999659	TimeIntervals	Lick
419.57800000000003	0.10000000000002274	TimeIntervals	Reward
419.74475	4.100750000000062	TimeIntervals	Lick
423.87874999999997	0.333500000000015	TimeIntervals	Lick
424.67900000000003	0.033249999999952706	TimeIntervals	Lick
424.779	0.06650000000007594	TimeIntervals	Lick
425.11225	0.06675000000001319	TimeIntervals	Lick
425.54575	0.06674999999995634	TimeIntervals	Lick
425.84575	0.3667499999999677	TimeIntervals	Lick
426.279	0.0999999999999659	TimeIntervals	Lick
426.7459999999999	0.10000000000007958	TimeIntervals	Lick
427.046	0.10000000000002274	TimeIntervals	Lick
427.2125	0.033499999999946795	TimeIntervals	Lick
427.3125	0.0999999999999659	TimeIntervals	Lick
427.846	0.06675000000007003	TimeIntervals	Lick
427.946	0.0999999999999659	TimeIntervals	Lick
428.21274999999997	0.10000000000002274	TimeIntervals	Lick
428.4127500000001	0.0999999999999659	TimeIntervals	Lick
428.5795	0.06675000000001319	TimeIntervals	Lick
428.84625	0.10000000000002274	TimeIntervals	Lick
429.0795	0.0999999999999659	TimeIntervals	Lick
429.21299999999997	0.06649999999996226	TimeIntervals	Lick
429.37949999999995	0.10000000000002274	TimeIntervals	Lick
429.64625	0.06674999999995634	TimeIntervals	Lick
429.77975	0.10000000000007958	TimeIntervals	Lick
430.0465	0.46649999999999636	TimeIntervals	Lick
431.34650000000005	0.0999999999999659	TimeIntervals	Lick
431.51324999999997	0.06674999999995634	TimeIntervals	Lick
432.3135	0.13325000000008913	TimeIntervals	Lick
432.4800000000001	0.06674999999995634	TimeIntervals	Lick
432.8135	0.10000000000002274	TimeIntervals	Lick
432.947	0.0665000000000191	TimeIntervals	Lick
433.347	0.10000000000002274	TimeIntervals	Lick
433.947	0.0665000000000191	TimeIntervals	Lick
434.347	0.06675000000001319	TimeIntervals	Lick
435.11375	0.06675000000001319	TimeIntervals	Lick
435.2805	0.06674999999995634	TimeIntervals	Lick
435.6805	0.06674999999995634	TimeIntervals	Lick
435.7805	0.0999999999999659	TimeIntervals	Lick
436.54749999999996	0.10000000000002274	TimeIntervals	Lick
437.18075000000005	0.0667499999998995	TimeIntervals	Lick
437.314	0.06700000000000728	TimeIntervals	Lick
437.44750000000005	0.3334999999999013	TimeIntervals	Lick
438.21425	0.10000000000002274	TimeIntervals	Lick
438.78099999999995	0.10000000000007958	TimeIntervals	Lick
439.1477500000001	0.09999999999985221	TimeIntervals	Lick
439.28099999999995	0.06675000000001319	TimeIntervals	Lick
439.41450000000003	0.0999999999999659	TimeIntervals	Lick
440.1145	0.23349999999993543	TimeIntervals	Lick
440.48125	0.10000000000002274	TimeIntervals	Lick
441.11474999999996	0.06675000000007003	TimeIntervals	Lick
441.248	0.0999999999999659	TimeIntervals	Lick
441.915	0.10000000000002274	TimeIntervals	Lick
442.315	0.10000000000002274	TimeIntervals	Lick
442.4815	0.06675000000001319	TimeIntervals	Lick
442.7149999999999	0.16675000000003593	TimeIntervals	Lick
442.915	0.13349999999996953	TimeIntervals	Lick
443.34849999999994	0.06650000000007594	TimeIntervals	Lick
443.4485	0.0999999999999659	TimeIntervals	Lick
443.84849999999994	0.10000000000007958	TimeIntervals	Lick
443.98199999999997	0.0665000000000191	TimeIntervals	Lick
444.11525	0.0999999999999659	TimeIntervals	Lick
444.71524999999997	0.06674999999995634	TimeIntervals	Lick
444.81525	0.10000000000007958	TimeIntervals	Lick
445.04875	0.10000000000002274	TimeIntervals	Lick
445.182	0.09999999999990905	TimeIntervals	Lick
445.3155	0.1332500000000323	TimeIntervals	Lick
445.94875	0.0999999999999659	TimeIntervals	Lick
446.21549999999996	0.13350000000002638	TimeIntervals	Lick
446.68225000000007	0.06674999999995634	TimeIntervals	Lick
447.0489999999999	0.10000000000013642	TimeIntervals	Lick
447.4825	0.06649999999990541	TimeIntervals	Lick
447.78249999999997	0.0665000000000191	TimeIntervals	Lick
447.9157500000001	0.09999999999985221	TimeIntervals	Lick
447.94899999999996	0.0999999999999659	TimeIntervals	Reward
448.11575	3.600750000000005	TimeIntervals	Lick
451.78299999999996	0.06675000000007003	TimeIntervals	Lick
451.91650000000004	0.19999999999998863	TimeIntervals	Lick
452.14975	0.10000000000002274	TimeIntervals	Lick
452.28299999999996	0.26675000000005866	TimeIntervals	Lick
452.91650000000004	0.43349999999992406	TimeIntervals	Lick
453.41650000000004	0.033499999999946795	TimeIntervals	Lick
453.88349999999997	0.0665000000000191	TimeIntervals	Lick
454.01674999999994	0.16675000000009277	TimeIntervals	Lick
454.25	0.06675000000001319	TimeIntervals	Lick
454.71675	0.10000000000002274	TimeIntervals	Lick
454.9170000000001	0.06649999999990541	TimeIntervals	Lick
455.317	0.10000000000007958	TimeIntervals	Lick
455.55024999999995	0.10000000000002274	TimeIntervals	Lick
455.68350000000004	0.0999999999999659	TimeIntervals	Lick
456.1505	0.06649999999996226	TimeIntervals	Lick
456.4505	0.13324999999997544	TimeIntervals	Lick
456.61699999999996	0.06675000000001319	TimeIntervals	Lick
456.9505	0.0665000000000191	TimeIntervals	Lick
457.1505	0.33349999999995816	TimeIntervals	Lick
457.8505	0.16674999999997908	TimeIntervals	Lick
458.0505	0.13349999999996953	TimeIntervals	Lick
458.5175	0.19999999999998863	TimeIntervals	Lick
458.78399999999993	0.06675000000007003	TimeIntervals	Lick
458.884	0.0999999999999659	TimeIntervals	Lick
459.0175	0.10000000000002274	TimeIntervals	Lick
459.18399999999997	0.2002500000000964	TimeIntervals	Lick
459.4175000000001	0.09999999999990905	TimeIntervals	Lick
459.9175000000001	0.3334999999999013	TimeIntervals	Lick
460.28424999999993	0.06675000000007003	TimeIntervals	Lick
460.71775	0.06674999999995634	TimeIntervals	Lick
460.851	0.16674999999997908	TimeIntervals	Lick
461.31775	0.06675000000001319	TimeIntervals	Lick
461.6845	0.06674999999995634	TimeIntervals	Lick
461.91800000000006	0.09999999999990905	TimeIntervals	Lick
462.218	0.0999999999999659	TimeIntervals	Lick
462.5845	0.10025000000001683	TimeIntervals	Lick
462.7515	0.10000000000002274	TimeIntervals	Lick
462.91800000000006	0.09999999999990905	TimeIntervals	Lick
463.0515	0.06650000000007594	TimeIntervals	Lick
463.15150000000006	0.0999999999999659	TimeIntervals	Lick
463.318	0.10000000000007958	TimeIntervals	Lick
463.4515	0.1332499999999186	TimeIntervals	Lick
464.2849999999999	0.10000000000007958	TimeIntervals	Lick
464.5515	0.10000000000007958	TimeIntervals	Lick
465.11850000000004	0.09999999999990905	TimeIntervals	Lick
465.5185000000001	0.0999999999999659	TimeIntervals	Lick
465.98525	0.0999999999999659	TimeIntervals	Lick
466.2852499999999	0.03325000000012324	TimeIntervals	Lick
466.71849999999995	0.16675000000009277	TimeIntervals	Lick
466.91850000000005	0.10024999999995998	TimeIntervals	Lick
467.35200000000003	0.0999999999999659	TimeIntervals	Lick
468.35225	0.13324999999997544	TimeIntervals	Lick
468.9855	0.0999999999999659	TimeIntervals	Lick
469.48575000000005	0.09999999999990905	TimeIntervals	Lick
470.28599999999994	0.10000000000007958	TimeIntervals	Reward
470.3525	3.7339999999999236	TimeIntervals	Lick
474.11975	0.0999999999999659	TimeIntervals	Lick
474.253	0.36675000000002456	TimeIntervals	Lick
474.95325	0.06674999999995634	TimeIntervals	Lick
475.42	0.06649999999996226	TimeIntervals	Lick
475.92	0.0999999999999659	TimeIntervals	Lick
476.5535	0.10000000000002274	TimeIntervals	Lick
476.68674999999996	0.06675000000001319	TimeIntervals	Lick
476.82	0.06700000000000728	TimeIntervals	Lick
477.22024999999996	0.10000000000002274	TimeIntervals	Lick
477.82025	0.10000000000002274	TimeIntervals	Lick
478.187	0.19999999999998863	TimeIntervals	Lick
478.687	0.2667500000000018	TimeIntervals	Lick
478.987	0.10024999999990314	TimeIntervals	Lick
479.48724999999996	0.0999999999999659	TimeIntervals	Lick
479.854	0.06650000000007594	TimeIntervals	Lick
480.32075000000003	0.06675000000001319	TimeIntervals	Lick
480.42075	0.0999999999999659	TimeIntervals	Lick
480.78749999999997	0.16650000000004184	TimeIntervals	Lick
481.22074999999995	0.10025000000001683	TimeIntervals	Lick
481.38750000000005	0.033499999999946795	TimeIntervals	Lick
481.521	0.166499999999985	TimeIntervals	Lick
481.75424999999996	0.06675000000001319	TimeIntervals	Lick
482.1875	0.06675000000001319	TimeIntervals	Lick
482.421	0.10000000000002274	TimeIntervals	Lick
482.82099999999997	0.10000000000002274	TimeIntervals	Lick
482.98775	0.09999999999990905	TimeIntervals	Lick
483.2545	0.19999999999998863	TimeIntervals	Lick
483.688	0.09999999999990905	TimeIntervals	Lick
483.82124999999996	0.10000000000013642	TimeIntervals	Lick
483.9545	0.0999999999999659	TimeIntervals	Lick
484.6215	0.1332500000000323	TimeIntervals	Lick
484.9215	0.10000000000002274	TimeIntervals	Lick
485.05475	0.06675000000001319	TimeIntervals	Lick
485.15475000000004	0.10000000000002274	TimeIntervals	Lick
485.4215	0.10000000000002274	TimeIntervals	Lick
485.655	0.10000000000013642	TimeIntervals	Lick
485.78825	0.43324999999992997	TimeIntervals	Lick
486.355	0.06649999999996226	TimeIntervals	Lick
486.455	0.10000000000002274	TimeIntervals	Lick
487.12175	0.09999999999990905	TimeIntervals	Lick
487.58849999999995	0.10000000000002274	TimeIntervals	Lick
488.25525000000005	0.06674999999995634	TimeIntervals	Lick
488.4220000000001	0.0999999999999659	TimeIntervals	Lick
488.722	0.0665000000000191	TimeIntervals	Lick
488.98875	0.06675000000001319	TimeIntervals	Lick
489.28875	0.19999999999998863	TimeIntervals	Lick
489.55550000000005	0.0999999999999659	TimeIntervals	Lick
489.7554999999999	0.10000000000007958	TimeIntervals	Lick
489.88875	0.06674999999995634	TimeIntervals	Lick
489.98875	0.10025000000007367	TimeIntervals	Lick
490.1555	0.09999999999990905	TimeIntervals	Lick
490.289	0.10000000000002274	TimeIntervals	Lick
490.989	0.06650000000007594	TimeIntervals	Lick
491.4225	0.06649999999996226	TimeIntervals	Lick
491.65575	0.43325000000004366	TimeIntervals	Lick
492.856	0.0665000000000191	TimeIntervals	Lick
493.25600000000003	0.0999999999999659	TimeIntervals	Lick
493.68949999999995	0.36650000000003047	TimeIntervals	Lick
494.9230000000001	0.0999999999999659	TimeIntervals	Lick
495.55649999999997	0.13324999999997544	TimeIntervals	Lick
495.72299999999996	0.06675000000007003	TimeIntervals	Lick
496.0230000000001	0.0999999999999659	TimeIntervals	Lick
497.79	0.10000000000002274	TimeIntervals	Lick
498.3235	0.0665000000000191	TimeIntervals	Lick
498.65675000000005	0.0999999999999659	TimeIntervals	Lick
499.3235	0.10000000000007958	TimeIntervals	Lick
499.457	0.03325000000000955	TimeIntervals	Lick
499.5570000000001	0.09999999999990905	TimeIntervals	Lick
500.32375	0.16674999999997908	TimeIntervals	Lick
500.657	0.0999999999999659	TimeIntervals	Reward
500.79049999999995	4.100500000000068	TimeIntervals	Lick
504.9245	0.10000000000007958	TimeIntervals	Lick
505.15775	0.06674999999995634	TimeIntervals	Lick
505.29100000000005	0.26699999999993906	TimeIntervals	Lick
505.6245	0.4334999999999809	TimeIntervals	Lick
506.1245	0.06674999999995634	TimeIntervals	Lick
506.2580000000001	0.06649999999996226	TimeIntervals	Lick
506.85799999999995	0.06675000000012687	TimeIntervals	Lick
507.12475	0.06674999999995634	TimeIntervals	Lick
507.22475000000003	0.06674999999995634	TimeIntervals	Lick
507.558	0.10024999999995998	TimeIntervals	Lick
508.0915	0.13349999999996953	TimeIntervals	Lick
508.2915	0.0999999999999659	TimeIntervals	Lick
509.1585	0.0999999999999659	TimeIntervals	Lick
509.29175	0.0999999999999659	TimeIntervals	Lick
509.72499999999997	0.20025000000003956	TimeIntervals	Lick
509.9919999999999	0.10000000000013642	TimeIntervals	Lick
510.42525	0.10000000000007958	TimeIntervals	Lick
510.62525	0.06675000000001319	TimeIntervals	Lick
510.82525000000004	0.1334999999999127	TimeIntervals	Lick
511.59200000000004	0.06674999999995634	TimeIntervals	Lick
512.0254999999999	0.10000000000025011	TimeIntervals	Lick
512.4255	0.09999999999979536	TimeIntervals	Lick
512.759	0.13324999999986176	TimeIntervals	Lick
512.9255	0.06674999999995634	TimeIntervals	Lick
513.2925	0.09999999999990905	TimeIntervals	Lick
513.459	0.03350000000000364	TimeIntervals	Lick
513.959	0.10000000000013642	TimeIntervals	Lick
514.3259999999999	0.0665000000000191	TimeIntervals	Lick
514.426	0.2665000000000646	TimeIntervals	Lick
514.926	0.06649999999990541	TimeIntervals	Lick
515.426	0.03350000000000364	TimeIntervals	Lick
515.5595000000001	0.0665000000000191	TimeIntervals	Lick
515.7927500000001	0.09999999999990905	TimeIntervals	Lick
516.026	0.06675000000007003	TimeIntervals	Lick
516.493	0.09999999999990905	TimeIntervals	Lick
517.0595000000001	0.10000000000002274	TimeIntervals	Lick
517.593	0.10000000000013642	TimeIntervals	Lick
517.793	0.06674999999995634	TimeIntervals	Lick
517.9265	0.10000000000002274	TimeIntervals	Lick
518.15975	0.06674999999995634	TimeIntervals	Lick
518.293	0.06674999999995634	TimeIntervals	Lick
518.393	0.26699999999993906	TimeIntervals	Lick
519.72675	0.13324999999986176	TimeIntervals	Lick
520.32675	0.10000000000013642	TimeIntervals	Lick
520.9602500000001	0.10000000000002274	TimeIntervals	Lick
521.4602500000001	0.10000000000002274	TimeIntervals	Lick
521.7935	0.06700000000000728	TimeIntervals	Lick
522.1270000000001	0.10000000000002274	TimeIntervals	Lick
522.2605000000001	0.06649999999990541	TimeIntervals	Lick
522.4269999999999	0.06675000000007003	TimeIntervals	Lick
522.5605	0.09999999999990905	TimeIntervals	Lick
522.9605	0.10000000000002274	TimeIntervals	Reward
522.994	3.9004999999999654	TimeIntervals	Lick
526.9277500000001	0.09999999999990905	TimeIntervals	Lick
527.061	0.09999999999990905	TimeIntervals	Lick
527.22775	0.06674999999995634	TimeIntervals	Lick
527.3612499999999	0.03325000000006639	TimeIntervals	Lick
527.828	0.0665000000000191	TimeIntervals	Lick
528.2945	0.10000000000002274	TimeIntervals	Lick
528.4615000000001	0.09999999999990905	TimeIntervals	Lick
528.6280000000002	0.06674999999995634	TimeIntervals	Lick
528.7280000000001	0.09999999999990905	TimeIntervals	Lick
529.595	0.0665000000000191	TimeIntervals	Lick
530.4282499999999	0.06675000000007003	TimeIntervals	Lick
530.5282500000001	0.06674999999995634	TimeIntervals	Lick
530.66175	0.06675000000018372	TimeIntervals	Lick
530.76175	0.06674999999995634	TimeIntervals	Lick
531.46175	0.033249999999952706	TimeIntervals	Lick
531.7285000000002	0.06674999999995634	TimeIntervals	Lick
531.862	0.0665000000000191	TimeIntervals	Lick
532.362	0.10000000000013642	TimeIntervals	Lick
533.062	0.20000000000004547	TimeIntervals	Lick
533.7620000000001	0.06674999999984266	TimeIntervals	Lick
534.129	0.10000000000013642	TimeIntervals	Lick
534.4955	0.10000000000002274	TimeIntervals	Lick
534.7955000000001	0.06675000000007003	TimeIntervals	Lick
534.8955	0.10000000000002274	TimeIntervals	Lick
535.9625000000001	0.09999999999990905	TimeIntervals	Lick
536.32925	0.09999999999990905	TimeIntervals	Reward
536.396	4.033750000000055	TimeIntervals	Lick
540.4630000000001	0.3669999999998481	TimeIntervals	Lick
540.93	0.10000000000002274	TimeIntervals	Lick
541.16325	0.16674999999997908	TimeIntervals	Lick
541.3632500000001	0.06674999999984266	TimeIntervals	Lick
541.4965	0.06675000000007003	TimeIntervals	Lick
542.03	0.10000000000013642	TimeIntervals	Lick
542.3299999999999	0.20000000000004547	TimeIntervals	Lick
542.9635	0.06675000000007003	TimeIntervals	Lick
543.097	0.10000000000002274	TimeIntervals	Lick
543.4635	0.20000000000004547	TimeIntervals	Lick
543.7635	0.10024999999995998	TimeIntervals	Lick
544.297	0.10000000000002274	TimeIntervals	Lick
544.4304999999999	0.0665000000000191	TimeIntervals	Lick
544.7637500000001	0.09999999999990905	TimeIntervals	Lick
545.2305000000001	0.09999999999990905	TimeIntervals	Lick
545.39725	0.06675000000007003	TimeIntervals	Lick
545.69725	0.10000000000002274	TimeIntervals	Lick
546.064	0.10000000000013642	TimeIntervals	Lick
546.1975	0.10000000000002274	TimeIntervals	Lick
546.33075	0.06675000000018372	TimeIntervals	Lick
547.3642500000002	0.033249999999952706	TimeIntervals	Lick
547.531	0.10000000000002274	TimeIntervals	Lick
547.66425	0.10000000000002274	TimeIntervals	Reward
547.831	3.8672500000000127	TimeIntervals	Lick
551.7650000000001	0.2332499999998845	TimeIntervals	Lick
552.0315	0.5669999999998936	TimeIntervals	Lick
552.63175	0.13325000000008913	TimeIntervals	Lick
552.8317499999999	0.23325000000011187	TimeIntervals	Lick
553.1650000000001	0.39999999999997726	TimeIntervals	Lick
553.5985	0.20000000000015916	TimeIntervals	Lick
553.96525	0.06675000000007003	TimeIntervals	Lick
554.0652500000001	0.33324999999990723	TimeIntervals	Lick
554.432	0.10000000000002274	TimeIntervals	Lick
554.6320000000001	0.09999999999990905	TimeIntervals	Lick
554.932	0.2335000000000491	TimeIntervals	Lick
555.6655000000001	0.10000000000002274	TimeIntervals	Lick
555.999	0.10000000000002274	TimeIntervals	Lick
556.5655000000002	0.133499999999799	TimeIntervals	Lick
557.0325	0.10000000000002274	TimeIntervals	Lick
557.199	0.10000000000013642	TimeIntervals	Lick
557.5325	0.10000000000002274	TimeIntervals	Lick
557.999	0.06700000000012096	TimeIntervals	Lick
558.266	0.06650000000013279	TimeIntervals	Lick
558.3660000000002	0.09999999999979536	TimeIntervals	Lick
558.4992500000001	0.06675000000007003	TimeIntervals	Lick
558.6325	0.10000000000002274	TimeIntervals	Lick
558.766	0.06650000000013279	TimeIntervals	Lick
558.966	0.10000000000013642	TimeIntervals	Lick
559.43275	0.06674999999995634	TimeIntervals	Lick
559.766	0.10000000000025011	TimeIntervals	Lick
560.13275	0.2002500000000964	TimeIntervals	Lick
560.3662500000002	0.09999999999979536	TimeIntervals	Lick
560.7662500000001	0.13324999999997544	TimeIntervals	Lick
560.933	0.0665000000000191	TimeIntervals	Lick
561.0995000000001	0.09999999999990905	TimeIntervals	Lick
561.433	0.06675000000007003	TimeIntervals	Lick
561.5665	0.0665000000000191	TimeIntervals	Lick
561.8330000000001	0.09999999999990905	TimeIntervals	Lick
562.133	0.10000000000002274	TimeIntervals	Lick
562.6	0.10000000000013642	TimeIntervals	Lick
562.8665000000001	0.06674999999995634	TimeIntervals	Lick
563.1332500000001	0.06675000000007003	TimeIntervals	Lick
563.3332500000001	0.06674999999995634	TimeIntervals	Lick
563.9000000000001	0.09999999999990905	TimeIntervals	Lick
564.1	0.06675000000007003	TimeIntervals	Lick
564.46675	0.09999999999990905	TimeIntervals	Lick
564.6334999999999	0.033500000000117325	TimeIntervals	Lick
564.9670000000001	0.06649999999990541	TimeIntervals	Lick
565.067	0.10000000000002274	TimeIntervals	Lick
565.2335000000002	0.06674999999995634	TimeIntervals	Lick
565.4670000000001	0.09999999999990905	TimeIntervals	Lick
565.667	0.06650000000013279	TimeIntervals	Lick
565.93375	0.10000000000002274	TimeIntervals	Lick
566.3337500000001	0.09999999999990905	TimeIntervals	Lick
566.63375	0.10000000000013642	TimeIntervals	Lick
566.96725	0.10000000000002274	TimeIntervals	Lick
567.4005000000001	0.06674999999995634	TimeIntervals	Lick
567.5672500000001	0.10000000000013642	TimeIntervals	Lick
567.734	0.10000000000013642	TimeIntervals	Lick
568.1675000000001	0.06649999999990541	TimeIntervals	Lick
568.2675000000002	0.36649999999985994	TimeIntervals	Lick
569.1675000000001	0.10000000000002274	TimeIntervals	Lick
569.4675000000001	0.10000000000002274	TimeIntervals	Lick
569.8342500000001	0.09999999999990905	TimeIntervals	Lick
569.9675000000001	0.10000000000002274	TimeIntervals	Lick
570.03425	0.10024999999995998	TimeIntervals	Reward
570.1345	4.100500000000011	TimeIntervals	Lick
574.26825	0.13325000000008913	TimeIntervals	Lick
574.435	0.0665000000000191	TimeIntervals	Lick
574.7017500000001	0.10000000000002274	TimeIntervals	Lick
574.9685	0.06649999999990541	TimeIntervals	Lick
575.8685000000002	0.06674999999984266	TimeIntervals	Lick
576.2685	0.03350000000000364	TimeIntervals	Lick
577.0687500000001	0.06674999999984266	TimeIntervals	Lick
577.16875	0.06675000000007003	TimeIntervals	Lick
577.5355	0.06650000000013279	TimeIntervals	Lick
577.969	0.10000000000002274	TimeIntervals	Lick
578.269	0.10000000000002274	TimeIntervals	Lick
578.60225	0.06675000000007003	TimeIntervals	Lick
578.769	0.0665000000000191	TimeIntervals	Lick
578.9022500000001	0.06674999999995634	TimeIntervals	Lick
579.1690000000001	0.06674999999995634	TimeIntervals	Lick
579.269	0.10000000000002274	TimeIntervals	Lick
579.4025	0.0665000000000191	TimeIntervals	Lick
579.5024999999999	0.3000000000000682	TimeIntervals	Lick
580.4692500000001	0.09999999999990905	TimeIntervals	Lick
581.2695000000001	0.13324999999986176	TimeIntervals	Lick
581.436	0.09999999999990905	TimeIntervals	Reward
581.5695000000001	3.600500000000011	TimeIntervals	Lick
585.2032500000001	0.09999999999990905	TimeIntervals	Lick
585.3700000000001	0.09999999999990905	TimeIntervals	Lick
585.5035000000001	0.16649999999992815	TimeIntervals	Lick
585.9367499999998	0.20000000000015916	TimeIntervals	Lick
586.3035000000001	0.09999999999990905	TimeIntervals	Lick
586.8702500000002	0.09999999999990905	TimeIntervals	Lick
587.0369999999999	0.06650000000024647	TimeIntervals	Lick
587.6370000000001	0.09999999999990905	TimeIntervals	Lick
587.7705000000001	0.0665000000000191	TimeIntervals	Lick
587.90375	0.06675000000007003	TimeIntervals	Lick
588.1370000000001	0.2335000000000491	TimeIntervals	Lick
589.3040000000001	0.0665000000000191	TimeIntervals	Lick
589.404	0.0665000000000191	TimeIntervals	Lick
589.7040000000001	0.10000000000002274	TimeIntervals	Lick
589.7705000000001	0.10000000000002274	TimeIntervals	Reward
589.83725	5.000750000000039	TimeIntervals	Lick
595.138	0.26700000000005275	TimeIntervals	Lick
595.4382499999999	0.06675000000018372	TimeIntervals	Lick
595.605	0.16650000000015552	TimeIntervals	Lick
595.8050000000001	0.20000000000004547	TimeIntervals	Lick
596.1382500000001	0.3332500000000209	TimeIntervals	Lick
596.5050000000001	0.1334999999999127	TimeIntervals	Lick
596.67175	0.43325000000004366	TimeIntervals	Lick
597.3050000000001	0.2667500000000018	TimeIntervals	Lick
597.7720000000002	0.3999999999998636	TimeIntervals	Lick
598.2052500000001	0.13324999999997544	TimeIntervals	Lick
598.9055	0.0665000000000191	TimeIntervals	Lick
599.0055000000001	0.13324999999997544	TimeIntervals	Lick
599.4387499999999	0.10000000000002274	TimeIntervals	Lick
599.8722500000001	0.09999999999990905	TimeIntervals	Lick
600.0055000000001	0.06674999999995634	TimeIntervals	Lick
600.1055	0.13350000000014006	TimeIntervals	Lick
600.7055	0.033500000000117325	TimeIntervals	Lick
600.839	0.09999999999990905	TimeIntervals	Reward
600.8725000000002	4.233749999999873	TimeIntervals	Lick
605.1395000000001	0.09999999999990905	TimeIntervals	Lick
605.3397500000001	0.06675000000007003	TimeIntervals	Lick
605.53975	0.06675000000007003	TimeIntervals	Lick
605.6730000000001	0.06674999999984266	TimeIntervals	Lick
605.973	0.06675000000007003	TimeIntervals	Lick
606.1397500000002	0.06674999999984266	TimeIntervals	Lick
606.4065000000002	0.09999999999979536	TimeIntervals	Lick
606.5732499999999	0.03325000000018008	TimeIntervals	Lick
606.9065000000002	0.09999999999979536	TimeIntervals	Lick
607.04	0.06650000000013279	TimeIntervals	Lick
607.3065	0.10000000000013642	TimeIntervals	Lick
607.4735	0.0665000000000191	TimeIntervals	Lick
607.6400000000001	0.06674999999984266	TimeIntervals	Lick
608.0735	0.10000000000013642	TimeIntervals	Lick
608.5735	0.10000000000013642	TimeIntervals	Lick
608.807	0.10000000000013642	TimeIntervals	Lick
608.94025	0.10000000000002274	TimeIntervals	Lick
609.5735	0.06675000000007003	TimeIntervals	Lick
610.0070000000001	0.06674999999995634	TimeIntervals	Lick
610.1737499999999	0.10000000000013642	TimeIntervals	Lick
610.47375	0.10000000000002274	TimeIntervals	Lick
610.6737499999999	0.03325000000006639	TimeIntervals	Lick
610.80725	0.10000000000013642	TimeIntervals	Lick
611.1072499999999	0.16675000000020646	TimeIntervals	Lick
611.374	0.10000000000002274	TimeIntervals	Lick
611.70725	0.09999999999990905	TimeIntervals	Lick
611.974	0.09999999999990905	TimeIntervals	Lick
612.1407500000001	0.06674999999995634	TimeIntervals	Lick
612.374	0.10000000000002274	TimeIntervals	Lick
612.5075	0.09999999999990905	TimeIntervals	Lick
612.6407500000001	0.16674999999997908	TimeIntervals	Lick
612.874	0.23349999999993543	TimeIntervals	Lick
613.141	0.10000000000002274	TimeIntervals	Lick
613.2742500000002	0.09999999999990905	TimeIntervals	Lick
613.541	0.06649999999990541	TimeIntervals	Lick
613.641	0.10000000000002274	TimeIntervals	Lick
614.0745000000001	0.09999999999990905	TimeIntervals	Lick
614.1745	0.10000000000013642	TimeIntervals	Reward
614.2745000000001	4.73399999999981	TimeIntervals	Lick
619.0750000000002	0.06674999999995634	TimeIntervals	Lick
619.1750000000001	0.06674999999995634	TimeIntervals	Lick
619.2750000000001	0.1334999999999127	TimeIntervals	Lick
619.742	0.06650000000024647	TimeIntervals	Lick
620.1752500000001	0.06674999999984266	TimeIntervals	Lick
620.3085000000002	0.06674999999984266	TimeIntervals	Lick
620.47525	0.13324999999997544	TimeIntervals	Lick
620.6419999999999	0.06675000000018372	TimeIntervals	Lick
620.7755000000001	0.10000000000002274	TimeIntervals	Lick
620.9755	0.0665000000000191	TimeIntervals	Lick
621.40875	0.09999999999990905	TimeIntervals	Lick
621.542	0.06674999999995634	TimeIntervals	Lick
621.6419999999999	0.10000000000002274	TimeIntervals	Lick
621.7755000000001	0.06674999999995634	TimeIntervals	Lick
621.8755000000001	0.09999999999990905	TimeIntervals	Lick
622.0422500000001	0.13325000000008913	TimeIntervals	Lick
622.2090000000002	0.09999999999990905	TimeIntervals	Lick
622.609	0.13325000000008913	TimeIntervals	Lick
622.8090000000001	0.06675000000007003	TimeIntervals	Lick
623.2090000000002	0.09999999999990905	TimeIntervals	Lick
623.3757500000002	0.06674999999995634	TimeIntervals	Lick
623.509	0.06675000000007003	TimeIntervals	Lick
623.6425	0.2665000000000646	TimeIntervals	Lick
623.9425000000001	0.06674999999995634	TimeIntervals	Lick
624.1425	0.06675000000007003	TimeIntervals	Lick
624.6425	0.13350000000002638	TimeIntervals	Lick
624.8092500000002	0.09999999999979536	TimeIntervals	Lick
625.076	0.06674999999995634	TimeIntervals	Lick
625.3760000000002	0.09999999999979536	TimeIntervals	Lick
625.5095	0.10000000000002274	TimeIntervals	Lick
625.64275	0.10000000000002274	TimeIntervals	Lick
625.8095000000001	0.06650000000013279	TimeIntervals	Lick
625.94275	0.36675000000002456	TimeIntervals	Lick
626.7762500000001	0.06674999999995634	TimeIntervals	Lick
627.0762500000001	0.10000000000002274	TimeIntervals	Lick
627.2765	0.10000000000002274	TimeIntervals	Lick
627.643	0.10000000000002274	TimeIntervals	Lick
627.8097500000001	0.06674999999995634	TimeIntervals	Lick
627.9765000000001	0.10000000000002274	TimeIntervals	Lick
628.143	0.10000000000002274	TimeIntervals	Lick
628.41	0.10000000000002274	TimeIntervals	Lick
628.5432500000001	0.09999999999990905	TimeIntervals	Lick
628.6765000000001	0.09999999999990905	TimeIntervals	Lick
628.8100000000002	0.09999999999979536	TimeIntervals	Lick
629.01	0.10000000000002274	TimeIntervals	Lick
629.14325	0.10000000000013642	TimeIntervals	Lick
629.2765	0.10000000000002274	TimeIntervals	Lick
629.41	0.10000000000002274	TimeIntervals	Lick
629.5435	0.10000000000002274	TimeIntervals	Lick
629.6767500000001	0.06675000000007003	TimeIntervals	Lick
629.77675	0.13324999999997544	TimeIntervals	Lick
630.3435000000001	0.09999999999990905	TimeIntervals	Lick
630.677	0.10000000000002274	TimeIntervals	Lick
630.9435	0.06675000000007003	TimeIntervals	Lick
631.2435000000002	0.09999999999990905	TimeIntervals	Lick
631.3770000000001	0.10000000000002274	TimeIntervals	Lick
631.5435	0.06700000000012096	TimeIntervals	Lick
632.3105000000002	0.06649999999990541	TimeIntervals	Lick
632.4770000000001	0.10000000000002274	TimeIntervals	Lick
632.5770000000001	0.06674999999995634	TimeIntervals	Reward
632.6437500000001	3.5007499999999254	TimeIntervals	Lick
636.2110000000001	0.23349999999982174	TimeIntervals	Lick
636.511	0.06675000000007003	TimeIntervals	Lick
636.7110000000001	0.10000000000002274	TimeIntervals	Lick
637.9780000000001	0.10000000000002274	TimeIntervals	Lick
638.1112499999999	0.06675000000007003	TimeIntervals	Lick
638.6115000000001	0.10000000000002274	TimeIntervals	Lick
639.178	0.06675000000007003	TimeIntervals	Lick
639.6115000000001	0.13350000000002638	TimeIntervals	Lick
640.445	0.09999999999990905	TimeIntervals	Lick
640.5785	0.10000000000002274	TimeIntervals	Lick
641.045	0.10000000000013642	TimeIntervals	Lick
641.2117500000002	0.033249999999952706	TimeIntervals	Lick
641.3117500000001	0.09999999999990905	TimeIntervals	Lick
641.5120000000001	0.06649999999990541	TimeIntervals	Lick
641.7785000000001	0.10000000000002274	TimeIntervals	Lick
641.9785	0.09999999999990905	TimeIntervals	Lick
642.1785	0.06675000000007003	TimeIntervals	Lick
642.2785000000001	0.10000000000002274	TimeIntervals	Lick
642.4119999999999	0.06650000000013279	TimeIntervals	Lick
642.54525	0.10024999999995998	TimeIntervals	Lick
642.8455000000001	0.09999999999979536	TimeIntervals	Lick
643.2787500000001	0.10000000000013642	TimeIntervals	Lick
643.6790000000001	0.10000000000002274	TimeIntervals	Lick
644.1122500000001	0.09999999999990905	TimeIntervals	Lick
644.2790000000001	0.0665000000000191	TimeIntervals	Lick
644.41225	0.06675000000018372	TimeIntervals	Lick
644.6122500000001	0.16674999999997908	TimeIntervals	Lick
644.8125	0.06650000000013279	TimeIntervals	Lick
645.5124999999999	0.10000000000013642	TimeIntervals	Lick
645.6457500000001	0.06674999999995634	TimeIntervals	Lick
645.8457500000001	0.1002499999998463	TimeIntervals	Lick
645.97925	0.20000000000004547	TimeIntervals	Lick
646.2460000000001	0.10000000000002274	TimeIntervals	Lick
646.3792500000001	0.06674999999984266	TimeIntervals	Lick
646.5124999999999	0.33350000000018554	TimeIntervals	Lick
647.5795000000002	0.06649999999990541	TimeIntervals	Lick
647.6795000000001	0.0665000000000191	TimeIntervals	Lick
647.8795000000001	0.09999999999990905	TimeIntervals	Lick
648.1795000000001	0.900000000000091	TimeIntervals	Lick
649.2465000000001	0.0665000000000191	TimeIntervals	Lick
649.6465000000002	0.1999999999999318	TimeIntervals	Lick
649.8797500000002	0.06674999999972897	TimeIntervals	Lick
649.9797500000001	0.13325000000008913	TimeIntervals	Lick
650.2465000000001	0.10000000000002274	TimeIntervals	Lick
650.4799999999999	0.0665000000000191	TimeIntervals	Lick
650.6800000000002	0.16649999999992815	TimeIntervals	Lick
650.8800000000001	0.06649999999979173	TimeIntervals	Lick
651.3465000000001	0.1002499999998463	TimeIntervals	Lick
651.54675	0.10000000000013642	TimeIntervals	Lick
651.9135	0.10000000000002274	TimeIntervals	Lick
652.04675	0.06675000000007003	TimeIntervals	Lick
652.1467500000001	0.09999999999990905	TimeIntervals	Lick
652.3800000000001	0.09999999999979536	TimeIntervals	Lick
652.68025	0.10000000000013642	TimeIntervals	Lick
652.8470000000001	0.09999999999979536	TimeIntervals	Lick
652.9802500000001	0.10000000000002274	TimeIntervals	Lick
653.147	0.06649999999990541	TimeIntervals	Lick
653.247	0.23325000000011187	TimeIntervals	Lick
653.61375	0.10000000000013642	TimeIntervals	Lick
654.4137499999999	0.06675000000007003	TimeIntervals	Lick
654.647	0.10025000000007367	TimeIntervals	Lick
654.8805000000002	0.09999999999979536	TimeIntervals	Lick
655.214	0.10000000000013642	TimeIntervals	Lick
655.3805000000002	0.06674999999984266	TimeIntervals	Lick
655.4805	0.10000000000002274	TimeIntervals	Lick
655.8475	0.0665000000000191	TimeIntervals	Lick
655.9475	0.06650000000013279	TimeIntervals	Lick
656.214	0.2667500000000018	TimeIntervals	Lick
656.6475000000002	0.13324999999986176	TimeIntervals	Lick
657.4142499999999	0.13325000000008913	TimeIntervals	Lick
657.681	0.10000000000002274	TimeIntervals	Lick
657.8475	0.10000000000002274	TimeIntervals	Reward
657.9475	3.5674999999999955	TimeIntervals	Lick
661.54825	0.23325000000011187	TimeIntervals	Lick
661.9482499999999	0.3332500000002483	TimeIntervals	Lick
662.3817500000001	0.06674999999984266	TimeIntervals	Lick
663.415	0.10025000000007367	TimeIntervals	Lick
663.5485	0.10000000000013642	TimeIntervals	Lick
663.7820000000002	0.0665000000000191	TimeIntervals	Lick
664.1152500000001	0.06675000000007003	TimeIntervals	Lick
664.4485	0.06675000000007003	TimeIntervals	Lick
664.582	0.39999999999997726	TimeIntervals	Lick
665.4155	0.10000000000013642	TimeIntervals	Lick
665.7155	0.10000000000013642	TimeIntervals	Lick
665.949	0.06650000000013279	TimeIntervals	Lick
666.0490000000001	0.10000000000002274	TimeIntervals	Lick
666.5155000000001	0.23349999999993543	TimeIntervals	Lick
667.249	0.23349999999993543	TimeIntervals	Lick
667.94925	0.06674999999995634	TimeIntervals	Lick
668.2492500000001	0.09999999999990905	TimeIntervals	Lick
668.3825000000002	0.06674999999984266	TimeIntervals	Lick
668.516	0.10000000000002274	TimeIntervals	Lick
668.916	0.06674999999995634	TimeIntervals	Lick
669.016	0.10000000000002274	TimeIntervals	Lick
669.216	0.06675000000007003	TimeIntervals	Lick
669.3827500000001	0.06674999999995634	TimeIntervals	Lick
669.7495	0.06650000000013279	TimeIntervals	Lick
670.0495	0.10000000000013642	TimeIntervals	Lick
670.21625	0.10000000000013642	TimeIntervals	Lick
670.6495000000001	0.09999999999990905	TimeIntervals	Lick
671.2165	0.10000000000002274	TimeIntervals	Lick
671.34975	0.06675000000018372	TimeIntervals	Lick
671.583	0.10000000000013642	TimeIntervals	Lick
671.7830000000001	0.10000000000002274	TimeIntervals	Lick
671.9165000000002	0.09999999999968168	TimeIntervals	Lick
672.0497500000001	0.09999999999990905	TimeIntervals	Lick
672.1830000000001	0.10024999999995998	TimeIntervals	Lick
672.35	0.09999999999990905	TimeIntervals	Lick
672.8832500000001	0.06674999999984266	TimeIntervals	Lick
673.41675	0.10000000000002274	TimeIntervals	Lick
673.5835000000001	0.10000000000002274	TimeIntervals	Lick
673.91675	0.10000000000002274	TimeIntervals	Lick
674.0835000000001	0.0665000000000191	TimeIntervals	Lick
674.1835000000001	0.13324999999997544	TimeIntervals	Lick
674.35	0.10024999999995998	TimeIntervals	Lick
674.4834999999999	0.2335000000001628	TimeIntervals	Lick
674.7502499999999	0.10000000000013642	TimeIntervals	Lick
674.8835000000001	0.09999999999979536	TimeIntervals	Lick
675.0169999999999	0.10000000000013642	TimeIntervals	Lick
675.1502500000001	0.09999999999979536	TimeIntervals	Reward
675.1502500000001	0.09999999999979536	TimeIntervals	Lick
675.2835000000001	4.500750000000039	TimeIntervals	Lick
679.8175000000001	0.16699999999991633	TimeIntervals	Lick
680.051	0.09999999999990905	TimeIntervals	Lick
680.2845000000001	0.10000000000002274	TimeIntervals	Lick
680.6845	0.3000000000000682	TimeIntervals	Lick
682.05125	0.06674999999995634	TimeIntervals	Lick
682.418	0.13350000000002638	TimeIntervals	Lick
682.58475	0.10000000000002274	TimeIntervals	Lick
683.3515000000002	0.09999999999979536	TimeIntervals	Lick
683.51825	0.06675000000018372	TimeIntervals	Lick
684.1515	0.06674999999995634	TimeIntervals	Lick
684.285	0.06675000000007003	TimeIntervals	Lick
684.5850000000002	0.09999999999979536	TimeIntervals	Lick
684.95175	0.10000000000013642	TimeIntervals	Lick
685.15175	0.06675000000007003	TimeIntervals	Lick
685.285	0.10000000000025011	TimeIntervals	Lick
685.452	0.10000000000002274	TimeIntervals	Lick
685.5852500000001	0.06674999999995634	TimeIntervals	Lick
685.68525	0.20000000000027285	TimeIntervals	Lick
685.9852500000001	0.06674999999995634	TimeIntervals	Lick
686.4855	0.0665000000000191	TimeIntervals	Lick
686.9855	0.10000000000013642	TimeIntervals	Lick
687.452	0.10000000000002274	TimeIntervals	Lick
687.8190000000001	0.10000000000002274	TimeIntervals	Lick
688.119	0.0665000000000191	TimeIntervals	Lick
688.3190000000001	0.10000000000002274	TimeIntervals	Lick
688.519	0.06650000000013279	TimeIntervals	Lick
688.619	0.10000000000013642	TimeIntervals	Lick
688.7525	0.10000000000002274	TimeIntervals	Lick
688.88575	0.10000000000002274	TimeIntervals	Lick
689.019	0.10000000000002274	TimeIntervals	Lick
689.1525000000001	0.09999999999990905	TimeIntervals	Lick
689.2857500000001	0.13324999999997544	TimeIntervals	Lick
689.4525	0.10000000000002274	TimeIntervals	Lick
690.0192499999999	0.16675000000009277	TimeIntervals	Lick
690.8525000000001	0.1334999999999127	TimeIntervals	Lick
691.1195	0.10000000000013642	TimeIntervals	Lick
691.55275	0.20000000000015916	TimeIntervals	Lick
691.7860000000002	0.09999999999990905	TimeIntervals	Lick
691.9195	0.10000000000002274	TimeIntervals	Lick
692.053	0.13324999999997544	TimeIntervals	Lick
692.2530000000002	0.06649999999990541	TimeIntervals	Lick
692.3530000000001	0.10000000000002274	TimeIntervals	Lick
692.4862499999999	0.23325000000022555	TimeIntervals	Lick
692.7530000000002	0.09999999999990905	TimeIntervals	Lick
693.553	0.33350000000007185	TimeIntervals	Lick
694.01975	0.06675000000007003	TimeIntervals	Lick
694.153	0.10024999999995998	TimeIntervals	Lick
694.32	0.09999999999990905	TimeIntervals	Lick
694.4865000000001	0.06674999999984266	TimeIntervals	Lick
694.5865000000001	0.09999999999990905	TimeIntervals	Lick
694.72	0.10000000000002274	TimeIntervals	Lick
694.8532500000001	0.09999999999990905	TimeIntervals	Lick
695.25325	0.06675000000007003	TimeIntervals	Lick
695.5200000000001	0.06675000000007003	TimeIntervals	Lick
695.6535	0.10000000000013642	TimeIntervals	Lick
695.92	0.06675000000007003	TimeIntervals	Lick
696.12	0.06675000000007003	TimeIntervals	Lick
696.32	0.10024999999995998	TimeIntervals	Lick
696.4535	0.10000000000002274	TimeIntervals	Lick
696.7535000000001	0.06674999999995634	TimeIntervals	Lick
696.92025	0.09999999999990905	TimeIntervals	Lick
697.0535	0.10000000000002274	TimeIntervals	Lick
697.187	0.10000000000013642	TimeIntervals	Lick
697.3202500000001	0.09999999999990905	TimeIntervals	Lick
697.4535	0.10025000000007367	TimeIntervals	Lick
697.5870000000001	0.06674999999984266	TimeIntervals	Lick
697.687	0.10000000000013642	TimeIntervals	Lick
697.8205000000002	0.36649999999985994	TimeIntervals	Lick
698.2205	0.10000000000013642	TimeIntervals	Lick
698.3537500000002	0.06674999999984266	TimeIntervals	Lick
698.487	0.5002500000001646	TimeIntervals	Lick
699.0205	0.10000000000002274	TimeIntervals	Lick
699.2205	0.23349999999982174	TimeIntervals	Lick
700.3875000000002	0.06649999999967804	TimeIntervals	Lick
700.52075	0.10000000000002274	TimeIntervals	Reward
700.6875	3.3670000000000755	TimeIntervals	Lick
704.0880000000001	0.1334999999999127	TimeIntervals	Lick
704.2547500000001	0.06674999999995634	TimeIntervals	Lick
704.3880000000001	0.23349999999993543	TimeIntervals	Lick
704.8547500000001	0.09999999999979536	TimeIntervals	Lick
704.9880000000002	0.06674999999984266	TimeIntervals	Lick
705.0880000000001	0.06700000000000728	TimeIntervals	Lick
705.2215	0.10000000000002274	TimeIntervals	Lick
706.1215000000001	0.09999999999990905	TimeIntervals	Lick
706.42175	0.06675000000007003	TimeIntervals	Lick
706.72175	0.10000000000002274	TimeIntervals	Lick
707.1550000000001	0.10000000000002274	TimeIntervals	Lick
707.5885	0.16675000000020646	TimeIntervals	Lick
707.9885	0.06674999999984266	TimeIntervals	Lick
708.122	0.06650000000024647	TimeIntervals	Lick
708.522	0.06674999999995634	TimeIntervals	Lick
708.68875	0.2332499999998845	TimeIntervals	Lick
708.9555	0.0665000000000191	TimeIntervals	Lick
709.62225	0.06674999999995634	TimeIntervals	Lick
709.7555000000002	0.06674999999984266	TimeIntervals	Lick
709.8890000000001	0.06649999999990541	TimeIntervals	Lick
709.989	0.10000000000002274	TimeIntervals	Lick
710.4222500000001	0.09999999999990905	TimeIntervals	Lick
710.7225	0.10000000000002274	TimeIntervals	Lick
710.8557500000002	0.09999999999979536	TimeIntervals	Lick
710.989	0.10000000000002274	TimeIntervals	Lick
711.15575	0.10000000000013642	TimeIntervals	Lick
711.6225	0.2335000000001628	TimeIntervals	Lick
711.9225	0.10000000000002274	TimeIntervals	Lick
711.9559999999999	0.06650000000013279	TimeIntervals	Reward
712.08925	3.600500000000011	TimeIntervals	Lick
715.7230000000001	0.10000000000002274	TimeIntervals	Lick
715.8565000000001	0.09999999999990905	TimeIntervals	Lick
716.0229999999999	0.06675000000018372	TimeIntervals	Lick
716.123	0.06700000000000728	TimeIntervals	Lick
716.2565000000001	0.4334999999999809	TimeIntervals	Lick
716.7232500000001	3.1004999999998972	TimeIntervals	Lick
719.857	0.10000000000002274	TimeIntervals	Lick
720.02375	0.06675000000007003	TimeIntervals	Lick
720.1570000000002	0.26674999999977445	TimeIntervals	Lick
720.457	0.26700000000016644	TimeIntervals	Lick
720.85725	0.36675000000013824	TimeIntervals	Lick
721.2905000000001	0.10000000000002274	TimeIntervals	Lick
721.4905	0.10000000000002274	TimeIntervals	Lick
721.8240000000001	0.10000000000002274	TimeIntervals	Lick
721.9907499999999	0.06675000000007003	TimeIntervals	Lick
722.2575	0.0665000000000191	TimeIntervals	Lick
722.3907500000001	0.09999999999979536	TimeIntervals	Lick
722.5575	0.10000000000002274	TimeIntervals	Lick
722.8910000000001	0.0665000000000191	TimeIntervals	Lick
723.1242500000001	0.10000000000013642	TimeIntervals	Lick
723.42425	0.09999999999990905	TimeIntervals	Lick
723.5575	0.10000000000002274	TimeIntervals	Lick
723.6910000000001	0.06649999999990541	TimeIntervals	Lick
723.7910000000002	0.09999999999990905	TimeIntervals	Lick
723.9245	0.10000000000002274	TimeIntervals	Lick
724.091	0.10000000000013642	TimeIntervals	Lick
724.2245000000001	4.20049999999992	TimeIntervals	Lick
724.2910000000002	0.09999999999990905	TimeIntervals	Reward
728.4585000000001	0.46649999999999636	TimeIntervals	Lick
728.9585000000001	0.10000000000002274	TimeIntervals	Lick
729.1585000000001	0.03324999999983902	TimeIntervals	Lick
729.392	0.033249999999952706	TimeIntervals	Lick
729.4585000000001	0.10000000000002274	TimeIntervals	Lick
729.62525	0.06674999999995634	TimeIntervals	Lick
730.2920000000001	0.0665000000000191	TimeIntervals	Lick
730.4255000000002	0.06649999999990541	TimeIntervals	Lick
730.75875	0.03325000000018008	TimeIntervals	Lick
730.8255	0.10000000000013642	TimeIntervals	Lick
731.3255	0.1999999999998181	TimeIntervals	Lick
732.1590000000001	0.09999999999990905	TimeIntervals	Lick
732.3590000000002	0.09999999999979536	TimeIntervals	Lick
732.5590000000001	0.06675000000007003	TimeIntervals	Lick
732.8257500000001	0.10000000000002274	TimeIntervals	Lick
733.259	0.10000000000013642	TimeIntervals	Lick
733.52575	0.06675000000007003	TimeIntervals	Lick
733.826	0.10000000000002274	TimeIntervals	Lick
734.326	0.10000000000002274	TimeIntervals	Lick
734.826	0.1999999999999318	TimeIntervals	Lick
735.326	0.10000000000002274	TimeIntervals	Lick
735.6260000000002	0.09999999999979536	TimeIntervals	Lick
735.9929999999999	0.0665000000000191	TimeIntervals	Lick
736.1262499999999	0.06675000000018372	TimeIntervals	Lick
736.22625	0.26674999999988813	TimeIntervals	Lick
736.793	0.10000000000002274	TimeIntervals	Lick
736.92625	0.10025000000007367	TimeIntervals	Lick
737.15975	0.10000000000002274	TimeIntervals	Lick
737.393	0.09999999999990905	TimeIntervals	Lick
737.593	0.10000000000013642	TimeIntervals	Lick
737.793	0.10000000000002274	TimeIntervals	Lick
738.093	0.10025000000018736	TimeIntervals	Lick
738.46	0.033249999999952706	TimeIntervals	Lick
738.56	0.0665000000000191	TimeIntervals	Lick
738.6932500000001	0.06674999999984266	TimeIntervals	Lick
738.7932500000002	0.09999999999990905	TimeIntervals	Lick
738.9265	0.10000000000002274	TimeIntervals	Lick
739.52675	0.10000000000002274	TimeIntervals	Lick
739.76	0.10000000000002274	TimeIntervals	Lick
739.9935	0.06649999999990541	TimeIntervals	Lick
740.2935000000001	0.10000000000002274	TimeIntervals	Lick
740.427	0.1999999999999318	TimeIntervals	Lick
740.6602500000001	0.09999999999990905	TimeIntervals	Lick
740.8270000000001	0.1999999999999318	TimeIntervals	Lick
741.06025	0.10000000000013642	TimeIntervals	Lick
741.1935	0.10000000000013642	TimeIntervals	Lick
741.3270000000001	0.1334999999999127	TimeIntervals	Lick
742.0605	0.06649999999990541	TimeIntervals	Lick
742.3605000000001	0.06649999999990541	TimeIntervals	Lick
742.72725	0.10000000000013642	TimeIntervals	Lick
743.194	0.10000000000013642	TimeIntervals	Lick
743.3272500000002	0.06674999999984266	TimeIntervals	Lick
744.06075	0.1999999999999318	TimeIntervals	Lick
744.8942499999999	0.10000000000013642	TimeIntervals	Lick
745.461	0.10000000000002274	TimeIntervals	Lick
745.5942500000001	0.09999999999990905	TimeIntervals	Lick
745.7945	0.06650000000013279	TimeIntervals	Lick
745.961	0.06674999999995634	TimeIntervals	Lick
746.32775	0.09999999999990905	TimeIntervals	Lick
746.8610000000001	0.1002499999998463	TimeIntervals	Lick
747.26125	0.10000000000002274	TimeIntervals	Lick
747.99475	0.06675000000007003	TimeIntervals	Lick
748.2615000000001	0.10000000000013642	TimeIntervals	Lick
748.5615	0.10000000000002274	TimeIntervals	Lick
748.6615	0.10000000000002274	TimeIntervals	Reward
748.7615000000001	4.533999999999992	TimeIntervals	Lick
753.3620000000001	0.06674999999995634	TimeIntervals	Lick
753.5955	0.06674999999995634	TimeIntervals	Lick
754.6625	0.06650000000013279	TimeIntervals	Lick
754.8957500000001	0.06674999999984266	TimeIntervals	Lick
755.129	0.10000000000013642	TimeIntervals	Lick
755.2957500000001	0.06674999999995634	TimeIntervals	Lick
755.5625	0.0665000000000191	TimeIntervals	Lick
755.6625	0.10000000000013642	TimeIntervals	Lick
756.02925	0.09999999999990905	TimeIntervals	Lick
756.6625	0.10000000000013642	TimeIntervals	Lick
756.9295000000001	0.10000000000002274	TimeIntervals	Reward
757.0627499999999	3.900500000000079	TimeIntervals	Lick
760.9965000000001	0.09999999999990905	TimeIntervals	Lick
761.1967500000001	0.03324999999983902	TimeIntervals	Lick
761.49675	0.10000000000002274	TimeIntervals	Lick
761.7299999999999	0.10000000000013642	TimeIntervals	Lick
762.5302499999999	0.06675000000018372	TimeIntervals	Lick
762.6302500000002	0.06674999999984266	TimeIntervals	Lick
762.73025	0.10000000000013642	TimeIntervals	Lick
762.9302499999999	0.06675000000007003	TimeIntervals	Lick
763.0635	0.10000000000013642	TimeIntervals	Lick
763.897	0.09999999999990905	TimeIntervals	Lick
764.59725	0.06675000000018372	TimeIntervals	Lick
764.69725	0.10000000000002274	TimeIntervals	Lick
765.464	0.06649999999990541	TimeIntervals	Lick
765.5975	0.06650000000024647	TimeIntervals	Lick
765.6975	0.06650000000013279	TimeIntervals	Lick
765.93075	0.09999999999990905	TimeIntervals	Lick
766.4975	0.06649999999990541	TimeIntervals	Lick
767.031	4.5340000000001055	TimeIntervals	Lick
767.031	0.10000000000002274	TimeIntervals	Reward
771.59825	0.36675000000002456	TimeIntervals	Lick
772.23175	0.06675000000007003	TimeIntervals	Lick
772.3650000000001	0.09999999999990905	TimeIntervals	Lick
772.565	0.06674999999995634	TimeIntervals	Lick
772.6985	0.10000000000013642	TimeIntervals	Lick
773.065	0.06674999999995634	TimeIntervals	Lick
773.1985	0.03350000000000364	TimeIntervals	Lick
773.3652500000002	0.09999999999979536	TimeIntervals	Lick
773.6985	0.10000000000013642	TimeIntervals	Lick
773.8652500000002	0.06674999999984266	TimeIntervals	Lick
773.96525	0.10000000000013642	TimeIntervals	Lick
774.16525	0.06674999999995634	TimeIntervals	Lick
774.432	0.03350000000000364	TimeIntervals	Lick
774.8320000000001	0.1667499999998654	TimeIntervals	Lick
775.0655000000002	0.06649999999990541	TimeIntervals	Lick
775.3990000000001	0.06649999999990541	TimeIntervals	Lick
775.599	0.10000000000002274	TimeIntervals	Lick
775.83225	0.09999999999990905	TimeIntervals	Lick
776.0322500000001	0.16674999999997908	TimeIntervals	Lick
776.23225	0.13325000000008913	TimeIntervals	Lick
776.3990000000001	0.09999999999990905	TimeIntervals	Lick
776.56575	0.10000000000013642	TimeIntervals	Lick
776.6990000000001	0.06675000000007003	TimeIntervals	Lick
776.8990000000001	0.1999999999999318	TimeIntervals	Lick
777.4325	0.0665000000000191	TimeIntervals	Lick
777.766	0.10000000000025011	TimeIntervals	Lick
777.9325	0.06675000000007003	TimeIntervals	Lick
778.4992500000001	0.09999999999990905	TimeIntervals	Lick
778.6660000000002	0.09999999999979536	TimeIntervals	Lick
778.83275	0.10000000000002274	TimeIntervals	Lick
779.1995000000002	0.09999999999990905	TimeIntervals	Lick
779.466	0.10000000000013642	TimeIntervals	Lick
779.8330000000001	0.09999999999990905	TimeIntervals	Lick
779.96625	0.06674999999995634	TimeIntervals	Lick
780.2330000000001	0.10000000000002274	TimeIntervals	Lick
780.3662500000002	0.09999999999979536	TimeIntervals	Reward
780.3995000000001	3.6004999999998972	TimeIntervals	Lick
784.0334999999999	0.40000000000020464	TimeIntervals	Lick
784.4670000000001	0.13324999999997544	TimeIntervals	Lick
784.667	0.06650000000013279	TimeIntervals	Lick
784.8002500000001	0.06674999999995634	TimeIntervals	Lick
785.1002500000001	0.06674999999995634	TimeIntervals	Lick
785.20025	0.16675000000009277	TimeIntervals	Lick
785.7005	0.06649999999990541	TimeIntervals	Lick
785.8670000000001	0.06674999999995634	TimeIntervals	Lick
786.03375	0.06674999999995634	TimeIntervals	Lick
786.167	0.06674999999995634	TimeIntervals	Lick
786.3005000000002	0.09999999999990905	TimeIntervals	Lick
786.4340000000001	0.0665000000000191	TimeIntervals	Lick
786.534	0.10000000000002274	TimeIntervals	Lick
786.7005	0.06674999999995634	TimeIntervals	Lick
786.8340000000002	0.06649999999990541	TimeIntervals	Lick
786.9672499999999	0.06675000000007003	TimeIntervals	Lick
787.1005	0.06675000000007003	TimeIntervals	Lick
787.234	0.06650000000013279	TimeIntervals	Lick
787.4005000000001	0.06674999999984266	TimeIntervals	Lick
787.90075	0.09999999999990905	TimeIntervals	Lick
788.034	0.06675000000007003	TimeIntervals	Lick
788.3675000000002	0.06649999999990541	TimeIntervals	Lick
789.43425	0.10000000000002274	TimeIntervals	Lick
789.5675000000001	0.09999999999990905	TimeIntervals	Lick
790.001	0.10000000000002274	TimeIntervals	Lick
790.1677500000001	0.033249999999952706	TimeIntervals	Lick
790.3345	0.06649999999990541	TimeIntervals	Lick
790.5345	0.10000000000002274	TimeIntervals	Lick
790.8012500000001	0.06674999999995634	TimeIntervals	Lick
790.90125	0.09999999999990905	TimeIntervals	Lick
791.1345	0.06675000000007003	TimeIntervals	Lick
791.2345	0.10000000000002274	TimeIntervals	Lick
791.40125	0.16675000000009277	TimeIntervals	Lick
792.4015	0.06649999999990541	TimeIntervals	Lick
792.8015000000001	0.06649999999990541	TimeIntervals	Lick
792.9015	0.09999999999979536	TimeIntervals	Lick
793.435	0.09999999999990905	TimeIntervals	Lick
793.6682500000002	0.09999999999990905	TimeIntervals	Reward
793.7682500000001	3.9340000000000828	TimeIntervals	Lick
797.7355000000001	0.10000000000002274	TimeIntervals	Lick
797.90225	0.06675000000007003	TimeIntervals	Lick
798.0354999999998	0.06675000000018372	TimeIntervals	Lick
798.2022500000002	0.06674999999984266	TimeIntervals	Lick
798.369	0.06649999999990541	TimeIntervals	Lick
798.5025	0.10000000000002274	TimeIntervals	Lick
798.869	0.06674999999995634	TimeIntervals	Lick
799.0025	0.06649999999990541	TimeIntervals	Lick
799.7360000000001	0.10000000000002274	TimeIntervals	Lick
800.3692500000002	0.09999999999990905	TimeIntervals	Lick
800.8695000000001	0.09999999999990905	TimeIntervals	Lick
801.2695000000001	0.0665000000000191	TimeIntervals	Lick
801.3695000000001	0.09999999999990905	TimeIntervals	Lick
801.5695000000001	0.06649999999990541	TimeIntervals	Lick
802.0030000000002	0.13324999999986176	TimeIntervals	Lick
802.2030000000001	0.10000000000002274	TimeIntervals	Lick
802.7695000000001	0.06674999999995634	TimeIntervals	Lick
803.0030000000002	0.06674999999995634	TimeIntervals	Lick
803.1030000000001	0.13350000000002638	TimeIntervals	Lick
803.4364999999999	0.06650000000024647	TimeIntervals	Lick
803.66975	0.10000000000002274	TimeIntervals	Lick
803.9364999999999	0.10000000000013642	TimeIntervals	Lick
804.1365000000001	0.20000000000004547	TimeIntervals	Lick
804.3700000000001	0.09999999999990905	TimeIntervals	Lick
804.50325	0.10000000000002274	TimeIntervals	Lick
804.6365000000001	0.10000000000002274	TimeIntervals	Lick
804.8365000000001	0.1334999999999127	TimeIntervals	Lick
805.00325	0.13350000000002638	TimeIntervals	Lick
805.7700000000001	0.10000000000002274	TimeIntervals	Lick
805.97	0.06674999999995634	TimeIntervals	Lick
806.07	0.10025000000007367	TimeIntervals	Lick
806.6370000000001	0.06649999999990541	TimeIntervals	Lick
807.1035	0.09999999999990905	TimeIntervals	Lick
807.2705000000001	0.10000000000002274	TimeIntervals	Lick
807.5705000000002	0.09999999999990905	TimeIntervals	Lick
807.70375	0.10000000000013642	TimeIntervals	Lick
807.8705000000001	0.09999999999990905	TimeIntervals	Lick
808.20375	0.10000000000013642	TimeIntervals	Lick
808.3370000000001	0.10024999999995998	TimeIntervals	Lick
809.0705000000002	0.06674999999984266	TimeIntervals	Lick
809.3705000000001	0.06699999999989359	TimeIntervals	Lick
809.5707500000001	0.20000000000004547	TimeIntervals	Lick
809.8375000000001	0.09999999999990905	TimeIntervals	Lick
809.97075	0.10000000000013642	TimeIntervals	Lick
810.0374999999999	0.10000000000025011	TimeIntervals	Reward
810.1375000000002	4.300499999999829	TimeIntervals	Lick
814.5047500000001	0.10000000000002274	TimeIntervals	Lick
814.638	0.06674999999995634	TimeIntervals	Lick
814.8715000000001	0.2667500000000018	TimeIntervals	Lick
815.9050000000001	0.1999999999998181	TimeIntervals	Lick
816.1385	0.10000000000013642	TimeIntervals	Lick
816.3385	0.10000000000002274	TimeIntervals	Lick
816.47175	0.10000000000002274	TimeIntervals	Lick
816.8717500000002	0.1667499999997517	TimeIntervals	Lick
817.0717500000001	0.06674999999995634	TimeIntervals	Lick
817.3720000000002	0.16649999999981446	TimeIntervals	Lick
817.572	0.0665000000000191	TimeIntervals	Lick
817.672	0.10000000000002274	TimeIntervals	Lick
818.0052500000002	0.09999999999979536	TimeIntervals	Lick
818.1385	0.13350000000002638	TimeIntervals	Lick
818.4387499999999	0.10000000000002274	TimeIntervals	Lick
819.272	0.06700000000000728	TimeIntervals	Lick
819.6055	0.10000000000002274	TimeIntervals	Lick
819.7390000000001	0.06649999999990541	TimeIntervals	Lick
819.9055	0.10000000000013642	TimeIntervals	Lick
820.2055	0.06674999999995634	TimeIntervals	Lick
820.4055	0.06699999999989359	TimeIntervals	Lick
820.6390000000001	0.06674999999995634	TimeIntervals	Lick
820.8725000000003	0.06649999999956435	TimeIntervals	Lick
821.3725000000003	0.09999999999956799	TimeIntervals	Lick
821.706	0.2332499999998845	TimeIntervals	Lick
822.306	0.10000000000002274	TimeIntervals	Lick
822.5392499999999	0.2002500000000964	TimeIntervals	Lick
822.7727500000001	0.10000000000013642	TimeIntervals	Lick
822.9727499999999	0.10000000000002274	TimeIntervals	Lick
823.2727500000001	0.10000000000013642	TimeIntervals	Lick
823.3727500000002	0.09999999999968168	TimeIntervals	Reward
823.4727499999999	4.200750000000085	TimeIntervals	Lick
827.7067499999999	0.06675000000018372	TimeIntervals	Lick
827.8067500000001	0.2332499999998845	TimeIntervals	Lick
828.14025	0.033249999999952706	TimeIntervals	Lick
828.3735000000001	0.1667499999998654	TimeIntervals	Lick
829.0070000000001	0.2999999999999545	TimeIntervals	Lick
829.3405	0.06650000000013279	TimeIntervals	Lick
829.6737499999999	0.10000000000013642	TimeIntervals	Lick
830.0070000000001	0.06674999999995634	TimeIntervals	Lick
830.107	0.10000000000002274	TimeIntervals	Lick
830.6405000000001	0.09999999999990905	TimeIntervals	Lick
830.7740000000001	0.10000000000002274	TimeIntervals	Lick
831.3405	0.10024999999995998	TimeIntervals	Lick
831.6075	0.10000000000002274	TimeIntervals	Lick
831.8407500000001	0.06674999999995634	TimeIntervals	Lick
832.074	0.06675000000018372	TimeIntervals	Lick
832.1740000000001	0.10000000000002274	TimeIntervals	Lick
832.5075	0.06674999999995634	TimeIntervals	Lick
832.67425	0.06674999999995634	TimeIntervals	Lick
832.8075000000001	0.09999999999990905	TimeIntervals	Lick
833.041	0.09999999999990905	TimeIntervals	Lick
833.17425	0.16674999999997908	TimeIntervals	Lick
833.47425	0.10025000000007367	TimeIntervals	Lick
833.641	0.10000000000002274	TimeIntervals	Lick
834.2077499999999	0.06675000000018372	TimeIntervals	Lick
834.441	0.06675000000007003	TimeIntervals	Lick
834.541	0.09999999999990905	TimeIntervals	Lick
834.8080000000001	0.10000000000002274	TimeIntervals	Lick
835.0745000000001	0.06674999999995634	TimeIntervals	Lick
835.4080000000001	0.10000000000002274	TimeIntervals	Lick
835.708	0.10000000000013642	TimeIntervals	Lick
835.9080000000001	0.10000000000002274	TimeIntervals	Lick
836.1080000000001	0.13350000000002638	TimeIntervals	Lick
836.5415000000002	0.06649999999990541	TimeIntervals	Lick
836.6415	0.10000000000013642	TimeIntervals	Lick
836.77475	0.10025000000007367	TimeIntervals	Lick
836.9414999999999	0.10000000000025011	TimeIntervals	Lick
837.1082499999999	0.06675000000018372	TimeIntervals	Lick
837.2750000000001	0.10000000000002274	TimeIntervals	Lick
837.4414999999999	0.13350000000002638	TimeIntervals	Lick
837.6750000000001	0.13324999999997544	TimeIntervals	Lick
838.0084999999999	0.16650000000015552	TimeIntervals	Lick
838.5417500000001	0.13324999999997544	TimeIntervals	Lick
838.74175	0.06675000000018372	TimeIntervals	Lick
839.37525	0.06674999999995634	TimeIntervals	Lick
839.942	0.10000000000002274	TimeIntervals	Lick
840.07525	0.06674999999995634	TimeIntervals	Lick
840.2087500000001	0.10000000000002274	TimeIntervals	Lick
840.6755000000002	0.09999999999990905	TimeIntervals	Lick
840.942	0.10000000000002274	TimeIntervals	Lick
841.1755000000002	0.06649999999990541	TimeIntervals	Lick
841.3090000000001	0.0665000000000191	TimeIntervals	Lick
841.509	0.10000000000002274	TimeIntervals	Lick
842.109	0.10000000000013642	TimeIntervals	Lick
842.3090000000001	0.09999999999990905	TimeIntervals	Lick
842.47575	0.10000000000013642	TimeIntervals	Lick
842.8757500000002	0.09999999999979536	TimeIntervals	Lick
843.009	0.10000000000002274	TimeIntervals	Lick
843.2090000000002	0.06674999999984266	TimeIntervals	Lick
843.7092500000001	0.10000000000013642	TimeIntervals	Lick
843.9425000000001	0.09999999999979536	TimeIntervals	Lick
844.3425000000001	0.10000000000002274	TimeIntervals	Lick
844.6427500000001	0.09999999999990905	TimeIntervals	Lick
844.9095	0.10000000000002274	TimeIntervals	Lick
845.076	0.10000000000025011	TimeIntervals	Lick
845.44275	0.30025000000000546	TimeIntervals	Lick
845.77625	0.10000000000002274	TimeIntervals	Lick
845.9095	0.10000000000002274	TimeIntervals	Lick
846.043	0.10000000000002274	TimeIntervals	Lick
846.1762500000001	0.09999999999990905	TimeIntervals	Lick
846.3095000000002	0.09999999999979536	TimeIntervals	Lick
846.443	0.0665000000000191	TimeIntervals	Lick
846.543	0.10000000000002274	TimeIntervals	Lick
846.6762500000001	0.10024999999995998	TimeIntervals	Lick
846.8097500000001	0.09999999999990905	TimeIntervals	Lick
846.943	0.20000000000004547	TimeIntervals	Lick
847.1765000000001	0.13324999999997544	TimeIntervals	Lick
847.343	0.10000000000002274	TimeIntervals	Lick
847.543	0.06675000000007003	TimeIntervals	Lick
847.6765000000001	0.16649999999981446	TimeIntervals	Lick
849.0767500000002	0.06674999999984266	TimeIntervals	Lick
849.3767500000001	0.09999999999979536	TimeIntervals	Lick
849.7100000000002	0.09999999999990905	TimeIntervals	Reward
849.7100000000002	0.09999999999990905	TimeIntervals	Lick
849.8435000000001	3.6004999999998972	TimeIntervals	Lick
853.4775	0.10000000000013642	TimeIntervals	Lick
853.61075	0.10000000000013642	TimeIntervals	Lick
853.744	0.10000000000013642	TimeIntervals	Lick
853.91075	0.06674999999995634	TimeIntervals	Lick
854.244	0.10000000000013642	TimeIntervals	Lick
854.4775	0.10000000000013642	TimeIntervals	Lick
854.7442500000001	0.10000000000002274	TimeIntervals	Lick
855.611	0.16674999999997908	TimeIntervals	Lick
856.17775	0.10000000000002274	TimeIntervals	Lick
856.3445000000002	0.06649999999979173	TimeIntervals	Lick
856.91125	0.10000000000002274	TimeIntervals	Lick
857.41125	0.10000000000002274	TimeIntervals	Lick
857.5780000000001	0.06649999999990541	TimeIntervals	Lick
857.778	0.10000000000013642	TimeIntervals	Lick
858.278	0.10000000000013642	TimeIntervals	Lick
858.74475	0.06675000000007003	TimeIntervals	Lick
858.8450000000001	0.16649999999981446	TimeIntervals	Lick
859.045	0.06650000000013279	TimeIntervals	Lick
859.6115000000001	0.06674999999984266	TimeIntervals	Lick
859.7450000000001	0.10000000000002274	TimeIntervals	Lick
860.145	0.10000000000013642	TimeIntervals	Lick
860.2785000000001	0.0665000000000191	TimeIntervals	Lick
860.6785	0.10000000000013642	TimeIntervals	Lick
861.24525	0.10000000000025011	TimeIntervals	Lick
861.612	0.10000000000013642	TimeIntervals	Lick
861.74525	0.10000000000025011	TimeIntervals	Lick
862.04525	0.10024999999995998	TimeIntervals	Lick
862.17875	0.09999999999990905	TimeIntervals	Lick
862.312	0.33349999999995816	TimeIntervals	Lick
862.67875	0.09999999999990905	TimeIntervals	Lick
862.812	0.2335000000000491	TimeIntervals	Lick
863.91225	0.06675000000018372	TimeIntervals	Lick
864.079	0.10000000000013642	TimeIntervals	Lick
864.3790000000001	0.133499999999799	TimeIntervals	Lick
864.5457499999999	0.10000000000013642	TimeIntervals	Lick
864.7125000000001	0.0665000000000191	TimeIntervals	Lick
864.8457500000001	0.06674999999984266	TimeIntervals	Lick
865.6125000000001	0.06674999999995634	TimeIntervals	Lick
866.61275	0.10000000000013642	TimeIntervals	Lick
866.7460000000001	0.06674999999984266	TimeIntervals	Lick
867.2127500000001	0.06674999999995634	TimeIntervals	Lick
867.4459999999999	0.10000000000002274	TimeIntervals	Lick
868.013	0.10000000000013642	TimeIntervals	Lick
868.04625	0.10000000000013642	TimeIntervals	Reward
868.2130000000001	3.600500000000011	TimeIntervals	Lick
871.84675	0.09999999999990905	TimeIntervals	Lick
871.9799999999999	0.10025000000018736	TimeIntervals	Lick
872.1135	0.09999999999990905	TimeIntervals	Lick
872.2802500000001	0.06674999999995634	TimeIntervals	Lick
872.4469999999999	0.06650000000013279	TimeIntervals	Lick
872.68025	0.06675000000018372	TimeIntervals	Lick
873.0135	0.06675000000007003	TimeIntervals	Lick
873.4805	0.10000000000002274	TimeIntervals	Lick
873.9137499999999	0.10000000000013642	TimeIntervals	Lick
874.0805	0.10000000000002274	TimeIntervals	Lick
874.64725	0.10000000000013642	TimeIntervals	Lick
875.0805	0.10000000000002274	TimeIntervals	Lick
875.8475	0.10000000000002274	TimeIntervals	Lick
875.9807500000001	0.10000000000002274	TimeIntervals	Lick
876.3807500000001	0.1002499999998463	TimeIntervals	Lick
876.5474999999999	0.10000000000025011	TimeIntervals	Lick
876.681	0.0665000000000191	TimeIntervals	Lick
877.1142500000001	0.09999999999990905	TimeIntervals	Lick
877.3810000000002	0.06649999999979173	TimeIntervals	Lick
877.581	0.10000000000002274	TimeIntervals	Lick
877.8810000000002	0.06674999999972897	TimeIntervals	Lick
877.981	0.10000000000002274	TimeIntervals	Lick
878.1477500000001	0.06674999999995634	TimeIntervals	Lick
878.2810000000001	0.10000000000013642	TimeIntervals	Lick
878.4145000000001	0.16649999999992815	TimeIntervals	Lick
878.8145000000001	0.10000000000002274	TimeIntervals	Lick
879.448	0.0665000000000191	TimeIntervals	Lick
879.548	0.10000000000013642	TimeIntervals	Lick
879.7815000000002	0.06649999999990541	TimeIntervals	Lick
880.2147500000001	0.3000000000000682	TimeIntervals	Lick
880.5815	0.06650000000013279	TimeIntervals	Lick
880.7480000000002	0.06699999999989359	TimeIntervals	Lick
881.115	0.10000000000013642	TimeIntervals	Lick
881.4482499999999	0.10000000000013642	TimeIntervals	Lick
881.7815000000002	0.06674999999995634	TimeIntervals	Lick
882.0817499999999	0.10000000000013642	TimeIntervals	Lick
882.415	0.06675000000007003	TimeIntervals	Lick
882.5817499999999	0.10000000000013642	TimeIntervals	Lick
882.7150000000001	0.1999999999998181	TimeIntervals	Lick
883.0485	0.10000000000002274	TimeIntervals	Lick
883.182	0.10000000000013642	TimeIntervals	Lick
883.3152500000001	0.09999999999990905	TimeIntervals	Lick
883.4485	0.10000000000002274	TimeIntervals	Lick
883.582	0.10000000000002274	TimeIntervals	Lick
884.3155000000002	0.09999999999979536	TimeIntervals	Lick
884.8820000000001	0.06674999999995634	TimeIntervals	Lick
885.0487499999999	0.06675000000007003	TimeIntervals	Lick
885.449	0.06650000000013279	TimeIntervals	Lick
885.5490000000001	0.10000000000002274	TimeIntervals	Lick
885.9155	0.10000000000013642	TimeIntervals	Lick
886.349	0.16675000000009277	TimeIntervals	Lick
886.7157500000001	0.09999999999990905	TimeIntervals	Lick
887.1490000000001	0.09999999999990905	TimeIntervals	Lick
887.44925	0.10000000000002274	TimeIntervals	Lick
887.5825	0.2335000000001628	TimeIntervals	Lick
887.84925	0.10000000000002274	TimeIntervals	Lick
888.016	0.10000000000002274	TimeIntervals	Lick
888.1492500000002	0.09999999999990905	TimeIntervals	Lick
889.2495	0.06650000000013279	TimeIntervals	Lick
889.6830000000001	0.10000000000002274	TimeIntervals	Lick
889.8495000000001	0.03350000000000364	TimeIntervals	Lick
889.9162500000001	0.09999999999979536	TimeIntervals	Lick
890.083	0.10000000000013642	TimeIntervals	Lick
890.7165	0.06650000000013279	TimeIntervals	Lick
891.083	0.10000000000013642	TimeIntervals	Lick
891.4165000000002	0.09999999999968168	TimeIntervals	Lick
891.64975	0.10000000000002274	TimeIntervals	Lick
891.8165	0.10000000000013642	TimeIntervals	Lick
892.18325	0.06674999999995634	TimeIntervals	Lick
892.35	0.09999999999990905	TimeIntervals	Lick
892.9834999999999	0.10000000000002274	TimeIntervals	Lick
893.1500000000001	0.06674999999995634	TimeIntervals	Lick
893.6500000000001	0.06674999999995634	TimeIntervals	Lick
894.4502499999999	0.10000000000013642	TimeIntervals	Lick
894.6170000000001	0.10000000000002274	TimeIntervals	Lick
894.9502499999999	0.10025000000030104	TimeIntervals	Lick
895.417	0.09999999999990905	TimeIntervals	Lick
895.8837500000002	0.09999999999979536	TimeIntervals	Lick
896.0169999999999	0.13350000000014006	TimeIntervals	Lick
897.0505000000002	0.09999999999990905	TimeIntervals	Lick
897.3175000000001	0.0665000000000191	TimeIntervals	Lick
897.4174999999999	0.06650000000013279	TimeIntervals	Lick
898.351	0.10000000000002274	TimeIntervals	Reward
898.5842500000001	3.7337500000001	TimeIntervals	Lick
902.4847500000001	0.09999999999990905	TimeIntervals	Lick
902.6515	0.39999999999997726	TimeIntervals	Lick
903.285	0.10000000000025011	TimeIntervals	Lick
903.51825	0.06675000000018372	TimeIntervals	Lick
903.985	0.10000000000013642	TimeIntervals	Lick
904.1185	0.10000000000002274	TimeIntervals	Lick
904.285	0.13350000000002638	TimeIntervals	Lick
904.5517500000001	0.09999999999990905	TimeIntervals	Lick
904.6850000000001	0.13350000000014006	TimeIntervals	Lick
905.2520000000001	0.23324999999999818	TimeIntervals	Lick
905.9852500000001	0.10025000000007367	TimeIntervals	Lick
906.152	0.06675000000007003	TimeIntervals	Lick
906.2520000000001	0.10000000000002274	TimeIntervals	Lick
906.4855	0.0665000000000191	TimeIntervals	Lick
906.9855	0.0665000000000191	TimeIntervals	Lick
907.2855000000001	0.10000000000002274	TimeIntervals	Lick
907.4855	0.06674999999995634	TimeIntervals	Lick
907.5855000000001	0.06674999999995634	TimeIntervals	Lick
908.05225	0.06675000000007003	TimeIntervals	Lick
908.38575	0.10000000000002274	TimeIntervals	Lick
908.7525	0.0665000000000191	TimeIntervals	Lick
908.88575	0.06675000000007003	TimeIntervals	Lick
908.98575	0.10000000000013642	TimeIntervals	Lick
909.1525000000001	0.09999999999990905	TimeIntervals	Lick
909.2857500000001	0.1002499999998463	TimeIntervals	Lick
909.7860000000002	0.09999999999979536	TimeIntervals	Lick
910.0192499999999	0.10000000000013642	TimeIntervals	Lick
910.45275	0.06674999999995634	TimeIntervals	Lick
910.7860000000002	0.09999999999979536	TimeIntervals	Lick
911.0195	0.10000000000002274	TimeIntervals	Lick
911.386	0.06675000000007003	TimeIntervals	Lick
911.486	0.10025000000007367	TimeIntervals	Lick
911.653	0.06650000000013279	TimeIntervals	Lick
912.0195	0.10000000000002274	TimeIntervals	Lick
912.6865	0.06650000000013279	TimeIntervals	Lick
913.01975	0.06675000000007003	TimeIntervals	Lick
913.3530000000001	0.10000000000002274	TimeIntervals	Lick
913.5530000000001	0.09999999999990905	TimeIntervals	Lick
913.9532500000001	0.09999999999990905	TimeIntervals	Lick
914.3865000000001	0.10000000000002274	TimeIntervals	Lick
914.72	0.0665000000000191	TimeIntervals	Lick
915.0535	0.0665000000000191	TimeIntervals	Lick
915.1535	0.3664999999999736	TimeIntervals	Lick
916.187	0.10000000000013642	TimeIntervals	Lick
916.5870000000002	0.09999999999979536	TimeIntervals	Lick
916.7535000000001	0.10000000000002274	TimeIntervals	Lick
916.8870000000001	0.09999999999990905	TimeIntervals	Lick
917.55375	0.09999999999990905	TimeIntervals	Lick
917.65375	0.10000000000002274	TimeIntervals	Reward
917.8537500000002	3.8672500000000127	TimeIntervals	Lick
921.78775	0.10000000000013642	TimeIntervals	Lick
921.98775	0.10000000000013642	TimeIntervals	Lick
922.1877499999999	0.10000000000002274	TimeIntervals	Lick
922.3877500000001	0.06675000000007003	TimeIntervals	Lick
922.5545000000001	0.10000000000002274	TimeIntervals	Lick
923.1880000000001	0.09999999999990905	TimeIntervals	Lick
923.3545000000001	0.06674999999984266	TimeIntervals	Lick
923.7547500000001	0.06674999999995634	TimeIntervals	Lick
924.3215	0.09999999999990905	TimeIntervals	Lick
924.78825	0.10000000000013642	TimeIntervals	Lick
925.3215	0.09999999999990905	TimeIntervals	Lick
925.6215000000001	0.10000000000002274	TimeIntervals	Lick
925.7550000000001	0.06674999999995634	TimeIntervals	Lick
925.855	0.06674999999984266	TimeIntervals	Lick
926.0885	0.10000000000002274	TimeIntervals	Lick
926.95525	0.06675000000007003	TimeIntervals	Lick
927.6885	0.10000000000002274	TimeIntervals	Lick
927.8220000000001	0.06649999999990541	TimeIntervals	Lick
928.4219999999999	0.16675000000009277	TimeIntervals	Lick
928.6555	0.10000000000025011	TimeIntervals	Lick
929.089	0.06649999999990541	TimeIntervals	Lick
929.2555000000002	0.06674999999984266	TimeIntervals	Lick
929.5554999999999	0.06675000000018372	TimeIntervals	Lick
929.689	0.10000000000013642	TimeIntervals	Lick
930.189	0.10000000000013642	TimeIntervals	Lick
930.689	0.06675000000018372	TimeIntervals	Lick
931.0225	0.10000000000002274	TimeIntervals	Lick
931.4224999999999	0.06675000000018372	TimeIntervals	Lick
931.6560000000001	0.033249999999952706	TimeIntervals	Lick
931.9224999999999	0.10000000000013642	TimeIntervals	Lick
931.9224999999999	0.10000000000013642	TimeIntervals	Reward
932.08925	4.0340000000001055	TimeIntervals	Lick
936.19	0.10000000000002274	TimeIntervals	Lick
936.3565000000001	0.1334999999999127	TimeIntervals	Lick
936.6232500000001	0.13324999999997544	TimeIntervals	Lick
936.8567500000001	0.09999999999979536	TimeIntervals	Lick
937.0567500000001	0.06675000000007003	TimeIntervals	Lick
937.19	0.5335000000001173	TimeIntervals	Lick
937.957	0.8999999999999773	TimeIntervals	Lick
938.8902500000003	0.6667499999997517	TimeIntervals	Lick
939.8905000000001	0.36675000000002456	TimeIntervals	Lick
940.324	0.366500000000201	TimeIntervals	Lick
940.724	1.0335000000001173	TimeIntervals	Lick
941.7907500000001	0.13324999999997544	TimeIntervals	Lick
942.0240000000001	0.1999999999999318	TimeIntervals	Lick
942.2575000000002	0.06674999999984266	TimeIntervals	Lick
942.3575	0.10000000000002274	TimeIntervals	Lick
943.2910000000002	0.06649999999979173	TimeIntervals	Lick
943.5245	0.10000000000002274	TimeIntervals	Lick
943.8577500000001	0.09999999999979536	TimeIntervals	Lick
944.091	0.06675000000007003	TimeIntervals	Lick
944.3245000000001	0.1334999999999127	TimeIntervals	Lick
944.49125	0.06674999999995634	TimeIntervals	Lick
944.59125	0.16675000000020646	TimeIntervals	Lick
945.2580000000002	0.09999999999990905	TimeIntervals	Lick
945.3912500000002	0.09999999999979536	TimeIntervals	Lick
945.82475	0.10000000000013642	TimeIntervals	Lick
945.958	0.10000000000002274	TimeIntervals	Lick
946.2580000000002	0.09999999999990905	TimeIntervals	Lick
946.458	0.10000000000002274	TimeIntervals	Lick
946.7582500000001	0.1999999999999318	TimeIntervals	Lick
946.9915000000001	0.1334999999999127	TimeIntervals	Lick
947.625	0.10000000000002274	TimeIntervals	Lick
947.9584999999998	0.10000000000025011	TimeIntervals	Reward
947.9917499999999	0.10000000000013642	TimeIntervals	Lick
948.125	3.6672500000001946	TimeIntervals	Lick
951.8255	0.20000000000004547	TimeIntervals	Lick
952.09225	0.20024999999998272	TimeIntervals	Lick
952.359	0.2335000000000491	TimeIntervals	Lick
952.6257499999999	0.10000000000002274	TimeIntervals	Lick
952.959	0.06675000000007003	TimeIntervals	Lick
953.3925	0.09999999999990905	TimeIntervals	Lick
953.526	0.20000000000004547	TimeIntervals	Lick
953.7592500000001	0.09999999999990905	TimeIntervals	Lick
953.926	0.3332500000000209	TimeIntervals	Lick
954.3594999999999	0.46650000000011005	TimeIntervals	Lick
955.2595000000001	0.09999999999979536	TimeIntervals	Reward
955.3594999999999	3.8672500000001264	TimeIntervals	Lick
959.2600000000002	0.06674999999984266	TimeIntervals	Lick
959.3935	0.10000000000002274	TimeIntervals	Lick
959.5267499999999	0.23325000000033924	TimeIntervals	Lick
959.9935	0.10000000000002274	TimeIntervals	Lick
960.76025	0.06675000000007003	TimeIntervals	Lick
960.9605	0.06649999999990541	TimeIntervals	Lick
961.0937500000001	0.06674999999995634	TimeIntervals	Lick
961.3937500000001	0.09999999999990905	TimeIntervals	Lick
961.5269999999999	0.06675000000018372	TimeIntervals	Lick
961.99375	0.10025000000018736	TimeIntervals	Lick
962.394	0.20000000000015916	TimeIntervals	Lick
962.7940000000001	0.09999999999990905	TimeIntervals	Lick
962.92725	0.09999999999990905	TimeIntervals	Lick
963.0605	0.10025000000007367	TimeIntervals	Lick
963.1940000000001	0.10000000000002274	TimeIntervals	Lick
963.3275000000001	0.09999999999990905	TimeIntervals	Lick
963.4607500000002	0.09999999999990905	TimeIntervals	Lick
964.3942500000002	0.2667500000000018	TimeIntervals	Lick
964.7275000000001	0.10000000000002274	TimeIntervals	Lick
965.0942500000001	0.06675000000007003	TimeIntervals	Lick
965.261	0.10000000000013642	TimeIntervals	Reward
965.3610000000001	4.700749999999971	TimeIntervals	Lick
970.1284999999999	0.3000000000001819	TimeIntervals	Lick
970.6284999999999	0.10000000000025011	TimeIntervals	Lick
971.062	0.10000000000013642	TimeIntervals	Lick
971.4620000000002	0.1999999999999318	TimeIntervals	Lick
971.8285000000001	0.5670000000000073	TimeIntervals	Lick
972.42875	0.13324999999997544	TimeIntervals	Lick
972.8287500000001	0.09999999999990905	TimeIntervals	Lick
972.9620000000002	0.06699999999966622	TimeIntervals	Lick
973.0955000000001	0.10000000000002274	TimeIntervals	Lick
973.2290000000002	0.16649999999992815	TimeIntervals	Lick
973.4290000000001	0.09999999999979536	TimeIntervals	Lick
973.5622500000001	0.09999999999990905	TimeIntervals	Lick
973.6955000000002	0.09999999999990905	TimeIntervals	Lick
974.1289999999999	0.13350000000002638	TimeIntervals	Lick
974.5625	0.09999999999990905	TimeIntervals	Lick
974.7624999999999	0.10000000000013642	TimeIntervals	Lick
974.89575	0.06675000000018372	TimeIntervals	Lick
975.0625	0.09999999999990905	TimeIntervals	Lick
975.1960000000001	0.10000000000002274	TimeIntervals	Lick
975.3625000000001	0.10000000000013642	TimeIntervals	Lick
975.8625000000001	0.10000000000013642	TimeIntervals	Lick
976.1960000000001	0.10000000000002274	TimeIntervals	Lick
976.3627500000002	0.09999999999990905	TimeIntervals	Lick
976.6294999999999	0.3332500000002483	TimeIntervals	Lick
977.0627499999999	0.10000000000013642	TimeIntervals	Lick
977.7295000000001	0.06675000000007003	TimeIntervals	Lick
978.0295	0.0667500000002974	TimeIntervals	Lick
978.3630000000002	0.09999999999990905	TimeIntervals	Lick
978.4964999999999	0.10000000000047748	TimeIntervals	Lick
978.5629999999999	0.10000000000013642	TimeIntervals	Reward
978.6297500000001	4.067250000000058	TimeIntervals	Lick
982.7302500000002	0.06674999999984266	TimeIntervals	Lick
982.8635	4.500999999999863	TimeIntervals	Lick
982.8635	0.10024999999995998	TimeIntervals	Reward
987.39775	0.2667500000001155	TimeIntervals	Lick
987.7310000000002	0.09999999999990905	TimeIntervals	Lick
987.9310000000002	0.33350000000007185	TimeIntervals	Lick
988.3310000000001	2.8004999999999427	TimeIntervals	Lick
989.9314999999998	0.13325000000008913	TimeIntervals	Reward
991.19825	4.567250000000058	TimeIntervals	Lick
995.7990000000002	0.09999999999990905	TimeIntervals	Lick
995.93225	0.10000000000013642	TimeIntervals	Lick
996.0654999999998	0.26700000000016644	TimeIntervals	Lick
996.36575	0.13324999999997544	TimeIntervals	Lick
996.5325	0.6335000000000264	TimeIntervals	Lick
997.19925	1.3002500000001191	TimeIntervals	Lick
998.5659999999999	0.20000000000027285	TimeIntervals	Lick
998.9660000000001	0.33350000000007185	TimeIntervals	Lick
999.33275	0.10024999999995998	TimeIntervals	Lick
999.5995000000001	0.6334999999999127	TimeIntervals	Lick
1000.2662500000001	0.8002499999997781	TimeIntervals	Lick
1001.2997500000001	0.3002499999997781	TimeIntervals	Lick
1001.8000000000001	0.5	TimeIntervals	Lick
1002.33325	0.10000000000002274	TimeIntervals	Lick
1002.5	0.06649999999990541	TimeIntervals	Lick
1002.8000000000001	0.26674999999988813	TimeIntervals	Lick
1003.0999999999999	0.3000000000002956	TimeIntervals	Lick
1003.5335	0.20000000000015916	TimeIntervals	Lick
1003.9002500000001	0.29999999999972715	TimeIntervals	Lick
1004.8670000000001	0.133499999999799	TimeIntervals	Lick
1005.0337500000002	0.06674999999984266	TimeIntervals	Lick
1005.2337499999999	0.0667500000002974	TimeIntervals	Lick
1005.3005000000002	0.09999999999990905	TimeIntervals	Reward
1005.4005000000001	4.567249999999831	TimeIntervals	Lick
1010.0010000000002	0.1334999999999127	TimeIntervals	Lick
1010.1677500000003	0.13324999999974807	TimeIntervals	Lick
1010.40125	0.06674999999995634	TimeIntervals	Lick
1010.568	0.10000000000013642	TimeIntervals	Lick
1010.7345	0.33349999999995816	TimeIntervals	Lick
1011.2012500000001	0.10000000000025011	TimeIntervals	Lick
1011.6015	0.3332500000001346	TimeIntervals	Lick
1012.3015000000003	0.0665000000000191	TimeIntervals	Lick
1012.5015	0.06675000000018372	TimeIntervals	Lick
1012.7682500000001	0.06675000000007003	TimeIntervals	Lick
1013.0682500000001	0.10000000000013642	TimeIntervals	Lick
1013.2014999999999	0.1000000000003638	TimeIntervals	Lick
1013.36825	0.06675000000007003	TimeIntervals	Lick
1013.5015	0.10000000000002274	TimeIntervals	Lick
1013.7017500000002	0.06674999999995634	TimeIntervals	Lick
1013.9685000000001	0.09999999999990905	TimeIntervals	Lick
1014.3685000000002	0.06649999999990541	TimeIntervals	Lick
1014.535	0.13350000000025375	TimeIntervals	Lick
1014.8019999999999	0.10000000000002274	TimeIntervals	Lick
1015.4685000000001	0.09999999999990905	TimeIntervals	Lick
1015.8354999999999	0.0665000000000191	TimeIntervals	Lick
1016.0354999999998	0.06650000000024647	TimeIntervals	Lick
1016.1687500000002	0.09999999999990905	TimeIntervals	Lick
1016.3687499999999	0.10000000000013642	TimeIntervals	Lick
1016.6355000000001	0.09999999999990905	TimeIntervals	Lick
1016.8019999999999	0.10000000000002274	TimeIntervals	Lick
1017.0022499999999	0.10000000000013642	TimeIntervals	Lick
1017.1690000000001	0.06649999999990541	TimeIntervals	Lick
1017.369	0.06650000000013279	TimeIntervals	Lick
1017.5022499999999	0.10000000000013642	TimeIntervals	Lick
1018.269	0.10000000000002274	TimeIntervals	Lick
1018.6357499999999	0.10000000000013642	TimeIntervals	Lick
1018.869	0.10000000000013642	TimeIntervals	Lick
1019.1025000000001	0.10000000000002274	TimeIntervals	Lick
1019.2360000000001	0.09999999999990905	TimeIntervals	Lick
1019.4025	0.09999999999990905	TimeIntervals	Lick
1019.6359999999999	0.10000000000025011	TimeIntervals	Reward
1019.7360000000001	3.666999999999689	TimeIntervals	Lick
1023.4365	0.23349999999993543	TimeIntervals	Lick
1023.77	0.06650000000013279	TimeIntervals	Lick
1023.9032500000002	0.09999999999956799	TimeIntervals	Lick
1024.0365	0.5670000000000073	TimeIntervals	Lick
1024.63675	0.3000000000001819	TimeIntervals	Lick
1024.97	0.5335000000000036	TimeIntervals	Lick
1025.67	0.06700000000023465	TimeIntervals	Lick
1026.337	0.23325000000022555	TimeIntervals	Lick
1027.0705	0.10000000000013642	TimeIntervals	Lick
1027.3705	0.10000000000013642	TimeIntervals	Lick
1027.5037499999999	0.10000000000013642	TimeIntervals	Lick
1027.9705000000001	0.06674999999995634	TimeIntervals	Lick
1028.1705000000002	0.10000000000013642	TimeIntervals	Lick
1028.33725	0.09999999999990905	TimeIntervals	Lick
1028.6705000000002	0.1999999999998181	TimeIntervals	Lick
1028.904	0.09999999999990905	TimeIntervals	Lick
1029.1374999999996	0.16650000000072396	TimeIntervals	Lick
1029.9375000000002	0.09999999999990905	TimeIntervals	Lick
1030.07075	0.2002500000000964	TimeIntervals	Lick
1030.50425	0.06675000000018372	TimeIntervals	Lick
1030.9375000000002	0.06674999999972897	TimeIntervals	Lick
1031.73775	0.06675000000018372	TimeIntervals	Lick
1031.8377500000001	0.10000000000013642	TimeIntervals	Lick
1032.0710000000001	0.09999999999968168	TimeIntervals	Lick
1032.4380000000003	0.09999999999968168	TimeIntervals	Lick
1032.57125	0.06674999999972897	TimeIntervals	Lick
1032.7712500000002	0.09999999999990905	TimeIntervals	Lick
1033.038	0.06649999999967804	TimeIntervals	Lick
1033.2044999999998	0.1000000000003638	TimeIntervals	Lick
1033.738	0.06674999999995634	TimeIntervals	Lick
1033.9380000000003	0.09999999999968168	TimeIntervals	Lick
1034.10475	0.06674999999972897	TimeIntervals	Lick
1034.2715	0.06650000000013279	TimeIntervals	Lick
1034.53825	0.09999999999990905	TimeIntervals	Lick
1034.6714999999997	0.06675000000041109	TimeIntervals	Lick
1034.7715	0.09999999999990905	TimeIntervals	Lick
1034.9382500000002	0.06674999999995634	TimeIntervals	Lick
1035.005	0.09999999999990905	TimeIntervals	Reward
1035.0715	3.33400000000006	TimeIntervals	Lick
1038.4387500000003	0.2332499999997708	TimeIntervals	Lick
1038.7055	0.10000000000013642	TimeIntervals	Lick
1038.83875	0.30025000000000546	TimeIntervals	Lick
1039.339	0.20000000000004547	TimeIntervals	Lick
1039.739	0.36674999999991087	TimeIntervals	Lick
1040.30575	0.2667500000002292	TimeIntervals	Lick
1040.839	0.4335000000000946	TimeIntervals	Lick
1041.9060000000002	0.09999999999990905	TimeIntervals	Lick
1042.0392499999998	0.10000000000013642	TimeIntervals	Lick
1042.2060000000001	0.09999999999990905	TimeIntervals	Lick
1042.3395	0.13325000000008913	TimeIntervals	Lick
1042.5395	0.2664999999999509	TimeIntervals	Lick
1043.006	0.20000000000004547	TimeIntervals	Lick
1043.2395	0.5667499999999563	TimeIntervals	Lick
1043.873	0.2999999999999545	TimeIntervals	Lick
1044.20625	0.2335000000002765	TimeIntervals	Lick
1044.53975	0.09999999999990905	TimeIntervals	Lick
1044.9397500000002	0.4332499999998163	TimeIntervals	Lick
1047.2400000000002	0.06674999999972897	TimeIntervals	Lick
1047.6067500000001	0.10024999999995998	TimeIntervals	Lick
1047.74025	0.09999999999990905	TimeIntervals	Lick
1048.3735	0.10000000000013642	TimeIntervals	Reward
1048.4735	3.667500000000018	TimeIntervals	Lick
1052.4410000000003	2.2670000000000528	TimeIntervals	Lick
1054.7412500000003	0.06674999999972897	TimeIntervals	Lick
1054.84125	0.23324999999999818	TimeIntervals	Lick
1055.1080000000002	0.6667499999998654	TimeIntervals	Lick
1055.808	0.7002500000000964	TimeIntervals	Lick
1056.5414999999998	1.4002500000003693	TimeIntervals	Lick
1058.1085	0.13325000000008913	TimeIntervals	Lick
1058.34175	0.10000000000013642	TimeIntervals	Lick
1058.7420000000002	0.6332499999998618	TimeIntervals	Lick
1059.4085	0.23349999999982174	TimeIntervals	Lick
1059.7420000000002	0.8334999999997308	TimeIntervals	Lick
1060.9090000000003	0.13324999999963438	TimeIntervals	Lick
1061.0755	0.06675000000018372	TimeIntervals	Lick
1061.2755000000002	0.0667499999995016	TimeIntervals	Lick
1061.3755	0.1334999999999127	TimeIntervals	Lick
1061.8422499999997	0.06675000000063847	TimeIntervals	Lick
1062.1089999999997	0.20000000000027285	TimeIntervals	Lick
1062.3424999999997	0.1000000000003638	TimeIntervals	Lick
1062.4757500000003	0.09999999999968168	TimeIntervals	Lick
1062.9090000000003	0.20024999999964166	TimeIntervals	Lick
1064.076	0.06674999999995634	TimeIntervals	Lick
1064.4095000000002	0.09999999999990905	TimeIntervals	Lick
1065.37625	0.20000000000004547	TimeIntervals	Lick
1066.2762500000001	0.06674999999995634	TimeIntervals	Lick
1066.643	0.10000000000013642	TimeIntervals	Lick
1067.1764999999998	0.06650000000036016	TimeIntervals	Lick
1067.7765	0.06674999999995634	TimeIntervals	Lick
1067.9100000000003	0.06649999999990541	TimeIntervals	Lick
1068.2099999999998	0.10000000000013642	TimeIntervals	Lick
1068.57675	0.06675000000018372	TimeIntervals	Lick
1068.7435	0.09999999999990905	TimeIntervals	Lick
1068.9100000000003	0.09999999999968168	TimeIntervals	Lick
1069.3435	0.10000000000013642	TimeIntervals	Lick
1069.47675	0.06675000000018372	TimeIntervals	Lick
1070.31025	0.06674999999995634	TimeIntervals	Lick
1071.1105	0.03324999999972533	TimeIntervals	Lick
1071.177	0.10000000000013642	TimeIntervals	Lick
1071.6437499999997	0.06675000000018372	TimeIntervals	Lick
1071.9105000000002	0.09999999999990905	TimeIntervals	Lick
1072.37725	0.06674999999995634	TimeIntervals	Lick
1072.4772500000001	0.3667499999996835	TimeIntervals	Lick
1073.444	0.10000000000013642	TimeIntervals	Lick
1073.6775	0.10000000000013642	TimeIntervals	Reward
1073.81075	4.167250000000195	TimeIntervals	Lick
1078.04475	0.13325000000008913	TimeIntervals	Lick
1078.2115	0.4335000000000946	TimeIntervals	Lick
1078.6782500000002	0.16674999999963802	TimeIntervals	Lick
1079.145	0.2664999999999509	TimeIntervals	Lick
1079.81175	0.2999999999999545	TimeIntervals	Lick
1080.1785000000002	0.13324999999986176	TimeIntervals	Lick
1080.712	0.20000000000027285	TimeIntervals	Lick
1081.04525	0.09999999999990905	TimeIntervals	Lick
1081.4785	0.26700000000005275	TimeIntervals	Lick
1081.8454999999997	0.1000000000003638	TimeIntervals	Lick
1081.97875	0.10000000000013642	TimeIntervals	Lick
1082.2455	0.09999999999968168	TimeIntervals	Lick
1082.979	0.06650000000013279	TimeIntervals	Lick
1083.5790000000002	0.06649999999967804	TimeIntervals	Lick
1084.179	0.09999999999990905	TimeIntervals	Lick
1084.6125000000002	0.09999999999990905	TimeIntervals	Lick
1084.7457499999998	0.06675000000018372	TimeIntervals	Lick
1084.84575	0.1000000000003638	TimeIntervals	Lick
1084.979	0.10024999999995998	TimeIntervals	Lick
1085.2125	0.09999999999990905	TimeIntervals	Lick
1085.8125	0.06674999999995634	TimeIntervals	Lick
1086.81275	0.06674999999972897	TimeIntervals	Lick
1087.1127499999998	0.06675000000041109	TimeIntervals	Lick
1087.4462500000002	0.10000000000013642	TimeIntervals	Lick
1087.8794999999998	0.1000000000003638	TimeIntervals	Lick
1088.013	0.06649999999990541	TimeIntervals	Lick
1088.513	0.06675000000018372	TimeIntervals	Lick
1088.7130000000002	0.09999999999990905	TimeIntervals	Lick
1088.97975	0.10000000000013642	TimeIntervals	Lick
1089.2465	0.09999999999990905	TimeIntervals	Lick
1089.4132500000003	0.06674999999972897	TimeIntervals	Lick
1089.58	0.06650000000013279	TimeIntervals	Lick
1089.71325	0.10000000000013642	TimeIntervals	Lick
1090.4132500000003	0.06674999999972897	TimeIntervals	Lick
1090.74675	0.10000000000013642	TimeIntervals	Lick
1090.8799999999999	0.06675000000018372	TimeIntervals	Lick
1091.3135000000002	0.06649999999967804	TimeIntervals	Lick
1091.88025	0.10000000000013642	TimeIntervals	Lick
1092.9805	0.06650000000036016	TimeIntervals	Lick
1093.6470000000002	0.06674999999972897	TimeIntervals	Lick
1093.9472500000002	3.8672499999997854	TimeIntervals	Lick
1093.9805	0.10000000000013642	TimeIntervals	Reward
1097.8809999999999	0.7335000000000491	TimeIntervals	Lick
1098.6812500000003	0.19999999999959073	TimeIntervals	Lick
1098.9480000000003	0.06649999999967804	TimeIntervals	Lick
1099.048	0.33349999999995816	TimeIntervals	Lick
1099.8480000000002	0.10000000000013642	TimeIntervals	Lick
1100.3480000000002	0.06700000000000728	TimeIntervals	Lick
1100.84825	0.3000000000001819	TimeIntervals	Lick
1101.2814999999998	0.10000000000013642	TimeIntervals	Lick
1101.7817499999999	0.10000000000013642	TimeIntervals	Lick
1101.9150000000002	0.09999999999968168	TimeIntervals	Lick
1102.0485	0.09999999999990905	TimeIntervals	Lick
1102.2150000000001	0.09999999999968168	TimeIntervals	Lick
1102.61525	0.13324999999986176	TimeIntervals	Lick
1102.8819999999998	0.1000000000003638	TimeIntervals	Lick
1103.9487500000002	0.06674999999972897	TimeIntervals	Lick
1104.64875	0.10024999999995998	TimeIntervals	Lick
1105.0155	0.10000000000013642	TimeIntervals	Lick
1105.249	0.06649999999990541	TimeIntervals	Lick
1106.21575	0.09999999999968168	TimeIntervals	Lick
1107.2825	0.06675000000018372	TimeIntervals	Lick
1107.6825000000001	0.09999999999990905	TimeIntervals	Lick
1108.416	0.10000000000013642	TimeIntervals	Lick
1108.58275	0.1000000000003638	TimeIntervals	Lick
1108.7160000000001	0.1334999999999127	TimeIntervals	Lick
1110.2165000000002	0.09999999999968168	TimeIntervals	Lick
1113.1835000000003	0.06649999999967804	TimeIntervals	Lick
1115.4837500000003	0.06674999999972897	TimeIntervals	Lick
1117.0175	0.06650000000013279	TimeIntervals	Lick
1117.7175000000002	0.06649999999967804	TimeIntervals	Lick
1118.3174999999999	0.06675000000018372	TimeIntervals	Lick
1118.4842500000002	0.06674999999972897	TimeIntervals	Lick
1118.7175000000002	0.06674999999995634	TimeIntervals	Lick
1119.5177500000002	0.0667499999995016	TimeIntervals	Lick
1119.7845000000002	0.09999999999990905	TimeIntervals	Lick
1120.1845000000003	0.06674999999995634	TimeIntervals	Lick
1120.3179999999998	0.10000000000013642	TimeIntervals	Reward
1120.45125	3.833750000000009	TimeIntervals	Lick
1124.3184999999999	0.06650000000036016	TimeIntervals	Lick
1124.5185000000001	0.1334999999999127	TimeIntervals	Lick
1124.852	0.13325000000008913	TimeIntervals	Lick
1125.1185000000003	0.09999999999990905	TimeIntervals	Lick
1125.5855	0.10000000000013642	TimeIntervals	Lick
1126.1187500000003	0.19999999999959073	TimeIntervals	Lick
1126.3855	0.2999999999999545	TimeIntervals	Lick
1126.7189999999998	0.33324999999990723	TimeIntervals	Lick
1127.1522500000003	0.2332499999997708	TimeIntervals	Lick
1127.4522499999998	0.06675000000018372	TimeIntervals	Lick
1127.6190000000004	0.0999999999994543	TimeIntervals	Lick
1128.1525000000001	0.13324999999986176	TimeIntervals	Lick
1128.319	0.06675000000018372	TimeIntervals	Lick
1128.519	0.06675000000018372	TimeIntervals	Lick
1128.6525000000001	0.09999999999990905	TimeIntervals	Lick
1128.78575	0.2002500000000964	TimeIntervals	Lick
1129.1525000000001	0.09999999999990905	TimeIntervals	Lick
1129.986	0.09999999999968168	TimeIntervals	Lick
1130.1195000000002	0.06649999999967804	TimeIntervals	Lick
1130.8194999999998	0.1000000000003638	TimeIntervals	Lick
1131.2195	0.06675000000041109	TimeIntervals	Lick
1132.453	0.03350000000000364	TimeIntervals	Lick
1133.0865	0.10000000000013642	TimeIntervals	Lick
1133.3199999999997	0.06650000000058753	TimeIntervals	Lick
1133.8865000000003	0.06674999999972897	TimeIntervals	Lick
1135.1200000000001	0.03350000000000364	TimeIntervals	Lick
1135.7535000000003	0.09999999999968168	TimeIntervals	Lick
1136.1535000000001	0.10000000000013642	TimeIntervals	Lick
1136.3535	0.06675000000018372	TimeIntervals	Lick
1136.4870000000003	0.09999999999968168	TimeIntervals	Lick
1136.85375	0.06675000000018372	TimeIntervals	Lick
1136.9870000000003	0.06674999999972897	TimeIntervals	Lick
1137.1537500000004	0.16674999999941065	TimeIntervals	Lick
1137.4537500000001	0.33349999999995816	TimeIntervals	Lick
1138.1540000000002	0.06649999999945067	TimeIntervals	Lick
1138.3872500000002	0.09999999999990905	TimeIntervals	Lick
1138.7540000000001	2.7004999999996926	TimeIntervals	Lick
1141.5877500000001	0.06675000000018372	TimeIntervals	Lick
1141.78775	0.06674999999972897	TimeIntervals	Lick
1141.98775	0.06675000000018372	TimeIntervals	Lick
1142.5545000000002	0.06674999999995634	TimeIntervals	Lick
1143.1880000000003	0.09999999999968168	TimeIntervals	Lick
1143.5880000000002	0.06674999999995634	TimeIntervals	Lick
1143.788	0.09999999999990905	TimeIntervals	Lick
1143.95475	0.26674999999977445	TimeIntervals	Lick
1144.38825	0.10000000000013642	TimeIntervals	Lick
1144.5550000000003	0.06649999999990541	TimeIntervals	Lick
1144.78825	0.09999999999990905	TimeIntervals	Lick
1145.1550000000002	0.06649999999967804	TimeIntervals	Lick
1145.28825	0.30025000000000546	TimeIntervals	Lick
1145.7217500000002	0.06674999999995634	TimeIntervals	Lick
1146.2217500000002	0.06674999999995634	TimeIntervals	Lick
1146.4885	0.10000000000013642	TimeIntervals	Lick
1146.7220000000002	0.13324999999963438	TimeIntervals	Lick
1147.1220000000003	0.4334999999998672	TimeIntervals	Lick
1147.58875	0.1000000000003638	TimeIntervals	Lick
1148.1887500000003	0.09999999999990905	TimeIntervals	Lick
1148.6555000000005	0.09999999999968168	TimeIntervals	Reward
1148.7555000000002	3.300499999999829	TimeIntervals	Lick
1152.4227500000002	0.09999999999990905	TimeIntervals	Lick
1152.5895	0.06650000000013279	TimeIntervals	Lick
1152.6895000000004	0.06649999999967804	TimeIntervals	Lick
1153.02275	0.06674999999995634	TimeIntervals	Lick
1153.2895	0.06674999999995634	TimeIntervals	Lick
1153.523	0.06650000000013279	TimeIntervals	Lick
1153.8895	0.1334999999999127	TimeIntervals	Lick
1154.123	0.06675000000041109	TimeIntervals	Lick
1154.623	0.10000000000013642	TimeIntervals	Lick
1154.78975	0.09999999999990905	TimeIntervals	Lick
1155.9565000000002	0.1999999999998181	TimeIntervals	Lick
1156.1900000000003	0.06649999999967804	TimeIntervals	Lick
1156.3899999999999	0.3000000000004093	TimeIntervals	Lick
1156.9235	0.26650000000017826	TimeIntervals	Lick
1157.2235	0.36675000000013824	TimeIntervals	Lick
1157.79025	0.43325000000004366	TimeIntervals	Lick
1158.3570000000002	0.09999999999990905	TimeIntervals	Lick
1158.5905000000002	0.09999999999968168	TimeIntervals	Lick
1158.7237500000003	0.09999999999990905	TimeIntervals	Lick
1158.8570000000002	0.06674999999972897	TimeIntervals	Lick
1158.957	0.2999999999999545	TimeIntervals	Lick
1159.3905	0.06650000000013279	TimeIntervals	Lick
1159.4905	0.10000000000013642	TimeIntervals	Lick
1159.624	0.09999999999990905	TimeIntervals	Lick
1159.7572499999999	0.10000000000013642	TimeIntervals	Lick
1159.924	0.09999999999968168	TimeIntervals	Lick
1160.2905	0.09999999999990905	TimeIntervals	Lick
1160.8575	0.06649999999990541	TimeIntervals	Lick
1161.0575000000001	0.06649999999990541	TimeIntervals	Lick
1161.8240000000003	0.10024999999973261	TimeIntervals	Lick
1162.2242500000002	0.09999999999990905	TimeIntervals	Lick
1162.5575000000001	0.16675000000009277	TimeIntervals	Lick
1162.8242500000001	0.10025000000018736	TimeIntervals	Lick
1163.0244999999998	0.06650000000036016	TimeIntervals	Lick
1171.0255	0.10000000000013642	TimeIntervals	Reward
1171.2255	3.6340000000000146	TimeIntervals	Lick
1174.926	0.10024999999995998	TimeIntervals	Lick
1175.0595	0.06674999999995634	TimeIntervals	Lick
1175.1930000000002	0.06649999999990541	TimeIntervals	Lick
1175.62625	0.10000000000013642	TimeIntervals	Lick
1175.793	0.10000000000013642	TimeIntervals	Lick
1175.9595000000002	0.1334999999999127	TimeIntervals	Lick
1177.66	0.06649999999990541	TimeIntervals	Lick
1177.76	0.23325000000022555	TimeIntervals	Lick
1178.1932500000003	0.10024999999973261	TimeIntervals	Lick
1178.66	0.16675000000009277	TimeIntervals	Lick
1178.8600000000001	0.1334999999999127	TimeIntervals	Lick
1180.1935	0.1999999999998181	TimeIntervals	Lick
1181.5604999999998	0.06675000000041109	TimeIntervals	Lick
1181.894	0.06650000000013279	TimeIntervals	Lick
1181.9940000000001	0.2332499999997708	TimeIntervals	Lick
1182.2605000000003	0.0667499999995016	TimeIntervals	Lick
1182.8274999999999	0.10000000000013642	TimeIntervals	Lick
1182.9607500000002	0.09999999999968168	TimeIntervals	Lick
1185.061	0.20000000000027285	TimeIntervals	Lick
1185.4945000000002	0.16649999999981446	TimeIntervals	Lick
1185.7945	0.20000000000027285	TimeIntervals	Lick
1186.06125	0.16675000000009277	TimeIntervals	Lick
1186.2945	0.06674999999995634	TimeIntervals	Lick
1186.7945	0.06674999999995634	TimeIntervals	Lick
1186.928	0.09999999999968168	TimeIntervals	Lick
1187.128	0.06674999999995634	TimeIntervals	Lick
1187.228	0.1334999999999127	TimeIntervals	Lick
1187.3947500000002	0.10000000000013642	TimeIntervals	Lick
1188.3615	0.06675000000018372	TimeIntervals	Lick
1188.4615000000001	0.09999999999968168	TimeIntervals	Lick
1189.46175	0.06675000000018372	TimeIntervals	Lick
1190.1285000000003	0.09999999999968168	TimeIntervals	Lick
1190.295	0.06700000000000728	TimeIntervals	Lick
1190.39525	0.10000000000013642	TimeIntervals	Reward
1190.4952500000002	3.300499999999829	TimeIntervals	Lick
1193.8289999999997	0.7667500000002292	TimeIntervals	Lick
1194.6625000000001	0.09999999999990905	TimeIntervals	Lick
1194.8960000000002	0.10000000000013642	TimeIntervals	Lick
1195.9295000000002	0.09999999999990905	TimeIntervals	Lick
1196.096	0.06675000000018372	TimeIntervals	Lick
1196.2294999999997	0.1332500000003165	TimeIntervals	Lick
1196.46275	0.06675000000018372	TimeIntervals	Lick
1196.7627499999999	0.30025000000000546	TimeIntervals	Lick
1197.0962499999998	0.16675000000009277	TimeIntervals	Lick
1197.4295000000002	0.16674999999963802	TimeIntervals	Lick
1197.6295000000002	0.13349999999968531	TimeIntervals	Lick
1199.4632499999998	0.06675000000041109	TimeIntervals	Lick
1199.5632500000002	0.16674999999963802	TimeIntervals	Lick
1200.7635	0.5	TimeIntervals	Lick
1201.397	0.33324999999990723	TimeIntervals	Lick
1202.4305	0.20000000000027285	TimeIntervals	Lick
1202.7305	0.06650000000013279	TimeIntervals	Lick
1203.397	0.06674999999995634	TimeIntervals	Lick
1203.7305	0.20000000000004547	TimeIntervals	Lick
1203.964	0.10000000000013642	TimeIntervals	Lick
1204.6305000000002	0.0669999999997799	TimeIntervals	Lick
1204.7307499999997	0.06675000000041109	TimeIntervals	Lick
1205.6640000000002	0.0669999999997799	TimeIntervals	Lick
1206.431	0.10000000000013642	TimeIntervals	Lick
1206.89775	0.09999999999990905	TimeIntervals	Lick
1207.59775	0.1000000000003638	TimeIntervals	Lick
1207.998	0.06650000000013279	TimeIntervals	Lick
1208.53125	0.06674999999995634	TimeIntervals	Lick
1208.7645	0.03350000000023101	TimeIntervals	Lick
1208.8980000000001	0.06649999999967804	TimeIntervals	Lick
1209.6315000000004	0.06649999999990541	TimeIntervals	Lick
1211.73175	0.06675000000018372	TimeIntervals	Lick
1213.06525	0.033249999999952706	TimeIntervals	Lick
1213.4655	0.06649999999990541	TimeIntervals	Lick
1213.6987500000002	0.06674999999972897	TimeIntervals	Lick
1214.4987500000002	0.06674999999972897	TimeIntervals	Lick
1215.23225	0.033249999999952706	TimeIntervals	Lick
1215.6325	0.06650000000036016	TimeIntervals	Lick
1216.099	0.06675000000018372	TimeIntervals	Lick
1216.1990000000003	0.06674999999972897	TimeIntervals	Lick
1216.3325	0.06649999999990541	TimeIntervals	Lick
1216.5324999999998	0.06650000000013279	TimeIntervals	Lick
1216.6990000000003	0.20024999999964166	TimeIntervals	Lick
1216.9325000000001	0.09999999999968168	TimeIntervals	Lick
1217.0992500000002	0.2332499999997708	TimeIntervals	Lick
1217.4992499999998	0.1000000000003638	TimeIntervals	Lick
1217.6325	0.13350000000014006	TimeIntervals	Lick
1217.8659999999998	0.1000000000003638	TimeIntervals	Lick
1217.9995	0.06650000000036016	TimeIntervals	Lick
1218.166	0.06674999999995634	TimeIntervals	Lick
1219.2330000000002	0.06650000000013279	TimeIntervals	Lick
1219.5995	0.09999999999990905	TimeIntervals	Lick
1220.39975	0.20000000000004547	TimeIntervals	Lick
1220.89975	0.09999999999990905	TimeIntervals	Lick
1221.2332500000002	0.06674999999995634	TimeIntervals	Lick
1221.4665000000002	0.09999999999990905	TimeIntervals	Lick
1221.6000000000001	0.06650000000013279	TimeIntervals	Lick
1221.93325	0.09999999999968168	TimeIntervals	Lick
1222.4667500000003	0.13324999999986176	TimeIntervals	Lick
1223.2	0.06674999999995634	TimeIntervals	Lick
1223.7335	0.10000000000013642	TimeIntervals	Lick
1225.3005	0.06650000000013279	TimeIntervals	Lick
1232.56825	0.06674999999995634	TimeIntervals	Lick
1232.66825	0.06675000000041109	TimeIntervals	Lick
1232.8014999999998	0.10000000000013642	TimeIntervals	Lick
1233.2685	0.23325000000022555	TimeIntervals	Lick
1234.4352499999998	0.06675000000041109	TimeIntervals	Lick
1235.1685	0.09999999999990905	TimeIntervals	Lick
1235.6020000000005	0.06674999999972897	TimeIntervals	Lick
1236.0355	0.06650000000058753	TimeIntervals	Lick
1236.9354999999998	0.06675000000041109	TimeIntervals	Lick
1237.0355	0.1000000000003638	TimeIntervals	Lick
1237.569	0.10000000000013642	TimeIntervals	Lick
1254.5715	0.06675000000018372	TimeIntervals	Lick
