onset	duration	nwb_table	event_type
7.382	0.10000000000000053	TimeIntervals	Lick
7.5155	0.06650000000000045	TimeIntervals	Lick
7.6155	0.09999999999999964	TimeIntervals	Lick
7.748749999999999	0.13324999999999942	TimeIntervals	Lick
7.915500000000001	0.10000000000000053	TimeIntervals	Lick
8.082000000000003	0.09999999999999787	TimeIntervals	Lick
8.582250000000002	0.1332500000000003	TimeIntervals	Lick
9.015500000000001	0.03349999999999831	TimeIntervals	Lick
9.915750000000001	0.06675000000000075	TimeIntervals	Lick
10.582500000000001	0.13349999999999973	TimeIntervals	Lick
11.54925	0.10024999999999906	TimeIntervals	Lick
12.316	0.09999999999999964	TimeIntervals	Lick
12.4495	0.06649999999999956	TimeIntervals	Lick
12.582750000000003	0.0667499999999972	TimeIntervals	Lick
12.716250000000002	0.06674999999999898	TimeIntervals	Lick
12.81625	0.10000000000000142	TimeIntervals	Lick
12.9495	0.09999999999999964	TimeIntervals	Lick
13.083	0.06650000000000134	TimeIntervals	Lick
13.183000000000002	0.09999999999999964	TimeIntervals	Lick
13.31625	0.10000000000000142	TimeIntervals	Lick
13.483000000000002	0.06649999999999778	TimeIntervals	Lick
13.583	0.10000000000000142	TimeIntervals	Lick
13.71625	0.10024999999999906	TimeIntervals	Lick
13.84975	0.10000000000000142	TimeIntervals	Lick
14.04975	0.06674999999999898	TimeIntervals	Lick
14.083	0.03349999999999831	TimeIntervals	Reward
14.149750000000001	0.43324999999999925	TimeIntervals	Lick
14.616499999999998	0.20000000000000107	TimeIntervals	Lick
14.84975	0.20025000000000048	TimeIntervals	Lick
15.083250000000001	0.1999999999999993	TimeIntervals	Lick
15.3165	0.20000000000000284	TimeIntervals	Lick
15.550000000000002	0.09999999999999964	TimeIntervals	Lick
15.683250000000003	0.09999999999999787	TimeIntervals	Lick
15.8165	0.10000000000000142	TimeIntervals	Lick
15.950000000000001	0.6334999999999962	TimeIntervals	Lick
16.61675	0.09999999999999787	TimeIntervals	Lick
16.75	0.09999999999999787	TimeIntervals	Lick
16.8835	0.1332500000000003	TimeIntervals	Lick
17.049999999999997	0.23350000000000293	TimeIntervals	Lick
17.317	0.06650000000000134	TimeIntervals	Lick
17.483500000000006	0.03349999999999653	TimeIntervals	Lick
17.717	0.03324999999999889	TimeIntervals	Lick
18.05025	0.1332500000000003	TimeIntervals	Lick
18.617	0.06674999999999898	TimeIntervals	Lick
18.88375	0.06675000000000253	TimeIntervals	Lick
19.650500000000005	0.1334999999999944	TimeIntervals	Lick
20.3505	0.10025000000000617	TimeIntervals	Lick
21.3175	0.10000000000000497	TimeIntervals	Lick
21.517500000000002	0.13349999999999795	TimeIntervals	Lick
23.0845	0.10000000000000142	TimeIntervals	Lick
24.284499999999998	0.06675000000000253	TimeIntervals	Lick
25.58475	0.10000000000000142	TimeIntervals	Lick
27.784999999999997	0.06675000000000253	TimeIntervals	Lick
28.718499999999995	0.10000000000000497	TimeIntervals	Lick
29.851999999999997	0.10000000000000497	TimeIntervals	Lick
33.586	0.10000000000000853	TimeIntervals	Lick
36.01975	0.10000000000000142	TimeIntervals	Lick
37.220000000000006	0.10000000000000142	TimeIntervals	Lick
39.787000000000006	0.09999999999999432	TimeIntervals	Lick
40.086999999999996	0.06675000000000608	TimeIntervals	Lick
40.18699999999999	0.10000000000001563	TimeIntervals	Lick
40.32050000000001	0.09999999999998721	TimeIntervals	Lick
40.45375000000001	0.09999999999998721	TimeIntervals	Lick
40.62049999999999	0.20000000000001705	TimeIntervals	Lick
40.853750000000005	0.10000000000000142	TimeIntervals	Lick
40.986999999999995	0.19999999999999574	TimeIntervals	Lick
41.2205	0.10000000000000853	TimeIntervals	Lick
41.354000000000006	0.09999999999998721	TimeIntervals	Lick
41.487249999999996	0.10000000000000142	TimeIntervals	Lick
41.62049999999999	0.10000000000000853	TimeIntervals	Lick
41.754	0.10000000000000853	TimeIntervals	Lick
41.88725	0.09999999999999432	TimeIntervals	Lick
42.054	0.09999999999999432	TimeIntervals	Lick
42.12049999999999	0.03350000000000364	TimeIntervals	Reward
42.187250000000006	0.10000000000000142	TimeIntervals	Lick
42.32050000000001	0.30024999999999125	TimeIntervals	Lick
42.653999999999996	0.20000000000000995	TimeIntervals	Lick
42.8875	0.20000000000000284	TimeIntervals	Lick
43.12075	0.10000000000000853	TimeIntervals	Lick
43.254	0.3335000000000079	TimeIntervals	Lick
43.62100000000001	0.09999999999999432	TimeIntervals	Lick
43.75425	0.10000000000000142	TimeIntervals	Lick
43.8875	0.09999999999998721	TimeIntervals	Lick
44.021	0.2665000000000006	TimeIntervals	Lick
44.321	0.10000000000000142	TimeIntervals	Lick
44.454249999999995	0.2667500000000089	TimeIntervals	Lick
44.7545	0.09999999999999432	TimeIntervals	Lick
44.887750000000004	0.3999999999999986	TimeIntervals	Lick
45.354499999999994	1.6670000000000087	TimeIntervals	Lick
47.05475	0.46675000000000466	TimeIntervals	Lick
47.55475	0.20000000000000284	TimeIntervals	Lick
47.788000000000004	0.2669999999999959	TimeIntervals	Lick
48.08825	0.19999999999998863	TimeIntervals	Lick
48.35500000000001	0.3999999999999915	TimeIntervals	Lick
48.78824999999999	0.23350000000000648	TimeIntervals	Lick
49.12175	0.3332499999999996	TimeIntervals	Lick
49.52175	0.2667500000000018	TimeIntervals	Lick
49.85500000000001	0.06674999999999187	TimeIntervals	Lick
49.955	0.10025000000000261	TimeIntervals	Lick
50.0885	0.13349999999999795	TimeIntervals	Lick
50.255250000000004	0.5332499999999953	TimeIntervals	Lick
50.822	0.6334999999999908	TimeIntervals	Lick
51.48875	0.4332499999999939	TimeIntervals	Lick
51.98875	0.20024999999999693	TimeIntervals	Lick
52.22225	0.10000000000000142	TimeIntervals	Lick
52.52225000000001	0.03324999999999534	TimeIntervals	Lick
52.62225000000001	0.1667499999999933	TimeIntervals	Lick
52.955499999999994	0.10000000000000853	TimeIntervals	Lick
53.12225000000001	0.06674999999999187	TimeIntervals	Lick
53.85575000000001	0.09999999999998721	TimeIntervals	Lick
54.35575000000001	0.06674999999999187	TimeIntervals	Lick
54.8225	0.23349999999999937	TimeIntervals	Lick
55.38925000000001	0.1002499999999884	TimeIntervals	Lick
55.622749999999996	0.10000000000000853	TimeIntervals	Lick
56.1895	0.10000000000000142	TimeIntervals	Lick
56.389500000000005	0.06649999999999068	TimeIntervals	Lick
56.52275	0.13349999999999795	TimeIntervals	Lick
57.823	0.06674999999999898	TimeIntervals	Lick
57.989749999999994	0.06675000000000608	TimeIntervals	Lick
58.790000000000006	0.09999999999999432	TimeIntervals	Lick
58.9565	0.10000000000000142	TimeIntervals	Lick
59.22324999999999	0.13325000000001097	TimeIntervals	Lick
59.856500000000004	0.06699999999999307	TimeIntervals	Lick
60.25675	0.10000000000000142	TimeIntervals	Lick
60.95674999999999	0.10025000000001683	TimeIntervals	Lick
61.39025	0.09999999999999432	TimeIntervals	Lick
63.75725	0.06675000000000608	TimeIntervals	Lick
64.0905	0.13349999999999795	TimeIntervals	Lick
66.52449999999999	0.10000000000000853	TimeIntervals	Lick
68.258	0.06649999999999068	TimeIntervals	Lick
70.8585	0.06650000000000489	TimeIntervals	Lick
70.99175000000001	0.06674999999998477	TimeIntervals	Lick
71.125	0.06675000000001319	TimeIntervals	Lick
71.25850000000001	0.06649999999997647	TimeIntervals	Lick
71.3585	0.09999999999999432	TimeIntervals	Lick
71.49175000000001	0.0999999999999801	TimeIntervals	Lick
71.625	0.06675000000001319	TimeIntervals	Lick
71.725	0.20000000000001705	TimeIntervals	Lick
71.9585	0.09999999999999432	TimeIntervals	Lick
72.092	0.20000000000000284	TimeIntervals	Lick
72.32525	0.10000000000000853	TimeIntervals	Lick
72.4585	0.09999999999999432	TimeIntervals	Lick
72.592	0.10000000000000853	TimeIntervals	Lick
72.75850000000001	0.06674999999998477	TimeIntervals	Lick
72.8585	0.09999999999999432	TimeIntervals	Lick
72.99200000000002	0.0999999999999801	TimeIntervals	Lick
73.12549999999999	0.10000000000002274	TimeIntervals	Lick
73.15875000000001	0.06674999999999898	TimeIntervals	Reward
73.25875	0.29999999999999716	TimeIntervals	Lick
73.59200000000001	0.06674999999999898	TimeIntervals	Lick
73.69200000000001	0.06674999999999898	TimeIntervals	Lick
73.792	0.10000000000000853	TimeIntervals	Lick
73.92550000000001	0.09999999999999432	TimeIntervals	Lick
74.05875	0.20025000000001114	TimeIntervals	Lick
74.29225000000001	0.10000000000000853	TimeIntervals	Lick
74.42550000000001	0.09999999999999432	TimeIntervals	Lick
74.55900000000001	0.09999999999999432	TimeIntervals	Lick
74.69225	0.10000000000000853	TimeIntervals	Lick
74.8255	0.10000000000000853	TimeIntervals	Lick
74.959	0.10000000000000853	TimeIntervals	Lick
75.09225	0.09999999999999432	TimeIntervals	Lick
75.22550000000001	0.1002499999999884	TimeIntervals	Lick
75.359	0.4000000000000199	TimeIntervals	Lick
75.7925	0.10000000000000853	TimeIntervals	Lick
75.92575000000001	0.09999999999999432	TimeIntervals	Lick
76.05900000000001	0.13349999999999795	TimeIntervals	Lick
76.22574999999999	0.10000000000000853	TimeIntervals	Lick
76.359	0.10025000000003104	TimeIntervals	Lick
76.4925	0.13350000000001216	TimeIntervals	Lick
76.65925	0.10000000000000853	TimeIntervals	Lick
76.7925	0.10000000000000853	TimeIntervals	Lick
76.92600000000002	0.2664999999999935	TimeIntervals	Lick
77.226	0.10000000000000853	TimeIntervals	Lick
77.35925	0.23350000000000648	TimeIntervals	Lick
77.62600000000002	0.0999999999999801	TimeIntervals	Lick
77.79275	0.10000000000000853	TimeIntervals	Lick
77.92600000000002	0.13349999999998374	TimeIntervals	Lick
78.09275000000001	0.10000000000000853	TimeIntervals	Lick
78.226	0.10000000000000853	TimeIntervals	Lick
78.3595	0.10000000000002274	TimeIntervals	Lick
78.526	0.06700000000000728	TimeIntervals	Lick
78.8595	0.10000000000002274	TimeIntervals	Lick
79.02625	0.10000000000000853	TimeIntervals	Lick
79.52625	0.06674999999999898	TimeIntervals	Lick
79.65975000000002	0.23324999999998397	TimeIntervals	Lick
79.9265	0.09999999999999432	TimeIntervals	Lick
80.093	0.06675000000001319	TimeIntervals	Lick
80.25975	0.06674999999999898	TimeIntervals	Lick
80.5265	0.10000000000002274	TimeIntervals	Lick
80.69300000000001	0.06699999999999307	TimeIntervals	Lick
80.8265	0.06674999999999898	TimeIntervals	Lick
81.09325000000001	0.13324999999997544	TimeIntervals	Lick
81.62650000000002	0.0999999999999659	TimeIntervals	Lick
81.8265	0.10025000000000261	TimeIntervals	Lick
81.99350000000001	0.09999999999999432	TimeIntervals	Lick
82.36	0.10000000000000853	TimeIntervals	Lick
82.7935	0.09999999999999432	TimeIntervals	Lick
83.0935	0.10000000000000853	TimeIntervals	Lick
83.86025	0.10000000000000853	TimeIntervals	Lick
85.16050000000001	0.06674999999999898	TimeIntervals	Lick
85.96050000000001	0.06674999999997056	TimeIntervals	Lick
86.29400000000001	0.2667499999999876	TimeIntervals	Lick
87.39425000000001	0.09999999999999432	TimeIntervals	Lick
87.7275	0.0999999999999801	TimeIntervals	Lick
88.261	0.06649999999999068	TimeIntervals	Lick
88.69450000000002	0.0999999999999801	TimeIntervals	Lick
89.2945	0.10000000000000853	TimeIntervals	Lick
89.5945	0.10000000000002274	TimeIntervals	Lick
90.69475	0.10000000000000853	TimeIntervals	Lick
92.76150000000001	0.1002499999999884	TimeIntervals	Lick
93.99525	0.10000000000000853	TimeIntervals	Lick
95.76200000000001	0.09999999999999432	TimeIntervals	Lick
96.06200000000001	0.06700000000000728	TimeIntervals	Lick
96.1955	0.20000000000001705	TimeIntervals	Lick
96.42900000000002	0.20000000000000284	TimeIntervals	Lick
96.66225000000001	0.06674999999998477	TimeIntervals	Lick
96.7955	0.06674999999999898	TimeIntervals	Lick
96.89550000000001	0.09999999999999432	TimeIntervals	Lick
97.029	0.10000000000002274	TimeIntervals	Lick
97.16225000000001	0.20024999999999693	TimeIntervals	Lick
97.39575	0.10000000000000853	TimeIntervals	Lick
97.529	0.10000000000002274	TimeIntervals	Lick
97.66250000000001	0.09999999999999432	TimeIntervals	Lick
97.829	0.06675000000001319	TimeIntervals	Lick
97.92900000000002	0.20000000000000284	TimeIntervals	Lick
98.16250000000001	0.06649999999999068	TimeIntervals	Lick
98.229	0.10025000000000261	TimeIntervals	Reward
98.2625	0.4335000000000093	TimeIntervals	Lick
98.72925	0.10000000000000853	TimeIntervals	Lick
98.86250000000001	0.06674999999999898	TimeIntervals	Lick
98.96250000000002	0.0999999999999801	TimeIntervals	Lick
99.096	0.10000000000000853	TimeIntervals	Lick
99.22925	0.10000000000000853	TimeIntervals	Lick
99.36250000000001	0.20024999999998272	TimeIntervals	Lick
99.596	0.10000000000000853	TimeIntervals	Lick
99.7295	0.09999999999999432	TimeIntervals	Lick
99.86275	0.09999999999999432	TimeIntervals	Lick
99.996	0.10000000000000853	TimeIntervals	Lick
100.12950000000001	0.09999999999999432	TimeIntervals	Lick
100.26275000000001	0.09999999999999432	TimeIntervals	Lick
100.396	0.09999999999999432	TimeIntervals	Lick
100.52950000000001	0.09999999999999432	TimeIntervals	Lick
100.66300000000001	0.10000000000000853	TimeIntervals	Lick
100.79625	0.10000000000000853	TimeIntervals	Lick
100.92950000000002	0.09999999999999432	TimeIntervals	Lick
101.06299999999999	0.10000000000002274	TimeIntervals	Lick
101.19625000000002	0.0999999999999801	TimeIntervals	Lick
101.3295	0.10000000000002274	TimeIntervals	Lick
101.46300000000001	0.0999999999999801	TimeIntervals	Lick
101.5965	0.26650000000000773	TimeIntervals	Lick
101.8965	0.10000000000000853	TimeIntervals	Lick
102.02974999999999	0.13325000000001808	TimeIntervals	Lick
102.19650000000001	0.0999999999999801	TimeIntervals	Lick
102.32975	0.10000000000000853	TimeIntervals	Lick
102.46300000000001	0.0999999999999801	TimeIntervals	Lick
102.5965	0.10000000000000853	TimeIntervals	Lick
102.76325	0.09999999999999432	TimeIntervals	Lick
102.89649999999999	0.2335000000000207	TimeIntervals	Lick
103.16325000000002	0.0999999999999801	TimeIntervals	Lick
103.2965	0.09999999999999432	TimeIntervals	Lick
103.43	0.13325000000000387	TimeIntervals	Lick
103.5965	0.10000000000000853	TimeIntervals	Lick
103.73	0.09999999999999432	TimeIntervals	Lick
103.8635	0.10000000000000853	TimeIntervals	Lick
103.99675000000002	0.0999999999999801	TimeIntervals	Lick
104.13000000000001	0.13349999999999795	TimeIntervals	Lick
104.29674999999999	0.06675000000001319	TimeIntervals	Lick
104.43	0.06675000000001319	TimeIntervals	Lick
104.59675	0.0667500000000274	TimeIntervals	Lick
104.76350000000001	0.1667499999999933	TimeIntervals	Lick
105.3635	0.10000000000000853	TimeIntervals	Lick
105.76350000000001	0.23350000000000648	TimeIntervals	Lick
106.0305	0.06649999999999068	TimeIntervals	Lick
107.16400000000002	0.09999999999999432	TimeIntervals	Lick
107.364	0.10000000000000853	TimeIntervals	Lick
107.5305	0.06674999999999898	TimeIntervals	Lick
107.63050000000001	0.09999999999999432	TimeIntervals	Lick
107.76400000000001	0.20000000000000284	TimeIntervals	Lick
107.99725000000001	0.20024999999999693	TimeIntervals	Lick
108.23074999999999	0.10000000000000853	TimeIntervals	Lick
108.364	0.10000000000000853	TimeIntervals	Lick
108.4975	0.10000000000000853	TimeIntervals	Lick
108.63075000000002	0.0999999999999659	TimeIntervals	Lick
108.76400000000001	0.09999999999999432	TimeIntervals	Lick
108.89750000000001	0.09999999999999432	TimeIntervals	Lick
109.03075	0.10000000000002274	TimeIntervals	Lick
109.16400000000002	0.09999999999999432	TimeIntervals	Lick
109.2975	0.10000000000000853	TimeIntervals	Lick
109.2975	0.06674999999999898	TimeIntervals	Reward
109.43100000000001	0.19999999999998863	TimeIntervals	Lick
109.66425000000001	0.19999999999998863	TimeIntervals	Lick
109.89750000000001	0.06674999999999898	TimeIntervals	Lick
109.9975	0.10000000000000853	TimeIntervals	Lick
110.131	0.19999999999998863	TimeIntervals	Lick
110.3645	0.19999999999998863	TimeIntervals	Lick
110.59775	0.09999999999999432	TimeIntervals	Lick
110.731	0.09999999999999432	TimeIntervals	Lick
110.8645	0.23324999999999818	TimeIntervals	Lick
111.131	0.09999999999999432	TimeIntervals	Lick
111.26450000000001	0.09999999999999432	TimeIntervals	Lick
111.39775	0.26675000000001603	TimeIntervals	Lick
111.698	0.09999999999999432	TimeIntervals	Lick
111.83125	0.23324999999999818	TimeIntervals	Lick
112.09800000000001	0.0999999999999801	TimeIntervals	Lick
112.23125	0.09999999999999432	TimeIntervals	Lick
112.3645	0.09999999999999432	TimeIntervals	Lick
112.49800000000002	0.09999999999999432	TimeIntervals	Lick
112.6315	0.23324999999999818	TimeIntervals	Lick
112.89800000000001	0.10000000000000853	TimeIntervals	Lick
113.0315	0.10000000000000853	TimeIntervals	Lick
113.16475000000001	0.09999999999999432	TimeIntervals	Lick
113.3315	0.19999999999998863	TimeIntervals	Lick
113.66500000000002	0.09999999999999432	TimeIntervals	Lick
114.0315	0.06675000000001319	TimeIntervals	Lick
114.26500000000001	0.06649999999999068	TimeIntervals	Lick
114.365	0.1664999999999992	TimeIntervals	Lick
115.19850000000001	0.09999999999999432	TimeIntervals	Lick
115.89850000000001	0.0999999999999801	TimeIntervals	Lick
116.33200000000001	0.09999999999999432	TimeIntervals	Lick
116.49849999999999	0.10000000000000853	TimeIntervals	Lick
117.29875000000001	0.23324999999998397	TimeIntervals	Lick
117.59875	0.06675000000001319	TimeIntervals	Lick
117.96550000000002	0.06649999999997647	TimeIntervals	Lick
119.06550000000001	0.13350000000001216	TimeIntervals	Lick
119.93250000000002	0.0999999999999801	TimeIntervals	Lick
120.89925000000001	0.10000000000000853	TimeIntervals	Lick
121.73275	0.09999999999999432	TimeIntervals	Lick
123.13300000000002	0.06650000000000489	TimeIntervals	Lick
123.96650000000001	0.13324999999998965	TimeIntervals	Lick
124.8665	0.06675000000001319	TimeIntervals	Lick
125.23325	0.13325000000000387	TimeIntervals	Lick
126.46675	0.10000000000000853	TimeIntervals	Lick
128.23375	0.06675000000001319	TimeIntervals	Lick
129.43400000000003	0.06649999999996226	TimeIntervals	Lick
129.7005	0.09999999999999432	TimeIntervals	Lick
130.1005	0.06699999999997885	TimeIntervals	Lick
130.5675	0.06649999999999068	TimeIntervals	Lick
130.70075	0.06675000000001319	TimeIntervals	Lick
130.834	0.06675000000001319	TimeIntervals	Lick
130.96750000000003	0.0999999999999659	TimeIntervals	Lick
131.8675	0.06674999999998477	TimeIntervals	Lick
133.0345	0.09999999999999432	TimeIntervals	Lick
133.2345	0.0665000000000191	TimeIntervals	Lick
133.36775	0.06674999999998477	TimeIntervals	Lick
133.468	0.10000000000002274	TimeIntervals	Lick
133.60125	0.10000000000002274	TimeIntervals	Lick
133.7345	0.333500000000015	TimeIntervals	Lick
134.10125	0.10000000000002274	TimeIntervals	Lick
134.2345	0.10000000000002274	TimeIntervals	Lick
134.36800000000002	0.0999999999999659	TimeIntervals	Lick
134.5015	0.0665000000000191	TimeIntervals	Lick
134.63475	0.06675000000001319	TimeIntervals	Lick
134.768	0.10000000000002274	TimeIntervals	Lick
134.9015	0.06649999999999068	TimeIntervals	Lick
135.03475	0.06674999999998477	TimeIntervals	Lick
135.13475	0.10000000000002274	TimeIntervals	Lick
135.268	0.06675000000001319	TimeIntervals	Lick
135.33475	0.09999999999999432	TimeIntervals	Reward
135.36800000000002	0.5669999999999789	TimeIntervals	Lick
135.96825	0.19999999999998863	TimeIntervals	Lick
136.2015	0.19999999999998863	TimeIntervals	Lick
136.435	0.09999999999999432	TimeIntervals	Lick
136.56824999999998	0.10000000000002274	TimeIntervals	Lick
136.7015	0.10025000000001683	TimeIntervals	Lick
136.83500000000004	0.0999999999999659	TimeIntervals	Lick
136.9685	0.10000000000002274	TimeIntervals	Lick
137.10174999999998	0.23325000000005502	TimeIntervals	Lick
137.3685	0.3664999999999736	TimeIntervals	Lick
137.76850000000002	0.09999999999999432	TimeIntervals	Lick
137.90200000000002	0.09999999999999432	TimeIntervals	Lick
138.03525000000002	0.0999999999999659	TimeIntervals	Lick
138.1685	0.2667500000000018	TimeIntervals	Lick
138.4685	0.10000000000002274	TimeIntervals	Lick
138.60199999999998	0.5335000000000321	TimeIntervals	Lick
139.16875	0.10000000000002274	TimeIntervals	Lick
139.302	0.10000000000002274	TimeIntervals	Lick
139.4355	0.10000000000002274	TimeIntervals	Lick
139.56875	0.09999999999999432	TimeIntervals	Lick
139.7355	0.10000000000002274	TimeIntervals	Lick
139.86875000000003	0.23349999999996385	TimeIntervals	Lick
140.1355	0.09999999999999432	TimeIntervals	Lick
140.269	0.10000000000002274	TimeIntervals	Lick
140.4355	0.10000000000002274	TimeIntervals	Lick
140.56900000000002	0.0999999999999659	TimeIntervals	Lick
140.70225	0.16675000000003593	TimeIntervals	Lick
141.43575	0.0999999999999659	TimeIntervals	Lick
142.56925	0.09999999999999432	TimeIntervals	Lick
143.4695	0.09999999999999432	TimeIntervals	Lick
144.236	0.10000000000002274	TimeIntervals	Lick
144.73625	0.09999999999999432	TimeIntervals	Lick
145.4695	0.10025000000001683	TimeIntervals	Lick
146.203	0.09999999999999432	TimeIntervals	Lick
147.17	0.10000000000002274	TimeIntervals	Lick
148.1035	0.09999999999999432	TimeIntervals	Lick
148.23675000000003	0.06674999999998477	TimeIntervals	Lick
148.37	0.06675000000001319	TimeIntervals	Lick
148.47000000000003	0.1999999999999602	TimeIntervals	Lick
148.7035	0.20000000000004547	TimeIntervals	Lick
148.93700000000004	0.1999999999999602	TimeIntervals	Lick
149.17024999999998	0.20000000000004547	TimeIntervals	Lick
149.40350000000004	0.1999999999999602	TimeIntervals	Lick
149.637	0.10000000000002274	TimeIntervals	Lick
149.77025000000003	0.1002499999999884	TimeIntervals	Lick
149.90375	0.10000000000002274	TimeIntervals	Lick
150.037	0.09999999999999432	TimeIntervals	Lick
150.1705	0.10000000000002274	TimeIntervals	Lick
150.33700000000002	0.06674999999998477	TimeIntervals	Lick
150.40375	0.06675000000004161	TimeIntervals	Reward
150.47050000000004	0.06649999999996226	TimeIntervals	Lick
150.5705	0.09999999999999432	TimeIntervals	Lick
150.70375	0.06675000000001319	TimeIntervals	Lick
150.80375	0.20024999999998272	TimeIntervals	Lick
151.03725	0.20000000000001705	TimeIntervals	Lick
151.27050000000003	0.20000000000001705	TimeIntervals	Lick
151.504	0.20000000000004547	TimeIntervals	Lick
151.73725000000002	0.09999999999999432	TimeIntervals	Lick
151.87050000000002	0.10000000000002274	TimeIntervals	Lick
152.004	0.20000000000004547	TimeIntervals	Lick
152.23750000000004	0.09999999999993747	TimeIntervals	Lick
152.37075000000002	0.09999999999999432	TimeIntervals	Lick
152.504	0.09999999999999432	TimeIntervals	Lick
152.6375	0.10000000000005116	TimeIntervals	Lick
152.77075000000002	0.09999999999999432	TimeIntervals	Lick
152.90400000000002	0.2669999999999675	TimeIntervals	Lick
153.20425	0.09999999999999432	TimeIntervals	Lick
153.33749999999998	0.10000000000005116	TimeIntervals	Lick
153.471	0.23324999999999818	TimeIntervals	Lick
153.771	0.1332500000000323	TimeIntervals	Lick
154.60449999999997	0.1332500000000323	TimeIntervals	Lick
154.83775	0.10000000000002274	TimeIntervals	Lick
155.0045	0.0665000000000191	TimeIntervals	Lick
155.4045	0.09999999999999432	TimeIntervals	Lick
155.8045	0.13350000000002638	TimeIntervals	Lick
156.3045	0.1670000000000016	TimeIntervals	Lick
156.50475	0.0999999999999659	TimeIntervals	Lick
156.90475000000004	0.06674999999995634	TimeIntervals	Lick
157.038	0.06674999999995634	TimeIntervals	Lick
157.93825	0.06674999999998477	TimeIntervals	Lick
159.105	0.10000000000002274	TimeIntervals	Lick
159.23850000000002	0.06649999999999068	TimeIntervals	Lick
159.33850000000004	0.0999999999999659	TimeIntervals	Lick
159.47175000000004	0.0999999999999659	TimeIntervals	Lick
159.605	0.20025000000001114	TimeIntervals	Lick
159.83850000000004	0.1999999999999602	TimeIntervals	Lick
160.072	0.09999999999999432	TimeIntervals	Lick
160.20525	0.06675000000001319	TimeIntervals	Lick
160.30525	0.10000000000002274	TimeIntervals	Lick
160.4385	0.09999999999999432	TimeIntervals	Lick
160.572	0.10000000000002274	TimeIntervals	Lick
160.70525	0.09999999999999432	TimeIntervals	Lick
160.83850000000004	0.10024999999995998	TimeIntervals	Lick
160.97200000000004	0.06674999999995634	TimeIntervals	Lick
161.072	0.10000000000002274	TimeIntervals	Lick
161.23875	0.06674999999998477	TimeIntervals	Lick
161.33875000000003	0.0999999999999659	TimeIntervals	Lick
161.43875	0.09999999999999432	TimeIntervals	Reward
161.5055	0.06649999999999068	TimeIntervals	Lick
161.60549999999998	0.3000000000000682	TimeIntervals	Lick
161.939	0.0665000000000191	TimeIntervals	Lick
162.039	0.20000000000004547	TimeIntervals	Lick
162.27225	0.09999999999999432	TimeIntervals	Lick
162.40550000000005	0.0999999999999659	TimeIntervals	Lick
162.539	0.06649999999999068	TimeIntervals	Lick
162.639	0.10000000000002274	TimeIntervals	Lick
162.77225	0.09999999999999432	TimeIntervals	Lick
162.90550000000005	0.0999999999999659	TimeIntervals	Lick
163.039	0.10000000000002274	TimeIntervals	Lick
163.1725	0.10000000000002274	TimeIntervals	Lick
163.30575	0.20000000000001705	TimeIntervals	Lick
163.539	0.10000000000002274	TimeIntervals	Lick
163.70575000000002	0.06675000000001319	TimeIntervals	Lick
163.80575	0.10000000000002274	TimeIntervals	Lick
163.939	0.13349999999996953	TimeIntervals	Lick
164.10575	0.10025000000001683	TimeIntervals	Lick
164.23925000000003	0.09999999999999432	TimeIntervals	Lick
164.3725	0.10000000000002274	TimeIntervals	Lick
164.506	0.36650000000000205	TimeIntervals	Lick
164.906	0.0665000000000191	TimeIntervals	Lick
165.006	0.09999999999999432	TimeIntervals	Lick
165.13925	0.1002499999999884	TimeIntervals	Lick
165.27275000000003	0.3667499999999677	TimeIntervals	Lick
165.67275	0.10000000000002274	TimeIntervals	Lick
165.806	0.09999999999999432	TimeIntervals	Lick
165.9395	0.0999999999999659	TimeIntervals	Lick
166.07274999999998	0.10000000000002274	TimeIntervals	Lick
166.20600000000002	0.09999999999999432	TimeIntervals	Lick
166.33950000000004	0.0999999999999659	TimeIntervals	Lick
166.50625	0.06675000000001319	TimeIntervals	Lick
166.60625	0.13325000000000387	TimeIntervals	Lick
166.77300000000002	0.09999999999999432	TimeIntervals	Lick
166.90625000000003	0.1999999999999602	TimeIntervals	Lick
167.1395	0.09999999999999432	TimeIntervals	Lick
167.27300000000002	0.2667499999999734	TimeIntervals	Lick
167.573	0.06674999999998477	TimeIntervals	Lick
167.7065	0.0665000000000191	TimeIntervals	Lick
167.83975	0.23324999999999818	TimeIntervals	Lick
168.10649999999998	0.2332500000000266	TimeIntervals	Lick
168.40650000000005	0.09999999999993747	TimeIntervals	Lick
168.57325	0.06675000000001319	TimeIntervals	Lick
168.7065	0.20000000000004547	TimeIntervals	Lick
168.97325000000004	0.13324999999994702	TimeIntervals	Lick
169.44	0.03325000000003797	TimeIntervals	Lick
169.54	0.10000000000002274	TimeIntervals	Lick
169.6735	0.1332500000000323	TimeIntervals	Lick
169.90675000000002	0.06675000000004161	TimeIntervals	Lick
170.1735	0.10000000000005116	TimeIntervals	Lick
170.34	0.19999999999998863	TimeIntervals	Lick
170.60675	0.06674999999998477	TimeIntervals	Lick
170.907	0.06650000000004752	TimeIntervals	Lick
171.24025000000003	0.06674999999998477	TimeIntervals	Lick
171.3735	0.10000000000005116	TimeIntervals	Lick
171.507	0.09999999999999432	TimeIntervals	Lick
171.64024999999998	0.10000000000005116	TimeIntervals	Lick
171.77350000000004	0.4334999999999809	TimeIntervals	Lick
172.24050000000003	0.0999999999999659	TimeIntervals	Lick
172.37375000000003	0.09999999999999432	TimeIntervals	Lick
172.507	0.09999999999999432	TimeIntervals	Lick
172.64049999999997	0.10000000000005116	TimeIntervals	Lick
172.77375000000004	0.09999999999999432	TimeIntervals	Lick
172.907	0.1002499999999884	TimeIntervals	Lick
173.04050000000004	0.09999999999993747	TimeIntervals	Lick
173.17399999999998	0.06650000000004752	TimeIntervals	Lick
173.27400000000003	0.09999999999999432	TimeIntervals	Lick
173.40725	0.09999999999999432	TimeIntervals	Lick
173.54050000000004	0.03350000000000364	TimeIntervals	Reward
173.57400000000004	0.29999999999998295	TimeIntervals	Lick
173.90725	0.2002499999999543	TimeIntervals	Lick
174.14075	0.20000000000001705	TimeIntervals	Lick
174.37400000000002	0.20000000000001705	TimeIntervals	Lick
174.60749999999996	0.10000000000007958	TimeIntervals	Lick
174.74075000000002	0.06674999999998477	TimeIntervals	Lick
174.84075	0.09999999999999432	TimeIntervals	Lick
174.97400000000002	0.10000000000002274	TimeIntervals	Lick
175.10749999999996	0.10000000000007958	TimeIntervals	Lick
175.241	0.3332500000000209	TimeIntervals	Lick
175.60749999999996	0.10000000000007958	TimeIntervals	Lick
175.741	0.19999999999998863	TimeIntervals	Lick
175.97425	0.10000000000002274	TimeIntervals	Lick
176.10749999999996	0.10000000000007958	TimeIntervals	Lick
176.241	0.2667500000000018	TimeIntervals	Lick
176.54100000000003	0.09999999999993747	TimeIntervals	Lick
176.6745	0.10000000000005116	TimeIntervals	Lick
176.80775000000003	0.09999999999999432	TimeIntervals	Lick
176.941	0.10000000000002274	TimeIntervals	Lick
177.0745	0.09999999999999432	TimeIntervals	Lick
177.20775000000003	0.1002499999999884	TimeIntervals	Lick
177.34125	0.2667499999999734	TimeIntervals	Lick
177.64125	0.09999999999999432	TimeIntervals	Lick
177.77450000000005	0.0999999999999659	TimeIntervals	Lick
177.908	0.1332500000000323	TimeIntervals	Lick
178.0745	0.09999999999999432	TimeIntervals	Lick
178.3745	0.06699999999997885	TimeIntervals	Lick
178.5415	0.2332500000000266	TimeIntervals	Lick
178.87475000000003	0.06674999999995634	TimeIntervals	Lick
179.30800000000002	0.0999999999999659	TimeIntervals	Lick
180.0415	0.06674999999995634	TimeIntervals	Lick
180.37500000000003	0.03324999999998113	TimeIntervals	Lick
180.70850000000002	0.09999999999999432	TimeIntervals	Lick
181.9085	0.10000000000002274	TimeIntervals	Lick
182.47525	0.13324999999997544	TimeIntervals	Lick
183.10874999999996	0.06675000000004161	TimeIntervals	Lick
184.209	0.06650000000004752	TimeIntervals	Lick
184.57549999999998	0.26675000000005866	TimeIntervals	Lick
184.8755	0.06675000000001319	TimeIntervals	Lick
185.34250000000003	0.13324999999997544	TimeIntervals	Lick
185.50900000000001	0.30000000000001137	TimeIntervals	Lick
186.5425	0.09999999999999432	TimeIntervals	Lick
186.80925000000002	0.16674999999997908	TimeIntervals	Lick
188.04275	0.06674999999998477	TimeIntervals	Lick
189.4765	0.10000000000002274	TimeIntervals	Lick
189.943	0.0999999999999659	TimeIntervals	Lick
191.01	0.0665000000000191	TimeIntervals	Lick
191.77675000000002	0.06674999999998477	TimeIntervals	Lick
192.57675	0.06674999999998477	TimeIntervals	Lick
193.31025	0.13325000000000387	TimeIntervals	Lick
194.77700000000004	0.06674999999998477	TimeIntervals	Lick
195.5105	0.03350000000000364	TimeIntervals	Lick
196.1775	0.06649999999999068	TimeIntervals	Lick
197.64425	0.10000000000002274	TimeIntervals	Lick
199.07774999999998	0.10000000000002274	TimeIntervals	Lick
201.078	0.06674999999998477	TimeIntervals	Lick
202.27825	0.10000000000002274	TimeIntervals	Lick
203.34500000000003	0.06674999999998477	TimeIntervals	Lick
203.44500000000002	0.0999999999999659	TimeIntervals	Lick
203.5785	0.20000000000004547	TimeIntervals	Lick
203.812	0.06649999999999068	TimeIntervals	Lick
203.912	0.20000000000001705	TimeIntervals	Lick
204.14525000000003	0.3332499999999925	TimeIntervals	Lick
204.512	0.10000000000002274	TimeIntervals	Lick
204.64525000000003	0.20024999999998272	TimeIntervals	Lick
204.87875000000003	0.0999999999999659	TimeIntervals	Lick
205.012	0.10000000000002274	TimeIntervals	Lick
205.14550000000003	0.09999999999999432	TimeIntervals	Lick
205.27875	0.19999999999998863	TimeIntervals	Lick
205.512	0.10000000000002274	TimeIntervals	Lick
205.57875000000004	0.0999999999999659	TimeIntervals	Reward
205.64550000000003	0.4335000000000093	TimeIntervals	Lick
206.11224999999996	0.10000000000007958	TimeIntervals	Lick
206.24550000000002	0.06674999999995634	TimeIntervals	Lick
206.34550000000002	0.09999999999999432	TimeIntervals	Lick
206.479	0.1999999999999602	TimeIntervals	Lick
206.71225000000004	0.09999999999993747	TimeIntervals	Lick
206.84550000000002	0.09999999999999432	TimeIntervals	Lick
206.979	0.10000000000002274	TimeIntervals	Lick
207.11249999999998	0.10000000000002274	TimeIntervals	Lick
207.24575000000004	0.0999999999999659	TimeIntervals	Lick
207.379	0.10000000000002274	TimeIntervals	Lick
207.51250000000002	0.0999999999999659	TimeIntervals	Lick
207.64575000000002	0.19999999999998863	TimeIntervals	Lick
207.879	0.5002500000000225	TimeIntervals	Lick
208.41250000000002	0.09999999999999432	TimeIntervals	Lick
208.54600000000002	0.0999999999999659	TimeIntervals	Lick
208.67925	0.5335000000000605	TimeIntervals	Lick
209.24600000000007	0.09999999999993747	TimeIntervals	Lick
209.3795	0.0999999999999659	TimeIntervals	Lick
209.51275000000004	0.09999999999993747	TimeIntervals	Lick
209.646	0.10000000000007958	TimeIntervals	Lick
209.77950000000004	0.0999999999999659	TimeIntervals	Lick
209.91275	0.1332500000000323	TimeIntervals	Lick
210.07950000000002	0.0999999999999659	TimeIntervals	Lick
210.21275000000006	0.10024999999995998	TimeIntervals	Lick
210.34625000000003	0.0999999999999659	TimeIntervals	Lick
210.47949999999997	0.10000000000005116	TimeIntervals	Lick
210.61299999999997	0.4000000000000057	TimeIntervals	Lick
211.04625000000001	0.2667500000000018	TimeIntervals	Lick
211.34650000000002	0.09999999999999432	TimeIntervals	Lick
211.47974999999997	0.10000000000005116	TimeIntervals	Lick
211.61299999999997	0.1335000000000548	TimeIntervals	Lick
211.77975000000004	0.06674999999998477	TimeIntervals	Lick
211.91299999999998	0.06674999999998477	TimeIntervals	Lick
212.0465	0.0999999999999659	TimeIntervals	Lick
212.21300000000002	0.09999999999999432	TimeIntervals	Lick
212.41299999999998	0.10025000000004525	TimeIntervals	Lick
212.91325	0.10000000000002274	TimeIntervals	Lick
213.11324999999997	0.10000000000007958	TimeIntervals	Lick
213.24650000000003	0.06674999999998477	TimeIntervals	Lick
213.38000000000005	0.06649999999996226	TimeIntervals	Lick
213.6135	0.03325000000000955	TimeIntervals	Lick
214.01350000000002	0.26650000000000773	TimeIntervals	Lick
214.68024999999997	0.06675000000007003	TimeIntervals	Lick
214.78025000000002	0.0999999999999659	TimeIntervals	Lick
215.4135	0.10000000000002274	TimeIntervals	Lick
215.74700000000004	0.06674999999995634	TimeIntervals	Lick
216.1805	0.09999999999999432	TimeIntervals	Lick
216.6805	0.06650000000004752	TimeIntervals	Lick
217.24725	0.13325000000000387	TimeIntervals	Lick
218.0475	0.09999999999999432	TimeIntervals	Lick
218.9475	0.13350000000002638	TimeIntervals	Lick
219.21425000000002	0.16674999999997908	TimeIntervals	Lick
220.44774999999998	0.06675000000001319	TimeIntervals	Lick
221.04775	0.09999999999999432	TimeIntervals	Lick
221.74800000000002	0.09999999999999432	TimeIntervals	Lick
222.51475	0.06675000000001319	TimeIntervals	Lick
223.715	0.06650000000004752	TimeIntervals	Lick
224.7485	0.0665000000000191	TimeIntervals	Lick
226.0485	0.06674999999998477	TimeIntervals	Lick
226.94875000000002	0.06674999999995634	TimeIntervals	Lick
228.01549999999997	0.10000000000002274	TimeIntervals	Lick
229.149	0.06675000000001319	TimeIntervals	Lick
229.549	0.06674999999995634	TimeIntervals	Lick
229.68249999999995	0.06650000000007594	TimeIntervals	Lick
230.48250000000004	0.0999999999999659	TimeIntervals	Lick
232.04950000000002	0.06649999999996226	TimeIntervals	Lick
232.183	0.06650000000004752	TimeIntervals	Lick
232.88300000000004	0.033249999999952706	TimeIntervals	Lick
233.21625	0.06675000000001319	TimeIntervals	Lick
233.64975	0.03324999999998113	TimeIntervals	Lick
234.24975	0.06674999999998477	TimeIntervals	Lick
234.34975	0.10025000000001683	TimeIntervals	Lick
234.48325000000003	0.09999999999999432	TimeIntervals	Lick
234.64999999999998	0.06650000000004752	TimeIntervals	Lick
234.75	0.06649999999999068	TimeIntervals	Lick
234.85000000000002	0.09999999999999432	TimeIntervals	Lick
234.98325000000003	0.06674999999995634	TimeIntervals	Lick
235.08325000000002	0.19999999999998863	TimeIntervals	Lick
235.3165	0.10000000000002274	TimeIntervals	Lick
235.45000000000002	0.1999999999999602	TimeIntervals	Lick
235.6835	0.09999999999999432	TimeIntervals	Lick
235.81675	0.0999999999999659	TimeIntervals	Lick
235.95000000000002	0.1999999999999602	TimeIntervals	Lick
236.1835	0.20000000000001705	TimeIntervals	Lick
236.41674999999998	0.10000000000005116	TimeIntervals	Lick
236.54999999999998	0.10025000000001683	TimeIntervals	Lick
236.65025	0.06675000000001319	TimeIntervals	Reward
236.6835	0.09999999999999432	TimeIntervals	Lick
236.817	0.0665000000000191	TimeIntervals	Lick
236.91699999999997	0.3000000000000398	TimeIntervals	Lick
237.25025	0.20000000000004547	TimeIntervals	Lick
237.48350000000002	0.3334999999999866	TimeIntervals	Lick
237.85050000000004	0.1999999999999602	TimeIntervals	Lick
238.08375	0.20000000000001705	TimeIntervals	Lick
238.317	0.0999999999999659	TimeIntervals	Lick
238.45049999999998	0.10000000000002274	TimeIntervals	Lick
238.58375	0.0999999999999659	TimeIntervals	Lick
238.717	0.1002499999999884	TimeIntervals	Lick
238.85050000000004	0.36674999999999613	TimeIntervals	Lick
239.2505	0.2335000000000207	TimeIntervals	Lick
239.51724999999996	0.10000000000002274	TimeIntervals	Lick
239.65050000000002	0.0999999999999659	TimeIntervals	Lick
239.784	0.2667500000000018	TimeIntervals	Lick
240.084	0.10000000000002274	TimeIntervals	Lick
240.21750000000003	0.23324999999999818	TimeIntervals	Lick
240.5175	0.0999999999999659	TimeIntervals	Lick
240.68400000000003	0.06674999999998477	TimeIntervals	Lick
240.85075000000003	0.06674999999995634	TimeIntervals	Lick
240.984	0.1002499999999884	TimeIntervals	Lick
242.08449999999996	0.10000000000005116	TimeIntervals	Lick
242.45100000000002	0.09999999999999432	TimeIntervals	Lick
242.75099999999998	0.1335000000000548	TimeIntervals	Lick
243.01775	0.0999999999999659	TimeIntervals	Lick
243.1845	0.09999999999999432	TimeIntervals	Lick
243.35125000000002	0.06674999999995634	TimeIntervals	Lick
243.55124999999998	0.06675000000001319	TimeIntervals	Lick
243.6845	0.09999999999999432	TimeIntervals	Lick
243.818	0.0999999999999659	TimeIntervals	Lick
243.95125	0.09999999999999432	TimeIntervals	Lick
244.08449999999996	0.333500000000015	TimeIntervals	Lick
244.4515	0.0999999999999659	TimeIntervals	Lick
244.58474999999999	0.09999999999999432	TimeIntervals	Lick
244.718	0.10000000000002274	TimeIntervals	Lick
244.85150000000002	0.10000000000002274	TimeIntervals	Lick
244.98475000000002	0.0999999999999659	TimeIntervals	Lick
245.118	0.09999999999999432	TimeIntervals	Lick
245.25150000000005	0.0999999999999659	TimeIntervals	Lick
245.38500000000002	0.10000000000002274	TimeIntervals	Lick
245.51825	0.09999999999999432	TimeIntervals	Lick
245.6515	0.10000000000005116	TimeIntervals	Lick
245.78500000000003	0.09999999999999432	TimeIntervals	Lick
245.91825	0.09999999999999432	TimeIntervals	Lick
246.05149999999998	0.13350000000002638	TimeIntervals	Lick
246.21825	0.09999999999999432	TimeIntervals	Lick
246.35150000000002	0.10000000000002274	TimeIntervals	Lick
246.48500000000004	0.0999999999999659	TimeIntervals	Lick
246.6185	0.13324999999997544	TimeIntervals	Lick
246.78500000000003	0.3667499999999393	TimeIntervals	Lick
247.185	0.20000000000001705	TimeIntervals	Lick
247.4185	0.23349999999996385	TimeIntervals	Lick
247.7185	0.10000000000002274	TimeIntervals	Lick
248.0185	0.1667500000000075	TimeIntervals	Lick
248.78549999999998	0.10000000000005116	TimeIntervals	Lick
249.58549999999997	0.06649999999999068	TimeIntervals	Lick
250.819	0.06675000000001319	TimeIntervals	Lick
251.319	0.13350000000008322	TimeIntervals	Lick
252.31924999999998	0.03325000000000955	TimeIntervals	Lick
254.25300000000001	0.10000000000002274	TimeIntervals	Lick
254.38625000000002	0.10000000000002274	TimeIntervals	Lick
254.5195	0.06675000000001319	TimeIntervals	Lick
254.6195	0.13350000000002638	TimeIntervals	Lick
254.78625000000002	0.06675000000001319	TimeIntervals	Lick
254.88625000000002	0.19999999999998863	TimeIntervals	Lick
255.1195	0.20025000000003956	TimeIntervals	Lick
255.35300000000004	0.1999999999999602	TimeIntervals	Lick
255.5865	0.10000000000002274	TimeIntervals	Lick
255.71974999999998	0.10000000000005116	TimeIntervals	Lick
255.85300000000004	0.233499999999907	TimeIntervals	Lick
256.11975	0.0999999999999659	TimeIntervals	Lick
256.253	0.06675000000001319	TimeIntervals	Lick
256.3865	0.06674999999995634	TimeIntervals	Lick
256.4864999999999	0.10000000000002274	TimeIntervals	Lick
256.62	0.0999999999999659	TimeIntervals	Lick
256.6865	0.06674999999995634	TimeIntervals	Reward
256.75325	0.10000000000002274	TimeIntervals	Lick
256.8865	0.09999999999990905	TimeIntervals	Lick
257.02	0.19999999999998863	TimeIntervals	Lick
257.25325	0.20025000000003956	TimeIntervals	Lick
257.4867499999999	0.10000000000002274	TimeIntervals	Lick
257.62	0.20000000000004547	TimeIntervals	Lick
257.8535	0.3332499999999641	TimeIntervals	Lick
258.21999999999997	0.333500000000015	TimeIntervals	Lick
258.587	0.0999999999999659	TimeIntervals	Lick
258.72024999999996	0.10000000000002274	TimeIntervals	Lick
258.8535	0.10000000000002274	TimeIntervals	Lick
258.9869999999999	0.40000000000009095	TimeIntervals	Lick
259.42025	0.10000000000002274	TimeIntervals	Lick
259.5535	0.10025000000001683	TimeIntervals	Lick
259.7205	0.06649999999996226	TimeIntervals	Lick
259.85375	0.23324999999999818	TimeIntervals	Lick
260.15375	0.06675000000001319	TimeIntervals	Lick
260.55375	0.06675000000007003	TimeIntervals	Lick
260.92049999999995	0.13349999999996953	TimeIntervals	Lick
262.0539999999999	0.10000000000007958	TimeIntervals	Lick
262.6875	0.06649999999996226	TimeIntervals	Lick
264.95449999999994	0.10000000000007958	TimeIntervals	Lick
265.25449999999995	0.06675000000001319	TimeIntervals	Lick
266.2215	0.06649999999996226	TimeIntervals	Lick
270.68874999999997	0.10000000000007958	TimeIntervals	Lick
272.28900000000004	0.0999999999999659	TimeIntervals	Lick
273.3225	0.10000000000002274	TimeIntervals	Lick
274.48925	0.033249999999952706	TimeIntervals	Lick
275.42275	0.06675000000007003	TimeIntervals	Lick
275.7559999999999	0.06675000000012687	TimeIntervals	Lick
276.22299999999996	0.06650000000007594	TimeIntervals	Lick
276.38950000000006	0.06674999999995634	TimeIntervals	Lick
278.52325	0.06674999999995634	TimeIntervals	Lick
282.0905	0.06649999999996226	TimeIntervals	Lick
282.1905	0.0999999999999659	TimeIntervals	Lick
282.32375	0.06674999999995634	TimeIntervals	Lick
282.4237500000001	0.09999999999985221	TimeIntervals	Lick
282.557	0.06675000000001319	TimeIntervals	Lick
282.657	0.20025000000003956	TimeIntervals	Lick
282.8905	0.20000000000004547	TimeIntervals	Lick
283.124	0.0999999999999659	TimeIntervals	Lick
283.25724999999994	0.20000000000010232	TimeIntervals	Lick
283.4905	0.10000000000002274	TimeIntervals	Lick
283.624	0.0999999999999659	TimeIntervals	Lick
283.724	0.06649999999996226	TimeIntervals	Reward
283.75724999999994	0.20025000000003956	TimeIntervals	Lick
283.99075	0.06675000000001319	TimeIntervals	Lick
284.09074999999996	0.20000000000004547	TimeIntervals	Lick
284.32399999999996	0.19999999999998863	TimeIntervals	Lick
284.5575	0.19999999999998863	TimeIntervals	Lick
284.79075	0.20024999999998272	TimeIntervals	Lick
285.02424999999994	0.20000000000004547	TimeIntervals	Lick
285.2575	0.10000000000002274	TimeIntervals	Lick
285.391	0.0999999999999659	TimeIntervals	Lick
285.52424999999994	0.10000000000007958	TimeIntervals	Lick
285.6575	0.3669999999999618	TimeIntervals	Lick
286.05775	0.10000000000002274	TimeIntervals	Lick
286.191	0.10000000000002274	TimeIntervals	Lick
286.3245	0.10000000000007958	TimeIntervals	Lick
286.45775000000003	0.0999999999999659	TimeIntervals	Lick
286.5909999999999	0.13350000000008322	TimeIntervals	Lick
286.75775	0.10000000000002274	TimeIntervals	Lick
286.891	0.0999999999999659	TimeIntervals	Lick
287.0245	0.10000000000002274	TimeIntervals	Lick
287.158	0.1332499999999186	TimeIntervals	Lick
287.3245	0.06674999999995634	TimeIntervals	Lick
287.49125000000004	0.16674999999997908	TimeIntervals	Lick
288.1245	0.13349999999996953	TimeIntervals	Lick
288.59149999999994	0.06650000000007594	TimeIntervals	Lick
290.5584999999999	0.06650000000007594	TimeIntervals	Lick
291.29175	0.10000000000002274	TimeIntervals	Lick
291.492	0.1332500000000323	TimeIntervals	Lick
293.859	0.06650000000007594	TimeIntervals	Lick
295.42575000000005	0.09999999999990905	TimeIntervals	Lick
301.09325	0.06674999999995634	TimeIntervals	Lick
301.1932499999999	0.10000000000007958	TimeIntervals	Lick
302.09349999999995	0.0665000000000191	TimeIntervals	Lick
302.3935000000001	0.033499999999946795	TimeIntervals	Lick
303.327	0.13324999999997544	TimeIntervals	Lick
304.2604999999999	0.10000000000007958	TimeIntervals	Lick
306.06075	0.06675000000007003	TimeIntervals	Lick
307.4275	0.0999999999999659	TimeIntervals	Lick
309.22799999999995	0.0665000000000191	TimeIntervals	Lick
309.9945000000001	0.09999999999990905	TimeIntervals	Lick
312.86175000000003	0.06674999999995634	TimeIntervals	Lick
313.295	0.06675000000001319	TimeIntervals	Lick
313.395	0.4002500000000282	TimeIntervals	Lick
313.8285	0.19999999999998863	TimeIntervals	Lick
314.0619999999999	0.10000000000007958	TimeIntervals	Lick
314.19525	0.10000000000002274	TimeIntervals	Lick
314.3285	0.0999999999999659	TimeIntervals	Lick
314.462	0.09999999999990905	TimeIntervals	Lick
314.5955	0.0999999999999659	TimeIntervals	Lick
314.72875	0.10000000000002274	TimeIntervals	Lick
314.76199999999994	0.10000000000007958	TimeIntervals	Reward
314.862	0.3999999999999204	TimeIntervals	Lick
315.29549999999995	0.06650000000007594	TimeIntervals	Lick
315.3955	0.10000000000002274	TimeIntervals	Lick
315.52875	0.20024999999998272	TimeIntervals	Lick
315.76225	0.0999999999999659	TimeIntervals	Lick
315.8955	0.10000000000002274	TimeIntervals	Lick
316.029	0.10000000000007958	TimeIntervals	Lick
316.16225000000003	0.06674999999995634	TimeIntervals	Lick
316.26225	0.0999999999999659	TimeIntervals	Lick
316.3955	0.10000000000002274	TimeIntervals	Lick
316.529	0.10000000000007958	TimeIntervals	Lick
316.66225000000003	0.20024999999992588	TimeIntervals	Lick
316.89575	0.0999999999999659	TimeIntervals	Lick
317.029	0.10000000000007958	TimeIntervals	Lick
317.16249999999997	0.10000000000002274	TimeIntervals	Lick
317.29574999999994	0.5002499999999941	TimeIntervals	Lick
317.82925	0.10000000000007958	TimeIntervals	Lick
317.9625	0.2335000000000491	TimeIntervals	Lick
318.22925	0.10000000000002274	TimeIntervals	Lick
318.36249999999995	0.06675000000012687	TimeIntervals	Lick
318.4625	0.19999999999998863	TimeIntervals	Lick
318.696	0.09999999999990905	TimeIntervals	Lick
318.82925	0.10025000000001683	TimeIntervals	Lick
318.96275	0.0999999999999659	TimeIntervals	Lick
319.096	0.10000000000002274	TimeIntervals	Lick
319.2295	0.2665000000000646	TimeIntervals	Lick
319.5295	0.10000000000002274	TimeIntervals	Lick
319.66274999999996	0.4002500000000282	TimeIntervals	Lick
320.09624999999994	0.10000000000002274	TimeIntervals	Lick
320.2295	0.10000000000002274	TimeIntervals	Lick
320.39625	0.10000000000002274	TimeIntervals	Lick
320.563	0.0999999999999659	TimeIntervals	Lick
320.69624999999996	0.10000000000002274	TimeIntervals	Lick
320.863	0.10000000000002274	TimeIntervals	Lick
320.99625000000003	0.06674999999995634	TimeIntervals	Lick
321.16299999999995	0.06675000000007003	TimeIntervals	Lick
321.2965	0.0665000000000191	TimeIntervals	Lick
321.82975	0.13325000000008913	TimeIntervals	Lick
322.7965	0.10000000000002274	TimeIntervals	Lick
322.96325	0.06674999999995634	TimeIntervals	Lick
323.0965	0.16674999999997908	TimeIntervals	Lick
323.76349999999996	0.1332500000000323	TimeIntervals	Lick
323.83	0.10000000000002274	TimeIntervals	Reward
323.99675	2.0669999999999504	TimeIntervals	Lick
326.097	0.23349999999999227	TimeIntervals	Lick
326.36375	0.0999999999999659	TimeIntervals	Lick
326.497	0.4670000000000414	TimeIntervals	Lick
326.99725	0.0999999999999659	TimeIntervals	Lick
327.1305	0.0999999999999659	TimeIntervals	Lick
327.2639999999999	0.10000000000013642	TimeIntervals	Lick
327.39725000000004	0.46674999999999045	TimeIntervals	Lick
327.8975	0.0999999999999659	TimeIntervals	Lick
328.03075000000007	0.0999999999999659	TimeIntervals	Lick
328.16400000000004	0.09999999999985221	TimeIntervals	Lick
328.29749999999996	0.10000000000002274	TimeIntervals	Lick
328.43075	0.10000000000007958	TimeIntervals	Lick
328.5639999999999	0.10000000000013642	TimeIntervals	Lick
328.6975	0.0999999999999659	TimeIntervals	Lick
328.831	0.2332499999998845	TimeIntervals	Lick
329.09749999999997	0.06675000000007003	TimeIntervals	Lick
329.23100000000005	0.0999999999999659	TimeIntervals	Lick
329.3975	0.0999999999999659	TimeIntervals	Lick
329.53099999999995	0.0665000000000191	TimeIntervals	Lick
329.66425000000004	0.09999999999990905	TimeIntervals	Lick
329.79749999999996	0.10025000000001683	TimeIntervals	Lick
329.931	0.20000000000004547	TimeIntervals	Lick
330.1977499999999	0.06675000000001319	TimeIntervals	Lick
330.29775	0.0999999999999659	TimeIntervals	Lick
330.431	0.0999999999999659	TimeIntervals	Lick
330.5644999999999	0.10000000000013642	TimeIntervals	Lick
330.73100000000005	0.06674999999995634	TimeIntervals	Lick
330.8645	0.23349999999993543	TimeIntervals	Lick
331.13124999999997	0.10000000000002274	TimeIntervals	Lick
331.26449999999994	0.20000000000010232	TimeIntervals	Lick
331.49800000000005	0.26649999999989404	TimeIntervals	Lick
331.798	0.10000000000002274	TimeIntervals	Lick
331.83125	0.10000000000002274	TimeIntervals	Reward
331.93125000000003	0.7667499999998881	TimeIntervals	Lick
332.7315	1.2335000000000491	TimeIntervals	Lick
333.99825	0.10000000000002274	TimeIntervals	Lick
334.1315	0.0999999999999659	TimeIntervals	Lick
334.265	0.46674999999999045	TimeIntervals	Lick
334.765	0.4000000000000341	TimeIntervals	Lick
335.1984999999999	0.33350000000007185	TimeIntervals	Lick
335.56524999999993	0.10000000000013642	TimeIntervals	Lick
335.6984999999999	0.10000000000013642	TimeIntervals	Lick
335.832	0.10000000000007958	TimeIntervals	Lick
335.96525	0.09999999999990905	TimeIntervals	Lick
336.0985	0.09999999999990905	TimeIntervals	Lick
336.23199999999997	0.10000000000002274	TimeIntervals	Lick
336.36525	0.10025000000001683	TimeIntervals	Lick
336.49875	0.10000000000002274	TimeIntervals	Lick
336.63200000000006	0.09999999999990905	TimeIntervals	Lick
336.7655	0.10000000000007958	TimeIntervals	Lick
336.89874999999995	0.10000000000002274	TimeIntervals	Lick
337.032	0.10000000000007958	TimeIntervals	Lick
337.16549999999995	0.23324999999999818	TimeIntervals	Lick
337.4320000000001	0.09999999999990905	TimeIntervals	Lick
337.5655	0.23349999999993543	TimeIntervals	Lick
337.83224999999993	0.13325000000008913	TimeIntervals	Lick
337.999	0.0999999999999659	TimeIntervals	Lick
338.13225	0.0999999999999659	TimeIntervals	Lick
338.2655	0.10000000000007958	TimeIntervals	Lick
338.399	0.10000000000002274	TimeIntervals	Lick
338.5655	0.0999999999999659	TimeIntervals	Lick
338.69899999999996	0.16675000000003593	TimeIntervals	Lick
338.96574999999996	0.10000000000002274	TimeIntervals	Lick
339.13250000000005	0.0999999999999659	TimeIntervals	Lick
339.2657499999999	0.5335000000001173	TimeIntervals	Lick
339.8324999999999	0.10000000000013642	TimeIntervals	Lick
339.966	0.0999999999999659	TimeIntervals	Lick
340.13250000000005	0.06674999999995634	TimeIntervals	Lick
340.43250000000006	0.0999999999999659	TimeIntervals	Lick
340.63250000000005	0.06674999999995634	TimeIntervals	Lick
340.76599999999996	0.10000000000002274	TimeIntervals	Lick
341.09950000000003	0.06649999999996226	TimeIntervals	Lick
341.2995	0.0999999999999659	TimeIntervals	Lick
341.466	0.0999999999999659	TimeIntervals	Lick
341.666	0.0999999999999659	TimeIntervals	Lick
341.83275	0.06675000000001319	TimeIntervals	Lick
341.966	0.10024999999995998	TimeIntervals	Lick
342.09950000000003	0.06674999999995634	TimeIntervals	Lick
342.1995	0.10000000000002274	TimeIntervals	Lick
342.333	0.10000000000002274	TimeIntervals	Lick
342.46625	0.0999999999999659	TimeIntervals	Lick
342.59950000000003	0.0999999999999659	TimeIntervals	Lick
342.7662499999999	0.10000000000013642	TimeIntervals	Lick
343.0330000000001	0.0999999999999659	TimeIntervals	Lick
343.19975	0.2999999999999545	TimeIntervals	Lick
343.93300000000005	0.0667499999998995	TimeIntervals	Lick
344.23325	0.1332500000000323	TimeIntervals	Lick
344.59999999999997	0.0665000000000191	TimeIntervals	Lick
344.7	0.0999999999999659	TimeIntervals	Lick
345.5	0.0999999999999659	TimeIntervals	Lick
345.6335	0.0999999999999659	TimeIntervals	Lick
345.79999999999995	0.06675000000007003	TimeIntervals	Lick
346.06675	0.1999999999999318	TimeIntervals	Lick
346.90024999999997	0.10000000000002274	TimeIntervals	Lick
347.0335	0.06675000000001319	TimeIntervals	Lick
347.167	0.0665000000000191	TimeIntervals	Lick
347.267	0.10000000000002274	TimeIntervals	Lick
347.40024999999997	0.06675000000007003	TimeIntervals	Lick
347.5005	0.10000000000002274	TimeIntervals	Lick
347.63375	0.19999999999998863	TimeIntervals	Lick
347.867	0.06674999999995634	TimeIntervals	Lick
347.96700000000004	0.09999999999990905	TimeIntervals	Lick
348.1005	0.19999999999998863	TimeIntervals	Lick
348.33375	0.0999999999999659	TimeIntervals	Lick
348.46700000000004	0.10024999999995998	TimeIntervals	Lick
348.6005	0.06675000000001319	TimeIntervals	Lick
348.7005	0.10000000000002274	TimeIntervals	Lick
348.86725	0.06675000000001319	TimeIntervals	Lick
348.934	0.06649999999996226	TimeIntervals	Reward
349.0005	0.4000000000000341	TimeIntervals	Lick
349.434	0.0999999999999659	TimeIntervals	Lick
349.56725	0.6002500000000168	TimeIntervals	Lick
350.20074999999997	0.0999999999999659	TimeIntervals	Lick
350.334	0.19999999999998863	TimeIntervals	Lick
350.5675	0.10000000000002274	TimeIntervals	Lick
350.734	0.333500000000015	TimeIntervals	Lick
351.101	0.10000000000002274	TimeIntervals	Lick
351.23425000000003	0.0999999999999659	TimeIntervals	Lick
351.3675	0.0999999999999659	TimeIntervals	Lick
351.501	0.10000000000002274	TimeIntervals	Lick
351.63425000000007	0.0999999999999659	TimeIntervals	Lick
351.7674999999999	0.2335000000000491	TimeIntervals	Lick
352.0345	0.10000000000002274	TimeIntervals	Lick
352.16774999999996	0.23325000000005502	TimeIntervals	Lick
352.4345	0.0999999999999659	TimeIntervals	Lick
352.56774999999993	0.10000000000002274	TimeIntervals	Lick
352.701	0.10000000000002274	TimeIntervals	Lick
352.83450000000005	0.0999999999999659	TimeIntervals	Lick
352.9680000000001	0.09999999999985221	TimeIntervals	Lick
353.10125	0.0999999999999659	TimeIntervals	Lick
353.2345	0.2335000000000491	TimeIntervals	Lick
353.50125	0.23324999999999818	TimeIntervals	Lick
353.768	0.33350000000007185	TimeIntervals	Lick
354.13475000000005	0.1332499999999186	TimeIntervals	Lick
354.30150000000003	0.09999999999990905	TimeIntervals	Lick
354.43475	0.36675000000002456	TimeIntervals	Lick
354.86800000000005	0.13349999999996953	TimeIntervals	Lick
355.0679999999999	0.06700000000012096	TimeIntervals	Lick
355.335	0.06649999999996226	TimeIntervals	Lick
355.46825000000007	0.09999999999990905	TimeIntervals	Lick
355.70149999999995	0.10000000000007958	TimeIntervals	Lick
355.835	0.10000000000007958	TimeIntervals	Lick
355.96825000000007	0.09999999999990905	TimeIntervals	Lick
356.16824999999994	0.06675000000001319	TimeIntervals	Lick
356.335	0.10000000000007958	TimeIntervals	Lick
356.50175	0.06674999999995634	TimeIntervals	Lick
356.6685	0.06649999999996226	TimeIntervals	Lick
356.76849999999996	0.10000000000002274	TimeIntervals	Lick
356.96849999999995	0.10000000000002274	TimeIntervals	Lick
357.335	0.06700000000006412	TimeIntervals	Lick
357.46849999999995	0.06675000000001319	TimeIntervals	Lick
357.73525	0.033249999999952706	TimeIntervals	Lick
358.43550000000005	0.09999999999990905	TimeIntervals	Lick
358.93550000000005	0.06649999999990541	TimeIntervals	Lick
359.6355	0.13349999999996953	TimeIntervals	Lick
359.90225000000004	0.10000000000002274	TimeIntervals	Lick
360.03549999999996	0.10000000000002274	TimeIntervals	Lick
360.20225	0.06674999999995634	TimeIntervals	Lick
360.369	0.10000000000002274	TimeIntervals	Lick
360.70250000000004	0.09999999999990905	TimeIntervals	Lick
360.869	0.333500000000015	TimeIntervals	Lick
362.6025	0.10000000000002274	TimeIntervals	Lick
363.10275000000007	0.0667499999998995	TimeIntervals	Lick
364.63625	0.13324999999997544	TimeIntervals	Lick
365.403	0.0999999999999659	TimeIntervals	Lick
365.66974999999996	0.06674999999995634	TimeIntervals	Lick
366.37	0.13324999999997544	TimeIntervals	Lick
367.2035	0.19999999999998863	TimeIntervals	Lick
367.53675	0.06675000000001319	TimeIntervals	Lick
368.7035	0.0999999999999659	TimeIntervals	Lick
369.2035	0.06674999999995634	TimeIntervals	Lick
369.837	0.10000000000002274	TimeIntervals	Lick
370.6705	0.0999999999999659	TimeIntervals	Lick
372.004	0.0999999999999659	TimeIntervals	Lick
372.4375	0.0999999999999659	TimeIntervals	Lick
372.5707499999999	0.06675000000018372	TimeIntervals	Lick
372.67075	0.10025000000001683	TimeIntervals	Lick
372.80425	0.06675000000001319	TimeIntervals	Lick
372.90425000000005	0.1999999999999318	TimeIntervals	Lick
373.1375000000001	0.19999999999987494	TimeIntervals	Lick
373.37100000000004	0.3332499999999641	TimeIntervals	Lick
373.73749999999995	0.10025000000001683	TimeIntervals	Lick
373.87100000000004	0.0999999999999659	TimeIntervals	Lick
374.0045	0.06649999999996226	TimeIntervals	Lick
374.0045	0.03325000000000955	TimeIntervals	Reward
374.1045	0.10000000000002274	TimeIntervals	Lick
374.23774999999995	0.3000000000000682	TimeIntervals	Lick
374.57099999999997	0.20000000000004547	TimeIntervals	Lick
374.80449999999996	0.06650000000007594	TimeIntervals	Lick
374.90450000000004	0.0999999999999659	TimeIntervals	Lick
375.038	0.19999999999998863	TimeIntervals	Lick
375.27125	0.0999999999999659	TimeIntervals	Lick
375.40450000000004	0.1999999999999318	TimeIntervals	Lick
375.63800000000003	0.0999999999999659	TimeIntervals	Lick
375.77125	0.0999999999999659	TimeIntervals	Lick
375.90450000000004	0.20024999999998272	TimeIntervals	Lick
376.13800000000003	0.0999999999999659	TimeIntervals	Lick
376.27149999999995	0.10000000000007958	TimeIntervals	Lick
376.40475000000004	0.10000000000002274	TimeIntervals	Lick
376.538	0.10000000000002274	TimeIntervals	Lick
376.6715	0.23325000000005502	TimeIntervals	Lick
376.938	0.10000000000002274	TimeIntervals	Lick
377.0715	0.0999999999999659	TimeIntervals	Lick
377.205	0.10000000000002274	TimeIntervals	Lick
377.33824999999996	0.23325000000005502	TimeIntervals	Lick
377.605	0.23324999999994134	TimeIntervals	Lick
377.8715	0.10000000000002274	TimeIntervals	Lick
378.005	0.10000000000002274	TimeIntervals	Lick
378.13825	0.10025000000001683	TimeIntervals	Lick
378.27174999999994	0.23325000000005502	TimeIntervals	Lick
378.5385	0.10000000000002274	TimeIntervals	Lick
378.67175000000003	0.266749999999945	TimeIntervals	Lick
379.0385	0.20000000000004547	TimeIntervals	Lick
379.80525000000006	0.1332499999999186	TimeIntervals	Lick
380.10524999999996	0.10000000000002274	TimeIntervals	Lick
381.77224999999993	0.10000000000007958	TimeIntervals	Lick
382.87249999999995	0.10000000000007958	TimeIntervals	Lick
383.00575	0.06675000000001319	TimeIntervals	Lick
383.10574999999994	0.30000000000012506	TimeIntervals	Lick
383.439	0.19999999999998863	TimeIntervals	Lick
383.67249999999996	0.19999999999998863	TimeIntervals	Lick
383.90600000000006	0.0999999999999659	TimeIntervals	Lick
384.03925000000004	0.1999999999999318	TimeIntervals	Lick
384.2725	0.20000000000004547	TimeIntervals	Lick
384.50600000000003	0.0999999999999659	TimeIntervals	Lick
384.63925	0.20025000000003956	TimeIntervals	Lick
384.87275	0.10000000000002274	TimeIntervals	Lick
385.00600000000003	0.0999999999999659	TimeIntervals	Lick
385.03950000000003	0.10000000000002274	TimeIntervals	Reward
385.13950000000006	0.2999999999998977	TimeIntervals	Lick
385.47275	0.2999999999998977	TimeIntervals	Lick
385.806	0.10025000000001683	TimeIntervals	Lick
385.93949999999995	0.20000000000010232	TimeIntervals	Lick
386.173	0.0999999999999659	TimeIntervals	Lick
386.30625000000003	0.1999999999999318	TimeIntervals	Lick
386.53950000000003	0.10000000000002274	TimeIntervals	Lick
386.673	0.0999999999999659	TimeIntervals	Lick
386.80625000000003	0.333500000000015	TimeIntervals	Lick
387.173	0.0999999999999659	TimeIntervals	Lick
387.3065	0.10000000000002274	TimeIntervals	Lick
387.43975000000006	0.33324999999990723	TimeIntervals	Lick
387.8065	0.10000000000002274	TimeIntervals	Lick
387.93975000000006	0.10024999999995998	TimeIntervals	Lick
388.07325	0.10000000000002274	TimeIntervals	Lick
388.20649999999995	0.6000000000000796	TimeIntervals	Lick
388.84000000000003	0.10000000000002274	TimeIntervals	Lick
388.97325	0.0999999999999659	TimeIntervals	Lick
389.1065	0.13349999999996953	TimeIntervals	Lick
389.27349999999996	0.0999999999999659	TimeIntervals	Lick
389.40675	0.19999999999998863	TimeIntervals	Lick
389.64000000000004	0.09999999999990905	TimeIntervals	Lick
389.77349999999996	0.0999999999999659	TimeIntervals	Lick
389.90675	0.23325000000005502	TimeIntervals	Lick
390.17350000000005	0.2667500000000018	TimeIntervals	Lick
390.47350000000006	0.23349999999993543	TimeIntervals	Lick
390.74025	0.3332499999999641	TimeIntervals	Lick
391.10699999999997	0.10000000000002274	TimeIntervals	Lick
391.27349999999996	0.23350000000010596	TimeIntervals	Lick
391.54049999999995	0.10000000000007958	TimeIntervals	Lick
391.67375	0.13325000000008913	TimeIntervals	Lick
391.8405	0.0999999999999659	TimeIntervals	Lick
392.00700000000006	0.09999999999990905	TimeIntervals	Lick
392.17375	0.0999999999999659	TimeIntervals	Lick
392.3070000000001	0.0667499999998995	TimeIntervals	Lick
392.4405	0.06675000000001319	TimeIntervals	Lick
392.674	0.23324999999999818	TimeIntervals	Lick
393.20725	0.10000000000007958	TimeIntervals	Lick
393.374	0.06649999999996226	TimeIntervals	Lick
393.47400000000005	0.09999999999990905	TimeIntervals	Lick
393.6075	0.09999999999990905	TimeIntervals	Lick
393.8075	0.0665000000000191	TimeIntervals	Lick
393.94075000000004	0.09999999999990905	TimeIntervals	Lick
394.07399999999996	0.10000000000002274	TimeIntervals	Lick
394.2074999999999	0.10000000000007958	TimeIntervals	Lick
394.374	0.06675000000001319	TimeIntervals	Lick
394.57399999999996	0.3002500000000623	TimeIntervals	Lick
395.141	0.13324999999997544	TimeIntervals	Lick
395.341	0.10000000000002274	TimeIntervals	Lick
395.5075	0.333500000000015	TimeIntervals	Lick
396.1745	0.06649999999996226	TimeIntervals	Lick
396.541	0.06674999999995634	TimeIntervals	Lick
396.841	0.10025000000001683	TimeIntervals	Lick
397.208	0.0999999999999659	TimeIntervals	Lick
397.37449999999995	0.06675000000007003	TimeIntervals	Lick
397.74125000000004	0.33349999999995816	TimeIntervals	Lick
398.10799999999995	0.10000000000007958	TimeIntervals	Lick
398.308	0.06675000000001319	TimeIntervals	Lick
398.60799999999995	0.06675000000007003	TimeIntervals	Lick
398.7747499999999	0.23325000000011187	TimeIntervals	Lick
400.47499999999997	0.06675000000001319	TimeIntervals	Lick
401.6085	0.10000000000002274	TimeIntervals	Lick
401.9085	0.16675000000003593	TimeIntervals	Lick
402.542	0.03350000000000364	TimeIntervals	Lick
402.90875	0.13324999999997544	TimeIntervals	Lick
404.27549999999997	0.10000000000002274	TimeIntervals	Lick
407.20950000000005	0.06649999999990541	TimeIntervals	Lick
408.07624999999996	0.06675000000007003	TimeIntervals	Lick
408.70950000000005	0.0999999999999659	TimeIntervals	Lick
410.24325	0.0999999999999659	TimeIntervals	Lick
410.51000000000005	0.06649999999996226	TimeIntervals	Lick
411.27674999999994	0.10000000000007958	TimeIntervals	Lick
411.51000000000005	0.13350000000002638	TimeIntervals	Lick
412.7435	0.0999999999999659	TimeIntervals	Lick
412.87699999999995	0.06650000000007594	TimeIntervals	Lick
412.97700000000003	0.0999999999999659	TimeIntervals	Lick
413.11025000000006	0.20024999999998272	TimeIntervals	Lick
413.34375	0.43324999999992997	TimeIntervals	Lick
413.81050000000005	0.09999999999990905	TimeIntervals	Lick
413.94374999999997	0.20000000000004547	TimeIntervals	Lick
414.177	0.3334999999999013	TimeIntervals	Lick
414.544	0.10000000000002274	TimeIntervals	Lick
414.67724999999996	0.0999999999999659	TimeIntervals	Lick
414.81050000000005	0.33349999999995816	TimeIntervals	Lick
415.11050000000006	0.0667499999998995	TimeIntervals	Reward
415.17724999999996	0.0999999999999659	TimeIntervals	Lick
415.31050000000005	0.09999999999990905	TimeIntervals	Lick
415.444	0.5335000000000036	TimeIntervals	Lick
416.01075	0.19999999999998863	TimeIntervals	Lick
416.2439999999999	0.10000000000013642	TimeIntervals	Lick
416.37749999999994	0.333500000000015	TimeIntervals	Lick
416.74424999999997	0.20000000000004547	TimeIntervals	Lick
416.9775	0.6335000000000264	TimeIntervals	Lick
417.64425000000006	0.10024999999995998	TimeIntervals	Lick
417.77774999999997	0.0999999999999659	TimeIntervals	Lick
417.91100000000006	0.3999999999999204	TimeIntervals	Lick
418.3445	0.13324999999997544	TimeIntervals	Lick
418.54449999999997	0.06650000000007594	TimeIntervals	Lick
418.64450000000005	0.0999999999999659	TimeIntervals	Lick
418.77799999999996	0.10000000000002274	TimeIntervals	Lick
418.94450000000006	0.09999999999990905	TimeIntervals	Lick
419.07800000000003	0.0665000000000191	TimeIntervals	Lick
419.17800000000005	0.06649999999996226	TimeIntervals	Lick
419.31125	0.06675000000001319	TimeIntervals	Lick
419.47799999999995	0.6335000000000832	TimeIntervals	Lick
420.24475	0.9002499999999714	TimeIntervals	Lick
421.17825	0.1332500000000323	TimeIntervals	Lick
421.345	1.3667499999999677	TimeIntervals	Lick
422.745	0.19999999999998863	TimeIntervals	Lick
422.97850000000005	0.23349999999999227	TimeIntervals	Lick
423.24524999999994	0.20000000000004547	TimeIntervals	Lick
423.512	0.26649999999989404	TimeIntervals	Lick
423.812	0.10000000000002274	TimeIntervals	Lick
423.97850000000005	0.6002499999999031	TimeIntervals	Lick
424.14525	0.0999999999999659	TimeIntervals	Reward
424.612	0.10000000000002274	TimeIntervals	Lick
424.7455	0.7999999999999545	TimeIntervals	Lick
425.57899999999995	0.10000000000007958	TimeIntervals	Lick
425.71225	0.7000000000000455	TimeIntervals	Lick
426.44550000000004	0.33349999999995816	TimeIntervals	Lick
426.8125	0.0999999999999659	TimeIntervals	Lick
426.94575000000003	0.3667499999999677	TimeIntervals	Lick
427.34575	0.333500000000015	TimeIntervals	Lick
427.7125	0.10000000000002274	TimeIntervals	Lick
427.846	0.10000000000002274	TimeIntervals	Lick
427.97925	0.0999999999999659	TimeIntervals	Lick
428.11249999999995	0.2335000000000491	TimeIntervals	Lick
428.37925	0.0999999999999659	TimeIntervals	Lick
428.5125	0.0999999999999659	TimeIntervals	Lick
428.646	0.09999999999990905	TimeIntervals	Lick
428.7794999999999	0.5	TimeIntervals	Lick
429.31275	0.23324999999999818	TimeIntervals	Lick
429.5795	0.333500000000015	TimeIntervals	Lick
429.94625	0.13324999999997544	TimeIntervals	Lick
430.113	0.0999999999999659	TimeIntervals	Lick
430.24625	0.23324999999999818	TimeIntervals	Lick
430.513	0.10000000000002274	TimeIntervals	Lick
430.64625	0.0999999999999659	TimeIntervals	Lick
430.813	0.10000000000002274	TimeIntervals	Lick
430.9465	0.06649999999996226	TimeIntervals	Lick
431.0465	0.10000000000002274	TimeIntervals	Lick
431.17975	0.0999999999999659	TimeIntervals	Lick
431.313	0.266749999999945	TimeIntervals	Lick
431.613	0.06675000000001319	TimeIntervals	Lick
431.74649999999997	0.0665000000000191	TimeIntervals	Lick
431.84650000000005	0.0999999999999659	TimeIntervals	Lick
431.9800000000001	0.09999999999985221	TimeIntervals	Lick
432.11324999999994	0.10000000000002274	TimeIntervals	Lick
432.24649999999997	0.10000000000007958	TimeIntervals	Lick
432.38	0.10000000000007958	TimeIntervals	Lick
432.51324999999997	0.0999999999999659	TimeIntervals	Lick
432.6465	0.0999999999999659	TimeIntervals	Lick
432.78	0.10000000000002274	TimeIntervals	Lick
432.91325	0.0999999999999659	TimeIntervals	Lick
433.0465	0.10025000000001683	TimeIntervals	Lick
433.14675	0.10000000000002274	TimeIntervals	Reward
433.21349999999995	0.6332500000000323	TimeIntervals	Lick
433.88	0.1999999999999318	TimeIntervals	Lick
434.1135	0.0999999999999659	TimeIntervals	Lick
434.247	0.0999999999999659	TimeIntervals	Lick
434.38025	0.46674999999999045	TimeIntervals	Lick
434.88025	0.0999999999999659	TimeIntervals	Lick
435.0135	0.0999999999999659	TimeIntervals	Lick
435.14700000000005	0.8667499999999677	TimeIntervals	Lick
436.047	0.36700000000001864	TimeIntervals	Lick
436.44725000000005	0.0999999999999659	TimeIntervals	Lick
436.5805	0.6000000000000227	TimeIntervals	Lick
437.21399999999994	0.10000000000007958	TimeIntervals	Lick
437.34725	0.10025000000007367	TimeIntervals	Lick
437.48074999999994	0.10000000000007958	TimeIntervals	Lick
437.6475	0.0999999999999659	TimeIntervals	Lick
437.78074999999995	0.10000000000002274	TimeIntervals	Lick
437.91400000000004	0.0999999999999659	TimeIntervals	Lick
438.04749999999996	0.10000000000002274	TimeIntervals	Lick
438.18075000000005	0.13324999999997544	TimeIntervals	Lick
438.34749999999997	0.10000000000007958	TimeIntervals	Lick
438.48074999999994	0.10025000000001683	TimeIntervals	Lick
438.6475	0.0999999999999659	TimeIntervals	Lick
438.78099999999995	0.20000000000004547	TimeIntervals	Lick
439.01425	0.13324999999997544	TimeIntervals	Lick
439.181	0.0999999999999659	TimeIntervals	Lick
439.34749999999997	0.10000000000007958	TimeIntervals	Lick
439.481	0.0999999999999659	TimeIntervals	Lick
439.61424999999997	0.10025000000007367	TimeIntervals	Lick
439.74774999999994	0.26675000000005866	TimeIntervals	Lick
440.08099999999996	0.10000000000002274	TimeIntervals	Lick
440.21450000000004	0.09999999999990905	TimeIntervals	Lick
440.34774999999996	0.10000000000007958	TimeIntervals	Lick
440.481	0.0999999999999659	TimeIntervals	Lick
440.6145	0.10000000000002274	TimeIntervals	Lick
440.78125	0.0999999999999659	TimeIntervals	Lick
440.948	0.0999999999999659	TimeIntervals	Lick
441.08125	0.23324999999994134	TimeIntervals	Lick
441.34799999999996	0.06650000000007594	TimeIntervals	Lick
441.448	0.1332500000000323	TimeIntervals	Lick
441.6145	0.10000000000002274	TimeIntervals	Lick
441.748	0.0999999999999659	TimeIntervals	Lick
441.8815	0.16649999999992815	TimeIntervals	Lick
442.11474999999996	0.10000000000002274	TimeIntervals	Lick
442.31475	0.13324999999997544	TimeIntervals	Lick
442.4815	0.13324999999997544	TimeIntervals	Lick
442.84799999999996	0.10000000000002274	TimeIntervals	Lick
443.14825	0.0667499999998995	TimeIntervals	Lick
443.94825000000003	0.10024999999995998	TimeIntervals	Lick
444.2149999999999	0.06675000000007003	TimeIntervals	Lick
444.915	0.06674999999995634	TimeIntervals	Lick
445.0485	0.10000000000002274	TimeIntervals	Lick
445.41525000000007	0.0667499999998995	TimeIntervals	Lick
445.7819999999999	0.0665000000000191	TimeIntervals	Lick
445.88199999999995	0.06650000000007594	TimeIntervals	Lick
446.1485	0.06674999999995634	TimeIntervals	Lick
446.74875	0.10000000000002274	TimeIntervals	Lick
447.44899999999996	0.0999999999999659	TimeIntervals	Lick
448.4825	0.0999999999999659	TimeIntervals	Lick
448.81575000000004	0.10000000000007958	TimeIntervals	Lick
448.9825	0.3332500000000209	TimeIntervals	Lick
449.44899999999996	0.10025000000007367	TimeIntervals	Lick
449.5825	0.10000000000002274	TimeIntervals	Lick
450.2159999999999	0.06650000000007594	TimeIntervals	Lick
450.616	0.09999999999990905	TimeIntervals	Lick
450.7827499999999	0.06675000000007003	TimeIntervals	Lick
451.116	0.06675000000001319	TimeIntervals	Lick
451.7159999999999	0.10025000000013051	TimeIntervals	Lick
451.8495	0.06675000000007003	TimeIntervals	Lick
451.98299999999995	0.06650000000007594	TimeIntervals	Lick
452.14950000000005	0.09999999999985221	TimeIntervals	Lick
452.31625	0.10000000000002274	TimeIntervals	Lick
452.4495	0.10000000000002274	TimeIntervals	Lick
452.583	0.0999999999999659	TimeIntervals	Lick
452.71625	0.06674999999995634	TimeIntervals	Lick
452.8165000000001	0.0999999999999659	TimeIntervals	Lick
452.94975	0.10000000000002274	TimeIntervals	Lick
453.083	0.0999999999999659	TimeIntervals	Lick
453.2165	0.10000000000007958	TimeIntervals	Lick
453.34975000000003	0.0999999999999659	TimeIntervals	Lick
453.48299999999995	0.10000000000007958	TimeIntervals	Lick
453.64975	0.06675000000001319	TimeIntervals	Lick
453.74975	0.1332499999999186	TimeIntervals	Lick
453.95	0.06649999999996226	TimeIntervals	Lick
454.04999999999995	0.10000000000002274	TimeIntervals	Lick
454.18325	0.0999999999999659	TimeIntervals	Lick
454.3165000000001	0.0999999999999659	TimeIntervals	Lick
454.45	0.0999999999999659	TimeIntervals	Lick
454.61650000000003	0.0999999999999659	TimeIntervals	Lick
454.75	0.0999999999999659	TimeIntervals	Lick
454.8832499999999	0.10000000000007958	TimeIntervals	Lick
455.01649999999995	0.10025000000007367	TimeIntervals	Lick
455.21675	0.10000000000002274	TimeIntervals	Lick
455.34999999999997	0.10000000000002274	TimeIntervals	Lick
455.4835	0.06649999999996226	TimeIntervals	Lick
455.5835	0.10000000000002274	TimeIntervals	Lick
455.71675	0.10000000000002274	TimeIntervals	Lick
455.84999999999997	0.06675000000007003	TimeIntervals	Lick
455.95	0.0999999999999659	TimeIntervals	Lick
456.0835	0.10000000000002274	TimeIntervals	Lick
456.217	0.10000000000002274	TimeIntervals	Lick
456.217	0.0665000000000191	TimeIntervals	Reward
456.3502500000001	0.43324999999992997	TimeIntervals	Lick
456.817	0.19999999999998863	TimeIntervals	Lick
457.05024999999995	0.20025000000003956	TimeIntervals	Lick
457.28374999999994	0.3332500000000209	TimeIntervals	Lick
457.6505	0.23324999999994134	TimeIntervals	Lick
457.9170000000001	0.19999999999987494	TimeIntervals	Lick
458.1505	0.0999999999999659	TimeIntervals	Lick
458.28374999999994	0.10025000000007367	TimeIntervals	Lick
458.41725	0.0999999999999659	TimeIntervals	Lick
458.5505	0.10000000000002274	TimeIntervals	Lick
458.68399999999997	0.3332500000000209	TimeIntervals	Lick
459.0505	0.3670000000000755	TimeIntervals	Lick
459.45075	0.09999999999990905	TimeIntervals	Lick
459.58399999999995	0.10000000000002274	TimeIntervals	Lick
459.7175	0.23325000000005502	TimeIntervals	Lick
459.984	0.23349999999999227	TimeIntervals	Lick
460.25075	0.2667500000000018	TimeIntervals	Lick
460.58425	0.06675000000001319	TimeIntervals	Lick
460.68425	0.09999999999990905	TimeIntervals	Lick
460.951	0.06649999999996226	TimeIntervals	Lick
461.81775	0.10000000000007958	TimeIntervals	Lick
462.251	0.10000000000002274	TimeIntervals	Lick
462.9845000000001	0.09999999999990905	TimeIntervals	Lick
463.11800000000005	0.06649999999996226	TimeIntervals	Lick
463.318	0.0665000000000191	TimeIntervals	Lick
463.45125	0.06674999999995634	TimeIntervals	Lick
463.61800000000005	0.06649999999996226	TimeIntervals	Lick
463.7845	0.06700000000006412	TimeIntervals	Lick
463.91800000000006	0.06674999999995634	TimeIntervals	Lick
464.35150000000004	0.16649999999992815	TimeIntervals	Lick
465.15150000000006	0.0999999999999659	TimeIntervals	Lick
466.48499999999996	0.10000000000002274	TimeIntervals	Lick
466.61850000000004	0.06649999999996226	TimeIntervals	Lick
466.75175	0.06675000000001319	TimeIntervals	Lick
467.25199999999995	0.10000000000007958	TimeIntervals	Lick
467.452	0.10000000000002274	TimeIntervals	Lick
467.952	0.03325000000000955	TimeIntervals	Lick
468.58549999999997	0.1332500000000323	TimeIntervals	Lick
468.85200000000003	0.16674999999997908	TimeIntervals	Lick
470.68575	0.10000000000002274	TimeIntervals	Lick
470.8525	0.0665000000000191	TimeIntervals	Lick
472.31925	0.10000000000002274	TimeIntervals	Lick
473.78625	0.10000000000002274	TimeIntervals	Lick
475.9865	0.0999999999999659	TimeIntervals	Lick
476.12	0.0665000000000191	TimeIntervals	Lick
476.21999999999997	0.20000000000004547	TimeIntervals	Lick
476.45325	0.20000000000004547	TimeIntervals	Lick
476.6865	0.2999999999999545	TimeIntervals	Lick
477.02	0.10000000000002274	TimeIntervals	Lick
477.1535	0.0999999999999659	TimeIntervals	Lick
477.28675	0.20000000000004547	TimeIntervals	Lick
477.52	0.10000000000002274	TimeIntervals	Lick
477.6535	0.19999999999998863	TimeIntervals	Lick
477.88675	0.10000000000002274	TimeIntervals	Lick
478.02	0.10025000000007367	TimeIntervals	Lick
478.1535	0.06674999999995634	TimeIntervals	Lick
478.2535	0.10000000000002274	TimeIntervals	Reward
478.2535	0.10000000000002274	TimeIntervals	Lick
478.387	0.3999999999999204	TimeIntervals	Lick
478.82025	0.10000000000002274	TimeIntervals	Lick
478.9535	0.19999999999998863	TimeIntervals	Lick
479.187	0.333500000000015	TimeIntervals	Lick
479.55375000000004	0.0999999999999659	TimeIntervals	Lick
479.687	0.19999999999998863	TimeIntervals	Lick
479.92050000000006	0.0999999999999659	TimeIntervals	Lick
480.05375000000004	0.20024999999992588	TimeIntervals	Lick
480.28725	0.19999999999998863	TimeIntervals	Lick
480.5205	0.10000000000002274	TimeIntervals	Lick
480.654	0.0665000000000191	TimeIntervals	Lick
480.75399999999996	0.10000000000002274	TimeIntervals	Lick
480.88725	0.0999999999999659	TimeIntervals	Lick
481.0205	0.10000000000002274	TimeIntervals	Lick
481.154	0.0999999999999659	TimeIntervals	Lick
481.28725	0.10025000000007367	TimeIntervals	Lick
481.42075	0.19999999999998863	TimeIntervals	Lick
481.654	0.0999999999999659	TimeIntervals	Lick
481.78749999999997	0.10000000000002274	TimeIntervals	Lick
481.92075	0.0999999999999659	TimeIntervals	Lick
482.05400000000003	0.0999999999999659	TimeIntervals	Lick
482.1875	0.0999999999999659	TimeIntervals	Lick
482.32075000000003	0.1332499999999186	TimeIntervals	Lick
482.4875	0.19999999999998863	TimeIntervals	Lick
482.721	0.0999999999999659	TimeIntervals	Lick
482.85425	0.0999999999999659	TimeIntervals	Lick
482.9875	0.09999999999990905	TimeIntervals	Lick
483.12100000000004	0.0999999999999659	TimeIntervals	Lick
483.25425	0.0999999999999659	TimeIntervals	Lick
483.421	0.10000000000002274	TimeIntervals	Lick
483.55449999999996	0.10000000000007958	TimeIntervals	Lick
483.68775	0.13324999999997544	TimeIntervals	Lick
483.8545	0.10000000000002274	TimeIntervals	Lick
483.98775	0.1332500000000323	TimeIntervals	Lick
484.4545	0.1332499999999186	TimeIntervals	Lick
484.7879999999999	0.06650000000007594	TimeIntervals	Lick
485.08799999999997	0.16650000000004184	TimeIntervals	Lick
485.2879999999999	0.13325000000020282	TimeIntervals	Lick
485.72124999999994	0.10025000000007367	TimeIntervals	Lick
486.08799999999997	0.06675000000007003	TimeIntervals	Lick
486.2879999999999	0.36675000000013824	TimeIntervals	Lick
487.0882499999999	0.06675000000007003	TimeIntervals	Lick
487.855	0.0999999999999659	TimeIntervals	Lick
488.1885	0.10000000000002274	TimeIntervals	Lick
488.58849999999995	0.10000000000002274	TimeIntervals	Lick
488.7550000000001	0.09999999999990905	TimeIntervals	Lick
488.955	0.06675000000001319	TimeIntervals	Lick
489.622	0.03325000000000955	TimeIntervals	Lick
490.55550000000005	0.0999999999999659	TimeIntervals	Lick
490.8555	0.0999999999999659	TimeIntervals	Lick
492.5225	0.1332500000000323	TimeIntervals	Lick
494.2225	0.0999999999999659	TimeIntervals	Lick
494.9895000000001	0.0999999999999659	TimeIntervals	Lick
495.68949999999995	0.0999999999999659	TimeIntervals	Lick
495.95625	0.0999999999999659	TimeIntervals	Lick
496.3895	0.06675000000001319	TimeIntervals	Lick
497.3229999999999	0.06675000000007003	TimeIntervals	Lick
497.4230000000001	0.1999999999999318	TimeIntervals	Lick
497.65650000000005	0.19999999999987494	TimeIntervals	Lick
497.89000000000004	0.1999999999999318	TimeIntervals	Lick
498.12325	0.06674999999995634	TimeIntervals	Lick
498.22325	0.10000000000007958	TimeIntervals	Lick
498.3564999999999	0.10000000000007958	TimeIntervals	Lick
498.49	0.0999999999999659	TimeIntervals	Lick
498.62325	0.10000000000002274	TimeIntervals	Lick
498.7565	0.20024999999998272	TimeIntervals	Lick
498.99	0.0999999999999659	TimeIntervals	Lick
499.1235	0.0999999999999659	TimeIntervals	Lick
499.25675	0.0999999999999659	TimeIntervals	Lick
499.35675	0.03325000000006639	TimeIntervals	Reward
499.39000000000004	0.0999999999999659	TimeIntervals	Lick
499.5235	0.16649999999992815	TimeIntervals	Lick
499.72349999999994	0.20000000000015916	TimeIntervals	Lick
499.95675	0.3002499999999486	TimeIntervals	Lick
500.29024999999996	0.20000000000004547	TimeIntervals	Lick
500.5235	0.1999999999999318	TimeIntervals	Lick
500.75699999999995	0.20000000000004547	TimeIntervals	Lick
500.99025	0.20024999999998272	TimeIntervals	Lick
501.22375000000005	0.0999999999999659	TimeIntervals	Lick
501.3569999999999	0.20000000000015916	TimeIntervals	Lick
501.5905000000001	0.09999999999990905	TimeIntervals	Lick
501.72375000000005	0.0999999999999659	TimeIntervals	Lick
501.8569999999999	0.10000000000007958	TimeIntervals	Lick
501.9905	0.10000000000007958	TimeIntervals	Lick
502.1237499999999	0.10025000000013051	TimeIntervals	Lick
502.25725000000006	0.09999999999990905	TimeIntervals	Lick
503.1905	0.0999999999999659	TimeIntervals	Lick
503.3575	0.09999999999990905	TimeIntervals	Lick
503.6575000000001	0.0999999999999659	TimeIntervals	Lick
503.7907499999999	0.10000000000007958	TimeIntervals	Lick
503.92400000000004	0.0999999999999659	TimeIntervals	Lick
504.0574999999999	0.23324999999999818	TimeIntervals	Lick
504.32399999999996	0.23349999999993543	TimeIntervals	Lick
504.591	0.0999999999999659	TimeIntervals	Lick
504.72425	0.10000000000007958	TimeIntervals	Lick
504.8575	0.09999999999990905	TimeIntervals	Lick
504.991	0.10000000000002274	TimeIntervals	Lick
505.12424999999996	0.10000000000002274	TimeIntervals	Lick
505.25750000000005	0.0999999999999659	TimeIntervals	Lick
505.391	0.0999999999999659	TimeIntervals	Lick
505.55774999999994	0.10000000000007958	TimeIntervals	Lick
505.7245	0.10000000000007958	TimeIntervals	Lick
505.85775	0.23324999999999818	TimeIntervals	Lick
506.1245	0.0999999999999659	TimeIntervals	Lick
506.25775	0.19999999999998863	TimeIntervals	Lick
506.491	0.10000000000002274	TimeIntervals	Lick
506.6245	0.0999999999999659	TimeIntervals	Lick
506.7580000000001	0.1999999999999318	TimeIntervals	Lick
506.99125000000004	0.0999999999999659	TimeIntervals	Lick
507.1245	0.0999999999999659	TimeIntervals	Lick
507.2580000000001	0.09999999999985221	TimeIntervals	Lick
507.39125	0.10000000000002274	TimeIntervals	Lick
507.5245000000001	0.09999999999990905	TimeIntervals	Lick
507.6580000000001	0.1334999999999127	TimeIntervals	Lick
507.82475	0.10000000000007958	TimeIntervals	Lick
507.99150000000003	0.0999999999999659	TimeIntervals	Lick
508.1580000000001	0.10000000000002274	TimeIntervals	Lick
508.32475	0.1332500000000323	TimeIntervals	Lick
508.5915	0.0999999999999659	TimeIntervals	Lick
508.7580000000001	0.1002499999998463	TimeIntervals	Lick
508.92500000000007	0.06649999999996226	TimeIntervals	Lick
509.125	0.0999999999999659	TimeIntervals	Lick
509.39149999999995	0.06675000000007003	TimeIntervals	Lick
510.25849999999997	0.0999999999999659	TimeIntervals	Lick
510.92500000000007	0.10025000000001683	TimeIntervals	Lick
511.4585	0.06675000000007003	TimeIntervals	Lick
511.92525	0.0667499999998995	TimeIntervals	Lick
512.0920000000001	0.06675000000007003	TimeIntervals	Lick
512.8255	0.06649999999990541	TimeIntervals	Lick
513.859	0.09999999999990905	TimeIntervals	Lick
515.259	0.06674999999995634	TimeIntervals	Lick
515.359	0.10024999999995998	TimeIntervals	Lick
515.7925	0.09999999999990905	TimeIntervals	Lick
516.0925	0.13350000000002638	TimeIntervals	Lick
516.6260000000001	0.03350000000000364	TimeIntervals	Lick
517.2927500000001	0.09999999999990905	TimeIntervals	Lick
518.02625	0.10000000000002274	TimeIntervals	Lick
518.1595000000001	0.10000000000002274	TimeIntervals	Lick
518.293	0.4334999999999809	TimeIntervals	Lick
518.75975	0.1999999999999318	TimeIntervals	Lick
518.993	0.09999999999990905	TimeIntervals	Lick
519.1265	0.06650000000013279	TimeIntervals	Lick
519.2265	0.10000000000002274	TimeIntervals	Lick
519.35975	0.10000000000002274	TimeIntervals	Lick
519.493	0.06675000000007003	TimeIntervals	Lick
519.593	0.10000000000013642	TimeIntervals	Lick
519.7265	0.10000000000002274	TimeIntervals	Lick
519.8599999999999	0.10000000000025011	TimeIntervals	Lick
519.99325	0.06675000000007003	TimeIntervals	Lick
520.09325	0.10000000000013642	TimeIntervals	Lick
520.2265	0.10000000000002274	TimeIntervals	Lick
520.3599999999999	0.10000000000025011	TimeIntervals	Lick
520.39325	0.03325000000006639	TimeIntervals	Reward
520.49325	0.3000000000000682	TimeIntervals	Lick
520.8265	0.20024999999986903	TimeIntervals	Lick
521.0600000000001	0.09999999999990905	TimeIntervals	Lick
521.1935	0.1999999999999318	TimeIntervals	Lick
521.4267500000001	0.1999999999999318	TimeIntervals	Lick
521.66	0.10000000000013642	TimeIntervals	Lick
521.7935	0.20000000000004547	TimeIntervals	Lick
522.0269999999999	0.3332500000000209	TimeIntervals	Lick
522.3934999999999	0.10000000000013642	TimeIntervals	Lick
522.5269999999999	0.10000000000013642	TimeIntervals	Lick
522.66025	0.10000000000002274	TimeIntervals	Lick
522.7935	0.09999999999990905	TimeIntervals	Lick
522.9269999999999	0.13325000000020282	TimeIntervals	Lick
523.0935000000001	0.10025000000007367	TimeIntervals	Lick
523.2270000000001	0.09999999999990905	TimeIntervals	Lick
523.3605	0.10000000000002274	TimeIntervals	Lick
523.49375	0.10000000000002274	TimeIntervals	Lick
523.6270000000001	0.10000000000002274	TimeIntervals	Lick
523.7605000000001	0.09999999999990905	TimeIntervals	Lick
523.8937500000001	0.13324999999986176	TimeIntervals	Lick
524.1940000000001	0.2332499999998845	TimeIntervals	Lick
525.56075	0.10000000000002274	TimeIntervals	Lick
526.26075	0.06674999999995634	TimeIntervals	Lick
527.6945000000001	0.09999999999990905	TimeIntervals	Lick
528.1277500000001	0.09999999999990905	TimeIntervals	Lick
529.6947500000001	0.06674999999995634	TimeIntervals	Lick
531.195	0.09999999999990905	TimeIntervals	Lick
532.36175	0.13324999999997544	TimeIntervals	Lick
534.52875	0.06675000000007003	TimeIntervals	Lick
537.2290000000002	0.06674999999972897	TimeIntervals	Lick
538.2292500000001	0.09999999999990905	TimeIntervals	Lick
541.2297500000001	0.06674999999995634	TimeIntervals	Lick
542.3299999999999	0.10000000000002274	TimeIntervals	Lick
542.46325	0.06674999999995634	TimeIntervals	Lick
542.56325	0.06675000000007003	TimeIntervals	Lick
542.66325	0.2002500000000964	TimeIntervals	Lick
542.89675	0.06674999999995634	TimeIntervals	Lick
542.99675	0.20000000000004547	TimeIntervals	Lick
543.23	0.06674999999995634	TimeIntervals	Lick
543.3299999999999	0.10000000000002274	TimeIntervals	Lick
543.4635	0.20000000000004547	TimeIntervals	Lick
543.6967500000001	0.09999999999990905	TimeIntervals	Lick
543.8299999999999	0.2002500000000964	TimeIntervals	Lick
544.0635000000001	0.09999999999990905	TimeIntervals	Lick
544.197	0.10000000000002274	TimeIntervals	Lick
544.33025	0.09999999999990905	TimeIntervals	Lick
544.4302499999999	0.03325000000006639	TimeIntervals	Reward
544.4635	0.10000000000013642	TimeIntervals	Lick
544.597	0.0665000000000191	TimeIntervals	Lick
544.697	0.5335000000001173	TimeIntervals	Lick
545.2637500000001	0.33324999999990723	TimeIntervals	Lick
545.6305000000001	0.33324999999990723	TimeIntervals	Lick
545.997	0.10000000000002274	TimeIntervals	Lick
546.1305000000001	0.5	TimeIntervals	Lick
546.6640000000001	0.10000000000002274	TimeIntervals	Lick
546.7972500000001	0.36675000000002456	TimeIntervals	Lick
547.19725	0.10024999999995998	TimeIntervals	Lick
547.33075	0.10000000000002274	TimeIntervals	Lick
547.464	0.09999999999990905	TimeIntervals	Lick
547.6307500000001	0.06674999999984266	TimeIntervals	Lick
547.7307500000001	0.09999999999990905	TimeIntervals	Lick
547.8640000000001	0.09999999999990905	TimeIntervals	Lick
548.0307499999999	0.4002500000001419	TimeIntervals	Lick
548.531	0.03325000000006639	TimeIntervals	Lick
549.2975	0.10000000000013642	TimeIntervals	Lick
549.731	0.06675000000007003	TimeIntervals	Lick
552.3647500000002	0.06674999999984266	TimeIntervals	Lick
553.3650000000001	0.09999999999990905	TimeIntervals	Lick
555.0985	0.13350000000002638	TimeIntervals	Lick
557.6655000000001	0.13350000000002638	TimeIntervals	Lick
558.599	0.09999999999990905	TimeIntervals	Lick
560.6660000000002	0.09999999999979536	TimeIntervals	Lick
562.3995000000001	0.09999999999990905	TimeIntervals	Lick
563.7332500000001	0.10000000000002274	TimeIntervals	Lick
565.5335	0.09999999999990905	TimeIntervals	Lick
566.3670000000001	0.0665000000000191	TimeIntervals	Lick
566.70025	0.06675000000018372	TimeIntervals	Lick
567.0005	0.0665000000000191	TimeIntervals	Lick
567.667	0.13350000000014006	TimeIntervals	Lick
569.434	0.10000000000002274	TimeIntervals	Lick
569.5675000000001	0.06649999999990541	TimeIntervals	Lick
569.9675000000001	0.13324999999986176	TimeIntervals	Lick
570.234	0.13350000000002638	TimeIntervals	Lick
570.43425	0.13325000000008913	TimeIntervals	Lick
570.6675000000001	0.10000000000002274	TimeIntervals	Lick
571.86775	0.10000000000002274	TimeIntervals	Lick
572.001	0.2335000000000491	TimeIntervals	Lick
572.2677500000001	0.1999999999999318	TimeIntervals	Lick
572.501	0.2002500000000964	TimeIntervals	Lick
572.7345	0.10000000000013642	TimeIntervals	Lick
572.868	0.09999999999990905	TimeIntervals	Lick
573.0012499999999	0.10000000000013642	TimeIntervals	Lick
573.1345	0.10000000000002274	TimeIntervals	Lick
573.268	0.10000000000002274	TimeIntervals	Lick
573.4012500000001	0.09999999999979536	TimeIntervals	Lick
573.468	0.10000000000013642	TimeIntervals	Reward
573.5345	0.9002500000000282	TimeIntervals	Lick
574.468	0.2335000000001628	TimeIntervals	Lick
574.735	0.96650000000011	TimeIntervals	Lick
575.735	0.6335000000001401	TimeIntervals	Lick
576.40175	0.10000000000002274	TimeIntervals	Lick
576.5349999999999	0.5670000000002346	TimeIntervals	Lick
577.13525	0.10000000000002274	TimeIntervals	Lick
577.2685	0.10000000000013642	TimeIntervals	Lick
577.402	0.09999999999990905	TimeIntervals	Lick
577.5352499999999	0.10000000000013642	TimeIntervals	Lick
577.6685	0.10000000000002274	TimeIntervals	Lick
577.802	0.10000000000002274	TimeIntervals	Lick
577.93525	0.2335000000000491	TimeIntervals	Lick
578.2020000000001	0.09999999999990905	TimeIntervals	Lick
578.3355	0.09999999999990905	TimeIntervals	Lick
578.46875	0.13325000000008913	TimeIntervals	Lick
578.6355	0.10000000000013642	TimeIntervals	Lick
578.7687500000001	0.10000000000002274	TimeIntervals	Lick
578.902	0.09999999999990905	TimeIntervals	Lick
579.0690000000001	0.1999999999999318	TimeIntervals	Lick
579.30225	0.10000000000013642	TimeIntervals	Lick
579.5022499999999	0.06675000000018372	TimeIntervals	Lick
579.6690000000001	0.13324999999986176	TimeIntervals	Lick
579.869	0.13324999999986176	TimeIntervals	Lick
580.9025	0.13324999999997544	TimeIntervals	Lick
581.3692500000002	0.13324999999974807	TimeIntervals	Lick
581.536	0.10000000000002274	TimeIntervals	Lick
581.6692500000001	0.09999999999979536	TimeIntervals	Lick
582.0024999999999	0.13350000000002638	TimeIntervals	Lick
582.2360000000001	0.03324999999983902	TimeIntervals	Lick
582.40275	0.06675000000007003	TimeIntervals	Lick
582.6695	0.10000000000013642	TimeIntervals	Lick
582.9695	0.10000000000002274	TimeIntervals	Lick
583.40275	0.2002500000000964	TimeIntervals	Lick
583.63625	0.13325000000008913	TimeIntervals	Lick
583.93625	0.10000000000002274	TimeIntervals	Lick
584.4695	0.10000000000002274	TimeIntervals	Lick
584.6030000000001	0.06674999999995634	TimeIntervals	Lick
584.7365000000001	0.13325000000008913	TimeIntervals	Lick
585.3697500000002	0.06674999999972897	TimeIntervals	Lick
585.4697500000001	0.10000000000002274	TimeIntervals	Lick
585.8365000000001	0.09999999999979536	TimeIntervals	Lick
585.97	0.10000000000002274	TimeIntervals	Lick
586.1365	0.13350000000014006	TimeIntervals	Lick
586.30325	0.10000000000002274	TimeIntervals	Lick
586.6365	0.10000000000013642	TimeIntervals	Lick
587.1035000000002	0.13324999999986176	TimeIntervals	Lick
590.2040000000001	0.10000000000002274	TimeIntervals	Lick
590.7040000000001	0.10000000000002274	TimeIntervals	Lick
592.3710000000002	0.09999999999979536	TimeIntervals	Lick
592.50425	0.10000000000013642	TimeIntervals	Lick
592.6375	0.2999999999999545	TimeIntervals	Lick
592.971	0.09999999999990905	TimeIntervals	Lick
593.1042500000001	0.06675000000007003	TimeIntervals	Lick
593.2042500000001	0.09999999999990905	TimeIntervals	Lick
593.3375000000001	0.06700000000000728	TimeIntervals	Lick
593.4377499999999	0.10000000000002274	TimeIntervals	Lick
593.5709999999999	0.20000000000015916	TimeIntervals	Lick
593.8045000000001	0.10000000000002274	TimeIntervals	Lick
593.9377499999999	0.10000000000002274	TimeIntervals	Lick
594.0709999999999	0.10000000000025011	TimeIntervals	Lick
594.2045000000002	0.09999999999990905	TimeIntervals	Lick
594.3377500000001	0.1002499999998463	TimeIntervals	Lick
594.47125	0.09999999999990905	TimeIntervals	Lick
594.538	0.10000000000002274	TimeIntervals	Reward
594.6045	0.39999999999997726	TimeIntervals	Lick
595.038	0.0665000000000191	TimeIntervals	Lick
595.138	0.10000000000013642	TimeIntervals	Lick
595.2712500000001	0.06674999999995634	TimeIntervals	Lick
595.4045000000001	0.06674999999995634	TimeIntervals	Lick
595.5045	0.10025000000007367	TimeIntervals	Lick
595.638	0.10000000000013642	TimeIntervals	Lick
595.7715000000002	0.09999999999990905	TimeIntervals	Lick
595.90475	0.23324999999999818	TimeIntervals	Lick
596.1715	0.06650000000013279	TimeIntervals	Lick
596.3047500000001	0.09999999999990905	TimeIntervals	Lick
596.438	0.06675000000007003	TimeIntervals	Lick
596.538	0.10000000000002274	TimeIntervals	Lick
596.6715	0.10000000000013642	TimeIntervals	Lick
596.8050000000001	0.10000000000002274	TimeIntervals	Lick
596.9382499999999	0.10000000000002274	TimeIntervals	Lick
597.0715	0.10000000000002274	TimeIntervals	Lick
597.2050000000002	0.1999999999999318	TimeIntervals	Lick
597.4715000000001	0.09999999999990905	TimeIntervals	Lick
597.605	0.36675000000002456	TimeIntervals	Lick
598.0050000000001	0.09999999999990905	TimeIntervals	Lick
598.17175	0.06675000000018372	TimeIntervals	Lick
598.3050000000001	0.06675000000018372	TimeIntervals	Lick
598.605	0.10000000000013642	TimeIntervals	Lick
598.7385000000002	0.09999999999990905	TimeIntervals	Lick
598.8720000000002	0.09999999999979536	TimeIntervals	Lick
599.0052500000002	0.09999999999990905	TimeIntervals	Lick
599.1385	0.20000000000004547	TimeIntervals	Lick
599.3720000000002	0.09999999999979536	TimeIntervals	Lick
599.5052500000002	0.36675000000002456	TimeIntervals	Lick
599.9052500000001	0.10024999999995998	TimeIntervals	Lick
600.0387499999999	0.10000000000013642	TimeIntervals	Lick
600.172	0.13350000000002638	TimeIntervals	Lick
600.3387500000001	0.2332499999998845	TimeIntervals	Lick
600.6055	0.10000000000002274	TimeIntervals	Lick
600.7720000000002	0.10000000000002274	TimeIntervals	Lick
600.9055	0.10000000000013642	TimeIntervals	Lick
601.039	0.13325000000008913	TimeIntervals	Lick
601.2055	0.10000000000002274	TimeIntervals	Lick
601.339	0.13324999999997544	TimeIntervals	Lick
601.5055000000001	0.09999999999990905	TimeIntervals	Lick
601.639	0.10000000000013642	TimeIntervals	Lick
601.77225	0.10000000000013642	TimeIntervals	Lick
601.9055	0.13350000000002638	TimeIntervals	Lick
602.07225	0.10024999999995998	TimeIntervals	Lick
602.2390000000001	0.09999999999990905	TimeIntervals	Lick
602.439	0.10000000000002274	TimeIntervals	Lick
602.7390000000001	0.09999999999990905	TimeIntervals	Lick
603.0725	0.03325000000006639	TimeIntervals	Lick
604.206	0.10000000000013642	TimeIntervals	Lick
604.8060000000002	0.1667499999997517	TimeIntervals	Lick
605.2727500000001	0.03325000000006639	TimeIntervals	Lick
606.473	0.06675000000007003	TimeIntervals	Lick
606.9397499999999	0.06675000000007003	TimeIntervals	Lick
608.54	0.10000000000013642	TimeIntervals	Lick
610.6735000000001	0.10000000000002274	TimeIntervals	Lick
611.3405	0.10000000000002274	TimeIntervals	Lick
611.47375	0.10000000000002274	TimeIntervals	Lick
611.607	0.20000000000004547	TimeIntervals	Lick
611.8405	0.06650000000013279	TimeIntervals	Lick
611.9405	0.20000000000004547	TimeIntervals	Lick
612.1740000000001	0.1999999999999318	TimeIntervals	Lick
612.4072500000001	0.1999999999998181	TimeIntervals	Lick
612.6405000000001	0.1999999999999318	TimeIntervals	Lick
612.874	0.10000000000002274	TimeIntervals	Lick
613.00725	0.2002500000000964	TimeIntervals	Lick
613.2407499999999	0.10000000000013642	TimeIntervals	Lick
613.374	0.10000000000002274	TimeIntervals	Lick
613.5075	0.09999999999990905	TimeIntervals	Lick
613.6075	0.10000000000013642	TimeIntervals	Reward
613.6407500000001	0.5332499999999527	TimeIntervals	Lick
614.2075000000001	0.10000000000002274	TimeIntervals	Lick
614.341	0.0665000000000191	TimeIntervals	Lick
614.441	0.10000000000002274	TimeIntervals	Lick
614.57425	0.10000000000002274	TimeIntervals	Lick
614.7075000000001	0.06675000000007003	TimeIntervals	Lick
614.8075000000001	0.09999999999990905	TimeIntervals	Lick
614.941	0.10000000000002274	TimeIntervals	Lick
615.07425	0.20000000000015916	TimeIntervals	Lick
615.3075000000001	0.10024999999995998	TimeIntervals	Lick
615.441	0.1999999999999318	TimeIntervals	Lick
615.6745	0.10000000000013642	TimeIntervals	Lick
615.8077500000002	0.09999999999990905	TimeIntervals	Lick
615.941	0.10000000000002274	TimeIntervals	Lick
616.0745000000001	0.4667500000000473	TimeIntervals	Lick
616.5745000000001	0.09999999999990905	TimeIntervals	Lick
616.708	0.10000000000013642	TimeIntervals	Lick
616.84125	0.10000000000002274	TimeIntervals	Lick
616.9744999999999	0.10000000000013642	TimeIntervals	Lick
617.108	0.10000000000002274	TimeIntervals	Lick
617.24125	0.09999999999990905	TimeIntervals	Lick
617.3745000000001	0.09999999999979536	TimeIntervals	Lick
617.508	0.09999999999990905	TimeIntervals	Lick
617.6415000000001	0.10000000000002274	TimeIntervals	Lick
617.77475	0.13325000000008913	TimeIntervals	Lick
617.9415	0.10000000000013642	TimeIntervals	Lick
618.07475	0.10000000000013642	TimeIntervals	Lick
618.208	0.10000000000013642	TimeIntervals	Lick
618.3415	0.10000000000002274	TimeIntervals	Lick
618.47475	0.13324999999997544	TimeIntervals	Lick
618.6415000000001	0.36675000000002456	TimeIntervals	Lick
619.0415000000002	0.23349999999993543	TimeIntervals	Lick
619.30825	0.10000000000002274	TimeIntervals	Lick
619.4415	0.10000000000013642	TimeIntervals	Lick
619.5750000000002	0.09999999999990905	TimeIntervals	Lick
619.7085000000001	0.13324999999997544	TimeIntervals	Lick
619.8750000000001	0.133499999999799	TimeIntervals	Lick
620.0750000000002	0.06674999999995634	TimeIntervals	Lick
620.24175	0.13325000000008913	TimeIntervals	Lick
620.44175	0.10000000000013642	TimeIntervals	Lick
620.6084999999999	0.10000000000013642	TimeIntervals	Lick
620.74175	0.10025000000007367	TimeIntervals	Lick
620.87525	0.13324999999986176	TimeIntervals	Lick
621.242	0.13325000000008913	TimeIntervals	Lick
621.57525	0.10000000000013642	TimeIntervals	Lick
621.7085000000001	0.06675000000007003	TimeIntervals	Lick
621.9085	0.6335000000000264	TimeIntervals	Lick
622.90875	0.10024999999995998	TimeIntervals	Lick
623.4755	0.13350000000002638	TimeIntervals	Lick
623.8090000000001	0.2665000000000646	TimeIntervals	Lick
624.2090000000002	0.09999999999990905	TimeIntervals	Lick
624.3425000000001	0.10000000000002274	TimeIntervals	Lick
624.509	0.10000000000002274	TimeIntervals	Lick
624.6757500000001	0.09999999999990905	TimeIntervals	Lick
624.97575	0.06675000000007003	TimeIntervals	Lick
625.109	0.10025000000007367	TimeIntervals	Lick
625.2760000000001	0.10000000000013642	TimeIntervals	Lick
625.476	0.0665000000000191	TimeIntervals	Lick
625.6425	0.13350000000002638	TimeIntervals	Lick
626.10925	0.13324999999997544	TimeIntervals	Lick
626.7095	0.13325000000008913	TimeIntervals	Lick
627.2095	0.20000000000004547	TimeIntervals	Lick
628.3095000000001	0.10000000000002274	TimeIntervals	Lick
630.64325	0.10025000000018736	TimeIntervals	Lick
631.3767500000001	0.06674999999984266	TimeIntervals	Lick
631.61	0.2335000000000491	TimeIntervals	Lick
632.7435000000002	0.20024999999986903	TimeIntervals	Lick
632.9770000000001	0.1999999999999318	TimeIntervals	Lick
633.2105	0.1999999999999318	TimeIntervals	Lick
633.44375	0.20000000000004547	TimeIntervals	Lick
633.677	0.10000000000002274	TimeIntervals	Lick
633.8105000000002	0.09999999999979536	TimeIntervals	Lick
633.94375	0.10025000000007367	TimeIntervals	Lick
634.0772500000002	0.1999999999999318	TimeIntervals	Lick
634.3105000000002	0.09999999999979536	TimeIntervals	Lick
634.444	0.0665000000000191	TimeIntervals	Lick
634.5772500000002	0.06674999999984266	TimeIntervals	Lick
634.67725	0.10000000000013642	TimeIntervals	Lick
634.7105	0.06675000000007003	TimeIntervals	Reward
634.8105000000002	0.1999999999998181	TimeIntervals	Lick
635.0440000000001	0.5335000000000036	TimeIntervals	Lick
635.61075	0.10000000000013642	TimeIntervals	Lick
635.744	0.1999999999999318	TimeIntervals	Lick
635.9775000000001	0.33350000000007185	TimeIntervals	Lick
636.3442500000001	0.09999999999990905	TimeIntervals	Lick
636.4775000000001	0.1999999999999318	TimeIntervals	Lick
636.7110000000001	0.10000000000002274	TimeIntervals	Lick
636.8442500000001	0.09999999999990905	TimeIntervals	Lick
636.9775000000001	0.10000000000002274	TimeIntervals	Lick
637.1110000000001	0.10000000000002274	TimeIntervals	Lick
637.2442500000001	0.10025000000007367	TimeIntervals	Lick
637.3777500000001	0.09999999999990905	TimeIntervals	Lick
637.511	0.2667500000000018	TimeIntervals	Lick
637.8110000000001	0.09999999999979536	TimeIntervals	Lick
637.9445	0.23325000000011187	TimeIntervals	Lick
638.2110000000001	0.10000000000002274	TimeIntervals	Lick
638.3445000000002	0.26674999999977445	TimeIntervals	Lick
638.6445	0.10000000000013642	TimeIntervals	Lick
638.778	0.39999999999997726	TimeIntervals	Lick
639.2445000000001	0.06675000000007003	TimeIntervals	Lick
639.3780000000002	0.06649999999979173	TimeIntervals	Lick
639.4780000000001	0.2667500000000018	TimeIntervals	Lick
640.178	0.10000000000002274	TimeIntervals	Lick
640.44475	0.4335000000000946	TimeIntervals	Lick
641.0115	0.03350000000000364	TimeIntervals	Lick
641.3115	0.10000000000002274	TimeIntervals	Lick
642.3117500000001	0.09999999999990905	TimeIntervals	Lick
643.74525	0.10025000000007367	TimeIntervals	Lick
643.9787500000001	0.10000000000002274	TimeIntervals	Lick
647.5792500000001	0.06674999999995634	TimeIntervals	Lick
648.31275	0.09999999999990905	TimeIntervals	Lick
649.4129999999999	0.13325000000008913	TimeIntervals	Lick
649.7130000000001	0.0665000000000191	TimeIntervals	Lick
649.8795000000001	0.1334999999999127	TimeIntervals	Lick
650.6465000000002	0.06649999999990541	TimeIntervals	Lick
650.8797500000002	0.09999999999990905	TimeIntervals	Lick
651.013	0.06675000000007003	TimeIntervals	Lick
651.1130000000002	0.09999999999990905	TimeIntervals	Lick
651.2465000000001	0.29999999999984084	TimeIntervals	Lick
651.58	0.20000000000004547	TimeIntervals	Lick
651.8132500000002	0.09999999999979536	TimeIntervals	Lick
651.9464999999999	0.10000000000002274	TimeIntervals	Lick
652.08	0.23325000000011187	TimeIntervals	Lick
652.3465000000001	0.23349999999993543	TimeIntervals	Lick
652.6132500000001	0.23349999999993543	TimeIntervals	Lick
652.8800000000001	0.09999999999979536	TimeIntervals	Lick
653.0135	0.10000000000002274	TimeIntervals	Lick
653.1800000000002	0.09999999999990905	TimeIntervals	Lick
653.3135000000002	0.09999999999979536	TimeIntervals	Lick
653.44675	0.20000000000015916	TimeIntervals	Lick
653.6800000000002	0.10024999999995998	TimeIntervals	Lick
653.8135000000002	0.09999999999979536	TimeIntervals	Lick
653.9469999999999	0.10000000000002274	TimeIntervals	Lick
654.1135	0.06674999999995634	TimeIntervals	Lick
654.4469999999999	0.13325000000020282	TimeIntervals	Lick
654.747	0.16674999999997908	TimeIntervals	Lick
655.3805000000002	0.03324999999972533	TimeIntervals	Lick
656.3140000000002	0.09999999999979536	TimeIntervals	Lick
656.4805	0.06675000000007003	TimeIntervals	Lick
656.6805	0.06674999999995634	TimeIntervals	Lick
656.8805000000002	0.06674999999984266	TimeIntervals	Lick
657.5807500000001	0.10000000000002274	TimeIntervals	Lick
657.7475000000001	0.1999999999999318	TimeIntervals	Lick
657.9807500000001	0.20024999999998272	TimeIntervals	Lick
658.21425	0.3332500000000209	TimeIntervals	Lick
658.581	0.10000000000002274	TimeIntervals	Lick
658.71425	0.10000000000013642	TimeIntervals	Lick
658.8475	0.20000000000004547	TimeIntervals	Lick
659.081	0.10000000000002274	TimeIntervals	Lick
659.2145	0.10000000000002274	TimeIntervals	Lick
659.3477500000001	0.09999999999979536	TimeIntervals	Lick
659.481	0.10000000000002274	TimeIntervals	Lick
659.6145	0.10000000000002274	TimeIntervals	Lick
659.7477500000001	0.39999999999997726	TimeIntervals	Lick
659.7477500000001	0.10000000000002274	TimeIntervals	Reward
660.181	0.8002499999998918	TimeIntervals	Lick
661.0145000000001	0.09999999999990905	TimeIntervals	Lick
661.148	0.10000000000002274	TimeIntervals	Lick
661.2812500000001	0.10000000000002274	TimeIntervals	Lick
661.4145000000001	0.20024999999986903	TimeIntervals	Lick
661.648	0.10000000000002274	TimeIntervals	Lick
661.7815000000002	0.09999999999990905	TimeIntervals	Lick
661.91475	0.3332500000000209	TimeIntervals	Lick
662.2815000000002	0.09999999999990905	TimeIntervals	Lick
662.41475	0.2335000000001628	TimeIntervals	Lick
662.6815	0.10000000000013642	TimeIntervals	Lick
662.815	0.23324999999999818	TimeIntervals	Lick
663.0815	0.10000000000002274	TimeIntervals	Lick
663.2150000000001	0.3999999999998636	TimeIntervals	Lick
663.6485000000001	0.23324999999999818	TimeIntervals	Lick
663.915	0.10000000000002274	TimeIntervals	Lick
664.0485	0.10000000000013642	TimeIntervals	Lick
664.1817500000002	0.3667499999997972	TimeIntervals	Lick
664.5817499999999	0.10000000000025011	TimeIntervals	Lick
664.7150000000001	0.10024999999995998	TimeIntervals	Lick
664.8485000000002	0.133499999999799	TimeIntervals	Lick
665.01525	0.10000000000002274	TimeIntervals	Lick
665.1485000000001	0.26674999999988813	TimeIntervals	Lick
665.4485	0.2335000000001628	TimeIntervals	Lick
665.71525	0.2335000000000491	TimeIntervals	Lick
666.0155000000001	0.06649999999990541	TimeIntervals	Lick
666.1155	0.06650000000013279	TimeIntervals	Lick
666.2820000000002	0.06674999999984266	TimeIntervals	Lick
666.3820000000001	0.1999999999999318	TimeIntervals	Lick
666.9155	0.10000000000013642	TimeIntervals	Lick
667.08225	0.13324999999997544	TimeIntervals	Lick
667.249	0.13325000000008913	TimeIntervals	Lick
667.749	0.10000000000002274	TimeIntervals	Lick
667.98225	0.10025000000007367	TimeIntervals	Lick
668.1490000000001	0.06674999999995634	TimeIntervals	Lick
668.3157500000001	0.09999999999990905	TimeIntervals	Lick
668.91575	0.06674999999995634	TimeIntervals	Lick
669.0490000000001	0.06699999999989359	TimeIntervals	Lick
669.2492500000001	0.06675000000007003	TimeIntervals	Lick
670.5495	0.10000000000013642	TimeIntervals	Lick
670.68275	0.10000000000002274	TimeIntervals	Lick
670.8160000000001	0.09999999999990905	TimeIntervals	Lick
670.9495000000001	0.06649999999990541	TimeIntervals	Lick
671.0495	0.20000000000004547	TimeIntervals	Lick
671.2827500000001	0.20024999999998272	TimeIntervals	Lick
671.5162499999999	0.10000000000013642	TimeIntervals	Lick
671.6495000000001	0.33349999999995816	TimeIntervals	Lick
672.0162499999999	0.10000000000013642	TimeIntervals	Lick
672.1495000000001	0.09999999999990905	TimeIntervals	Lick
672.2830000000001	0.1999999999999318	TimeIntervals	Lick
672.5164999999998	0.10000000000025011	TimeIntervals	Lick
672.64975	0.10000000000002274	TimeIntervals	Lick
672.7830000000001	0.10000000000002274	TimeIntervals	Lick
672.8165	0.06650000000013279	TimeIntervals	Reward
672.9165000000002	0.09999999999968168	TimeIntervals	Lick
673.0497500000001	0.29999999999984084	TimeIntervals	Lick
673.3830000000002	0.20024999999998272	TimeIntervals	Lick
673.6165000000001	0.3334999999998445	TimeIntervals	Lick
673.9832499999999	0.10000000000025011	TimeIntervals	Lick
674.1165000000001	0.06674999999995634	TimeIntervals	Lick
674.2165	0.10000000000002274	TimeIntervals	Lick
674.35	0.33350000000007185	TimeIntervals	Lick
674.71675	0.10000000000002274	TimeIntervals	Lick
674.85	0.09999999999990905	TimeIntervals	Lick
674.9834999999999	0.23325000000011187	TimeIntervals	Lick
675.25	0.23349999999993543	TimeIntervals	Lick
675.51675	0.09999999999990905	TimeIntervals	Lick
675.6500000000001	0.13350000000002638	TimeIntervals	Lick
675.8170000000001	0.09999999999990905	TimeIntervals	Lick
675.95025	0.10000000000002274	TimeIntervals	Lick
676.0835000000001	0.10000000000002274	TimeIntervals	Lick
676.2170000000001	0.10000000000002274	TimeIntervals	Lick
676.3502500000001	0.13324999999986176	TimeIntervals	Lick
676.5169999999999	0.10000000000013642	TimeIntervals	Lick
676.6502500000001	0.53349999999989	TimeIntervals	Lick
677.2170000000001	0.26674999999988813	TimeIntervals	Lick
677.5837500000001	0.09999999999990905	TimeIntervals	Lick
677.7170000000001	0.9334999999999809	TimeIntervals	Lick
678.71725	0.10000000000002274	TimeIntervals	Lick
678.8505	0.10000000000002274	TimeIntervals	Lick
678.984	0.10000000000013642	TimeIntervals	Lick
679.15075	0.7000000000000455	TimeIntervals	Lick
679.884	0.1334999999999127	TimeIntervals	Lick
680.0507500000001	0.30025000000000546	TimeIntervals	Lick
680.3842500000001	2.000250000000051	TimeIntervals	Lick
682.418	0.23324999999999818	TimeIntervals	Lick
682.6845	0.10000000000013642	TimeIntervals	Lick
682.8512500000002	0.1667499999998654	TimeIntervals	Lick
683.05125	0.23325000000011187	TimeIntervals	Lick
683.3512500000002	0.1667499999998654	TimeIntervals	Lick
683.5515	0.13324999999997544	TimeIntervals	Lick
683.7515	0.23325000000011187	TimeIntervals	Lick
684.0515	0.3000000000001819	TimeIntervals	Lick
684.3847500000002	0.1002499999998463	TimeIntervals	Lick
684.51825	0.10000000000002274	TimeIntervals	Lick
684.6515	0.1334999999999127	TimeIntervals	Lick
684.8850000000002	0.33324999999979354	TimeIntervals	Lick
685.2515	0.13350000000025375	TimeIntervals	Lick
685.4182500000001	0.09999999999990905	TimeIntervals	Lick
685.5515	0.10024999999995998	TimeIntervals	Lick
685.685	0.10000000000002274	TimeIntervals	Lick
685.85175	0.13324999999997544	TimeIntervals	Lick
686.0184999999999	0.20000000000015916	TimeIntervals	Lick
686.2517500000001	0.2332499999998845	TimeIntervals	Lick
686.5184999999999	0.10000000000013642	TimeIntervals	Lick
686.65175	0.10025000000007367	TimeIntervals	Lick
686.8520000000001	0.03325000000018008	TimeIntervals	Lick
686.952	0.2665000000000646	TimeIntervals	Lick
687.2520000000001	0.5	TimeIntervals	Lick
687.8187500000001	0.5332499999999527	TimeIntervals	Lick
688.3855000000003	0.13324999999974807	TimeIntervals	Lick
688.6855	0.2667500000000018	TimeIntervals	Lick
689.019	0.23324999999999818	TimeIntervals	Lick
689.3190000000001	0.10000000000002274	TimeIntervals	Lick
689.5855000000001	0.36674999999991087	TimeIntervals	Lick
689.9855	0.10025000000018736	TimeIntervals	Lick
690.119	0.2335000000000491	TimeIntervals	Lick
690.5525	0.2665000000000646	TimeIntervals	Lick
690.88575	0.2335000000000491	TimeIntervals	Lick
691.186	0.10000000000013642	TimeIntervals	Lick
691.3860000000001	0.09999999999990905	TimeIntervals	Lick
691.5525	0.39999999999997726	TimeIntervals	Lick
691.986	0.10000000000013642	TimeIntervals	Lick
692.2860000000002	0.26674999999977445	TimeIntervals	Lick
692.5860000000001	0.09999999999990905	TimeIntervals	Lick
692.8860000000001	0.1334999999999127	TimeIntervals	Lick
693.4862499999999	0.10000000000013642	TimeIntervals	Lick
693.68625	0.03325000000018008	TimeIntervals	Lick
693.8195000000001	0.06675000000007003	TimeIntervals	Lick
693.9195	0.06674999999995634	TimeIntervals	Lick
694.0862500000001	0.09999999999990905	TimeIntervals	Lick
694.2530000000002	0.06649999999990541	TimeIntervals	Lick
694.3865000000001	0.13324999999997544	TimeIntervals	Lick
694.8197500000001	0.29999999999984084	TimeIntervals	Lick
695.3530000000001	0.10000000000002274	TimeIntervals	Lick
695.6532500000001	0.09999999999990905	TimeIntervals	Lick
696.0865000000001	0.09999999999990905	TimeIntervals	Lick
696.3532500000001	0.36674999999991087	TimeIntervals	Lick
697.3867500000001	0.06674999999984266	TimeIntervals	Lick
697.48675	0.30025000000011914	TimeIntervals	Lick
698.9537499999999	0.06675000000007003	TimeIntervals	Lick
699.05375	0.09999999999990905	TimeIntervals	Lick
699.187	0.20000000000015916	TimeIntervals	Lick
699.4205000000001	0.06649999999990541	TimeIntervals	Lick
699.5205	0.20000000000004547	TimeIntervals	Lick
699.75375	0.06675000000018372	TimeIntervals	Lick
699.8540000000002	0.09999999999968168	TimeIntervals	Lick
699.9872500000001	0.09999999999990905	TimeIntervals	Lick
700.1205	0.06675000000007003	TimeIntervals	Lick
700.2205	0.10000000000013642	TimeIntervals	Lick
700.3872500000001	0.06674999999972897	TimeIntervals	Lick
700.4872500000001	0.09999999999990905	TimeIntervals	Lick
700.6205	0.10000000000002274	TimeIntervals	Lick
700.754	0.1999999999998181	TimeIntervals	Lick
700.8540000000002	0.06649999999990541	TimeIntervals	Reward
700.9875000000001	0.2999999999999545	TimeIntervals	Lick
701.3207500000001	0.06675000000007003	TimeIntervals	Lick
701.42075	0.10000000000002274	TimeIntervals	Lick
701.5540000000001	0.06674999999995634	TimeIntervals	Lick
701.654	0.10000000000002274	TimeIntervals	Lick
701.7875	0.20000000000004547	TimeIntervals	Lick
702.02075	0.20024999999998272	TimeIntervals	Lick
702.25425	0.10000000000025011	TimeIntervals	Lick
702.3875000000002	0.1999999999999318	TimeIntervals	Lick
702.6210000000001	0.09999999999990905	TimeIntervals	Lick
702.75425	0.10000000000025011	TimeIntervals	Lick
702.8875000000002	0.09999999999990905	TimeIntervals	Lick
703.0210000000001	0.10000000000002274	TimeIntervals	Lick
703.1545000000001	0.09999999999990905	TimeIntervals	Lick
703.2877500000001	0.5	TimeIntervals	Lick
703.8209999999999	0.5002500000000509	TimeIntervals	Lick
704.3545000000001	0.09999999999979536	TimeIntervals	Lick
704.5880000000001	0.1999999999999318	TimeIntervals	Lick
704.92125	0.13325000000008913	TimeIntervals	Lick
705.32125	0.10024999999995998	TimeIntervals	Lick
705.6215000000001	0.0665000000000191	TimeIntervals	Lick
706.15475	0.13324999999997544	TimeIntervals	Lick
706.3215	0.1334999999999127	TimeIntervals	Lick
706.8882500000001	0.06674999999984266	TimeIntervals	Lick
706.9882500000001	0.06674999999984266	TimeIntervals	Lick
708.3217500000001	0.09999999999990905	TimeIntervals	Lick
709.022	0.09999999999990905	TimeIntervals	Lick
709.9219999999999	0.10000000000013642	TimeIntervals	Lick
710.8890000000001	0.29999999999984084	TimeIntervals	Lick
711.9225	0.0665000000000191	TimeIntervals	Lick
712.3225	0.10000000000002274	TimeIntervals	Lick
714.4895	0.0665000000000191	TimeIntervals	Lick
714.9559999999999	0.06675000000007003	TimeIntervals	Lick
715.1895	0.10000000000013642	TimeIntervals	Lick
715.3230000000001	0.06650000000013279	TimeIntervals	Lick
715.423	0.09999999999990905	TimeIntervals	Lick
715.55625	0.10000000000013642	TimeIntervals	Lick
715.6895	0.20000000000027285	TimeIntervals	Lick
715.9562500000001	0.06674999999984266	TimeIntervals	Lick
716.0895	0.09999999999990905	TimeIntervals	Lick
716.2230000000001	0.1999999999999318	TimeIntervals	Lick
716.4565	0.10000000000002274	TimeIntervals	Lick
716.5897500000001	0.09999999999990905	TimeIntervals	Lick
716.7565000000001	0.0665000000000191	TimeIntervals	Lick
716.8565000000001	0.09999999999990905	TimeIntervals	Lick
716.8897500000002	0.09999999999979536	TimeIntervals	Reward
716.98975	0.40000000000020464	TimeIntervals	Lick
717.423	0.06700000000000728	TimeIntervals	Lick
717.52325	0.10000000000002274	TimeIntervals	Lick
717.6565000000002	0.1999999999999318	TimeIntervals	Lick
717.8900000000001	0.09999999999990905	TimeIntervals	Lick
718.02325	0.20000000000015916	TimeIntervals	Lick
718.2565000000001	0.1999999999999318	TimeIntervals	Lick
718.49	0.10000000000013642	TimeIntervals	Lick
718.6235	0.10000000000013642	TimeIntervals	Lick
718.75675	0.3332500000001346	TimeIntervals	Lick
719.1235	0.10000000000013642	TimeIntervals	Lick
719.25675	0.1999999999999318	TimeIntervals	Lick
719.49	0.10000000000013642	TimeIntervals	Lick
719.6235	0.10000000000013642	TimeIntervals	Lick
719.7570000000001	0.33324999999990723	TimeIntervals	Lick
720.1235	0.10000000000013642	TimeIntervals	Lick
720.2570000000001	0.09999999999990905	TimeIntervals	Lick
720.3902500000002	0.09999999999979536	TimeIntervals	Lick
720.5235	0.10000000000002274	TimeIntervals	Lick
720.6570000000002	0.09999999999990905	TimeIntervals	Lick
720.7905000000001	0.10000000000002274	TimeIntervals	Lick
720.9237499999999	0.10000000000002274	TimeIntervals	Lick
721.057	0.10000000000013642	TimeIntervals	Lick
721.1905000000002	0.3999999999998636	TimeIntervals	Lick
721.62375	0.10000000000013642	TimeIntervals	Lick
721.7570000000001	0.10024999999995998	TimeIntervals	Lick
721.8905000000001	0.1334999999999127	TimeIntervals	Lick
722.0905	0.06675000000007003	TimeIntervals	Lick
722.1905000000002	0.1334999999999127	TimeIntervals	Lick
722.35725	0.10000000000002274	TimeIntervals	Lick
722.4905	0.10000000000002274	TimeIntervals	Lick
722.624	0.10000000000013642	TimeIntervals	Lick
722.7572500000001	0.09999999999990905	TimeIntervals	Lick
722.8905000000001	0.1002499999998463	TimeIntervals	Lick
723.0575	0.0665000000000191	TimeIntervals	Lick
723.4575000000001	0.13324999999997544	TimeIntervals	Lick
723.9907499999999	0.10025000000007367	TimeIntervals	Lick
724.2575	0.06675000000007003	TimeIntervals	Lick
724.9575000000001	0.09999999999990905	TimeIntervals	Lick
725.491	0.10000000000002274	TimeIntervals	Lick
725.8910000000001	0.09999999999990905	TimeIntervals	Lick
726.1245	0.13350000000014006	TimeIntervals	Lick
727.1245	0.10000000000013642	TimeIntervals	Lick
727.8580000000001	0.06675000000007003	TimeIntervals	Lick
728.1915	0.06650000000013279	TimeIntervals	Lick
729.45825	0.10025000000007367	TimeIntervals	Lick
730.3585000000002	0.06649999999990541	TimeIntervals	Lick
730.7920000000001	0.13324999999986176	TimeIntervals	Lick
731.9587499999999	0.06674999999995634	TimeIntervals	Reward
732.15875	0.5	TimeIntervals	Lick
732.692	0.30025000000000546	TimeIntervals	Lick
733.0254999999999	0.06675000000018372	TimeIntervals	Lick
733.1255000000001	0.1999999999999318	TimeIntervals	Lick
733.3590000000002	0.33324999999990723	TimeIntervals	Lick
733.7255	0.2002500000000964	TimeIntervals	Lick
733.959	0.20000000000015916	TimeIntervals	Lick
734.1925000000001	0.09999999999990905	TimeIntervals	Lick
734.3257500000001	0.10000000000002274	TimeIntervals	Lick
734.459	0.10000000000013642	TimeIntervals	Lick
734.5925000000001	0.10000000000002274	TimeIntervals	Lick
734.7257500000001	0.10000000000002274	TimeIntervals	Lick
734.8590000000002	0.09999999999979536	TimeIntervals	Lick
734.9925	0.2335000000000491	TimeIntervals	Lick
735.2592500000001	0.09999999999990905	TimeIntervals	Lick
735.3925	0.09999999999990905	TimeIntervals	Lick
735.526	0.10000000000025011	TimeIntervals	Lick
735.65925	0.23324999999999818	TimeIntervals	Lick
735.926	0.2335000000000491	TimeIntervals	Lick
736.226	0.13350000000002638	TimeIntervals	Lick
736.3927500000001	0.23325000000011187	TimeIntervals	Lick
736.6595000000001	0.10000000000002274	TimeIntervals	Lick
736.826	0.06675000000007003	TimeIntervals	Lick
737.0595	0.13350000000014006	TimeIntervals	Lick
737.2595000000001	0.39999999999997726	TimeIntervals	Lick
737.72625	0.06674999999995634	TimeIntervals	Lick
738.1262499999999	0.06675000000018372	TimeIntervals	Lick
738.6930000000001	0.1999999999999318	TimeIntervals	Lick
738.9265	0.10000000000002274	TimeIntervals	Lick
740.6935	0.10000000000013642	TimeIntervals	Lick
741.12675	0.06674999999995634	TimeIntervals	Lick
741.6935	0.10000000000013642	TimeIntervals	Lick
742.7605000000001	0.10000000000002274	TimeIntervals	Lick
743.0605	0.10000000000002274	TimeIntervals	Lick
743.69375	0.06675000000007003	TimeIntervals	Lick
743.7940000000001	0.09999999999990905	TimeIntervals	Lick
743.92725	0.20000000000004547	TimeIntervals	Lick
744.1605000000001	0.20000000000004547	TimeIntervals	Lick
744.394	0.0665000000000191	TimeIntervals	Lick
744.494	0.10000000000013642	TimeIntervals	Lick
744.62725	0.06674999999995634	TimeIntervals	Lick
744.72725	0.10000000000013642	TimeIntervals	Lick
744.8605000000001	0.10025000000007367	TimeIntervals	Lick
744.994	0.10000000000013642	TimeIntervals	Lick
745.1275	0.10000000000002274	TimeIntervals	Lick
745.2607499999999	0.06675000000018372	TimeIntervals	Lick
745.36075	0.1999999999999318	TimeIntervals	Lick
745.5940000000002	0.09999999999979536	TimeIntervals	Lick
745.7275000000001	0.0665000000000191	TimeIntervals	Lick
745.8275000000001	0.09999999999990905	TimeIntervals	Lick
745.961	0.10000000000002274	TimeIntervals	Lick
745.9942500000001	0.033249999999952706	TimeIntervals	Reward
746.0942500000001	0.39999999999997726	TimeIntervals	Lick
746.5275	0.20000000000004547	TimeIntervals	Lick
746.761	0.20000000000004547	TimeIntervals	Lick
746.9942500000001	0.20024999999998272	TimeIntervals	Lick
747.22775	0.1999999999999318	TimeIntervals	Lick
747.461	0.10000000000002274	TimeIntervals	Lick
747.5945000000002	0.1999999999998181	TimeIntervals	Lick
747.82775	0.09999999999990905	TimeIntervals	Lick
747.961	0.10000000000002274	TimeIntervals	Lick
748.0945000000002	0.09999999999990905	TimeIntervals	Lick
748.2280000000001	0.10000000000002274	TimeIntervals	Lick
748.36125	0.39999999999997726	TimeIntervals	Lick
748.7945	0.10000000000013642	TimeIntervals	Lick
748.928	0.10000000000002274	TimeIntervals	Lick
749.06125	0.2002500000000964	TimeIntervals	Lick
749.29475	0.06675000000018372	TimeIntervals	Lick
749.39475	0.13324999999997544	TimeIntervals	Lick
749.5615	0.10000000000002274	TimeIntervals	Lick
749.6947500000001	0.13324999999997544	TimeIntervals	Lick
749.89475	0.20000000000004547	TimeIntervals	Lick
750.1615	0.10000000000002274	TimeIntervals	Lick
750.3280000000001	0.1002499999998463	TimeIntervals	Lick
750.8282500000001	0.06674999999995634	TimeIntervals	Lick
751.295	0.10000000000013642	TimeIntervals	Lick
754.0955	0.06650000000013279	TimeIntervals	Lick
754.4955	0.10000000000002274	TimeIntervals	Lick
754.7955000000001	0.10000000000002274	TimeIntervals	Lick
755.6955000000002	0.09999999999990905	TimeIntervals	Lick
756.4625	0.10000000000002274	TimeIntervals	Lick
756.8625000000001	0.09999999999990905	TimeIntervals	Lick
757.1625	0.13350000000014006	TimeIntervals	Lick
758.096	0.09999999999990905	TimeIntervals	Lick
758.6295	0.06649999999990541	TimeIntervals	Lick
758.7295	0.09999999999990905	TimeIntervals	Lick
760.9965000000001	0.09999999999990905	TimeIntervals	Reward
761.263	0.5670000000000073	TimeIntervals	Lick
761.8632500000002	0.29999999999984084	TimeIntervals	Lick
762.1965	0.10000000000002274	TimeIntervals	Lick
762.33	0.09999999999990905	TimeIntervals	Lick
762.4635	0.0665000000000191	TimeIntervals	Lick
762.5635	0.20000000000004547	TimeIntervals	Lick
762.79675	0.3332500000001346	TimeIntervals	Lick
763.1635000000001	0.20000000000015916	TimeIntervals	Lick
763.3967500000001	0.6002499999998463	TimeIntervals	Lick
764.0302499999999	0.10000000000025011	TimeIntervals	Lick
764.1635000000001	0.20000000000015916	TimeIntervals	Lick
764.397	0.09999999999990905	TimeIntervals	Lick
764.5302499999999	0.33350000000018554	TimeIntervals	Lick
764.897	0.09999999999990905	TimeIntervals	Lick
765.0305	0.23325000000011187	TimeIntervals	Lick
765.297	0.10000000000002274	TimeIntervals	Lick
765.4304999999999	0.10000000000002274	TimeIntervals	Lick
765.5637499999999	0.10000000000025011	TimeIntervals	Lick
765.697	0.10025000000007367	TimeIntervals	Lick
765.8305	0.23349999999982174	TimeIntervals	Lick
766.09725	0.10000000000002274	TimeIntervals	Lick
766.2305	0.2335000000000491	TimeIntervals	Lick
766.49725	0.10000000000002274	TimeIntervals	Lick
766.6305000000001	0.09999999999990905	TimeIntervals	Lick
766.7640000000001	0.10000000000002274	TimeIntervals	Lick
766.8975000000002	0.09999999999979536	TimeIntervals	Lick
767.0307499999999	0.10000000000025011	TimeIntervals	Lick
767.1640000000002	0.133499999999799	TimeIntervals	Lick
767.3307500000001	0.36674999999991087	TimeIntervals	Lick
767.7307500000002	0.09999999999990905	TimeIntervals	Lick
767.8975000000002	0.09999999999979536	TimeIntervals	Lick
768.031	0.10000000000002274	TimeIntervals	Lick
768.16425	0.10000000000002274	TimeIntervals	Lick
768.331	0.10000000000002274	TimeIntervals	Lick
768.4975	0.10000000000002274	TimeIntervals	Lick
768.66425	0.10000000000002274	TimeIntervals	Lick
768.7975	0.26699999999993906	TimeIntervals	Lick
769.09775	0.06675000000007003	TimeIntervals	Lick
769.5645	0.13325000000008913	TimeIntervals	Lick
769.831	0.10000000000002274	TimeIntervals	Lick
769.9645	0.09999999999990905	TimeIntervals	Lick
770.09775	0.2335000000000491	TimeIntervals	Lick
770.53125	0.06674999999995634	TimeIntervals	Lick
770.93125	0.13324999999997544	TimeIntervals	Lick
771.598	0.06675000000007003	TimeIntervals	Lick
771.998	0.09999999999990905	TimeIntervals	Lick
772.7315000000001	0.1999999999999318	TimeIntervals	Lick
772.965	0.10000000000002274	TimeIntervals	Lick
773.09825	0.20000000000004547	TimeIntervals	Lick
773.3315	0.30025000000000546	TimeIntervals	Lick
773.6650000000001	0.10000000000002274	TimeIntervals	Lick
773.7985000000001	0.1999999999999318	TimeIntervals	Lick
774.0317500000001	0.1999999999999318	TimeIntervals	Lick
774.2650000000001	0.10000000000002274	TimeIntervals	Lick
774.3985	0.10000000000002274	TimeIntervals	Lick
774.532	0.1999999999999318	TimeIntervals	Lick
774.76525	0.10000000000013642	TimeIntervals	Lick
774.8985	0.06674999999995634	TimeIntervals	Lick
774.9985	0.09999999999990905	TimeIntervals	Lick
774.9985	0.06675000000007003	TimeIntervals	Reward
775.1320000000001	0.09999999999990905	TimeIntervals	Lick
775.26525	0.16674999999997908	TimeIntervals	Lick
775.46525	0.2002500000000964	TimeIntervals	Lick
775.69875	0.20000000000004547	TimeIntervals	Lick
775.932	0.5667499999999563	TimeIntervals	Lick
776.532	0.10000000000002274	TimeIntervals	Lick
776.6655000000001	0.10000000000002274	TimeIntervals	Lick
776.7990000000002	0.09999999999990905	TimeIntervals	Lick
776.93225	0.466750000000161	TimeIntervals	Lick
777.43225	0.10000000000013642	TimeIntervals	Lick
777.5655000000002	0.26699999999993906	TimeIntervals	Lick
777.86575	0.10000000000002274	TimeIntervals	Lick
777.999	0.13350000000002638	TimeIntervals	Lick
778.1657500000001	0.10000000000002274	TimeIntervals	Lick
778.2990000000002	0.09999999999990905	TimeIntervals	Lick
778.4657500000001	0.13324999999997544	TimeIntervals	Lick
778.6325	0.09999999999990905	TimeIntervals	Lick
779.4325	0.13350000000014006	TimeIntervals	Lick
780.3660000000002	0.06674999999984266	TimeIntervals	Lick
780.466	0.10000000000013642	TimeIntervals	Lick
780.6327500000001	0.09999999999990905	TimeIntervals	Lick
781.1995000000002	0.09999999999990905	TimeIntervals	Lick
781.3662500000002	0.13324999999986176	TimeIntervals	Lick
781.5995000000001	0.06675000000007003	TimeIntervals	Lick
781.7330000000001	0.0665000000000191	TimeIntervals	Lick
782.1662500000002	0.10024999999973261	TimeIntervals	Lick
782.7330000000001	0.06675000000007003	TimeIntervals	Lick
783.6332500000001	0.10000000000002274	TimeIntervals	Lick
783.9665	0.10000000000002274	TimeIntervals	Lick
784.5334999999999	0.10000000000002274	TimeIntervals	Lick
785.5334999999999	0.10000000000002274	TimeIntervals	Lick
787.03375	0.09999999999990905	TimeIntervals	Reward
787.23375	0.23325000000011187	TimeIntervals	Lick
787.5005000000001	0.53349999999989	TimeIntervals	Lick
788.0672500000001	0.6667499999999791	TimeIntervals	Lick
788.76725	0.10025000000018736	TimeIntervals	Lick
788.90075	0.20000000000004547	TimeIntervals	Lick
789.134	0.10000000000002274	TimeIntervals	Lick
789.2675	0.10000000000013642	TimeIntervals	Lick
789.40075	0.20000000000004547	TimeIntervals	Lick
789.634	0.10000000000002274	TimeIntervals	Lick
789.7675	0.1999999999999318	TimeIntervals	Lick
790.001	0.10000000000002274	TimeIntervals	Lick
790.1342500000001	0.09999999999990905	TimeIntervals	Lick
790.2675	0.7334999999999354	TimeIntervals	Lick
791.0345	0.10000000000002274	TimeIntervals	Lick
791.1677500000001	0.10000000000002274	TimeIntervals	Lick
791.3010000000002	0.09999999999979536	TimeIntervals	Lick
791.4345	0.10000000000002274	TimeIntervals	Lick
791.5677500000002	0.09999999999990905	TimeIntervals	Lick
791.701	0.10000000000013642	TimeIntervals	Lick
791.8345	0.23325000000011187	TimeIntervals	Lick
792.101	0.10025000000007367	TimeIntervals	Lick
792.2345	0.36675000000002456	TimeIntervals	Lick
792.668	0.23324999999999818	TimeIntervals	Lick
792.9345	0.10000000000002274	TimeIntervals	Lick
793.0680000000001	0.13350000000002638	TimeIntervals	Lick
793.2347500000001	0.09999999999990905	TimeIntervals	Lick
793.368	0.09999999999990905	TimeIntervals	Lick
793.5014999999999	0.10000000000025011	TimeIntervals	Lick
793.868	0.09999999999990905	TimeIntervals	Lick
794.0014999999999	0.10000000000025011	TimeIntervals	Lick
794.168	0.06675000000007003	TimeIntervals	Lick
794.3015000000001	0.09999999999990905	TimeIntervals	Lick
794.4682499999999	0.13325000000020282	TimeIntervals	Lick
794.7015000000001	0.10000000000002274	TimeIntervals	Lick
794.8350000000002	0.09999999999979536	TimeIntervals	Lick
795.0349999999999	0.06650000000024647	TimeIntervals	Lick
795.2015000000001	0.10000000000002274	TimeIntervals	Lick
795.635	0.06675000000007003	TimeIntervals	Lick
796.0349999999999	0.10000000000013642	TimeIntervals	Lick
796.1685000000001	0.09999999999990905	TimeIntervals	Lick
796.3017500000001	0.09999999999990905	TimeIntervals	Lick
796.435	0.10024999999995998	TimeIntervals	Lick
796.5685	0.06674999999995634	TimeIntervals	Lick
796.6685000000001	0.3334999999998445	TimeIntervals	Lick
797.0352499999999	0.10000000000002274	TimeIntervals	Lick
797.1685000000001	0.06674999999995634	TimeIntervals	Lick
797.2685	0.10000000000002274	TimeIntervals	Lick
797.402	0.09999999999990905	TimeIntervals	Lick
797.5352499999999	0.10025000000007367	TimeIntervals	Lick
797.6687500000002	0.09999999999990905	TimeIntervals	Lick
797.802	0.1999999999999318	TimeIntervals	Lick
798.0354999999998	0.10000000000013642	TimeIntervals	Reward
798.06875	0.39999999999997726	TimeIntervals	Lick
798.502	0.2002500000002101	TimeIntervals	Lick
798.7355000000001	0.1999999999998181	TimeIntervals	Lick
798.969	0.09999999999990905	TimeIntervals	Lick
799.10225	0.20000000000004547	TimeIntervals	Lick
799.3355000000001	0.09999999999979536	TimeIntervals	Lick
799.469	0.09999999999990905	TimeIntervals	Lick
799.60225	0.10000000000013642	TimeIntervals	Lick
799.7355000000001	0.20024999999986903	TimeIntervals	Lick
799.969	0.33350000000007185	TimeIntervals	Lick
800.369	0.06674999999995634	TimeIntervals	Lick
800.469	0.09999999999990905	TimeIntervals	Lick
800.6025000000001	0.10000000000002274	TimeIntervals	Lick
800.73575	0.10000000000013642	TimeIntervals	Lick
800.869	0.13350000000002638	TimeIntervals	Lick
801.036	0.10000000000002274	TimeIntervals	Lick
801.1692500000001	0.09999999999979536	TimeIntervals	Lick
801.3025000000001	0.09999999999990905	TimeIntervals	Lick
801.436	0.09999999999990905	TimeIntervals	Lick
801.56925	0.10000000000013642	TimeIntervals	Lick
801.7025000000001	0.13350000000002638	TimeIntervals	Lick
801.8692500000002	0.1002499999998463	TimeIntervals	Lick
802.0027500000001	0.23324999999999818	TimeIntervals	Lick
802.2695000000001	0.36649999999985994	TimeIntervals	Lick
802.6695	0.10000000000013642	TimeIntervals	Lick
802.8027500000002	0.2332499999997708	TimeIntervals	Lick
803.0695000000001	0.09999999999990905	TimeIntervals	Lick
803.2030000000001	0.10000000000002274	TimeIntervals	Lick
803.3362500000001	0.09999999999990905	TimeIntervals	Lick
803.4695	0.10000000000002274	TimeIntervals	Lick
803.7695000000001	0.06674999999995634	TimeIntervals	Lick
803.93625	0.20000000000004547	TimeIntervals	Lick
804.4364999999999	0.10000000000013642	TimeIntervals	Lick
804.6030000000001	0.03350000000000364	TimeIntervals	Lick
804.7365000000001	0.3332500000000209	TimeIntervals	Lick
805.1030000000001	0.13350000000002638	TimeIntervals	Lick
805.60325	0.06674999999995634	TimeIntervals	Lick
805.97	0.13324999999997544	TimeIntervals	Lick
806.53675	0.06675000000007003	TimeIntervals	Lick
807.6370000000001	0.03325000000006639	TimeIntervals	Lick
807.9035	0.06675000000007003	TimeIntervals	Lick
808.0035000000001	0.09999999999990905	TimeIntervals	Lick
808.1702500000001	0.13325000000008913	TimeIntervals	Lick
808.3702500000002	0.09999999999990905	TimeIntervals	Lick
808.5035000000001	0.20024999999986903	TimeIntervals	Lick
808.737	0.10000000000013642	TimeIntervals	Lick
808.8705000000001	0.09999999999990905	TimeIntervals	Lick
809.00375	0.10000000000013642	TimeIntervals	Lick
809.1370000000001	0.09999999999990905	TimeIntervals	Lick
809.2705000000001	0.10000000000002274	TimeIntervals	Lick
809.40375	0.10000000000002274	TimeIntervals	Lick
809.5369999999999	0.06675000000018372	TimeIntervals	Lick
809.8705000000001	0.09999999999990905	TimeIntervals	Lick
810.6705000000001	0.06675000000007003	TimeIntervals	Lick
811.1040000000002	0.06674999999995634	TimeIntervals	Lick
811.8375000000001	0.133499999999799	TimeIntervals	Lick
812.2375000000001	0.06675000000007003	TimeIntervals	Lick
813.9045000000001	0.13324999999986176	TimeIntervals	Lick
814.8380000000001	0.09999999999990905	TimeIntervals	Lick
814.97125	0.09999999999990905	TimeIntervals	Lick
815.1045	0.2002500000000964	TimeIntervals	Lick
815.3380000000001	0.2999999999999545	TimeIntervals	Lick
815.6715	0.2999999999999545	TimeIntervals	Lick
816.0047500000001	0.10000000000002274	TimeIntervals	Lick
816.138	0.2335000000000491	TimeIntervals	Lick
816.4050000000001	0.06649999999990541	TimeIntervals	Lick
816.5050000000001	0.09999999999979536	TimeIntervals	Lick
816.6382500000001	0.1999999999999318	TimeIntervals	Lick
816.8715000000001	0.09999999999990905	TimeIntervals	Lick
817.0050000000001	0.09999999999979536	TimeIntervals	Lick
817.1382500000001	0.06674999999995634	TimeIntervals	Reward
817.1715	0.06675000000007003	TimeIntervals	Lick
817.2715000000002	0.16699999999980264	TimeIntervals	Lick
817.47175	0.1999999999999318	TimeIntervals	Lick
817.705	0.4334999999999809	TimeIntervals	Lick
818.17175	0.06675000000018372	TimeIntervals	Lick
818.2717500000001	0.10000000000013642	TimeIntervals	Lick
818.4050000000001	0.10025000000007367	TimeIntervals	Lick
818.5385	0.06674999999995634	TimeIntervals	Lick
818.6385	0.10000000000013642	TimeIntervals	Lick
818.772	0.10000000000013642	TimeIntervals	Lick
818.9052500000001	0.10000000000002274	TimeIntervals	Lick
819.0385	0.10000000000002274	TimeIntervals	Lick
819.2052500000001	0.06674999999995634	TimeIntervals	Lick
819.3385	0.10000000000002274	TimeIntervals	Lick
819.5052500000002	0.06674999999984266	TimeIntervals	Lick
819.6719999999999	0.06675000000018372	TimeIntervals	Lick
819.83875	0.09999999999990905	TimeIntervals	Lick
819.972	0.1999999999999318	TimeIntervals	Lick
820.2055	0.10000000000002274	TimeIntervals	Lick
820.33875	0.09999999999990905	TimeIntervals	Lick
820.472	0.10000000000002274	TimeIntervals	Lick
820.6055	0.10000000000002274	TimeIntervals	Lick
820.7390000000001	0.13324999999997544	TimeIntervals	Lick
820.9055	0.10000000000013642	TimeIntervals	Lick
821.039	0.16650000000004184	TimeIntervals	Lick
821.3055	0.20000000000004547	TimeIntervals	Lick
821.7725000000002	0.06649999999990541	TimeIntervals	Lick
822.2725000000002	0.10000000000013642	TimeIntervals	Lick
822.4724999999999	0.03325000000029377	TimeIntervals	Lick
822.5725	0.10000000000002274	TimeIntervals	Lick
824.7395	0.16650000000004184	TimeIntervals	Lick
825.006	0.06700000000000728	TimeIntervals	Lick
825.4729999999998	0.10000000000013642	TimeIntervals	Lick
825.673	0.10000000000013642	TimeIntervals	Lick
826.0395000000001	0.06674999999984266	TimeIntervals	Lick
827.4399999999999	0.13324999999997544	TimeIntervals	Lick
827.9399999999999	0.0665000000000191	TimeIntervals	Lick
828.4735	0.13325000000008913	TimeIntervals	Lick
828.7735000000001	0.10000000000002274	TimeIntervals	Lick
829.1400000000001	0.06674999999984266	TimeIntervals	Lick
829.84025	0.13324999999997544	TimeIntervals	Lick
830.1735	0.10000000000013642	TimeIntervals	Lick
830.8405	0.10000000000002274	TimeIntervals	Lick
830.97375	0.10000000000002274	TimeIntervals	Lick
832.1740000000001	0.033249999999952706	TimeIntervals	Reward
832.3405	0.7002500000000964	TimeIntervals	Lick
833.074	0.06675000000018372	TimeIntervals	Lick
833.1740000000001	0.2999999999999545	TimeIntervals	Lick
833.5075	0.1999999999999318	TimeIntervals	Lick
833.7407499999999	0.2002500000000964	TimeIntervals	Lick
833.97425	0.20000000000004547	TimeIntervals	Lick
834.2075	0.2335000000000491	TimeIntervals	Lick
834.47425	0.10000000000002274	TimeIntervals	Lick
834.6075	0.10000000000002274	TimeIntervals	Lick
834.741	0.06650000000013279	TimeIntervals	Lick
834.841	0.10000000000002274	TimeIntervals	Lick
834.9745000000001	0.1999999999998181	TimeIntervals	Lick
835.2077499999999	0.10000000000025011	TimeIntervals	Lick
835.341	0.39999999999997726	TimeIntervals	Lick
835.7745000000001	0.10000000000002274	TimeIntervals	Lick
835.9077500000001	0.13350000000002638	TimeIntervals	Lick
836.208	0.10000000000013642	TimeIntervals	Lick
836.64125	0.13325000000008913	TimeIntervals	Lick
836.9080000000001	0.13324999999997544	TimeIntervals	Lick
837.1080000000001	0.3000000000000682	TimeIntervals	Lick
838.208	0.06700000000012096	TimeIntervals	Lick
838.30825	0.10000000000002274	TimeIntervals	Lick
839.0415000000002	0.09999999999979536	TimeIntervals	Lick
839.6084999999999	0.13325000000008913	TimeIntervals	Lick
839.8085000000002	0.13324999999974807	TimeIntervals	Lick
840.0749999999999	0.06675000000018372	TimeIntervals	Lick
840.24175	0.06675000000018372	TimeIntervals	Lick
841.2420000000001	0.10000000000002274	TimeIntervals	Lick
841.47525	0.06675000000007003	TimeIntervals	Lick
841.60875	0.10000000000013642	TimeIntervals	Lick
842.2420000000001	0.10000000000002274	TimeIntervals	Lick
842.64225	0.10000000000013642	TimeIntervals	Lick
842.7755000000001	0.06674999999995634	TimeIntervals	Lick
843.909	0.06674999999995634	TimeIntervals	Lick
844.0757500000001	0.10000000000013642	TimeIntervals	Lick
844.2425000000002	0.06649999999990541	TimeIntervals	Lick
844.3425000000001	0.2999999999999545	TimeIntervals	Lick
844.6757500000002	0.20024999999998272	TimeIntervals	Lick
844.90925	0.1999999999999318	TimeIntervals	Lick
845.1425	0.20000000000004547	TimeIntervals	Lick
845.3760000000002	0.09999999999979536	TimeIntervals	Lick
845.5092500000001	0.09999999999990905	TimeIntervals	Lick
845.6760000000003	0.06649999999990541	TimeIntervals	Lick
845.8092500000002	0.20024999999975535	TimeIntervals	Lick
846.04275	0.06674999999995634	TimeIntervals	Lick
846.1427500000001	0.09999999999990905	TimeIntervals	Lick
846.1760000000003	0.09999999999968168	TimeIntervals	Reward
846.276	0.5	TimeIntervals	Lick
846.8095000000002	0.0665000000000191	TimeIntervals	Lick
846.9095	0.10000000000002274	TimeIntervals	Lick
847.043	0.06649999999990541	TimeIntervals	Lick
847.143	0.10000000000002274	TimeIntervals	Lick
847.27625	0.1999999999999318	TimeIntervals	Lick
847.5095	0.20000000000004547	TimeIntervals	Lick
847.743	0.09999999999990905	TimeIntervals	Lick
847.87625	0.09999999999990905	TimeIntervals	Lick
848.0095	0.20024999999998272	TimeIntervals	Lick
848.243	0.09999999999990905	TimeIntervals	Lick
848.3765000000002	0.33324999999979354	TimeIntervals	Lick
848.743	0.09999999999990905	TimeIntervals	Lick
848.8765000000002	0.09999999999979536	TimeIntervals	Lick
849.00975	0.10000000000002274	TimeIntervals	Lick
849.143	0.5002500000000509	TimeIntervals	Lick
849.6765000000001	0.09999999999990905	TimeIntervals	Lick
849.8100000000001	0.09999999999979536	TimeIntervals	Lick
849.9432500000001	0.09999999999990905	TimeIntervals	Lick
850.0765000000001	0.10000000000002274	TimeIntervals	Lick
850.2100000000002	0.26674999999977445	TimeIntervals	Lick
850.51	0.10000000000002274	TimeIntervals	Lick
850.6435	0.10000000000002274	TimeIntervals	Lick
850.77675	0.13324999999986176	TimeIntervals	Lick
850.9435	0.0665000000000191	TimeIntervals	Lick
851.2100000000002	0.09999999999990905	TimeIntervals	Lick
852.277	0.0665000000000191	TimeIntervals	Lick
852.8437500000001	0.06674999999972897	TimeIntervals	Lick
852.94375	0.13325000000008913	TimeIntervals	Lick
853.3105	0.09999999999979536	TimeIntervals	Lick
853.44375	0.23349999999993543	TimeIntervals	Lick
853.7105000000001	0.13350000000002638	TimeIntervals	Lick
853.87725	0.10000000000002274	TimeIntervals	Lick
854.0440000000001	0.09999999999990905	TimeIntervals	Lick
854.3440000000002	0.06649999999967804	TimeIntervals	Lick
854.47725	0.06675000000007003	TimeIntervals	Lick
854.6105	0.06700000000000728	TimeIntervals	Lick
854.7775000000001	0.0665000000000191	TimeIntervals	Lick
855.3107500000001	0.13324999999986176	TimeIntervals	Lick
855.644	0.13350000000014006	TimeIntervals	Lick
855.8775	0.09999999999990905	TimeIntervals	Lick
856.2775000000001	0.09999999999990905	TimeIntervals	Lick
856.44425	0.06674999999995634	TimeIntervals	Lick
856.54425	0.09999999999990905	TimeIntervals	Lick
856.8110000000001	0.09999999999979536	TimeIntervals	Lick
857.2445	0.06650000000013279	TimeIntervals	Reward
857.4445000000001	0.6999999999999318	TimeIntervals	Lick
858.178	0.20000000000015916	TimeIntervals	Lick
858.41125	0.1999999999999318	TimeIntervals	Lick
858.6445	0.20000000000015916	TimeIntervals	Lick
858.8780000000002	0.33349999999995816	TimeIntervals	Lick
859.24475	0.20000000000004547	TimeIntervals	Lick
859.478	0.10000000000013642	TimeIntervals	Lick
859.6115000000001	0.1999999999999318	TimeIntervals	Lick
859.8447500000001	0.09999999999990905	TimeIntervals	Lick
859.978	0.10000000000013642	TimeIntervals	Lick
860.1115000000001	0.10000000000002274	TimeIntervals	Lick
860.2450000000001	0.10000000000002274	TimeIntervals	Lick
860.3782500000001	0.23324999999999818	TimeIntervals	Lick
860.6782499999999	0.10000000000025011	TimeIntervals	Lick
860.8782500000001	0.06674999999995634	TimeIntervals	Lick
860.9782500000001	0.06674999999984266	TimeIntervals	Lick
861.145	0.2335000000001628	TimeIntervals	Lick
861.8450000000001	0.1334999999999127	TimeIntervals	Lick
862.01175	0.13324999999997544	TimeIntervals	Lick
862.2785000000001	0.10000000000002274	TimeIntervals	Lick
862.4452499999999	0.13325000000008913	TimeIntervals	Lick
862.6452499999999	0.10000000000013642	TimeIntervals	Lick
862.812	0.09999999999990905	TimeIntervals	Lick
862.9452499999999	0.10000000000013642	TimeIntervals	Lick
863.0785	0.10000000000002274	TimeIntervals	Lick
863.2120000000001	0.2332499999997708	TimeIntervals	Lick
863.4785	0.10024999999995998	TimeIntervals	Lick
863.6455	0.3665000000000873	TimeIntervals	Lick
864.0455000000001	0.06649999999990541	TimeIntervals	Lick
864.1455	0.10000000000013642	TimeIntervals	Lick
864.312	0.09999999999990905	TimeIntervals	Lick
865.41225	0.10000000000002274	TimeIntervals	Lick
865.5455000000001	0.09999999999990905	TimeIntervals	Lick
865.6790000000001	0.1334999999999127	TimeIntervals	Lick
865.8457500000001	0.06674999999984266	TimeIntervals	Lick
865.94575	0.09999999999990905	TimeIntervals	Lick
866.079	0.06675000000007003	TimeIntervals	Lick
866.1790000000001	0.20000000000004547	TimeIntervals	Lick
866.4124999999999	0.10000000000002274	TimeIntervals	Lick
866.5457499999999	0.10000000000013642	TimeIntervals	Lick
866.6790000000001	0.23349999999982174	TimeIntervals	Lick
866.9459999999999	0.20000000000004547	TimeIntervals	Lick
867.2125000000001	0.06674999999995634	TimeIntervals	Lick
867.2460000000001	0.10000000000002274	TimeIntervals	Reward
867.3125	0.5335000000001173	TimeIntervals	Lick
867.8795000000001	0.46649999999999636	TimeIntervals	Lick
868.3795000000001	0.2332499999998845	TimeIntervals	Lick
868.646	0.10000000000013642	TimeIntervals	Lick
868.7795000000001	0.33350000000007185	TimeIntervals	Lick
869.1462500000001	0.33324999999990723	TimeIntervals	Lick
869.513	0.23325000000011187	TimeIntervals	Lick
869.7795000000001	0.23349999999993543	TimeIntervals	Lick
870.04625	0.10025000000018736	TimeIntervals	Lick
870.1797500000001	0.09999999999990905	TimeIntervals	Lick
870.3130000000001	0.09999999999979536	TimeIntervals	Lick
870.4464999999999	0.10000000000002274	TimeIntervals	Lick
870.57975	0.10000000000013642	TimeIntervals	Lick
870.7130000000001	0.10000000000002274	TimeIntervals	Lick
870.8465000000001	0.09999999999979536	TimeIntervals	Lick
870.9797500000001	0.09999999999990905	TimeIntervals	Lick
871.1130000000002	0.23349999999993543	TimeIntervals	Lick
871.3800000000001	0.3664999999999736	TimeIntervals	Lick
871.7800000000001	0.10000000000002274	TimeIntervals	Lick
871.9132500000001	0.2999999999999545	TimeIntervals	Lick
872.2465000000001	0.10024999999995998	TimeIntervals	Lick
872.4135	0.06649999999990541	TimeIntervals	Lick
872.5135	0.13325000000008913	TimeIntervals	Lick
872.7135	0.20000000000004547	TimeIntervals	Lick
872.94675	0.3000000000002956	TimeIntervals	Lick
873.7470000000002	0.09999999999990905	TimeIntervals	Lick
874.2470000000002	0.13324999999997544	TimeIntervals	Lick
874.4469999999999	0.13350000000014006	TimeIntervals	Lick
874.81375	0.06675000000018372	TimeIntervals	Lick
875.4469999999999	0.06675000000018372	TimeIntervals	Lick
876.44725	0.09999999999990905	TimeIntervals	Lick
876.8807500000001	0.09999999999990905	TimeIntervals	Lick
877.0474999999999	0.06650000000013279	TimeIntervals	Lick
877.214	0.06674999999995634	TimeIntervals	Lick
877.6475000000002	0.06649999999990541	TimeIntervals	Lick
877.8142500000001	0.1667499999998654	TimeIntervals	Lick
878.4475	0.03350000000000364	TimeIntervals	Lick
878.6475000000002	0.1334999999999127	TimeIntervals	Lick
879.7145	0.10000000000002274	TimeIntervals	Lick
880.4812499999999	0.10000000000013642	TimeIntervals	Lick
881.11475	0.13325000000020282	TimeIntervals	Lick
881.31475	0.06675000000007003	TimeIntervals	Lick
881.5815	0.13325000000008913	TimeIntervals	Lick
882.8482500000001	0.16674999999997908	TimeIntervals	Lick
884.115	0.10000000000013642	TimeIntervals	Lick
884.61525	0.06675000000007003	TimeIntervals	Lick
885.3152500000001	0.09999999999990905	TimeIntervals	Lick
885.582	0.10000000000002274	TimeIntervals	Lick
886.1487500000001	0.06674999999995634	TimeIntervals	Lick
886.3820000000001	0.09999999999990905	TimeIntervals	Lick
886.6490000000001	0.06649999999990541	TimeIntervals	Lick
886.8155000000002	0.06674999999995634	TimeIntervals	Lick
886.949	0.10000000000013642	TimeIntervals	Lick
887.08225	0.09999999999990905	TimeIntervals	Lick
887.2155	0.10000000000013642	TimeIntervals	Lick
887.349	0.09999999999990905	TimeIntervals	Lick
887.48225	0.2335000000000491	TimeIntervals	Lick
887.749	0.10000000000002274	TimeIntervals	Lick
887.8825000000002	0.09999999999979536	TimeIntervals	Lick
888.0157500000001	0.09999999999979536	TimeIntervals	Lick
888.1490000000001	0.09999999999990905	TimeIntervals	Lick
888.6157499999999	0.03325000000018008	TimeIntervals	Lick
888.7157500000001	0.10025000000007367	TimeIntervals	Lick
890.2827500000003	0.09999999999979536	TimeIntervals	Lick
891.5495	0.13350000000014006	TimeIntervals	Lick
891.7495	0.06674999999995634	TimeIntervals	Lick
893.58325	0.10000000000002274	TimeIntervals	Lick
896.417	0.09999999999990905	TimeIntervals	Lick
896.5505000000002	0.09999999999990905	TimeIntervals	Lick
896.6837500000001	0.20000000000004547	TimeIntervals	Lick
896.917	0.09999999999990905	TimeIntervals	Lick
897.0505000000002	0.06649999999990541	TimeIntervals	Lick
897.1505000000001	0.1999999999999318	TimeIntervals	Lick
897.3837500000002	0.09999999999979536	TimeIntervals	Lick
897.5169999999999	0.10025000000018736	TimeIntervals	Lick
897.6505000000001	0.1999999999999318	TimeIntervals	Lick
897.8840000000001	0.09999999999990905	TimeIntervals	Lick
898.0172499999999	0.3332500000001346	TimeIntervals	Lick
898.3172500000001	0.10000000000002274	TimeIntervals	Reward
898.3840000000001	0.2999999999999545	TimeIntervals	Lick
898.7175000000001	0.0665000000000191	TimeIntervals	Lick
898.8175000000001	0.09999999999979536	TimeIntervals	Lick
898.95075	0.20000000000004547	TimeIntervals	Lick
899.1840000000001	0.3334999999998445	TimeIntervals	Lick
899.5507500000002	0.23349999999982174	TimeIntervals	Lick
899.8175000000001	0.3334999999998445	TimeIntervals	Lick
900.1842500000002	0.09999999999979536	TimeIntervals	Lick
900.3175000000001	0.23349999999993543	TimeIntervals	Lick
900.5842500000001	0.10000000000013642	TimeIntervals	Lick
900.7175000000001	0.4670000000000982	TimeIntervals	Lick
901.2177500000001	0.1999999999998181	TimeIntervals	Lick
901.451	0.10000000000002274	TimeIntervals	Lick
901.5845	0.10000000000013642	TimeIntervals	Lick
901.7177500000001	0.10000000000002274	TimeIntervals	Lick
901.851	0.10025000000007367	TimeIntervals	Lick
901.9844999999999	0.10000000000013642	TimeIntervals	Lick
902.1179999999999	0.10000000000002274	TimeIntervals	Lick
902.25125	0.10000000000002274	TimeIntervals	Lick
902.3845000000001	0.26674999999988813	TimeIntervals	Lick
902.6845000000002	0.26674999999988813	TimeIntervals	Lick
903.018	0.06674999999995634	TimeIntervals	Lick
903.1179999999999	0.10000000000002274	TimeIntervals	Lick
903.2515	0.13325000000008913	TimeIntervals	Lick
903.418	0.13350000000002638	TimeIntervals	Lick
903.58475	0.10000000000013642	TimeIntervals	Lick
903.718	0.2667500000001155	TimeIntervals	Lick
904.08475	0.20024999999998272	TimeIntervals	Lick
904.8515000000001	0.09999999999990905	TimeIntervals	Lick
905.4185	0.13325000000008913	TimeIntervals	Lick
906.2185000000001	0.10000000000013642	TimeIntervals	Lick
906.7852500000001	0.06674999999995634	TimeIntervals	Lick
907.152	0.0665000000000191	TimeIntervals	Lick
908.452	0.13350000000014006	TimeIntervals	Lick
910.019	0.10000000000002274	TimeIntervals	Lick
911.6192500000001	0.10000000000002274	TimeIntervals	Lick
912.35275	0.06674999999995634	TimeIntervals	Lick
914.0530000000001	0.09999999999990905	TimeIntervals	Lick
914.1865	0.06650000000013279	TimeIntervals	Lick
919.0205	0.10000000000002274	TimeIntervals	Lick
920.4540000000001	0.06649999999990541	TimeIntervals	Lick
921.2207500000002	0.06674999999984266	TimeIntervals	Lick
923.3545000000001	0.06649999999979173	TimeIntervals	Lick
924.5212499999999	0.06675000000018372	TimeIntervals	Lick
924.62125	0.06675000000007003	TimeIntervals	Lick
924.7212500000002	0.09999999999979536	TimeIntervals	Lick
925.288	0.10000000000013642	TimeIntervals	Lick
925.4214999999999	0.13325000000008913	TimeIntervals	Lick
925.5880000000001	0.06674999999995634	TimeIntervals	Lick
925.8880000000001	0.133499999999799	TimeIntervals	Lick
926.055	0.06650000000013279	TimeIntervals	Lick
927.4217499999999	0.10000000000013642	TimeIntervals	Lick
927.6885	0.10000000000002274	TimeIntervals	Lick
927.855	0.10000000000002274	TimeIntervals	Lick
927.9885	0.09999999999990905	TimeIntervals	Lick
928.12175	0.2002500000000964	TimeIntervals	Lick
928.3552500000002	0.19999999999970441	TimeIntervals	Lick
928.5885	0.10000000000002274	TimeIntervals	Lick
928.7552500000002	0.06674999999995634	TimeIntervals	Lick
928.8885	0.1999999999999318	TimeIntervals	Lick
929.122	0.10000000000025011	TimeIntervals	Lick
929.2552500000002	0.10024999999995998	TimeIntervals	Lick
929.3887500000001	0.1999999999999318	TimeIntervals	Lick
929.4219999999999	0.033500000000117325	TimeIntervals	Reward
929.622	0.2999999999999545	TimeIntervals	Lick
929.9555	0.1999999999999318	TimeIntervals	Lick
930.18875	0.20000000000004547	TimeIntervals	Lick
930.4219999999999	0.10025000000007367	TimeIntervals	Lick
930.5554999999999	0.20000000000027285	TimeIntervals	Lick
930.7890000000001	0.1999999999999318	TimeIntervals	Lick
931.02225	0.10000000000013642	TimeIntervals	Lick
931.1555	0.20000000000015916	TimeIntervals	Lick
931.3890000000001	0.09999999999990905	TimeIntervals	Lick
931.52225	0.10025000000007367	TimeIntervals	Lick
931.65575	0.5332499999999527	TimeIntervals	Lick
932.2225000000002	0.10000000000002274	TimeIntervals	Lick
932.3557500000002	0.13324999999986176	TimeIntervals	Lick
932.5225	0.10000000000002274	TimeIntervals	Lick
932.6560000000001	0.10000000000013642	TimeIntervals	Lick
932.78925	0.13324999999986176	TimeIntervals	Lick
932.956	0.10000000000002274	TimeIntervals	Lick
933.3560000000001	0.06649999999979173	TimeIntervals	Lick
933.68925	0.10025000000007367	TimeIntervals	Lick
934.1895	0.10000000000013642	TimeIntervals	Lick
938.0565	0.10000000000013642	TimeIntervals	Lick
941.5240000000001	0.09999999999990905	TimeIntervals	Lick
943.9575	0.13350000000002638	TimeIntervals	Lick
944.7575000000002	0.13350000000002638	TimeIntervals	Lick
945.4577499999999	0.10000000000013642	TimeIntervals	Lick
946.558	0.10000000000013642	TimeIntervals	Lick
955.226	0.20000000000004547	TimeIntervals	Lick
955.45925	0.10000000000002274	TimeIntervals	Lick
955.5925000000001	0.10000000000002274	TimeIntervals	Lick
955.726	0.10000000000002274	TimeIntervals	Lick
959.5265	0.09999999999979536	TimeIntervals	Lick
959.6600000000002	0.06649999999979173	TimeIntervals	Lick
959.7600000000002	0.1999999999998181	TimeIntervals	Lick
959.99325	0.20024999999998272	TimeIntervals	Lick
960.22675	0.10000000000002274	TimeIntervals	Lick
960.36	0.10000000000002274	TimeIntervals	Lick
960.46	0.10000000000002274	TimeIntervals	Reward
960.4935	0.7335000000000491	TimeIntervals	Lick
961.26025	0.06675000000007003	TimeIntervals	Lick
961.3602500000001	0.10000000000002274	TimeIntervals	Lick
961.4935	0.10000000000002274	TimeIntervals	Lick
961.627	0.20000000000015916	TimeIntervals	Lick
961.8602500000001	0.10000000000002274	TimeIntervals	Lick
961.9935	0.7002500000000964	TimeIntervals	Lick
962.7270000000001	0.10000000000002274	TimeIntervals	Lick
962.8605000000001	0.1999999999999318	TimeIntervals	Lick
963.0937500000001	0.10000000000002274	TimeIntervals	Lick
963.2270000000001	0.10000000000002274	TimeIntervals	Lick
963.3605000000001	0.09999999999990905	TimeIntervals	Lick
963.494	0.10000000000013642	TimeIntervals	Lick
963.6272499999999	0.10000000000013642	TimeIntervals	Lick
963.7605000000001	0.1334999999999127	TimeIntervals	Lick
963.9272500000002	0.09999999999990905	TimeIntervals	Lick
964.0605000000002	0.09999999999990905	TimeIntervals	Lick
964.1940000000001	0.2664999999998372	TimeIntervals	Lick
964.4939999999999	0.10000000000013642	TimeIntervals	Lick
964.6274999999999	0.10000000000013642	TimeIntervals	Lick
964.7607499999999	0.13325000000008913	TimeIntervals	Lick
964.9275	0.10000000000002274	TimeIntervals	Lick
965.0607500000001	0.2667500000000018	TimeIntervals	Lick
965.36075	0.10000000000013642	TimeIntervals	Lick
965.4939999999999	0.10000000000013642	TimeIntervals	Lick
965.6274999999999	0.13350000000002638	TimeIntervals	Lick
965.8275000000001	0.06675000000007003	TimeIntervals	Lick
965.961	0.0665000000000191	TimeIntervals	Lick
966.0942500000001	0.03324999999983902	TimeIntervals	Lick
966.3610000000001	0.09999999999990905	TimeIntervals	Lick
966.6945000000001	0.13325000000020282	TimeIntervals	Lick
967.1945000000001	0.10000000000002274	TimeIntervals	Lick
967.3610000000001	0.09999999999990905	TimeIntervals	Lick
967.761	0.13350000000014006	TimeIntervals	Lick
967.9945	0.1334999999999127	TimeIntervals	Lick
968.2612499999999	0.06675000000018372	TimeIntervals	Lick
968.5945000000003	0.06674999999972897	TimeIntervals	Lick
970.0282500000001	0.09999999999979536	TimeIntervals	Lick
970.1950000000002	0.09999999999979536	TimeIntervals	Lick
970.395	0.06649999999990541	TimeIntervals	Lick
970.4950000000001	0.09999999999990905	TimeIntervals	Lick
970.6615	0.09999999999979536	TimeIntervals	Lick
970.9950000000001	0.09999999999990905	TimeIntervals	Lick
971.1284999999999	0.10000000000025011	TimeIntervals	Lick
971.26175	0.10000000000013642	TimeIntervals	Lick
971.395	0.20000000000004547	TimeIntervals	Lick
971.6284999999999	0.20000000000015916	TimeIntervals	Lick
971.8617500000001	0.10000000000013642	TimeIntervals	Lick
971.9950000000001	0.33349999999995816	TimeIntervals	Lick
972.3620000000002	0.10000000000002274	TimeIntervals	Lick
972.5285	0.0667500000002974	TimeIntervals	Lick
972.6620000000001	0.0665000000000191	TimeIntervals	Lick
972.7620000000001	0.10000000000013642	TimeIntervals	Lick
972.89525	0.20000000000027285	TimeIntervals	Lick
973.1284999999999	0.10000000000025011	TimeIntervals	Lick
973.2620000000001	0.20000000000015916	TimeIntervals	Lick
973.4955	0.10000000000013642	TimeIntervals	Lick
973.5287499999998	0.0667500000002974	TimeIntervals	Reward
973.62875	0.06675000000018372	TimeIntervals	Lick
973.7287500000001	0.1999999999999318	TimeIntervals	Lick
973.9620000000002	0.29999999999984084	TimeIntervals	Lick
974.2955000000001	0.1999999999999318	TimeIntervals	Lick
974.5289999999999	0.20000000000027285	TimeIntervals	Lick
974.76225	0.10000000000013642	TimeIntervals	Lick
974.8955000000001	0.09999999999990905	TimeIntervals	Lick
975.0289999999999	0.10000000000002274	TimeIntervals	Lick
975.16225	0.10000000000002274	TimeIntervals	Lick
975.2955000000001	0.10000000000002274	TimeIntervals	Lick
975.4290000000001	0.6667500000000928	TimeIntervals	Lick
976.1289999999999	0.10000000000025011	TimeIntervals	Lick
976.2624999999999	0.13325000000008913	TimeIntervals	Lick
976.4290000000001	0.09999999999979536	TimeIntervals	Lick
976.596	0.06649999999990541	TimeIntervals	Lick
976.7292500000002	0.09999999999990905	TimeIntervals	Lick
976.8625000000001	0.10000000000013642	TimeIntervals	Lick
976.9960000000001	0.09999999999990905	TimeIntervals	Lick
977.1624999999999	0.10000000000002274	TimeIntervals	Lick
977.3625000000001	0.13350000000002638	TimeIntervals	Lick
977.62925	0.1334999999999127	TimeIntervals	Lick
977.8295000000002	0.06649999999979173	TimeIntervals	Lick
977.9960000000001	0.06674999999984266	TimeIntervals	Lick
978.1294999999999	0.10000000000025011	TimeIntervals	Lick
978.4960000000001	0.06674999999984266	TimeIntervals	Lick
979.8965	0.09999999999990905	TimeIntervals	Lick
980.4964999999999	0.10000000000047748	TimeIntervals	Lick
980.6965	0.03325000000018008	TimeIntervals	Lick
980.7965000000003	0.09999999999968168	TimeIntervals	Lick
981.03	0.06650000000036016	TimeIntervals	Lick
981.16325	0.10000000000013642	TimeIntervals	Lick
981.33	0.09999999999990905	TimeIntervals	Lick
981.46325	0.10000000000013642	TimeIntervals	Lick
981.5965000000003	0.09999999999968168	TimeIntervals	Lick
981.73	0.13325000000020282	TimeIntervals	Lick
981.93	0.10000000000002274	TimeIntervals	Lick
982.0632500000002	0.10024999999973261	TimeIntervals	Lick
982.1967500000001	0.1999999999998181	TimeIntervals	Lick
982.43	0.10000000000002274	TimeIntervals	Lick
982.5635000000002	0.09999999999968168	TimeIntervals	Lick
982.6967500000001	0.1999999999998181	TimeIntervals	Lick
982.93	0.10000000000002274	TimeIntervals	Lick
983.09675	0.10025000000007367	TimeIntervals	Lick
983.2302500000002	0.09999999999990905	TimeIntervals	Lick
983.3635	0.10000000000013642	TimeIntervals	Lick
983.4970000000002	0.10000000000002274	TimeIntervals	Lick
983.6302500000002	0.06674999999995634	TimeIntervals	Lick
983.7302500000002	0.09999999999990905	TimeIntervals	Lick
983.8635	0.10000000000013642	TimeIntervals	Lick
983.9970000000002	0.10000000000002274	TimeIntervals	Lick
984.1302500000002	0.10000000000002274	TimeIntervals	Lick
984.2635	0.10025000000030104	TimeIntervals	Lick
984.3969999999998	0.1000000000003638	TimeIntervals	Lick
984.5305	0.10000000000002274	TimeIntervals	Lick
984.5637499999999	0.10000000000013642	TimeIntervals	Reward
984.66375	3.067250000000172	TimeIntervals	Lick
987.7642500000002	0.10000000000002274	TimeIntervals	Lick
987.8975000000002	0.566749999999729	TimeIntervals	Lick
988.4975000000001	0.09999999999990905	TimeIntervals	Lick
988.631	0.10000000000025011	TimeIntervals	Lick
988.7977500000001	0.06674999999984266	TimeIntervals	Lick
988.9310000000002	0.09999999999968168	TimeIntervals	Lick
989.0644999999998	0.10000000000025011	TimeIntervals	Lick
989.1977500000003	0.13324999999986176	TimeIntervals	Lick
989.3644999999999	0.10000000000002274	TimeIntervals	Lick
989.4977500000002	0.13324999999974807	TimeIntervals	Lick
989.6645000000001	0.10000000000013642	TimeIntervals	Lick
989.798	0.09999999999990905	TimeIntervals	Lick
989.9312499999999	0.10000000000013642	TimeIntervals	Lick
990.0644999999998	0.13350000000025375	TimeIntervals	Lick
990.2312499999999	0.13324999999997544	TimeIntervals	Lick
990.3979999999999	0.10000000000025011	TimeIntervals	Lick
990.53125	0.10000000000013642	TimeIntervals	Lick
990.6980000000001	0.06650000000013279	TimeIntervals	Lick
990.8312500000001	0.13350000000002638	TimeIntervals	Lick
991.3647500000002	0.13324999999997544	TimeIntervals	Lick
991.5980000000001	0.06674999999995634	TimeIntervals	Lick
991.8315	0.09999999999979536	TimeIntervals	Lick
992.0314999999999	0.13350000000014006	TimeIntervals	Lick
992.2650000000001	0.06649999999990541	TimeIntervals	Lick
992.3982500000002	0.09999999999990905	TimeIntervals	Lick
992.6315000000001	0.10000000000002274	TimeIntervals	Lick
992.8650000000002	0.06649999999956435	TimeIntervals	Lick
992.9982500000002	0.10024999999995998	TimeIntervals	Lick
993.53175	0.10000000000002274	TimeIntervals	Lick
994.1650000000001	0.10025000000018736	TimeIntervals	Lick
994.3985	0.13350000000002638	TimeIntervals	Lick
995.3987500000001	0.10000000000013642	TimeIntervals	Lick
995.8320000000001	0.09999999999990905	TimeIntervals	Lick
995.9987500000002	0.19999999999970441	TimeIntervals	Lick
996.232	0.13350000000014006	TimeIntervals	Lick
997.6325	0.09999999999990905	TimeIntervals	Lick
998.7325	0.10000000000002274	TimeIntervals	Lick
998.9660000000001	0.13325000000008913	TimeIntervals	Lick
999.4660000000001	0.13325000000008913	TimeIntervals	Lick
1000.5659999999999	0.06675000000018372	TimeIntervals	Lick
1000.6327500000001	0.06674999999995634	TimeIntervals	Reward
1000.666	0.10000000000013642	TimeIntervals	Lick
1000.7995000000002	0.10000000000002274	TimeIntervals	Lick
1000.933	0.6000000000001364	TimeIntervals	Lick
1001.56625	0.10000000000013642	TimeIntervals	Lick
1001.6995000000001	0.2002500000000964	TimeIntervals	Lick
1001.933	0.10000000000013642	TimeIntervals	Lick
1002.0664999999999	0.20000000000015916	TimeIntervals	Lick
1002.2997500000001	0.10000000000002274	TimeIntervals	Lick
1002.433	0.10000000000013642	TimeIntervals	Lick
1002.5664999999999	0.10000000000025011	TimeIntervals	Lick
1002.69975	0.10000000000013642	TimeIntervals	Lick
1002.8330000000002	0.09999999999979536	TimeIntervals	Lick
1002.9665	0.09999999999990905	TimeIntervals	Lick
1003.0999999999999	0.10000000000002274	TimeIntervals	Lick
1003.2332500000001	0.09999999999990905	TimeIntervals	Lick
1003.3665000000002	0.26674999999988813	TimeIntervals	Lick
1003.6665000000002	0.09999999999990905	TimeIntervals	Lick
1003.8000000000001	0.10000000000013642	TimeIntervals	Lick
1003.93325	0.1334999999999127	TimeIntervals	Lick
1004.1335000000001	0.06649999999979173	TimeIntervals	Lick
1004.2667500000003	0.09999999999979536	TimeIntervals	Lick
1004.4000000000002	0.09999999999979536	TimeIntervals	Lick
1004.6667500000002	0.10000000000013642	TimeIntervals	Lick
1004.8667500000001	0.06674999999995634	TimeIntervals	Lick
1005.567	0.13324999999986176	TimeIntervals	Lick
1006.067	0.13324999999986176	TimeIntervals	Lick
1006.3005000000002	0.033249999999952706	TimeIntervals	Lick
1006.4005000000001	0.06649999999979173	TimeIntervals	Lick
1006.5004999999999	0.10000000000013642	TimeIntervals	Lick
1006.6670000000001	0.06674999999972897	TimeIntervals	Lick
1006.8005000000002	0.13324999999986176	TimeIntervals	Lick
1007.0337500000002	0.06674999999984266	TimeIntervals	Lick
1007.1670000000001	0.13350000000002638	TimeIntervals	Lick
1008.234	0.13325000000008913	TimeIntervals	Lick
1008.734	0.06675000000018372	TimeIntervals	Lick
1009.801	0.06649999999990541	TimeIntervals	Lick
1010.23425	0.09999999999990905	TimeIntervals	Lick
1011.8680000000003	0.09999999999968168	TimeIntervals	Lick
1013.63475	0.09999999999990905	TimeIntervals	Lick
1013.768	0.10000000000025011	TimeIntervals	Lick
1013.9015	0.09999999999990905	TimeIntervals	Lick
1014.035	0.3000000000001819	TimeIntervals	Lick
1014.36825	0.20000000000015916	TimeIntervals	Lick
1014.6015	0.09999999999990905	TimeIntervals	Lick
1014.7349999999999	0.06650000000036016	TimeIntervals	Lick
1014.8350000000002	0.09999999999990905	TimeIntervals	Lick
1014.96825	0.10024999999995998	TimeIntervals	Lick
1015.1017499999998	0.1000000000003638	TimeIntervals	Lick
1015.2349999999999	0.10000000000025011	TimeIntervals	Lick
1015.3685000000002	0.09999999999990905	TimeIntervals	Lick
1015.50175	0.06674999999995634	TimeIntervals	Lick
1015.6017499999998	0.1000000000003638	TimeIntervals	Lick
1015.635	0.09999999999990905	TimeIntervals	Reward
1015.7349999999999	0.3000000000000682	TimeIntervals	Lick
1016.0685	0.4334999999998672	TimeIntervals	Lick
1016.5352499999999	0.10000000000013642	TimeIntervals	Lick
1016.6685000000002	0.09999999999990905	TimeIntervals	Lick
1016.8019999999999	0.3332500000001346	TimeIntervals	Lick
1017.1685000000002	0.1002499999998463	TimeIntervals	Lick
1017.3019999999999	0.10000000000002274	TimeIntervals	Lick
1017.4355000000002	0.23324999999999818	TimeIntervals	Lick
1017.7020000000002	0.09999999999968168	TimeIntervals	Lick
1017.8354999999999	0.10000000000025011	TimeIntervals	Lick
1017.96875	0.10000000000013642	TimeIntervals	Lick
1018.1020000000001	0.10000000000013642	TimeIntervals	Lick
1018.2355	0.09999999999990905	TimeIntervals	Lick
1018.369	0.2665000000000646	TimeIntervals	Lick
1018.6690000000001	0.09999999999990905	TimeIntervals	Lick
1018.8022500000002	0.26674999999988813	TimeIntervals	Lick
1019.10225	0.10000000000013642	TimeIntervals	Lick
1019.2355	0.26699999999993906	TimeIntervals	Lick
1019.5357499999999	0.2667500000003429	TimeIntervals	Lick
1019.8357500000002	0.26674999999988813	TimeIntervals	Lick
1020.1357499999999	0.13325000000008913	TimeIntervals	Lick
1020.3357500000002	0.06674999999984266	TimeIntervals	Lick
1020.56925	0.2667500000000018	TimeIntervals	Lick
1020.8692500000001	0.13324999999986176	TimeIntervals	Lick
1021.3025000000002	0.06674999999984266	TimeIntervals	Lick
1021.46925	0.13325000000008913	TimeIntervals	Lick
1022.6359999999999	0.10000000000025011	TimeIntervals	Lick
1022.93625	0.10000000000002274	TimeIntervals	Lick
1023.103	0.10000000000013642	TimeIntervals	Lick
1023.6362499999999	0.06675000000018372	TimeIntervals	Lick
1025.17	0.16649999999981446	TimeIntervals	Lick
1027.9035000000001	0.09999999999990905	TimeIntervals	Lick
1030.2040000000002	0.10000000000013642	TimeIntervals	Lick
1030.6374999999996	0.06650000000058753	TimeIntervals	Lick
1030.7375000000002	0.06650000000013279	TimeIntervals	Reward
1030.8707499999998	2.933750000000373	TimeIntervals	Lick
1033.8380000000002	0.10000000000013642	TimeIntervals	Lick
1033.97125	0.09999999999990905	TimeIntervals	Lick
1034.1044999999997	0.10000000000013642	TimeIntervals	Lick
1034.238	0.10000000000013642	TimeIntervals	Lick
1034.3712500000001	0.5335000000000036	TimeIntervals	Lick
1034.9380000000003	0.26674999999977445	TimeIntervals	Lick
1035.238	0.10000000000013642	TimeIntervals	Lick
1035.3715	0.40000000000009095	TimeIntervals	Lick
1035.80475	0.10025000000018736	TimeIntervals	Lick
1035.9382500000002	0.26674999999977445	TimeIntervals	Lick
1036.23825	0.09999999999990905	TimeIntervals	Lick
1036.3715	0.1000000000003638	TimeIntervals	Lick
1036.53825	0.09999999999990905	TimeIntervals	Lick
1036.6714999999997	0.1000000000003638	TimeIntervals	Lick
1036.8050000000003	0.09999999999990905	TimeIntervals	Lick
1036.9382500000002	0.10024999999973261	TimeIntervals	Lick
1037.07175	0.13324999999986176	TimeIntervals	Lick
1037.2385	0.10000000000013642	TimeIntervals	Lick
1037.37175	0.13325000000008913	TimeIntervals	Lick
1037.5384999999999	0.23325000000022555	TimeIntervals	Lick
1037.8385	0.06650000000013279	TimeIntervals	Lick
1037.9385000000002	0.13324999999986176	TimeIntervals	Lick
1038.1384999999998	0.10000000000013642	TimeIntervals	Lick
1038.272	0.13325000000008913	TimeIntervals	Lick
1038.4385000000002	0.09999999999968168	TimeIntervals	Lick
1038.5720000000003	0.09999999999968168	TimeIntervals	Lick
1038.70525	0.13325000000008913	TimeIntervals	Lick
1038.872	0.10000000000013642	TimeIntervals	Lick
1039.10525	0.10024999999995998	TimeIntervals	Lick
1039.4720000000002	0.1999999999998181	TimeIntervals	Lick
1039.7387500000002	0.13324999999986176	TimeIntervals	Lick
1040.13875	0.13324999999986176	TimeIntervals	Lick
1040.37225	0.1332500000003165	TimeIntervals	Lick
1040.539	0.13324999999986176	TimeIntervals	Lick
1041.039	0.06649999999990541	TimeIntervals	Lick
1041.5057500000003	0.06674999999995634	TimeIntervals	Lick
1041.739	0.09999999999990905	TimeIntervals	Lick
1042.8392500000002	0.09999999999990905	TimeIntervals	Lick
1042.9725000000003	0.09999999999990905	TimeIntervals	Lick
1043.106	0.10000000000013642	TimeIntervals	Lick
1043.23925	0.10000000000013642	TimeIntervals	Lick
1043.3725	0.20000000000027285	TimeIntervals	Lick
1043.606	0.10000000000013642	TimeIntervals	Lick
1043.7395	0.10000000000013642	TimeIntervals	Lick
1043.87275	0.10000000000013642	TimeIntervals	Lick
1044.006	0.09999999999990905	TimeIntervals	Lick
1044.1394999999998	0.10000000000013642	TimeIntervals	Lick
1044.27275	0.20000000000004547	TimeIntervals	Lick
1044.506	0.09999999999990905	TimeIntervals	Lick
1044.6394999999998	0.10000000000013642	TimeIntervals	Lick
1044.7395	0.03350000000023101	TimeIntervals	Reward
1044.7730000000001	0.20000000000004547	TimeIntervals	Lick
1045.0062500000001	0.06675000000018372	TimeIntervals	Lick
1045.10625	0.5332499999997253	TimeIntervals	Lick
1045.673	0.20000000000004547	TimeIntervals	Lick
1045.9064999999998	0.1000000000003638	TimeIntervals	Lick
1046.03975	0.20000000000004547	TimeIntervals	Lick
1046.2730000000001	0.09999999999990905	TimeIntervals	Lick
1046.4064999999998	0.1000000000003638	TimeIntervals	Lick
1046.53975	0.09999999999990905	TimeIntervals	Lick
1046.673	0.10000000000013642	TimeIntervals	Lick
1046.8065	0.09999999999990905	TimeIntervals	Lick
1046.94	0.2664999999999509	TimeIntervals	Lick
1047.2400000000002	0.09999999999968168	TimeIntervals	Lick
1047.4064999999998	0.20000000000027285	TimeIntervals	Lick
1047.64	0.13325000000008913	TimeIntervals	Lick
1047.84	0.13350000000014006	TimeIntervals	Lick
1048.1067500000001	0.10000000000013642	TimeIntervals	Lick
1048.2735	0.13324999999986176	TimeIntervals	Lick
1048.80675	0.09999999999990905	TimeIntervals	Lick
1049.34025	0.20000000000004547	TimeIntervals	Lick
1050.27375	0.13324999999986176	TimeIntervals	Lick
1052.8075000000001	0.13324999999986176	TimeIntervals	Lick
1053.8075000000001	0.09999999999990905	TimeIntervals	Lick
1054.27425	0.10000000000013642	TimeIntervals	Lick
1054.541	0.06674999999995634	TimeIntervals	Lick
1054.70775	0.06674999999995634	TimeIntervals	Lick
1054.80775	0.06675000000018372	TimeIntervals	Lick
1055.60775	0.13350000000036744	TimeIntervals	Lick
1056.4745000000003	0.06674999999972897	TimeIntervals	Lick
1057.57475	0.1332500000003165	TimeIntervals	Lick
1058.875	0.13350000000014006	TimeIntervals	Lick
1060.6752499999998	0.1332500000003165	TimeIntervals	Lick
1062.00875	0.09999999999990905	TimeIntervals	Lick
1067.07625	0.09999999999990905	TimeIntervals	Lick
1071.61025	0.06674999999995634	TimeIntervals	Lick
1071.71025	0.3000000000001819	TimeIntervals	Lick
1072.0435000000002	0.3002499999997781	TimeIntervals	Lick
1072.377	0.10000000000013642	TimeIntervals	Lick
1072.5105	0.1999999999998181	TimeIntervals	Lick
1072.7437499999999	0.10000000000013642	TimeIntervals	Lick
1072.877	0.20000000000004547	TimeIntervals	Lick
1073.1105	0.09999999999990905	TimeIntervals	Lick
1073.244	0.09999999999990905	TimeIntervals	Lick
1073.37725	0.10000000000013642	TimeIntervals	Lick
1073.5105	0.3334999999997308	TimeIntervals	Lick
1073.7772500000003	0.03324999999972533	TimeIntervals	Reward
1073.87725	0.10000000000013642	TimeIntervals	Lick
1074.0105	0.06674999999995634	TimeIntervals	Lick
1074.1105	0.4335000000000946	TimeIntervals	Lick
1074.5775	0.20000000000004547	TimeIntervals	Lick
1074.81075	0.09999999999990905	TimeIntervals	Lick
1074.944	0.1999999999998181	TimeIntervals	Lick
1075.1775	0.10000000000013642	TimeIntervals	Lick
1075.31075	0.09999999999990905	TimeIntervals	Lick
1075.444	0.10025000000018736	TimeIntervals	Lick
1075.5775	0.09999999999990905	TimeIntervals	Lick
1075.711	0.09999999999990905	TimeIntervals	Lick
1075.8442499999999	0.10000000000013642	TimeIntervals	Lick
1075.9775000000002	0.26674999999977445	TimeIntervals	Lick
1076.2775000000001	0.09999999999968168	TimeIntervals	Lick
1076.411	0.13350000000014006	TimeIntervals	Lick
1076.57775	0.13325000000008913	TimeIntervals	Lick
1076.7777500000002	0.2667500000000018	TimeIntervals	Lick
1077.1109999999999	0.10000000000013642	TimeIntervals	Lick
1077.2777500000002	0.0667499999995016	TimeIntervals	Lick
1077.511	0.09999999999990905	TimeIntervals	Lick
1077.71125	0.06675000000018372	TimeIntervals	Lick
1077.878	0.06650000000036016	TimeIntervals	Lick
1078.1445	0.13350000000014006	TimeIntervals	Lick
1078.4112500000003	0.0999999999994543	TimeIntervals	Lick
1078.61125	0.03325000000018008	TimeIntervals	Lick
1080.445	0.10000000000013642	TimeIntervals	Lick
1080.9115	0.06700000000000728	TimeIntervals	Lick
1081.61175	0.09999999999990905	TimeIntervals	Lick
1082.9785	0.10000000000013642	TimeIntervals	Lick
1083.3454999999997	0.1000000000003638	TimeIntervals	Lick
1086.0124999999998	0.1000000000003638	TimeIntervals	Lick
1088.346	0.10000000000013642	TimeIntervals	Lick
1088.4795000000001	0.09999999999968168	TimeIntervals	Lick
1089.113	0.06650000000013279	TimeIntervals	Lick
1089.8464999999999	0.1000000000003638	TimeIntervals	Lick
1091.4465000000002	0.06674999999972897	TimeIntervals	Lick
1091.6132499999999	0.06675000000018372	TimeIntervals	Lick
1091.8799999999999	0.06675000000018372	TimeIntervals	Lick
1093.1470000000002	0.1999999999998181	TimeIntervals	Lick
1093.3802499999997	0.4332500000004984	TimeIntervals	Lick
1093.847	0.20000000000027285	TimeIntervals	Lick
1094.0802500000002	0.20024999999986903	TimeIntervals	Lick
1094.31375	0.10000000000013642	TimeIntervals	Lick
1094.4470000000003	0.09999999999990905	TimeIntervals	Lick
1094.5805	0.10000000000013642	TimeIntervals	Lick
1094.71375	0.06675000000018372	TimeIntervals	Lick
1094.7805	0.09999999999968168	TimeIntervals	Reward
1094.81375	0.6335000000001401	TimeIntervals	Lick
1095.4805	0.06675000000018372	TimeIntervals	Lick
1095.5805	0.10000000000013642	TimeIntervals	Lick
1095.714	0.20000000000027285	TimeIntervals	Lick
1095.9472500000002	0.09999999999990905	TimeIntervals	Lick
1096.0805	0.10000000000013642	TimeIntervals	Lick
1096.214	0.10000000000013642	TimeIntervals	Lick
1096.3475	0.20000000000027285	TimeIntervals	Lick
1096.58075	0.1000000000003638	TimeIntervals	Lick
1096.714	0.2335000000002765	TimeIntervals	Lick
1096.98075	0.3332500000001346	TimeIntervals	Lick
1097.3475	0.2667500000000018	TimeIntervals	Lick
1097.6475	0.23349999999982174	TimeIntervals	Lick
1097.9142499999998	0.10000000000013642	TimeIntervals	Lick
1098.0475000000004	0.09999999999968168	TimeIntervals	Lick
1098.1810000000003	0.13324999999986176	TimeIntervals	Lick
1098.3475	0.10000000000013642	TimeIntervals	Lick
1098.481	0.26674999999977445	TimeIntervals	Lick
1098.7810000000002	0.1334999999999127	TimeIntervals	Lick
1098.9477500000003	0.09999999999990905	TimeIntervals	Lick
1099.0810000000001	0.3999999999998636	TimeIntervals	Lick
1099.5477500000002	0.10024999999995998	TimeIntervals	Lick
1099.6812500000003	0.09999999999968168	TimeIntervals	Lick
1099.8145	0.10000000000013642	TimeIntervals	Lick
1099.9480000000003	0.13324999999963438	TimeIntervals	Lick
1100.1145	0.1334999999999127	TimeIntervals	Lick
1100.28125	0.09999999999990905	TimeIntervals	Lick
1100.4480000000003	0.09999999999968168	TimeIntervals	Lick
1100.6145	0.10025000000018736	TimeIntervals	Lick
1100.81475	0.09999999999990905	TimeIntervals	Lick
1100.9480000000003	0.13349999999968531	TimeIntervals	Lick
1101.4480000000003	0.13349999999968531	TimeIntervals	Lick
1101.8815	0.06675000000018372	TimeIntervals	Lick
1102.04825	0.10000000000013642	TimeIntervals	Lick
1102.5149999999999	0.1332500000003165	TimeIntervals	Lick
1102.8815	0.6670000000001437	TimeIntervals	Lick
1102.8815	0.03350000000023101	TimeIntervals	Reward
1103.5817500000003	0.09999999999990905	TimeIntervals	Lick
1103.7150000000001	0.20000000000004547	TimeIntervals	Lick
1103.9485000000002	0.4667499999998199	TimeIntervals	Lick
1104.4485000000002	0.09999999999990905	TimeIntervals	Lick
1104.582	0.23324999999999818	TimeIntervals	Lick
1104.8485	0.10000000000013642	TimeIntervals	Lick
1104.9820000000002	0.09999999999990905	TimeIntervals	Lick
1105.14875	0.06675000000018372	TimeIntervals	Lick
1105.24875	0.13324999999986176	TimeIntervals	Lick
1105.4155	0.20000000000004547	TimeIntervals	Lick
1105.64875	0.09999999999990905	TimeIntervals	Lick
1105.782	0.13350000000014006	TimeIntervals	Lick
1105.9487500000002	0.09999999999968168	TimeIntervals	Lick
1106.082	0.2669999999998254	TimeIntervals	Lick
1106.3822499999999	0.10000000000013642	TimeIntervals	Lick
1106.5155	0.2667500000002292	TimeIntervals	Lick
1106.8155	0.10000000000013642	TimeIntervals	Lick
1106.9490000000003	0.13324999999986176	TimeIntervals	Lick
1107.1155	0.10000000000013642	TimeIntervals	Lick
1107.249	0.13349999999968531	TimeIntervals	Lick
1107.4157500000001	0.09999999999990905	TimeIntervals	Lick
1107.549	0.13350000000014006	TimeIntervals	Lick
1107.71575	0.09999999999968168	TimeIntervals	Lick
1107.849	0.1000000000003638	TimeIntervals	Lick
1108.01575	0.13325000000008913	TimeIntervals	Lick
1108.1825000000001	0.09999999999990905	TimeIntervals	Lick
1108.3157499999998	0.10025000000018736	TimeIntervals	Lick
1108.4492500000001	0.09999999999990905	TimeIntervals	Lick
1108.5825	0.10000000000013642	TimeIntervals	Lick
1108.7160000000001	0.09999999999968168	TimeIntervals	Lick
1108.8492500000002	0.09999999999990905	TimeIntervals	Lick
1108.9825000000003	0.09999999999968168	TimeIntervals	Lick
1109.14925	0.06675000000018372	TimeIntervals	Lick
1109.2492499999998	0.1000000000003638	TimeIntervals	Lick
1109.3824999999997	0.10000000000059117	TimeIntervals	Lick
1109.516	0.10000000000013642	TimeIntervals	Lick
1109.6495	0.09999999999990905	TimeIntervals	Lick
1109.7827499999999	0.10000000000013642	TimeIntervals	Lick
1109.88275	0.10000000000013642	TimeIntervals	Reward
1109.916	0.3999999999998636	TimeIntervals	Lick
1110.3495	0.06649999999990541	TimeIntervals	Lick
1110.4495	0.09999999999990905	TimeIntervals	Lick
1110.5830000000003	0.09999999999990905	TimeIntervals	Lick
1110.7162500000004	0.0999999999994543	TimeIntervals	Lick
1110.8495	0.1999999999998181	TimeIntervals	Lick
1111.0830000000003	0.09999999999990905	TimeIntervals	Lick
1111.2162500000004	0.0999999999994543	TimeIntervals	Lick
1111.3495	0.09999999999990905	TimeIntervals	Lick
1111.4830000000002	0.10000000000013642	TimeIntervals	Lick
1111.6162500000003	0.36674999999991087	TimeIntervals	Lick
1112.0165	0.1000000000003638	TimeIntervals	Lick
1112.14975	0.09999999999990905	TimeIntervals	Lick
1112.3165	0.3665000000003147	TimeIntervals	Lick
1112.7165000000002	0.09999999999968168	TimeIntervals	Lick
1112.8500000000001	0.26650000000017826	TimeIntervals	Lick
1113.15	0.09999999999990905	TimeIntervals	Lick
1113.28325	0.40000000000009095	TimeIntervals	Lick
1113.7165000000002	0.09999999999968168	TimeIntervals	Lick
1113.8500000000001	0.09999999999990905	TimeIntervals	Lick
1113.9835000000003	0.13324999999986176	TimeIntervals	Lick
1114.15	0.09999999999990905	TimeIntervals	Lick
1114.31675	0.10000000000013642	TimeIntervals	Lick
1114.45	0.13350000000014006	TimeIntervals	Lick
1114.6835000000003	0.09999999999968168	TimeIntervals	Lick
1115.0169999999998	0.1000000000003638	TimeIntervals	Lick
1115.1502500000001	0.13324999999986176	TimeIntervals	Lick
1115.4502499999999	0.10000000000013642	TimeIntervals	Lick
1115.6170000000002	0.13324999999986176	TimeIntervals	Lick
1115.8169999999998	0.10000000000013642	TimeIntervals	Lick
1115.9835000000003	0.09999999999990905	TimeIntervals	Lick
1116.1170000000002	0.1334999999999127	TimeIntervals	Lick
1116.3169999999998	0.10000000000013642	TimeIntervals	Lick
1116.4505	0.13325000000008913	TimeIntervals	Lick
1116.6170000000002	0.09999999999990905	TimeIntervals	Lick
1116.7505	0.09999999999990905	TimeIntervals	Lick
1116.88375	0.13324999999986176	TimeIntervals	Lick
1117.0505	0.10000000000013642	TimeIntervals	Lick
1117.2505	0.06674999999972897	TimeIntervals	Lick
1117.4840000000002	0.09999999999990905	TimeIntervals	Lick
1117.61725	0.10000000000013642	TimeIntervals	Lick
1117.7839999999999	0.06650000000013279	TimeIntervals	Lick
1117.9505	0.10000000000013642	TimeIntervals	Lick
1118.2839999999999	0.06675000000018372	TimeIntervals	Lick
1118.9840000000002	0.06674999999972897	TimeIntervals	Lick
1119.2507500000002	0.10024999999973261	TimeIntervals	Lick
1119.4174999999998	0.06675000000041109	TimeIntervals	Lick
1119.651	0.06650000000013279	TimeIntervals	Lick
1119.951	0.06649999999990541	TimeIntervals	Lick
1120.2842500000002	0.06674999999972897	TimeIntervals	Lick
1120.4174999999998	0.10025000000041473	TimeIntervals	Lick
1120.6845000000003	0.09999999999990905	TimeIntervals	Lick
1121.21775	0.13324999999986176	TimeIntervals	Lick
1121.3845000000001	0.13325000000008913	TimeIntervals	Lick
1122.1180000000002	0.09999999999990905	TimeIntervals	Lick
1122.418	0.16649999999981446	TimeIntervals	Lick
1122.78475	0.06674999999995634	TimeIntervals	Lick
1123.8515	0.13350000000036744	TimeIntervals	Lick
1124.1182500000004	0.06674999999972897	TimeIntervals	Lick
1124.2182500000001	0.06674999999995634	TimeIntervals	Lick
1124.3515	0.26675000000045657	TimeIntervals	Lick
1125.3517499999998	0.1000000000003638	TimeIntervals	Lick
1125.6185000000003	0.13324999999986176	TimeIntervals	Lick
1126.28525	0.06675000000018372	TimeIntervals	Lick
1126.7520000000002	0.09999999999990905	TimeIntervals	Lick
1126.952	0.06650000000013279	TimeIntervals	Lick
1127.2855000000002	0.16649999999981446	TimeIntervals	Lick
1127.5855	0.13325000000008913	TimeIntervals	Lick
1128.3855	0.1334999999999127	TimeIntervals	Lick
1128.7189999999998	0.23324999999999818	TimeIntervals	Lick
1129.019	0.1000000000003638	TimeIntervals	Lick
1129.919	0.09999999999990905	TimeIntervals	Lick
1130.0524999999998	0.06650000000058753	TimeIntervals	Lick
1130.1525000000001	0.1999999999998181	TimeIntervals	Lick
1130.3860000000002	0.29999999999972715	TimeIntervals	Lick
1130.7192499999999	0.20000000000027285	TimeIntervals	Lick
1130.9525	0.20000000000004547	TimeIntervals	Lick
1131.186	0.10000000000013642	TimeIntervals	Lick
1131.31925	0.33350000000018554	TimeIntervals	Lick
1131.686	0.10000000000013642	TimeIntervals	Lick
1131.8194999999998	0.1000000000003638	TimeIntervals	Lick
1131.9527500000002	1.0002499999998236	TimeIntervals	Lick
1131.9527500000002	0.06674999999995634	TimeIntervals	Reward
1132.98625	0.20000000000027285	TimeIntervals	Lick
1133.2195	0.20000000000027285	TimeIntervals	Lick
1133.453	0.10000000000013642	TimeIntervals	Lick
1133.5862499999998	0.6335000000001401	TimeIntervals	Lick
1134.253	0.10000000000013642	TimeIntervals	Lick
1134.3865000000003	0.3999999999996362	TimeIntervals	Lick
1134.8199999999997	0.43325000000027103	TimeIntervals	Lick
1135.2865	0.1000000000003638	TimeIntervals	Lick
1135.45325	0.10000000000013642	TimeIntervals	Lick
1135.6200000000001	0.19999999999959073	TimeIntervals	Lick
1135.8867500000001	0.06674999999995634	TimeIntervals	Lick
1136.5867499999997	0.33325000000058935	TimeIntervals	Lick
1136.9870000000003	0.09999999999968168	TimeIntervals	Lick
1137.887	0.40000000000009095	TimeIntervals	Lick
1138.35375	0.1332500000003165	TimeIntervals	Lick
1139.58725	0.10000000000013642	TimeIntervals	Lick
