onset	duration	nwb_table	event_type
3.7685000000000004	0.09999999999999964	TimeIntervals	Lick
6.769	0.09999999999999964	TimeIntervals	Lick
8.536000000000001	0.06649999999999778	TimeIntervals	Lick
9.902750000000001	0.06675000000000075	TimeIntervals	Lick
11.036249999999999	0.06675000000000253	TimeIntervals	Lick
11.836500000000001	0.10000000000000142	TimeIntervals	Lick
12.203000000000001	0.06675000000000253	TimeIntervals	Lick
12.303	0.1999999999999993	TimeIntervals	Lick
12.5365	0.10000000000000142	TimeIntervals	Lick
12.67	0.10000000000000142	TimeIntervals	Lick
12.80325	0.09999999999999964	TimeIntervals	Lick
12.936500000000002	0.09999999999999787	TimeIntervals	Lick
13.07	0.09999999999999964	TimeIntervals	Lick
13.203249999999999	0.1000000000000032	TimeIntervals	Lick
13.336500000000001	0.10000000000000142	TimeIntervals	Lick
13.47	0.09999999999999964	TimeIntervals	Lick
13.603499999999999	0.10000000000000142	TimeIntervals	Lick
13.770000000000001	0.09999999999999964	TimeIntervals	Lick
13.9035	0.10000000000000142	TimeIntervals	Lick
14.03675	0.10000000000000142	TimeIntervals	Lick
14.17	0.10000000000000142	TimeIntervals	Lick
14.23675	0.09999999999999964	TimeIntervals	Reward
14.303500000000001	0.40000000000000036	TimeIntervals	Lick
14.737000000000002	0.09999999999999964	TimeIntervals	Lick
14.87025	0.06674999999999898	TimeIntervals	Lick
14.970250000000002	0.09999999999999964	TimeIntervals	Lick
15.103499999999999	0.1000000000000032	TimeIntervals	Lick
15.237000000000002	0.1999999999999975	TimeIntervals	Lick
15.470250000000002	0.09999999999999964	TimeIntervals	Lick
15.603499999999997	0.10000000000000497	TimeIntervals	Lick
15.737000000000002	0.09999999999999787	TimeIntervals	Lick
15.870500000000003	0.09999999999999964	TimeIntervals	Lick
16.003750000000004	0.09999999999999787	TimeIntervals	Lick
16.137	0.09999999999999787	TimeIntervals	Lick
16.2705	0.10000000000000142	TimeIntervals	Lick
16.40375	0.10000000000000142	TimeIntervals	Lick
16.537	0.10000000000000142	TimeIntervals	Lick
16.6705	0.1332500000000003	TimeIntervals	Lick
16.837	0.10024999999999906	TimeIntervals	Lick
16.9705	0.09999999999999787	TimeIntervals	Lick
17.104000000000003	0.09999999999999787	TimeIntervals	Lick
17.23725	0.2667500000000018	TimeIntervals	Lick
17.537250000000004	0.09999999999999787	TimeIntervals	Lick
17.6705	0.13349999999999795	TimeIntervals	Lick
17.83725	0.1332500000000003	TimeIntervals	Lick
18.004	0.10000000000000142	TimeIntervals	Lick
18.137500000000003	0.1332499999999932	TimeIntervals	Lick
18.304	0.10000000000000497	TimeIntervals	Lick
18.470750000000002	0.09999999999999787	TimeIntervals	Lick
18.604	0.10000000000000142	TimeIntervals	Lick
18.770749999999996	0.06675000000000253	TimeIntervals	Lick
19.204250000000002	0.13324999999999676	TimeIntervals	Lick
19.60425	0.23324999999999818	TimeIntervals	Lick
19.971	0.23350000000000293	TimeIntervals	Lick
20.3045	0.10000000000000142	TimeIntervals	Lick
20.704500000000003	0.23324999999999818	TimeIntervals	Lick
21.03775	0.06674999999999898	TimeIntervals	Lick
21.137750000000004	0.09999999999999432	TimeIntervals	Lick
22.138	0.06650000000000134	TimeIntervals	Lick
22.438000000000002	0.23349999999999582	TimeIntervals	Lick
22.738	0.1335000000000015	TimeIntervals	Lick
23.5715	0.09999999999999787	TimeIntervals	Lick
24.03825	0.06674999999999898	TimeIntervals	Lick
24.33825	0.10000000000000142	TimeIntervals	Lick
24.505	0.06650000000000134	TimeIntervals	Lick
24.6385	0.1999999999999993	TimeIntervals	Lick
24.905000000000005	0.06674999999999187	TimeIntervals	Lick
25.005	0.10000000000000142	TimeIntervals	Lick
25.1385	0.10000000000000142	TimeIntervals	Lick
25.27175	0.09999999999999787	TimeIntervals	Lick
25.3385	0.10000000000000497	TimeIntervals	Reward
25.405000000000005	0.666999999999998	TimeIntervals	Lick
26.105250000000005	0.09999999999999432	TimeIntervals	Lick
26.238500000000002	0.06674999999999542	TimeIntervals	Lick
26.3385	0.46699999999999875	TimeIntervals	Lick
26.83875	0.10000000000000142	TimeIntervals	Lick
26.972000000000005	0.09999999999999787	TimeIntervals	Lick
27.105500000000006	0.09999999999999076	TimeIntervals	Lick
27.238750000000003	0.7334999999999994	TimeIntervals	Lick
28.0055	0.10000000000000497	TimeIntervals	Lick
28.139	0.09999999999999787	TimeIntervals	Lick
28.27225	0.10000000000000142	TimeIntervals	Lick
28.405500000000004	0.09999999999999432	TimeIntervals	Lick
28.539	0.09999999999999787	TimeIntervals	Lick
28.672250000000005	0.633499999999998	TimeIntervals	Lick
29.339	0.10000000000000497	TimeIntervals	Lick
29.472500000000004	0.09999999999999787	TimeIntervals	Lick
29.605750000000004	0.1332499999999932	TimeIntervals	Lick
29.772499999999997	0.10000000000000142	TimeIntervals	Lick
29.90575	0.09999999999999787	TimeIntervals	Lick
30.039	0.10024999999999906	TimeIntervals	Lick
30.172500000000003	0.09999999999999787	TimeIntervals	Lick
30.306000000000004	0.1332500000000003	TimeIntervals	Lick
30.472500000000004	0.09999999999999787	TimeIntervals	Lick
30.605999999999998	0.13325000000000387	TimeIntervals	Lick
30.7725	0.09999999999999787	TimeIntervals	Lick
30.939250000000005	0.06674999999999542	TimeIntervals	Lick
31.039249999999996	0.13325000000001097	TimeIntervals	Lick
31.27275	0.09999999999999787	TimeIntervals	Lick
31.506	0.09999999999999787	TimeIntervals	Lick
31.872749999999996	0.13325000000000387	TimeIntervals	Lick
33.1395	0.10000000000000142	TimeIntervals	Lick
33.3395	0.06699999999999307	TimeIntervals	Lick
33.473	0.06675000000000608	TimeIntervals	Lick
34.13975	0.10000000000000142	TimeIntervals	Lick
34.339749999999995	0.06675000000000608	TimeIntervals	Lick
34.773250000000004	0.06674999999999898	TimeIntervals	Lick
35.0065	0.10000000000000142	TimeIntervals	Lick
35.14	0.10000000000000142	TimeIntervals	Lick
35.273250000000004	0.06674999999999898	TimeIntervals	Lick
35.4065	0.1669999999999945	TimeIntervals	Lick
35.60675	0.10000000000000142	TimeIntervals	Lick
35.74	0.10000000000000142	TimeIntervals	Lick
35.87350000000001	0.09999999999998721	TimeIntervals	Lick
36.00675	0.2332500000000053	TimeIntervals	Lick
36.273500000000006	0.10000000000000142	TimeIntervals	Lick
36.40675	0.03324999999999534	TimeIntervals	Reward
36.44	0.30024999999999835	TimeIntervals	Lick
36.773500000000006	0.19999999999998863	TimeIntervals	Lick
37.007	0.4332499999999939	TimeIntervals	Lick
37.473499999999994	0.20000000000000284	TimeIntervals	Lick
37.707	0.10000000000000853	TimeIntervals	Lick
37.840500000000006	0.09999999999999432	TimeIntervals	Lick
37.973749999999995	0.3332500000000138	TimeIntervals	Lick
38.340500000000006	0.09999999999999432	TimeIntervals	Lick
38.473749999999995	0.3332500000000138	TimeIntervals	Lick
38.840500000000006	0.09999999999999432	TimeIntervals	Lick
38.974	0.09999999999999432	TimeIntervals	Lick
39.10724999999999	0.10000000000000853	TimeIntervals	Lick
39.2405	0.10000000000000853	TimeIntervals	Lick
39.374	0.09999999999999432	TimeIntervals	Lick
39.50725	0.09999999999999432	TimeIntervals	Lick
39.6405	0.13349999999999795	TimeIntervals	Lick
39.80725	0.09999999999999432	TimeIntervals	Lick
39.9405	0.13349999999999085	TimeIntervals	Lick
40.107499999999995	0.10000000000000853	TimeIntervals	Lick
40.240750000000006	0.09999999999999432	TimeIntervals	Lick
40.407500000000006	0.09999999999999432	TimeIntervals	Lick
40.54075	0.1667500000000004	TimeIntervals	Lick
40.84075	0.10000000000000142	TimeIntervals	Lick
41.04075	0.13349999999999795	TimeIntervals	Lick
41.87425	0.19999999999999574	TimeIntervals	Lick
42.20775	0.10000000000000142	TimeIntervals	Lick
43.141	0.1670000000000087	TimeIntervals	Lick
43.74125	0.06675000000000608	TimeIntervals	Lick
43.9745	0.06675000000000608	TimeIntervals	Lick
45.408	0.10024999999999551	TimeIntervals	Lick
45.7415	0.10000000000000142	TimeIntervals	Lick
46.44149999999999	0.10000000000001563	TimeIntervals	Lick
47.34175	0.06674999999999898	TimeIntervals	Lick
47.6085	0.06674999999999898	TimeIntervals	Lick
47.7085	0.10000000000000853	TimeIntervals	Lick
47.842000000000006	0.09999999999998721	TimeIntervals	Lick
47.97525	0.06674999999999187	TimeIntervals	Lick
48.07525	0.06675000000000608	TimeIntervals	Lick
48.17525	0.10000000000000853	TimeIntervals	Lick
48.30850000000001	0.09999999999998721	TimeIntervals	Lick
48.44199999999999	0.20000000000000995	TimeIntervals	Lick
48.7085	0.10025000000000972	TimeIntervals	Lick
48.842000000000006	0.06674999999999187	TimeIntervals	Lick
48.975500000000004	0.09999999999999432	TimeIntervals	Lick
49.10875	0.10000000000000142	TimeIntervals	Lick
49.40875	0.06675000000000608	TimeIntervals	Lick
49.44199999999999	0.10000000000000142	TimeIntervals	Reward
49.541999999999994	0.5002500000000154	TimeIntervals	Lick
50.0755	0.3335000000000079	TimeIntervals	Lick
50.44224999999999	0.20000000000000995	TimeIntervals	Lick
50.6755	0.10000000000000142	TimeIntervals	Lick
50.809000000000005	0.10000000000000142	TimeIntervals	Lick
50.942499999999995	0.10000000000001563	TimeIntervals	Lick
51.07575	0.20000000000000284	TimeIntervals	Lick
51.309000000000005	0.10000000000000142	TimeIntervals	Lick
51.442499999999995	0.20000000000000284	TimeIntervals	Lick
51.67575	0.10000000000000142	TimeIntervals	Lick
51.809000000000005	0.10000000000000142	TimeIntervals	Lick
51.942499999999995	0.3335000000000079	TimeIntervals	Lick
52.309250000000006	0.10000000000000142	TimeIntervals	Lick
52.442499999999995	0.10000000000000142	TimeIntervals	Lick
52.57599999999999	0.10000000000001563	TimeIntervals	Lick
52.709250000000004	0.10000000000000142	TimeIntervals	Lick
52.8425	0.23349999999999227	TimeIntervals	Lick
53.10925	0.10025000000000261	TimeIntervals	Lick
53.24275	0.10000000000000142	TimeIntervals	Lick
53.376000000000005	0.09999999999999432	TimeIntervals	Lick
53.5095	0.09999999999999432	TimeIntervals	Lick
53.64275	0.2332500000000053	TimeIntervals	Lick
53.909499999999994	0.10000000000000853	TimeIntervals	Lick
54.04275	0.2667500000000089	TimeIntervals	Lick
54.34300000000001	0.0999999999999801	TimeIntervals	Lick
54.47625	0.30000000000000426	TimeIntervals	Lick
54.876250000000006	0.09999999999999432	TimeIntervals	Lick
55.0095	0.09999999999999432	TimeIntervals	Lick
55.17625	0.10000000000000142	TimeIntervals	Lick
55.34300000000001	0.0999999999999801	TimeIntervals	Lick
55.5765	0.36649999999998784	TimeIntervals	Lick
56.009750000000004	0.2332500000000053	TimeIntervals	Lick
57.176500000000004	0.06675000000000608	TimeIntervals	Lick
57.61	0.06674999999999898	TimeIntervals	Lick
58.043499999999995	0.10000000000000142	TimeIntervals	Lick
58.51	0.13349999999999795	TimeIntervals	Lick
59.777	0.10000000000000853	TimeIntervals	Lick
60.243750000000006	0.09999999999999432	TimeIntervals	Lick
61.51049999999999	0.06674999999999187	TimeIntervals	Lick
62.47749999999999	0.09999999999999432	TimeIntervals	Lick
63.51099999999999	0.06649999999999778	TimeIntervals	Lick
64.211	0.09999999999999432	TimeIntervals	Lick
64.511	0.10000000000000853	TimeIntervals	Reward
64.6445	0.43325000000001523	TimeIntervals	Lick
65.111	0.06674999999999898	TimeIntervals	Lick
65.211	0.23350000000000648	TimeIntervals	Lick
65.47800000000001	0.19999999999998863	TimeIntervals	Lick
65.71125	2.0670000000000073	TimeIntervals	Lick
67.81149999999998	0.20000000000001705	TimeIntervals	Lick
68.045	0.0999999999999801	TimeIntervals	Lick
68.17825	0.09999999999999432	TimeIntervals	Lick
68.31149999999998	0.5002500000000225	TimeIntervals	Lick
68.845	0.10000000000000853	TimeIntervals	Lick
68.97850000000001	0.09999999999999432	TimeIntervals	Lick
69.11175	0.10000000000000853	TimeIntervals	Lick
69.245	0.09999999999999432	TimeIntervals	Lick
69.37849999999999	0.13325000000000387	TimeIntervals	Lick
69.545	0.10025000000000261	TimeIntervals	Lick
69.67850000000001	0.13349999999998374	TimeIntervals	Lick
69.84525000000001	0.06674999999999898	TimeIntervals	Lick
70.112	0.2332500000000124	TimeIntervals	Lick
70.9455	0.10000000000000853	TimeIntervals	Lick
71.67875000000001	0.09999999999999432	TimeIntervals	Lick
72.679	0.09999999999999432	TimeIntervals	Lick
73.3125	0.09999999999999432	TimeIntervals	Lick
73.54575	0.0667500000000274	TimeIntervals	Lick
73.9125	0.09999999999999432	TimeIntervals	Lick
74.346	0.13325000000000387	TimeIntervals	Lick
74.546	0.10000000000000853	TimeIntervals	Lick
74.77925	0.06674999999999898	TimeIntervals	Lick
75.11250000000003	0.06700000000000728	TimeIntervals	Lick
75.27950000000001	0.03324999999998113	TimeIntervals	Lick
75.44600000000001	0.06674999999999898	TimeIntervals	Lick
75.61275	0.0667500000000274	TimeIntervals	Lick
75.746	0.06674999999999898	TimeIntervals	Lick
75.87950000000001	0.09999999999999432	TimeIntervals	Lick
76.046	0.10000000000000853	TimeIntervals	Lick
77.17950000000003	0.06674999999997056	TimeIntervals	Lick
77.41300000000001	0.09999999999999432	TimeIntervals	Lick
77.57975000000002	0.06674999999998477	TimeIntervals	Lick
77.67975000000001	0.09999999999999432	TimeIntervals	Lick
77.81299999999999	0.06675000000001319	TimeIntervals	Lick
77.91300000000001	0.06674999999999898	TimeIntervals	Lick
78.013	0.10000000000000853	TimeIntervals	Lick
78.1465	0.10000000000000853	TimeIntervals	Lick
78.27975	0.09999999999999432	TimeIntervals	Lick
78.41300000000001	0.1002499999999884	TimeIntervals	Lick
78.5465	0.10000000000000853	TimeIntervals	Lick
78.68000000000002	0.0999999999999801	TimeIntervals	Lick
78.81324999999998	0.06675000000001319	TimeIntervals	Lick
78.91325	0.09999999999999432	TimeIntervals	Lick
79.0465	0.13350000000002638	TimeIntervals	Lick
79.21325	0.0999999999999801	TimeIntervals	Lick
79.3465	0.10000000000000853	TimeIntervals	Lick
79.48000000000002	0.09999999999999432	TimeIntervals	Lick
79.51350000000001	0.06650000000000489	TimeIntervals	Reward
79.61350000000002	0.3999999999999915	TimeIntervals	Lick
80.04675	0.29999999999998295	TimeIntervals	Lick
80.38	0.20000000000001705	TimeIntervals	Lick
80.61350000000002	0.19999999999997442	TimeIntervals	Lick
80.847	0.06650000000000489	TimeIntervals	Lick
80.947	0.09999999999999432	TimeIntervals	Lick
81.08025	0.20000000000000284	TimeIntervals	Lick
81.31349999999999	0.10000000000000853	TimeIntervals	Lick
81.447	0.06650000000000489	TimeIntervals	Lick
81.547	0.10000000000003695	TimeIntervals	Lick
81.68025000000002	0.20024999999998272	TimeIntervals	Lick
81.91375	0.09999999999999432	TimeIntervals	Lick
82.047	0.20000000000000284	TimeIntervals	Lick
82.2805	0.09999999999999432	TimeIntervals	Lick
82.41375	0.09999999999999432	TimeIntervals	Lick
82.547	0.5002500000000083	TimeIntervals	Lick
83.0805	0.5	TimeIntervals	Lick
83.614	0.09999999999999432	TimeIntervals	Lick
83.74725000000001	0.09999999999999432	TimeIntervals	Lick
83.8805	0.23350000000000648	TimeIntervals	Lick
84.18075000000002	0.09999999999999432	TimeIntervals	Lick
84.314	0.06674999999999898	TimeIntervals	Lick
84.41399999999999	0.46675000000000466	TimeIntervals	Lick
85.41425000000001	0.36674999999999613	TimeIntervals	Lick
85.8475	0.10000000000000853	TimeIntervals	Lick
86.54775	0.10000000000000853	TimeIntervals	Reward
86.581	0.5335000000000178	TimeIntervals	Lick
87.14775	0.06674999999998477	TimeIntervals	Lick
87.248	0.2332500000000124	TimeIntervals	Lick
87.5145	0.3335000000000008	TimeIntervals	Lick
87.88125000000001	0.9334999999999951	TimeIntervals	Lick
88.848	0.3335000000000292	TimeIntervals	Lick
89.21474999999998	0.10000000000002274	TimeIntervals	Lick
89.348	0.20024999999999693	TimeIntervals	Lick
89.5815	0.10000000000002274	TimeIntervals	Lick
89.715	0.10000000000000853	TimeIntervals	Lick
89.84825	0.46675000000001887	TimeIntervals	Lick
90.34825	0.10000000000000853	TimeIntervals	Lick
90.48150000000001	0.2669999999999817	TimeIntervals	Lick
90.78174999999999	0.13325000000001808	TimeIntervals	Lick
90.9485	0.10000000000000853	TimeIntervals	Lick
91.08175000000001	0.09999999999999432	TimeIntervals	Lick
91.24849999999999	0.10000000000000853	TimeIntervals	Lick
91.415	0.06675000000001319	TimeIntervals	Lick
91.68200000000002	0.06649999999997647	TimeIntervals	Lick
91.98200000000001	0.06649999999999068	TimeIntervals	Lick
92.08200000000001	0.10000000000000853	TimeIntervals	Lick
92.21525	0.09999999999999432	TimeIntervals	Lick
92.3485	0.09999999999999432	TimeIntervals	Lick
92.48200000000001	0.06649999999999068	TimeIntervals	Lick
92.58200000000001	0.10000000000000853	TimeIntervals	Lick
92.7155	0.13324999999998965	TimeIntervals	Lick
92.882	0.06674999999999898	TimeIntervals	Lick
92.98200000000001	0.09999999999999432	TimeIntervals	Lick
93.14875	0.10000000000000853	TimeIntervals	Lick
93.282	0.10000000000002274	TimeIntervals	Lick
93.41550000000001	0.09999999999999432	TimeIntervals	Lick
93.54875000000001	0.09999999999999432	TimeIntervals	Reward
93.58200000000001	0.6670000000000016	TimeIntervals	Lick
94.28225	0.09999999999999432	TimeIntervals	Lick
94.41550000000001	0.20000000000000284	TimeIntervals	Lick
94.649	0.333500000000015	TimeIntervals	Lick
95.01575	0.7332500000000124	TimeIntervals	Lick
95.78250000000003	0.0999999999999659	TimeIntervals	Lick
95.91575	0.10025000000000261	TimeIntervals	Lick
96.04925000000001	0.09999999999999432	TimeIntervals	Lick
96.18250000000002	0.10000000000000853	TimeIntervals	Lick
96.31599999999999	0.10000000000002274	TimeIntervals	Lick
96.44925	0.20000000000000284	TimeIntervals	Lick
96.68250000000002	0.10000000000000853	TimeIntervals	Lick
96.81599999999999	0.10000000000002274	TimeIntervals	Lick
96.94925	0.3335000000000008	TimeIntervals	Lick
97.31599999999999	0.10000000000002274	TimeIntervals	Lick
97.44950000000001	0.09999999999999432	TimeIntervals	Lick
97.58275	0.10000000000002274	TimeIntervals	Lick
97.716	0.09999999999999432	TimeIntervals	Lick
97.84949999999999	0.10000000000002274	TimeIntervals	Lick
97.98275000000001	0.09999999999999432	TimeIntervals	Lick
98.11600000000001	0.1002499999999884	TimeIntervals	Lick
98.24950000000001	0.0999999999999801	TimeIntervals	Lick
98.383	0.10000000000002274	TimeIntervals	Lick
98.51625	0.10000000000002274	TimeIntervals	Lick
98.6495	0.13350000000001216	TimeIntervals	Lick
98.81625	0.09999999999999432	TimeIntervals	Lick
98.94950000000001	0.09999999999999432	TimeIntervals	Lick
99.08300000000001	0.23349999999999227	TimeIntervals	Lick
99.34975	0.13325000000001808	TimeIntervals	Lick
99.5165	0.10000000000002274	TimeIntervals	Lick
99.64975000000001	0.09999999999999432	TimeIntervals	Lick
99.8165	0.06649999999999068	TimeIntervals	Lick
99.94975	0.30000000000001137	TimeIntervals	Lick
100.28300000000002	0.0999999999999801	TimeIntervals	Lick
100.4165	0.09999999999999432	TimeIntervals	Lick
100.55000000000001	0.10000000000000853	TimeIntervals	Lick
100.7165	0.06675000000001319	TimeIntervals	Lick
100.8165	0.13349999999999795	TimeIntervals	Lick
101.0165	0.3335000000000008	TimeIntervals	Lick
101.4165	0.10025000000000261	TimeIntervals	Lick
101.55000000000001	0.10000000000000853	TimeIntervals	Lick
101.75	0.09999999999999432	TimeIntervals	Lick
101.8835	0.10000000000000853	TimeIntervals	Lick
102.01675	0.13325000000001808	TimeIntervals	Lick
102.2835	0.06649999999999068	TimeIntervals	Lick
102.45	0.10000000000000853	TimeIntervals	Lick
102.65025	0.20000000000000284	TimeIntervals	Lick
102.917	0.09999999999999432	TimeIntervals	Lick
103.25025	0.10000000000000853	TimeIntervals	Lick
103.45025000000001	0.19999999999998863	TimeIntervals	Lick
103.817	0.10000000000000853	TimeIntervals	Lick
103.98375000000001	0.13325000000000387	TimeIntervals	Lick
104.15050000000001	0.13325000000000387	TimeIntervals	Lick
104.35050000000001	0.06649999999999068	TimeIntervals	Lick
104.517	0.06675000000001319	TimeIntervals	Lick
104.88400000000001	0.09999999999999432	TimeIntervals	Lick
105.41725000000001	0.13325000000000387	TimeIntervals	Lick
105.68400000000001	0.06649999999997647	TimeIntervals	Lick
106.25075000000001	0.0999999999999801	TimeIntervals	Lick
106.4175	0.09999999999999432	TimeIntervals	Lick
106.55075000000001	0.10000000000000853	TimeIntervals	Lick
106.85074999999999	0.10025000000001683	TimeIntervals	Lick
107.0175	0.06675000000001319	TimeIntervals	Lick
107.18425000000002	0.13324999999997544	TimeIntervals	Lick
107.65100000000001	0.10000000000000853	TimeIntervals	Lick
107.8175	0.06675000000001319	TimeIntervals	Lick
107.95100000000001	0.10000000000000853	TimeIntervals	Lick
108.0845	0.10000000000000853	TimeIntervals	Lick
108.51774999999999	0.13325000000001808	TimeIntervals	Lick
108.71775	0.09999999999999432	TimeIntervals	Lick
109.0845	0.06650000000000489	TimeIntervals	Lick
109.25125000000001	0.06674999999998477	TimeIntervals	Lick
109.3845	0.06674999999999898	TimeIntervals	Lick
109.51799999999999	0.10000000000000853	TimeIntervals	Lick
110.98475	0.09999999999999432	TimeIntervals	Lick
111.35149999999999	0.10000000000000853	TimeIntervals	Lick
111.98500000000001	0.13324999999998965	TimeIntervals	Lick
112.48500000000001	0.09999999999999432	TimeIntervals	Lick
112.85175000000001	0.06674999999999898	TimeIntervals	Lick
112.98500000000001	0.13349999999999795	TimeIntervals	Lick
114.2185	0.09999999999999432	TimeIntervals	Lick
116.05225	0.06675000000001319	TimeIntervals	Lick
116.18550000000002	0.13349999999996953	TimeIntervals	Lick
116.35225000000001	0.09999999999999432	TimeIntervals	Lick
117.45250000000001	0.0999999999999801	TimeIntervals	Lick
118.25250000000001	0.13349999999998374	TimeIntervals	Lick
118.71924999999999	0.10000000000000853	TimeIntervals	Lick
118.95250000000001	0.0999999999999801	TimeIntervals	Lick
120.01950000000001	0.10000000000000853	TimeIntervals	Lick
120.453	0.06650000000000489	TimeIntervals	Lick
120.61950000000002	0.03350000000000364	TimeIntervals	Lick
120.7195	0.06674999999999898	TimeIntervals	Lick
120.8195	0.10000000000000853	TimeIntervals	Lick
120.95300000000002	0.20000000000000284	TimeIntervals	Lick
121.18625000000002	0.1002499999999884	TimeIntervals	Lick
121.31975	0.10000000000002274	TimeIntervals	Lick
121.45300000000002	0.0999999999999801	TimeIntervals	Lick
121.58650000000002	0.06650000000000489	TimeIntervals	Lick
121.68650000000001	0.09999999999999432	TimeIntervals	Lick
121.81975	0.10000000000002274	TimeIntervals	Lick
121.95300000000002	0.0999999999999801	TimeIntervals	Lick
122.11975000000001	0.0999999999999801	TimeIntervals	Lick
122.25300000000001	0.0999999999999801	TimeIntervals	Lick
122.42000000000002	0.20000000000000284	TimeIntervals	Lick
122.62000000000002	0.0999999999999801	TimeIntervals	Reward
122.65325000000003	0.5332499999999811	TimeIntervals	Lick
123.22	0.06650000000000489	TimeIntervals	Lick
123.31999999999998	0.10000000000003695	TimeIntervals	Lick
123.4535	0.20000000000001705	TimeIntervals	Lick
123.68675000000002	0.0999999999999801	TimeIntervals	Lick
123.81999999999998	0.0667500000000274	TimeIntervals	Lick
123.92000000000002	0.0999999999999801	TimeIntervals	Lick
124.05350000000001	0.10000000000000853	TimeIntervals	Lick
124.18675000000002	0.19999999999997442	TimeIntervals	Lick
124.42000000000002	0.0999999999999801	TimeIntervals	Lick
124.55350000000001	0.19999999999998863	TimeIntervals	Lick
124.78700000000002	0.0999999999999801	TimeIntervals	Lick
124.92025000000001	0.06674999999999898	TimeIntervals	Lick
125.02024999999999	0.10000000000003695	TimeIntervals	Lick
125.15350000000002	0.0999999999999801	TimeIntervals	Lick
125.28700000000002	0.0999999999999801	TimeIntervals	Lick
125.42025000000001	0.0999999999999801	TimeIntervals	Lick
125.55350000000001	0.10000000000000853	TimeIntervals	Lick
125.68700000000001	0.4000000000000057	TimeIntervals	Lick
126.1205	0.0999999999999801	TimeIntervals	Lick
126.25375000000003	0.0999999999999659	TimeIntervals	Lick
126.387	0.10000000000000853	TimeIntervals	Lick
126.5205	0.10000000000000853	TimeIntervals	Lick
126.65375000000002	0.13349999999999795	TimeIntervals	Lick
126.8205	0.06675000000001319	TimeIntervals	Lick
126.95400000000002	0.0999999999999801	TimeIntervals	Lick
127.1205	0.0999999999999801	TimeIntervals	Lick
127.28725000000001	0.06674999999999898	TimeIntervals	Lick
127.45400000000002	0.06649999999997647	TimeIntervals	Lick
127.754	0.10000000000000853	TimeIntervals	Lick
128.08749999999998	0.0665000000000191	TimeIntervals	Lick
128.22074999999998	0.3332500000000209	TimeIntervals	Lick
128.58749999999998	0.10000000000002274	TimeIntervals	Lick
128.72074999999998	0.1332500000000323	TimeIntervals	Lick
128.95425	0.06674999999998477	TimeIntervals	Lick
129.1875	0.09999999999999432	TimeIntervals	Lick
129.35425	0.09999999999999432	TimeIntervals	Lick
129.55425	0.10000000000002274	TimeIntervals	Lick
130.22099999999998	0.13350000000002638	TimeIntervals	Lick
130.5545	0.13325000000000387	TimeIntervals	Lick
130.68775	0.09999999999999432	TimeIntervals	Reward
130.82100000000003	0.2999999999999545	TimeIntervals	Lick
131.1545	0.06674999999998477	TimeIntervals	Lick
131.2545	0.09999999999999432	TimeIntervals	Lick
131.388	0.20000000000001705	TimeIntervals	Lick
131.62124999999997	0.5667500000000132	TimeIntervals	Lick
132.22149999999996	0.10000000000005116	TimeIntervals	Lick
132.35475	0.10000000000002274	TimeIntervals	Lick
132.488	0.19999999999998863	TimeIntervals	Lick
132.72149999999996	0.10000000000005116	TimeIntervals	Lick
132.85475	0.10000000000002274	TimeIntervals	Lick
132.988	0.19999999999998863	TimeIntervals	Lick
133.22149999999996	0.10000000000005116	TimeIntervals	Lick
133.35500000000002	0.3332499999999641	TimeIntervals	Lick
133.72149999999996	0.20000000000004547	TimeIntervals	Lick
133.955	0.0999999999999659	TimeIntervals	Lick
134.08825000000002	0.0999999999999659	TimeIntervals	Lick
134.22149999999996	0.10000000000005116	TimeIntervals	Lick
134.35500000000002	0.09999999999999432	TimeIntervals	Lick
134.48850000000002	0.10000000000002274	TimeIntervals	Lick
134.62174999999996	0.10000000000002274	TimeIntervals	Lick
134.755	0.10000000000002274	TimeIntervals	Lick
134.88850000000002	0.09999999999999432	TimeIntervals	Lick
135.02175	0.0999999999999659	TimeIntervals	Lick
135.155	0.13349999999999795	TimeIntervals	Lick
135.32175	0.09999999999999432	TimeIntervals	Lick
135.48850000000002	0.06674999999998477	TimeIntervals	Lick
135.62199999999999	0.09999999999999432	TimeIntervals	Lick
135.7885	0.10000000000002274	TimeIntervals	Lick
135.92200000000003	0.09999999999999432	TimeIntervals	Lick
136.05525	0.10000000000002274	TimeIntervals	Lick
136.18849999999998	0.06675000000001319	TimeIntervals	Lick
136.2885	0.10000000000002274	TimeIntervals	Lick
136.42200000000003	0.09999999999999432	TimeIntervals	Lick
136.58850000000004	0.10024999999995998	TimeIntervals	Lick
136.72200000000004	0.13349999999996953	TimeIntervals	Lick
136.88875000000002	0.0999999999999659	TimeIntervals	Lick
137.022	0.09999999999999432	TimeIntervals	Lick
137.18875	0.10000000000005116	TimeIntervals	Lick
137.322	0.09999999999999432	TimeIntervals	Lick
137.48874999999998	0.10000000000002274	TimeIntervals	Lick
137.6555	0.06650000000004752	TimeIntervals	Lick
137.72200000000004	0.033499999999975216	TimeIntervals	Reward
137.78900000000002	0.23324999999999818	TimeIntervals	Lick
138.05550000000002	0.9334999999999809	TimeIntervals	Lick
139.02250000000004	0.0999999999999659	TimeIntervals	Lick
139.189	0.10000000000002274	TimeIntervals	Lick
139.3225	0.20000000000004547	TimeIntervals	Lick
139.55575	0.4667500000000473	TimeIntervals	Lick
140.056	0.0999999999999659	TimeIntervals	Lick
140.18925	0.10000000000005116	TimeIntervals	Lick
140.3225	0.09999999999999432	TimeIntervals	Lick
140.45600000000002	0.09999999999999432	TimeIntervals	Lick
140.58925000000002	0.0999999999999659	TimeIntervals	Lick
140.72250000000005	0.13349999999996953	TimeIntervals	Lick
140.88925	0.10000000000002274	TimeIntervals	Lick
141.02250000000004	0.10024999999995998	TimeIntervals	Lick
141.15599999999998	0.1335000000000548	TimeIntervals	Lick
141.32275	0.09999999999999432	TimeIntervals	Lick
141.4895	0.0665000000000191	TimeIntervals	Lick
141.62275	0.10000000000002274	TimeIntervals	Lick
141.78950000000003	0.09999999999999432	TimeIntervals	Lick
141.9895	0.10000000000002274	TimeIntervals	Lick
142.15625	0.06675000000001319	TimeIntervals	Lick
142.28950000000003	0.1999999999999602	TimeIntervals	Lick
142.52300000000002	0.0999999999999659	TimeIntervals	Lick
142.723	0.0665000000000191	TimeIntervals	Lick
142.85625000000002	0.0999999999999659	TimeIntervals	Lick
143.1895	0.10025000000001683	TimeIntervals	Lick
143.3565	0.2664999999999793	TimeIntervals	Lick
143.6565	0.10000000000002274	TimeIntervals	Lick
143.823	0.09999999999999432	TimeIntervals	Lick
144.223	0.09999999999999432	TimeIntervals	Lick
144.62325	0.10000000000002274	TimeIntervals	Lick
145.29	0.10000000000002274	TimeIntervals	Lick
145.52349999999998	0.10000000000002274	TimeIntervals	Lick
145.9235	0.09999999999999432	TimeIntervals	Lick
146.3235	0.0665000000000191	TimeIntervals	Lick
146.4235	0.10000000000002274	TimeIntervals	Lick
146.657	0.0665000000000191	TimeIntervals	Lick
146.99025	0.06675000000001319	TimeIntervals	Lick
147.29025000000004	0.06674999999998477	TimeIntervals	Lick
147.5905	0.1332500000000323	TimeIntervals	Lick
148.35700000000003	0.09999999999999432	TimeIntervals	Lick
148.5905	0.10000000000002274	TimeIntervals	Lick
149.124	0.10000000000002274	TimeIntervals	Lick
149.624	0.10000000000002274	TimeIntervals	Lick
150.991	0.06649999999999068	TimeIntervals	Lick
151.4575	0.09999999999999432	TimeIntervals	Lick
151.69099999999997	0.10000000000005116	TimeIntervals	Lick
153.75800000000004	0.03324999999998113	TimeIntervals	Reward
153.89125	0.1667500000000075	TimeIntervals	Lick
154.09125	0.06674999999998477	TimeIntervals	Lick
154.1915	0.30000000000001137	TimeIntervals	Lick
154.52475	0.4332499999999868	TimeIntervals	Lick
154.9915	0.19999999999998863	TimeIntervals	Lick
155.22475000000003	0.2002499999999543	TimeIntervals	Lick
155.45825000000002	0.09999999999999432	TimeIntervals	Lick
155.59150000000002	0.19999999999998863	TimeIntervals	Lick
155.825	0.09999999999999432	TimeIntervals	Lick
155.95825000000002	0.1999999999999602	TimeIntervals	Lick
156.1915	0.10000000000002274	TimeIntervals	Lick
156.325	0.09999999999999432	TimeIntervals	Lick
156.4585	0.20000000000001705	TimeIntervals	Lick
156.69174999999998	0.10000000000005116	TimeIntervals	Lick
156.825	0.09999999999999432	TimeIntervals	Lick
156.9585	0.10000000000005116	TimeIntervals	Lick
157.09175000000002	0.0999999999999659	TimeIntervals	Lick
157.25850000000003	0.06649999999996226	TimeIntervals	Lick
157.3585	0.333500000000015	TimeIntervals	Lick
157.72525000000002	0.13325000000000387	TimeIntervals	Lick
158.25850000000003	0.13349999999999795	TimeIntervals	Lick
158.55850000000004	0.10024999999995998	TimeIntervals	Lick
158.72550000000004	0.13324999999997544	TimeIntervals	Lick
159.22550000000004	0.0999999999999659	TimeIntervals	Lick
159.79225000000002	0.13324999999997544	TimeIntervals	Lick
160.959	0.10000000000002274	TimeIntervals	Lick
161.12574999999998	0.1332500000000607	TimeIntervals	Lick
161.59250000000003	0.0999999999999659	TimeIntervals	Lick
162.25925000000004	0.0999999999999659	TimeIntervals	Lick
162.42600000000002	0.06649999999999068	TimeIntervals	Lick
162.72600000000003	0.13324999999997544	TimeIntervals	Lick
163.39275	0.09999999999999432	TimeIntervals	Lick
163.89275	0.0999999999999659	TimeIntervals	Lick
164.25950000000003	0.09999999999999432	TimeIntervals	Lick
164.39300000000003	0.0999999999999659	TimeIntervals	Lick
165.15949999999998	0.10025000000004525	TimeIntervals	Lick
165.55975	0.06674999999998477	TimeIntervals	Lick
165.8265	0.09999999999999432	TimeIntervals	Lick
166.49325000000002	0.06674999999998477	TimeIntervals	Lick
166.76000000000002	0.09999999999999432	TimeIntervals	Lick
166.89325000000002	0.06675000000001319	TimeIntervals	Lick
166.99325000000002	0.09999999999999432	TimeIntervals	Lick
167.1265	0.06675000000001319	TimeIntervals	Lick
167.22650000000004	0.0999999999999659	TimeIntervals	Lick
167.36	0.06675000000001319	TimeIntervals	Lick
167.46000000000004	0.0999999999999659	TimeIntervals	Lick
167.5935	0.20000000000004547	TimeIntervals	Lick
167.82675	0.10000000000002274	TimeIntervals	Lick
167.96000000000004	0.0999999999999659	TimeIntervals	Lick
168.0935	0.09999999999999432	TimeIntervals	Lick
168.22675000000004	0.0999999999999659	TimeIntervals	Lick
168.39350000000002	0.0665000000000191	TimeIntervals	Lick
168.52700000000002	0.09999999999999432	TimeIntervals	Lick
168.66025	0.6332500000000607	TimeIntervals	Lick
168.76024999999998	0.06675000000001319	TimeIntervals	Reward
169.327	0.0665000000000191	TimeIntervals	Lick
169.427	0.10000000000002274	TimeIntervals	Lick
169.56050000000002	0.19999999999998863	TimeIntervals	Lick
169.79375000000002	0.0999999999999659	TimeIntervals	Lick
169.927	0.10000000000002274	TimeIntervals	Lick
170.06050000000002	0.19999999999998863	TimeIntervals	Lick
170.29375000000002	0.0999999999999659	TimeIntervals	Lick
170.427	0.10000000000002274	TimeIntervals	Lick
170.56050000000002	0.0999999999999659	TimeIntervals	Lick
170.69400000000002	0.10000000000005116	TimeIntervals	Lick
170.82725000000002	0.09999999999999432	TimeIntervals	Lick
170.96050000000002	0.09999999999999432	TimeIntervals	Lick
171.09400000000005	0.0999999999999659	TimeIntervals	Lick
171.22725000000003	0.09999999999999432	TimeIntervals	Lick
171.3605	0.10000000000002274	TimeIntervals	Lick
171.494	0.46675000000001887	TimeIntervals	Lick
171.994	0.2667500000000018	TimeIntervals	Lick
172.29400000000007	0.09999999999993747	TimeIntervals	Lick
172.4275	0.09999999999999432	TimeIntervals	Lick
172.56075	0.13325000000000387	TimeIntervals	Lick
172.72750000000002	0.09999999999999432	TimeIntervals	Lick
172.86100000000002	0.09999999999999432	TimeIntervals	Lick
172.99425000000002	0.09999999999999432	TimeIntervals	Lick
173.161	0.10000000000002274	TimeIntervals	Lick
173.32750000000001	0.09999999999999432	TimeIntervals	Lick
173.461	0.30000000000001137	TimeIntervals	Lick
173.79425000000003	0.13324999999997544	TimeIntervals	Lick
174.5945	0.13325000000000387	TimeIntervals	Lick
174.76100000000002	0.3334999999999866	TimeIntervals	Lick
175.22800000000004	0.09999999999999432	TimeIntervals	Lick
175.72800000000004	0.09999999999999432	TimeIntervals	Lick
175.928	0.0665000000000191	TimeIntervals	Lick
176.22800000000004	0.4334999999999525	TimeIntervals	Lick
176.8615	0.13325000000000387	TimeIntervals	Lick
177.46150000000003	0.13349999999999795	TimeIntervals	Lick
178.52850000000004	0.09999999999993747	TimeIntervals	Lick
178.86175000000003	0.06674999999998477	TimeIntervals	Lick
179.02850000000004	0.06649999999999068	TimeIntervals	Lick
179.19500000000002	0.10000000000002274	TimeIntervals	Lick
179.32850000000005	0.0999999999999659	TimeIntervals	Lick
179.46200000000002	0.0665000000000191	TimeIntervals	Lick
179.562	0.19999999999998863	TimeIntervals	Lick
179.79525	0.06675000000001319	TimeIntervals	Lick
179.89525000000003	0.3332499999999925	TimeIntervals	Lick
180.262	0.1332500000000323	TimeIntervals	Lick
180.4285	0.10000000000002274	TimeIntervals	Lick
180.59550000000002	0.06649999999999068	TimeIntervals	Lick
180.6955	0.10000000000002274	TimeIntervals	Lick
180.82875	0.0999999999999659	TimeIntervals	Lick
180.82875	0.06675000000001319	TimeIntervals	Reward
180.96200000000002	0.09999999999999432	TimeIntervals	Lick
181.09550000000002	0.06649999999999068	TimeIntervals	Lick
181.1955	0.20000000000001705	TimeIntervals	Lick
181.42874999999998	0.20000000000004547	TimeIntervals	Lick
181.662	0.10025000000001683	TimeIntervals	Lick
181.79550000000003	0.09999999999999432	TimeIntervals	Lick
181.929	0.19999999999998863	TimeIntervals	Lick
182.16225	0.10000000000002274	TimeIntervals	Lick
182.29550000000003	0.1999999999999602	TimeIntervals	Lick
182.52900000000002	0.0999999999999659	TimeIntervals	Lick
182.66225	0.20025000000003956	TimeIntervals	Lick
182.89575000000005	0.0999999999999659	TimeIntervals	Lick
183.02900000000002	0.0999999999999659	TimeIntervals	Lick
183.16250000000002	0.09999999999999432	TimeIntervals	Lick
183.29575000000003	0.2667500000000018	TimeIntervals	Lick
183.59575	0.2332500000000266	TimeIntervals	Lick
183.86250000000004	0.09999999999993747	TimeIntervals	Lick
183.996	0.09999999999999432	TimeIntervals	Lick
184.12925	0.0999999999999659	TimeIntervals	Lick
184.29600000000002	0.09999999999999432	TimeIntervals	Lick
184.46249999999998	0.10000000000005116	TimeIntervals	Lick
184.72924999999998	0.3002500000000339	TimeIntervals	Lick
185.4295	0.03325000000003797	TimeIntervals	Lick
185.5295	0.5667500000000132	TimeIntervals	Lick
186.26299999999998	0.06650000000004752	TimeIntervals	Lick
186.49624999999997	0.366750000000053	TimeIntervals	Lick
186.9295	0.10000000000002274	TimeIntervals	Lick
187.49650000000003	0.09999999999993747	TimeIntervals	Lick
188.09649999999996	0.10000000000005116	TimeIntervals	Lick
188.59649999999996	0.10000000000005116	TimeIntervals	Lick
189.06325	0.09999999999999432	TimeIntervals	Lick
189.59675000000001	0.13325000000000387	TimeIntervals	Lick
189.83	0.06674999999998477	TimeIntervals	Lick
190.16349999999997	0.10000000000005116	TimeIntervals	Lick
190.33	0.06674999999998477	TimeIntervals	Lick
190.43	0.20024999999998272	TimeIntervals	Lick
191.06349999999998	0.06675000000001319	TimeIntervals	Lick
191.197	0.0665000000000191	TimeIntervals	Lick
192.0305	0.09999999999999432	TimeIntervals	Lick
193.5305	0.09999999999999432	TimeIntervals	Lick
193.69725	0.13350000000002638	TimeIntervals	Lick
194.1975	0.10000000000005116	TimeIntervals	Lick
194.89750000000004	0.0999999999999659	TimeIntervals	Lick
195.09750000000003	0.06674999999998477	TimeIntervals	Lick
195.56425	0.10000000000002274	TimeIntervals	Lick
195.99775	0.09999999999999432	TimeIntervals	Lick
196.33100000000002	0.06674999999998477	TimeIntervals	Lick
196.631	0.10000000000002274	TimeIntervals	Lick
196.76450000000003	0.0999999999999659	TimeIntervals	Lick
197.6645	0.10000000000002274	TimeIntervals	Lick
198.098	0.09999999999999432	TimeIntervals	Lick
198.26475000000002	0.09999999999999432	TimeIntervals	Lick
198.49800000000002	0.09999999999999432	TimeIntervals	Lick
198.6315	0.0665000000000191	TimeIntervals	Lick
198.73150000000004	0.0999999999999659	TimeIntervals	Lick
198.86475000000002	0.09999999999999432	TimeIntervals	Lick
198.99800000000002	0.06674999999998477	TimeIntervals	Lick
199.098	0.09999999999999432	TimeIntervals	Lick
199.23150000000004	0.0999999999999659	TimeIntervals	Lick
199.36500000000004	0.0999999999999659	TimeIntervals	Lick
199.49825	0.0999999999999659	TimeIntervals	Lick
199.6315	0.10000000000005116	TimeIntervals	Lick
199.76500000000001	0.10000000000002274	TimeIntervals	Lick
199.86500000000004	0.06649999999996226	TimeIntervals	Reward
199.89825000000002	0.09999999999999432	TimeIntervals	Lick
200.0315	0.30000000000001137	TimeIntervals	Lick
200.36500000000004	0.2999999999999545	TimeIntervals	Lick
200.6985	0.4332499999999868	TimeIntervals	Lick
201.165	0.333500000000015	TimeIntervals	Lick
201.532	0.19999999999998863	TimeIntervals	Lick
201.76525	0.10000000000002274	TimeIntervals	Lick
201.8985	0.09999999999999432	TimeIntervals	Lick
202.032	0.36650000000000205	TimeIntervals	Lick
202.43200000000002	0.09999999999999432	TimeIntervals	Lick
202.5655	0.10000000000005116	TimeIntervals	Lick
202.69875000000002	0.09999999999999432	TimeIntervals	Lick
202.83200000000002	0.09999999999999432	TimeIntervals	Lick
202.9655	0.09999999999999432	TimeIntervals	Lick
203.09875	0.3332500000000209	TimeIntervals	Lick
203.4655	0.09999999999999432	TimeIntervals	Lick
203.632	0.06699999999997885	TimeIntervals	Lick
203.73225	0.30000000000001137	TimeIntervals	Lick
204.0655	0.10000000000005116	TimeIntervals	Lick
204.23225	1.4335000000000093	TimeIntervals	Lick
205.699	0.5669999999999789	TimeIntervals	Lick
206.29925000000003	0.3667499999999677	TimeIntervals	Lick
206.79925000000003	0.1667500000000075	TimeIntervals	Lick
206.99949999999998	0.16650000000001342	TimeIntervals	Lick
207.1995	0.20000000000001705	TimeIntervals	Lick
207.43275	0.2667500000000018	TimeIntervals	Lick
207.73275000000004	0.16674999999997908	TimeIntervals	Lick
208.06625000000003	0.0999999999999659	TimeIntervals	Lick
208.29950000000005	0.0999999999999659	TimeIntervals	Lick
208.433	0.09999999999999432	TimeIntervals	Lick
208.59949999999998	0.26675000000005866	TimeIntervals	Lick
209.06625000000003	0.1002499999999884	TimeIntervals	Lick
209.26650000000004	0.09999999999999432	TimeIntervals	Lick
209.433	0.1667500000000075	TimeIntervals	Lick
209.633	0.09999999999999432	TimeIntervals	Lick
209.76650000000004	0.09999999999999432	TimeIntervals	Lick
209.89975	0.23324999999999818	TimeIntervals	Lick
210.5	0.10000000000002274	TimeIntervals	Lick
210.63325	0.10000000000002274	TimeIntervals	Lick
210.76650000000004	0.06674999999998477	TimeIntervals	Lick
210.86650000000003	0.13349999999996953	TimeIntervals	Lick
211.03324999999995	0.2000000000000739	TimeIntervals	Lick
211.26650000000004	0.13349999999999795	TimeIntervals	Lick
211.4335	0.06649999999999068	TimeIntervals	Lick
211.56675	0.0999999999999659	TimeIntervals	Lick
211.70000000000002	0.10000000000002274	TimeIntervals	Lick
211.86675	0.10000000000005116	TimeIntervals	Lick
212.0	0.10000000000002274	TimeIntervals	Lick
212.13350000000003	0.13325000000000387	TimeIntervals	Lick
212.30000000000004	0.09999999999999432	TimeIntervals	Lick
212.4335	0.0999999999999659	TimeIntervals	Lick
212.567	0.0999999999999659	TimeIntervals	Lick
212.70025000000004	0.0999999999999659	TimeIntervals	Lick
212.8335	0.13350000000002638	TimeIntervals	Lick
212.90025	0.10000000000002274	TimeIntervals	Reward
213.00025000000002	1.10024999999996	TimeIntervals	Lick
214.13375	0.10000000000002274	TimeIntervals	Lick
214.26700000000002	0.0999999999999659	TimeIntervals	Lick
214.40050000000002	0.09999999999999432	TimeIntervals	Lick
214.53375	0.10025000000001683	TimeIntervals	Lick
214.66724999999997	0.2000000000000739	TimeIntervals	Lick
214.90050000000002	0.09999999999999432	TimeIntervals	Lick
215.03399999999996	0.33325000000007776	TimeIntervals	Lick
215.40050000000002	0.09999999999999432	TimeIntervals	Lick
215.53399999999996	0.10000000000005116	TimeIntervals	Lick
215.66724999999997	0.10025000000004525	TimeIntervals	Lick
215.80075	0.10000000000005116	TimeIntervals	Lick
215.93400000000003	0.23349999999996385	TimeIntervals	Lick
216.20075000000003	0.36675000000002456	TimeIntervals	Lick
216.60075	0.10000000000002274	TimeIntervals	Lick
216.734	0.1002499999999884	TimeIntervals	Lick
216.8675	0.10000000000002274	TimeIntervals	Lick
217.00099999999998	0.1332500000000323	TimeIntervals	Lick
217.1675	0.10000000000002274	TimeIntervals	Lick
217.30100000000002	0.10000000000002274	TimeIntervals	Lick
217.43425	0.4000000000000057	TimeIntervals	Lick
217.8675	0.13349999999996953	TimeIntervals	Lick
218.03449999999998	0.0665000000000191	TimeIntervals	Lick
218.1345	0.13325000000000387	TimeIntervals	Lick
218.33450000000002	0.09999999999999432	TimeIntervals	Lick
218.46775	0.06674999999998477	TimeIntervals	Lick
218.601	0.13350000000002638	TimeIntervals	Lick
218.80100000000002	0.10000000000002274	TimeIntervals	Lick
219.10125	0.10000000000002274	TimeIntervals	Lick
219.30124999999998	0.10000000000002274	TimeIntervals	Lick
219.60125	0.10000000000002274	TimeIntervals	Lick
219.80124999999998	0.06675000000007003	TimeIntervals	Lick
219.90125	0.09999999999999432	TimeIntervals	Lick
220.03449999999998	0.06700000000000728	TimeIntervals	Lick
220.16799999999998	0.10000000000005116	TimeIntervals	Lick
220.33475	0.06674999999998477	TimeIntervals	Lick
220.468	0.06675000000001319	TimeIntervals	Lick
220.63475	0.10000000000002274	TimeIntervals	Lick
220.76800000000003	0.10000000000002274	TimeIntervals	Lick
220.968	0.2335000000000207	TimeIntervals	Lick
221.26825000000002	0.09999999999999432	TimeIntervals	Lick
221.7015	0.09999999999999432	TimeIntervals	Lick
222.0015	0.06675000000001319	TimeIntervals	Lick
222.1015	0.10000000000002274	TimeIntervals	Lick
222.60175	0.06674999999998477	TimeIntervals	Lick
222.735	0.10000000000002274	TimeIntervals	Lick
222.90175000000002	0.0999999999999659	TimeIntervals	Lick
223.0685	0.09999999999999432	TimeIntervals	Lick
223.20175	0.20025000000001114	TimeIntervals	Lick
223.502	0.09999999999999432	TimeIntervals	Lick
223.90200000000002	0.09999999999999432	TimeIntervals	Lick
224.23525	0.09999999999999432	TimeIntervals	Lick
224.43525	0.06675000000001319	TimeIntervals	Lick
224.602	0.13349999999999795	TimeIntervals	Lick
225.26875	0.10000000000002274	TimeIntervals	Lick
225.40200000000002	0.06674999999998477	TimeIntervals	Lick
225.93550000000002	0.06674999999998477	TimeIntervals	Lick
226.069	0.10000000000002274	TimeIntervals	Lick
226.30225000000002	0.09999999999999432	TimeIntervals	Lick
226.50225	0.09999999999999432	TimeIntervals	Lick
226.96900000000002	0.06674999999998477	TimeIntervals	Lick
227.53575	0.06674999999998477	TimeIntervals	Lick
227.7025	0.10000000000005116	TimeIntervals	Lick
228.2025	0.06675000000001319	TimeIntervals	Lick
228.4025	0.10000000000002274	TimeIntervals	Lick
229.73600000000002	0.09999999999999432	TimeIntervals	Lick
230.63625000000002	0.09999999999999432	TimeIntervals	Lick
230.80300000000003	0.06649999999999068	TimeIntervals	Lick
230.93625000000003	0.06674999999998477	TimeIntervals	Lick
231.0695	0.06700000000000728	TimeIntervals	Lick
231.203	0.06674999999998477	TimeIntervals	Lick
231.30300000000003	0.0999999999999659	TimeIntervals	Lick
231.43650000000002	0.06649999999999068	TimeIntervals	Lick
231.53650000000002	0.09999999999999432	TimeIntervals	Lick
231.66975000000002	0.20000000000001705	TimeIntervals	Lick
231.903	0.10000000000002274	TimeIntervals	Lick
232.03650000000002	0.3667499999999677	TimeIntervals	Lick
232.43650000000002	0.09999999999999432	TimeIntervals	Lick
232.57	0.0665000000000191	TimeIntervals	Lick
232.7365	0.20000000000001705	TimeIntervals	Lick
232.97000000000003	0.7334999999999638	TimeIntervals	Lick
232.97000000000003	0.0999999999999659	TimeIntervals	Reward
233.73675000000003	0.1999999999999602	TimeIntervals	Lick
233.97000000000003	0.0999999999999659	TimeIntervals	Lick
234.1035	0.09999999999999432	TimeIntervals	Lick
234.23675000000003	0.06674999999998477	TimeIntervals	Lick
234.33675	0.1002499999999884	TimeIntervals	Lick
234.47025000000002	0.1999999999999602	TimeIntervals	Lick
234.7035	0.10000000000002274	TimeIntervals	Lick
234.83700000000002	0.1999999999999602	TimeIntervals	Lick
235.07025000000002	0.0999999999999659	TimeIntervals	Lick
235.2035	0.10000000000002274	TimeIntervals	Lick
235.33700000000002	0.0999999999999659	TimeIntervals	Lick
235.4705	0.06649999999999068	TimeIntervals	Lick
235.5705	0.09999999999999432	TimeIntervals	Lick
235.70375000000004	0.0999999999999659	TimeIntervals	Lick
235.83700000000002	0.0999999999999659	TimeIntervals	Lick
235.9705	0.10000000000002274	TimeIntervals	Lick
236.10375	0.10000000000005116	TimeIntervals	Lick
236.23700000000005	0.0999999999999659	TimeIntervals	Lick
236.37050000000002	0.0999999999999659	TimeIntervals	Lick
236.50375000000003	0.1002499999999884	TimeIntervals	Lick
236.63725	0.10000000000002274	TimeIntervals	Lick
236.77050000000003	0.2667499999999734	TimeIntervals	Lick
237.0705	0.09999999999999432	TimeIntervals	Lick
237.20400000000004	0.0999999999999659	TimeIntervals	Lick
237.33725	0.0999999999999659	TimeIntervals	Lick
237.504	0.10000000000002274	TimeIntervals	Lick
237.63725	0.10025000000004525	TimeIntervals	Lick
237.804	0.09999999999999432	TimeIntervals	Lick
237.9375	0.10000000000002274	TimeIntervals	Lick
238.104	0.06675000000001319	TimeIntervals	Lick
238.23750000000004	0.06649999999996226	TimeIntervals	Lick
238.404	0.09999999999999432	TimeIntervals	Lick
238.63750000000002	0.966749999999962	TimeIntervals	Lick
239.8375	0.06699999999997885	TimeIntervals	Lick
240.0045	0.0665000000000191	TimeIntervals	Lick
240.13774999999998	0.10000000000002274	TimeIntervals	Lick
240.271	0.3334999999999866	TimeIntervals	Lick
240.83775	0.06674999999998477	TimeIntervals	Lick
240.93775	0.1002499999999884	TimeIntervals	Lick
241.37125000000003	0.0999999999999659	TimeIntervals	Lick
241.63799999999998	0.10000000000005116	TimeIntervals	Lick
241.8045	0.10000000000002274	TimeIntervals	Lick
242.53799999999998	0.09999999999999432	TimeIntervals	Lick
243.1715	0.09999999999999432	TimeIntervals	Lick
243.53825	0.3332500000000209	TimeIntervals	Lick
244.33850000000004	0.06649999999999068	TimeIntervals	Lick
244.43849999999998	0.10000000000002274	TimeIntervals	Lick
244.77175	0.10000000000002274	TimeIntervals	Lick
244.90500000000003	0.0999999999999659	TimeIntervals	Lick
245.73850000000002	0.06674999999995634	TimeIntervals	Lick
246.07200000000006	0.13324999999994702	TimeIntervals	Lick
246.5055	0.06650000000004752	TimeIntervals	Lick
247.1055	0.10000000000002274	TimeIntervals	Lick
247.57200000000006	0.10024999999995998	TimeIntervals	Lick
247.87225	0.06675000000004161	TimeIntervals	Lick
247.97225000000003	0.06674999999998477	TimeIntervals	Lick
248.07225	0.10000000000002274	TimeIntervals	Lick
248.23899999999998	0.10000000000002274	TimeIntervals	Lick
248.90575	0.06675000000001319	TimeIntervals	Lick
249.50575000000003	0.09999999999999432	TimeIntervals	Lick
250.07250000000002	0.10000000000002274	TimeIntervals	Lick
250.40599999999995	0.10000000000007958	TimeIntervals	Lick
251.706	0.10000000000002274	TimeIntervals	Lick
251.87275	0.1002499999999884	TimeIntervals	Lick
252.70625000000004	0.09999999999999432	TimeIntervals	Lick
253.03950000000003	0.03350000000000364	TimeIntervals	Lick
253.43975	0.10000000000002274	TimeIntervals	Lick
253.83975	0.09999999999999432	TimeIntervals	Lick
254.80650000000003	0.10000000000002274	TimeIntervals	Lick
255.17325000000005	0.06674999999998477	TimeIntervals	Lick
255.27350000000004	0.0999999999999659	TimeIntervals	Lick
255.40675	0.06675000000001319	TimeIntervals	Lick
255.50674999999998	0.10000000000002274	TimeIntervals	Lick
255.63999999999996	0.06675000000007003	TimeIntervals	Lick
255.74000000000004	0.1999999999999602	TimeIntervals	Lick
255.9735	0.0999999999999659	TimeIntervals	Lick
256.10675	0.20000000000010232	TimeIntervals	Lick
256.50699999999995	0.10000000000002274	TimeIntervals	Lick
256.64025	0.20000000000004547	TimeIntervals	Lick
256.8735	0.0999999999999659	TimeIntervals	Lick
257.00699999999995	0.8667500000000246	TimeIntervals	Lick
257.07349999999997	0.03350000000000364	TimeIntervals	Reward
257.907	0.30000000000001137	TimeIntervals	Lick
258.24049999999994	0.06650000000013279	TimeIntervals	Lick
258.3405	0.1999999999999318	TimeIntervals	Lick
258.57399999999996	0.10000000000002274	TimeIntervals	Lick
258.70725	0.10000000000002274	TimeIntervals	Lick
258.8405	0.1999999999999318	TimeIntervals	Lick
259.07399999999996	0.19999999999998863	TimeIntervals	Lick
259.30725	0.0999999999999659	TimeIntervals	Lick
259.4405	0.0999999999999659	TimeIntervals	Lick
259.57399999999996	0.10000000000002274	TimeIntervals	Lick
259.7075	0.10000000000002274	TimeIntervals	Lick
259.84075	0.0999999999999659	TimeIntervals	Lick
259.97399999999993	0.10000000000002274	TimeIntervals	Lick
260.1075	0.0999999999999659	TimeIntervals	Lick
260.24074999999993	0.10000000000007958	TimeIntervals	Lick
260.374	0.09999999999990905	TimeIntervals	Lick
260.5075	0.33349999999995816	TimeIntervals	Lick
260.87424999999996	0.10000000000002274	TimeIntervals	Lick
261.0075	0.10000000000002274	TimeIntervals	Lick
261.141	0.23324999999994134	TimeIntervals	Lick
261.40749999999997	0.10000000000002274	TimeIntervals	Lick
261.57424999999995	0.1332500000000323	TimeIntervals	Lick
261.741	0.0999999999999659	TimeIntervals	Lick
262.2745	0.0999999999999659	TimeIntervals	Lick
262.7745	0.0999999999999659	TimeIntervals	Lick
263.04124999999993	0.2667500000001155	TimeIntervals	Lick
263.74125	0.06675000000007003	TimeIntervals	Lick
263.87449999999995	0.06675000000001319	TimeIntervals	Lick
264.0415	0.06649999999996226	TimeIntervals	Lick
264.2414999999999	0.06650000000013279	TimeIntervals	Lick
265.175	0.09999999999990905	TimeIntervals	Lick
265.3415	0.13349999999996953	TimeIntervals	Lick
266.44174999999996	0.10000000000002274	TimeIntervals	Lick
266.8085	0.10000000000002274	TimeIntervals	Lick
267.64200000000005	0.0999999999999659	TimeIntervals	Lick
269.54224999999997	0.10000000000002274	TimeIntervals	Lick
270.67575	0.0999999999999659	TimeIntervals	Lick
271.27574999999996	0.10000000000007958	TimeIntervals	Lick
271.4425	0.13324999999997544	TimeIntervals	Lick
271.84250000000003	0.0999999999999659	TimeIntervals	Lick
272.97599999999994	0.10000000000007958	TimeIntervals	Lick
273.076	0.06675000000001319	TimeIntervals	Reward
273.27599999999995	0.6335000000000832	TimeIntervals	Lick
273.94300000000004	1.099999999999966	TimeIntervals	Lick
275.07649999999995	0.3332500000000209	TimeIntervals	Lick
275.44300000000004	0.19999999999998863	TimeIntervals	Lick
275.6765	0.20000000000004547	TimeIntervals	Lick
275.90975	0.10000000000002274	TimeIntervals	Lick
276.043	0.10025000000001683	TimeIntervals	Lick
276.1765	0.0999999999999659	TimeIntervals	Lick
276.31	0.10000000000002274	TimeIntervals	Lick
276.44325000000003	0.23324999999994134	TimeIntervals	Lick
276.71	0.10000000000002274	TimeIntervals	Lick
276.84325000000007	0.0999999999999659	TimeIntervals	Lick
277.01	0.10000000000002274	TimeIntervals	Lick
277.27675	0.10000000000002274	TimeIntervals	Lick
277.71	0.13350000000002638	TimeIntervals	Lick
278.07674999999995	0.06675000000012687	TimeIntervals	Lick
278.577	0.10000000000007958	TimeIntervals	Lick
279.47700000000003	0.0999999999999659	TimeIntervals	Lick
279.97700000000003	0.13349999999996953	TimeIntervals	Lick
280.644	0.0999999999999659	TimeIntervals	Lick
282.51075000000003	0.10000000000002274	TimeIntervals	Lick
283.04425	0.10000000000002274	TimeIntervals	Lick
283.37749999999994	0.10000000000007958	TimeIntervals	Lick
283.6775	0.06675000000001319	TimeIntervals	Lick
283.97775	0.09999999999990905	TimeIntervals	Lick
284.811	0.10000000000007958	TimeIntervals	Lick
285.54449999999997	0.10000000000002274	TimeIntervals	Lick
285.71124999999995	0.06675000000001319	TimeIntervals	Lick
285.81125000000003	0.10000000000002274	TimeIntervals	Lick
285.9445	0.06699999999995043	TimeIntervals	Lick
286.04475	0.10000000000002274	TimeIntervals	Lick
286.178	0.06675000000001319	TimeIntervals	Lick
286.27799999999996	0.06675000000001319	TimeIntervals	Lick
286.41150000000005	0.09999999999990905	TimeIntervals	Lick
286.54475	0.06675000000001319	TimeIntervals	Lick
286.64475000000004	0.0999999999999659	TimeIntervals	Lick
286.77799999999996	0.10000000000002274	TimeIntervals	Lick
286.91150000000005	0.09999999999990905	TimeIntervals	Lick
287.04475	0.10024999999995998	TimeIntervals	Lick
287.17825	0.0999999999999659	TimeIntervals	Lick
287.3115	0.10000000000002274	TimeIntervals	Lick
287.44500000000005	0.0999999999999659	TimeIntervals	Lick
287.57824999999997	0.19999999999998863	TimeIntervals	Lick
287.8115	0.1999999999999318	TimeIntervals	Lick
288.045	0.0999999999999659	TimeIntervals	Lick
288.07824999999997	0.10000000000002274	TimeIntervals	Reward
288.17825	0.6335000000000264	TimeIntervals	Lick
288.845	0.19999999999998863	TimeIntervals	Lick
289.0785	0.0999999999999659	TimeIntervals	Lick
289.21174999999994	0.2002500000000964	TimeIntervals	Lick
289.44525	0.19999999999998863	TimeIntervals	Lick
289.6785	0.09999999999990905	TimeIntervals	Lick
289.812	0.3332499999999641	TimeIntervals	Lick
290.1785	0.09999999999990905	TimeIntervals	Lick
290.312	0.19999999999998863	TimeIntervals	Lick
290.54549999999995	0.10000000000007958	TimeIntervals	Lick
290.67875000000004	0.09999999999990905	TimeIntervals	Lick
290.812	0.10000000000002274	TimeIntervals	Lick
290.9455	0.0999999999999659	TimeIntervals	Lick
291.07874999999996	0.23325000000005502	TimeIntervals	Lick
291.3455	0.6334999999999695	TimeIntervals	Lick
292.01225	0.10000000000002274	TimeIntervals	Lick
292.1455	0.0999999999999659	TimeIntervals	Lick
292.27899999999994	0.10000000000002274	TimeIntervals	Lick
292.41225000000003	0.0999999999999659	TimeIntervals	Lick
292.54549999999995	0.13350000000008322	TimeIntervals	Lick
292.7124999999999	0.10000000000007958	TimeIntervals	Lick
292.87899999999996	0.10000000000002274	TimeIntervals	Lick
293.0125	0.26650000000000773	TimeIntervals	Lick
293.34575	0.19999999999998863	TimeIntervals	Lick
293.64575	0.0667499999998995	TimeIntervals	Lick
293.77925	0.19999999999998863	TimeIntervals	Lick
294.0125	0.13350000000002638	TimeIntervals	Lick
294.4125000000001	0.0667499999998995	TimeIntervals	Lick
294.57924999999994	0.06675000000007003	TimeIntervals	Lick
294.7124999999999	0.30025000000011914	TimeIntervals	Lick
295.2459999999999	0.06675000000012687	TimeIntervals	Lick
295.4795	0.0999999999999659	TimeIntervals	Lick
295.7459999999999	0.06675000000012687	TimeIntervals	Lick
296.07949999999994	0.10000000000007958	TimeIntervals	Lick
296.31300000000005	0.0999999999999659	TimeIntervals	Lick
296.4795	0.0999999999999659	TimeIntervals	Lick
296.64625	0.0999999999999659	TimeIntervals	Lick
297.27975	0.0999999999999659	TimeIntervals	Lick
297.4465	0.03325000000000955	TimeIntervals	Lick
297.613	0.10000000000002274	TimeIntervals	Lick
298.31325000000004	0.0999999999999659	TimeIntervals	Lick
298.5799999999999	0.06650000000007594	TimeIntervals	Lick
298.71324999999996	0.06675000000001319	TimeIntervals	Lick
298.81325000000004	0.16674999999997908	TimeIntervals	Lick
299.01324999999997	0.06674999999995634	TimeIntervals	Lick
299.3135	0.0665000000000191	TimeIntervals	Lick
299.44675000000007	0.0999999999999659	TimeIntervals	Lick
300.58025	0.10000000000007958	TimeIntervals	Lick
301.18025000000006	0.0999999999999659	TimeIntervals	Lick
301.91375000000005	0.1332499999999186	TimeIntervals	Lick
302.247	0.10000000000002274	TimeIntervals	Lick
302.68050000000005	0.0999999999999659	TimeIntervals	Lick
303.6475	0.06649999999996226	TimeIntervals	Lick
303.91400000000004	0.0999999999999659	TimeIntervals	Lick
304.61400000000003	0.10024999999995998	TimeIntervals	Lick
305.28099999999995	0.10000000000002274	TimeIntervals	Lick
305.91450000000003	0.0999999999999659	TimeIntervals	Lick
306.31449999999995	0.10000000000007958	TimeIntervals	Lick
307.048	0.0999999999999659	TimeIntervals	Lick
307.64799999999997	0.10000000000002274	TimeIntervals	Lick
307.91450000000003	0.10024999999995998	TimeIntervals	Lick
308.84799999999996	0.10000000000002274	TimeIntervals	Lick
309.715	0.10000000000007958	TimeIntervals	Lick
310.64849999999996	0.0665000000000191	TimeIntervals	Lick
310.9485	0.0999999999999659	TimeIntervals	Lick
311.71525	0.13324999999997544	TimeIntervals	Lick
314.71574999999996	0.10000000000007958	TimeIntervals	Lick
315.0824999999999	0.10000000000013642	TimeIntervals	Lick
315.21574999999996	0.10000000000007958	TimeIntervals	Lick
315.34900000000005	0.0999999999999659	TimeIntervals	Lick
315.4825	0.06649999999996226	TimeIntervals	Lick
315.5824999999999	0.10000000000013642	TimeIntervals	Lick
315.7159999999999	0.06650000000007594	TimeIntervals	Lick
315.81600000000003	0.0999999999999659	TimeIntervals	Lick
315.94925000000006	0.0999999999999659	TimeIntervals	Lick
316.0824999999999	0.23350000000010596	TimeIntervals	Lick
316.34925000000004	0.06674999999995634	TimeIntervals	Lick
316.44925000000006	0.0999999999999659	TimeIntervals	Lick
316.5824999999999	0.10000000000013642	TimeIntervals	Lick
316.7159999999999	0.10000000000013642	TimeIntervals	Lick
316.88275	0.06675000000007003	TimeIntervals	Lick
316.98275	0.0999999999999659	TimeIntervals	Lick
317.11600000000004	0.09999999999985221	TimeIntervals	Lick
317.18275	0.09999999999990905	TimeIntervals	Reward
317.24949999999995	0.5	TimeIntervals	Lick
317.7827499999999	0.2002500000000964	TimeIntervals	Lick
318.01625	0.3332499999999641	TimeIntervals	Lick
318.383	0.10000000000002274	TimeIntervals	Lick
318.51625	0.46674999999999045	TimeIntervals	Lick
319.0165	0.19999999999998863	TimeIntervals	Lick
319.24974999999995	0.10000000000007958	TimeIntervals	Lick
319.383	0.333500000000015	TimeIntervals	Lick
319.74974999999995	0.5002499999999941	TimeIntervals	Lick
320.28324999999995	0.20000000000004547	TimeIntervals	Lick
320.5165	0.10000000000002274	TimeIntervals	Lick
320.65	0.0999999999999659	TimeIntervals	Lick
320.78324999999995	0.0999999999999659	TimeIntervals	Lick
320.9165	0.10000000000002274	TimeIntervals	Lick
321.04999999999995	0.10000000000002274	TimeIntervals	Lick
321.18350000000004	0.0999999999999659	TimeIntervals	Lick
321.31675	0.0999999999999659	TimeIntervals	Lick
321.4500000000001	0.1334999999999127	TimeIntervals	Lick
321.6167500000001	0.09999999999990905	TimeIntervals	Lick
321.74999999999994	0.10000000000002274	TimeIntervals	Lick
321.88349999999997	0.1332500000000323	TimeIntervals	Lick
322.04999999999995	0.10000000000002274	TimeIntervals	Lick
322.18350000000004	0.13349999999996953	TimeIntervals	Lick
322.35024999999996	0.2667500000001155	TimeIntervals	Lick
322.68350000000004	0.0999999999999659	TimeIntervals	Lick
322.817	0.1332500000000323	TimeIntervals	Lick
323.017	0.10000000000007958	TimeIntervals	Lick
323.217	0.0665000000000191	TimeIntervals	Lick
323.45050000000003	0.0999999999999659	TimeIntervals	Lick
323.717	0.13349999999996953	TimeIntervals	Lick
323.95050000000003	0.0999999999999659	TimeIntervals	Lick
324.38374999999996	0.13350000000002638	TimeIntervals	Lick
324.5505	0.10000000000002274	TimeIntervals	Lick
324.784	0.06649999999996226	TimeIntervals	Lick
325.31725000000006	0.0999999999999659	TimeIntervals	Lick
325.8175000000001	0.09999999999990905	TimeIntervals	Lick
325.95075	0.09999999999990905	TimeIntervals	Lick
326.284	0.06675000000001319	TimeIntervals	Lick
326.68425	0.13325000000008913	TimeIntervals	Lick
326.88425	0.06675000000001319	TimeIntervals	Lick
327.38425	0.10000000000002274	TimeIntervals	Lick
327.651	0.19999999999998863	TimeIntervals	Lick
327.951	0.06674999999995634	TimeIntervals	Lick
328.38449999999995	0.10000000000002274	TimeIntervals	Lick
329.85125	0.10025000000001683	TimeIntervals	Lick
330.1515	0.09999999999990905	TimeIntervals	Lick
331.28499999999997	0.10000000000002274	TimeIntervals	Lick
331.51825	0.0999999999999659	TimeIntervals	Lick
331.6515	0.09999999999990905	TimeIntervals	Lick
331.78499999999997	0.06650000000007594	TimeIntervals	Lick
331.885	0.0999999999999659	TimeIntervals	Lick
332.01825	0.20024999999992588	TimeIntervals	Lick
332.2517499999999	0.10000000000013642	TimeIntervals	Lick
332.385	0.06675000000001319	TimeIntervals	Lick
332.48499999999996	0.10000000000002274	TimeIntervals	Lick
332.6185	0.0999999999999659	TimeIntervals	Lick
332.7517499999999	0.10000000000013642	TimeIntervals	Lick
332.885	0.0999999999999659	TimeIntervals	Lick
333.0185	0.46674999999999045	TimeIntervals	Lick
333.25199999999995	0.03325000000000955	TimeIntervals	Reward
333.5185	0.0667499999998995	TimeIntervals	Lick
333.6185	0.7669999999999391	TimeIntervals	Lick
334.41875000000005	0.06674999999995634	TimeIntervals	Lick
334.51875	0.10000000000002274	TimeIntervals	Lick
334.65200000000004	0.33349999999995816	TimeIntervals	Lick
335.01875	0.19999999999998863	TimeIntervals	Lick
335.25199999999995	0.10000000000007958	TimeIntervals	Lick
335.3854999999999	0.20000000000004547	TimeIntervals	Lick
335.619	0.10000000000002274	TimeIntervals	Lick
335.75225000000006	0.0999999999999659	TimeIntervals	Lick
335.8854999999999	0.23350000000010596	TimeIntervals	Lick
336.15225000000004	0.10000000000002274	TimeIntervals	Lick
336.28549999999996	0.0999999999999659	TimeIntervals	Lick
336.41900000000004	0.09999999999990905	TimeIntervals	Lick
336.55249999999995	0.1332500000000323	TimeIntervals	Lick
336.71900000000005	0.0999999999999659	TimeIntervals	Lick
336.8525	0.4332499999999868	TimeIntervals	Lick
337.55249999999995	0.13350000000002638	TimeIntervals	Lick
337.98600000000005	0.09999999999990905	TimeIntervals	Lick
338.15250000000003	0.06674999999995634	TimeIntervals	Lick
338.8859999999999	0.13350000000008322	TimeIntervals	Lick
340.08624999999995	0.10000000000002274	TimeIntervals	Lick
340.88625	0.10025000000001683	TimeIntervals	Lick
341.91975	0.10024999999995998	TimeIntervals	Lick
342.52	0.10000000000002274	TimeIntervals	Lick
343.12	0.0999999999999659	TimeIntervals	Lick
343.32	0.10000000000002274	TimeIntervals	Lick
343.68675	0.06674999999995634	TimeIntervals	Lick
343.82	0.06675000000001319	TimeIntervals	Lick
344.4535000000001	0.09999999999990905	TimeIntervals	Lick
345.2202499999999	0.10025000000007367	TimeIntervals	Lick
345.987	0.0999999999999659	TimeIntervals	Lick
346.78725000000003	0.13324999999997544	TimeIntervals	Lick
348.354	0.06675000000007003	TimeIntervals	Lick
348.5875	0.10000000000002274	TimeIntervals	Lick
349.5875	0.10000000000002274	TimeIntervals	Lick
349.88775000000004	0.0999999999999659	TimeIntervals	Lick
351.12125	0.0999999999999659	TimeIntervals	Lick
352.15475000000004	0.1332499999999186	TimeIntervals	Lick
353.755	0.10000000000002274	TimeIntervals	Lick
354.62175	0.09999999999990905	TimeIntervals	Lick
355.98850000000004	0.06674999999995634	TimeIntervals	Lick
356.38874999999996	0.03325000000006639	TimeIntervals	Lick
357.18875	0.0999999999999659	TimeIntervals	Lick
357.52225000000004	0.0667499999998995	TimeIntervals	Lick
359.22249999999997	0.06650000000007594	TimeIntervals	Lick
359.68925	0.06674999999995634	TimeIntervals	Lick
359.78925000000004	0.0999999999999659	TimeIntervals	Lick
359.9225	0.06674999999995634	TimeIntervals	Lick
360.0225	0.10000000000007958	TimeIntervals	Lick
360.156	0.0999999999999659	TimeIntervals	Lick
360.28925000000004	0.06674999999995634	TimeIntervals	Lick
360.38925	0.0999999999999659	TimeIntervals	Lick
360.5225	0.10000000000007958	TimeIntervals	Lick
360.656	0.06674999999995634	TimeIntervals	Lick
360.756	0.10000000000002274	TimeIntervals	Lick
360.92275000000006	0.19999999999998863	TimeIntervals	Lick
361.156	0.0999999999999659	TimeIntervals	Lick
361.28950000000003	0.43324999999992997	TimeIntervals	Lick
361.28950000000003	0.03325000000000955	TimeIntervals	Reward
361.756	0.06700000000000728	TimeIntervals	Lick
361.85625	0.6667500000000359	TimeIntervals	Lick
362.55625	0.10000000000002274	TimeIntervals	Lick
362.68949999999995	0.20000000000004547	TimeIntervals	Lick
362.92300000000006	0.33349999999995816	TimeIntervals	Lick
363.28975	0.0999999999999659	TimeIntervals	Lick
363.42300000000006	0.0999999999999659	TimeIntervals	Lick
363.5564999999999	0.10000000000013642	TimeIntervals	Lick
363.68975000000006	0.0999999999999659	TimeIntervals	Lick
363.823	0.10000000000007958	TimeIntervals	Lick
363.9565	0.09999999999990905	TimeIntervals	Lick
364.0899999999999	0.10000000000013642	TimeIntervals	Lick
364.22325	0.5332500000000095	TimeIntervals	Lick
364.79	0.10000000000002274	TimeIntervals	Lick
364.92325000000005	0.09999999999990905	TimeIntervals	Lick
365.0564999999999	0.3335000000001287	TimeIntervals	Lick
365.42350000000005	0.09999999999990905	TimeIntervals	Lick
365.55674999999997	0.10000000000002274	TimeIntervals	Lick
365.69000000000005	0.0999999999999659	TimeIntervals	Lick
365.8235	0.10000000000002274	TimeIntervals	Lick
365.95675000000006	0.09999999999990905	TimeIntervals	Lick
366.0899999999999	0.13350000000002638	TimeIntervals	Lick
366.257	0.23324999999999818	TimeIntervals	Lick
366.52349999999996	0.10000000000007958	TimeIntervals	Lick
366.657	0.13324999999997544	TimeIntervals	Lick
366.8235	0.10000000000002274	TimeIntervals	Lick
367.12350000000004	0.13349999999996953	TimeIntervals	Lick
367.4237500000001	0.1332499999999186	TimeIntervals	Lick
367.9237500000001	0.09999999999990905	TimeIntervals	Lick
368.09049999999996	0.0665000000000191	TimeIntervals	Lick
368.42400000000004	0.0999999999999659	TimeIntervals	Lick
368.75724999999994	0.06675000000001319	TimeIntervals	Lick
369.45725000000004	0.10024999999995998	TimeIntervals	Lick
370.65749999999997	0.10000000000002274	TimeIntervals	Lick
370.82425	0.10000000000002274	TimeIntervals	Lick
371.02425	0.0667499999998995	TimeIntervals	Lick
371.7244999999999	0.10000000000007958	TimeIntervals	Lick
372.5245	0.10000000000002274	TimeIntervals	Lick
373.99150000000003	0.0999999999999659	TimeIntervals	Lick
375.1915	0.0999999999999659	TimeIntervals	Lick
375.99150000000003	0.06699999999989359	TimeIntervals	Lick
376.8585	0.0665000000000191	TimeIntervals	Lick
378.85875	0.10000000000002274	TimeIntervals	Lick
380.1255	0.10000000000002274	TimeIntervals	Lick
380.259	0.0999999999999659	TimeIntervals	Lick
380.42550000000006	0.033499999999946795	TimeIntervals	Lick
381.259	0.0999999999999659	TimeIntervals	Lick
382.99275000000006	0.0999999999999659	TimeIntervals	Lick
384.0595	0.0999999999999659	TimeIntervals	Lick
384.62625	0.0999999999999659	TimeIntervals	Lick
385.0930000000001	0.0667499999998995	TimeIntervals	Lick
387.22675000000004	0.19999999999998863	TimeIntervals	Lick
387.46	0.0999999999999659	TimeIntervals	Lick
387.59349999999995	0.10000000000007958	TimeIntervals	Lick
389.19350000000003	0.06699999999989359	TimeIntervals	Lick
390.12699999999995	0.10000000000002274	TimeIntervals	Lick
390.56050000000005	0.09999999999990905	TimeIntervals	Lick
390.694	0.0999999999999659	TimeIntervals	Lick
390.82725	0.06675000000001319	TimeIntervals	Lick
390.92725	0.10000000000002274	TimeIntervals	Lick
391.06050000000005	0.09999999999990905	TimeIntervals	Lick
391.194	0.06649999999990541	TimeIntervals	Lick
391.294	0.10000000000002274	TimeIntervals	Lick
391.4275	0.20000000000004547	TimeIntervals	Lick
391.66075	0.0999999999999659	TimeIntervals	Lick
391.794	0.20000000000004547	TimeIntervals	Lick
392.02750000000003	0.10000000000002274	TimeIntervals	Lick
392.16075	0.0999999999999659	TimeIntervals	Lick
392.294	0.20000000000004547	TimeIntervals	Lick
392.32750000000004	0.033249999999952706	TimeIntervals	Reward
392.52750000000003	0.30000000000001137	TimeIntervals	Lick
392.86100000000005	0.2999999999998977	TimeIntervals	Lick
393.19424999999995	0.33325000000007776	TimeIntervals	Lick
393.561	0.19999999999998863	TimeIntervals	Lick
393.79449999999997	0.10000000000002274	TimeIntervals	Lick
393.92775	0.10000000000002274	TimeIntervals	Lick
394.061	0.0999999999999659	TimeIntervals	Lick
394.1945	0.0999999999999659	TimeIntervals	Lick
394.32775	0.10000000000002274	TimeIntervals	Lick
394.461	0.33349999999995816	TimeIntervals	Lick
394.828	0.10000000000007958	TimeIntervals	Lick
394.96125	0.0999999999999659	TimeIntervals	Lick
395.0944999999999	0.10000000000007958	TimeIntervals	Lick
395.22799999999995	0.10000000000002274	TimeIntervals	Lick
395.36125	0.6335000000000832	TimeIntervals	Lick
396.028	0.0999999999999659	TimeIntervals	Lick
396.1615	0.0999999999999659	TimeIntervals	Lick
396.328	0.13350000000008322	TimeIntervals	Lick
396.5947499999999	0.1332500000000323	TimeIntervals	Lick
396.828	0.2669999999999959	TimeIntervals	Lick
397.22824999999995	0.06675000000007003	TimeIntervals	Lick
397.42825	0.03325000000006639	TimeIntervals	Lick
397.5615	0.266749999999945	TimeIntervals	Lick
398.16175	0.10000000000002274	TimeIntervals	Lick
398.995	0.0999999999999659	TimeIntervals	Lick
399.9285	0.06675000000001319	TimeIntervals	Lick
401.09549999999996	0.10000000000002274	TimeIntervals	Lick
402.06225	0.10000000000002274	TimeIntervals	Lick
403.329	0.06674999999995634	TimeIntervals	Lick
404.5625	0.10025000000001683	TimeIntervals	Lick
405.863	0.10000000000002274	TimeIntervals	Lick
406.563	0.10000000000002274	TimeIntervals	Lick
406.963	0.0999999999999659	TimeIntervals	Lick
407.0965	0.0665000000000191	TimeIntervals	Lick
407.1965	0.0999999999999659	TimeIntervals	Lick
407.32975	0.06675000000001319	TimeIntervals	Lick
407.42975	0.20000000000004547	TimeIntervals	Lick
407.663	0.0999999999999659	TimeIntervals	Lick
407.7965	0.10000000000002274	TimeIntervals	Lick
407.93	0.0665000000000191	TimeIntervals	Lick
408.03	0.10000000000002274	TimeIntervals	Lick
408.16325	0.0999999999999659	TimeIntervals	Lick
408.2965	0.06674999999995634	TimeIntervals	Lick
408.36324999999994	0.10000000000002274	TimeIntervals	Reward
408.3965	0.5667499999999563	TimeIntervals	Lick
408.9965	0.10024999999990314	TimeIntervals	Lick
409.13	0.06675000000001319	TimeIntervals	Lick
409.23	0.0999999999999659	TimeIntervals	Lick
409.36350000000004	0.1999999999999318	TimeIntervals	Lick
409.59674999999993	0.10000000000013642	TimeIntervals	Lick
409.73	0.0999999999999659	TimeIntervals	Lick
409.86350000000004	0.1999999999999318	TimeIntervals	Lick
410.09674999999993	0.10025000000007367	TimeIntervals	Lick
410.23024999999996	0.10000000000007958	TimeIntervals	Lick
410.36350000000004	0.1999999999999318	TimeIntervals	Lick
410.597	0.10000000000002274	TimeIntervals	Lick
410.73024999999996	0.10000000000007958	TimeIntervals	Lick
410.86350000000004	0.09999999999990905	TimeIntervals	Lick
410.997	0.0999999999999659	TimeIntervals	Lick
411.13025000000005	0.20024999999998272	TimeIntervals	Lick
411.36375	0.0999999999999659	TimeIntervals	Lick
411.497	0.0999999999999659	TimeIntervals	Lick
411.6305	0.0999999999999659	TimeIntervals	Lick
411.76374999999996	0.10000000000002274	TimeIntervals	Lick
411.89700000000005	0.23349999999993543	TimeIntervals	Lick
412.16375	0.0999999999999659	TimeIntervals	Lick
412.29699999999997	0.10025000000007367	TimeIntervals	Lick
412.46399999999994	0.10000000000007958	TimeIntervals	Lick
412.59725	0.10000000000007958	TimeIntervals	Lick
412.73049999999995	0.10000000000007958	TimeIntervals	Lick
412.864	0.3999999999999204	TimeIntervals	Lick
413.29725	0.10024999999995998	TimeIntervals	Lick
413.4307500000001	0.09999999999990905	TimeIntervals	Lick
413.564	0.2667500000000018	TimeIntervals	Lick
413.864	0.13350000000002638	TimeIntervals	Lick
414.03075	0.0999999999999659	TimeIntervals	Lick
414.16400000000004	0.09999999999985221	TimeIntervals	Lick
414.29749999999996	0.13325000000014597	TimeIntervals	Lick
414.46399999999994	0.10025000000007367	TimeIntervals	Lick
414.63100000000003	0.0999999999999659	TimeIntervals	Lick
414.79749999999996	0.10000000000002274	TimeIntervals	Lick
414.96425	0.06675000000001319	TimeIntervals	Lick
415.13100000000003	0.03325000000000955	TimeIntervals	Lick
415.26424999999995	0.10000000000002274	TimeIntervals	Lick
415.63100000000003	0.06675000000001319	TimeIntervals	Lick
415.76449999999994	0.10000000000007958	TimeIntervals	Lick
415.89775	0.10000000000002274	TimeIntervals	Lick
416.19775000000004	0.0999999999999659	TimeIntervals	Lick
416.49775	0.06674999999995634	TimeIntervals	Lick
416.99800000000005	0.1332499999999186	TimeIntervals	Lick
417.59799999999996	0.1332500000000323	TimeIntervals	Lick
418.09799999999996	0.13350000000002638	TimeIntervals	Lick
418.36474999999996	0.06675000000012687	TimeIntervals	Lick
419.53149999999994	0.10000000000007958	TimeIntervals	Lick
419.665	0.06649999999996226	TimeIntervals	Lick
419.765	0.0999999999999659	TimeIntervals	Lick
419.9315000000001	0.06699999999989359	TimeIntervals	Lick
420.03175000000005	0.1999999999999318	TimeIntervals	Lick
420.265	0.20000000000010232	TimeIntervals	Lick
420.4985	0.3332500000000209	TimeIntervals	Lick
420.86499999999995	0.10000000000013642	TimeIntervals	Lick
420.9985	0.0999999999999659	TimeIntervals	Lick
421.16524999999996	0.06675000000001319	TimeIntervals	Lick
421.2652499999999	0.10000000000007958	TimeIntervals	Lick
421.39849999999996	0.10000000000002274	TimeIntervals	Lick
421.4320000000001	0.06649999999990541	TimeIntervals	Reward
421.532	0.30000000000001137	TimeIntervals	Lick
421.86525	0.5335000000000036	TimeIntervals	Lick
422.4320000000001	0.19999999999998863	TimeIntervals	Lick
422.66549999999995	0.20000000000010232	TimeIntervals	Lick
422.89875	0.0999999999999659	TimeIntervals	Lick
423.032	0.10000000000007958	TimeIntervals	Lick
423.16549999999995	0.20000000000010232	TimeIntervals	Lick
423.399	0.19999999999998863	TimeIntervals	Lick
423.63225	0.0999999999999659	TimeIntervals	Lick
423.7654999999999	0.10000000000013642	TimeIntervals	Lick
423.899	0.10000000000002274	TimeIntervals	Lick
424.03225	0.10000000000002274	TimeIntervals	Lick
424.16549999999995	0.0999999999999659	TimeIntervals	Lick
424.299	0.10000000000002274	TimeIntervals	Lick
424.43250000000006	0.09999999999990905	TimeIntervals	Lick
424.56575	0.40000000000009095	TimeIntervals	Lick
424.999	0.0999999999999659	TimeIntervals	Lick
425.1325	0.10000000000002274	TimeIntervals	Lick
425.2657499999999	0.26675000000005866	TimeIntervals	Lick
425.566	0.10000000000002274	TimeIntervals	Lick
425.69925	0.13324999999997544	TimeIntervals	Lick
425.866	0.1332500000000323	TimeIntervals	Lick
426.09925	0.06675000000001319	TimeIntervals	Lick
426.366	0.06650000000007594	TimeIntervals	Lick
426.53249999999997	0.16700000000003	TimeIntervals	Lick
426.7995	0.10000000000002274	TimeIntervals	Lick
427.166	0.06674999999995634	TimeIntervals	Lick
427.26599999999996	0.13350000000008322	TimeIntervals	Lick
427.566	0.06675000000001319	TimeIntervals	Lick
428.36625000000004	0.06675000000001319	TimeIntervals	Lick
428.66625	0.1332500000000323	TimeIntervals	Lick
429.49975	0.06674999999995634	TimeIntervals	Lick
430.33324999999996	0.10000000000002274	TimeIntervals	Lick
431.16675	0.0999999999999659	TimeIntervals	Lick
431.9	0.10000000000002274	TimeIntervals	Lick
432.8335	0.06674999999995634	TimeIntervals	Lick
433.2005	0.10000000000002274	TimeIntervals	Lick
433.56699999999995	0.10000000000002274	TimeIntervals	Lick
435.40074999999996	0.06675000000001319	TimeIntervals	Lick
435.50075	0.06675000000001319	TimeIntervals	Lick
435.60075	0.0999999999999659	TimeIntervals	Lick
435.734	0.10000000000002274	TimeIntervals	Lick
435.8675	0.0665000000000191	TimeIntervals	Lick
435.9675	0.10000000000002274	TimeIntervals	Lick
436.10075	0.06675000000001319	TimeIntervals	Lick
436.20074999999997	0.0999999999999659	TimeIntervals	Lick
436.334	0.20024999999992588	TimeIntervals	Lick
436.5675	0.10000000000002274	TimeIntervals	Lick
436.701	0.0999999999999659	TimeIntervals	Lick
436.83425	0.10000000000002274	TimeIntervals	Lick
436.9675	0.06674999999995634	TimeIntervals	Lick
437.0675	0.10000000000002274	TimeIntervals	Lick
437.201	0.0999999999999659	TimeIntervals	Lick
437.33425	0.10000000000002274	TimeIntervals	Lick
437.4675	0.5335000000000036	TimeIntervals	Lick
437.4675	0.10000000000002274	TimeIntervals	Reward
438.0345	0.0665000000000191	TimeIntervals	Lick
438.1345	0.10000000000002274	TimeIntervals	Lick
438.26775	0.06675000000007003	TimeIntervals	Lick
438.36775	0.10000000000002274	TimeIntervals	Lick
438.501	0.10000000000002274	TimeIntervals	Lick
438.6345	0.46674999999999045	TimeIntervals	Lick
439.1345	0.10000000000002274	TimeIntervals	Lick
439.268	0.10000000000002274	TimeIntervals	Lick
439.40124999999995	0.10000000000007958	TimeIntervals	Lick
439.5345	0.10000000000002274	TimeIntervals	Lick
439.66799999999995	0.10000000000002274	TimeIntervals	Lick
439.8015	0.20000000000004547	TimeIntervals	Lick
440.03475	0.10000000000007958	TimeIntervals	Lick
440.16799999999995	0.10000000000002274	TimeIntervals	Lick
440.3015	0.46649999999999636	TimeIntervals	Lick
440.83475000000004	0.3334999999999013	TimeIntervals	Lick
441.2015	0.0999999999999659	TimeIntervals	Lick
441.335	0.10000000000002274	TimeIntervals	Lick
441.46825000000007	0.09999999999990905	TimeIntervals	Lick
441.60150000000004	0.0999999999999659	TimeIntervals	Lick
441.73499999999996	0.10000000000002274	TimeIntervals	Lick
441.86825	0.3667499999999677	TimeIntervals	Lick
442.2684999999999	0.10000000000007958	TimeIntervals	Lick
442.40175	0.10000000000002274	TimeIntervals	Lick
442.53499999999997	0.13350000000002638	TimeIntervals	Lick
442.70175	0.0999999999999659	TimeIntervals	Lick
442.835	0.2335000000000491	TimeIntervals	Lick
443.10200000000003	0.2664999999999509	TimeIntervals	Lick
443.43525	0.20000000000004547	TimeIntervals	Lick
443.6685	0.09999999999990905	TimeIntervals	Lick
443.8352500000001	0.09999999999990905	TimeIntervals	Lick
444.00199999999995	0.10000000000007958	TimeIntervals	Lick
444.202	0.06674999999995634	TimeIntervals	Lick
444.3355000000001	0.0999999999999659	TimeIntervals	Lick
444.53549999999996	0.06650000000007594	TimeIntervals	Lick
444.802	0.13350000000002638	TimeIntervals	Lick
445.00199999999995	0.06675000000001319	TimeIntervals	Lick
445.1355	0.20000000000010232	TimeIntervals	Lick
445.4022500000001	0.06674999999995634	TimeIntervals	Lick
445.669	0.06649999999996226	TimeIntervals	Lick
445.8355000000001	0.0999999999999659	TimeIntervals	Lick
446.50250000000005	0.0999999999999659	TimeIntervals	Lick
447.069	0.06675000000001319	TimeIntervals	Lick
447.20250000000004	0.06649999999990541	TimeIntervals	Lick
447.30249999999995	0.10000000000002274	TimeIntervals	Lick
447.43575	0.26675000000005866	TimeIntervals	Lick
447.736	0.1332500000000323	TimeIntervals	Lick
448.136	0.0999999999999659	TimeIntervals	Lick
448.36925	0.20024999999992588	TimeIntervals	Lick
448.636	0.0999999999999659	TimeIntervals	Lick
449.56949999999995	0.13350000000008322	TimeIntervals	Lick
449.7695	0.06675000000001319	TimeIntervals	Lick
450.003	0.0999999999999659	TimeIntervals	Lick
450.1362500000001	0.09999999999990905	TimeIntervals	Lick
450.2695	0.13350000000002638	TimeIntervals	Lick
450.7695	0.10025000000001683	TimeIntervals	Lick
451.10299999999995	0.13349999999996953	TimeIntervals	Lick
451.97	0.1332499999999186	TimeIntervals	Lick
452.60324999999995	0.06675000000007003	TimeIntervals	Lick
453.27	0.10000000000002274	TimeIntervals	Lick
453.53675	0.06675000000001319	TimeIntervals	Reward
453.70349999999996	0.6335000000000832	TimeIntervals	Lick
454.37025	1.000249999999994	TimeIntervals	Lick
455.40375000000006	0.4667499999999336	TimeIntervals	Lick
455.90375000000006	0.5667500000000132	TimeIntervals	Lick
456.50399999999996	0.20000000000004547	TimeIntervals	Lick
456.73724999999996	0.10000000000007958	TimeIntervals	Lick
456.8705	0.4670000000000414	TimeIntervals	Lick
457.37075	0.10000000000002274	TimeIntervals	Lick
457.50399999999996	0.10000000000002274	TimeIntervals	Lick
457.63750000000005	0.09999999999990905	TimeIntervals	Lick
457.77074999999996	0.10000000000002274	TimeIntervals	Lick
457.90400000000005	0.4667499999999336	TimeIntervals	Lick
458.40400000000005	0.10024999999995998	TimeIntervals	Lick
458.53749999999997	0.5335000000000036	TimeIntervals	Lick
459.10425	0.10000000000002274	TimeIntervals	Lick
459.23749999999995	0.13350000000008322	TimeIntervals	Lick
459.40425000000005	0.1332499999999186	TimeIntervals	Lick
459.671	0.10000000000002274	TimeIntervals	Lick
460.37100000000004	0.0999999999999659	TimeIntervals	Lick
460.77124999999995	0.10000000000002274	TimeIntervals	Lick
461.87149999999997	0.10000000000013642	TimeIntervals	Lick
462.138	0.10000000000002274	TimeIntervals	Lick
463.13825	0.1332499999999186	TimeIntervals	Lick
464.105	0.0999999999999659	TimeIntervals	Lick
465.10524999999996	0.06675000000007003	TimeIntervals	Lick
465.372	0.0999999999999659	TimeIntervals	Lick
465.5385	0.10000000000002274	TimeIntervals	Lick
465.672	0.0999999999999659	TimeIntervals	Lick
466.172	0.0999999999999659	TimeIntervals	Lick
467.27224999999993	0.10000000000002274	TimeIntervals	Lick
467.5055	0.0999999999999659	TimeIntervals	Lick
467.67225	0.06674999999995634	TimeIntervals	Lick
467.77224999999993	0.10000000000002274	TimeIntervals	Lick
467.9055000000001	0.09999999999990905	TimeIntervals	Lick
468.03900000000004	0.06649999999990541	TimeIntervals	Lick
468.139	0.0999999999999659	TimeIntervals	Lick
468.27224999999993	0.20025000000015325	TimeIntervals	Lick
468.50575	0.0999999999999659	TimeIntervals	Lick
468.639	0.06675000000001319	TimeIntervals	Lick
468.739	0.10000000000007958	TimeIntervals	Lick
468.87249999999995	0.10000000000013642	TimeIntervals	Lick
469.00575	0.0999999999999659	TimeIntervals	Lick
469.139	0.0999999999999659	TimeIntervals	Lick
469.2725	0.20000000000010232	TimeIntervals	Lick
469.50600000000003	0.0999999999999659	TimeIntervals	Lick
469.53925	0.06675000000001319	TimeIntervals	Reward
469.63925	0.19999999999998863	TimeIntervals	Lick
469.87249999999995	0.06675000000007003	TimeIntervals	Lick
469.9725000000001	0.5334999999999468	TimeIntervals	Lick
470.53950000000003	0.19999999999998863	TimeIntervals	Lick
470.7727499999999	0.06675000000012687	TimeIntervals	Lick
470.87275	0.1999999999999318	TimeIntervals	Lick
471.106	0.10000000000007958	TimeIntervals	Lick
471.2395	0.10000000000002274	TimeIntervals	Lick
471.37275	0.1999999999999318	TimeIntervals	Lick
471.606	0.10025000000001683	TimeIntervals	Lick
471.7395	0.06674999999995634	TimeIntervals	Lick
471.83950000000004	0.09999999999990905	TimeIntervals	Lick
471.973	0.09999999999990905	TimeIntervals	Lick
472.10624999999993	0.5	TimeIntervals	Lick
472.6395	0.10000000000002274	TimeIntervals	Lick
472.7729999999999	0.10000000000013642	TimeIntervals	Lick
472.90649999999994	0.10000000000007958	TimeIntervals	Lick
473.03975	0.10000000000002274	TimeIntervals	Lick
473.173	0.26675000000005866	TimeIntervals	Lick
473.473	0.09999999999990905	TimeIntervals	Lick
473.63975000000005	0.20024999999992588	TimeIntervals	Lick
473.87325	0.5	TimeIntervals	Lick
474.40649999999994	0.06675000000007003	TimeIntervals	Lick
474.5065	0.13350000000002638	TimeIntervals	Lick
474.80649999999997	0.30025000000000546	TimeIntervals	Lick
475.77349999999996	0.10000000000002274	TimeIntervals	Lick
476.607	0.06649999999996226	TimeIntervals	Lick
477.17375	0.0999999999999659	TimeIntervals	Lick
477.3405	0.0999999999999659	TimeIntervals	Lick
478.50724999999994	0.06675000000001319	TimeIntervals	Lick
478.90725	0.0999999999999659	TimeIntervals	Lick
480.0075	0.10000000000002274	TimeIntervals	Lick
480.44100000000003	0.09999999999990905	TimeIntervals	Lick
481.5075	0.10024999999995998	TimeIntervals	Lick
481.9745	0.0665000000000191	TimeIntervals	Lick
482.4745	0.0665000000000191	TimeIntervals	Lick
482.6745	0.06675000000001319	TimeIntervals	Lick
482.84125	0.9002500000000282	TimeIntervals	Lick
484.57475	0.10000000000002274	TimeIntervals	Lick
484.74150000000003	0.06649999999996226	TimeIntervals	Lick
484.8415	0.0999999999999659	TimeIntervals	Lick
484.97499999999997	0.20000000000004547	TimeIntervals	Lick
485.20824999999996	0.10000000000002274	TimeIntervals	Lick
485.3415	0.0999999999999659	TimeIntervals	Lick
485.47499999999997	0.20000000000004547	TimeIntervals	Lick
485.70824999999996	0.10000000000002274	TimeIntervals	Lick
485.8415	0.10025000000001683	TimeIntervals	Lick
485.97499999999997	0.20000000000004547	TimeIntervals	Lick
486.24175	0.10000000000002274	TimeIntervals	Lick
486.375	0.0999999999999659	TimeIntervals	Lick
486.50849999999997	0.10000000000002274	TimeIntervals	Lick
486.575	0.06675000000001319	TimeIntervals	Reward
486.64175	1.433499999999981	TimeIntervals	Lick
488.1085	0.10025000000001683	TimeIntervals	Lick
488.24199999999996	0.20000000000004547	TimeIntervals	Lick
488.4755	0.19999999999998863	TimeIntervals	Lick
488.70875	0.0999999999999659	TimeIntervals	Lick
488.84200000000004	0.1999999999999318	TimeIntervals	Lick
489.0755	0.0999999999999659	TimeIntervals	Lick
489.20899999999995	0.10000000000007958	TimeIntervals	Lick
489.34225000000004	0.10000000000002274	TimeIntervals	Lick
489.4755	0.0999999999999659	TimeIntervals	Lick
489.609	0.0999999999999659	TimeIntervals	Lick
489.74225	0.13324999999997544	TimeIntervals	Lick
489.909	0.10000000000002274	TimeIntervals	Lick
490.04224999999997	0.10000000000002274	TimeIntervals	Lick
490.17549999999994	0.26700000000016644	TimeIntervals	Lick
490.47575	0.0999999999999659	TimeIntervals	Lick
490.609	0.2667500000000018	TimeIntervals	Lick
490.9425000000001	0.2664999999998372	TimeIntervals	Lick
491.309	0.06674999999995634	TimeIntervals	Lick
491.57599999999996	0.0665000000000191	TimeIntervals	Lick
491.70925	0.06674999999995634	TimeIntervals	Lick
491.80925	0.16674999999997908	TimeIntervals	Lick
492.00925000000007	0.0999999999999659	TimeIntervals	Lick
492.6095000000001	0.06649999999996226	TimeIntervals	Reward
492.67600000000004	0.2667500000000018	TimeIntervals	Lick
492.976	0.2999999999999545	TimeIntervals	Lick
493.3095	0.5335000000000036	TimeIntervals	Lick
493.87625	0.4332499999999868	TimeIntervals	Lick
494.343	0.19999999999998863	TimeIntervals	Lick
494.57625	0.20024999999992588	TimeIntervals	Lick
494.80975	0.0999999999999659	TimeIntervals	Lick
494.9429999999999	0.20000000000015916	TimeIntervals	Lick
495.1765	0.33325000000007776	TimeIntervals	Lick
495.543	0.10000000000007958	TimeIntervals	Lick
495.6765	0.0999999999999659	TimeIntervals	Lick
495.81000000000006	0.0999999999999659	TimeIntervals	Lick
495.94325000000003	0.09999999999990905	TimeIntervals	Lick
496.0765	0.5	TimeIntervals	Lick
496.61	0.0999999999999659	TimeIntervals	Lick
496.74325	0.10000000000007958	TimeIntervals	Lick
497.11	0.06675000000001319	TimeIntervals	Lick
497.77674999999994	0.10000000000007958	TimeIntervals	Lick
497.94350000000003	0.03325000000006639	TimeIntervals	Lick
498.0435	0.10000000000007958	TimeIntervals	Lick
498.1770000000001	0.09999999999985221	TimeIntervals	Lick
498.34350000000006	0.06674999999984266	TimeIntervals	Lick
498.47700000000003	0.06649999999996226	TimeIntervals	Lick
498.577	0.10000000000007958	TimeIntervals	Lick
498.7102500000001	0.09999999999985221	TimeIntervals	Lick
498.84350000000006	0.1999999999999318	TimeIntervals	Lick
499.077	0.13350000000008322	TimeIntervals	Lick
499.24375000000003	0.0999999999999659	TimeIntervals	Lick
499.37699999999995	0.10000000000007958	TimeIntervals	Lick
499.5104999999999	0.10000000000019327	TimeIntervals	Lick
499.6105000000001	0.0999999999999659	TimeIntervals	Reward
499.64375000000007	0.5332500000000095	TimeIntervals	Lick
500.2105000000001	0.0999999999999659	TimeIntervals	Lick
500.34400000000005	0.46649999999999636	TimeIntervals	Lick
500.84400000000005	0.06649999999990541	TimeIntervals	Lick
500.944	0.09999999999990905	TimeIntervals	Lick
501.1105000000001	0.06674999999984266	TimeIntervals	Lick
501.2105000000001	0.23349999999993543	TimeIntervals	Lick
501.4775	0.19999999999998863	TimeIntervals	Lick
501.7107499999999	0.10000000000007958	TimeIntervals	Lick
501.84400000000005	0.0999999999999659	TimeIntervals	Lick
501.9775	0.0999999999999659	TimeIntervals	Lick
502.11075000000005	0.33349999999995816	TimeIntervals	Lick
502.4775	0.0999999999999659	TimeIntervals	Lick
502.611	0.10000000000002274	TimeIntervals	Lick
502.74424999999997	0.10000000000007958	TimeIntervals	Lick
502.87749999999994	0.10000000000007958	TimeIntervals	Lick
503.011	0.3664999999999168	TimeIntervals	Lick
503.41100000000006	0.0999999999999659	TimeIntervals	Lick
503.5445	0.0999999999999659	TimeIntervals	Lick
503.67775	0.10000000000002274	TimeIntervals	Lick
503.811	0.10000000000007958	TimeIntervals	Lick
503.94450000000006	0.0999999999999659	TimeIntervals	Lick
504.0777499999999	0.10000000000007958	TimeIntervals	Lick
504.211	0.13349999999996953	TimeIntervals	Lick
504.37775	0.10000000000007958	TimeIntervals	Lick
504.511	0.10024999999995998	TimeIntervals	Lick
504.6445	0.10000000000007958	TimeIntervals	Lick
504.77799999999996	0.10000000000002274	TimeIntervals	Lick
504.91125000000005	0.13324999999997544	TimeIntervals	Lick
505.11125	0.0999999999999659	TimeIntervals	Lick
505.2445000000001	0.266749999999945	TimeIntervals	Lick
505.74475	0.06675000000007003	TimeIntervals	Lick
506.0779999999999	0.06675000000012687	TimeIntervals	Lick
506.178	0.0999999999999659	TimeIntervals	Lick
506.44475000000006	0.0999999999999659	TimeIntervals	Lick
506.5779999999999	0.13350000000008322	TimeIntervals	Lick
506.77799999999996	0.10025000000007367	TimeIntervals	Lick
507.01149999999996	0.06675000000001319	TimeIntervals	Lick
507.67824999999993	0.10000000000002274	TimeIntervals	Lick
507.8450000000001	0.0999999999999659	TimeIntervals	Lick
508.21175	0.0999999999999659	TimeIntervals	Lick
508.3450000000001	0.0667499999998995	TimeIntervals	Lick
508.47850000000005	0.0999999999999659	TimeIntervals	Lick
508.71175	0.0999999999999659	TimeIntervals	Lick
509.04525	0.06675000000001319	TimeIntervals	Lick
509.47850000000005	0.0999999999999659	TimeIntervals	Lick
509.64525	0.06675000000001319	TimeIntervals	Lick
509.7784999999999	0.10000000000007958	TimeIntervals	Lick
509.94525	0.10000000000002274	TimeIntervals	Lick
510.0785	0.10025000000001683	TimeIntervals	Lick
510.212	0.10000000000002274	TimeIntervals	Lick
510.34549999999996	0.10000000000013642	TimeIntervals	Lick
510.47875000000005	0.0667499999998995	TimeIntervals	Lick
510.57875	0.10000000000002274	TimeIntervals	Lick
510.712	0.10000000000002274	TimeIntervals	Lick
510.84549999999996	0.19999999999998863	TimeIntervals	Lick
511.07875	0.10025000000001683	TimeIntervals	Lick
511.21225000000004	0.0999999999999659	TimeIntervals	Lick
511.34549999999996	0.10000000000013642	TimeIntervals	Lick
511.51225	0.06674999999995634	TimeIntervals	Lick
511.6122500000001	0.1332499999999186	TimeIntervals	Lick
511.67900000000003	0.0999999999999659	TimeIntervals	Reward
511.779	0.5000000000001137	TimeIntervals	Lick
512.3124999999999	0.20000000000004547	TimeIntervals	Lick
512.54575	0.33324999999990723	TimeIntervals	Lick
512.9124999999999	0.10000000000002274	TimeIntervals	Lick
513.04575	0.20000000000004547	TimeIntervals	Lick
513.2790000000001	0.09999999999979536	TimeIntervals	Lick
513.4124999999999	0.10000000000002274	TimeIntervals	Lick
513.546	0.6000000000000227	TimeIntervals	Lick
514.17925	0.10000000000013642	TimeIntervals	Lick
514.3124999999999	0.10000000000002274	TimeIntervals	Lick
514.4459999999999	0.10000000000013642	TimeIntervals	Lick
514.5794999999999	0.10000000000002274	TimeIntervals	Lick
514.7127500000001	0.09999999999979536	TimeIntervals	Lick
514.846	0.09999999999990905	TimeIntervals	Lick
514.9795	0.09999999999990905	TimeIntervals	Lick
515.11275	0.10000000000013642	TimeIntervals	Lick
515.2460000000001	0.09999999999990905	TimeIntervals	Lick
515.3795	0.10000000000002274	TimeIntervals	Lick
515.51275	0.10025000000007367	TimeIntervals	Lick
515.6462500000001	0.09999999999990905	TimeIntervals	Lick
515.7795000000001	0.09999999999990905	TimeIntervals	Lick
515.913	0.5	TimeIntervals	Lick
516.44625	0.10000000000002274	TimeIntervals	Lick
516.5794999999999	0.10000000000002274	TimeIntervals	Lick
516.7130000000001	0.133499999999799	TimeIntervals	Lick
516.8797500000001	0.10000000000002274	TimeIntervals	Lick
517.013	0.10000000000002274	TimeIntervals	Lick
517.1465000000002	0.2664999999998372	TimeIntervals	Lick
517.4464999999999	0.10000000000013642	TimeIntervals	Lick
517.57975	0.10000000000013642	TimeIntervals	Lick
517.7130000000001	0.1002499999998463	TimeIntervals	Lick
517.8464999999999	0.10000000000002274	TimeIntervals	Lick
518.01325	0.06675000000007003	TimeIntervals	Lick
518.1132500000001	0.13324999999997544	TimeIntervals	Lick
518.2800000000001	0.13324999999986176	TimeIntervals	Lick
518.48	0.10000000000002274	TimeIntervals	Lick
518.6132500000001	0.1999999999998181	TimeIntervals	Lick
518.8464999999999	0.3670000000000755	TimeIntervals	Lick
519.3135	0.13325000000008913	TimeIntervals	Lick
519.6135	0.09999999999990905	TimeIntervals	Lick
519.8800000000001	0.1334999999999127	TimeIntervals	Lick
520.047	0.10000000000002274	TimeIntervals	Lick
520.3135	0.10000000000002274	TimeIntervals	Lick
520.5135	0.06674999999995634	TimeIntervals	Lick
520.647	0.10000000000013642	TimeIntervals	Lick
520.7802500000001	0.13324999999986176	TimeIntervals	Lick
521.147	0.13350000000002638	TimeIntervals	Lick
521.3137499999999	0.13325000000008913	TimeIntervals	Lick
521.5137500000001	0.16674999999997908	TimeIntervals	Lick
521.9137499999999	0.06675000000007003	TimeIntervals	Lick
522.3805000000001	0.09999999999990905	TimeIntervals	Lick
522.514	0.16650000000004184	TimeIntervals	Lick
522.714	0.09999999999990905	TimeIntervals	Lick
522.7805000000001	0.10000000000002274	TimeIntervals	Reward
522.914	0.33350000000007185	TimeIntervals	Lick
523.28075	0.06674999999984266	TimeIntervals	Lick
523.38075	1.2002499999999827	TimeIntervals	Lick
524.6142500000001	0.6999999999999318	TimeIntervals	Lick
525.3474999999999	0.2335000000001628	TimeIntervals	Lick
525.6145	0.10000000000002274	TimeIntervals	Lick
525.7477500000001	0.09999999999979536	TimeIntervals	Lick
525.881	0.10000000000002274	TimeIntervals	Lick
526.0145000000001	0.09999999999990905	TimeIntervals	Lick
526.1477500000001	0.5002499999999372	TimeIntervals	Lick
526.68125	0.13324999999997544	TimeIntervals	Lick
526.88125	0.06674999999995634	TimeIntervals	Lick
527.0145000000001	0.09999999999990905	TimeIntervals	Lick
527.148	0.10000000000013642	TimeIntervals	Lick
527.2812500000001	0.13324999999997544	TimeIntervals	Lick
527.6145	0.06700000000000728	TimeIntervals	Lick
527.9815000000001	0.09999999999990905	TimeIntervals	Lick
528.2480000000002	0.09999999999979536	TimeIntervals	Lick
528.5815	0.10000000000002274	TimeIntervals	Lick
528.8815	0.10000000000013642	TimeIntervals	Lick
529.1815	0.06674999999995634	TimeIntervals	Lick
529.3149999999999	0.10000000000002274	TimeIntervals	Lick
529.4482499999999	0.10000000000013642	TimeIntervals	Lick
529.615	0.0665000000000191	TimeIntervals	Lick
529.8485	0.0665000000000191	TimeIntervals	Lick
530.2150000000001	0.09999999999979536	TimeIntervals	Lick
530.6817500000001	0.10000000000002274	TimeIntervals	Lick
530.915	0.06700000000000728	TimeIntervals	Lick
531.1152500000001	0.06674999999995634	TimeIntervals	Lick
531.21525	0.09999999999990905	TimeIntervals	Lick
531.3485	0.10000000000002274	TimeIntervals	Lick
531.482	0.10000000000002274	TimeIntervals	Lick
531.6152500000001	0.09999999999990905	TimeIntervals	Lick
531.7485	0.09999999999990905	TimeIntervals	Lick
531.8820000000001	0.06649999999990541	TimeIntervals	Lick
531.982	0.10000000000002274	TimeIntervals	Lick
532.1155	0.10000000000002274	TimeIntervals	Lick
532.2487500000001	0.09999999999990905	TimeIntervals	Lick
532.4155	0.0665000000000191	TimeIntervals	Lick
532.5155000000001	0.09999999999990905	TimeIntervals	Lick
532.6487500000001	0.10000000000002274	TimeIntervals	Lick
532.7820000000002	1.133499999999799	TimeIntervals	Lick
532.7820000000002	0.03349999999988995	TimeIntervals	Reward
533.949	0.4335000000000946	TimeIntervals	Lick
534.41575	0.1999999999999318	TimeIntervals	Lick
534.6490000000001	0.5	TimeIntervals	Lick
535.1825	0.10000000000013642	TimeIntervals	Lick
535.3157499999999	0.36675000000013824	TimeIntervals	Lick
535.716	0.10000000000002274	TimeIntervals	Lick
535.84925	0.10000000000002274	TimeIntervals	Lick
535.9825	0.10000000000013642	TimeIntervals	Lick
536.116	0.13325000000008913	TimeIntervals	Lick
536.4495000000001	0.09999999999990905	TimeIntervals	Lick
536.58275	0.10000000000002274	TimeIntervals	Lick
536.7827500000003	0.06674999999972897	TimeIntervals	Lick
536.916	0.06674999999995634	TimeIntervals	Lick
537.7830000000001	0.06649999999990541	TimeIntervals	Lick
537.9162500000001	0.09999999999979536	TimeIntervals	Lick
538.0495	0.10000000000013642	TimeIntervals	Lick
538.2830000000001	0.06649999999990541	TimeIntervals	Lick
538.4830000000001	0.09999999999990905	TimeIntervals	Lick
538.61625	0.10024999999995998	TimeIntervals	Lick
538.7497500000001	0.13324999999997544	TimeIntervals	Lick
538.9165000000002	0.09999999999979536	TimeIntervals	Lick
539.0497500000001	0.06674999999995634	TimeIntervals	Lick
539.2165	0.09999999999990905	TimeIntervals	Lick
539.34975	0.10000000000002274	TimeIntervals	Lick
539.4830000000001	0.09999999999990905	TimeIntervals	Lick
539.64975	0.13350000000014006	TimeIntervals	Lick
539.8499999999999	0.10000000000002274	TimeIntervals	Lick
540.4499999999999	0.10000000000013642	TimeIntervals	Lick
540.6500000000001	0.09999999999990905	TimeIntervals	Lick
540.7832500000002	0.1334999999999127	TimeIntervals	Lick
541.0500000000001	0.06674999999995634	TimeIntervals	Lick
541.25	0.09999999999990905	TimeIntervals	Lick
541.4167500000001	0.06675000000007003	TimeIntervals	Lick
541.6835000000001	0.10000000000002274	TimeIntervals	Lick
542.0169999999999	0.10000000000002274	TimeIntervals	Lick
542.2502499999999	0.10000000000002274	TimeIntervals	Lick
542.5169999999999	0.10000000000002274	TimeIntervals	Lick
542.7835000000001	0.06674999999984266	TimeIntervals	Lick
542.9835000000002	0.06699999999989359	TimeIntervals	Lick
543.08375	0.10000000000013642	TimeIntervals	Lick
543.2170000000001	0.09999999999990905	TimeIntervals	Lick
543.3505	0.10000000000002274	TimeIntervals	Lick
543.4837500000001	0.09999999999990905	TimeIntervals	Lick
543.617	0.10000000000013642	TimeIntervals	Lick
543.7505000000001	0.09999999999990905	TimeIntervals	Lick
543.88375	0.10000000000013642	TimeIntervals	Lick
544.0169999999999	0.10000000000002274	TimeIntervals	Lick
544.1505000000001	0.10000000000002274	TimeIntervals	Lick
544.2840000000001	0.09999999999990905	TimeIntervals	Lick
544.4172500000001	0.13324999999997544	TimeIntervals	Lick
544.5840000000001	0.2332499999998845	TimeIntervals	Lick
544.8505	0.10000000000002274	TimeIntervals	Lick
544.984	0.10000000000002274	TimeIntervals	Lick
545.1840000000001	0.06674999999995634	TimeIntervals	Lick
545.2840000000001	0.1334999999999127	TimeIntervals	Lick
545.45075	0.10000000000013642	TimeIntervals	Lick
545.5840000000001	0.10000000000002274	TimeIntervals	Lick
545.7175	0.10000000000002274	TimeIntervals	Lick
545.85075	0.10000000000002274	TimeIntervals	Lick
545.984	0.10000000000002274	TimeIntervals	Lick
546.1175	0.20000000000015916	TimeIntervals	Lick
546.3510000000001	0.09999999999979536	TimeIntervals	Lick
546.48425	0.10000000000013642	TimeIntervals	Lick
546.6175	0.10000000000013642	TimeIntervals	Lick
546.751	0.10000000000013642	TimeIntervals	Lick
546.8842500000001	0.09999999999990905	TimeIntervals	Lick
547.0174999999999	0.10000000000002274	TimeIntervals	Lick
547.151	0.20000000000015916	TimeIntervals	Lick
547.3842500000001	0.10024999999995998	TimeIntervals	Lick
547.51775	0.10000000000002274	TimeIntervals	Lick
547.651	0.2335000000001628	TimeIntervals	Lick
547.9509999999999	0.10000000000013642	TimeIntervals	Lick
548.0845	0.10000000000002274	TimeIntervals	Lick
548.2177500000001	0.10000000000002274	TimeIntervals	Lick
548.3510000000001	0.09999999999979536	TimeIntervals	Lick
548.4845	0.13350000000002638	TimeIntervals	Lick
548.6512500000001	0.09999999999990905	TimeIntervals	Lick
548.8180000000001	0.09999999999979536	TimeIntervals	Lick
548.9512500000001	0.09999999999990905	TimeIntervals	Lick
549.118	0.09999999999990905	TimeIntervals	Lick
549.4845	0.10000000000002274	TimeIntervals	Lick
549.718	0.10000000000013642	TimeIntervals	Lick
549.88475	0.06674999999995634	TimeIntervals	Lick
550.018	0.13350000000002638	TimeIntervals	Lick
550.9182500000001	0.09999999999990905	TimeIntervals	Lick
551.21825	0.06674999999995634	TimeIntervals	Lick
551.4182500000001	0.09999999999990905	TimeIntervals	Lick
551.71825	0.10024999999995998	TimeIntervals	Lick
551.8850000000001	0.06674999999984266	TimeIntervals	Lick
552.0850000000002	0.09999999999990905	TimeIntervals	Lick
552.2185000000001	0.1999999999999318	TimeIntervals	Lick
552.485	0.06675000000007003	TimeIntervals	Lick
552.6185	0.10000000000002274	TimeIntervals	Lick
552.7517500000001	0.10000000000002274	TimeIntervals	Lick
552.8185	0.06650000000013279	TimeIntervals	Reward
552.8850000000001	0.8002500000000055	TimeIntervals	Lick
553.7185000000001	0.66700000000003	TimeIntervals	Lick
554.4187499999999	0.10000000000013642	TimeIntervals	Lick
554.552	0.20000000000004547	TimeIntervals	Lick
554.7855000000001	1.0335000000000036	TimeIntervals	Lick
555.8522500000001	0.09999999999990905	TimeIntervals	Lick
555.9855000000001	0.1334999999999127	TimeIntervals	Lick
556.1522500000001	0.10024999999995998	TimeIntervals	Lick
556.419	0.10000000000002274	TimeIntervals	Lick
557.2190000000002	0.06674999999995634	TimeIntervals	Lick
557.3860000000001	0.10000000000002274	TimeIntervals	Lick
557.5192499999999	0.10000000000013642	TimeIntervals	Lick
557.6525000000001	0.1999999999999318	TimeIntervals	Lick
557.8860000000001	0.10000000000002274	TimeIntervals	Lick
558.0192499999999	0.6335000000000264	TimeIntervals	Lick
558.686	0.10000000000013642	TimeIntervals	Lick
558.8860000000001	0.06674999999995634	TimeIntervals	Lick
559.0195	0.10000000000002274	TimeIntervals	Lick
559.15275	0.10000000000013642	TimeIntervals	Lick
559.3195000000001	0.09999999999990905	TimeIntervals	Lick
560.0862500000001	0.06674999999995634	TimeIntervals	Lick
560.4195	0.10000000000002274	TimeIntervals	Lick
560.6195	0.13350000000014006	TimeIntervals	Lick
561.61975	0.06675000000007003	TimeIntervals	Lick
562.1865	0.10000000000002274	TimeIntervals	Lick
562.5865000000001	0.09999999999990905	TimeIntervals	Lick
563.1867500000001	0.09999999999990905	TimeIntervals	Lick
564.0870000000001	0.09999999999990905	TimeIntervals	Lick
564.2535000000001	0.10000000000002274	TimeIntervals	Lick
565.187	0.13350000000014006	TimeIntervals	Lick
566.154	0.10000000000002274	TimeIntervals	Lick
566.28725	0.13324999999997544	TimeIntervals	Lick
567.08725	0.10024999999995998	TimeIntervals	Lick
567.6875	0.10000000000002274	TimeIntervals	Lick
568.12075	0.13324999999997544	TimeIntervals	Lick
568.2875	0.1334999999999127	TimeIntervals	Lick
568.521	0.10000000000013642	TimeIntervals	Lick
568.65425	0.09999999999990905	TimeIntervals	Lick
570.1877499999999	0.06675000000007003	TimeIntervals	Lick
570.4544999999999	0.06674999999995634	TimeIntervals	Lick
570.62125	0.16674999999997908	TimeIntervals	Lick
570.82125	0.1999999999999318	TimeIntervals	Lick
571.0545	0.10000000000013642	TimeIntervals	Lick
571.188	0.20000000000027285	TimeIntervals	Lick
571.42125	0.09999999999990905	TimeIntervals	Lick
571.5545	0.10025000000007367	TimeIntervals	Lick
571.7215000000001	0.09999999999990905	TimeIntervals	Lick
571.8547500000002	0.7667499999998881	TimeIntervals	Lick
571.8547500000002	0.09999999999968168	TimeIntervals	Reward
572.65475	0.2002500000000964	TimeIntervals	Lick
572.8882500000002	0.1999999999998181	TimeIntervals	Lick
573.1215000000001	0.10000000000002274	TimeIntervals	Lick
573.2550000000001	0.1999999999998181	TimeIntervals	Lick
573.4882500000001	0.09999999999990905	TimeIntervals	Lick
573.6215000000001	0.20024999999998272	TimeIntervals	Lick
573.8550000000001	0.09999999999979536	TimeIntervals	Lick
573.9885	0.1999999999999318	TimeIntervals	Lick
574.22175	0.10000000000002274	TimeIntervals	Lick
574.3550000000001	0.09999999999979536	TimeIntervals	Lick
574.4885	0.09999999999990905	TimeIntervals	Lick
574.6217500000002	0.09999999999979536	TimeIntervals	Lick
574.7550000000001	0.10000000000002274	TimeIntervals	Lick
574.8885000000001	0.09999999999990905	TimeIntervals	Lick
575.022	0.10000000000002274	TimeIntervals	Lick
575.1552500000001	0.10000000000002274	TimeIntervals	Lick
575.2885000000001	0.10000000000002274	TimeIntervals	Lick
575.4219999999999	0.10000000000013642	TimeIntervals	Lick
575.55525	0.10000000000013642	TimeIntervals	Lick
575.722	0.5	TimeIntervals	Lick
576.2555000000001	0.10000000000002274	TimeIntervals	Lick
576.3887500000001	0.09999999999990905	TimeIntervals	Lick
576.522	0.13350000000002638	TimeIntervals	Lick
576.68875	0.13324999999997544	TimeIntervals	Lick
576.8555000000001	0.13324999999986176	TimeIntervals	Lick
577.022	0.10025000000007367	TimeIntervals	Lick
577.189	0.10000000000025011	TimeIntervals	Lick
577.3555000000001	0.09999999999990905	TimeIntervals	Lick
577.52225	0.10000000000013642	TimeIntervals	Lick
577.6555000000001	0.20000000000004547	TimeIntervals	Lick
578.3557500000001	0.09999999999990905	TimeIntervals	Lick
578.55575	0.03325000000006639	TimeIntervals	Lick
578.989	0.10000000000002274	TimeIntervals	Lick
579.6560000000001	0.09999999999990905	TimeIntervals	Lick
580.056	0.13324999999997544	TimeIntervals	Lick
580.3225	0.10025000000007367	TimeIntervals	Lick
580.556	0.06675000000007003	TimeIntervals	Lick
580.756	0.06675000000007003	TimeIntervals	Lick
580.9227500000001	0.10000000000002274	TimeIntervals	Lick
581.32275	0.10000000000002274	TimeIntervals	Lick
581.6562500000001	0.10000000000002274	TimeIntervals	Lick
582.8230000000001	0.09999999999990905	TimeIntervals	Lick
582.98975	0.03325000000006639	TimeIntervals	Lick
583.2897500000001	0.10000000000013642	TimeIntervals	Lick
583.48975	0.10000000000013642	TimeIntervals	Lick
583.72325	0.06675000000007003	TimeIntervals	Lick
583.8565000000001	0.09999999999990905	TimeIntervals	Lick
584.0565	0.10000000000013642	TimeIntervals	Lick
584.19	0.10000000000002274	TimeIntervals	Lick
584.32325	0.10000000000002274	TimeIntervals	Lick
584.49	0.20000000000004547	TimeIntervals	Lick
584.72325	0.6667500000002065	TimeIntervals	Lick
584.9567499999999	0.06675000000007003	TimeIntervals	Reward
585.4235	0.0665000000000191	TimeIntervals	Lick
585.5235	0.1999999999999318	TimeIntervals	Lick
585.75675	0.20024999999998272	TimeIntervals	Lick
585.9902500000001	0.09999999999990905	TimeIntervals	Lick
586.1235	0.1999999999999318	TimeIntervals	Lick
586.357	0.10000000000002274	TimeIntervals	Lick
586.4902500000001	0.33324999999990723	TimeIntervals	Lick
586.857	0.10000000000002274	TimeIntervals	Lick
586.9905	0.3332500000000209	TimeIntervals	Lick
587.357	0.10000000000002274	TimeIntervals	Lick
587.4905	0.10000000000002274	TimeIntervals	Lick
587.6237500000001	0.09999999999990905	TimeIntervals	Lick
587.7570000000001	0.09999999999990905	TimeIntervals	Lick
587.8905000000001	0.09999999999990905	TimeIntervals	Lick
588.0905	0.10000000000013642	TimeIntervals	Lick
588.2572500000001	0.09999999999990905	TimeIntervals	Lick
588.6572500000001	0.10000000000002274	TimeIntervals	Lick
588.824	0.10000000000013642	TimeIntervals	Lick
588.95725	0.09999999999990905	TimeIntervals	Lick
589.124	0.10000000000002274	TimeIntervals	Lick
589.2575	0.13325000000008913	TimeIntervals	Lick
589.4240000000001	0.09999999999990905	TimeIntervals	Lick
589.5575	0.13325000000008913	TimeIntervals	Lick
589.724	0.09999999999990905	TimeIntervals	Lick
589.8575000000001	0.09999999999990905	TimeIntervals	Lick
589.9907499999999	0.10000000000013642	TimeIntervals	Lick
590.124	0.10000000000002274	TimeIntervals	Lick
590.2910000000002	0.09999999999990905	TimeIntervals	Lick
590.42425	0.13324999999997544	TimeIntervals	Lick
590.591	0.06650000000013279	TimeIntervals	Lick
590.6910000000001	0.1999999999999318	TimeIntervals	Lick
590.9575	0.13350000000002638	TimeIntervals	Lick
591.1242500000001	0.13324999999997544	TimeIntervals	Lick
591.32425	0.10024999999995998	TimeIntervals	Lick
591.4577499999999	0.10000000000013642	TimeIntervals	Lick
591.6245	0.10000000000013642	TimeIntervals	Lick
591.8245000000001	0.0665000000000191	TimeIntervals	Lick
592.05775	0.10000000000025011	TimeIntervals	Lick
592.2577500000001	0.06674999999995634	TimeIntervals	Lick
592.7245000000001	0.1334999999999127	TimeIntervals	Lick
592.958	0.10000000000013642	TimeIntervals	Lick
593.2580000000002	0.09999999999990905	TimeIntervals	Lick
593.4245	0.10000000000002274	TimeIntervals	Lick
593.5915	0.10000000000002274	TimeIntervals	Lick
593.958	0.13350000000002638	TimeIntervals	Lick
594.3580000000001	0.13350000000002638	TimeIntervals	Lick
594.6247500000001	0.06674999999995634	TimeIntervals	Lick
594.7915000000002	0.09999999999990905	TimeIntervals	Lick
594.9915000000001	0.03350000000000364	TimeIntervals	Lick
595.1582500000002	0.09999999999990905	TimeIntervals	Lick
595.725	0.13350000000014006	TimeIntervals	Lick
596.0250000000001	0.03350000000000364	TimeIntervals	Lick
596.225	0.10000000000013642	TimeIntervals	Lick
596.8250000000002	0.1002499999998463	TimeIntervals	Lick
597.42525	0.10000000000013642	TimeIntervals	Lick
598.4587499999999	0.10000000000013642	TimeIntervals	Lick
599.1255	0.10000000000002274	TimeIntervals	Lick
599.259	0.10000000000002274	TimeIntervals	Lick
599.6922500000001	0.10000000000013642	TimeIntervals	Lick
600.0590000000001	0.13350000000002638	TimeIntervals	Lick
600.359	0.06675000000007003	TimeIntervals	Lick
600.6590000000001	0.13350000000002638	TimeIntervals	Lick
601.45925	0.13325000000008913	TimeIntervals	Lick
604.1595000000001	0.10000000000002274	TimeIntervals	Lick
605.66	0.10000000000002274	TimeIntervals	Lick
606.6932500000001	0.1002499999998463	TimeIntervals	Lick
606.8600000000001	0.06674999999995634	TimeIntervals	Lick
606.9600000000002	0.06674999999972897	TimeIntervals	Lick
607.0935000000001	0.09999999999990905	TimeIntervals	Lick
607.2267499999999	0.10000000000013642	TimeIntervals	Lick
607.3600000000001	0.10000000000002274	TimeIntervals	Lick
607.4935	0.10000000000002274	TimeIntervals	Lick
607.62675	0.09999999999990905	TimeIntervals	Lick
607.76	0.2002500000000964	TimeIntervals	Lick
607.9935	0.10000000000002274	TimeIntervals	Lick
608.127	0.10000000000013642	TimeIntervals	Lick
608.26025	0.10000000000002274	TimeIntervals	Lick
608.4269999999999	0.06650000000013279	TimeIntervals	Lick
608.6935	0.10000000000002274	TimeIntervals	Lick
608.8602500000001	0.06674999999984266	TimeIntervals	Lick
608.9605	0.06649999999990541	TimeIntervals	Lick
609.0269999999999	0.10000000000002274	TimeIntervals	Reward
609.0605	0.6332500000000891	TimeIntervals	Lick
609.7270000000001	0.1999999999998181	TimeIntervals	Lick
609.9605	0.10000000000002274	TimeIntervals	Lick
610.0940000000002	0.33324999999979354	TimeIntervals	Lick
610.4605	0.1999999999999318	TimeIntervals	Lick
610.6940000000001	0.4667499999999336	TimeIntervals	Lick
611.1940000000001	0.10000000000002274	TimeIntervals	Lick
611.3275000000001	0.09999999999990905	TimeIntervals	Lick
611.4607500000002	0.09999999999979536	TimeIntervals	Lick
611.5940000000002	0.09999999999990905	TimeIntervals	Lick
611.7275000000001	0.33324999999990723	TimeIntervals	Lick
612.0940000000002	0.6669999999998026	TimeIntervals	Lick
612.7942500000001	0.09999999999979536	TimeIntervals	Lick
612.9275	0.10000000000002274	TimeIntervals	Lick
613.061	0.09999999999990905	TimeIntervals	Lick
613.19425	0.10000000000013642	TimeIntervals	Lick
613.3275000000001	0.10024999999995998	TimeIntervals	Lick
613.461	0.10000000000002274	TimeIntervals	Lick
613.5945000000002	0.2664999999999509	TimeIntervals	Lick
613.8945000000001	0.13324999999986176	TimeIntervals	Lick
614.061	0.09999999999990905	TimeIntervals	Lick
614.3277500000002	0.1002499999998463	TimeIntervals	Lick
614.4945	0.06675000000007003	TimeIntervals	Lick
614.6280000000002	0.13324999999986176	TimeIntervals	Lick
614.8280000000001	0.13324999999997544	TimeIntervals	Lick
615.16125	0.13324999999997544	TimeIntervals	Lick
615.4945	0.13350000000014006	TimeIntervals	Lick
615.8280000000001	0.09999999999990905	TimeIntervals	Lick
616.1947500000001	0.06674999999984266	TimeIntervals	Lick
616.5279999999999	0.13350000000014006	TimeIntervals	Lick
616.995	0.0665000000000191	TimeIntervals	Lick
617.595	0.0665000000000191	TimeIntervals	Lick
618.2285000000002	0.09999999999990905	TimeIntervals	Lick
618.495	0.06675000000007003	TimeIntervals	Lick
618.66175	0.10000000000002274	TimeIntervals	Lick
619.5284999999999	0.10000000000025011	TimeIntervals	Lick
620.2287500000002	0.09999999999990905	TimeIntervals	Lick
621.2290000000002	0.09999999999990905	TimeIntervals	Lick
622.5625	0.10000000000002274	TimeIntervals	Lick
623.0625	0.10000000000002274	TimeIntervals	Lick
625.196	0.10000000000013642	TimeIntervals	Lick
625.4295	0.10000000000013642	TimeIntervals	Lick
625.563	0.10000000000002274	TimeIntervals	Lick
625.7630000000001	0.0665000000000191	TimeIntervals	Lick
625.9630000000001	0.09999999999990905	TimeIntervals	Lick
626.09625	0.09999999999990905	TimeIntervals	Lick
626.2295	0.2335000000000491	TimeIntervals	Lick
626.49625	0.20024999999998272	TimeIntervals	Lick
626.7297500000001	0.10000000000002274	TimeIntervals	Lick
626.8630000000002	0.09999999999990905	TimeIntervals	Lick
626.9965000000001	0.10000000000002274	TimeIntervals	Lick
627.1297500000001	0.10000000000002274	TimeIntervals	Lick
627.2630000000001	0.23349999999993543	TimeIntervals	Lick
627.52975	0.10025000000007367	TimeIntervals	Lick
627.66325	0.10000000000013642	TimeIntervals	Lick
627.7965	0.10000000000002274	TimeIntervals	Lick
627.93	0.10000000000013642	TimeIntervals	Lick
628.0632499999999	0.10000000000002274	TimeIntervals	Lick
628.1965	0.10000000000002274	TimeIntervals	Lick
628.3300000000002	0.06649999999990541	TimeIntervals	Lick
628.43	0.10000000000013642	TimeIntervals	Lick
628.5632499999999	0.10000000000002274	TimeIntervals	Lick
628.6965	0.10024999999995998	TimeIntervals	Lick
628.8300000000002	0.09999999999979536	TimeIntervals	Lick
628.9635	0.10000000000002274	TimeIntervals	Lick
629.09675	0.10000000000002274	TimeIntervals	Lick
629.23	0.10000000000013642	TimeIntervals	Lick
629.3635000000003	0.19999999999970441	TimeIntervals	Lick
629.59675	0.4002500000000282	TimeIntervals	Lick
630.03025	0.10000000000013642	TimeIntervals	Lick
630.1635000000001	0.09999999999990905	TimeIntervals	Lick
630.297	0.10000000000002274	TimeIntervals	Lick
630.4302499999999	0.13325000000008913	TimeIntervals	Lick
630.597	0.10000000000002274	TimeIntervals	Lick
630.7635	0.13350000000002638	TimeIntervals	Lick
630.997	0.10000000000002274	TimeIntervals	Lick
631.16375	0.2999999999999545	TimeIntervals	Lick
631.9304999999999	0.0665000000000191	TimeIntervals	Lick
632.09725	0.13325000000008913	TimeIntervals	Lick
632.39725	0.10000000000002274	TimeIntervals	Lick
632.9304999999999	0.10000000000002274	TimeIntervals	Lick
633.9975000000001	0.09999999999990905	TimeIntervals	Lick
635.731	0.13350000000014006	TimeIntervals	Lick
636.1645000000001	0.10000000000002274	TimeIntervals	Lick
636.331	0.06700000000000728	TimeIntervals	Lick
636.43125	0.20000000000015916	TimeIntervals	Lick
636.6980000000001	0.0665000000000191	TimeIntervals	Lick
636.7980000000001	0.09999999999990905	TimeIntervals	Lick
636.93125	0.10000000000002274	TimeIntervals	Lick
637.0645	0.06675000000018372	TimeIntervals	Lick
637.1645000000001	0.10000000000002274	TimeIntervals	Lick
637.2980000000001	0.09999999999990905	TimeIntervals	Lick
637.43125	0.10024999999995998	TimeIntervals	Lick
637.56475	0.10000000000013642	TimeIntervals	Lick
637.6980000000001	0.10000000000002274	TimeIntervals	Lick
637.8315	0.10000000000002274	TimeIntervals	Lick
637.9647500000001	0.09999999999990905	TimeIntervals	Lick
638.098	0.20000000000015916	TimeIntervals	Lick
638.098	0.03350000000000364	TimeIntervals	Reward
638.3315	0.0665000000000191	TimeIntervals	Lick
638.4315	1.500250000000051	TimeIntervals	Lick
639.965	0.23349999999993543	TimeIntervals	Lick
640.23175	0.13325000000008913	TimeIntervals	Lick
640.3985	0.40000000000009095	TimeIntervals	Lick
640.8320000000001	0.13324999999986176	TimeIntervals	Lick
640.9985	0.23349999999993543	TimeIntervals	Lick
641.26525	0.10000000000013642	TimeIntervals	Lick
641.432	0.10000000000002274	TimeIntervals	Lick
641.5652500000001	0.2667500000000018	TimeIntervals	Lick
641.8985	0.10025000000007367	TimeIntervals	Lick
642.0655000000002	0.09999999999990905	TimeIntervals	Lick
642.232	0.10000000000013642	TimeIntervals	Lick
642.9655	0.10000000000013642	TimeIntervals	Lick
643.1990000000001	0.0665000000000191	TimeIntervals	Lick
643.3990000000001	0.09999999999990905	TimeIntervals	Lick
643.5655000000002	0.06674999999995634	TimeIntervals	Lick
643.7990000000002	0.09999999999990905	TimeIntervals	Lick
643.9655	0.10000000000013642	TimeIntervals	Lick
644.3990000000001	0.1334999999999127	TimeIntervals	Lick
644.999	0.10000000000002274	TimeIntervals	Lick
645.8660000000002	0.09999999999979536	TimeIntervals	Lick
646.466	0.13350000000014006	TimeIntervals	Lick
647.96625	0.06674999999995634	TimeIntervals	Lick
648.1662500000002	0.13324999999986176	TimeIntervals	Lick
650.53325	0.06675000000007003	TimeIntervals	Lick
650.7000000000002	0.06674999999995634	TimeIntervals	Lick
650.8335000000001	0.10000000000002274	TimeIntervals	Lick
651.6	0.06675000000007003	TimeIntervals	Lick
651.7000000000002	0.10024999999995998	TimeIntervals	Lick
652.93375	0.10000000000002274	TimeIntervals	Lick
653.2337500000001	0.10000000000002274	TimeIntervals	Lick
653.4005000000001	0.10000000000002274	TimeIntervals	Lick
653.53375	0.3332500000000209	TimeIntervals	Lick
653.9005000000001	0.1999999999999318	TimeIntervals	Lick
654.134	0.10000000000002274	TimeIntervals	Lick
654.2672500000001	0.10000000000002274	TimeIntervals	Lick
654.4005000000001	0.06674999999995634	TimeIntervals	Lick
654.5005000000001	0.09999999999990905	TimeIntervals	Lick
654.634	0.10000000000002274	TimeIntervals	Lick
654.7672500000001	0.10000000000002274	TimeIntervals	Lick
654.9005000000001	0.10000000000002274	TimeIntervals	Lick
655.0675000000001	0.06649999999990541	TimeIntervals	Lick
655.134	0.03350000000000364	TimeIntervals	Reward
655.234	0.2335000000000491	TimeIntervals	Lick
655.5007499999999	1.366750000000252	TimeIntervals	Lick
656.901	0.10000000000002274	TimeIntervals	Lick
657.03425	0.10000000000002274	TimeIntervals	Lick
657.1675	0.10000000000002274	TimeIntervals	Lick
657.3010000000002	0.2667500000000018	TimeIntervals	Lick
657.601	0.10000000000002274	TimeIntervals	Lick
657.7345	0.10000000000002274	TimeIntervals	Lick
657.86775	0.2667500000000018	TimeIntervals	Lick
658.1677500000001	0.10000000000002274	TimeIntervals	Lick
658.3010000000002	0.1002499999998463	TimeIntervals	Lick
658.4345	0.13350000000014006	TimeIntervals	Lick
658.60125	0.10000000000002274	TimeIntervals	Lick
658.7345	0.13350000000002638	TimeIntervals	Lick
658.90125	0.13324999999997544	TimeIntervals	Lick
659.10125	0.10000000000002274	TimeIntervals	Lick
659.3012500000001	0.033249999999952706	TimeIntervals	Lick
659.5014999999999	0.06650000000024647	TimeIntervals	Lick
659.7015000000001	0.06649999999990541	TimeIntervals	Lick
660.13475	0.06675000000007003	TimeIntervals	Lick
660.268	0.10000000000002274	TimeIntervals	Lick
660.53475	0.10024999999995998	TimeIntervals	Lick
660.6682500000001	0.10000000000002274	TimeIntervals	Lick
660.935	0.16650000000015552	TimeIntervals	Lick
661.1682500000001	0.10000000000002274	TimeIntervals	Lick
661.935	0.13350000000002638	TimeIntervals	Lick
662.1017499999999	0.10000000000013642	TimeIntervals	Lick
663.6352499999999	0.10000000000013642	TimeIntervals	Lick
664.902	0.10024999999995998	TimeIntervals	Lick
665.80225	0.10000000000013642	TimeIntervals	Lick
666.269	0.10000000000002274	TimeIntervals	Lick
667.0025	0.10000000000002274	TimeIntervals	Lick
667.8360000000001	0.06649999999990541	TimeIntervals	Lick
668.136	0.10000000000013642	TimeIntervals	Lick
668.2695000000001	0.10000000000002274	TimeIntervals	Lick
668.40275	0.06675000000007003	TimeIntervals	Lick
668.50275	0.20000000000004547	TimeIntervals	Lick
668.7360000000001	0.10000000000002274	TimeIntervals	Lick
668.8695000000001	0.09999999999990905	TimeIntervals	Lick
669.00275	0.20000000000004547	TimeIntervals	Lick
669.1695	0.10000000000013642	TimeIntervals	Reward
669.2360000000001	0.6335000000000264	TimeIntervals	Lick
669.903	0.43325000000004366	TimeIntervals	Lick
670.3695000000001	0.09999999999990905	TimeIntervals	Lick
670.503	0.20000000000004547	TimeIntervals	Lick
670.7365000000001	0.10000000000002274	TimeIntervals	Lick
670.8697500000002	0.2332499999998845	TimeIntervals	Lick
671.1365000000001	0.10000000000002274	TimeIntervals	Lick
671.26975	0.20000000000004547	TimeIntervals	Lick
671.503	0.10024999999995998	TimeIntervals	Lick
671.6365000000001	0.7667500000000018	TimeIntervals	Lick
672.4364999999999	0.10000000000013642	TimeIntervals	Lick
672.57	0.10000000000002274	TimeIntervals	Lick
672.7035000000001	0.09999999999990905	TimeIntervals	Lick
672.8367500000002	0.13324999999986176	TimeIntervals	Lick
673.0035000000001	0.09999999999990905	TimeIntervals	Lick
673.13675	0.10000000000002274	TimeIntervals	Lick
673.2700000000001	0.1334999999999127	TimeIntervals	Lick
673.4367499999998	0.10000000000013642	TimeIntervals	Lick
673.6035	0.2335000000000491	TimeIntervals	Lick
673.8702500000002	0.13324999999997544	TimeIntervals	Lick
674.0369999999999	0.10000000000013642	TimeIntervals	Lick
674.1702500000001	0.09999999999990905	TimeIntervals	Lick
674.3035	0.1334999999999127	TimeIntervals	Lick
674.8035	0.06700000000012096	TimeIntervals	Lick
674.9705	0.06649999999990541	TimeIntervals	Lick
675.1037500000001	0.06674999999995634	TimeIntervals	Lick
675.2705000000001	0.13324999999986176	TimeIntervals	Lick
675.7037500000001	0.06674999999995634	TimeIntervals	Lick
675.8370000000001	0.20024999999986903	TimeIntervals	Lick
676.2705000000001	0.10000000000002274	TimeIntervals	Lick
676.53725	0.06675000000018372	TimeIntervals	Lick
676.9705	0.06699999999989359	TimeIntervals	Lick
677.1040000000002	0.06674999999995634	TimeIntervals	Lick
678.6375000000002	0.09999999999990905	TimeIntervals	Lick
678.8042500000001	0.06675000000007003	TimeIntervals	Lick
678.971	0.033249999999952706	TimeIntervals	Lick
679.6710000000002	0.09999999999990905	TimeIntervals	Lick
679.8045000000001	0.06650000000013279	TimeIntervals	Lick
679.9377499999999	0.10000000000002274	TimeIntervals	Lick
680.0709999999999	0.10000000000025011	TimeIntervals	Lick
680.2045000000002	0.09999999999990905	TimeIntervals	Lick
680.3380000000001	0.0665000000000191	TimeIntervals	Lick
680.438	0.09999999999990905	TimeIntervals	Lick
680.57125	0.20000000000015916	TimeIntervals	Lick
680.8045000000001	0.10000000000002274	TimeIntervals	Lick
680.97125	0.06674999999984266	TimeIntervals	Lick
681.2045000000002	0.09999999999990905	TimeIntervals	Lick
681.2380000000002	0.06649999999990541	TimeIntervals	Reward
681.3380000000001	0.0665000000000191	TimeIntervals	Lick
681.438	0.9667500000000473	TimeIntervals	Lick
682.438	0.2002500000000964	TimeIntervals	Lick
682.6715	0.20000000000004547	TimeIntervals	Lick
682.9050000000001	0.10000000000002274	TimeIntervals	Lick
683.0382500000001	0.10000000000002274	TimeIntervals	Lick
683.1715000000002	0.1999999999999318	TimeIntervals	Lick
683.4050000000001	0.10000000000002274	TimeIntervals	Lick
683.5382500000001	0.10024999999995998	TimeIntervals	Lick
683.67175	0.20000000000027285	TimeIntervals	Lick
683.9050000000001	0.10000000000002274	TimeIntervals	Lick
684.0385	0.26650000000017826	TimeIntervals	Lick
684.3385	0.10000000000025011	TimeIntervals	Lick
684.47175	0.10000000000002274	TimeIntervals	Lick
684.6049999999999	0.2670000000002801	TimeIntervals	Lick
684.9052500000001	0.26674999999988813	TimeIntervals	Lick
685.2052500000001	0.13324999999986176	TimeIntervals	Lick
685.3720000000002	0.33324999999990723	TimeIntervals	Lick
685.7385000000002	0.09999999999979536	TimeIntervals	Lick
685.9387499999999	0.20000000000015916	TimeIntervals	Lick
686.2055	0.10000000000013642	TimeIntervals	Lick
686.4387499999999	0.23325000000011187	TimeIntervals	Lick
686.772	0.20024999999998272	TimeIntervals	Lick
687.1055	0.10000000000002274	TimeIntervals	Lick
687.5055000000001	1.0002499999999372	TimeIntervals	Lick
688.539	0.3335000000002992	TimeIntervals	Lick
688.90575	0.20000000000004547	TimeIntervals	Lick
689.1390000000001	0.3334999999997308	TimeIntervals	Lick
689.506	0.10000000000002274	TimeIntervals	Lick
689.6725	0.10000000000013642	TimeIntervals	Lick
689.806	0.1999999999999318	TimeIntervals	Lick
690.106	0.39999999999997726	TimeIntervals	Lick
690.5395000000001	0.3332500000001346	TimeIntervals	Lick
690.9060000000001	0.13350000000002638	TimeIntervals	Lick
691.07275	0.10000000000002274	TimeIntervals	Lick
691.206	0.5002500000000509	TimeIntervals	Lick
691.80625	0.20000000000004547	TimeIntervals	Lick
692.2395	0.5335000000001173	TimeIntervals	Lick
692.8397500000001	0.5	TimeIntervals	Lick
693.3730000000002	0.7002499999997553	TimeIntervals	Lick
694.1065000000001	0.5335000000000036	TimeIntervals	Lick
694.2732500000002	0.06674999999995634	TimeIntervals	Reward
694.6735000000001	0.06649999999990541	TimeIntervals	Lick
694.7735000000001	0.1999999999998181	TimeIntervals	Lick
695.00675	0.3332500000001346	TimeIntervals	Lick
695.3735000000001	0.09999999999979536	TimeIntervals	Lick
695.50675	0.20000000000004547	TimeIntervals	Lick
695.74	0.5002499999999372	TimeIntervals	Lick
696.2735000000001	0.23349999999993543	TimeIntervals	Lick
696.54025	0.10000000000002274	TimeIntervals	Lick
696.707	0.6335000000000264	TimeIntervals	Lick
697.3737500000002	0.09999999999979536	TimeIntervals	Lick
697.5070000000001	1.5004999999999882	TimeIntervals	Lick
699.04075	0.23325000000011187	TimeIntervals	Lick
699.3075000000001	0.09999999999990905	TimeIntervals	Lick
699.474	0.10000000000002274	TimeIntervals	Lick
699.7407499999999	0.16675000000009277	TimeIntervals	Lick
700.0075	0.16674999999997908	TimeIntervals	Lick
700.2075000000001	0.1334999999999127	TimeIntervals	Lick
700.4075	0.23349999999993543	TimeIntervals	Lick
700.7075000000001	0.16674999999997908	TimeIntervals	Lick
700.9075	0.13350000000002638	TimeIntervals	Lick
701.17425	0.13350000000014006	TimeIntervals	Lick
701.4077500000001	0.16674999999997908	TimeIntervals	Lick
701.641	0.36675000000013824	TimeIntervals	Lick
702.041	0.1334999999999127	TimeIntervals	Lick
702.20775	0.1334999999999127	TimeIntervals	Lick
702.5080000000002	0.09999999999990905	TimeIntervals	Lick
702.6745	0.10000000000013642	TimeIntervals	Lick
702.8080000000001	0.23324999999999818	TimeIntervals	Lick
703.1080000000001	0.09999999999990905	TimeIntervals	Lick
703.3080000000001	0.2999999999999545	TimeIntervals	Lick
703.6415	0.10000000000013642	TimeIntervals	Lick
704.0415000000002	0.09999999999979536	TimeIntervals	Lick
704.27475	0.10000000000002274	TimeIntervals	Lick
704.4414999999999	0.10000000000025011	TimeIntervals	Lick
704.6082500000001	0.10000000000002274	TimeIntervals	Lick
704.7415000000001	0.13350000000002638	TimeIntervals	Lick
704.9414999999999	0.2335000000001628	TimeIntervals	Lick
705.2750000000001	0.13324999999997544	TimeIntervals	Lick
705.6750000000001	0.10000000000002274	TimeIntervals	Lick
705.8085000000002	0.09999999999979536	TimeIntervals	Lick
705.94175	0.13325000000020282	TimeIntervals	Lick
706.1417500000001	0.09999999999990905	TimeIntervals	Lick
706.3085000000002	0.2664999999999509	TimeIntervals	Lick
706.6417500000001	0.10024999999995998	TimeIntervals	Lick
707.1419999999999	0.10000000000013642	TimeIntervals	Lick
707.8420000000001	0.39999999999997726	TimeIntervals	Lick
708.909	0.10000000000002274	TimeIntervals	Lick
709.34225	0.10000000000002274	TimeIntervals	Lick
709.509	0.0665000000000191	TimeIntervals	Lick
709.7090000000002	0.09999999999990905	TimeIntervals	Lick
709.84225	0.16674999999997908	TimeIntervals	Lick
710.0424999999999	0.10000000000013642	TimeIntervals	Lick
711.776	0.10000000000025011	TimeIntervals	Lick
711.90925	0.1999999999999318	TimeIntervals	Lick
712.1425	0.10024999999995998	TimeIntervals	Lick
712.3095000000002	0.16649999999981446	TimeIntervals	Lick
712.54275	0.06675000000007003	TimeIntervals	Lick
712.6427500000001	0.09999999999990905	TimeIntervals	Lick
712.776	0.10000000000025011	TimeIntervals	Lick
712.9095	0.10000000000013642	TimeIntervals	Lick
713.04275	0.10000000000013642	TimeIntervals	Lick
713.3095000000002	0.09999999999979536	TimeIntervals	Lick
713.3095000000002	0.06674999999984266	TimeIntervals	Reward
713.443	0.39999999999997726	TimeIntervals	Lick
713.87625	0.43325000000015734	TimeIntervals	Lick
714.343	0.10000000000002274	TimeIntervals	Lick
714.4765	0.0665000000000191	TimeIntervals	Lick
714.5765000000001	0.33324999999990723	TimeIntervals	Lick
714.943	0.20000000000004547	TimeIntervals	Lick
715.1765000000001	0.09999999999990905	TimeIntervals	Lick
715.30975	0.10000000000002274	TimeIntervals	Lick
715.443	0.2002500000000964	TimeIntervals	Lick
715.6765000000001	0.09999999999990905	TimeIntervals	Lick
715.8100000000001	0.40000000000009095	TimeIntervals	Lick
716.2432500000001	0.09999999999990905	TimeIntervals	Lick
716.3765000000002	0.09999999999979536	TimeIntervals	Lick
716.5432500000001	0.2667500000000018	TimeIntervals	Lick
717.27675	0.10000000000013642	TimeIntervals	Lick
717.8102500000001	0.09999999999979536	TimeIntervals	Lick
718.2435	0.10000000000002274	TimeIntervals	Lick
718.6435	0.13350000000002638	TimeIntervals	Lick
719.2105000000001	0.09999999999990905	TimeIntervals	Lick
719.44375	0.09999999999990905	TimeIntervals	Lick
719.777	0.10000000000002274	TimeIntervals	Lick
720.37725	0.10000000000002274	TimeIntervals	Lick
721.3775	0.09999999999990905	TimeIntervals	Lick
722.7442500000001	0.10000000000002274	TimeIntervals	Lick
723.27775	0.10000000000013642	TimeIntervals	Lick
724.8445000000002	0.09999999999979536	TimeIntervals	Lick
725.278	0.10000000000013642	TimeIntervals	Lick
725.678	0.06674999999995634	TimeIntervals	Lick
727.2450000000001	0.09999999999990905	TimeIntervals	Lick
727.8785000000001	0.09999999999990905	TimeIntervals	Lick
728.3117500000001	0.09999999999990905	TimeIntervals	Lick
730.8790000000001	0.06649999999979173	TimeIntervals	Lick
737.5464999999999	0.10000000000025011	TimeIntervals	Lick
740.9469999999999	0.10000000000002274	TimeIntervals	Lick
741.3470000000001	0.09999999999979536	TimeIntervals	Lick
741.5805	0.10000000000002274	TimeIntervals	Lick
741.7470000000002	0.16699999999980264	TimeIntervals	Lick
741.9805	0.16674999999997908	TimeIntervals	Lick
742.1805	0.20000000000015916	TimeIntervals	Lick
742.414	0.10000000000013642	TimeIntervals	Lick
742.5472500000001	0.06674999999995634	TimeIntervals	Lick
742.64725	0.10000000000002274	TimeIntervals	Lick
742.7805	0.10000000000025011	TimeIntervals	Lick
742.914	0.10000000000013642	TimeIntervals	Lick
743.0475	0.0665000000000191	TimeIntervals	Lick
743.1475000000002	0.09999999999990905	TimeIntervals	Lick
743.28075	0.10000000000013642	TimeIntervals	Lick
743.3475	0.10000000000002274	TimeIntervals	Reward
743.414	0.6335000000000264	TimeIntervals	Lick
744.081	0.20000000000004547	TimeIntervals	Lick
744.3142500000001	0.09999999999979536	TimeIntervals	Lick
744.4475	0.10000000000002274	TimeIntervals	Lick
744.581	0.20000000000004547	TimeIntervals	Lick
744.8142500000001	0.09999999999979536	TimeIntervals	Lick
744.9475	0.10000000000002274	TimeIntervals	Lick
745.081	0.10000000000002274	TimeIntervals	Lick
745.2145	0.20000000000004547	TimeIntervals	Lick
745.4477499999999	0.10000000000013642	TimeIntervals	Lick
745.581	0.33350000000007185	TimeIntervals	Lick
745.9477499999999	0.10000000000013642	TimeIntervals	Lick
746.081	0.5335000000000036	TimeIntervals	Lick
746.6480000000001	0.09999999999990905	TimeIntervals	Lick
746.7812500000001	0.10000000000002274	TimeIntervals	Lick
746.9145000000001	0.09999999999990905	TimeIntervals	Lick
747.048	0.13324999999997544	TimeIntervals	Lick
747.2145	0.10000000000002274	TimeIntervals	Lick
747.3480000000001	0.13350000000002638	TimeIntervals	Lick
747.51475	0.09999999999990905	TimeIntervals	Lick
747.6815	0.10000000000013642	TimeIntervals	Lick
747.8480000000001	0.06674999999995634	TimeIntervals	Lick
747.948	0.10000000000002274	TimeIntervals	Lick
748.1480000000001	0.06674999999995634	TimeIntervals	Lick
748.2815000000002	0.09999999999990905	TimeIntervals	Lick
748.515	0.10000000000002274	TimeIntervals	Lick
748.8482500000001	0.1667499999998654	TimeIntervals	Lick
749.2482500000001	0.06674999999995634	TimeIntervals	Lick
749.515	0.10000000000002274	TimeIntervals	Lick
750.982	0.0665000000000191	TimeIntervals	Lick
751.1485	0.06674999999995634	TimeIntervals	Lick
751.3485000000002	0.06674999999984266	TimeIntervals	Lick
751.51525	0.09999999999990905	TimeIntervals	Lick
751.682	0.06650000000013279	TimeIntervals	Lick
751.7820000000002	0.09999999999990905	TimeIntervals	Lick
752.4155	0.10000000000013642	TimeIntervals	Lick
754.41575	0.10000000000002274	TimeIntervals	Lick
754.5825000000001	0.10000000000002274	TimeIntervals	Lick
754.849	0.06674999999995634	TimeIntervals	Lick
756.3495000000001	0.09999999999990905	TimeIntervals	Lick
756.48275	0.06674999999995634	TimeIntervals	Lick
756.68275	0.10000000000002274	TimeIntervals	Lick
756.8160000000001	0.09999999999990905	TimeIntervals	Lick
756.9495000000001	0.09999999999990905	TimeIntervals	Lick
757.08275	0.10000000000002274	TimeIntervals	Lick
757.216	0.10024999999995998	TimeIntervals	Lick
757.3495000000001	0.06674999999995634	TimeIntervals	Lick
757.4495000000001	0.09999999999990905	TimeIntervals	Lick
757.583	0.10000000000013642	TimeIntervals	Lick
757.71625	0.10000000000002274	TimeIntervals	Lick
757.8495000000001	0.33349999999995816	TimeIntervals	Lick
758.2495	0.06674999999995634	TimeIntervals	Lick
758.44975	0.03325000000006639	TimeIntervals	Reward
758.5165	0.20000000000004547	TimeIntervals	Lick
758.7497500000001	0.3000000000000682	TimeIntervals	Lick
759.083	0.3000000000001819	TimeIntervals	Lick
759.4165000000002	0.3334999999998445	TimeIntervals	Lick
759.7832500000001	0.1999999999998181	TimeIntervals	Lick
760.0165	0.33350000000007185	TimeIntervals	Lick
760.3832500000001	0.2667500000000018	TimeIntervals	Lick
760.6835000000001	0.10000000000002274	TimeIntervals	Lick
760.81675	0.10000000000002274	TimeIntervals	Lick
760.9499999999999	0.13350000000014006	TimeIntervals	Lick
761.1167499999999	0.10000000000013642	TimeIntervals	Lick
761.25	0.13350000000014006	TimeIntervals	Lick
761.41675	0.10000000000002274	TimeIntervals	Lick
761.5500000000001	0.13350000000002638	TimeIntervals	Lick
761.9502499999999	0.06675000000007003	TimeIntervals	Lick
762.2502499999999	0.06675000000007003	TimeIntervals	Lick
762.4502499999999	0.10000000000013642	TimeIntervals	Lick
762.6502500000001	0.06674999999995634	TimeIntervals	Lick
762.78375	0.10000000000013642	TimeIntervals	Lick
763.0505000000002	0.06649999999990541	TimeIntervals	Lick
763.2170000000001	0.1334999999999127	TimeIntervals	Lick
763.3837500000002	0.7334999999999354	TimeIntervals	Lick
764.1505000000001	0.06674999999995634	TimeIntervals	Lick
764.3172500000001	0.06675000000007003	TimeIntervals	Lick
765.1175	0.10000000000013642	TimeIntervals	Lick
765.8507500000001	0.06674999999984266	TimeIntervals	Lick
766.4174999999999	0.06675000000007003	TimeIntervals	Lick
766.48425	0.06675000000007003	TimeIntervals	Reward
766.551	0.9667500000000473	TimeIntervals	Lick
767.551	0.8335000000000719	TimeIntervals	Lick
768.418	0.3332500000000209	TimeIntervals	Lick
768.7845000000001	0.1999999999999318	TimeIntervals	Lick
769.018	0.1999999999999318	TimeIntervals	Lick
769.25125	0.10025000000018736	TimeIntervals	Lick
769.38475	0.10000000000002274	TimeIntervals	Lick
769.518	0.09999999999990905	TimeIntervals	Lick
769.6515	0.09999999999990905	TimeIntervals	Lick
769.78475	0.10000000000002274	TimeIntervals	Lick
769.918	0.13350000000002638	TimeIntervals	Lick
770.08475	0.10000000000002274	TimeIntervals	Lick
770.218	0.10000000000025011	TimeIntervals	Lick
770.3515000000002	0.26674999999977445	TimeIntervals	Lick
770.6515	0.06674999999995634	TimeIntervals	Lick
770.8182500000001	0.06675000000007003	TimeIntervals	Lick
771.685	0.06675000000018372	TimeIntervals	Lick
771.8185000000002	0.0665000000000191	TimeIntervals	Lick
771.985	0.10000000000013642	TimeIntervals	Lick
772.15175	0.3332500000000209	TimeIntervals	Lick
772.5184999999999	0.10000000000013642	TimeIntervals	Lick
772.652	0.10000000000002274	TimeIntervals	Lick
772.7852500000001	0.09999999999990905	TimeIntervals	Lick
772.9185	0.09999999999990905	TimeIntervals	Lick
773.052	0.10000000000002274	TimeIntervals	Lick
773.18525	0.10000000000013642	TimeIntervals	Lick
773.3185000000002	0.09999999999979536	TimeIntervals	Lick
773.452	0.10000000000002274	TimeIntervals	Lick
773.4852500000001	0.10000000000002274	TimeIntervals	Reward
773.5852500000001	0.53349999999989	TimeIntervals	Lick
774.152	0.06675000000007003	TimeIntervals	Lick
774.2520000000001	0.10000000000002274	TimeIntervals	Lick
774.3855000000001	0.20000000000004547	TimeIntervals	Lick
774.61875	0.10000000000013642	TimeIntervals	Lick
774.7520000000001	0.10024999999995998	TimeIntervals	Lick
774.8855000000001	0.09999999999990905	TimeIntervals	Lick
775.019	0.06650000000013279	TimeIntervals	Lick
775.119	0.3332500000000209	TimeIntervals	Lick
775.4855	0.10000000000013642	TimeIntervals	Lick
775.619	0.10000000000013642	TimeIntervals	Lick
775.75225	0.10000000000002274	TimeIntervals	Lick
775.8855000000001	0.3669999999999618	TimeIntervals	Lick
776.2857500000001	0.36675000000002456	TimeIntervals	Lick
776.68575	0.10000000000013642	TimeIntervals	Lick
776.8190000000001	0.1334999999999127	TimeIntervals	Lick
776.98575	0.10025000000007367	TimeIntervals	Lick
777.1192500000001	0.26674999999988813	TimeIntervals	Lick
777.41925	0.09999999999990905	TimeIntervals	Lick
777.5860000000001	0.09999999999990905	TimeIntervals	Lick
777.7192500000001	0.09999999999990905	TimeIntervals	Lick
777.8525000000001	0.1334999999999127	TimeIntervals	Lick
778.0192499999999	0.13350000000002638	TimeIntervals	Lick
778.186	0.06675000000007003	TimeIntervals	Lick
778.3195000000001	0.09999999999990905	TimeIntervals	Lick
778.486	0.13350000000002638	TimeIntervals	Lick
778.686	0.10000000000013642	TimeIntervals	Lick
778.95275	0.06674999999995634	TimeIntervals	Lick
779.0860000000001	0.06674999999984266	TimeIntervals	Lick
779.3195000000001	0.09999999999990905	TimeIntervals	Lick
779.6195	0.10000000000013642	TimeIntervals	Lick
779.8862500000001	0.09999999999979536	TimeIntervals	Lick
780.053	0.10000000000002274	TimeIntervals	Lick
780.2195000000002	0.09999999999990905	TimeIntervals	Lick
780.3530000000001	0.13350000000002638	TimeIntervals	Lick
780.51975	0.09999999999990905	TimeIntervals	Lick
780.8530000000001	0.06674999999995634	TimeIntervals	Lick
781.3197500000001	0.1334999999999127	TimeIntervals	Lick
782.22	0.0665000000000191	TimeIntervals	Lick
782.32	0.09999999999990905	TimeIntervals	Lick
783.0535	0.10000000000002274	TimeIntervals	Lick
783.28675	0.13324999999997544	TimeIntervals	Lick
784.42025	0.09999999999990905	TimeIntervals	Lick
786.08725	0.06674999999995634	TimeIntervals	Lick
786.1872500000001	0.16675000000009277	TimeIntervals	Lick
786.4205000000001	0.06675000000007003	TimeIntervals	Lick
786.5540000000001	0.1999999999999318	TimeIntervals	Lick
786.78725	0.10000000000025011	TimeIntervals	Lick
786.9205000000001	0.20024999999998272	TimeIntervals	Lick
787.154	0.10000000000002274	TimeIntervals	Lick
787.2875	0.10000000000025011	TimeIntervals	Lick
787.4207499999999	0.20000000000015916	TimeIntervals	Lick
787.5540000000001	0.09999999999990905	TimeIntervals	Reward
787.654	0.9670000000000982	TimeIntervals	Lick
788.65425	0.09999999999990905	TimeIntervals	Lick
788.7875	0.4334999999999809	TimeIntervals	Lick
789.2877500000001	0.06675000000007003	TimeIntervals	Lick
789.3877500000001	0.23324999999999818	TimeIntervals	Lick
789.6545000000001	0.33324999999990723	TimeIntervals	Lick
790.0210000000001	0.4002499999999145	TimeIntervals	Lick
790.4544999999999	0.2335000000001628	TimeIntervals	Lick
790.72125	0.2667500000001155	TimeIntervals	Lick
791.0212499999999	0.10000000000013642	TimeIntervals	Lick
791.1545000000001	0.09999999999990905	TimeIntervals	Lick
791.288	0.10000000000013642	TimeIntervals	Lick
791.4214999999999	0.13325000000008913	TimeIntervals	Lick
791.5880000000001	0.10000000000002274	TimeIntervals	Lick
791.7215	0.13325000000008913	TimeIntervals	Lick
791.8880000000001	0.10000000000002274	TimeIntervals	Lick
792.1880000000001	0.09999999999990905	TimeIntervals	Lick
792.5215	0.06675000000007003	TimeIntervals	Lick
792.6882499999999	0.03325000000006639	TimeIntervals	Lick
792.7882500000001	0.13324999999986176	TimeIntervals	Lick
793.1550000000001	0.10000000000002274	TimeIntervals	Lick
793.2882500000001	0.13324999999986176	TimeIntervals	Lick
793.62175	0.06674999999995634	TimeIntervals	Lick
793.8217500000001	0.09999999999990905	TimeIntervals	Lick
794.9219999999999	0.13324999999997544	TimeIntervals	Lick
795.2552500000002	0.09999999999990905	TimeIntervals	Lick
795.45525	0.09999999999990905	TimeIntervals	Lick
795.622	0.0665000000000191	TimeIntervals	Lick
795.7220000000001	0.10000000000002274	TimeIntervals	Lick
795.8887500000001	0.09999999999990905	TimeIntervals	Lick
796.022	0.1334999999999127	TimeIntervals	Lick
796.622	0.10000000000013642	TimeIntervals	Lick
797.62225	0.10000000000002274	TimeIntervals	Lick
798.8225	0.06650000000013279	TimeIntervals	Lick
799.0225	0.09999999999990905	TimeIntervals	Lick
799.556	0.10000000000002274	TimeIntervals	Lick
800.7227500000001	0.06674999999995634	TimeIntervals	Lick
801.8230000000001	0.06650000000013279	TimeIntervals	Lick
801.9562500000001	0.06674999999984266	TimeIntervals	Lick
802.0895	0.06675000000007003	TimeIntervals	Lick
802.1895	0.10000000000013642	TimeIntervals	Lick
802.3230000000001	0.09999999999990905	TimeIntervals	Lick
802.48975	0.10000000000013642	TimeIntervals	Lick
802.623	0.20000000000004547	TimeIntervals	Lick
802.8565000000001	0.09999999999990905	TimeIntervals	Lick
802.98975	0.10000000000013642	TimeIntervals	Lick
803.123	0.10000000000002274	TimeIntervals	Lick
803.2565000000001	0.1999999999999318	TimeIntervals	Lick
803.49	0.10000000000013642	TimeIntervals	Lick
803.6565000000002	0.09999999999990905	TimeIntervals	Reward
803.6565000000002	0.06674999999995634	TimeIntervals	Lick
803.7565000000001	0.40000000000009095	TimeIntervals	Lick
804.19	0.0665000000000191	TimeIntervals	Lick
804.2900000000001	0.10000000000002274	TimeIntervals	Lick
804.42325	0.20024999999998272	TimeIntervals	Lick
804.6567500000001	0.09999999999990905	TimeIntervals	Lick
804.7900000000001	0.1999999999999318	TimeIntervals	Lick
805.0235	0.10000000000002274	TimeIntervals	Lick
805.1567500000001	0.09999999999990905	TimeIntervals	Lick
805.2900000000001	0.06675000000007003	TimeIntervals	Lick
805.3900000000001	0.09999999999990905	TimeIntervals	Lick
805.5235	0.10000000000002274	TimeIntervals	Lick
805.6570000000002	0.33324999999979354	TimeIntervals	Lick
806.0235	0.10000000000002274	TimeIntervals	Lick
806.1570000000002	0.09999999999990905	TimeIntervals	Lick
806.29025	0.10000000000013642	TimeIntervals	Lick
806.4235	0.10000000000002274	TimeIntervals	Lick
806.557	0.2667500000000018	TimeIntervals	Lick
806.857	0.10000000000002274	TimeIntervals	Lick
806.9905	0.10000000000002274	TimeIntervals	Lick
807.12375	0.10000000000002274	TimeIntervals	Lick
807.2570000000001	0.09999999999990905	TimeIntervals	Lick
807.3905000000001	0.09999999999990905	TimeIntervals	Lick
807.52375	0.13325000000020282	TimeIntervals	Lick
807.6905000000002	0.09999999999990905	TimeIntervals	Lick
807.8240000000001	0.13324999999997544	TimeIntervals	Lick
807.9905	0.10000000000002274	TimeIntervals	Lick
808.1572500000001	0.10000000000002274	TimeIntervals	Lick
808.3240000000001	0.16649999999992815	TimeIntervals	Lick
808.624	0.06650000000013279	TimeIntervals	Lick
808.8240000000001	0.10000000000002274	TimeIntervals	Lick
809.024	0.10000000000002274	TimeIntervals	Lick
809.3240000000001	0.10000000000002274	TimeIntervals	Lick
809.524	0.10000000000002274	TimeIntervals	Lick
809.9240000000001	0.06699999999989359	TimeIntervals	Lick
810.6242500000001	0.06675000000007003	TimeIntervals	Lick
810.7575	0.09999999999990905	TimeIntervals	Lick
811.8577500000001	0.09999999999979536	TimeIntervals	Lick
812.3245000000002	0.06674999999984266	TimeIntervals	Lick
812.6245	0.2999999999999545	TimeIntervals	Lick
813.2580000000002	0.06674999999984266	TimeIntervals	Lick
813.7580000000002	0.09999999999990905	TimeIntervals	Lick
813.958	0.10000000000002274	TimeIntervals	Lick
814.0915	0.10000000000002274	TimeIntervals	Lick
814.22475	0.10000000000002274	TimeIntervals	Lick
814.3580000000001	0.10024999999995998	TimeIntervals	Lick
814.525	0.20000000000004547	TimeIntervals	Lick
814.7582500000001	0.10000000000002274	TimeIntervals	Lick
814.8915000000001	0.1999999999999318	TimeIntervals	Lick
815.125	0.10000000000002274	TimeIntervals	Lick
815.2582500000001	0.10000000000002274	TimeIntervals	Lick
815.3915000000001	0.10000000000002274	TimeIntervals	Lick
815.525	0.10000000000002274	TimeIntervals	Lick
815.6585000000001	0.43324999999992997	TimeIntervals	Lick
815.725	0.06675000000018372	TimeIntervals	Reward
816.125	0.7670000000000528	TimeIntervals	Lick
816.92525	0.56675000000007	TimeIntervals	Lick
817.5252499999999	0.10000000000002274	TimeIntervals	Lick
817.6585000000001	0.7670000000000528	TimeIntervals	Lick
818.4587499999999	0.10000000000013642	TimeIntervals	Lick
818.6255000000001	0.23349999999993543	TimeIntervals	Lick
818.89225	0.10000000000002274	TimeIntervals	Lick
819.0590000000001	0.0665000000000191	TimeIntervals	Lick
819.39225	0.06674999999995634	TimeIntervals	Lick
819.5255000000001	0.2999999999999545	TimeIntervals	Lick
820.0925000000001	0.0665000000000191	TimeIntervals	Lick
820.2925000000001	0.2332499999998845	TimeIntervals	Lick
820.759	0.10000000000002274	TimeIntervals	Lick
821.226	0.46650000000011005	TimeIntervals	Lick
821.7592500000001	0.06674999999995634	TimeIntervals	Reward
821.8925	1.3670000000000755	TimeIntervals	Lick
823.293	0.33324999999990723	TimeIntervals	Lick
823.6595000000001	0.10000000000002274	TimeIntervals	Lick
823.793	0.1999999999999318	TimeIntervals	Lick
824.02625	0.09999999999990905	TimeIntervals	Lick
824.1595000000001	0.4002499999999145	TimeIntervals	Lick
824.593	0.10000000000025011	TimeIntervals	Lick
824.7265	0.10000000000013642	TimeIntervals	Lick
824.8597500000001	0.09999999999990905	TimeIntervals	Lick
825.0265	0.09999999999979536	TimeIntervals	Lick
825.1930000000002	0.06674999999984266	TimeIntervals	Lick
825.3265000000001	0.7334999999999354	TimeIntervals	Lick
826.09325	0.03324999999983902	TimeIntervals	Lick
826.16	0.10000000000002274	TimeIntervals	Lick
826.2932500000002	0.09999999999990905	TimeIntervals	Lick
826.4935	0.0665000000000191	TimeIntervals	Lick
826.6267499999999	0.2667500000001155	TimeIntervals	Lick
827.0267499999999	0.10000000000002274	TimeIntervals	Lick
827.4267500000001	0.09999999999979536	TimeIntervals	Lick
827.8270000000001	0.09999999999990905	TimeIntervals	Lick
827.9602500000001	0.09999999999990905	TimeIntervals	Lick
828.2270000000001	0.10000000000002274	TimeIntervals	Lick
828.3602500000001	0.10000000000002274	TimeIntervals	Lick
828.5269999999999	0.06650000000013279	TimeIntervals	Lick
828.627	0.10000000000013642	TimeIntervals	Lick
828.7605000000001	0.0665000000000191	TimeIntervals	Reward
828.7937500000002	1.3002500000000055	TimeIntervals	Lick
830.1272499999999	0.20000000000027285	TimeIntervals	Lick
830.3605000000001	0.1999999999999318	TimeIntervals	Lick
830.5940000000002	0.3334999999998445	TimeIntervals	Lick
830.9607500000002	0.2332499999998845	TimeIntervals	Lick
831.2275000000001	0.10000000000002274	TimeIntervals	Lick
831.36075	0.13324999999997544	TimeIntervals	Lick
831.56075	0.36675000000002456	TimeIntervals	Lick
831.9942500000001	0.6332499999998618	TimeIntervals	Lick
832.69425	0.06674999999995634	TimeIntervals	Lick
832.7942500000001	0.3334999999998445	TimeIntervals	Lick
833.1610000000002	0.633499999999799	TimeIntervals	Lick
833.8277500000002	0.13324999999986176	TimeIntervals	Lick
833.9945	0.10000000000013642	TimeIntervals	Lick
834.12775	0.13350000000002638	TimeIntervals	Lick
834.3280000000001	0.13324999999997544	TimeIntervals	Lick
834.66125	0.13324999999997544	TimeIntervals	Lick
834.8280000000001	0.13324999999997544	TimeIntervals	Lick
835.028	0.06650000000013279	TimeIntervals	Lick
835.2280000000001	0.1999999999999318	TimeIntervals	Lick
835.9615000000001	0.03324999999983902	TimeIntervals	Lick
836.1947500000001	0.09999999999990905	TimeIntervals	Lick
836.695	0.09999999999990905	TimeIntervals	Lick
836.995	0.13324999999997544	TimeIntervals	Lick
837.195	0.06649999999990541	TimeIntervals	Lick
837.76175	0.10000000000013642	TimeIntervals	Lick
838.3950000000001	0.09999999999990905	TimeIntervals	Lick
840.42875	0.13324999999997544	TimeIntervals	Lick
841.5955000000001	0.10000000000002274	TimeIntervals	Lick
841.7290000000002	0.06649999999990541	TimeIntervals	Lick
841.829	0.06675000000018372	TimeIntervals	Reward
841.829	0.06675000000018372	TimeIntervals	Lick
841.9290000000001	0.5335000000000036	TimeIntervals	Lick
842.49575	0.33324999999990723	TimeIntervals	Lick
842.8625000000001	0.1999999999999318	TimeIntervals	Lick
843.12925	0.06674999999995634	TimeIntervals	Lick
843.2292500000002	0.33324999999979354	TimeIntervals	Lick
843.596	0.33324999999990723	TimeIntervals	Lick
843.9625000000001	0.09999999999990905	TimeIntervals	Lick
844.096	0.23349999999993543	TimeIntervals	Lick
844.3627500000002	0.33324999999967986	TimeIntervals	Lick
844.7295000000001	0.2664999999999509	TimeIntervals	Lick
845.0295000000001	0.09999999999990905	TimeIntervals	Lick
845.19625	0.06675000000007003	TimeIntervals	Lick
845.3294999999999	0.06674999999995634	TimeIntervals	Lick
845.4295000000001	0.10000000000002274	TimeIntervals	Lick
845.59625	0.06674999999995634	TimeIntervals	Lick
845.763	0.10000000000013642	TimeIntervals	Lick
845.9295000000001	0.06674999999995634	TimeIntervals	Lick
846.1295	0.06674999999995634	TimeIntervals	Lick
846.32975	0.10000000000002274	TimeIntervals	Lick
846.4630000000001	0.2999999999999545	TimeIntervals	Lick
847.163	0.06675000000007003	TimeIntervals	Lick
847.32975	0.06674999999995634	TimeIntervals	Lick
847.6300000000001	0.13324999999997544	TimeIntervals	Lick
847.7965	0.09999999999990905	TimeIntervals	Lick
848.7635	0.10000000000025011	TimeIntervals	Lick
849.09675	0.10000000000002274	TimeIntervals	Lick
850.1302500000002	0.09999999999990905	TimeIntervals	Lick
850.96375	0.13324999999997544	TimeIntervals	Lick
851.3637500000002	0.06674999999972897	TimeIntervals	Lick
852.8305	0.10024999999995998	TimeIntervals	Lick
853.2640000000001	0.7002499999997553	TimeIntervals	Lick
854.031	0.06649999999990541	TimeIntervals	Lick
854.5974999999999	0.10000000000013642	TimeIntervals	Lick
855.7645000000001	0.13324999999997544	TimeIntervals	Lick
856.498	0.09999999999990905	TimeIntervals	Lick
857.2980000000001	0.09999999999990905	TimeIntervals	Lick
857.6980000000001	0.06675000000007003	TimeIntervals	Lick
859.2650000000001	0.06649999999990541	TimeIntervals	Lick
859.3650000000001	0.09999999999990905	TimeIntervals	Lick
859.4985	0.09999999999990905	TimeIntervals	Lick
859.63175	0.1999999999999318	TimeIntervals	Lick
859.8650000000001	0.09999999999990905	TimeIntervals	Lick
859.9985	0.1999999999999318	TimeIntervals	Lick
860.23175	0.09999999999990905	TimeIntervals	Lick
860.3650000000001	0.06674999999995634	TimeIntervals	Lick
860.465	0.10024999999995998	TimeIntervals	Lick
860.5985	0.10000000000002274	TimeIntervals	Lick
860.732	0.10000000000013642	TimeIntervals	Lick
860.8652500000002	0.1999999999998181	TimeIntervals	Lick
860.8985000000001	0.03349999999988995	TimeIntervals	Reward
861.0985	0.6335000000000264	TimeIntervals	Lick
861.7655000000001	0.7664999999999509	TimeIntervals	Lick
862.5655	0.20000000000004547	TimeIntervals	Lick
862.7990000000002	0.09999999999990905	TimeIntervals	Lick
862.93225	0.10000000000013642	TimeIntervals	Lick
863.0655	0.20000000000004547	TimeIntervals	Lick
863.2990000000002	0.09999999999990905	TimeIntervals	Lick
863.43225	0.10000000000013642	TimeIntervals	Lick
863.5655	0.10000000000002274	TimeIntervals	Lick
863.699	0.2667500000001155	TimeIntervals	Lick
863.999	0.10000000000002274	TimeIntervals	Lick
864.1325	0.09999999999990905	TimeIntervals	Lick
864.2657500000001	0.09999999999990905	TimeIntervals	Lick
864.3990000000001	0.09999999999990905	TimeIntervals	Lick
864.56575	0.10000000000013642	TimeIntervals	Lick
864.7657500000001	0.06674999999995634	TimeIntervals	Lick
864.86575	0.13350000000002638	TimeIntervals	Lick
865.19925	0.10000000000013642	TimeIntervals	Lick
865.3325000000001	0.1999999999999318	TimeIntervals	Lick
866.0660000000001	0.1667499999998654	TimeIntervals	Lick
866.2995000000001	0.10000000000002274	TimeIntervals	Lick
866.6995000000001	0.10000000000002274	TimeIntervals	Lick
868.7330000000001	0.10000000000002274	TimeIntervals	Lick
871.4000000000001	0.09999999999990905	TimeIntervals	Lick
871.6334999999999	0.10000000000025011	TimeIntervals	Lick
871.7670000000002	0.09999999999990905	TimeIntervals	Lick
871.9002500000001	0.09999999999979536	TimeIntervals	Lick
872.067	0.10000000000013642	TimeIntervals	Lick
872.20025	0.06675000000018372	TimeIntervals	Lick
872.3002500000001	0.10000000000002274	TimeIntervals	Lick
872.4335000000001	0.09999999999979536	TimeIntervals	Lick
872.567	0.10000000000013642	TimeIntervals	Lick
872.7005	0.20000000000004547	TimeIntervals	Lick
872.93375	1.4002500000001419	TimeIntervals	Lick
872.93375	0.06675000000007003	TimeIntervals	Reward
874.3672500000001	0.1999999999999318	TimeIntervals	Lick
874.6005	0.2335000000001628	TimeIntervals	Lick
874.8675000000002	0.36649999999985994	TimeIntervals	Lick
875.2675	0.13324999999997544	TimeIntervals	Lick
875.4340000000001	0.09999999999990905	TimeIntervals	Lick
875.60075	0.10000000000013642	TimeIntervals	Lick
875.734	0.23349999999993543	TimeIntervals	Lick
876.001	0.10000000000002274	TimeIntervals	Lick
876.1342500000001	0.09999999999990905	TimeIntervals	Lick
876.2675	0.10000000000013642	TimeIntervals	Lick
876.401	0.10000000000002274	TimeIntervals	Lick
876.5675000000001	0.09999999999990905	TimeIntervals	Lick
876.73425	0.0667500000002974	TimeIntervals	Lick
877.3345	0.06649999999990541	TimeIntervals	Lick
877.501	0.06675000000018372	TimeIntervals	Lick
877.7344999999999	0.10000000000013642	TimeIntervals	Lick
878.001	3.8675000000000637	TimeIntervals	Lick
882.135	0.10000000000002274	TimeIntervals	Lick
882.6352499999999	0.13325000000008913	TimeIntervals	Lick
883.402	0.09999999999990905	TimeIntervals	Lick
885.10225	0.06675000000007003	TimeIntervals	Lick
886.03575	0.06674999999995634	TimeIntervals	Lick
888.3360000000001	0.09999999999990905	TimeIntervals	Lick
888.4695	0.10000000000002274	TimeIntervals	Lick
888.60275	0.06674999999995634	TimeIntervals	Lick
888.736	0.06675000000018372	TimeIntervals	Lick
888.8360000000001	0.09999999999990905	TimeIntervals	Lick
888.9695	0.1999999999999318	TimeIntervals	Lick
889.2030000000001	0.1999999999999318	TimeIntervals	Lick
889.43625	0.10000000000002274	TimeIntervals	Lick
889.5695000000001	0.06674999999995634	TimeIntervals	Lick
889.7362499999999	0.03325000000018008	TimeIntervals	Lick
889.8030000000001	0.09999999999990905	TimeIntervals	Lick
889.9695	0.06674999999995634	TimeIntervals	Lick
889.9695	0.03350000000000364	TimeIntervals	Reward
890.0695000000001	0.8669999999997344	TimeIntervals	Lick
890.9697500000001	0.1999999999999318	TimeIntervals	Lick
891.2030000000001	0.10000000000002274	TimeIntervals	Lick
891.3365000000001	0.1999999999999318	TimeIntervals	Lick
891.57	0.3332500000000209	TimeIntervals	Lick
891.9364999999998	0.10000000000025011	TimeIntervals	Lick
892.07	0.09999999999990905	TimeIntervals	Lick
892.2032500000001	0.09999999999990905	TimeIntervals	Lick
892.3365000000001	0.23349999999993543	TimeIntervals	Lick
892.6035	0.09999999999990905	TimeIntervals	Lick
893.07	0.06674999999995634	TimeIntervals	Lick
893.2700000000001	0.06675000000007003	TimeIntervals	Lick
893.4367499999998	0.2667500000001155	TimeIntervals	Lick
893.737	0.06650000000024647	TimeIntervals	Lick
894.3702500000002	0.09999999999990905	TimeIntervals	Lick
894.5035000000001	0.06674999999995634	TimeIntervals	Lick
894.90375	0.06675000000018372	TimeIntervals	Lick
895.1370000000001	0.5	TimeIntervals	Lick
895.7372500000001	0.09999999999990905	TimeIntervals	Lick
895.904	0.16650000000015552	TimeIntervals	Lick
896.1040000000002	0.1999999999999318	TimeIntervals	Lick
896.33725	0.36674999999991087	TimeIntervals	Lick
896.7372500000001	0.10024999999995998	TimeIntervals	Lick
896.904	0.10000000000002274	TimeIntervals	Lick
897.1374999999999	0.10000000000013642	TimeIntervals	Lick
897.8375000000001	0.09999999999990905	TimeIntervals	Lick
900.438	0.0665000000000191	TimeIntervals	Lick
900.8045000000001	0.06675000000007003	TimeIntervals	Lick
900.938	0.0665000000000191	TimeIntervals	Lick
901.0379999999999	0.10000000000013642	TimeIntervals	Lick
901.17125	0.2002500000000964	TimeIntervals	Lick
901.40475	0.10000000000002274	TimeIntervals	Lick
901.5379999999999	0.10000000000013642	TimeIntervals	Lick
901.6715	0.23324999999999818	TimeIntervals	Lick
901.938	0.06675000000007003	TimeIntervals	Lick
902.0047500000001	0.10000000000002274	TimeIntervals	Reward
902.0379999999999	0.4002500000000282	TimeIntervals	Lick
902.4715	0.10000000000002274	TimeIntervals	Lick
902.605	0.20000000000015916	TimeIntervals	Lick
902.83825	0.09999999999990905	TimeIntervals	Lick
902.9715	0.3000000000001819	TimeIntervals	Lick
903.3050000000002	0.09999999999990905	TimeIntervals	Lick
903.4385	0.3332500000001346	TimeIntervals	Lick
903.8050000000002	0.23349999999982174	TimeIntervals	Lick
904.0717500000001	0.36674999999991087	TimeIntervals	Lick
904.472	0.10000000000002274	TimeIntervals	Lick
904.6052500000001	0.6667499999999791	TimeIntervals	Lick
905.30525	0.10000000000013642	TimeIntervals	Lick
905.4385	0.10000000000002274	TimeIntervals	Lick
905.572	0.13350000000002638	TimeIntervals	Lick
905.7387500000001	0.09999999999990905	TimeIntervals	Lick
905.8720000000002	0.09999999999979536	TimeIntervals	Lick
906.0055000000001	0.13324999999997544	TimeIntervals	Lick
906.1719999999999	0.10000000000013642	TimeIntervals	Lick
906.33875	0.09999999999990905	TimeIntervals	Lick
906.472	0.10000000000002274	TimeIntervals	Lick
906.6055	0.13350000000014006	TimeIntervals	Lick
906.8055	0.09999999999990905	TimeIntervals	Lick
906.9389999999999	0.20000000000027285	TimeIntervals	Lick
907.839	0.06674999999995634	TimeIntervals	Lick
908.0057500000001	0.09999999999990905	TimeIntervals	Lick
908.9060000000001	0.09999999999990905	TimeIntervals	Lick
909.0725	0.16675000000020646	TimeIntervals	Lick
909.706	0.10000000000002274	TimeIntervals	Lick
910.1727500000001	0.06675000000007003	TimeIntervals	Lick
910.2727500000001	0.1999999999998181	TimeIntervals	Lick
911.8395	0.06674999999995634	TimeIntervals	Lick
915.10675	0.06674999999995634	TimeIntervals	Lick
918.3405	0.06675000000007003	TimeIntervals	Lick
920.07425	0.10000000000002274	TimeIntervals	Reward
920.2075	0.5	TimeIntervals	Lick
920.741	0.4334999999999809	TimeIntervals	Lick
921.2077499999999	0.4667500000000473	TimeIntervals	Lick
921.7077499999999	0.10000000000013642	TimeIntervals	Lick
921.841	0.10000000000002274	TimeIntervals	Lick
921.9745000000001	0.09999999999990905	TimeIntervals	Lick
922.1080000000001	0.46649999999999636	TimeIntervals	Lick
922.6080000000001	0.13324999999997544	TimeIntervals	Lick
922.7745000000002	0.06674999999972897	TimeIntervals	Lick
922.8745000000001	0.10000000000002274	TimeIntervals	Lick
923.0412500000001	0.06674999999995634	TimeIntervals	Lick
923.208	0.10000000000013642	TimeIntervals	Lick
923.3747500000001	0.06674999999984266	TimeIntervals	Lick
923.57475	0.10000000000013642	TimeIntervals	Lick
923.77475	0.06674999999995634	TimeIntervals	Lick
924.4414999999999	0.13350000000002638	TimeIntervals	Lick
924.6750000000001	0.0665000000000191	TimeIntervals	Lick
924.8415	0.06675000000007003	TimeIntervals	Lick
924.9749999999999	0.10000000000002274	TimeIntervals	Lick
926.1084999999999	0.13325000000020282	TimeIntervals	Lick
926.3750000000001	0.06674999999984266	TimeIntervals	Lick
926.542	1.0667499999999563	TimeIntervals	Lick
927.8420000000001	0.09999999999990905	TimeIntervals	Lick
947.8117500000001	0.06675000000007003	TimeIntervals	Lick
