onset	duration	nwb_table	event_type
8.41725	0.06675000000000253	TimeIntervals	Lick
8.9175	0.06650000000000134	TimeIntervals	Lick
9.150749999999999	0.06675000000000253	TimeIntervals	Lick
9.5175	0.10000000000000142	TimeIntervals	Lick
10.4175	0.09999999999999964	TimeIntervals	Lick
11.617750000000001	0.09999999999999964	TimeIntervals	Lick
12.75125	0.06674999999999898	TimeIntervals	Lick
12.884500000000001	0.06700000000000017	TimeIntervals	Lick
12.984750000000002	0.09999999999999964	TimeIntervals	Lick
13.151499999999999	0.06650000000000311	TimeIntervals	Lick
13.284750000000003	0.09999999999999964	TimeIntervals	Lick
13.418	0.1000000000000032	TimeIntervals	Lick
13.551499999999999	0.06649999999999956	TimeIntervals	Lick
13.651499999999999	0.33350000000000257	TimeIntervals	Lick
14.01825	0.20000000000000107	TimeIntervals	Lick
14.251500000000002	0.1999999999999993	TimeIntervals	Lick
14.485000000000001	0.09999999999999964	TimeIntervals	Lick
14.618250000000002	0.1999999999999993	TimeIntervals	Lick
14.81825	0.09999999999999964	TimeIntervals	Reward
14.851500000000001	0.09999999999999964	TimeIntervals	Lick
14.985000000000001	0.4334999999999969	TimeIntervals	Lick
15.451749999999999	0.06674999999999898	TimeIntervals	Lick
15.55175	2.5002499999999994	TimeIntervals	Lick
18.0855	0.2665000000000006	TimeIntervals	Lick
18.3855	0.10000000000000142	TimeIntervals	Lick
18.519000000000002	0.09999999999999787	TimeIntervals	Lick
18.652250000000002	0.09999999999999432	TimeIntervals	Lick
18.7855	0.5335000000000001	TimeIntervals	Lick
19.35225	0.09999999999999787	TimeIntervals	Lick
19.485500000000002	0.10024999999999906	TimeIntervals	Lick
19.619	0.10000000000000142	TimeIntervals	Lick
19.752499999999998	0.10000000000000142	TimeIntervals	Lick
19.885749999999998	0.10000000000000142	TimeIntervals	Lick
20.019000000000002	0.06674999999999898	TimeIntervals	Lick
20.119	0.13349999999999795	TimeIntervals	Lick
20.4525	0.20000000000000284	TimeIntervals	Lick
20.786	0.1332500000000003	TimeIntervals	Lick
21.252499999999998	0.10000000000000142	TimeIntervals	Lick
21.386000000000003	0.06649999999999778	TimeIntervals	Lick
21.51925	0.06674999999999898	TimeIntervals	Lick
21.719500000000004	0.10000000000000142	TimeIntervals	Lick
22.152750000000005	0.06674999999999898	TimeIntervals	Lick
22.419500000000003	0.16649999999999565	TimeIntervals	Lick
22.652750000000005	0.09999999999999432	TimeIntervals	Lick
23.052999999999997	0.06650000000000489	TimeIntervals	Lick
23.286250000000003	0.09999999999999787	TimeIntervals	Lick
23.453000000000003	0.09999999999999432	TimeIntervals	Lick
23.58625	0.10000000000000142	TimeIntervals	Lick
23.786250000000003	0.06674999999999898	TimeIntervals	Lick
23.986500000000003	0.06649999999999423	TimeIntervals	Lick
24.252999999999997	0.10000000000000497	TimeIntervals	Lick
24.3865	0.13324999999999676	TimeIntervals	Lick
24.6865	0.23325000000000173	TimeIntervals	Lick
25.32	0.06650000000000134	TimeIntervals	Lick
27.08675	0.10025000000000261	TimeIntervals	Lick
27.453500000000002	0.10000000000000142	TimeIntervals	Lick
27.72025	0.1332500000000003	TimeIntervals	Lick
28.7205	0.09999999999999787	TimeIntervals	Lick
29.286999999999995	0.10000000000000497	TimeIntervals	Lick
30.153999999999996	0.06650000000000489	TimeIntervals	Lick
30.82075	0.10000000000000142	TimeIntervals	Lick
31.12075	0.1332500000000003	TimeIntervals	Lick
32.421	0.10000000000000142	TimeIntervals	Lick
33.4545	0.09999999999999432	TimeIntervals	Lick
34.388	0.10000000000000142	TimeIntervals	Lick
36.32150000000001	0.09999999999999432	TimeIntervals	Lick
36.9215	0.09999999999999432	TimeIntervals	Lick
38.155	0.10024999999999551	TimeIntervals	Lick
39.488749999999996	0.10000000000000853	TimeIntervals	Lick
39.655499999999996	0.10000000000000142	TimeIntervals	Lick
39.82200000000001	0.09999999999998721	TimeIntervals	Lick
39.9555	0.29999999999999005	TimeIntervals	Lick
40.28875	0.10025000000000261	TimeIntervals	Lick
40.42224999999999	0.30000000000001137	TimeIntervals	Lick
40.75549999999999	0.10000000000001563	TimeIntervals	Lick
40.889	0.20000000000000284	TimeIntervals	Lick
41.12225000000001	0.23324999999999818	TimeIntervals	Lick
41.389	0.09999999999999432	TimeIntervals	Lick
41.5225	0.10000000000000142	TimeIntervals	Lick
41.655750000000005	3.833749999999995	TimeIntervals	Lick
41.9225	0.03324999999999534	TimeIntervals	Reward
45.522999999999996	0.4335000000000093	TimeIntervals	Lick
45.989749999999994	0.06675000000000608	TimeIntervals	Lick
47.22325000000001	0.06674999999999898	TimeIntervals	Lick
47.623250000000006	0.06674999999999187	TimeIntervals	Lick
47.9565	0.06674999999999898	TimeIntervals	Lick
48.15675	0.10000000000000142	TimeIntervals	Lick
48.62350000000001	0.09999999999999432	TimeIntervals	Lick
48.756750000000004	0.10000000000000853	TimeIntervals	Lick
49.257	0.13325000000000387	TimeIntervals	Lick
50.157000000000004	0.13349999999999795	TimeIntervals	Lick
50.657000000000004	0.09999999999999432	TimeIntervals	Lick
50.7905	0.10000000000000142	TimeIntervals	Lick
50.956999999999994	0.10000000000001563	TimeIntervals	Lick
51.12375	0.06674999999999898	TimeIntervals	Lick
51.3905	0.09999999999998721	TimeIntervals	Lick
51.523999999999994	0.10000000000000853	TimeIntervals	Lick
51.657250000000005	0.09999999999999432	TimeIntervals	Lick
51.790499999999994	0.10000000000000853	TimeIntervals	Lick
51.92400000000001	0.06649999999998357	TimeIntervals	Lick
52.023999999999994	0.10000000000000853	TimeIntervals	Lick
52.157250000000005	0.06674999999999187	TimeIntervals	Lick
52.25725	0.20025000000000404	TimeIntervals	Lick
52.49074999999999	0.20000000000001705	TimeIntervals	Lick
52.724	0.3335000000000008	TimeIntervals	Lick
52.9575	0.03324999999998823	TimeIntervals	Reward
53.09075	0.9002499999999998	TimeIntervals	Lick
54.024249999999995	2.3670000000000115	TimeIntervals	Lick
56.4245	0.09999999999999432	TimeIntervals	Lick
56.55799999999999	0.10000000000000853	TimeIntervals	Lick
56.724500000000006	0.06674999999999898	TimeIntervals	Lick
56.991499999999995	0.13325000000000387	TimeIntervals	Lick
57.158	0.06674999999999898	TimeIntervals	Lick
58.791500000000006	0.10000000000000142	TimeIntervals	Lick
59.69175	0.10000000000000142	TimeIntervals	Lick
60.22525	0.10000000000000142	TimeIntervals	Lick
60.42525	0.13325000000000387	TimeIntervals	Lick
60.99199999999999	0.13325000000000387	TimeIntervals	Lick
61.625499999999995	0.10000000000000853	TimeIntervals	Lick
61.758750000000006	0.09999999999999432	TimeIntervals	Lick
61.9255	0.30000000000000426	TimeIntervals	Lick
62.258750000000006	0.06674999999999187	TimeIntervals	Lick
62.359	0.19999999999998863	TimeIntervals	Lick
62.59225	0.29999999999999716	TimeIntervals	Lick
62.9255	0.10000000000000853	TimeIntervals	Lick
63.05899999999999	0.20000000000000995	TimeIntervals	Lick
63.29225000000001	0.09999999999998721	TimeIntervals	Lick
63.4255	0.06699999999999307	TimeIntervals	Lick
63.525749999999995	0.20000000000000995	TimeIntervals	Lick
63.759	0.10000000000000142	TimeIntervals	Lick
63.892500000000005	0.09999999999998721	TimeIntervals	Lick
63.99249999999999	0.10000000000000853	TimeIntervals	Reward
64.05900000000001	0.5	TimeIntervals	Lick
64.5925	0.09999999999999432	TimeIntervals	Lick
64.726	1.4667499999999905	TimeIntervals	Lick
66.226	0.09999999999999432	TimeIntervals	Lick
66.3595	0.10000000000002274	TimeIntervals	Lick
66.49275000000002	0.09999999999999432	TimeIntervals	Lick
66.62599999999999	0.10000000000000853	TimeIntervals	Lick
66.7595	0.09999999999999432	TimeIntervals	Lick
66.893	0.10000000000000853	TimeIntervals	Lick
67.02625	0.46675000000000466	TimeIntervals	Lick
67.52625	0.0999999999999801	TimeIntervals	Lick
67.6595	0.10000000000000853	TimeIntervals	Lick
67.793	0.09999999999999432	TimeIntervals	Lick
67.9265	0.09999999999999432	TimeIntervals	Lick
68.05975000000001	0.09999999999999432	TimeIntervals	Lick
68.193	0.10000000000000853	TimeIntervals	Lick
68.3265	0.26650000000000773	TimeIntervals	Lick
68.62650000000001	0.09999999999999432	TimeIntervals	Lick
68.75975	0.09999999999999432	TimeIntervals	Lick
68.893	0.10025000000000261	TimeIntervals	Lick
69.0265	0.13350000000001216	TimeIntervals	Lick
69.19325000000002	0.0999999999999801	TimeIntervals	Lick
69.3265	0.10000000000000853	TimeIntervals	Lick
69.46000000000001	0.09999999999999432	TimeIntervals	Lick
69.62650000000001	0.09999999999999432	TimeIntervals	Lick
69.76	0.09999999999999432	TimeIntervals	Lick
70.0265	0.06700000000000728	TimeIntervals	Lick
70.16000000000001	0.09999999999999432	TimeIntervals	Lick
70.46000000000001	0.09999999999999432	TimeIntervals	Lick
70.62675000000002	0.09999999999999432	TimeIntervals	Lick
70.99350000000001	0.06649999999999068	TimeIntervals	Lick
71.0935	0.2667499999999876	TimeIntervals	Lick
71.49350000000001	0.09999999999999432	TimeIntervals	Lick
72.22700000000002	0.16674999999997908	TimeIntervals	Lick
72.46050000000001	0.13324999999998965	TimeIntervals	Lick
72.79375	0.13325000000000387	TimeIntervals	Lick
73.42725	0.0999999999999801	TimeIntervals	Lick
73.69400000000002	0.06649999999997647	TimeIntervals	Lick
74.02724999999998	0.10000000000002274	TimeIntervals	Lick
74.19400000000002	0.166499999999985	TimeIntervals	Lick
74.52749999999999	0.10000000000002274	TimeIntervals	Lick
75.16075000000001	0.10000000000000853	TimeIntervals	Lick
75.29400000000001	0.09999999999999432	TimeIntervals	Lick
75.4275	0.09999999999999432	TimeIntervals	Lick
75.56099999999999	0.10000000000000853	TimeIntervals	Lick
75.69425000000001	0.20000000000000284	TimeIntervals	Lick
75.9275	0.20000000000001705	TimeIntervals	Lick
76.161	0.09999999999999432	TimeIntervals	Lick
76.29425	0.10000000000000853	TimeIntervals	Lick
76.4275	0.06675000000001319	TimeIntervals	Lick
76.52749999999999	0.20025000000001114	TimeIntervals	Lick
76.761	0.10000000000000853	TimeIntervals	Lick
76.89450000000001	0.3332499999999925	TimeIntervals	Lick
77.261	0.10000000000000853	TimeIntervals	Lick
77.39450000000001	0.36674999999999613	TimeIntervals	Lick
77.7945	0.10000000000000853	TimeIntervals	Lick
77.928	0.13324999999998965	TimeIntervals	Lick
78.0945	0.13349999999999795	TimeIntervals	Lick
78.26125	0.10000000000000853	TimeIntervals	Lick
78.4945	0.06674999999998477	TimeIntervals	Lick
78.62800000000001	0.13324999999998965	TimeIntervals	Lick
79.728	0.06675000000001319	TimeIntervals	Lick
80.595	0.09999999999999432	TimeIntervals	Lick
80.76150000000001	0.0999999999999801	TimeIntervals	Lick
81.695	0.10000000000000853	TimeIntervals	Lick
81.895	0.23349999999999227	TimeIntervals	Lick
83.06200000000001	0.06649999999997647	TimeIntervals	Lick
83.16200000000002	0.09999999999999432	TimeIntervals	Lick
83.59550000000002	0.0999999999999801	TimeIntervals	Lick
84.1955	0.13349999999999795	TimeIntervals	Lick
85.2955	0.10000000000000853	TimeIntervals	Lick
86.229	0.06674999999999898	TimeIntervals	Lick
87.62950000000001	0.0665000000000191	TimeIntervals	Lick
88.19600000000003	0.06674999999998477	TimeIntervals	Lick
88.92950000000002	0.06674999999998477	TimeIntervals	Lick
89.76300000000002	0.06649999999997647	TimeIntervals	Lick
89.863	0.10000000000000853	TimeIntervals	Lick
89.9965	0.20000000000001705	TimeIntervals	Lick
90.22975000000001	0.06674999999998477	TimeIntervals	Lick
90.32975	0.10000000000000853	TimeIntervals	Lick
90.46300000000001	0.30000000000001137	TimeIntervals	Lick
90.7965	0.09999999999999432	TimeIntervals	Lick
90.93	0.20000000000000284	TimeIntervals	Lick
91.16325000000002	0.0999999999999801	TimeIntervals	Lick
91.2965	0.30000000000001137	TimeIntervals	Lick
91.63000000000001	0.09999999999999432	TimeIntervals	Lick
91.76325	0.10000000000000853	TimeIntervals	Lick
91.89649999999999	0.10000000000000853	TimeIntervals	Lick
92.03	0.10000000000000853	TimeIntervals	Lick
92.06350000000002	0.06649999999999068	TimeIntervals	Reward
92.16350000000003	0.0999999999999801	TimeIntervals	Lick
92.29674999999999	0.16675000000002171	TimeIntervals	Lick
92.49675000000002	0.19999999999998863	TimeIntervals	Lick
92.73	0.20000000000000284	TimeIntervals	Lick
92.96350000000001	0.10000000000000853	TimeIntervals	Lick
93.09675	0.0667500000000274	TimeIntervals	Lick
93.197	0.09999999999999432	TimeIntervals	Lick
93.33024999999999	0.20000000000001705	TimeIntervals	Lick
93.56350000000002	0.19999999999998863	TimeIntervals	Lick
93.797	0.10000000000002274	TimeIntervals	Lick
93.93025000000002	0.09999999999999432	TimeIntervals	Lick
94.06350000000002	0.3335000000000008	TimeIntervals	Lick
94.43050000000001	0.23324999999999818	TimeIntervals	Lick
94.697	0.09999999999999432	TimeIntervals	Lick
94.83049999999999	0.10000000000002274	TimeIntervals	Lick
94.96375000000002	0.10000000000000853	TimeIntervals	Lick
95.097	0.10000000000000853	TimeIntervals	Lick
95.26375	0.10025000000000261	TimeIntervals	Lick
95.39725	0.13325000000000387	TimeIntervals	Lick
97.09750000000001	0.06650000000000489	TimeIntervals	Lick
97.39750000000001	0.09999999999999432	TimeIntervals	Lick
97.63100000000001	0.06649999999999068	TimeIntervals	Lick
97.76425	0.09999999999999432	TimeIntervals	Lick
98.231	0.06650000000000489	TimeIntervals	Lick
98.531	0.10000000000000853	TimeIntervals	Lick
100.2645	0.10000000000000853	TimeIntervals	Lick
100.39800000000001	0.06649999999999068	TimeIntervals	Lick
100.8315	0.03324999999999534	TimeIntervals	Lick
100.9315	0.2332500000000266	TimeIntervals	Lick
101.9315	0.09999999999999432	TimeIntervals	Lick
102.19825000000003	0.06674999999998477	TimeIntervals	Lick
103.7985	0.06649999999999068	TimeIntervals	Lick
104.2985	0.06674999999999898	TimeIntervals	Lick
105.032	0.10000000000002274	TimeIntervals	Lick
105.532	0.06674999999999898	TimeIntervals	Lick
107.73249999999999	0.10000000000000853	TimeIntervals	Lick
108.79925	0.06674999999999898	TimeIntervals	Lick
109.63250000000001	0.1002499999999884	TimeIntervals	Lick
109.76600000000002	0.06674999999997056	TimeIntervals	Lick
109.866	0.20000000000000284	TimeIntervals	Lick
110.0995	0.20000000000000284	TimeIntervals	Lick
110.33274999999999	0.20000000000001705	TimeIntervals	Lick
110.566	0.20025000000001114	TimeIntervals	Lick
110.79950000000001	0.06674999999999898	TimeIntervals	Lick
110.8995	0.10000000000000853	TimeIntervals	Lick
111.033	0.09999999999999432	TimeIntervals	Lick
111.16625	0.20000000000000284	TimeIntervals	Lick
111.3995	0.10000000000000853	TimeIntervals	Lick
111.533	0.09999999999999432	TimeIntervals	Lick
111.66625	0.06674999999999898	TimeIntervals	Lick
111.76625000000001	0.20024999999999693	TimeIntervals	Lick
111.99975	0.10000000000000853	TimeIntervals	Lick
112.09975000000001	0.0999999999999801	TimeIntervals	Reward
112.133	0.8000000000000114	TimeIntervals	Lick
112.96650000000001	3.2337500000000006	TimeIntervals	Lick
116.23349999999999	0.2335000000000207	TimeIntervals	Lick
116.50049999999999	0.10000000000002274	TimeIntervals	Lick
116.63375	0.2667500000000018	TimeIntervals	Lick
116.93375000000002	0.13324999999998965	TimeIntervals	Lick
117.10050000000001	0.13324999999998965	TimeIntervals	Lick
117.267	0.13350000000001216	TimeIntervals	Lick
117.43400000000001	0.20000000000000284	TimeIntervals	Lick
117.70050000000002	0.0999999999999801	TimeIntervals	Lick
118.13400000000001	0.06650000000000489	TimeIntervals	Lick
118.3005	0.13350000000001216	TimeIntervals	Lick
118.50075000000001	0.09999999999999432	TimeIntervals	Lick
118.76750000000001	0.09999999999999432	TimeIntervals	Lick
119.33399999999999	0.16700000000003	TimeIntervals	Lick
119.5675	0.10000000000002274	TimeIntervals	Lick
119.76750000000001	0.06674999999998477	TimeIntervals	Lick
120.20100000000001	0.09999999999999432	TimeIntervals	Lick
120.43425000000002	0.0999999999999801	TimeIntervals	Lick
120.86775000000002	0.29999999999999716	TimeIntervals	Lick
121.83449999999999	0.06675000000001319	TimeIntervals	Lick
121.93450000000001	0.0999999999999801	TimeIntervals	Lick
122.06800000000001	0.3332499999999925	TimeIntervals	Lick
122.43450000000001	0.06675000000001319	TimeIntervals	Lick
122.5345	0.4335000000000093	TimeIntervals	Lick
123.00150000000001	0.19999999999998863	TimeIntervals	Lick
123.23475	0.0999999999999801	TimeIntervals	Lick
123.36800000000001	0.20000000000000284	TimeIntervals	Lick
123.60150000000002	0.0999999999999801	TimeIntervals	Lick
123.73475	0.0999999999999801	TimeIntervals	Lick
123.86800000000001	0.20024999999998272	TimeIntervals	Lick
124.10150000000002	0.0999999999999801	TimeIntervals	Lick
124.2015	0.03349999999998943	TimeIntervals	Reward
124.23499999999999	1.833500000000015	TimeIntervals	Lick
126.10199999999999	0.3332500000000209	TimeIntervals	Lick
126.46850000000002	0.0999999999999801	TimeIntervals	Lick
126.60199999999999	0.10000000000003695	TimeIntervals	Lick
126.73525	0.0999999999999801	TimeIntervals	Lick
126.86850000000001	0.10000000000000853	TimeIntervals	Lick
127.00200000000002	0.0999999999999659	TimeIntervals	Lick
127.13525	0.3335000000000008	TimeIntervals	Lick
127.50200000000002	0.0999999999999659	TimeIntervals	Lick
127.6355	0.10000000000000853	TimeIntervals	Lick
127.76875000000001	0.2667500000000018	TimeIntervals	Lick
128.06875	0.09999999999999432	TimeIntervals	Lick
128.202	0.09999999999999432	TimeIntervals	Lick
128.33550000000002	0.2667499999999734	TimeIntervals	Lick
128.7355	0.13350000000002638	TimeIntervals	Lick
129.00225	0.09999999999999432	TimeIntervals	Lick
129.16899999999998	0.0665000000000191	TimeIntervals	Lick
129.269	0.0665000000000191	TimeIntervals	Lick
129.43575	0.03325000000000955	TimeIntervals	Lick
130.4025	0.09999999999999432	TimeIntervals	Lick
130.936	0.09999999999999432	TimeIntervals	Lick
131.4025	0.09999999999999432	TimeIntervals	Lick
132.5695	0.06649999999999068	TimeIntervals	Lick
132.93625000000003	0.0999999999999659	TimeIntervals	Lick
133.0695	0.13349999999999795	TimeIntervals	Lick
133.23624999999998	0.10000000000002274	TimeIntervals	Reward
133.43625000000003	3.333750000000009	TimeIntervals	Lick
136.8035	0.23324999999999818	TimeIntervals	Lick
137.07000000000002	0.10024999999995998	TimeIntervals	Lick
137.2035	0.10000000000002274	TimeIntervals	Lick
137.33700000000002	0.09999999999999432	TimeIntervals	Lick
137.47025000000002	0.36674999999999613	TimeIntervals	Lick
137.87025000000003	0.36674999999999613	TimeIntervals	Lick
138.27050000000003	0.23324999999999818	TimeIntervals	Lick
138.5705	0.09999999999999432	TimeIntervals	Lick
138.70375	0.13325000000000387	TimeIntervals	Lick
138.87050000000002	0.09999999999999432	TimeIntervals	Lick
139.00375000000003	0.13324999999997544	TimeIntervals	Lick
139.20375	0.23349999999999227	TimeIntervals	Lick
139.804	0.0665000000000191	TimeIntervals	Lick
139.93725	0.09999999999999432	TimeIntervals	Lick
140.0705	0.09999999999999432	TimeIntervals	Lick
140.20400000000004	0.0999999999999659	TimeIntervals	Lick
140.37050000000002	0.06699999999997885	TimeIntervals	Lick
140.47075	0.09999999999999432	TimeIntervals	Lick
140.60399999999998	0.10000000000005116	TimeIntervals	Lick
140.73750000000004	0.4332499999999584	TimeIntervals	Lick
141.20400000000004	0.19999999999998863	TimeIntervals	Lick
141.4375	0.10000000000002274	TimeIntervals	Lick
141.57100000000003	0.0999999999999659	TimeIntervals	Lick
141.70425	0.06675000000004161	TimeIntervals	Lick
141.80425	0.10000000000002274	TimeIntervals	Lick
141.9375	0.36674999999999613	TimeIntervals	Lick
142.23750000000004	0.06674999999995634	TimeIntervals	Reward
142.33749999999998	1.9005000000000507	TimeIntervals	Lick
144.27125	0.10000000000002274	TimeIntervals	Lick
144.4045	0.09999999999999432	TimeIntervals	Lick
144.538	0.333500000000015	TimeIntervals	Lick
144.90475000000004	0.0999999999999659	TimeIntervals	Lick
145.038	0.0999999999999659	TimeIntervals	Lick
145.1715	0.09999999999999432	TimeIntervals	Lick
145.30475	0.10000000000002274	TimeIntervals	Lick
145.438	0.10000000000002274	TimeIntervals	Lick
145.57150000000001	0.09999999999999432	TimeIntervals	Lick
145.70475000000002	0.20025000000001114	TimeIntervals	Lick
145.93825	0.09999999999999432	TimeIntervals	Lick
146.07150000000001	0.09999999999999432	TimeIntervals	Lick
146.205	0.09999999999999432	TimeIntervals	Lick
146.33825000000002	0.23324999999999818	TimeIntervals	Lick
146.605	0.10000000000002274	TimeIntervals	Lick
146.73825	0.10000000000002274	TimeIntervals	Lick
146.87150000000003	0.13349999999996953	TimeIntervals	Lick
147.0385	0.10000000000002274	TimeIntervals	Lick
147.17174999999997	0.1332500000000323	TimeIntervals	Lick
147.33850000000004	0.2664999999999509	TimeIntervals	Lick
147.63850000000002	0.06649999999999068	TimeIntervals	Lick
147.77175	0.06675000000004161	TimeIntervals	Lick
148.005	0.06675000000001319	TimeIntervals	Lick
148.20525	0.20000000000001705	TimeIntervals	Lick
148.63850000000002	0.06674999999998477	TimeIntervals	Lick
148.872	0.166499999999985	TimeIntervals	Lick
149.072	0.0665000000000191	TimeIntervals	Lick
149.20550000000003	0.06649999999999068	TimeIntervals	Lick
149.33875000000003	0.06674999999995634	TimeIntervals	Lick
149.572	0.033499999999975216	TimeIntervals	Lick
149.77200000000002	0.09999999999999432	TimeIntervals	Lick
149.9055	0.0665000000000191	TimeIntervals	Lick
150.03875	0.06674999999998477	TimeIntervals	Lick
150.172	0.23349999999999227	TimeIntervals	Lick
150.47225	0.13324999999997544	TimeIntervals	Lick
150.939	0.0665000000000191	TimeIntervals	Lick
151.039	0.1332500000000323	TimeIntervals	Lick
151.20550000000003	0.10000000000002274	TimeIntervals	Lick
151.50575	0.09999999999999432	TimeIntervals	Lick
151.639	0.09999999999999432	TimeIntervals	Lick
151.77250000000004	0.0999999999999659	TimeIntervals	Lick
151.90575	0.13324999999997544	TimeIntervals	Lick
152.10575	0.10000000000002274	TimeIntervals	Lick
152.47250000000003	0.0999999999999659	TimeIntervals	Lick
152.70600000000002	0.0665000000000191	TimeIntervals	Lick
152.83925000000002	0.06674999999995634	TimeIntervals	Lick
152.97250000000003	0.23349999999999227	TimeIntervals	Lick
153.83950000000004	0.06649999999993383	TimeIntervals	Lick
154.07274999999998	0.10000000000002274	TimeIntervals	Lick
154.27275000000003	0.06675000000001319	TimeIntervals	Lick
154.6395	0.0665000000000191	TimeIntervals	Lick
154.83950000000004	0.06674999999998477	TimeIntervals	Lick
155.20625	0.10000000000002274	TimeIntervals	Lick
155.90650000000002	0.0999999999999659	TimeIntervals	Lick
156.073	0.09999999999999432	TimeIntervals	Lick
156.2065	0.3332499999999925	TimeIntervals	Lick
156.573	0.06674999999998477	TimeIntervals	Lick
156.673	0.20000000000001705	TimeIntervals	Lick
156.90650000000002	0.29999999999998295	TimeIntervals	Lick
157.24	0.10000000000002274	TimeIntervals	Lick
157.37325000000004	0.1999999999999602	TimeIntervals	Lick
157.6065	0.09999999999999432	TimeIntervals	Lick
157.74	0.09999999999999432	TimeIntervals	Lick
157.87325000000004	0.09999999999999432	TimeIntervals	Lick
158.0065	0.20025000000001114	TimeIntervals	Lick
158.24	0.09999999999999432	TimeIntervals	Lick
158.30675000000002	0.06674999999998477	TimeIntervals	Reward
158.3735	0.10000000000002274	TimeIntervals	Lick
158.50675	1.4002499999999998	TimeIntervals	Lick
159.94025	0.23324999999999818	TimeIntervals	Lick
160.20700000000002	0.19999999999998863	TimeIntervals	Lick
160.4405	0.10000000000005116	TimeIntervals	Lick
160.57375000000002	0.09999999999999432	TimeIntervals	Lick
160.70700000000002	0.46674999999999045	TimeIntervals	Lick
161.20700000000002	0.09999999999999432	TimeIntervals	Lick
161.3405	0.09999999999999432	TimeIntervals	Lick
161.47400000000002	0.10000000000002274	TimeIntervals	Lick
161.60725	0.09999999999999432	TimeIntervals	Lick
161.74050000000003	0.0999999999999659	TimeIntervals	Lick
161.87400000000002	0.23324999999996976	TimeIntervals	Lick
162.14049999999997	0.10000000000005116	TimeIntervals	Lick
162.54075	0.06674999999998477	TimeIntervals	Lick
162.674	0.833500000000015	TimeIntervals	Lick
163.54100000000003	0.09999999999993747	TimeIntervals	Lick
163.67425	0.23324999999999818	TimeIntervals	Lick
163.97425	0.7667500000000018	TimeIntervals	Lick
164.80775000000003	0.2667499999999734	TimeIntervals	Lick
165.20775	0.06675000000001319	TimeIntervals	Lick
165.30775000000003	0.06674999999998477	TimeIntervals	Lick
165.44099999999997	0.06675000000004161	TimeIntervals	Lick
165.54100000000003	0.20024999999998272	TimeIntervals	Lick
165.77450000000002	0.06674999999998477	TimeIntervals	Lick
165.908	0.0665000000000191	TimeIntervals	Lick
166.008	0.0999999999999659	TimeIntervals	Lick
166.3745	0.06675000000001319	TimeIntervals	Lick
166.708	0.333500000000015	TimeIntervals	Lick
167.07475000000002	0.23324999999999818	TimeIntervals	Lick
167.57475000000002	0.06674999999998477	TimeIntervals	Lick
167.87500000000003	0.166499999999985	TimeIntervals	Lick
168.4415	0.10000000000002274	TimeIntervals	Lick
168.6415	0.06675000000001319	TimeIntervals	Lick
168.775	0.166499999999985	TimeIntervals	Lick
169.34175000000002	0.09999999999999432	TimeIntervals	Lick
169.54174999999998	0.20000000000004547	TimeIntervals	Lick
169.775	0.06675000000001319	TimeIntervals	Lick
169.94175	0.06675000000001319	TimeIntervals	Lick
170.07500000000002	0.06699999999997885	TimeIntervals	Lick
170.20850000000002	0.10000000000002274	TimeIntervals	Lick
170.342	0.09999999999999432	TimeIntervals	Lick
170.47525	0.10000000000005116	TimeIntervals	Lick
170.60849999999996	0.20000000000004547	TimeIntervals	Lick
170.842	0.06649999999999068	TimeIntervals	Lick
170.942	0.30000000000001137	TimeIntervals	Lick
171.27550000000005	0.09999999999993747	TimeIntervals	Lick
171.40875	0.06675000000004161	TimeIntervals	Lick
171.50875	0.06674999999998477	TimeIntervals	Lick
171.60874999999996	0.10000000000007958	TimeIntervals	Lick
171.74200000000002	0.06674999999998477	TimeIntervals	Lick
171.842	0.09999999999999432	TimeIntervals	Lick
171.97550000000004	0.09999999999993747	TimeIntervals	Lick
172.10874999999996	0.06675000000004161	TimeIntervals	Lick
172.20875000000004	0.1002499999999884	TimeIntervals	Lick
172.34225000000004	0.43325000000001523	TimeIntervals	Lick
172.34225000000004	0.0999999999999659	TimeIntervals	Reward
172.80900000000003	2.3334999999999866	TimeIntervals	Lick
175.17600000000002	0.10000000000002274	TimeIntervals	Lick
175.30925000000002	0.0999999999999659	TimeIntervals	Lick
175.44250000000002	0.333500000000015	TimeIntervals	Lick
175.80949999999999	0.10000000000002274	TimeIntervals	Lick
175.94275	0.10000000000002274	TimeIntervals	Lick
176.07600000000002	0.09999999999999432	TimeIntervals	Lick
176.20950000000002	0.0999999999999659	TimeIntervals	Lick
176.34275000000002	0.0999999999999659	TimeIntervals	Lick
176.476	0.10000000000002274	TimeIntervals	Lick
176.60950000000003	0.09999999999999432	TimeIntervals	Lick
176.74300000000005	0.3332499999999641	TimeIntervals	Lick
177.10950000000003	0.09999999999999432	TimeIntervals	Lick
177.27625000000003	0.1999999999999602	TimeIntervals	Lick
177.54299999999998	0.23350000000007753	TimeIntervals	Lick
177.80975	0.09999999999999432	TimeIntervals	Lick
177.943	0.06674999999998477	TimeIntervals	Lick
178.14300000000003	0.06675000000001319	TimeIntervals	Lick
178.27650000000006	0.13324999999994702	TimeIntervals	Lick
178.64300000000003	0.06675000000001319	TimeIntervals	Lick
178.91	0.09999999999999432	TimeIntervals	Lick
179.04325	0.09999999999999432	TimeIntervals	Lick
179.1765	0.06675000000001319	TimeIntervals	Lick
179.27650000000006	0.06674999999995634	TimeIntervals	Lick
179.41	0.09999999999999432	TimeIntervals	Lick
179.41	0.06649999999999068	TimeIntervals	Reward
179.54325	1.0335000000000036	TimeIntervals	Lick
180.61	0.3334999999999866	TimeIntervals	Lick
180.97675	0.1002499999999884	TimeIntervals	Lick
181.11025	0.10000000000002274	TimeIntervals	Lick
181.24350000000004	0.1999999999999602	TimeIntervals	Lick
181.477	0.19999999999998863	TimeIntervals	Lick
181.71025000000003	0.0999999999999659	TimeIntervals	Lick
181.8435	0.3334999999999866	TimeIntervals	Lick
182.21050000000002	0.23324999999996976	TimeIntervals	Lick
182.477	0.06675000000001319	TimeIntervals	Lick
182.577	0.09999999999999432	TimeIntervals	Lick
182.71050000000002	0.09999999999999432	TimeIntervals	Lick
182.84375000000003	0.0999999999999659	TimeIntervals	Lick
182.977	0.09999999999999432	TimeIntervals	Lick
183.14374999999998	0.4002500000000282	TimeIntervals	Lick
183.57725	0.1332500000000323	TimeIntervals	Lick
183.87725	0.09999999999999432	TimeIntervals	Lick
184.07725	0.10000000000002274	TimeIntervals	Lick
184.21050000000002	0.20024999999998272	TimeIntervals	Lick
184.44400000000002	0.09999999999999432	TimeIntervals	Lick
184.5775	0.3332500000000209	TimeIntervals	Lick
184.94400000000002	0.19999999999998863	TimeIntervals	Lick
185.1775	0.20000000000001705	TimeIntervals	Lick
185.41075	0.1002499999999884	TimeIntervals	Lick
185.54425	0.09999999999999432	TimeIntervals	Lick
185.6775	0.20000000000001705	TimeIntervals	Lick
185.911	0.19999999999998863	TimeIntervals	Lick
186.14425	0.10000000000002274	TimeIntervals	Lick
186.27750000000003	0.09999999999999432	TimeIntervals	Lick
186.411	2.4005000000000223	TimeIntervals	Lick
186.411	0.09999999999999432	TimeIntervals	Reward
188.84475	0.09999999999999432	TimeIntervals	Lick
188.97800000000004	0.0999999999999659	TimeIntervals	Lick
189.11149999999998	0.3332500000000209	TimeIntervals	Lick
189.47800000000004	0.0999999999999659	TimeIntervals	Lick
189.61149999999998	0.10000000000005116	TimeIntervals	Lick
189.74475	0.09999999999999432	TimeIntervals	Lick
189.87800000000001	0.333500000000015	TimeIntervals	Lick
190.245	0.10000000000002274	TimeIntervals	Lick
190.37825000000004	0.09999999999999432	TimeIntervals	Lick
190.51149999999998	0.09999999999999432	TimeIntervals	Lick
190.645	0.09999999999999432	TimeIntervals	Lick
190.77825	0.10000000000002274	TimeIntervals	Lick
190.91150000000002	0.3334999999999866	TimeIntervals	Lick
191.27850000000004	0.0999999999999659	TimeIntervals	Lick
191.41175	0.36675000000002456	TimeIntervals	Lick
191.81175000000002	0.09999999999999432	TimeIntervals	Lick
191.94500000000002	0.0999999999999659	TimeIntervals	Lick
192.0785	0.10000000000002274	TimeIntervals	Lick
192.21200000000002	0.09999999999999432	TimeIntervals	Lick
192.3785	0.10000000000002274	TimeIntervals	Lick
192.512	0.10000000000002274	TimeIntervals	Lick
192.64525000000003	0.09999999999999432	TimeIntervals	Lick
192.77850000000004	0.13349999999996953	TimeIntervals	Lick
192.94525000000002	0.0999999999999659	TimeIntervals	Lick
193.0785	0.4002500000000282	TimeIntervals	Lick
193.512	0.20000000000001705	TimeIntervals	Lick
193.74550000000002	0.23324999999999818	TimeIntervals	Lick
194.012	0.10000000000002274	TimeIntervals	Lick
194.14550000000003	0.09999999999999432	TimeIntervals	Lick
194.27900000000002	0.09999999999999432	TimeIntervals	Lick
194.41225	0.06675000000001319	TimeIntervals	Lick
194.67900000000003	0.06649999999999068	TimeIntervals	Lick
194.77900000000002	0.13324999999997544	TimeIntervals	Lick
194.9455	0.09999999999999432	TimeIntervals	Lick
195.11224999999996	0.1332500000000607	TimeIntervals	Lick
195.27900000000002	0.09999999999999432	TimeIntervals	Lick
195.41250000000002	0.23324999999999818	TimeIntervals	Lick
195.91250000000002	0.0999999999999659	TimeIntervals	Lick
196.21249999999998	0.10000000000005116	TimeIntervals	Lick
196.34575	0.06675000000001319	TimeIntervals	Lick
196.44575	0.10025000000001683	TimeIntervals	Lick
196.57925000000003	0.0999999999999659	TimeIntervals	Lick
196.71249999999998	0.20000000000004547	TimeIntervals	Lick
196.94600000000003	0.1999999999999602	TimeIntervals	Lick
197.17925	0.10000000000005116	TimeIntervals	Lick
197.31250000000003	0.1999999999999602	TimeIntervals	Lick
197.54600000000002	0.20000000000004547	TimeIntervals	Lick
197.7795	0.09999999999999432	TimeIntervals	Lick
197.91275	0.5667500000000416	TimeIntervals	Lick
198.51274999999998	0.4335000000000093	TimeIntervals	Lick
198.51274999999998	0.10000000000002274	TimeIntervals	Reward
198.97950000000003	2.1337499999999636	TimeIntervals	Lick
201.1465	0.2335000000000491	TimeIntervals	Lick
201.41325	0.10000000000002274	TimeIntervals	Lick
201.5465	0.20000000000001705	TimeIntervals	Lick
201.78000000000003	0.10000000000002274	TimeIntervals	Lick
201.91325	0.10025000000001683	TimeIntervals	Lick
202.04675	0.33325000000004934	TimeIntervals	Lick
202.4135	0.10000000000002274	TimeIntervals	Lick
202.54675	0.36674999999999613	TimeIntervals	Lick
202.94675	0.09999999999999432	TimeIntervals	Lick
203.08	0.5334999999999752	TimeIntervals	Lick
203.647	0.1332500000000323	TimeIntervals	Lick
203.81349999999998	0.2335000000000491	TimeIntervals	Lick
204.08025	0.20024999999998272	TimeIntervals	Lick
204.347	0.09999999999999432	TimeIntervals	Lick
204.48049999999998	0.10000000000005116	TimeIntervals	Lick
204.61374999999998	0.10000000000002274	TimeIntervals	Lick
204.74700000000004	0.0999999999999659	TimeIntervals	Lick
204.91375	0.06674999999998477	TimeIntervals	Lick
205.01375000000002	0.0999999999999659	TimeIntervals	Lick
205.314	0.0665000000000191	TimeIntervals	Lick
205.54725000000002	0.0999999999999659	TimeIntervals	Lick
205.6805	0.09999999999999432	TimeIntervals	Lick
205.914	0.06649999999999068	TimeIntervals	Lick
206.08050000000003	0.0999999999999659	TimeIntervals	Lick
206.4475	0.10000000000002274	TimeIntervals	Lick
206.6475	0.09999999999999432	TimeIntervals	Lick
206.814	0.09999999999999432	TimeIntervals	Lick
207.11399999999998	0.10000000000005116	TimeIntervals	Lick
207.34750000000003	0.0999999999999659	TimeIntervals	Lick
207.481	0.10000000000002274	TimeIntervals	Lick
207.6475	0.2667500000000018	TimeIntervals	Lick
208.01425	0.09999999999999432	TimeIntervals	Lick
208.181	0.09999999999999432	TimeIntervals	Lick
208.31425	0.10000000000002274	TimeIntervals	Lick
208.481	0.10000000000002274	TimeIntervals	Lick
208.8145	0.06649999999999068	TimeIntervals	Lick
208.94774999999998	0.10000000000002274	TimeIntervals	Lick
209.5145	0.09999999999999432	TimeIntervals	Lick
209.71450000000002	0.06675000000001319	TimeIntervals	Lick
209.98125000000002	0.3332499999999925	TimeIntervals	Lick
210.78150000000005	0.0999999999999659	TimeIntervals	Lick
210.91475	0.06675000000001319	TimeIntervals	Lick
211.148	0.1667500000000075	TimeIntervals	Lick
211.74800000000002	0.09999999999999432	TimeIntervals	Lick
212.04825000000002	0.0999999999999659	TimeIntervals	Lick
212.1815	0.13350000000002638	TimeIntervals	Lick
212.415	0.0665000000000191	TimeIntervals	Lick
212.98175	0.3332500000000209	TimeIntervals	Lick
213.58175	0.06675000000001319	TimeIntervals	Reward
213.78175000000002	1.766999999999996	TimeIntervals	Lick
215.58200000000002	0.0999999999999659	TimeIntervals	Lick
215.7155	0.10000000000002274	TimeIntervals	Lick
215.84875000000002	0.09999999999999432	TimeIntervals	Lick
215.982	0.19999999999998863	TimeIntervals	Lick
216.2155	0.333500000000015	TimeIntervals	Lick
216.58225	0.10000000000002274	TimeIntervals	Lick
216.7155	0.333500000000015	TimeIntervals	Lick
217.08225	0.10000000000002274	TimeIntervals	Lick
217.2155	0.20025000000001114	TimeIntervals	Lick
217.449	0.09999999999999432	TimeIntervals	Lick
217.5825	0.09999999999999432	TimeIntervals	Lick
217.71575	0.23324999999999818	TimeIntervals	Lick
218.049	0.06674999999995634	TimeIntervals	Lick
218.1825	0.10000000000002274	TimeIntervals	Lick
218.34900000000002	0.09999999999999432	TimeIntervals	Lick
218.516	0.09999999999999432	TimeIntervals	Lick
218.74925000000002	0.16674999999997908	TimeIntervals	Lick
218.94925	0.23324999999999818	TimeIntervals	Lick
219.24925000000002	0.09999999999999432	TimeIntervals	Lick
219.58275000000003	0.13325000000000387	TimeIntervals	Lick
219.78275000000002	0.06674999999998477	TimeIntervals	Lick
220.016	0.06675000000004161	TimeIntervals	Lick
220.1495	0.06650000000004752	TimeIntervals	Lick
220.416	0.13350000000002638	TimeIntervals	Lick
220.6495	0.10000000000005116	TimeIntervals	Lick
220.78300000000002	0.10000000000002274	TimeIntervals	Lick
221.183	0.10000000000002274	TimeIntervals	Lick
221.38300000000004	0.3332499999999641	TimeIntervals	Lick
221.74950000000004	0.10024999999995998	TimeIntervals	Lick
221.9165	0.13324999999994702	TimeIntervals	Lick
222.3165	0.03325000000000955	TimeIntervals	Lick
222.58300000000003	0.16674999999997908	TimeIntervals	Lick
223.01650000000004	0.06674999999998477	TimeIntervals	Lick
223.4165	0.23349999999996385	TimeIntervals	Lick
223.98350000000002	0.0999999999999659	TimeIntervals	Lick
224.35000000000002	0.09999999999999432	TimeIntervals	Lick
224.51675000000003	0.16674999999997908	TimeIntervals	Lick
225.15025	0.10000000000002274	TimeIntervals	Lick
225.38350000000003	0.09999999999999432	TimeIntervals	Lick
225.517	0.20000000000001705	TimeIntervals	Lick
225.75025000000002	0.29999999999998295	TimeIntervals	Lick
226.0835	0.0670000000000357	TimeIntervals	Lick
226.18374999999997	0.3332500000000209	TimeIntervals	Lick
226.5505	0.06649999999999068	TimeIntervals	Lick
226.65050000000002	0.09999999999999432	TimeIntervals	Lick
226.78375000000003	0.29999999999998295	TimeIntervals	Lick
227.117	0.10000000000002274	TimeIntervals	Lick
227.25050000000002	0.1999999999999602	TimeIntervals	Lick
227.484	0.09999999999999432	TimeIntervals	Lick
227.584	0.0665000000000191	TimeIntervals	Reward
227.61724999999998	1.1667500000000075	TimeIntervals	Lick
228.81750000000002	0.3332499999999925	TimeIntervals	Lick
229.18400000000003	0.0999999999999659	TimeIntervals	Lick
229.31750000000002	0.06649999999999068	TimeIntervals	Lick
229.4175	0.3334999999999866	TimeIntervals	Lick
229.78425000000001	0.09999999999999432	TimeIntervals	Lick
229.9175	0.10000000000002274	TimeIntervals	Lick
230.05100000000002	0.1999999999999602	TimeIntervals	Lick
230.28425000000001	0.09999999999999432	TimeIntervals	Lick
230.4175	0.10000000000002274	TimeIntervals	Lick
230.55100000000002	0.23349999999999227	TimeIntervals	Lick
230.81775	0.10000000000002274	TimeIntervals	Lick
230.95100000000002	0.09999999999999432	TimeIntervals	Lick
231.08449999999996	0.5	TimeIntervals	Lick
231.651	0.13349999999999795	TimeIntervals	Lick
231.818	0.13325000000000387	TimeIntervals	Lick
231.98450000000003	0.23349999999996385	TimeIntervals	Lick
232.65124999999998	0.1335000000000548	TimeIntervals	Lick
233.218	0.06675000000004161	TimeIntervals	Lick
233.35150000000002	0.09999999999999432	TimeIntervals	Lick
233.985	0.06649999999999068	TimeIntervals	Lick
234.15149999999997	0.06675000000004161	TimeIntervals	Lick
234.41825	0.06675000000001319	TimeIntervals	Lick
234.51825000000002	0.06674999999998477	TimeIntervals	Lick
234.9515	0.06700000000000728	TimeIntervals	Lick
235.1185	0.09999999999999432	TimeIntervals	Lick
235.6185	0.09999999999999432	TimeIntervals	Lick
236.08525	0.3332499999999925	TimeIntervals	Lick
236.45200000000003	0.166499999999985	TimeIntervals	Lick
237.352	0.10000000000002274	TimeIntervals	Lick
237.51875	0.09999999999999432	TimeIntervals	Lick
238.01875	0.09999999999999432	TimeIntervals	Lick
238.18550000000002	0.06649999999999068	TimeIntervals	Lick
238.28549999999998	0.333500000000015	TimeIntervals	Lick
239.18550000000002	0.06674999999998477	TimeIntervals	Lick
239.48575000000002	0.06674999999998477	TimeIntervals	Lick
239.71900000000002	0.0999999999999659	TimeIntervals	Lick
239.8525	0.16650000000001342	TimeIntervals	Lick
240.0525	0.06649999999999068	TimeIntervals	Lick
240.686	0.0665000000000191	TimeIntervals	Lick
241.2525	0.20000000000004547	TimeIntervals	Lick
241.48600000000002	0.0665000000000191	TimeIntervals	Lick
241.58599999999998	0.4000000000000341	TimeIntervals	Lick
242.01950000000002	0.20000000000001705	TimeIntervals	Lick
242.25275000000002	0.30000000000001137	TimeIntervals	Lick
242.58599999999998	0.3002500000000339	TimeIntervals	Lick
242.9195	0.19999999999998863	TimeIntervals	Lick
243.15300000000002	0.20000000000001705	TimeIntervals	Lick
243.38625000000002	0.19999999999998863	TimeIntervals	Lick
243.6195	2.0337499999999977	TimeIntervals	Lick
243.6195	0.06675000000004161	TimeIntervals	Reward
245.68650000000002	0.09999999999999432	TimeIntervals	Lick
245.82	0.36675000000002456	TimeIntervals	Lick
246.22000000000003	0.0999999999999659	TimeIntervals	Lick
246.3535	0.09999999999999432	TimeIntervals	Lick
246.52	0.03350000000000364	TimeIntervals	Lick
246.58675	0.10000000000002274	TimeIntervals	Lick
246.72000000000003	0.2667500000000018	TimeIntervals	Lick
247.02	0.1002499999999884	TimeIntervals	Lick
247.18699999999998	0.06650000000004752	TimeIntervals	Lick
247.28700000000003	0.0999999999999659	TimeIntervals	Lick
247.4535	0.10000000000002274	TimeIntervals	Lick
247.75350000000003	0.0999999999999659	TimeIntervals	Lick
248.08700000000002	0.13349999999996953	TimeIntervals	Lick
248.48700000000002	0.06674999999998477	TimeIntervals	Lick
248.85375	0.10000000000005116	TimeIntervals	Lick
249.3205	0.09999999999999432	TimeIntervals	Lick
249.52050000000003	0.13349999999996953	TimeIntervals	Lick
249.68725000000003	0.0999999999999659	TimeIntervals	Lick
249.8205	0.06674999999998477	TimeIntervals	Lick
249.9205	0.13350000000002638	TimeIntervals	Lick
250.08725	0.10000000000002274	TimeIntervals	Lick
250.254	0.3000000000000398	TimeIntervals	Lick
250.95400000000004	0.09999999999999432	TimeIntervals	Lick
251.22075	0.13325000000000387	TimeIntervals	Lick
251.38749999999996	0.10000000000007958	TimeIntervals	Lick
251.78750000000002	0.13349999999999795	TimeIntervals	Lick
251.95425000000003	0.06674999999995634	TimeIntervals	Lick
252.1875	0.10000000000002274	TimeIntervals	Lick
252.721	0.10000000000002274	TimeIntervals	Lick
252.85450000000003	0.033249999999952706	TimeIntervals	Lick
252.98775	0.09999999999999432	TimeIntervals	Lick
253.45450000000005	0.13324999999994702	TimeIntervals	Lick
253.68800000000002	0.1999999999999602	TimeIntervals	Lick
254.2545	0.06674999999998477	TimeIntervals	Lick
255.0215	0.06649999999996226	TimeIntervals	Lick
255.62150000000003	0.09999999999999432	TimeIntervals	Lick
255.9215	0.06674999999998477	TimeIntervals	Lick
256.05499999999995	0.10000000000007958	TimeIntervals	Lick
256.4549999999999	0.10000000000002274	TimeIntervals	Lick
256.65500000000003	0.03325000000000955	TimeIntervals	Reward
256.78825	2.0337499999999977	TimeIntervals	Lick
258.85524999999996	0.20000000000004547	TimeIntervals	Lick
259.08849999999995	0.333500000000015	TimeIntervals	Lick
259.4555	0.20000000000004547	TimeIntervals	Lick
259.68874999999997	0.3332500000000209	TimeIntervals	Lick
260.0555	0.10000000000002274	TimeIntervals	Lick
260.18874999999997	0.10025000000007367	TimeIntervals	Lick
260.32225	0.0999999999999659	TimeIntervals	Lick
260.4555	0.7335000000000491	TimeIntervals	Lick
261.22225	0.30025000000000546	TimeIntervals	Lick
261.6225	0.1332499999999186	TimeIntervals	Lick
261.78900000000004	0.06674999999995634	TimeIntervals	Lick
261.92249999999996	0.10000000000002274	TimeIntervals	Lick
262.05575	0.10000000000002274	TimeIntervals	Lick
262.2225	0.46674999999999045	TimeIntervals	Lick
262.856	0.06649999999996226	TimeIntervals	Lick
263.2559999999999	0.06650000000007594	TimeIntervals	Lick
263.38924999999995	0.10000000000002274	TimeIntervals	Lick
263.5225	0.06700000000000728	TimeIntervals	Lick
263.656	0.09999999999990905	TimeIntervals	Lick
263.82275000000004	0.1332499999999186	TimeIntervals	Lick
263.9895	0.13324999999997544	TimeIntervals	Lick
264.22274999999996	0.10000000000007958	TimeIntervals	Lick
264.356	0.16674999999997908	TimeIntervals	Lick
264.5895	0.0999999999999659	TimeIntervals	Lick
264.72299999999996	0.10000000000002274	TimeIntervals	Lick
264.85625	0.10000000000002274	TimeIntervals	Lick
265.12300000000005	0.09999999999990905	TimeIntervals	Lick
265.323	0.10000000000002274	TimeIntervals	Lick
265.4895	0.16674999999997908	TimeIntervals	Lick
265.72299999999996	0.10000000000002274	TimeIntervals	Lick
266.28975	0.09999999999990905	TimeIntervals	Lick
266.4565	0.06649999999996226	TimeIntervals	Lick
266.58975	0.10000000000002274	TimeIntervals	Lick
266.72299999999996	0.10000000000002274	TimeIntervals	Lick
266.8565	0.10000000000002274	TimeIntervals	Lick
266.98999999999995	0.20000000000004547	TimeIntervals	Lick
267.22325	0.2999999999999545	TimeIntervals	Lick
267.55649999999997	0.10000000000007958	TimeIntervals	Lick
267.69	0.06649999999996226	TimeIntervals	Lick
267.79	0.1999999999999318	TimeIntervals	Lick
268.02349999999996	0.10000000000002274	TimeIntervals	Lick
268.15675	0.09999999999990905	TimeIntervals	Lick
268.29	0.0999999999999659	TimeIntervals	Lick
268.4235	0.0999999999999659	TimeIntervals	Lick
268.55675	0.0999999999999659	TimeIntervals	Lick
268.65675	0.03325000000000955	TimeIntervals	Reward
268.69	0.0667499999998995	TimeIntervals	Lick
268.79	1.766999999999996	TimeIntervals	Lick
270.5905	0.0999999999999659	TimeIntervals	Lick
270.72375	0.10000000000002274	TimeIntervals	Lick
270.85699999999997	0.10000000000002274	TimeIntervals	Lick
270.99049999999994	0.10000000000007958	TimeIntervals	Lick
271.12375000000003	0.10024999999995998	TimeIntervals	Lick
271.25724999999994	0.10000000000007958	TimeIntervals	Lick
271.3905	0.0999999999999659	TimeIntervals	Lick
271.52399999999994	0.6332500000000323	TimeIntervals	Lick
272.1905	0.3669999999999618	TimeIntervals	Lick
272.59074999999996	0.10000000000007958	TimeIntervals	Lick
272.724	0.13350000000002638	TimeIntervals	Lick
272.89074999999997	0.13324999999997544	TimeIntervals	Lick
273.05749999999995	0.10000000000007958	TimeIntervals	Lick
273.224	0.06675000000001319	TimeIntervals	Lick
273.32399999999996	0.06675000000001319	TimeIntervals	Lick
273.491	0.0665000000000191	TimeIntervals	Lick
273.5909999999999	0.16650000000009868	TimeIntervals	Lick
273.891	0.06649999999996226	TimeIntervals	Lick
274.22425	0.10000000000002274	TimeIntervals	Lick
274.4575	0.20025000000003956	TimeIntervals	Lick
274.791	0.06675000000001319	TimeIntervals	Lick
274.891	0.0999999999999659	TimeIntervals	Lick
275.0909999999999	0.10000000000007958	TimeIntervals	Lick
275.2245	0.1332500000000323	TimeIntervals	Lick
275.391	0.13349999999996953	TimeIntervals	Lick
275.55775	0.10025000000001683	TimeIntervals	Lick
275.89124999999996	0.06675000000007003	TimeIntervals	Lick
276.09124999999995	0.10000000000002274	TimeIntervals	Lick
276.258	0.0999999999999659	TimeIntervals	Lick
277.158	0.0999999999999659	TimeIntervals	Lick
277.5247499999999	0.40025000000008504	TimeIntervals	Lick
278.125	0.0999999999999659	TimeIntervals	Lick
278.525	0.10000000000002274	TimeIntervals	Lick
279.0584999999999	0.10000000000007958	TimeIntervals	Lick
279.29175	0.10000000000002274	TimeIntervals	Lick
279.425	0.0999999999999659	TimeIntervals	Lick
279.8585	0.10000000000002274	TimeIntervals	Lick
280.12525000000005	0.3332499999999641	TimeIntervals	Lick
280.5919999999999	0.10000000000002274	TimeIntervals	Lick
281.12550000000005	0.06649999999990541	TimeIntervals	Lick
281.42550000000006	0.06649999999996226	TimeIntervals	Lick
281.5255	0.3332499999999641	TimeIntervals	Lick
282.45900000000006	0.0999999999999659	TimeIntervals	Lick
283.12550000000005	0.0667499999998995	TimeIntervals	Lick
283.3255	0.16699999999997317	TimeIntervals	Lick
283.99249999999995	0.06650000000007594	TimeIntervals	Lick
284.12575000000004	0.06674999999995634	TimeIntervals	Lick
284.22575	0.10000000000002274	TimeIntervals	Lick
284.3925	0.0999999999999659	TimeIntervals	Lick
284.626	0.10000000000002274	TimeIntervals	Lick
284.79249999999996	0.10000000000002274	TimeIntervals	Lick
285.05924999999996	0.10000000000007958	TimeIntervals	Lick
285.226	0.13324999999997544	TimeIntervals	Lick
285.95950000000005	0.0999999999999659	TimeIntervals	Lick
286.126	0.06675000000001319	TimeIntervals	Lick
286.2595	0.0999999999999659	TimeIntervals	Lick
286.39275000000004	0.0999999999999659	TimeIntervals	Lick
286.526	0.0999999999999659	TimeIntervals	Lick
286.65950000000004	0.1999999999999318	TimeIntervals	Lick
286.89300000000003	0.19999999999998863	TimeIntervals	Lick
287.12625	0.10000000000002274	TimeIntervals	Lick
287.2595	0.06675000000001319	TimeIntervals	Lick
287.35949999999997	0.10000000000007958	TimeIntervals	Lick
287.493	0.19999999999998863	TimeIntervals	Lick
287.72650000000004	0.19999999999998863	TimeIntervals	Lick
287.95975000000004	0.09999999999990905	TimeIntervals	Lick
288.093	0.0999999999999659	TimeIntervals	Lick
288.22650000000004	0.0999999999999659	TimeIntervals	Lick
288.35975	0.06675000000001319	TimeIntervals	Lick
288.45975000000004	0.1999999999999318	TimeIntervals	Lick
288.693	0.0999999999999659	TimeIntervals	Lick
288.8265	0.10000000000002274	TimeIntervals	Lick
288.96	0.20000000000004547	TimeIntervals	Lick
289.19325000000003	0.09999999999990905	TimeIntervals	Lick
289.3265	0.13349999999996953	TimeIntervals	Lick
289.49325	0.23325000000005502	TimeIntervals	Lick
289.76	0.10000000000002274	TimeIntervals	Lick
290.12675	0.16674999999997908	TimeIntervals	Lick
290.72675	0.2667500000000018	TimeIntervals	Lick
291.09349999999995	0.10000000000007958	TimeIntervals	Lick
291.82700000000006	0.0665000000000191	TimeIntervals	Lick
292.59375	0.06674999999995634	TimeIntervals	Lick
293.16049999999996	0.30000000000001137	TimeIntervals	Lick
295.22749999999996	0.06649999999996226	TimeIntervals	Lick
295.394	0.10025000000001683	TimeIntervals	Lick
295.561	0.06650000000007594	TimeIntervals	Lick
297.29449999999997	0.10000000000002274	TimeIntervals	Lick
297.42775	0.06675000000007003	TimeIntervals	Lick
297.52775	0.10025000000001683	TimeIntervals	Lick
297.66125000000005	0.0999999999999659	TimeIntervals	Lick
297.79449999999997	0.4000000000000341	TimeIntervals	Lick
298.22799999999995	0.0665000000000191	TimeIntervals	Lick
298.32800000000003	0.30000000000001137	TimeIntervals	Lick
298.66125000000005	0.20024999999992588	TimeIntervals	Lick
298.89475000000004	0.1999999999999318	TimeIntervals	Lick
299.12800000000004	0.09999999999990905	TimeIntervals	Lick
299.26149999999996	0.30000000000001137	TimeIntervals	Lick
299.59475	3.8672500000000127	TimeIntervals	Lick
299.69475	0.10025000000001683	TimeIntervals	Reward
303.4955	0.6000000000000227	TimeIntervals	Lick
304.1287500000001	0.4002499999999145	TimeIntervals	Lick
304.56224999999995	0.1332500000000323	TimeIntervals	Lick
304.729	0.10000000000002274	TimeIntervals	Lick
304.86225	0.3332499999999641	TimeIntervals	Lick
305.229	0.10000000000002274	TimeIntervals	Lick
305.49575	0.0999999999999659	TimeIntervals	Lick
305.6290000000001	0.1334999999999127	TimeIntervals	Lick
305.79575	0.16674999999997908	TimeIntervals	Lick
306.06249999999994	0.13324999999997544	TimeIntervals	Lick
306.229	0.13349999999996953	TimeIntervals	Lick
306.4625	0.0999999999999659	TimeIntervals	Lick
306.69599999999997	0.10000000000002274	TimeIntervals	Lick
306.86249999999995	0.06675000000007003	TimeIntervals	Lick
307.02925000000005	0.0999999999999659	TimeIntervals	Lick
307.19599999999997	0.10000000000002274	TimeIntervals	Lick
307.32925	0.06675000000001319	TimeIntervals	Lick
307.496	0.16674999999997908	TimeIntervals	Lick
307.69599999999997	0.2335000000000491	TimeIntervals	Lick
307.996	0.10000000000002274	TimeIntervals	Lick
308.2295	0.10000000000002274	TimeIntervals	Lick
308.396	0.5002499999999941	TimeIntervals	Lick
309.19624999999996	0.10000000000002274	TimeIntervals	Lick
309.563	0.0999999999999659	TimeIntervals	Lick
309.7965	0.10000000000002274	TimeIntervals	Lick
310.42975000000007	0.06674999999995634	TimeIntervals	Lick
310.83	0.1332500000000323	TimeIntervals	Lick
311.03000000000003	0.06649999999996226	TimeIntervals	Lick
311.76324999999997	0.10000000000007958	TimeIntervals	Reward
311.83	2.3005000000000564	TimeIntervals	Lick
314.16375	0.6999999999999886	TimeIntervals	Lick
314.89700000000005	0.8669999999998481	TimeIntervals	Lick
315.79724999999996	0.3332500000000209	TimeIntervals	Lick
316.16400000000004	0.09999999999985221	TimeIntervals	Lick
316.29749999999996	0.3665000000000873	TimeIntervals	Lick
316.6975	0.23324999999999818	TimeIntervals	Lick
316.96400000000006	0.09999999999985221	TimeIntervals	Lick
317.09749999999997	0.10000000000002274	TimeIntervals	Lick
317.23075	0.10000000000002274	TimeIntervals	Lick
317.36400000000003	0.10024999999995998	TimeIntervals	Lick
317.4975	0.0999999999999659	TimeIntervals	Lick
317.63100000000003	0.0999999999999659	TimeIntervals	Lick
317.76424999999995	0.4667500000000473	TimeIntervals	Lick
318.26424999999995	0.10000000000002274	TimeIntervals	Lick
318.3975	0.10000000000002274	TimeIntervals	Lick
318.531	0.19999999999998863	TimeIntervals	Lick
318.79775	0.0999999999999659	TimeIntervals	Lick
318.931	0.10000000000002274	TimeIntervals	Lick
319.0644999999999	0.2665000000001214	TimeIntervals	Lick
319.3645	0.10000000000002274	TimeIntervals	Lick
319.49775000000005	0.10024999999990314	TimeIntervals	Lick
319.6979999999999	0.0665000000000191	TimeIntervals	Lick
319.96450000000004	0.1334999999999127	TimeIntervals	Lick
320.26449999999994	0.4670000000000414	TimeIntervals	Lick
320.7647499999999	0.10000000000013642	TimeIntervals	Lick
321.1315	0.0999999999999659	TimeIntervals	Lick
321.398	0.10000000000002274	TimeIntervals	Lick
321.53150000000005	0.1999999999999318	TimeIntervals	Lick
321.7647499999999	0.4335000000000946	TimeIntervals	Lick
322.2315	0.33349999999995816	TimeIntervals	Lick
322.59825	0.0999999999999659	TimeIntervals	Lick
322.7315	0.2002500000000964	TimeIntervals	Lick
322.96500000000003	0.09999999999990905	TimeIntervals	Lick
323.0985	0.09999999999990905	TimeIntervals	Lick
323.23175	0.06675000000007003	TimeIntervals	Lick
323.33175	0.10000000000007958	TimeIntervals	Lick
323.46500000000003	0.09999999999990905	TimeIntervals	Lick
323.5985	0.0665000000000191	TimeIntervals	Lick
323.6984999999999	0.10000000000013642	TimeIntervals	Lick
323.765	0.06675000000001319	TimeIntervals	Reward
323.83175	2.0337500000000546	TimeIntervals	Lick
325.89874999999995	0.10000000000007958	TimeIntervals	Lick
326.032	0.10000000000007958	TimeIntervals	Lick
326.16549999999995	0.36675000000002456	TimeIntervals	Lick
326.5655	0.23349999999993543	TimeIntervals	Lick
326.83224999999993	0.10000000000013642	TimeIntervals	Lick
326.9655	0.0999999999999659	TimeIntervals	Lick
327.099	0.0999999999999659	TimeIntervals	Lick
327.23224999999996	0.10024999999995998	TimeIntervals	Lick
327.36575	0.0999999999999659	TimeIntervals	Lick
327.499	0.3334999999999013	TimeIntervals	Lick
328.16574999999995	0.13324999999997544	TimeIntervals	Lick
328.3324999999999	0.03325000000006639	TimeIntervals	Lick
328.399	0.10025000000001683	TimeIntervals	Lick
328.7325	0.09999999999990905	TimeIntervals	Lick
328.89925	0.10000000000002274	TimeIntervals	Lick
329.066	0.06650000000007594	TimeIntervals	Lick
329.2325	0.13349999999996953	TimeIntervals	Lick
329.53275	0.23324999999994134	TimeIntervals	Lick
329.83275	0.06675000000001319	TimeIntervals	Lick
329.966	0.06675000000001319	TimeIntervals	Lick
330.466	0.0999999999999659	TimeIntervals	Lick
330.63300000000004	0.06649999999996226	TimeIntervals	Lick
330.76624999999996	0.2667500000000018	TimeIntervals	Lick
331.06624999999997	0.06675000000007003	TimeIntervals	Lick
331.4995	0.06674999999995634	TimeIntervals	Lick
331.63300000000004	0.16674999999997908	TimeIntervals	Lick
331.89975	0.0999999999999659	TimeIntervals	Lick
332.09975000000003	0.10000000000002274	TimeIntervals	Lick
332.49974999999995	0.23325000000005502	TimeIntervals	Lick
332.9332500000001	0.0667499999998995	TimeIntervals	Lick
333.20000000000005	0.06649999999990541	TimeIntervals	Lick
334.0	0.06675000000001319	TimeIntervals	Lick
334.3335	0.03325000000000955	TimeIntervals	Lick
334.40000000000003	0.46674999999999045	TimeIntervals	Lick
334.90000000000003	0.06675000000001319	TimeIntervals	Lick
335.167	0.2665000000000646	TimeIntervals	Lick
335.50025	0.06674999999995634	TimeIntervals	Lick
336.267	0.10000000000002274	TimeIntervals	Lick
336.667	0.06675000000001319	TimeIntervals	Lick
336.9005000000001	0.23324999999994134	TimeIntervals	Lick
337.20050000000003	0.06674999999995634	TimeIntervals	Lick
337.334	0.10000000000002274	TimeIntervals	Lick
337.5005	0.06674999999995634	TimeIntervals	Lick
337.634	0.23324999999999818	TimeIntervals	Lick
337.9005000000001	0.19999999999987494	TimeIntervals	Lick
338.134	0.0665000000000191	TimeIntervals	Lick
338.234	0.10000000000002274	TimeIntervals	Lick
338.36749999999995	0.19999999999998863	TimeIntervals	Lick
338.60075	0.06675000000001319	TimeIntervals	Lick
338.70075	0.09999999999990905	TimeIntervals	Lick
338.834	0.30000000000001137	TimeIntervals	Lick
339.1675	0.1999999999999318	TimeIntervals	Lick
339.401	0.0999999999999659	TimeIntervals	Lick
339.53425	0.20000000000004547	TimeIntervals	Lick
339.7675	0.0999999999999659	TimeIntervals	Lick
339.80100000000004	0.0999999999999659	TimeIntervals	Reward
339.901	2.766999999999939	TimeIntervals	Lick
342.70149999999995	0.23325000000005502	TimeIntervals	Lick
342.9680000000001	0.09999999999985221	TimeIntervals	Lick
343.10150000000004	0.599999999999909	TimeIntervals	Lick
343.73475	0.10024999999995998	TimeIntervals	Lick
343.86825	0.23325000000005502	TimeIntervals	Lick
344.13500000000005	0.46649999999999636	TimeIntervals	Lick
344.63500000000005	0.09999999999990905	TimeIntervals	Lick
344.76824999999997	0.10025000000001683	TimeIntervals	Lick
344.93500000000006	0.5667499999999563	TimeIntervals	Lick
345.53499999999997	0.5670000000000641	TimeIntervals	Lick
346.13525000000004	0.0999999999999659	TimeIntervals	Lick
346.26849999999996	0.10000000000002274	TimeIntervals	Lick
346.40200000000004	0.09999999999990905	TimeIntervals	Lick
346.5685	0.06675000000007003	TimeIntervals	Lick
346.702	0.23325000000005502	TimeIntervals	Lick
347.00199999999995	0.13350000000002638	TimeIntervals	Lick
347.6355	0.3000000000000682	TimeIntervals	Lick
348.169	0.0999999999999659	TimeIntervals	Lick
348.369	0.43324999999992997	TimeIntervals	Lick
348.8355	0.06675000000001319	TimeIntervals	Lick
349.1355	0.03350000000000364	TimeIntervals	Lick
349.33574999999996	0.10000000000002274	TimeIntervals	Lick
349.70250000000004	0.09999999999990905	TimeIntervals	Lick
349.90250000000003	0.0665000000000191	TimeIntervals	Lick
350.00250000000005	0.0999999999999659	TimeIntervals	Lick
350.20250000000004	0.06649999999990541	TimeIntervals	Lick
350.43600000000004	0.033249999999952706	TimeIntervals	Lick
350.636	0.0665000000000191	TimeIntervals	Lick
350.80249999999995	0.3000000000000682	TimeIntervals	Lick
351.136	0.0665000000000191	TimeIntervals	Lick
352.16949999999997	0.0665000000000191	TimeIntervals	Lick
352.53599999999994	0.06700000000000728	TimeIntervals	Lick
352.8695	0.13349999999996953	TimeIntervals	Lick
353.53625	0.06674999999995634	TimeIntervals	Lick
353.66949999999997	0.10025000000001683	TimeIntervals	Lick
353.80300000000005	0.06674999999995634	TimeIntervals	Lick
353.903	0.1999999999999318	TimeIntervals	Lick
354.1365	0.06649999999996226	TimeIntervals	Lick
354.2364999999999	0.10000000000007958	TimeIntervals	Lick
354.36975	0.1999999999999318	TimeIntervals	Lick
354.60299999999995	0.43350000000003774	TimeIntervals	Lick
355.07	0.1999999999999318	TimeIntervals	Lick
355.30325	0.10000000000002274	TimeIntervals	Lick
355.4365	0.19999999999998863	TimeIntervals	Lick
355.67	0.09999999999990905	TimeIntervals	Lick
355.80325	3.600750000000005	TimeIntervals	Lick
355.9035	0.0665000000000191	TimeIntervals	Reward
359.43725	0.6000000000000227	TimeIntervals	Lick
360.0704999999999	0.10000000000007958	TimeIntervals	Lick
360.204	0.10000000000002274	TimeIntervals	Lick
360.3375	0.10000000000002274	TimeIntervals	Lick
360.47075	0.09999999999990905	TimeIntervals	Lick
360.604	0.4000000000000341	TimeIntervals	Lick
361.03749999999997	0.10000000000013642	TimeIntervals	Lick
361.204	0.13349999999996953	TimeIntervals	Lick
361.40425000000005	0.06674999999995634	TimeIntervals	Lick
361.53749999999997	0.16675000000003593	TimeIntervals	Lick
361.73749999999995	0.10000000000002274	TimeIntervals	Lick
361.9375	0.0999999999999659	TimeIntervals	Lick
362.40425000000005	0.40024999999997135	TimeIntervals	Lick
362.83774999999997	0.10000000000002274	TimeIntervals	Lick
362.971	0.0999999999999659	TimeIntervals	Lick
363.171	0.03350000000000364	TimeIntervals	Lick
363.3045	0.13324999999997544	TimeIntervals	Lick
363.63800000000003	0.19999999999998863	TimeIntervals	Lick
363.87125	0.10000000000002274	TimeIntervals	Lick
364.3045	0.19999999999998863	TimeIntervals	Lick
364.538	0.10000000000002274	TimeIntervals	Lick
364.70475	0.06674999999995634	TimeIntervals	Lick
364.90475000000004	0.10000000000002274	TimeIntervals	Lick
365.1715	0.0999999999999659	TimeIntervals	Lick
366.23824999999994	0.10000000000002274	TimeIntervals	Lick
366.63825	0.1332499999999186	TimeIntervals	Lick
366.9385	0.10000000000002274	TimeIntervals	Lick
367.57175	0.10000000000002274	TimeIntervals	Lick
367.905	0.30025000000000546	TimeIntervals	Lick
368.27199999999993	0.10000000000007958	TimeIntervals	Lick
368.872	0.0999999999999659	TimeIntervals	Lick
369.30550000000005	0.06649999999996226	TimeIntervals	Lick
369.5055	0.2664999999999509	TimeIntervals	Lick
369.872	0.0999999999999659	TimeIntervals	Lick
370.30550000000005	0.06674999999995634	TimeIntervals	Lick
370.53900000000004	0.19999999999998863	TimeIntervals	Lick
370.87225	0.10000000000002274	TimeIntervals	Lick
371.5725	0.16650000000004184	TimeIntervals	Lick
371.7725	0.0999999999999659	TimeIntervals	Lick
372.2725	0.0999999999999659	TimeIntervals	Lick
372.43925	0.10000000000002274	TimeIntervals	Lick
372.67249999999996	0.10000000000002274	TimeIntervals	Lick
373.23924999999997	0.26675000000005866	TimeIntervals	Lick
374.17275	0.09999999999990905	TimeIntervals	Lick
374.53950000000003	0.06674999999995634	TimeIntervals	Lick
374.93949999999995	0.10000000000007958	TimeIntervals	Lick
375.40625	0.0999999999999659	TimeIntervals	Lick
375.5729999999999	0.06650000000013279	TimeIntervals	Lick
376.0065	0.06649999999990541	TimeIntervals	Lick
376.1065	0.0999999999999659	TimeIntervals	Lick
377.17325	0.0999999999999659	TimeIntervals	Lick
377.54	0.10000000000002274	TimeIntervals	Lick
377.90675	0.10000000000002274	TimeIntervals	Lick
378.57349999999997	0.10000000000007958	TimeIntervals	Lick
378.70675	0.19999999999998863	TimeIntervals	Lick
378.94000000000005	0.3002499999999486	TimeIntervals	Lick
379.27349999999996	0.20000000000010232	TimeIntervals	Lick
379.50700000000006	0.1999999999999318	TimeIntervals	Lick
379.74025	0.3332499999999641	TimeIntervals	Lick
380.10699999999997	0.20000000000010232	TimeIntervals	Lick
380.3405	0.0999999999999659	TimeIntervals	Lick
380.47375000000005	0.1999999999999318	TimeIntervals	Lick
380.707	0.10000000000007958	TimeIntervals	Lick
380.8405	0.0999999999999659	TimeIntervals	Lick
380.97375000000005	1.766999999999939	TimeIntervals	Lick
380.97375000000005	0.03325000000000955	TimeIntervals	Reward
382.774	0.10000000000002274	TimeIntervals	Lick
382.90749999999997	0.20000000000004547	TimeIntervals	Lick
383.14075	0.0999999999999659	TimeIntervals	Lick
383.274	0.23349999999999227	TimeIntervals	Lick
383.541	0.23324999999999818	TimeIntervals	Lick
383.8075	0.5999999999999659	TimeIntervals	Lick
384.47450000000003	0.06649999999996226	TimeIntervals	Lick
384.60774999999995	0.3667500000000814	TimeIntervals	Lick
385.2745	0.16650000000004184	TimeIntervals	Lick
385.5745	0.06674999999995634	TimeIntervals	Lick
385.7745	0.0999999999999659	TimeIntervals	Lick
385.94125	0.39999999999997726	TimeIntervals	Lick
386.50800000000004	0.09999999999990905	TimeIntervals	Lick
386.87475	0.23324999999994134	TimeIntervals	Lick
387.308	0.10000000000002274	TimeIntervals	Lick
387.47475000000003	0.06674999999995634	TimeIntervals	Lick
387.875	0.1332500000000323	TimeIntervals	Lick
388.20824999999996	0.10000000000002274	TimeIntervals	Lick
389.04175	0.10000000000002274	TimeIntervals	Lick
389.2085	0.13324999999997544	TimeIntervals	Lick
390.2752499999999	0.10000000000007958	TimeIntervals	Lick
390.57525000000004	0.09999999999990905	TimeIntervals	Lick
390.842	0.166499999999985	TimeIntervals	Lick
391.942	0.13349999999996953	TimeIntervals	Lick
392.84225	0.10000000000007958	TimeIntervals	Lick
393.209	0.06674999999995634	TimeIntervals	Lick
394.2425	0.0999999999999659	TimeIntervals	Lick
394.7425	0.0999999999999659	TimeIntervals	Lick
395.376	0.13350000000002638	TimeIntervals	Lick
396.17600000000004	0.06675000000001319	TimeIntervals	Lick
396.5095	0.0999999999999659	TimeIntervals	Lick
396.943	0.13324999999997544	TimeIntervals	Lick
397.0095	0.0999999999999659	TimeIntervals	Reward
397.20950000000005	3.934000000000026	TimeIntervals	Lick
401.177	0.23324999999999818	TimeIntervals	Lick
401.44350000000003	0.0999999999999659	TimeIntervals	Lick
401.577	0.10000000000002274	TimeIntervals	Lick
401.71025000000003	0.2667500000000018	TimeIntervals	Lick
402.01025000000004	0.13349999999996953	TimeIntervals	Lick
402.2105	0.10000000000002274	TimeIntervals	Lick
402.34375	0.19999999999998863	TimeIntervals	Lick
402.61050000000006	0.23324999999994134	TimeIntervals	Lick
402.91049999999996	0.0999999999999659	TimeIntervals	Lick
403.04375	0.13349999999996953	TimeIntervals	Lick
403.2105	0.13350000000002638	TimeIntervals	Lick
403.37724999999995	0.10000000000007958	TimeIntervals	Lick
403.87724999999995	0.13324999999997544	TimeIntervals	Lick
404.07725	0.20024999999992588	TimeIntervals	Lick
404.51075	0.10000000000007958	TimeIntervals	Lick
404.71074999999996	0.06674999999995634	TimeIntervals	Lick
404.84400000000005	0.13349999999996953	TimeIntervals	Lick
405.11075000000005	0.09999999999990905	TimeIntervals	Lick
405.2774999999999	0.06650000000013279	TimeIntervals	Lick
405.61100000000005	0.09999999999990905	TimeIntervals	Lick
405.91100000000006	0.1332499999999186	TimeIntervals	Lick
406.17749999999995	0.0999999999999659	TimeIntervals	Lick
406.54449999999997	0.06650000000007594	TimeIntervals	Lick
406.7445	0.06649999999996226	TimeIntervals	Lick
407.27774999999997	0.19999999999998863	TimeIntervals	Lick
407.54449999999997	0.06675000000007003	TimeIntervals	Lick
407.7445	0.2667500000000018	TimeIntervals	Lick
408.17800000000005	0.1332499999999186	TimeIntervals	Lick
409.01149999999996	0.10000000000007958	TimeIntervals	Lick
409.8115	0.10000000000002274	TimeIntervals	Lick
409.97825	0.033249999999952706	TimeIntervals	Lick
410.07824999999997	0.06675000000001319	TimeIntervals	Lick
410.17825	0.06675000000001319	TimeIntervals	Lick
410.645	0.0665000000000191	TimeIntervals	Lick
410.745	0.10000000000002274	TimeIntervals	Lick
410.8785	0.19999999999998863	TimeIntervals	Lick
411.11175000000003	0.19999999999998863	TimeIntervals	Lick
411.345	0.19999999999998863	TimeIntervals	Lick
411.57849999999996	0.33325000000007776	TimeIntervals	Lick
411.945	0.10024999999995998	TimeIntervals	Lick
412.07849999999996	0.10000000000002274	TimeIntervals	Lick
412.21200000000005	0.0999999999999659	TimeIntervals	Lick
412.34525	0.0999999999999659	TimeIntervals	Lick
412.47850000000005	0.09999999999990905	TimeIntervals	Lick
412.612	0.19999999999998863	TimeIntervals	Lick
412.84525	0.20024999999992588	TimeIntervals	Lick
413.012	0.033499999999946795	TimeIntervals	Reward
413.07874999999996	3.8005000000000564	TimeIntervals	Lick
416.946	0.06649999999996226	TimeIntervals	Lick
417.046	0.10000000000002274	TimeIntervals	Lick
417.2125	0.06675000000001319	TimeIntervals	Lick
417.346	0.13349999999996953	TimeIntervals	Lick
417.846	0.3999999999999204	TimeIntervals	Lick
418.2794999999999	0.10000000000002274	TimeIntervals	Lick
418.4795	0.0665000000000191	TimeIntervals	Lick
419.24625	0.10000000000002274	TimeIntervals	Lick
419.67975	0.13324999999997544	TimeIntervals	Lick
420.413	0.0999999999999659	TimeIntervals	Lick
420.71299999999997	0.10025000000001683	TimeIntervals	Lick
421.41325	0.0999999999999659	TimeIntervals	Lick
421.68	0.36675000000002456	TimeIntervals	Lick
422.28	0.06675000000001319	TimeIntervals	Lick
422.98024999999996	0.10000000000002274	TimeIntervals	Lick
423.347	0.13324999999997544	TimeIntervals	Lick
423.747	0.0999999999999659	TimeIntervals	Lick
424.0135	0.23349999999999227	TimeIntervals	Lick
424.2805	0.0999999999999659	TimeIntervals	Lick
425.41400000000004	0.0999999999999659	TimeIntervals	Lick
425.54725	0.06674999999995634	TimeIntervals	Lick
425.71399999999994	0.06650000000007594	TimeIntervals	Lick
426.38075	0.0999999999999659	TimeIntervals	Lick
426.98074999999994	0.10000000000007958	TimeIntervals	Lick
427.114	0.0999999999999659	TimeIntervals	Lick
427.54749999999996	0.10000000000002274	TimeIntervals	Lick
428.41450000000003	0.13324999999997544	TimeIntervals	Lick
429.21450000000004	0.09999999999990905	TimeIntervals	Lick
430.0145	0.23349999999999227	TimeIntervals	Lick
431.51475000000005	0.09999999999990905	TimeIntervals	Lick
431.6480000000001	0.06699999999983675	TimeIntervals	Lick
432.64825	0.09999999999990905	TimeIntervals	Lick
433.1485	0.13324999999997544	TimeIntervals	Lick
433.48175	0.10000000000002274	TimeIntervals	Lick
434.48199999999997	0.10000000000002274	TimeIntervals	Lick
435.88199999999995	0.10000000000002274	TimeIntervals	Lick
436.51550000000003	0.06675000000001319	TimeIntervals	Lick
437.3825	0.10000000000002274	TimeIntervals	Lick
438.14900000000006	0.1334999999999127	TimeIntervals	Lick
438.616	0.09999999999990905	TimeIntervals	Lick
439.1825	0.0999999999999659	TimeIntervals	Lick
440.2494999999999	0.06650000000013279	TimeIntervals	Lick
441.48299999999995	0.10000000000007958	TimeIntervals	Lick
441.61650000000003	0.06649999999996226	TimeIntervals	Lick
441.78299999999996	0.06675000000007003	TimeIntervals	Lick
441.8829999999999	0.10000000000002274	TimeIntervals	Lick
442.01649999999995	0.20000000000004547	TimeIntervals	Lick
442.24975	0.19999999999998863	TimeIntervals	Lick
442.48299999999995	0.20000000000004547	TimeIntervals	Lick
442.7165	0.06674999999995634	TimeIntervals	Lick
442.8165000000001	0.0999999999999659	TimeIntervals	Lick
442.95	0.0999999999999659	TimeIntervals	Lick
443.08324999999996	0.06675000000001319	TimeIntervals	Lick
443.18325	0.0999999999999659	TimeIntervals	Lick
443.3165000000001	0.0999999999999659	TimeIntervals	Lick
443.45	0.06649999999996226	TimeIntervals	Lick
443.54999999999995	0.333500000000015	TimeIntervals	Lick
443.91675000000004	0.09999999999990905	TimeIntervals	Lick
444.04999999999995	0.10000000000002274	TimeIntervals	Lick
444.04999999999995	0.03350000000006048	TimeIntervals	Reward
444.18350000000004	1.1334999999999695	TimeIntervals	Lick
445.3502500000001	0.4667499999999336	TimeIntervals	Lick
445.8502500000001	0.0999999999999659	TimeIntervals	Lick
445.9835	0.36700000000001864	TimeIntervals	Lick
446.38374999999996	0.36675000000002456	TimeIntervals	Lick
446.78374999999994	0.40025000000008504	TimeIntervals	Lick
447.21725	0.1332500000000323	TimeIntervals	Lick
447.384	0.0665000000000191	TimeIntervals	Lick
447.51725	0.13324999999997544	TimeIntervals	Lick
447.71725	0.06674999999995634	TimeIntervals	Lick
448.2175	0.06649999999996226	TimeIntervals	Lick
448.484	0.10000000000002274	TimeIntervals	Lick
449.084	0.06674999999995634	TimeIntervals	Lick
449.351	0.10000000000002274	TimeIntervals	Lick
449.551	0.1332500000000323	TimeIntervals	Lick
450.08425	0.10000000000002274	TimeIntervals	Lick
450.6845	0.0999999999999659	TimeIntervals	Lick
450.851	0.19999999999998863	TimeIntervals	Lick
451.7845	0.10000000000002274	TimeIntervals	Lick
452.418	0.0999999999999659	TimeIntervals	Lick
453.38475000000005	0.0999999999999659	TimeIntervals	Lick
454.4515	0.0999999999999659	TimeIntervals	Lick
454.7515	0.13350000000002638	TimeIntervals	Lick
454.91850000000005	0.1332499999999186	TimeIntervals	Lick
455.35175000000004	0.0999999999999659	TimeIntervals	Lick
456.48525	0.0999999999999659	TimeIntervals	Lick
456.91850000000005	0.06674999999995634	TimeIntervals	Lick
457.68550000000005	0.09999999999990905	TimeIntervals	Lick
458.01875	0.10025000000001683	TimeIntervals	Lick
458.8854999999999	0.10000000000007958	TimeIntervals	Lick
459.58574999999996	0.06675000000001319	TimeIntervals	Lick
460.61925	0.09999999999990905	TimeIntervals	Lick
461.7194999999999	0.0665000000000191	TimeIntervals	Lick
461.85274999999996	0.06675000000007003	TimeIntervals	Lick
462.85299999999995	0.06650000000007594	TimeIntervals	Lick
462.98625	0.06675000000001319	TimeIntervals	Lick
463.1195000000001	0.0667499999998995	TimeIntervals	Lick
463.31950000000006	0.06674999999995634	TimeIntervals	Lick
463.653	0.0999999999999659	TimeIntervals	Lick
465.21999999999997	0.20000000000004547	TimeIntervals	Lick
466.4535	0.0999999999999659	TimeIntervals	Lick
467.92025	0.06675000000001319	TimeIntervals	Lick
468.387	0.10000000000002274	TimeIntervals	Lick
468.5205	0.06649999999996226	TimeIntervals	Lick
469.48724999999996	0.0999999999999659	TimeIntervals	Lick
469.62050000000005	0.06674999999995634	TimeIntervals	Lick
469.854	0.10000000000002274	TimeIntervals	Lick
470.05400000000003	0.166499999999985	TimeIntervals	Lick
470.28749999999997	0.10000000000007958	TimeIntervals	Lick
470.42075	0.0999999999999659	TimeIntervals	Lick
471.85425	0.10000000000002274	TimeIntervals	Lick
471.98749999999995	0.06675000000007003	TimeIntervals	Lick
472.0874999999999	0.10000000000007958	TimeIntervals	Lick
472.221	0.0999999999999659	TimeIntervals	Lick
472.35425	0.43350000000003774	TimeIntervals	Lick
472.82099999999997	0.10000000000002274	TimeIntervals	Lick
472.9545	0.0999999999999659	TimeIntervals	Lick
473.0877499999999	0.20000000000010232	TimeIntervals	Lick
473.32099999999997	0.10000000000002274	TimeIntervals	Lick
473.4545	0.0999999999999659	TimeIntervals	Lick
473.58799999999997	0.23324999999999818	TimeIntervals	Lick
473.8545	0.19999999999998863	TimeIntervals	Lick
474.08799999999997	3.900500000000079	TimeIntervals	Lick
474.08799999999997	0.06650000000007594	TimeIntervals	Reward
478.022	0.36650000000003047	TimeIntervals	Lick
478.4220000000001	0.09999999999990905	TimeIntervals	Lick
478.55525	0.23324999999999818	TimeIntervals	Lick
478.822	0.10000000000007958	TimeIntervals	Lick
478.95525	0.13349999999996953	TimeIntervals	Lick
479.122	0.1334999999999127	TimeIntervals	Lick
479.28875	0.10000000000002274	TimeIntervals	Lick
479.58874999999995	0.10000000000007958	TimeIntervals	Lick
479.7554999999999	0.333500000000015	TimeIntervals	Lick
480.189	0.10000000000002274	TimeIntervals	Lick
480.389	0.0999999999999659	TimeIntervals	Lick
480.989	0.0999999999999659	TimeIntervals	Lick
481.1555000000001	0.033499999999946795	TimeIntervals	Lick
481.2225	0.3332499999999641	TimeIntervals	Lick
481.65575	0.06675000000001319	TimeIntervals	Lick
481.78900000000004	0.0999999999999659	TimeIntervals	Lick
482.1225	0.1332500000000323	TimeIntervals	Lick
482.289	0.13350000000002638	TimeIntervals	Lick
482.48924999999997	0.06675000000001319	TimeIntervals	Lick
483.156	0.10000000000002274	TimeIntervals	Lick
483.32250000000005	0.1334999999999127	TimeIntervals	Lick
483.62275	0.1332500000000323	TimeIntervals	Lick
484.056	0.06675000000001319	TimeIntervals	Lick
484.62300000000005	0.06649999999990541	TimeIntervals	Lick
485.0230000000001	0.0999999999999659	TimeIntervals	Lick
485.323	0.16650000000004184	TimeIntervals	Lick
485.88975000000005	0.09999999999990905	TimeIntervals	Lick
486.72325	0.10000000000002274	TimeIntervals	Lick
486.8564999999999	0.06675000000012687	TimeIntervals	Lick
486.95649999999995	0.20000000000010232	TimeIntervals	Lick
487.18999999999994	0.30000000000001137	TimeIntervals	Lick
487.52324999999996	0.20000000000004547	TimeIntervals	Lick
487.7565	0.10024999999995998	TimeIntervals	Lick
487.89000000000004	0.06674999999995634	TimeIntervals	Lick
487.98999999999995	0.10000000000002274	TimeIntervals	Lick
488.1235	0.20000000000004547	TimeIntervals	Lick
488.35675	0.23324999999999818	TimeIntervals	Lick
488.6235	0.0999999999999659	TimeIntervals	Lick
488.75675	0.06675000000001319	TimeIntervals	Lick
488.85675	0.10025000000001683	TimeIntervals	Lick
488.99025	0.0999999999999659	TimeIntervals	Lick
489.1235	0.0999999999999659	TimeIntervals	Lick
489.157	0.0999999999999659	TimeIntervals	Reward
489.25699999999995	3.4670000000000982	TimeIntervals	Lick
492.75750000000005	0.2332499999998845	TimeIntervals	Lick
493.024	0.10000000000007958	TimeIntervals	Lick
493.1575000000001	0.0999999999999659	TimeIntervals	Lick
493.29100000000005	0.23324999999999818	TimeIntervals	Lick
493.5574999999999	0.2667500000001155	TimeIntervals	Lick
493.8575	0.4000000000000341	TimeIntervals	Lick
494.3575	0.13349999999996953	TimeIntervals	Lick
494.5245000000001	0.06649999999990541	TimeIntervals	Lick
494.6245	0.06649999999996226	TimeIntervals	Lick
495.2245	0.06650000000007594	TimeIntervals	Lick
495.35774999999995	0.10000000000002274	TimeIntervals	Lick
495.6580000000001	0.03324999999989586	TimeIntervals	Lick
495.7245	0.16674999999997908	TimeIntervals	Lick
496.1580000000001	0.10000000000002274	TimeIntervals	Lick
496.958	0.0999999999999659	TimeIntervals	Lick
497.0915	0.0999999999999659	TimeIntervals	Lick
497.2580000000001	0.09999999999985221	TimeIntervals	Lick
497.7915	0.0999999999999659	TimeIntervals	Lick
498.25825000000003	0.09999999999990905	TimeIntervals	Lick
498.85849999999994	0.3000000000000682	TimeIntervals	Lick
499.5584999999999	0.06650000000007594	TimeIntervals	Lick
500.1585	0.23349999999993543	TimeIntervals	Lick
500.5584999999999	0.06675000000007003	TimeIntervals	Lick
500.6585	0.06674999999995634	TimeIntervals	Lick
500.82525000000004	0.13324999999997544	TimeIntervals	Lick
501.09200000000004	0.06674999999995634	TimeIntervals	Lick
501.52550000000014	0.09999999999985221	TimeIntervals	Lick
501.692	0.16674999999997908	TimeIntervals	Lick
502.69225000000006	0.09999999999985221	TimeIntervals	Lick
503.72575	0.06674999999995634	TimeIntervals	Lick
504.3260000000001	0.0999999999999659	TimeIntervals	Lick
504.6259999999999	0.10000000000007958	TimeIntervals	Lick
505.09250000000003	0.10000000000007958	TimeIntervals	Lick
506.02599999999995	0.0999999999999659	TimeIntervals	Lick
506.85949999999997	0.10000000000007958	TimeIntervals	Lick
508.3597500000001	0.0667499999998995	TimeIntervals	Lick
508.76	0.0665000000000191	TimeIntervals	Lick
509.2265	0.06675000000001319	TimeIntervals	Lick
509.3265	0.06675000000001319	TimeIntervals	Lick
510.76	0.10000000000002274	TimeIntervals	Lick
510.89349999999996	0.06675000000012687	TimeIntervals	Lick
510.9935	0.0999999999999659	TimeIntervals	Lick
511.12699999999995	0.30000000000012506	TimeIntervals	Lick
511.4602500000001	0.2999999999999545	TimeIntervals	Lick
511.7935	0.19999999999998863	TimeIntervals	Lick
512.0269999999999	0.20000000000015916	TimeIntervals	Lick
512.2605000000001	0.09999999999990905	TimeIntervals	Lick
512.3937500000001	0.06674999999995634	TimeIntervals	Lick
512.49375	0.10000000000002274	TimeIntervals	Lick
512.6270000000001	0.1999999999999318	TimeIntervals	Lick
512.8605	0.20000000000004547	TimeIntervals	Lick
513.094	0.10000000000002274	TimeIntervals	Lick
513.22725	2.06675000000007	TimeIntervals	Lick
513.22725	0.06675000000007003	TimeIntervals	Reward
515.3275	0.5	TimeIntervals	Lick
515.861	0.10000000000002274	TimeIntervals	Lick
515.9942500000001	0.10000000000002274	TimeIntervals	Lick
516.1275	0.09999999999990905	TimeIntervals	Lick
516.2610000000001	0.26674999999988813	TimeIntervals	Lick
516.561	0.26674999999988813	TimeIntervals	Lick
516.8945	0.13324999999997544	TimeIntervals	Lick
517.061	0.13350000000002638	TimeIntervals	Lick
517.22775	0.13324999999997544	TimeIntervals	Lick
517.7945	0.16675000000009277	TimeIntervals	Lick
518.1945000000001	0.06675000000007003	TimeIntervals	Lick
518.7280000000001	0.16674999999997908	TimeIntervals	Lick
519.39475	0.06675000000007003	TimeIntervals	Lick
519.5615	0.06650000000013279	TimeIntervals	Lick
520.3615000000001	0.16674999999997908	TimeIntervals	Lick
521.1285000000001	0.10000000000002274	TimeIntervals	Lick
521.295	0.16675000000009277	TimeIntervals	Lick
522.8952499999999	0.10025000000007367	TimeIntervals	Lick
523.2287500000002	0.09999999999968168	TimeIntervals	Lick
526.7959999999999	0.06650000000013279	TimeIntervals	Lick
526.896	0.2999999999999545	TimeIntervals	Lick
527.2292500000001	0.30025000000000546	TimeIntervals	Lick
527.5627499999999	0.20000000000004547	TimeIntervals	Lick
527.7959999999999	0.06675000000007003	TimeIntervals	Lick
527.896	0.20000000000004547	TimeIntervals	Lick
528.1295	0.1999999999999318	TimeIntervals	Lick
528.36275	0.33349999999995816	TimeIntervals	Lick
528.7295	0.33350000000007185	TimeIntervals	Lick
529.09625	0.09999999999990905	TimeIntervals	Lick
529.2295	0.06675000000007003	TimeIntervals	Lick
529.2630000000001	0.09999999999990905	TimeIntervals	Reward
529.3294999999999	4.500750000000039	TimeIntervals	Lick
533.8635	0.09999999999990905	TimeIntervals	Lick
533.997	0.13350000000014006	TimeIntervals	Lick
534.1637499999999	0.10000000000013642	TimeIntervals	Lick
534.297	0.1334999999999127	TimeIntervals	Lick
534.46375	0.13324999999997544	TimeIntervals	Lick
534.7305000000001	0.09999999999990905	TimeIntervals	Lick
534.86375	0.13324999999997544	TimeIntervals	Lick
535.0305	0.06675000000007003	TimeIntervals	Lick
535.1305000000001	0.13350000000002638	TimeIntervals	Lick
535.49725	0.10000000000002274	TimeIntervals	Lick
536.164	0.20000000000004547	TimeIntervals	Lick
536.43075	0.09999999999990905	TimeIntervals	Lick
536.7975	0.13324999999997544	TimeIntervals	Lick
537.2640000000001	0.10024999999995998	TimeIntervals	Lick
537.431	0.09999999999990905	TimeIntervals	Lick
537.631	0.10000000000002274	TimeIntervals	Lick
537.7642500000001	0.13324999999997544	TimeIntervals	Lick
538.531	0.10000000000002274	TimeIntervals	Lick
538.69775	0.06675000000007003	TimeIntervals	Lick
538.8309999999999	0.06675000000007003	TimeIntervals	Lick
538.9645	0.06649999999990541	TimeIntervals	Lick
539.53125	0.10000000000013642	TimeIntervals	Lick
539.798	0.10000000000002274	TimeIntervals	Lick
540.53125	0.06674999999995634	TimeIntervals	Lick
541.4647500000001	0.09999999999990905	TimeIntervals	Lick
541.7315000000001	0.1999999999999318	TimeIntervals	Lick
542.665	0.10000000000013642	TimeIntervals	Lick
543.7985000000001	0.09999999999990905	TimeIntervals	Lick
544.532	0.10000000000002274	TimeIntervals	Lick
546.43225	0.10000000000013642	TimeIntervals	Lick
547.3657500000002	0.06674999999984266	TimeIntervals	Lick
547.8325000000001	0.09999999999990905	TimeIntervals	Lick
548.4325	0.10000000000002274	TimeIntervals	Lick
548.69925	0.13325000000008913	TimeIntervals	Lick
549.5660000000001	0.06674999999984266	TimeIntervals	Lick
551.433	0.13350000000002638	TimeIntervals	Lick
552.8000000000001	0.10000000000002274	TimeIntervals	Lick
552.93325	0.3332500000000209	TimeIntervals	Lick
553.3000000000001	0.2999999999999545	TimeIntervals	Lick
553.6332500000001	0.33349999999995816	TimeIntervals	Lick
554.0	0.10000000000002274	TimeIntervals	Lick
554.1334999999999	0.3000000000001819	TimeIntervals	Lick
554.46675	0.3332500000000209	TimeIntervals	Lick
554.8335000000001	0.33349999999995816	TimeIntervals	Lick
555.20025	0.10000000000013642	TimeIntervals	Lick
555.3335000000001	0.6669999999999163	TimeIntervals	Lick
555.3335000000001	0.06675000000007003	TimeIntervals	Reward
556.03375	0.5667499999999563	TimeIntervals	Lick
556.63375	0.20000000000015916	TimeIntervals	Lick
556.8670000000001	1.0335000000000036	TimeIntervals	Lick
557.934	0.36675000000013824	TimeIntervals	Lick
558.3340000000002	0.26674999999977445	TimeIntervals	Lick
558.634	0.10000000000002274	TimeIntervals	Lick
558.7675000000002	0.1999999999999318	TimeIntervals	Lick
559.034	0.10000000000002274	TimeIntervals	Lick
559.501	0.06650000000013279	TimeIntervals	Lick
560.1342500000001	0.23324999999999818	TimeIntervals	Lick
560.7345	0.06650000000013279	TimeIntervals	Lick
560.86775	0.06674999999995634	TimeIntervals	Lick
561.768	0.10000000000002274	TimeIntervals	Lick
562.10125	0.10000000000002274	TimeIntervals	Lick
562.968	0.13350000000014006	TimeIntervals	Lick
563.53475	0.13325000000008913	TimeIntervals	Lick
563.7015000000001	0.06674999999984266	TimeIntervals	Lick
563.8350000000002	0.13324999999974807	TimeIntervals	Lick
564.0682500000001	0.09999999999990905	TimeIntervals	Lick
564.3015000000001	0.06674999999995634	TimeIntervals	Lick
564.6682500000001	0.10024999999995998	TimeIntervals	Lick
565.0349999999999	0.10000000000013642	TimeIntervals	Lick
565.40175	0.10000000000002274	TimeIntervals	Lick
565.6685	0.2999999999999545	TimeIntervals	Lick
566.002	0.10000000000013642	TimeIntervals	Lick
566.5352499999999	0.13325000000008913	TimeIntervals	Lick
566.7020000000001	0.13324999999997544	TimeIntervals	Lick
568.3355	0.06675000000007003	TimeIntervals	Lick
568.369	0.10000000000002274	TimeIntervals	Reward
568.4354999999999	3.7005000000000337	TimeIntervals	Lick
572.1695	0.10000000000013642	TimeIntervals	Lick
572.3027500000002	0.09999999999979536	TimeIntervals	Lick
572.436	0.23349999999993543	TimeIntervals	Lick
572.7030000000001	0.10000000000002274	TimeIntervals	Lick
572.8362500000001	0.23324999999999818	TimeIntervals	Lick
573.1030000000001	0.5	TimeIntervals	Lick
573.6365	0.10000000000013642	TimeIntervals	Lick
573.76975	0.13324999999997544	TimeIntervals	Lick
573.9365	0.10000000000002274	TimeIntervals	Lick
574.0697500000001	0.09999999999990905	TimeIntervals	Lick
574.2030000000001	0.10000000000002274	TimeIntervals	Lick
574.3697500000002	0.06674999999984266	TimeIntervals	Lick
574.5697500000001	0.06674999999984266	TimeIntervals	Lick
574.7032500000001	0.36674999999991087	TimeIntervals	Lick
575.1700000000001	0.0665000000000191	TimeIntervals	Lick
575.2700000000001	0.13324999999997544	TimeIntervals	Lick
575.4365	0.10000000000002274	TimeIntervals	Lick
575.6032500000001	0.10000000000002274	TimeIntervals	Lick
575.7700000000001	0.10000000000002274	TimeIntervals	Lick
575.9035	0.10000000000013642	TimeIntervals	Lick
576.03675	0.10000000000002274	TimeIntervals	Lick
576.1700000000001	0.10000000000002274	TimeIntervals	Lick
576.3035000000001	0.2332499999998845	TimeIntervals	Lick
576.57	0.10000000000002274	TimeIntervals	Lick
576.7035	0.23349999999993543	TimeIntervals	Lick
576.9702500000001	0.10000000000002274	TimeIntervals	Lick
577.1035000000002	0.09999999999979536	TimeIntervals	Lick
577.237	0.23325000000011187	TimeIntervals	Lick
577.5035000000001	0.36675000000002456	TimeIntervals	Lick
577.9035	0.10025000000007367	TimeIntervals	Lick
578.0705000000002	0.06649999999990541	TimeIntervals	Lick
578.237	0.13350000000014006	TimeIntervals	Lick
578.40375	0.06675000000007003	TimeIntervals	Lick
578.5369999999999	0.06675000000018372	TimeIntervals	Lick
579.33725	0.09999999999990905	TimeIntervals	Lick
579.504	0.06650000000013279	TimeIntervals	Lick
579.6040000000002	0.09999999999990905	TimeIntervals	Lick
579.7372500000001	0.09999999999990905	TimeIntervals	Lick
579.8705000000001	0.06674999999984266	TimeIntervals	Lick
579.9705	0.10000000000013642	TimeIntervals	Lick
580.1040000000002	0.09999999999990905	TimeIntervals	Lick
580.2375000000001	0.0665000000000191	TimeIntervals	Lick
580.3375000000001	0.09999999999990905	TimeIntervals	Lick
580.47075	0.23325000000011187	TimeIntervals	Lick
580.7375000000001	0.0665000000000191	TimeIntervals	Lick
580.8375000000001	0.1999999999998181	TimeIntervals	Lick
581.0707500000001	2.1669999999999163	TimeIntervals	Lick
581.3710000000002	0.06649999999979173	TimeIntervals	Reward
583.2710000000001	0.10000000000013642	TimeIntervals	Lick
583.4045000000001	0.09999999999990905	TimeIntervals	Lick
583.538	0.10000000000002274	TimeIntervals	Lick
583.6712500000001	0.10000000000002274	TimeIntervals	Lick
583.8045000000001	0.10000000000002274	TimeIntervals	Lick
583.938	0.10000000000002274	TimeIntervals	Lick
584.07125	0.13325000000020282	TimeIntervals	Lick
584.4045000000001	0.06674999999995634	TimeIntervals	Lick
584.538	0.10000000000002274	TimeIntervals	Lick
584.6715	0.20000000000004547	TimeIntervals	Lick
585.138	0.10000000000013642	TimeIntervals	Lick
585.3047500000001	0.033249999999952706	TimeIntervals	Lick
585.6715	0.2335000000000491	TimeIntervals	Lick
585.9715000000001	0.03350000000000364	TimeIntervals	Lick
586.03825	0.3000000000000682	TimeIntervals	Lick
586.605	0.0665000000000191	TimeIntervals	Lick
587.47175	0.10000000000002274	TimeIntervals	Lick
587.605	0.10000000000013642	TimeIntervals	Lick
588.5385	0.10000000000002274	TimeIntervals	Lick
589.4387499999999	0.13325000000008913	TimeIntervals	Lick
589.6387500000001	0.13325000000008913	TimeIntervals	Lick
590.539	0.10000000000002274	TimeIntervals	Lick
590.9055	0.13350000000002638	TimeIntervals	Lick
591.6057500000001	0.13325000000008913	TimeIntervals	Lick
592.6725	0.13350000000014006	TimeIntervals	Lick
593.8395	0.09999999999990905	TimeIntervals	Lick
594.3727500000002	0.10024999999973261	TimeIntervals	Lick
595.10625	0.06675000000007003	TimeIntervals	Lick
595.50625	0.06674999999995634	TimeIntervals	Lick
595.6730000000001	0.09999999999990905	TimeIntervals	Lick
596.03975	0.13325000000008913	TimeIntervals	Lick
596.67325	0.06674999999995634	TimeIntervals	Lick
597.6400000000001	0.06649999999990541	TimeIntervals	Lick
598.0735	0.10000000000013642	TimeIntervals	Lick
598.4399999999999	0.10000000000002274	TimeIntervals	Lick
599.4070000000002	0.09999999999990905	TimeIntervals	Lick
599.64025	0.06674999999995634	TimeIntervals	Lick
599.8735000000001	0.06699999999989359	TimeIntervals	Lick
601.4405	0.09999999999990905	TimeIntervals	Lick
601.574	0.10000000000013642	TimeIntervals	Lick
601.70725	0.09999999999990905	TimeIntervals	Lick
601.874	0.13324999999997544	TimeIntervals	Lick
603.1740000000001	0.06699999999989359	TimeIntervals	Lick
604.041	0.09999999999990905	TimeIntervals	Lick
604.17425	0.06674999999995634	TimeIntervals	Lick
604.2742500000002	0.20024999999975535	TimeIntervals	Lick
604.50775	0.06675000000007003	TimeIntervals	Lick
604.60775	0.20000000000015916	TimeIntervals	Lick
604.841	0.06675000000007003	TimeIntervals	Lick
604.941	0.33350000000007185	TimeIntervals	Lick
605.3077500000002	0.06674999999995634	TimeIntervals	Lick
605.4077500000001	0.20024999999986903	TimeIntervals	Lick
605.64125	0.1999999999999318	TimeIntervals	Lick
605.8745000000001	0.09999999999979536	TimeIntervals	Lick
606.008	0.09999999999990905	TimeIntervals	Lick
606.14125	0.1999999999999318	TimeIntervals	Lick
606.3745000000001	4.367499999999836	TimeIntervals	Lick
606.4080000000001	0.09999999999990905	TimeIntervals	Reward
610.7752500000001	0.23349999999982174	TimeIntervals	Lick
611.042	0.09999999999990905	TimeIntervals	Lick
611.1755000000002	0.13324999999997544	TimeIntervals	Lick
611.3420000000001	0.26674999999988813	TimeIntervals	Lick
611.6755000000002	0.06649999999979173	TimeIntervals	Lick
611.8087500000001	0.06674999999995634	TimeIntervals	Lick
611.942	0.20024999999998272	TimeIntervals	Lick
612.509	0.10000000000002274	TimeIntervals	Lick
612.84225	0.23325000000011187	TimeIntervals	Lick
613.4090000000001	0.06674999999984266	TimeIntervals	Lick
614.0425	0.10000000000002274	TimeIntervals	Lick
614.3760000000002	0.09999999999979536	TimeIntervals	Lick
614.5092500000001	0.09999999999990905	TimeIntervals	Lick
614.7425	0.16675000000009277	TimeIntervals	Lick
615.1760000000002	0.09999999999990905	TimeIntervals	Lick
615.3425000000001	0.06700000000000728	TimeIntervals	Lick
615.44275	0.13324999999997544	TimeIntervals	Lick
615.6095	0.10000000000002274	TimeIntervals	Lick
616.0095	0.10000000000002274	TimeIntervals	Lick
616.8095000000001	0.06674999999995634	TimeIntervals	Lick
616.943	0.0665000000000191	TimeIntervals	Lick
617.0762500000001	0.10000000000002274	TimeIntervals	Lick
617.7765	0.0665000000000191	TimeIntervals	Lick
617.943	0.06675000000007003	TimeIntervals	Lick
618.543	0.10024999999995998	TimeIntervals	Lick
618.94325	0.06674999999995634	TimeIntervals	Lick
619.64325	0.10025000000018736	TimeIntervals	Lick
619.77675	0.10000000000013642	TimeIntervals	Lick
620.1767500000001	0.13325000000008913	TimeIntervals	Lick
621.8770000000001	0.10000000000002274	TimeIntervals	Lick
623.244	0.10000000000013642	TimeIntervals	Lick
623.644	0.0665000000000191	TimeIntervals	Lick
623.8105000000002	0.09999999999979536	TimeIntervals	Lick
624.3440000000002	0.06674999999984266	TimeIntervals	Lick
624.8107500000001	0.06674999999995634	TimeIntervals	Lick
626.011	0.10000000000013642	TimeIntervals	Lick
626.1442499999999	0.06675000000018372	TimeIntervals	Lick
626.2442500000001	0.20024999999986903	TimeIntervals	Lick
626.47775	0.5332499999999527	TimeIntervals	Lick
627.0445	0.20000000000004547	TimeIntervals	Lick
627.27775	0.2002500000000964	TimeIntervals	Lick
627.51125	0.20000000000004547	TimeIntervals	Lick
627.7445	0.10000000000013642	TimeIntervals	Lick
627.8780000000002	0.29999999999984084	TimeIntervals	Lick
628.2112500000001	0.10000000000013642	TimeIntervals	Lick
628.3445000000002	0.09999999999979536	TimeIntervals	Lick
628.4780000000001	1.53349999999989	TimeIntervals	Lick
628.4780000000001	0.06674999999984266	TimeIntervals	Reward
630.045	0.7667500000001155	TimeIntervals	Lick
630.845	0.33349999999995816	TimeIntervals	Lick
631.2117500000002	0.09999999999990905	TimeIntervals	Lick
631.345	0.13350000000002638	TimeIntervals	Lick
631.51175	0.23325000000011187	TimeIntervals	Lick
631.7785000000001	0.133499999999799	TimeIntervals	Lick
631.94525	0.06675000000007003	TimeIntervals	Lick
632.2120000000001	0.09999999999990905	TimeIntervals	Lick
632.4785	0.06674999999995634	TimeIntervals	Lick
632.8452500000001	0.2335000000000491	TimeIntervals	Lick
633.4119999999999	0.06675000000018372	TimeIntervals	Lick
634.1455	0.10000000000013642	TimeIntervals	Lick
634.3790000000001	0.16649999999981446	TimeIntervals	Lick
635.2125000000001	0.0665000000000191	TimeIntervals	Lick
635.8790000000001	0.06674999999984266	TimeIntervals	Lick
636.1125000000001	0.0665000000000191	TimeIntervals	Lick
637.0792500000001	0.09999999999990905	TimeIntervals	Lick
637.9459999999999	0.06675000000007003	TimeIntervals	Lick
638.11275	0.10000000000013642	TimeIntervals	Lick
639.1795	0.10000000000013642	TimeIntervals	Lick
641.3132500000002	0.09999999999979536	TimeIntervals	Lick
641.7800000000001	0.06674999999995634	TimeIntervals	Lick
642.1467500000001	0.06674999999984266	TimeIntervals	Lick
642.48	0.06674999999995634	TimeIntervals	Lick
643.0802500000001	0.09999999999990905	TimeIntervals	Lick
643.68025	0.06674999999995634	TimeIntervals	Lick
644.4137499999999	0.06675000000007003	TimeIntervals	Lick
644.6805	0.09999999999990905	TimeIntervals	Lick
645.8472500000001	0.09999999999979536	TimeIntervals	Lick
646.0140000000001	0.09999999999990905	TimeIntervals	Lick
647.0475	0.10000000000013642	TimeIntervals	Lick
648.1475000000002	0.06674999999984266	TimeIntervals	Lick
648.6145	0.0665000000000191	TimeIntervals	Lick
648.7477500000001	0.06674999999995634	TimeIntervals	Lick
649.1477500000001	0.06674999999995634	TimeIntervals	Lick
650.7147500000001	0.06675000000007003	TimeIntervals	Lick
651.01475	0.06674999999995634	TimeIntervals	Lick
651.1815	0.0665000000000191	TimeIntervals	Lick
651.7482500000001	0.10000000000002274	TimeIntervals	Lick
652.015	0.0665000000000191	TimeIntervals	Lick
654.0485	0.06675000000007003	TimeIntervals	Lick
654.3485000000002	0.06674999999984266	TimeIntervals	Lick
655.34875	0.10000000000002274	TimeIntervals	Lick
657.0490000000001	0.06649999999990541	TimeIntervals	Lick
657.1490000000001	0.3334999999998445	TimeIntervals	Lick
657.5825000000001	0.1999999999999318	TimeIntervals	Lick
657.8157500000001	0.09999999999990905	TimeIntervals	Lick
657.949	0.10000000000013642	TimeIntervals	Lick
658.0825000000001	0.10000000000002274	TimeIntervals	Lick
658.216	0.10000000000013642	TimeIntervals	Lick
658.34925	0.20000000000004547	TimeIntervals	Lick
658.5825000000001	0.1999999999999318	TimeIntervals	Lick
658.8160000000001	0.1999999999998181	TimeIntervals	Lick
659.04925	0.33350000000007185	TimeIntervals	Lick
659.416	0.09999999999990905	TimeIntervals	Lick
659.516	0.10000000000002274	TimeIntervals	Reward
659.5495	4.234000000000151	TimeIntervals	Lick
663.8167500000001	0.2667500000000018	TimeIntervals	Lick
664.1167499999999	0.13325000000008913	TimeIntervals	Lick
664.2835000000001	0.10000000000002274	TimeIntervals	Lick
664.41675	0.13325000000008913	TimeIntervals	Lick
664.6167499999999	0.13325000000008913	TimeIntervals	Lick
664.8502500000001	0.06674999999995634	TimeIntervals	Lick
665.2170000000001	0.16650000000004184	TimeIntervals	Lick
666.0837500000001	0.09999999999990905	TimeIntervals	Lick
666.4505	0.06649999999990541	TimeIntervals	Lick
666.5505000000002	0.09999999999990905	TimeIntervals	Lick
667.1505000000001	0.10000000000002274	TimeIntervals	Lick
667.2840000000001	0.09999999999990905	TimeIntervals	Lick
667.4505	0.06674999999984266	TimeIntervals	Lick
667.6505000000001	0.13350000000002638	TimeIntervals	Lick
668.1840000000001	0.10000000000002274	TimeIntervals	Lick
668.3175000000001	0.1999999999998181	TimeIntervals	Lick
668.5507500000001	0.2999999999999545	TimeIntervals	Lick
668.884	0.53349999999989	TimeIntervals	Lick
669.4509999999999	0.20000000000004547	TimeIntervals	Lick
669.68425	0.06674999999995634	TimeIntervals	Lick
669.7842500000002	0.09999999999990905	TimeIntervals	Lick
669.9174999999999	0.10000000000002274	TimeIntervals	Lick
670.051	0.09999999999990905	TimeIntervals	Lick
670.18425	0.2002500000000964	TimeIntervals	Lick
670.41775	0.10000000000002274	TimeIntervals	Lick
670.551	0.09999999999990905	TimeIntervals	Lick
670.6177499999999	0.06675000000007003	TimeIntervals	Reward
670.6845	3.200500000000261	TimeIntervals	Lick
673.9182500000001	0.23324999999999818	TimeIntervals	Lick
674.185	0.10000000000002274	TimeIntervals	Lick
674.3182500000001	0.09999999999990905	TimeIntervals	Lick
674.4515	0.23349999999993543	TimeIntervals	Lick
674.7185000000001	0.13324999999997544	TimeIntervals	Lick
674.8850000000002	0.13349999999968531	TimeIntervals	Lick
675.0517500000001	0.20000000000004547	TimeIntervals	Lick
675.285	0.10000000000025011	TimeIntervals	Lick
675.45175	0.13325000000020282	TimeIntervals	Lick
675.6185	0.06649999999990541	TimeIntervals	Lick
675.7517500000001	0.06674999999984266	TimeIntervals	Lick
675.9185	0.03350000000000364	TimeIntervals	Lick
676.1852500000001	0.1999999999999318	TimeIntervals	Lick
676.4852500000001	0.13324999999997544	TimeIntervals	Lick
676.8855000000001	0.06649999999990541	TimeIntervals	Lick
677.152	0.2335000000000491	TimeIntervals	Lick
677.8520000000001	0.09999999999990905	TimeIntervals	Lick
678.119	0.0665000000000191	TimeIntervals	Lick
678.3855000000001	0.09999999999990905	TimeIntervals	Lick
678.6522500000001	0.2667500000000018	TimeIntervals	Lick
679.0855	0.06700000000012096	TimeIntervals	Lick
679.3525000000001	0.09999999999990905	TimeIntervals	Lick
680.486	0.10000000000013642	TimeIntervals	Lick
681.7527500000001	0.09999999999990905	TimeIntervals	Lick
683.4530000000001	0.06674999999995634	TimeIntervals	Lick
683.5865000000001	0.06649999999990541	TimeIntervals	Lick
683.8865000000001	0.0665000000000191	TimeIntervals	Lick
684.2530000000002	0.09999999999990905	TimeIntervals	Lick
684.4865000000001	0.10000000000002274	TimeIntervals	Lick
684.6532500000001	0.16674999999997908	TimeIntervals	Lick
684.8532500000001	0.09999999999990905	TimeIntervals	Lick
684.9865000000001	0.10000000000002274	TimeIntervals	Lick
685.12	0.20000000000004547	TimeIntervals	Lick
685.3532500000001	0.26674999999988813	TimeIntervals	Lick
686.1535	0.10000000000013642	TimeIntervals	Lick
686.5867500000002	0.09999999999990905	TimeIntervals	Lick
686.7535000000001	0.1999999999998181	TimeIntervals	Lick
689.254	0.10000000000013642	TimeIntervals	Lick
689.9539999999998	0.03325000000029377	TimeIntervals	Lick
690.654	0.10000000000002274	TimeIntervals	Lick
691.25425	0.10000000000025011	TimeIntervals	Lick
691.3875000000002	0.09999999999990905	TimeIntervals	Lick
691.5210000000001	0.1999999999999318	TimeIntervals	Lick
691.75425	0.40000000000009095	TimeIntervals	Lick
692.1875	0.2002500000000964	TimeIntervals	Lick
692.421	0.10000000000002274	TimeIntervals	Lick
692.5545000000001	0.3332500000000209	TimeIntervals	Lick
692.921	0.20000000000004547	TimeIntervals	Lick
693.1545000000001	0.33350000000007185	TimeIntervals	Lick
693.5212499999999	0.20000000000015916	TimeIntervals	Lick
693.6880000000001	0.09999999999990905	TimeIntervals	Reward
693.7545	4.067500000000109	TimeIntervals	Lick
697.8552500000001	0.09999999999990905	TimeIntervals	Lick
697.9885	0.1334999999999127	TimeIntervals	Lick
698.1552500000001	0.2332499999998845	TimeIntervals	Lick
698.4219999999999	0.3000000000001819	TimeIntervals	Lick
698.7552500000002	0.09999999999990905	TimeIntervals	Lick
698.9219999999999	0.10000000000013642	TimeIntervals	Lick
699.0554999999999	0.13325000000008913	TimeIntervals	Lick
699.58875	0.10000000000002274	TimeIntervals	Lick
699.7555000000002	0.06649999999990541	TimeIntervals	Lick
700.189	0.10000000000025011	TimeIntervals	Lick
700.4555	0.06674999999995634	TimeIntervals	Lick
700.5554999999999	0.06675000000007003	TimeIntervals	Lick
700.7890000000002	0.06649999999979173	TimeIntervals	Lick
700.9555	0.20024999999998272	TimeIntervals	Lick
701.189	0.10000000000025011	TimeIntervals	Lick
701.8557500000002	0.06674999999984266	TimeIntervals	Lick
702.189	0.10025000000007367	TimeIntervals	Lick
702.3560000000001	0.2332499999998845	TimeIntervals	Lick
703.08925	0.10000000000002274	TimeIntervals	Lick
703.3895000000002	0.09999999999979536	TimeIntervals	Lick
703.556	0.10000000000002274	TimeIntervals	Lick
704.8562500000002	0.1667499999997517	TimeIntervals	Lick
705.8897500000002	0.06674999999984266	TimeIntervals	Lick
706.0897500000001	0.06675000000007003	TimeIntervals	Lick
706.2230000000001	0.06674999999995634	TimeIntervals	Lick
706.5229999999999	0.10025000000007367	TimeIntervals	Lick
706.92325	0.06674999999995634	TimeIntervals	Lick
708.2900000000001	0.10000000000002274	TimeIntervals	Lick
708.6567500000001	0.06675000000007003	TimeIntervals	Lick
709.5235	0.10000000000002274	TimeIntervals	Lick
709.957	0.10000000000002274	TimeIntervals	Lick
710.0905	0.06650000000013279	TimeIntervals	Lick
710.2570000000001	0.09999999999990905	TimeIntervals	Lick
710.6905000000002	0.09999999999990905	TimeIntervals	Lick
711.6572500000001	0.10000000000002274	TimeIntervals	Lick
712.4575000000001	0.09999999999990905	TimeIntervals	Lick
712.5907500000001	0.06674999999995634	TimeIntervals	Lick
712.7907500000001	0.10000000000002274	TimeIntervals	Lick
713.3242500000001	0.09999999999990905	TimeIntervals	Lick
713.4575000000001	0.06674999999984266	TimeIntervals	Lick
713.5575	0.3000000000000682	TimeIntervals	Lick
713.8910000000001	0.3000000000000682	TimeIntervals	Lick
714.2242500000002	0.20024999999975535	TimeIntervals	Lick
714.4577499999999	0.10000000000013642	TimeIntervals	Lick
714.591	0.3000000000000682	TimeIntervals	Lick
714.9245	0.10000000000002274	TimeIntervals	Lick
715.05775	0.20000000000004547	TimeIntervals	Lick
715.2910000000002	0.3334999999998445	TimeIntervals	Lick
715.6580000000001	0.10000000000002274	TimeIntervals	Lick
715.7580000000002	0.0665000000000191	TimeIntervals	Reward
715.7912500000002	2.466999999999871	TimeIntervals	Lick
718.2915000000002	0.09999999999990905	TimeIntervals	Lick
718.4250000000001	0.26674999999988813	TimeIntervals	Lick
718.725	0.10000000000013642	TimeIntervals	Lick
718.8585000000002	0.09999999999990905	TimeIntervals	Lick
719.025	0.06675000000007003	TimeIntervals	Lick
719.1585000000001	0.06649999999990541	TimeIntervals	Lick
719.3917500000001	0.06674999999995634	TimeIntervals	Lick
720.0252499999999	0.10000000000013642	TimeIntervals	Lick
720.192	0.33324999999990723	TimeIntervals	Lick
721.0254999999999	0.26650000000029195	TimeIntervals	Lick
721.99225	0.10000000000002274	TimeIntervals	Lick
722.5590000000001	0.0665000000000191	TimeIntervals	Lick
722.6590000000001	0.33324999999990723	TimeIntervals	Lick
723.0254999999999	0.10025000000030104	TimeIntervals	Lick
723.8257500000001	0.06674999999995634	TimeIntervals	Lick
724.1925000000001	0.09999999999990905	TimeIntervals	Lick
724.3925	0.03350000000000364	TimeIntervals	Lick
724.7592500000001	0.06674999999995634	TimeIntervals	Lick
725.6927500000002	0.09999999999990905	TimeIntervals	Lick
726.0595	0.06650000000024647	TimeIntervals	Lick
727.8597500000001	0.06674999999995634	TimeIntervals	Lick
727.95975	0.10000000000002274	TimeIntervals	Lick
728.1265	0.10000000000013642	TimeIntervals	Lick
728.3265000000001	0.06649999999990541	TimeIntervals	Lick
728.4265	0.10000000000002274	TimeIntervals	Lick
728.56	0.43325000000004366	TimeIntervals	Lick
729.0265	0.20000000000004547	TimeIntervals	Lick
729.26	0.20000000000004547	TimeIntervals	Lick
729.49325	0.30025000000011914	TimeIntervals	Lick
729.8267500000001	0.10000000000002274	TimeIntervals	Lick
729.96	0.09999999999990905	TimeIntervals	Lick
730.0935000000001	0.20000000000004547	TimeIntervals	Lick
730.3267500000001	0.10000000000002274	TimeIntervals	Lick
730.46	0.09999999999990905	TimeIntervals	Lick
730.5935000000001	0.20000000000004547	TimeIntervals	Lick
730.7935000000001	0.10000000000002274	TimeIntervals	Reward
730.8270000000001	3.9004999999999654	TimeIntervals	Lick
734.7607499999999	0.5667500000001837	TimeIntervals	Lick
735.3610000000001	1.0667499999998427	TimeIntervals	Lick
736.461	2.6670000000001437	TimeIntervals	Lick
739.1615000000002	0.09999999999990905	TimeIntervals	Lick
739.29475	0.13324999999997544	TimeIntervals	Lick
739.4615	0.2667500000001155	TimeIntervals	Lick
739.7615000000001	0.1999999999999318	TimeIntervals	Lick
740.02825	0.23325000000011187	TimeIntervals	Lick
740.2950000000001	0.1999999999999318	TimeIntervals	Lick
740.52825	0.10000000000002274	TimeIntervals	Lick
740.695	0.10000000000002274	TimeIntervals	Lick
740.8285	0.3665000000000873	TimeIntervals	Lick
741.2285000000002	0.09999999999979536	TimeIntervals	Lick
741.3617500000001	0.2332499999998845	TimeIntervals	Lick
741.6285000000001	0.36674999999991087	TimeIntervals	Lick
742.0284999999999	0.10000000000025011	TimeIntervals	Lick
742.1952500000001	0.10000000000002274	TimeIntervals	Lick
742.3285	0.10000000000002274	TimeIntervals	Lick
742.462	0.10000000000002274	TimeIntervals	Lick
742.5952500000001	0.10000000000002274	TimeIntervals	Lick
742.8285	0.06700000000012096	TimeIntervals	Lick
742.92875	0.09999999999990905	TimeIntervals	Lick
743.062	0.10000000000013642	TimeIntervals	Lick
743.1955000000002	0.1999999999999318	TimeIntervals	Lick
743.462	0.10000000000002274	TimeIntervals	Lick
743.5955	0.20000000000004547	TimeIntervals	Lick
743.82875	0.10000000000002274	TimeIntervals	Lick
743.962	0.10025000000007367	TimeIntervals	Lick
744.0955	0.10000000000013642	TimeIntervals	Lick
744.2290000000002	0.2332499999998845	TimeIntervals	Lick
744.4955	0.10000000000002274	TimeIntervals	Lick
744.629	0.3332500000000209	TimeIntervals	Lick
744.8622500000001	0.06674999999995634	TimeIntervals	Reward
744.9955	1.16700000000003	TimeIntervals	Lick
746.1959999999999	0.10000000000025011	TimeIntervals	Lick
746.3292500000001	0.33324999999990723	TimeIntervals	Lick
746.6959999999999	0.10000000000025011	TimeIntervals	Lick
746.8292500000001	0.09999999999979536	TimeIntervals	Lick
746.9625	0.10000000000002274	TimeIntervals	Lick
747.096	0.09999999999990905	TimeIntervals	Lick
747.2292500000001	0.13350000000002638	TimeIntervals	Lick
747.3960000000001	0.13350000000002638	TimeIntervals	Lick
747.5627499999999	0.3332500000001346	TimeIntervals	Lick
748.0295000000001	0.06649999999990541	TimeIntervals	Lick
748.1627500000001	0.36675000000002456	TimeIntervals	Lick
748.6295	0.2335000000001628	TimeIntervals	Lick
749.0295000000001	0.5002499999998236	TimeIntervals	Lick
749.5630000000001	0.09999999999990905	TimeIntervals	Lick
749.8965000000001	0.10000000000002274	TimeIntervals	Lick
750.0630000000001	0.26674999999988813	TimeIntervals	Lick
750.42975	0.06675000000007003	TimeIntervals	Lick
751.1300000000001	0.09999999999979536	TimeIntervals	Lick
751.3632500000002	0.06674999999972897	TimeIntervals	Lick
751.4965000000001	0.06674999999984266	TimeIntervals	Lick
751.6635000000001	0.36649999999985994	TimeIntervals	Lick
752.09675	0.10000000000002274	TimeIntervals	Lick
752.2299999999999	0.06675000000007003	TimeIntervals	Lick
752.4635	0.10000000000002274	TimeIntervals	Lick
752.6300000000001	0.06674999999995634	TimeIntervals	Lick
752.8302500000001	0.13324999999986176	TimeIntervals	Lick
753.0635	0.13350000000002638	TimeIntervals	Lick
753.7635	0.06675000000007003	TimeIntervals	Lick
754.1305000000001	0.06649999999990541	TimeIntervals	Lick
754.3305	0.09999999999990905	TimeIntervals	Lick
754.46375	0.09999999999990905	TimeIntervals	Lick
754.5970000000001	0.09999999999990905	TimeIntervals	Lick
754.7637500000001	0.10000000000002274	TimeIntervals	Lick
754.964	0.09999999999979536	TimeIntervals	Lick
755.1640000000002	0.2664999999997235	TimeIntervals	Lick
756.464	0.06674999999984266	TimeIntervals	Lick
757.56425	0.06674999999995634	TimeIntervals	Lick
757.66425	0.10000000000002274	TimeIntervals	Lick
758.2310000000001	0.09999999999990905	TimeIntervals	Lick
759.53125	0.10000000000002274	TimeIntervals	Lick
759.898	0.033249999999952706	TimeIntervals	Lick
760.898	0.10000000000002274	TimeIntervals	Lick
762.065	0.06649999999990541	TimeIntervals	Lick
762.7650000000001	0.06674999999984266	TimeIntervals	Lick
763.0317500000001	0.06674999999984266	TimeIntervals	Lick
764.16525	0.10000000000002274	TimeIntervals	Lick
764.2985000000001	0.06675000000007003	TimeIntervals	Lick
765.7655000000001	0.10000000000002274	TimeIntervals	Lick
766.6990000000001	0.0665000000000191	TimeIntervals	Lick
767.4657500000001	0.033249999999952706	TimeIntervals	Lick
767.8325000000001	0.16649999999992815	TimeIntervals	Lick
768.8660000000002	0.09999999999979536	TimeIntervals	Lick
768.9992500000001	0.09999999999990905	TimeIntervals	Lick
769.53275	0.13325000000020282	TimeIntervals	Lick
769.6995000000002	0.33324999999979354	TimeIntervals	Lick
770.0660000000001	0.06674999999995634	TimeIntervals	Lick
770.1660000000002	0.20024999999998272	TimeIntervals	Lick
770.3995000000001	0.20000000000004547	TimeIntervals	Lick
770.6330000000002	0.1999999999999318	TimeIntervals	Lick
770.8662500000002	0.09999999999979536	TimeIntervals	Lick
770.9995	0.06674999999995634	TimeIntervals	Lick
771.0995000000001	0.1999999999999318	TimeIntervals	Lick
771.3330000000001	0.09999999999990905	TimeIntervals	Lick
771.4665	0.10000000000002274	TimeIntervals	Lick
771.59975	0.06675000000018372	TimeIntervals	Lick
771.69975	0.10000000000013642	TimeIntervals	Lick
771.8330000000001	0.09999999999990905	TimeIntervals	Lick
771.89975	0.10000000000002274	TimeIntervals	Reward
771.9665	3.8670000000000755	TimeIntervals	Lick
775.8670000000001	0.10000000000002274	TimeIntervals	Lick
776.0005000000001	0.09999999999990905	TimeIntervals	Lick
776.13375	0.10000000000002274	TimeIntervals	Lick
776.2669999999999	0.13350000000014006	TimeIntervals	Lick
776.43375	0.10000000000002274	TimeIntervals	Lick
776.567	0.4002499999999145	TimeIntervals	Lick
777.0005000000001	0.1334999999999127	TimeIntervals	Lick
777.1672500000001	0.06674999999995634	TimeIntervals	Lick
777.3005000000002	0.29999999999984084	TimeIntervals	Lick
777.8672500000001	0.13324999999997544	TimeIntervals	Lick
778.4675	0.13325000000008913	TimeIntervals	Lick
779.1675	0.10000000000002274	TimeIntervals	Lick
779.8675000000002	0.06674999999984266	TimeIntervals	Lick
780.101	0.13350000000002638	TimeIntervals	Lick
780.501	0.06675000000018372	TimeIntervals	Lick
780.6677500000001	0.13325000000008913	TimeIntervals	Lick
780.9345	0.0665000000000191	TimeIntervals	Lick
781.0345	0.13325000000008913	TimeIntervals	Lick
781.201	0.06675000000007003	TimeIntervals	Lick
781.468	0.13325000000008913	TimeIntervals	Lick
781.9345	0.10000000000002274	TimeIntervals	Lick
782.2012500000001	0.06674999999995634	TimeIntervals	Lick
782.3345	0.09999999999990905	TimeIntervals	Lick
783.368	0.09999999999990905	TimeIntervals	Lick
783.7682500000001	0.10000000000002274	TimeIntervals	Lick
783.9682499999999	0.06674999999995634	TimeIntervals	Lick
784.3015000000001	0.06674999999995634	TimeIntervals	Lick
784.435	0.13325000000020282	TimeIntervals	Lick
785.50175	0.09999999999990905	TimeIntervals	Lick
786.502	0.13324999999997544	TimeIntervals	Lick
787.302	0.10000000000002274	TimeIntervals	Lick
788.0354999999998	0.10000000000013642	TimeIntervals	Lick
790.9692500000001	0.06674999999984266	TimeIntervals	Lick
791.90275	0.06675000000007003	TimeIntervals	Lick
792.036	0.10000000000002274	TimeIntervals	Lick
792.5030000000002	0.2332499999998845	TimeIntervals	Lick
792.7695000000001	0.2999999999999545	TimeIntervals	Lick
793.1030000000001	0.20000000000004547	TimeIntervals	Lick
793.3362500000001	0.06674999999995634	TimeIntervals	Lick
793.4364999999999	0.20000000000015916	TimeIntervals	Lick
793.66975	0.20000000000015916	TimeIntervals	Lick
793.903	0.33350000000007185	TimeIntervals	Lick
794.26975	0.06675000000007003	TimeIntervals	Lick
794.3697500000002	0.09999999999990905	TimeIntervals	Lick
794.5030000000002	0.20024999999998272	TimeIntervals	Lick
794.7365000000001	0.10000000000002274	TimeIntervals	Lick
794.8700000000001	2.9002499999999145	TimeIntervals	Lick
795.00325	0.03325000000006639	TimeIntervals	Reward
797.8035000000002	0.10024999999973261	TimeIntervals	Lick
797.937	0.2667500000000018	TimeIntervals	Lick
798.237	0.10000000000013642	TimeIntervals	Lick
798.3705000000001	0.09999999999990905	TimeIntervals	Lick
798.5369999999999	0.06675000000018372	TimeIntervals	Lick
798.6370000000001	0.06674999999995634	TimeIntervals	Lick
798.7705000000001	0.0665000000000191	TimeIntervals	Lick
798.937	0.06700000000000728	TimeIntervals	Lick
799.704	0.13325000000008913	TimeIntervals	Lick
800.1040000000002	0.09999999999979536	TimeIntervals	Lick
800.3375000000001	0.06649999999990541	TimeIntervals	Lick
800.97075	0.10000000000013642	TimeIntervals	Lick
801.50425	0.10000000000002274	TimeIntervals	Lick
802.4045000000001	0.09999999999990905	TimeIntervals	Lick
804.07125	0.10000000000002274	TimeIntervals	Lick
804.8380000000001	0.09999999999990905	TimeIntervals	Lick
806.0382500000001	0.06674999999984266	TimeIntervals	Lick
806.8385	0.06650000000013279	TimeIntervals	Lick
807.0050000000001	0.06674999999995634	TimeIntervals	Reward
807.205	2.0670000000000073	TimeIntervals	Lick
809.3055	0.46649999999999636	TimeIntervals	Lick
809.8055	0.09999999999990905	TimeIntervals	Lick
809.9389999999999	0.366500000000201	TimeIntervals	Lick
810.339	0.3664999999999736	TimeIntervals	Lick
810.739	0.10000000000002274	TimeIntervals	Lick
810.9055	0.10000000000013642	TimeIntervals	Lick
811.039	0.10000000000013642	TimeIntervals	Lick
811.9724999999999	0.20000000000015916	TimeIntervals	Lick
813.0392499999999	0.13325000000008913	TimeIntervals	Lick
814.3395	0.09999999999990905	TimeIntervals	Lick
814.50625	0.03325000000006639	TimeIntervals	Lick
815.3062500000001	0.10000000000002274	TimeIntervals	Lick
815.4729999999998	0.10000000000013642	TimeIntervals	Lick
816.4065000000002	0.09999999999979536	TimeIntervals	Lick
816.54	0.06650000000013279	TimeIntervals	Lick
816.6400000000001	0.09999999999990905	TimeIntervals	Lick
816.7732500000002	0.09999999999990905	TimeIntervals	Lick
816.9065000000002	0.29999999999984084	TimeIntervals	Lick
817.24	0.4335000000000946	TimeIntervals	Lick
817.7067499999999	0.20000000000015916	TimeIntervals	Lick
817.94	0.09999999999990905	TimeIntervals	Lick
818.0735	0.06650000000013279	TimeIntervals	Lick
818.1735000000001	0.20000000000004547	TimeIntervals	Lick
818.4067500000001	0.33324999999990723	TimeIntervals	Lick
818.7735000000001	0.06674999999984266	TimeIntervals	Lick
818.8735000000001	0.09999999999979536	TimeIntervals	Lick
819.0070000000001	4.5672499999999445	TimeIntervals	Lick
819.0070000000001	0.09999999999990905	TimeIntervals	Reward
823.6075	0.10000000000002274	TimeIntervals	Lick
823.741	0.2665000000000646	TimeIntervals	Lick
824.041	0.09999999999990905	TimeIntervals	Lick
824.17425	0.06674999999995634	TimeIntervals	Lick
824.3077500000002	0.06674999999995634	TimeIntervals	Lick
824.541	0.1999999999999318	TimeIntervals	Lick
825.0077500000001	0.06674999999995634	TimeIntervals	Lick
825.341	0.26700000000005275	TimeIntervals	Lick
826.14125	0.10000000000002274	TimeIntervals	Lick
826.2745000000001	0.10000000000002274	TimeIntervals	Lick
826.6415	0.10000000000013642	TimeIntervals	Lick
827.5080000000002	0.10024999999973261	TimeIntervals	Lick
827.6415	0.2335000000001628	TimeIntervals	Lick
828.4082500000001	0.10000000000002274	TimeIntervals	Lick
828.9085	0.06649999999990541	TimeIntervals	Lick
829.5084999999999	0.10000000000002274	TimeIntervals	Lick
830.6084999999999	0.10000000000002274	TimeIntervals	Lick
831.2420000000001	0.06675000000007003	TimeIntervals	Lick
832.109	0.10000000000013642	TimeIntervals	Lick
833.2090000000002	0.06674999999984266	TimeIntervals	Lick
834.109	0.10025000000007367	TimeIntervals	Lick
836.0095	0.09999999999990905	TimeIntervals	Lick
836.843	0.10000000000002274	TimeIntervals	Lick
837.0095	0.06675000000007003	TimeIntervals	Lick
837.6765000000001	0.09999999999990905	TimeIntervals	Lick
837.8097500000001	0.06675000000007003	TimeIntervals	Lick
837.90975	0.10000000000002274	TimeIntervals	Lick
838.043	0.2999999999999545	TimeIntervals	Lick
838.3765000000002	0.1999999999999318	TimeIntervals	Lick
838.61	0.20000000000004547	TimeIntervals	Lick
838.84325	0.20000000000004547	TimeIntervals	Lick
839.0765000000001	0.4334999999998672	TimeIntervals	Lick
839.5432500000001	0.10024999999995998	TimeIntervals	Lick
839.6767500000002	0.33324999999979354	TimeIntervals	Lick
840.0435	0.10000000000002274	TimeIntervals	Lick
840.11	0.10000000000013642	TimeIntervals	Reward
840.1767500000002	4.500749999999812	TimeIntervals	Lick
844.7107500000002	0.09999999999990905	TimeIntervals	Lick
844.8440000000002	0.133499999999799	TimeIntervals	Lick
845.0107499999999	0.06675000000018372	TimeIntervals	Lick
845.1442499999999	0.06675000000018372	TimeIntervals	Lick
845.2442500000001	0.13324999999997544	TimeIntervals	Lick
845.411	0.13325000000008913	TimeIntervals	Lick
845.611	0.16650000000015552	TimeIntervals	Lick
845.8775	0.06674999999995634	TimeIntervals	Lick
846.1442499999999	0.2002500000002101	TimeIntervals	Lick
846.7445	0.10000000000013642	TimeIntervals	Lick
848.0780000000001	0.06649999999990541	TimeIntervals	Lick
848.3445000000002	0.06699999999989359	TimeIntervals	Lick
848.5780000000001	0.09999999999990905	TimeIntervals	Lick
849.0115	0.10000000000013642	TimeIntervals	Lick
849.5782500000001	0.09999999999979536	TimeIntervals	Lick
850.7785000000001	0.0665000000000191	TimeIntervals	Lick
850.8785000000001	0.09999999999990905	TimeIntervals	Lick
851.0785	0.0665000000000191	TimeIntervals	Lick
851.8452500000003	0.09999999999956799	TimeIntervals	Lick
851.9785	0.06674999999995634	TimeIntervals	Lick
852.7785000000001	0.20024999999998272	TimeIntervals	Lick
853.0455000000001	0.06649999999990541	TimeIntervals	Lick
853.17875	0.09999999999990905	TimeIntervals	Reward
853.27875	3.9337500000001455	TimeIntervals	Lick
857.2460000000001	0.10000000000002274	TimeIntervals	Lick
857.3795000000001	0.6332499999997481	TimeIntervals	Lick
858.0459999999999	0.10000000000002274	TimeIntervals	Lick
858.1795000000001	0.10000000000002274	TimeIntervals	Lick
858.34625	0.09999999999990905	TimeIntervals	Lick
858.4795	0.13350000000014006	TimeIntervals	Lick
858.6462500000001	0.10000000000002274	TimeIntervals	Lick
858.7795000000001	0.133499999999799	TimeIntervals	Lick
858.9795	0.09999999999990905	TimeIntervals	Lick
859.1462500000001	0.10000000000002274	TimeIntervals	Lick
859.3795000000001	0.2335000000000491	TimeIntervals	Lick
859.7465000000001	0.10000000000002274	TimeIntervals	Lick
859.9464999999999	0.06650000000013279	TimeIntervals	Lick
860.07975	0.06675000000018372	TimeIntervals	Lick
861.01325	0.06675000000007003	TimeIntervals	Lick
861.1465000000002	0.1999999999999318	TimeIntervals	Lick
861.8800000000001	0.09999999999979536	TimeIntervals	Lick
862.1800000000002	0.09999999999990905	TimeIntervals	Lick
862.58	0.10000000000013642	TimeIntervals	Lick
863.18025	0.06675000000018372	TimeIntervals	Lick
863.48025	0.10000000000013642	TimeIntervals	Lick
863.6135	0.09999999999990905	TimeIntervals	Lick
863.7802500000001	0.06674999999995634	TimeIntervals	Lick
863.9137499999999	0.10000000000013642	TimeIntervals	Lick
864.0469999999999	0.20000000000027285	TimeIntervals	Lick
864.2805	0.20000000000004547	TimeIntervals	Lick
864.5137500000001	0.1999999999999318	TimeIntervals	Lick
864.7470000000002	0.20024999999986903	TimeIntervals	Lick
864.9805	0.20000000000004547	TimeIntervals	Lick
865.214	0.33324999999990723	TimeIntervals	Lick
865.5805	0.10000000000002274	TimeIntervals	Lick
865.714	0.1999999999999318	TimeIntervals	Lick
865.94725	0.1002499999998463	TimeIntervals	Lick
866.0807500000001	0.10000000000002274	TimeIntervals	Lick
866.1807500000001	0.06674999999995634	TimeIntervals	Reward
866.214	1.266999999999939	TimeIntervals	Lick
867.51425	0.3332500000000209	TimeIntervals	Lick
867.8810000000002	0.36675000000002456	TimeIntervals	Lick
868.2810000000001	0.10000000000013642	TimeIntervals	Lick
868.4145000000001	0.9667500000000473	TimeIntervals	Lick
869.4145000000001	0.1334999999999127	TimeIntervals	Lick
869.7145	0.06675000000007003	TimeIntervals	Lick
869.8480000000001	0.0665000000000191	TimeIntervals	Lick
869.9812499999999	0.10000000000013642	TimeIntervals	Lick
870.1480000000001	0.06649999999990541	TimeIntervals	Lick
870.4145000000001	0.1334999999999127	TimeIntervals	Lick
870.8480000000001	0.06674999999995634	TimeIntervals	Lick
871.5815	0.10000000000002274	TimeIntervals	Lick
873.115	0.10000000000013642	TimeIntervals	Lick
874.3485000000002	0.09999999999979536	TimeIntervals	Lick
874.482	0.0665000000000191	TimeIntervals	Lick
875.7155	0.10000000000013642	TimeIntervals	Lick
876.4155	0.10000000000013642	TimeIntervals	Lick
876.8822500000001	0.06674999999984266	TimeIntervals	Lick
877.6825000000001	0.13324999999986176	TimeIntervals	Lick
877.849	0.06675000000007003	TimeIntervals	Lick
878.6825000000001	0.06674999999995634	TimeIntervals	Lick
879.716	0.10000000000013642	TimeIntervals	Lick
882.4830000000001	0.10024999999995998	TimeIntervals	Lick
883.18325	0.10000000000002274	TimeIntervals	Lick
883.75	0.10000000000002274	TimeIntervals	Lick
883.8835000000001	0.09999999999979536	TimeIntervals	Lick
884.0167499999999	0.10000000000002274	TimeIntervals	Lick
884.1835000000001	0.06649999999990541	TimeIntervals	Lick
884.917	0.09999999999990905	TimeIntervals	Lick
885.05025	0.10000000000013642	TimeIntervals	Lick
885.7835000000001	0.10025000000007367	TimeIntervals	Lick
887.0172499999999	0.0667500000002974	TimeIntervals	Lick
887.9505	0.06699999999989359	TimeIntervals	Lick
888.0507500000002	0.09999999999979536	TimeIntervals	Lick
888.1840000000001	0.06675000000007003	TimeIntervals	Lick
890.451	0.1999999999999318	TimeIntervals	Lick
890.951	0.06674999999995634	TimeIntervals	Lick
892.918	0.06675000000007003	TimeIntervals	Lick
893.018	1.0002499999999372	TimeIntervals	Lick
894.0515	0.1999999999999318	TimeIntervals	Lick
894.285	0.20000000000004547	TimeIntervals	Lick
894.51825	0.10025000000007367	TimeIntervals	Lick
894.65175	0.3332500000000209	TimeIntervals	Lick
895.0184999999999	0.10000000000013642	TimeIntervals	Lick
895.15175	0.10000000000013642	TimeIntervals	Lick
895.2185000000001	0.06649999999990541	TimeIntervals	Reward
895.285	0.7670000000000528	TimeIntervals	Lick
896.0852500000001	0.9334999999999809	TimeIntervals	Lick
897.052	0.6000000000000227	TimeIntervals	Lick
897.6855	0.10000000000002274	TimeIntervals	Lick
897.8187500000001	0.10024999999995998	TimeIntervals	Lick
897.9522500000002	0.09999999999979536	TimeIntervals	Lick
898.0855000000001	0.09999999999990905	TimeIntervals	Lick
898.2190000000002	0.09999999999990905	TimeIntervals	Lick
898.35225	0.2667500000000018	TimeIntervals	Lick
898.6522500000001	0.09999999999990905	TimeIntervals	Lick
898.7855000000001	0.13350000000002638	TimeIntervals	Lick
898.9522500000002	0.06674999999984266	TimeIntervals	Lick
899.0857500000002	0.09999999999990905	TimeIntervals	Lick
899.2190000000002	0.06674999999995634	TimeIntervals	Lick
899.4190000000001	0.1334999999999127	TimeIntervals	Lick
899.619	0.13350000000002638	TimeIntervals	Lick
900.2525	0.10000000000002274	TimeIntervals	Lick
901.1192500000001	0.10025000000007367	TimeIntervals	Lick
901.4195	0.03325000000006639	TimeIntervals	Lick
901.95275	0.06674999999995634	TimeIntervals	Lick
902.0860000000001	0.10000000000002274	TimeIntervals	Lick
902.78625	0.06675000000007003	TimeIntervals	Lick
904.2197500000001	0.06674999999995634	TimeIntervals	Lick
904.3197500000001	0.09999999999990905	TimeIntervals	Lick
904.4530000000001	0.1002499999998463	TimeIntervals	Lick
904.5865000000001	0.06674999999995634	TimeIntervals	Lick
904.6865	0.10000000000002274	TimeIntervals	Lick
904.82	0.09999999999990905	TimeIntervals	Lick
904.9532500000001	0.29999999999984084	TimeIntervals	Lick
905.2865	0.5335000000000036	TimeIntervals	Lick
905.8535000000002	0.29999999999984084	TimeIntervals	Lick
906.1867500000001	3.20049999999992	TimeIntervals	Lick
906.2535000000001	0.10000000000002274	TimeIntervals	Reward
909.4205000000001	1.60024999999996	TimeIntervals	Lick
911.0875000000002	0.13350000000002638	TimeIntervals	Lick
911.25425	0.10000000000025011	TimeIntervals	Lick
911.4209999999999	0.06650000000013279	TimeIntervals	Lick
911.6210000000001	0.16649999999992815	TimeIntervals	Lick
911.8875000000002	0.033499999999776264	TimeIntervals	Lick
912.0875000000002	0.26699999999993906	TimeIntervals	Lick
912.4209999999999	0.09999999999990905	TimeIntervals	Lick
912.6877499999999	0.06675000000007003	TimeIntervals	Lick
912.8210000000001	0.1667499999998654	TimeIntervals	Lick
913.4545000000002	0.1667499999998654	TimeIntervals	Lick
914.0545000000001	0.10000000000002274	TimeIntervals	Lick
914.55475	0.13325000000008913	TimeIntervals	Lick
914.7215000000001	0.09999999999990905	TimeIntervals	Lick
914.8547500000002	0.13324999999997544	TimeIntervals	Lick
915.1880000000001	0.06674999999995634	TimeIntervals	Lick
915.288	0.10000000000013642	TimeIntervals	Lick
915.45475	0.10024999999995998	TimeIntervals	Lick
915.6215000000001	0.06674999999984266	TimeIntervals	Lick
915.855	0.10000000000002274	TimeIntervals	Lick
916.355	0.23349999999993543	TimeIntervals	Lick
917.1550000000001	0.06675000000007003	TimeIntervals	Lick
917.3885	0.33350000000018554	TimeIntervals	Lick
918.4885	0.09999999999990905	TimeIntervals	Lick
919.1555	0.10000000000025011	TimeIntervals	Lick
919.7555000000002	0.1334999999999127	TimeIntervals	Lick
920.1222500000001	0.13325000000008913	TimeIntervals	Lick
921.2225000000002	0.10000000000002274	TimeIntervals	Lick
921.5225	0.0665000000000191	TimeIntervals	Lick
922.1560000000001	0.10000000000013642	TimeIntervals	Lick
922.3225000000002	0.06674999999995634	TimeIntervals	Reward
922.3225000000002	0.06674999999995634	TimeIntervals	Lick
922.456	2.2670000000000528	TimeIntervals	Lick
924.7562500000001	0.10000000000002274	TimeIntervals	Lick
924.8895000000002	0.5334999999997763	TimeIntervals	Lick
925.4565	0.10000000000002274	TimeIntervals	Lick
925.5897500000001	0.09999999999990905	TimeIntervals	Lick
925.7230000000001	0.26674999999988813	TimeIntervals	Lick
926.0565	0.03325000000006639	TimeIntervals	Lick
926.3230000000001	0.46699999999998454	TimeIntervals	Lick
926.9232499999999	0.10000000000002274	TimeIntervals	Lick
927.19	0.03325000000006639	TimeIntervals	Lick
927.4565	0.06674999999995634	TimeIntervals	Lick
927.7235000000002	0.09999999999979536	TimeIntervals	Lick
927.9567499999999	0.10000000000013642	TimeIntervals	Lick
928.0900000000001	0.09999999999990905	TimeIntervals	Lick
928.2235000000002	0.09999999999979536	TimeIntervals	Lick
928.3567500000001	0.09999999999979536	TimeIntervals	Lick
928.49	0.13350000000014006	TimeIntervals	Lick
928.69	0.06700000000012096	TimeIntervals	Lick
928.79025	0.2667500000000018	TimeIntervals	Lick
929.2235000000002	0.09999999999979536	TimeIntervals	Lick
929.6902500000001	0.06675000000007003	TimeIntervals	Lick
930.057	0.10000000000013642	TimeIntervals	Lick
930.557	0.03350000000000364	TimeIntervals	Lick
930.6570000000002	0.03350000000000364	TimeIntervals	Lick
930.8905000000001	0.09999999999990905	TimeIntervals	Lick
931.45725	0.09999999999990905	TimeIntervals	Lick
931.624	0.10000000000002274	TimeIntervals	Lick
932.69075	0.10000000000013642	TimeIntervals	Lick
933.191	0.13324999999997544	TimeIntervals	Lick
934.191	0.10000000000013642	TimeIntervals	Lick
934.9577499999999	0.10000000000013642	TimeIntervals	Lick
935.091	0.06675000000007003	TimeIntervals	Lick
935.191	0.06675000000007003	TimeIntervals	Lick
935.2910000000002	0.633499999999799	TimeIntervals	Lick
935.958	0.3332500000002483	TimeIntervals	Lick
936.3245000000001	0.06700000000012096	TimeIntervals	Lick
936.4247500000001	0.3332500000000209	TimeIntervals	Lick
936.7915000000002	0.1999999999999318	TimeIntervals	Lick
937.02475	0.10000000000002274	TimeIntervals	Lick
937.1580000000001	0.2335000000000491	TimeIntervals	Lick
937.32475	0.10000000000013642	TimeIntervals	Reward
937.4247500000001	0.6334999999999127	TimeIntervals	Lick
938.0915	1.8669999999998481	TimeIntervals	Lick
939.9920000000001	0.10000000000002274	TimeIntervals	Lick
940.1252499999999	0.10000000000002274	TimeIntervals	Lick
940.2585000000001	0.10000000000002274	TimeIntervals	Lick
940.3920000000002	0.3664999999999736	TimeIntervals	Lick
940.7920000000001	0.10000000000002274	TimeIntervals	Lick
940.9255000000002	0.09999999999990905	TimeIntervals	Lick
941.05875	0.3999999999998636	TimeIntervals	Lick
941.4920000000001	0.40000000000009095	TimeIntervals	Lick
941.9255000000002	0.09999999999990905	TimeIntervals	Lick
942.0590000000001	0.10000000000002274	TimeIntervals	Lick
942.2255	0.10000000000002274	TimeIntervals	Lick
942.4255000000002	0.06674999999984266	TimeIntervals	Lick
942.6590000000001	0.06649999999990541	TimeIntervals	Lick
942.9255000000002	0.1002499999998463	TimeIntervals	Lick
943.259	0.06675000000007003	TimeIntervals	Lick
943.359	0.1334999999999127	TimeIntervals	Lick
943.759	0.06675000000007003	TimeIntervals	Lick
944.126	0.2665000000000646	TimeIntervals	Lick
944.726	0.10000000000002274	TimeIntervals	Lick
944.85925	0.10000000000002274	TimeIntervals	Lick
945.126	0.06650000000013279	TimeIntervals	Lick
945.3594999999999	0.06650000000013279	TimeIntervals	Lick
945.526	0.06675000000018372	TimeIntervals	Lick
945.626	0.13350000000014006	TimeIntervals	Lick
946.7262499999999	0.06675000000018372	TimeIntervals	Lick
946.8594999999999	0.06675000000007003	TimeIntervals	Lick
947.2595000000001	0.06674999999995634	TimeIntervals	Lick
948.0265	0.06649999999990541	TimeIntervals	Lick
949.6267499999999	0.10000000000013642	TimeIntervals	Lick
949.86	0.10000000000002274	TimeIntervals	Lick
950.0267499999999	0.06675000000018372	TimeIntervals	Lick
950.7270000000001	0.10000000000002274	TimeIntervals	Lick
951.5935000000001	0.09999999999990905	TimeIntervals	Lick
952.6937500000001	0.10000000000002274	TimeIntervals	Lick
952.994	0.0665000000000191	TimeIntervals	Lick
953.1605000000001	0.10000000000002274	TimeIntervals	Lick
954.8275000000001	0.09999999999990905	TimeIntervals	Lick
954.9607500000002	0.06674999999984266	TimeIntervals	Lick
955.3942499999999	0.10000000000013642	TimeIntervals	Lick
955.5610000000001	0.10000000000002274	TimeIntervals	Lick
956.62775	0.10000000000002274	TimeIntervals	Lick
957.36125	0.10000000000002274	TimeIntervals	Lick
957.628	0.2665000000000646	TimeIntervals	Lick
960.095	0.0665000000000191	TimeIntervals	Lick
960.5615	0.06700000000000728	TimeIntervals	Lick
961.26175	0.13325000000008913	TimeIntervals	Lick
962.0952500000001	0.23324999999999818	TimeIntervals	Lick
963.462	0.06674999999995634	TimeIntervals	Lick
963.5955000000001	0.10000000000002274	TimeIntervals	Lick
965.4290000000001	0.06674999999995634	TimeIntervals	Lick
966.9625000000002	0.09999999999979536	TimeIntervals	Lick
967.096	0.06649999999990541	TimeIntervals	Lick
967.1960000000001	0.10000000000002274	TimeIntervals	Lick
967.3295000000002	0.29999999999972715	TimeIntervals	Lick
967.6627500000001	0.20000000000015916	TimeIntervals	Lick
967.896	0.20000000000004547	TimeIntervals	Lick
968.1294999999999	0.10000000000025011	TimeIntervals	Lick
968.2627499999999	0.10025000000030104	TimeIntervals	Lick
968.3962500000001	0.06674999999995634	TimeIntervals	Lick
968.49625	0.1999999999999318	TimeIntervals	Lick
968.7295000000001	0.10000000000002274	TimeIntervals	Lick
968.8630000000002	0.09999999999990905	TimeIntervals	Lick
968.99625	0.10000000000025011	TimeIntervals	Lick
969.1294999999999	0.06675000000007003	TimeIntervals	Lick
969.2295000000001	0.10000000000002274	TimeIntervals	Lick
969.3630000000002	0.09999999999990905	TimeIntervals	Lick
969.42975	0.03325000000006639	TimeIntervals	Reward
969.4965	1.933499999999981	TimeIntervals	Lick
971.46325	0.533500000000231	TimeIntervals	Lick
972.0299999999999	0.2335000000001628	TimeIntervals	Lick
972.29675	0.13324999999997544	TimeIntervals	Lick
972.4635000000001	0.13324999999997544	TimeIntervals	Lick
972.6300000000001	0.10025000000007367	TimeIntervals	Lick
972.7635	0.10000000000002274	TimeIntervals	Lick
972.93025	0.06675000000018372	TimeIntervals	Lick
973.0635000000002	0.23349999999970805	TimeIntervals	Lick
973.6970000000001	0.26674999999988813	TimeIntervals	Lick
974.5305	0.06650000000024647	TimeIntervals	Lick
974.7969999999999	0.13350000000014006	TimeIntervals	Lick
975.464	0.09999999999979536	TimeIntervals	Lick
976.8307500000001	0.09999999999990905	TimeIntervals	Lick
977.0639999999999	0.10025000000007367	TimeIntervals	Lick
977.1975	0.09999999999990905	TimeIntervals	Lick
978.0309999999998	0.23350000000039017	TimeIntervals	Lick
978.3310000000001	0.06674999999984266	TimeIntervals	Lick
979.4644999999999	0.09999999999990905	TimeIntervals	Lick
980.5647499999999	0.06675000000018372	TimeIntervals	Lick
981.0647499999999	0.20000000000027285	TimeIntervals	Lick
981.298	0.633499999999799	TimeIntervals	Lick
981.965	0.43325000000015734	TimeIntervals	Lick
982.4314999999998	0.10000000000013642	TimeIntervals	Lick
982.5649999999999	0.20000000000015916	TimeIntervals	Lick
982.7985000000001	0.06650000000013279	TimeIntervals	Lick
982.8985	0.10000000000002274	TimeIntervals	Lick
983.0317500000001	0.1999999999999318	TimeIntervals	Lick
983.2650000000001	0.10000000000013642	TimeIntervals	Lick
983.3985	0.10000000000002274	TimeIntervals	Lick
983.465	0.03350000000000364	TimeIntervals	Reward
983.5317500000001	2.1002500000000737	TimeIntervals	Lick
985.6655	0.3999999999998636	TimeIntervals	Lick
986.099	0.23324999999999818	TimeIntervals	Lick
986.3655000000001	0.09999999999990905	TimeIntervals	Lick
986.5322500000001	0.36675000000002456	TimeIntervals	Lick
986.999	0.10000000000002274	TimeIntervals	Lick
987.199	0.06675000000018372	TimeIntervals	Lick
988.2660000000002	0.10000000000002274	TimeIntervals	Lick
988.4325000000001	0.16675000000009277	TimeIntervals	Lick
988.8325	0.06675000000018372	TimeIntervals	Lick
989.4660000000001	0.06674999999995634	TimeIntervals	Lick
990.9995000000001	0.10000000000002274	TimeIntervals	Lick
991.7997500000001	0.06675000000007003	TimeIntervals	Lick
992.433	0.06700000000000728	TimeIntervals	Lick
992.5664999999999	0.06675000000018372	TimeIntervals	Lick
992.6665000000002	0.20000000000004547	TimeIntervals	Lick
992.9000000000002	0.29999999999972715	TimeIntervals	Lick
993.2332500000001	0.4335000000000946	TimeIntervals	Lick
993.6999999999999	0.20000000000027285	TimeIntervals	Lick
993.9335000000001	0.20000000000004547	TimeIntervals	Lick
994.1667500000002	0.10000000000013642	TimeIntervals	Lick
994.3000000000001	2.1337499999999636	TimeIntervals	Lick
994.46675	0.06674999999995634	TimeIntervals	Reward
996.4669999999999	0.5002500000000509	TimeIntervals	Lick
997.0004999999999	0.6335000000001401	TimeIntervals	Lick
997.6672500000002	0.13324999999997544	TimeIntervals	Lick
997.834	0.09999999999990905	TimeIntervals	Lick
997.9672499999999	0.13350000000002638	TimeIntervals	Lick
998.1675000000002	0.09999999999979536	TimeIntervals	Lick
998.334	0.13350000000002638	TimeIntervals	Lick
998.634	0.06675000000007003	TimeIntervals	Lick
998.8007500000002	0.06674999999972897	TimeIntervals	Lick
998.9675	0.2335000000000491	TimeIntervals	Lick
999.4342500000002	0.09999999999979536	TimeIntervals	Lick
1000.0675000000001	0.06675000000007003	TimeIntervals	Lick
1000.6345000000001	0.2332499999998845	TimeIntervals	Lick
1002.1680000000001	0.09999999999990905	TimeIntervals	Lick
1002.3345	0.06700000000000728	TimeIntervals	Lick
1004.1015	0.09999999999990905	TimeIntervals	Lick
1004.46825	0.06674999999995634	TimeIntervals	Lick
1005.4350000000001	0.09999999999990905	TimeIntervals	Lick
1006.4019999999999	0.033250000000407454	TimeIntervals	Lick
1006.7020000000002	0.06649999999990541	TimeIntervals	Lick
1008.0690000000001	0.0665000000000191	TimeIntervals	Lick
1008.1690000000001	0.09999999999990905	TimeIntervals	Lick
1009.4690000000002	0.09999999999990905	TimeIntervals	Lick
1011.2025000000001	0.10025000000007367	TimeIntervals	Lick
1011.336	0.10000000000002274	TimeIntervals	Lick
1011.4695	0.06649999999990541	TimeIntervals	Lick
1011.5695000000002	0.29999999999984084	TimeIntervals	Lick
1011.90275	0.06675000000007003	TimeIntervals	Lick
1012.0027499999999	0.20000000000038654	TimeIntervals	Lick
1012.2360000000001	0.30024999999989177	TimeIntervals	Lick
1012.5695000000002	0.09999999999990905	TimeIntervals	Lick
1012.7030000000001	0.19999999999970441	TimeIntervals	Lick
1012.93625	0.1999999999999318	TimeIntervals	Lick
1013.1695000000001	0.10000000000002274	TimeIntervals	Lick
1013.3030000000001	0.09999999999968168	TimeIntervals	Lick
1013.4365	2.9670000000000982	TimeIntervals	Lick
1013.5029999999998	0.10000000000013642	TimeIntervals	Reward
1016.4367499999998	0.9335000000000946	TimeIntervals	Lick
1017.4035000000001	0.06675000000018372	TimeIntervals	Lick
1017.5370000000001	0.09999999999990905	TimeIntervals	Lick
1017.67025	0.13325000000020282	TimeIntervals	Lick
1018.00375	0.10000000000013642	TimeIntervals	Lick
1018.2705000000002	0.09999999999979536	TimeIntervals	Lick
1018.8370000000002	0.1002499999998463	TimeIntervals	Lick
1019.2372500000001	0.06675000000007003	TimeIntervals	Lick
1019.3705	0.1334999999999127	TimeIntervals	Lick
1019.904	0.09999999999990905	TimeIntervals	Lick
1020.2040000000001	0.1999999999999318	TimeIntervals	Lick
1020.4707500000002	0.09999999999990905	TimeIntervals	Lick
1020.9707500000002	0.06674999999972897	TimeIntervals	Lick
1021.2375000000001	0.10000000000013642	TimeIntervals	Lick
1022.1710000000002	0.16674999999997908	TimeIntervals	Lick
1022.8377500000001	0.09999999999979536	TimeIntervals	Lick
1023.0045	0.06650000000013279	TimeIntervals	Lick
1023.1045000000001	0.10000000000002274	TimeIntervals	Lick
1023.2377500000002	0.06674999999984266	TimeIntervals	Lick
1023.37125	0.06674999999984266	TimeIntervals	Lick
1027.005	0.06674999999995634	TimeIntervals	Lick
1027.105	0.20000000000027285	TimeIntervals	Lick
1027.3385	0.10000000000013642	TimeIntervals	Lick
1027.4717500000002	0.13324999999986176	TimeIntervals	Lick
1027.6384999999998	0.10000000000013642	TimeIntervals	Lick
1027.8052500000001	0.1999999999998181	TimeIntervals	Lick
1028.0720000000003	0.19999999999959073	TimeIntervals	Lick
1028.3385	0.1999999999998181	TimeIntervals	Lick
1028.5720000000003	0.09999999999968168	TimeIntervals	Lick
1028.70525	0.33349999999995816	TimeIntervals	Lick
1029.0720000000003	0.09999999999968168	TimeIntervals	Lick
1029.2055	0.23325000000022555	TimeIntervals	Lick
1029.4720000000002	0.10000000000013642	TimeIntervals	Lick
1029.6055	0.3667500000003656	TimeIntervals	Lick
1030.2055	0.10000000000013642	TimeIntervals	Lick
1030.4722500000003	0.26674999999977445	TimeIntervals	Lick
1031.139	0.06675000000018372	TimeIntervals	Lick
1031.2725	0.09999999999990905	TimeIntervals	Lick
1031.4057500000001	0.26674999999977445	TimeIntervals	Lick
1031.70575	0.06674999999995634	TimeIntervals	Lick
1031.80575	0.20000000000027285	TimeIntervals	Lick
1032.039	0.2002500000000964	TimeIntervals	Lick
1032.2725	0.09999999999990905	TimeIntervals	Lick
1032.4060000000002	0.1999999999998181	TimeIntervals	Lick
1032.606	0.033249999999952706	TimeIntervals	Reward
1032.63925	0.43325000000027103	TimeIntervals	Lick
1033.106	0.20000000000004547	TimeIntervals	Lick
1033.3395	0.5665000000001328	TimeIntervals	Lick
1033.9395000000002	0.33324999999990723	TimeIntervals	Lick
1034.306	0.10024999999995998	TimeIntervals	Lick
1034.4395000000002	0.9334999999998672	TimeIntervals	Lick
1035.4064999999998	0.5665000000003602	TimeIntervals	Lick
1036.03975	0.06675000000018372	TimeIntervals	Lick
1036.173	0.06674999999995634	TimeIntervals	Lick
1036.373	0.10000000000013642	TimeIntervals	Lick
1036.5065000000002	0.09999999999990905	TimeIntervals	Lick
1036.6732499999998	0.06675000000041109	TimeIntervals	Lick
1037.47325	0.13325000000008913	TimeIntervals	Lick
1037.94	0.03350000000000364	TimeIntervals	Lick
1039.207	0.06649999999990541	TimeIntervals	Lick
1040.8737500000002	0.06674999999972897	TimeIntervals	Lick
1041.80725	0.06674999999995634	TimeIntervals	Lick
1042.8075000000001	0.03324999999972533	TimeIntervals	Lick
1042.9075	0.09999999999990905	TimeIntervals	Lick
1043.3410000000001	0.10000000000013642	TimeIntervals	Lick
1043.541	0.06650000000013279	TimeIntervals	Lick
1044.2075	0.10024999999995998	TimeIntervals	Lick
1044.5077500000002	0.09999999999968168	TimeIntervals	Lick
1044.641	0.10000000000013642	TimeIntervals	Lick
1044.7745	0.10000000000013642	TimeIntervals	Lick
1045.4745000000003	0.09999999999968168	TimeIntervals	Lick
1045.6080000000002	0.06649999999967804	TimeIntervals	Lick
1045.7080000000003	0.1999999999998181	TimeIntervals	Lick
1045.94125	0.3000000000001819	TimeIntervals	Lick
1046.2745	0.20025000000032378	TimeIntervals	Lick
1046.508	0.06674999999995634	TimeIntervals	Lick
1046.6080000000002	0.1999999999998181	TimeIntervals	Lick
1046.8415	0.1999999999998181	TimeIntervals	Lick
1047.07475	0.09999999999990905	TimeIntervals	Lick
1047.2080000000003	0.23349999999982174	TimeIntervals	Lick
1047.4747500000003	0.0667499999995016	TimeIntervals	Lick
1047.5749999999998	0.10000000000013642	TimeIntervals	Lick
1047.6415	0.1000000000003638	TimeIntervals	Reward
1047.70825	4.033750000000282	TimeIntervals	Lick
1051.7755000000002	0.09999999999990905	TimeIntervals	Lick
1051.9090000000003	0.2664999999997235	TimeIntervals	Lick
1052.209	0.06650000000013279	TimeIntervals	Lick
1052.3422499999997	0.1332500000003165	TimeIntervals	Lick
1052.509	0.13325000000008913	TimeIntervals	Lick
1052.6755	0.10000000000013642	TimeIntervals	Lick
1052.8422499999997	0.06675000000063847	TimeIntervals	Lick
1052.9755	0.10024999999995998	TimeIntervals	Lick
1053.1425	0.033249999999952706	TimeIntervals	Lick
1053.309	0.06675000000018372	TimeIntervals	Lick
1053.9090000000003	0.06674999999995634	TimeIntervals	Lick
1054.50925	0.13324999999986176	TimeIntervals	Lick
1055.4760000000003	0.16674999999963802	TimeIntervals	Lick
1055.94275	0.06675000000018372	TimeIntervals	Lick
1056.2427500000001	0.16675000000009277	TimeIntervals	Lick
