onset	duration	nwb_table	event_type
12.538499999999999	0.10000000000000142	TimeIntervals	Lick
12.9385	0.06650000000000134	TimeIntervals	Lick
13.705250000000001	0.09999999999999964	TimeIntervals	Lick
13.8385	0.09999999999999964	TimeIntervals	Lick
13.972000000000001	0.03325000000000067	TimeIntervals	Lick
14.0385	0.09999999999999964	TimeIntervals	Lick
14.172	0.10000000000000142	TimeIntervals	Lick
14.338500000000003	0.06699999999999662	TimeIntervals	Lick
14.572000000000001	0.23349999999999937	TimeIntervals	Lick
14.7055	0.09999999999999964	TimeIntervals	Reward
14.838750000000001	0.29999999999999893	TimeIntervals	Lick
15.172	0.20000000000000284	TimeIntervals	Lick
15.4055	0.06675000000000253	TimeIntervals	Lick
15.505500000000001	0.09999999999999964	TimeIntervals	Lick
15.638999999999998	0.20000000000000107	TimeIntervals	Lick
15.872250000000001	0.09999999999999964	TimeIntervals	Lick
16.0055	0.10000000000000142	TimeIntervals	Lick
16.139000000000003	0.19999999999999574	TimeIntervals	Lick
16.37225	0.09999999999999432	TimeIntervals	Lick
16.5055	0.7669999999999959	TimeIntervals	Lick
17.30575	0.10000000000000142	TimeIntervals	Lick
17.439	0.10000000000000142	TimeIntervals	Lick
17.5725	0.1335000000000015	TimeIntervals	Lick
17.739250000000002	0.09999999999999787	TimeIntervals	Lick
17.906000000000002	0.09999999999999787	TimeIntervals	Lick
18.03925	0.10000000000000497	TimeIntervals	Lick
18.1725	0.06675000000000253	TimeIntervals	Lick
18.33925	0.06675000000000253	TimeIntervals	Lick
18.4725	0.06674999999999898	TimeIntervals	Lick
18.906000000000002	0.06674999999999898	TimeIntervals	Lick
19.973	0.06650000000000134	TimeIntervals	Lick
21.53975	0.06675000000000253	TimeIntervals	Lick
21.8065	0.10000000000000497	TimeIntervals	Lick
22.706500000000002	0.06674999999999898	TimeIntervals	Lick
24.14	0.06674999999999898	TimeIntervals	Lick
24.507	0.06650000000000134	TimeIntervals	Lick
24.840250000000005	0.06674999999999898	TimeIntervals	Lick
25.973750000000003	0.09999999999999787	TimeIntervals	Lick
27.840750000000003	0.09999999999999787	TimeIntervals	Lick
28.407500000000002	0.06649999999999778	TimeIntervals	Lick
34.974999999999994	0.10000000000000853	TimeIntervals	Lick
41.5095	0.09999999999999432	TimeIntervals	Lick
41.776	0.10025000000000261	TimeIntervals	Lick
41.97625	0.06675000000000608	TimeIntervals	Lick
42.1095	0.06675000000000608	TimeIntervals	Lick
42.243	0.10000000000000853	TimeIntervals	Lick
42.376250000000006	0.19999999999998153	TimeIntervals	Lick
42.6095	0.20000000000000995	TimeIntervals	Lick
42.87625	0.06674999999999187	TimeIntervals	Lick
43.10974999999999	0.06675000000000608	TimeIntervals	Lick
43.20975000000001	0.10000000000000142	TimeIntervals	Lick
43.34300000000001	0.19999999999999574	TimeIntervals	Lick
43.5765	0.09999999999999432	TimeIntervals	Lick
43.70975000000001	0.13325000000000387	TimeIntervals	Lick
43.7765	0.10000000000000142	TimeIntervals	Reward
43.8765	0.29999999999999716	TimeIntervals	Lick
44.21	0.5664999999999978	TimeIntervals	Lick
44.81000000000001	0.09999999999998721	TimeIntervals	Lick
44.94324999999999	0.3335000000000079	TimeIntervals	Lick
45.31000000000001	0.09999999999998721	TimeIntervals	Lick
45.44349999999999	0.10000000000000142	TimeIntervals	Lick
45.57675	0.2332500000000124	TimeIntervals	Lick
45.843500000000006	0.09999999999998721	TimeIntervals	Lick
45.976749999999996	0.10000000000000142	TimeIntervals	Lick
46.11	0.10000000000000142	TimeIntervals	Lick
46.2435	0.10000000000000853	TimeIntervals	Lick
46.37700000000001	0.13324999999998965	TimeIntervals	Lick
46.543499999999995	0.10000000000000142	TimeIntervals	Lick
46.677	0.10000000000000142	TimeIntervals	Lick
46.81025000000001	0.13324999999998255	TimeIntervals	Lick
46.977000000000004	0.09999999999999432	TimeIntervals	Lick
47.11025	0.10000000000000142	TimeIntervals	Lick
47.277	0.10000000000000853	TimeIntervals	Lick
47.44375	0.06674999999999898	TimeIntervals	Lick
47.577	0.10000000000000142	TimeIntervals	Lick
47.94375	0.09999999999999432	TimeIntervals	Lick
48.444	0.1664999999999992	TimeIntervals	Lick
48.644000000000005	0.06649999999999778	TimeIntervals	Lick
48.77725	0.10000000000000142	TimeIntervals	Lick
49.27725	0.06674999999999187	TimeIntervals	Lick
49.843999999999994	0.13350000000000506	TimeIntervals	Lick
50.6775	0.06674999999999898	TimeIntervals	Lick
51.14425000000001	0.09999999999999432	TimeIntervals	Lick
51.410999999999994	0.06650000000000489	TimeIntervals	Lick
51.84450000000001	0.09999999999998721	TimeIntervals	Lick
52.34450000000001	0.09999999999998721	TimeIntervals	Lick
52.544500000000006	0.06649999999999068	TimeIntervals	Lick
52.711000000000006	0.06674999999999898	TimeIntervals	Lick
52.911249999999995	0.06674999999999898	TimeIntervals	Lick
53.144499999999994	0.06675000000000608	TimeIntervals	Lick
53.378	0.09999999999999432	TimeIntervals	Lick
53.577999999999996	0.09999999999999432	TimeIntervals	Lick
53.878	0.06674999999999898	TimeIntervals	Lick
54.011500000000005	0.10000000000000142	TimeIntervals	Lick
54.24475	0.06675000000000608	TimeIntervals	Lick
54.54475000000001	0.09999999999999432	TimeIntervals	Lick
54.67799999999999	0.10000000000001563	TimeIntervals	Lick
54.844750000000005	0.09999999999999432	TimeIntervals	Lick
55.045	0.06650000000000489	TimeIntervals	Lick
55.2115	0.06675000000000608	TimeIntervals	Lick
55.37825000000001	0.06674999999998477	TimeIntervals	Lick
55.545	0.06650000000000489	TimeIntervals	Lick
55.67824999999999	0.06675000000000608	TimeIntervals	Lick
55.81150000000001	0.19999999999999574	TimeIntervals	Lick
56.045	0.10000000000000142	TimeIntervals	Lick
56.245	0.06675000000000608	TimeIntervals	Lick
56.44499999999999	0.06675000000000608	TimeIntervals	Lick
56.611749999999994	0.06675000000000608	TimeIntervals	Lick
56.711749999999995	0.10000000000000853	TimeIntervals	Lick
56.845000000000006	0.19999999999999574	TimeIntervals	Lick
57.0785	0.10000000000000142	TimeIntervals	Lick
57.211999999999996	0.10000000000000142	TimeIntervals	Lick
57.34525	0.10000000000000142	TimeIntervals	Lick
57.4785	0.10000000000000142	TimeIntervals	Lick
57.64525	0.10000000000000142	TimeIntervals	Lick
57.7785	0.10000000000000142	TimeIntervals	Lick
57.912000000000006	0.09999999999999432	TimeIntervals	Lick
58.04525	0.09999999999999432	TimeIntervals	Lick
58.1785	0.10000000000000142	TimeIntervals	Lick
58.312	0.10000000000000853	TimeIntervals	Lick
58.47874999999999	0.10000000000000853	TimeIntervals	Lick
58.645500000000006	0.09999999999998721	TimeIntervals	Lick
58.77875	0.10000000000000142	TimeIntervals	Lick
58.9455	0.20000000000000284	TimeIntervals	Lick
59.17875	0.10000000000000142	TimeIntervals	Lick
59.312	0.10025000000000261	TimeIntervals	Lick
59.4455	0.13349999999999085	TimeIntervals	Lick
59.679	0.10000000000000142	TimeIntervals	Lick
59.8455	0.10000000000000142	TimeIntervals	Lick
60.6125	0.10000000000000853	TimeIntervals	Lick
61.712500000000006	0.09999999999999432	TimeIntervals	Lick
61.87925	0.06674999999999187	TimeIntervals	Lick
62.17925	0.10000000000000142	TimeIntervals	Lick
62.34600000000001	0.0999999999999801	TimeIntervals	Lick
62.479249999999986	0.0667500000000203	TimeIntervals	Lick
62.61249999999999	0.06700000000000728	TimeIntervals	Lick
62.71275000000001	0.09999999999998721	TimeIntervals	Lick
62.84600000000001	0.0999999999999801	TimeIntervals	Lick
62.979499999999994	0.1665000000000063	TimeIntervals	Lick
63.312749999999994	0.10000000000000853	TimeIntervals	Lick
63.44599999999999	0.10000000000001563	TimeIntervals	Lick
63.57949999999999	0.10000000000000853	TimeIntervals	Lick
63.71275000000001	0.06675000000000608	TimeIntervals	Lick
63.81300000000001	0.09999999999999432	TimeIntervals	Lick
63.87949999999999	0.06675000000001319	TimeIntervals	Reward
63.979499999999994	0.3000000000000185	TimeIntervals	Lick
64.31299999999999	0.20000000000001705	TimeIntervals	Lick
64.54625	0.29999999999999716	TimeIntervals	Lick
64.8795	0.4334999999999951	TimeIntervals	Lick
65.3465	0.09999999999999432	TimeIntervals	Lick
65.47975000000001	0.46674999999999045	TimeIntervals	Lick
65.98000000000002	0.09999999999999432	TimeIntervals	Lick
66.11325	0.10000000000002274	TimeIntervals	Lick
66.24650000000001	0.09999999999999432	TimeIntervals	Lick
66.38	0.10000000000002274	TimeIntervals	Lick
66.51325	0.09999999999999432	TimeIntervals	Lick
66.64649999999999	0.13350000000002638	TimeIntervals	Lick
66.81324999999998	0.10000000000002274	TimeIntervals	Lick
66.9465	0.09999999999999432	TimeIntervals	Lick
67.08000000000001	0.13349999999998374	TimeIntervals	Lick
67.24675000000002	0.0999999999999659	TimeIntervals	Lick
67.41350000000001	0.0999999999999801	TimeIntervals	Lick
67.54674999999999	0.06674999999999898	TimeIntervals	Lick
67.68	0.06675000000001319	TimeIntervals	Lick
67.81349999999999	0.10000000000002274	TimeIntervals	Lick
68.2135	0.09999999999999432	TimeIntervals	Lick
68.58025	0.36674999999999613	TimeIntervals	Lick
69.047	0.06650000000000489	TimeIntervals	Lick
69.64700000000002	0.23349999999997806	TimeIntervals	Lick
70.0805	0.2664999999999935	TimeIntervals	Lick
70.414	0.0665000000000191	TimeIntervals	Lick
70.7805	0.13349999999999795	TimeIntervals	Lick
70.98050000000002	0.19999999999998863	TimeIntervals	Lick
71.7475	0.06649999999999068	TimeIntervals	Lick
72.08075	0.06675000000001319	TimeIntervals	Lick
72.2475	0.06649999999999068	TimeIntervals	Lick
72.38074999999999	0.06675000000001319	TimeIntervals	Lick
72.48075	0.10025000000000261	TimeIntervals	Lick
72.64750000000001	0.06674999999998477	TimeIntervals	Lick
72.7475	0.09999999999999432	TimeIntervals	Lick
72.91425000000001	0.06674999999999898	TimeIntervals	Lick
73.2475	0.13349999999999795	TimeIntervals	Lick
75.648	0.06649999999999068	TimeIntervals	Lick
76.68150000000001	0.0999999999999801	TimeIntervals	Lick
77.64825	0.09999999999999432	TimeIntervals	Lick
78.38175	0.06674999999999898	TimeIntervals	Lick
79.41525	0.06675000000001319	TimeIntervals	Lick
79.74849999999999	0.10000000000000853	TimeIntervals	Lick
79.91525	0.06675000000001319	TimeIntervals	Lick
80.0485	0.10000000000000853	TimeIntervals	Lick
80.3155	0.06650000000000489	TimeIntervals	Lick
80.41550000000001	0.09999999999999432	TimeIntervals	Lick
80.54875000000001	0.09999999999999432	TimeIntervals	Lick
80.682	0.06674999999998477	TimeIntervals	Lick
80.882	0.06674999999999898	TimeIntervals	Lick
80.98200000000001	0.0999999999999801	TimeIntervals	Lick
81.1155	0.10000000000000853	TimeIntervals	Lick
81.24874999999999	0.333500000000015	TimeIntervals	Lick
81.6155	0.13350000000001216	TimeIntervals	Lick
81.78225	0.06674999999999898	TimeIntervals	Lick
81.88225	0.10000000000000853	TimeIntervals	Lick
82.0155	0.09999999999999432	TimeIntervals	Lick
82.18225000000001	0.09999999999999432	TimeIntervals	Lick
82.3155	0.20024999999999693	TimeIntervals	Lick
82.549	0.09999999999999432	TimeIntervals	Lick
82.71575	0.0999999999999801	TimeIntervals	Lick
82.8825	0.0665000000000191	TimeIntervals	Lick
83.11575000000002	0.06674999999999898	TimeIntervals	Lick
83.21575	0.26675000000001603	TimeIntervals	Lick
83.64925000000001	0.13324999999998965	TimeIntervals	Lick
83.81599999999999	0.2332500000000124	TimeIntervals	Lick
84.0825	0.10000000000002274	TimeIntervals	Lick
84.24925000000002	0.06674999999997056	TimeIntervals	Lick
84.5825	0.06700000000000728	TimeIntervals	Lick
86.21625	0.13324999999998965	TimeIntervals	Lick
87.08300000000001	0.09999999999999432	TimeIntervals	Lick
87.24975	0.03325000000000955	TimeIntervals	Lick
87.54975	0.06675000000001319	TimeIntervals	Lick
87.683	0.06674999999999898	TimeIntervals	Lick
87.8165	0.09999999999999432	TimeIntervals	Lick
87.9165	0.09999999999999432	TimeIntervals	Reward
87.95	0.06649999999999068	TimeIntervals	Lick
88.05000000000001	0.29999999999998295	TimeIntervals	Lick
88.38325	0.1667500000000075	TimeIntervals	Lick
88.58325	0.10000000000000853	TimeIntervals	Lick
88.7165	0.06675000000001319	TimeIntervals	Lick
88.8165	0.09999999999999432	TimeIntervals	Lick
88.95	0.29999999999999716	TimeIntervals	Lick
89.2835	0.10000000000000853	TimeIntervals	Lick
89.41675000000001	0.20000000000000284	TimeIntervals	Lick
89.65000000000002	0.0999999999999801	TimeIntervals	Lick
89.7835	0.10000000000000853	TimeIntervals	Lick
89.91675000000001	0.3334999999999866	TimeIntervals	Lick
90.2835	0.10000000000000853	TimeIntervals	Lick
90.417	0.09999999999999432	TimeIntervals	Lick
90.55025	0.10000000000000853	TimeIntervals	Lick
90.68350000000001	0.09999999999999432	TimeIntervals	Lick
90.817	0.10000000000000853	TimeIntervals	Lick
90.95025000000001	0.09999999999999432	TimeIntervals	Lick
91.0835	0.10000000000000853	TimeIntervals	Lick
91.21700000000001	0.23350000000000648	TimeIntervals	Lick
91.48375000000001	0.09999999999999432	TimeIntervals	Lick
91.61700000000002	0.09999999999999432	TimeIntervals	Lick
91.75049999999999	0.10000000000002274	TimeIntervals	Lick
91.917	0.06675000000001319	TimeIntervals	Lick
92.05050000000001	0.06650000000000489	TimeIntervals	Lick
92.45050000000002	0.19999999999998863	TimeIntervals	Lick
92.68400000000003	0.06649999999996226	TimeIntervals	Lick
92.85050000000001	0.10000000000000853	TimeIntervals	Lick
93.15050000000001	0.13349999999999795	TimeIntervals	Lick
93.35050000000001	0.30025000000000546	TimeIntervals	Lick
93.984	0.16675000000002171	TimeIntervals	Lick
94.18400000000003	2.2004999999999626	TimeIntervals	Lick
96.41775	0.13325000000001808	TimeIntervals	Lick
96.58450000000002	0.46674999999999045	TimeIntervals	Lick
97.08450000000002	0.13349999999998374	TimeIntervals	Lick
97.31799999999998	0.13325000000001808	TimeIntervals	Lick
97.51799999999999	0.10000000000002274	TimeIntervals	Lick
97.65125000000002	0.10000000000000853	TimeIntervals	Lick
97.7845	0.10025000000000261	TimeIntervals	Lick
97.98475	0.3999999999999915	TimeIntervals	Lick
97.98475	0.06674999999999898	TimeIntervals	Reward
98.418	0.29999999999999716	TimeIntervals	Lick
98.75150000000002	0.19999999999997442	TimeIntervals	Lick
98.98500000000001	0.29999999999999716	TimeIntervals	Lick
99.31824999999999	0.20000000000000284	TimeIntervals	Lick
99.5515	0.10000000000000853	TimeIntervals	Lick
99.68500000000002	0.09999999999999432	TimeIntervals	Lick
99.81824999999999	0.2332500000000124	TimeIntervals	Lick
100.08500000000001	0.10000000000000853	TimeIntervals	Lick
100.2185	0.09999999999999432	TimeIntervals	Lick
100.35175000000001	0.6332500000000039	TimeIntervals	Lick
101.01849999999999	0.7335000000000207	TimeIntervals	Lick
101.78525000000002	0.13324999999997544	TimeIntervals	Lick
102.052	0.36675000000001035	TimeIntervals	Lick
102.452	0.13350000000001216	TimeIntervals	Lick
102.61875	0.5332499999999953	TimeIntervals	Lick
103.18550000000002	0.3667499999999819	TimeIntervals	Lick
103.61900000000001	0.19999999999997442	TimeIntervals	Lick
103.91900000000001	0.13324999999998965	TimeIntervals	Lick
104.08550000000001	0.10000000000000853	TimeIntervals	Lick
104.5525	0.03325000000000955	TimeIntervals	Lick
104.6525	0.10000000000000853	TimeIntervals	Lick
104.95250000000001	0.1664999999999992	TimeIntervals	Lick
105.25250000000001	0.13324999999998965	TimeIntervals	Lick
106.1525	0.10000000000000853	TimeIntervals	Lick
106.31925	0.06674999999999898	TimeIntervals	Lick
106.51925	0.10025000000000261	TimeIntervals	Lick
106.68600000000002	0.06674999999998477	TimeIntervals	Lick
106.85275	0.06675000000001319	TimeIntervals	Lick
106.98600000000003	0.06674999999997056	TimeIntervals	Lick
107.08600000000001	0.19999999999998863	TimeIntervals	Lick
107.3195	0.19999999999998863	TimeIntervals	Lick
107.55275	0.10000000000000853	TimeIntervals	Lick
107.7195	0.06674999999999898	TimeIntervals	Lick
107.8195	0.10000000000000853	TimeIntervals	Lick
107.953	0.09999999999999432	TimeIntervals	Lick
107.98625000000003	0.06674999999997056	TimeIntervals	Reward
108.08625	0.5332499999999953	TimeIntervals	Lick
108.65300000000002	0.09999999999999432	TimeIntervals	Lick
108.78625	0.20025000000002535	TimeIntervals	Lick
109.01975	0.20000000000000284	TimeIntervals	Lick
109.25300000000001	0.4334999999999951	TimeIntervals	Lick
109.71975	0.09999999999999432	TimeIntervals	Lick
109.85300000000001	0.10025000000000261	TimeIntervals	Lick
109.98650000000002	0.0999999999999801	TimeIntervals	Lick
110.12000000000002	0.0999999999999801	TimeIntervals	Lick
110.25325	0.10000000000000853	TimeIntervals	Lick
110.38650000000001	0.10000000000000853	TimeIntervals	Lick
110.52	0.13325000000001808	TimeIntervals	Lick
110.68650000000001	0.09999999999999432	TimeIntervals	Lick
110.88650000000001	0.06674999999999898	TimeIntervals	Lick
110.98650000000002	0.1002499999999884	TimeIntervals	Lick
111.15350000000001	0.09999999999999432	TimeIntervals	Lick
111.32	0.03350000000001785	TimeIntervals	Lick
111.4535	0.06649999999999068	TimeIntervals	Lick
111.68675000000002	0.3999999999999915	TimeIntervals	Lick
112.38700000000001	0.10000000000000853	TimeIntervals	Lick
112.65350000000001	0.09999999999999432	TimeIntervals	Lick
112.78700000000002	0.09999999999999432	TimeIntervals	Lick
113.22050000000002	0.06650000000000489	TimeIntervals	Lick
115.8875	0.10000000000002274	TimeIntervals	Lick
116.921	0.0665000000000191	TimeIntervals	Lick
117.421	0.09999999999999432	TimeIntervals	Lick
120.18800000000002	0.09999999999999432	TimeIntervals	Lick
122.12175000000002	0.0999999999999801	TimeIntervals	Lick
124.55550000000001	0.09999999999999432	TimeIntervals	Lick
130.923	0.06675000000001319	TimeIntervals	Lick
131.18975	0.06674999999998477	TimeIntervals	Lick
131.4565	0.06649999999999068	TimeIntervals	Lick
131.58975	0.06674999999998477	TimeIntervals	Lick
131.68975	0.06674999999998477	TimeIntervals	Lick
131.78975	0.20025000000001114	TimeIntervals	Lick
132.02325	0.3332500000000209	TimeIntervals	Lick
132.39000000000001	0.19999999999998863	TimeIntervals	Lick
132.62325	0.0999999999999659	TimeIntervals	Lick
132.79	0.10000000000002274	TimeIntervals	Lick
132.92325	0.06675000000001319	TimeIntervals	Lick
133.02349999999998	0.5665000000000191	TimeIntervals	Lick
133.02349999999998	0.0665000000000191	TimeIntervals	Reward
133.6235	0.20000000000001705	TimeIntervals	Lick
133.85675000000003	0.19999999999998863	TimeIntervals	Lick
134.09	0.1002499999999884	TimeIntervals	Lick
134.2235	0.19999999999998863	TimeIntervals	Lick
134.45700000000002	0.09999999999999432	TimeIntervals	Lick
134.59025	0.09999999999999432	TimeIntervals	Lick
134.7235	0.36674999999999613	TimeIntervals	Lick
135.1235	0.1002499999999884	TimeIntervals	Lick
135.25699999999998	0.10000000000005116	TimeIntervals	Lick
135.3905	0.09999999999999432	TimeIntervals	Lick
135.52375	0.13325000000000387	TimeIntervals	Lick
135.69050000000001	0.13325000000000387	TimeIntervals	Lick
135.85700000000003	0.06674999999998477	TimeIntervals	Lick
135.95700000000002	0.13349999999996953	TimeIntervals	Lick
136.12375000000003	0.0999999999999659	TimeIntervals	Lick
136.29050000000004	0.06674999999995634	TimeIntervals	Lick
136.3905	0.06674999999998477	TimeIntervals	Lick
136.55725	0.06674999999998477	TimeIntervals	Lick
136.69050000000001	0.06675000000001319	TimeIntervals	Lick
136.85725	0.06674999999998477	TimeIntervals	Lick
137.19050000000001	0.10000000000002274	TimeIntervals	Lick
141.59125	0.13325000000000387	TimeIntervals	Lick
142.95825000000002	0.09999999999999432	TimeIntervals	Lick
143.9585	0.10000000000005116	TimeIntervals	Lick
144.09175000000002	0.09999999999999432	TimeIntervals	Lick
144.22500000000002	0.06674999999998477	TimeIntervals	Lick
144.3585	0.09999999999999432	TimeIntervals	Lick
144.52499999999998	0.06675000000004161	TimeIntervals	Lick
144.625	0.10000000000002274	TimeIntervals	Lick
144.75850000000003	0.0999999999999659	TimeIntervals	Lick
144.89175	0.06674999999998477	TimeIntervals	Lick
144.99175	0.06675000000004161	TimeIntervals	Lick
145.092	0.20000000000001705	TimeIntervals	Lick
145.32525000000004	0.09999999999993747	TimeIntervals	Lick
145.4585	0.10000000000005116	TimeIntervals	Lick
145.592	0.20000000000001705	TimeIntervals	Lick
145.82525000000004	0.09999999999993747	TimeIntervals	Lick
145.9585	0.10000000000005116	TimeIntervals	Lick
146.05850000000004	0.06674999999995634	TimeIntervals	Reward
146.092	0.6335000000000264	TimeIntervals	Lick
146.75875000000002	0.19999999999998863	TimeIntervals	Lick
146.992	0.4335000000000093	TimeIntervals	Lick
147.49224999999998	0.3332500000000209	TimeIntervals	Lick
147.859	0.2332500000000266	TimeIntervals	Lick
148.1255	0.10000000000005116	TimeIntervals	Lick
148.25900000000004	0.0999999999999659	TimeIntervals	Lick
148.3925	0.0999999999999659	TimeIntervals	Lick
148.52575000000002	0.0999999999999659	TimeIntervals	Lick
148.65899999999996	0.1335000000000548	TimeIntervals	Lick
148.82575	0.09999999999999432	TimeIntervals	Lick
148.959	0.13350000000002638	TimeIntervals	Lick
149.12574999999998	0.10000000000005116	TimeIntervals	Lick
149.25900000000004	0.0999999999999659	TimeIntervals	Lick
149.3925	0.0999999999999659	TimeIntervals	Lick
149.52600000000004	0.13324999999994702	TimeIntervals	Lick
149.6925	0.06675000000004161	TimeIntervals	Lick
149.82600000000002	0.06649999999999068	TimeIntervals	Lick
150.32600000000002	0.13324999999997544	TimeIntervals	Lick
151.12599999999998	0.06675000000001319	TimeIntervals	Lick
151.22600000000003	0.09999999999999432	TimeIntervals	Lick
151.59275000000002	0.06674999999995634	TimeIntervals	Lick
151.75950000000003	0.033499999999975216	TimeIntervals	Lick
152.42624999999998	0.03325000000000955	TimeIntervals	Lick
152.793	0.06675000000001319	TimeIntervals	Lick
153.1265	0.03325000000000955	TimeIntervals	Lick
153.45975	0.09999999999999432	TimeIntervals	Lick
156.26024999999998	0.10000000000002274	TimeIntervals	Lick
157.7605	0.09999999999999432	TimeIntervals	Lick
158.62725	0.06674999999998477	TimeIntervals	Lick
159.3605	0.10025000000001683	TimeIntervals	Lick
159.49400000000003	0.06674999999998477	TimeIntervals	Lick
162.32775	0.06675000000001319	TimeIntervals	Lick
162.42775	0.09999999999999432	TimeIntervals	Lick
163.26125000000002	0.09999999999999432	TimeIntervals	Lick
163.39450000000002	0.06674999999998477	TimeIntervals	Lick
163.72800000000004	0.06675000000001319	TimeIntervals	Lick
163.92800000000003	0.0999999999999659	TimeIntervals	Lick
164.06150000000002	0.0999999999999659	TimeIntervals	Lick
164.19475	0.06675000000004161	TimeIntervals	Lick
164.29475000000005	0.09999999999993747	TimeIntervals	Lick
164.42800000000003	0.0999999999999659	TimeIntervals	Lick
164.56150000000002	0.06649999999996226	TimeIntervals	Lick
164.6615	0.10000000000005116	TimeIntervals	Lick
164.79475000000005	0.10024999999995998	TimeIntervals	Lick
164.92825000000002	0.0999999999999659	TimeIntervals	Lick
165.06150000000002	0.0999999999999659	TimeIntervals	Lick
165.19500000000002	0.19999999999998863	TimeIntervals	Lick
165.42825000000002	0.0999999999999659	TimeIntervals	Lick
165.56150000000002	0.0999999999999659	TimeIntervals	Lick
165.69500000000002	0.10000000000002274	TimeIntervals	Lick
165.82825000000003	0.23349999999999227	TimeIntervals	Lick
166.095	0.10000000000002274	TimeIntervals	Lick
166.22850000000003	0.10000000000002274	TimeIntervals	Lick
166.36175000000003	0.0999999999999659	TimeIntervals	Lick
166.495	0.13349999999996953	TimeIntervals	Lick
166.66175	0.10000000000002274	TimeIntervals	Lick
166.79500000000004	0.0999999999999659	TimeIntervals	Lick
166.9285	0.09999999999999432	TimeIntervals	Lick
167.19525000000002	0.09999999999999432	TimeIntervals	Lick
167.36200000000002	0.09999999999999432	TimeIntervals	Lick
167.49525000000003	0.06674999999998477	TimeIntervals	Lick
167.59525	0.1332500000000323	TimeIntervals	Lick
167.762	0.10000000000002274	TimeIntervals	Lick
167.96200000000002	0.19999999999998863	TimeIntervals	Lick
168.46200000000002	0.09999999999999432	TimeIntervals	Lick
169.3955	0.06675000000001319	TimeIntervals	Lick
170.29550000000003	0.1002499999999884	TimeIntervals	Lick
170.629	0.13350000000002638	TimeIntervals	Lick
170.82900000000004	0.06675000000001319	TimeIntervals	Lick
172.26250000000002	0.06675000000001319	TimeIntervals	Lick
172.39600000000002	0.06649999999996226	TimeIntervals	Lick
172.5295	0.06649999999999068	TimeIntervals	Lick
172.6295	0.0665000000000191	TimeIntervals	Lick
172.72950000000003	0.09999999999999432	TimeIntervals	Lick
172.86275000000003	0.06674999999995634	TimeIntervals	Lick
172.96275000000003	0.0999999999999659	TimeIntervals	Lick
173.096	0.10000000000002274	TimeIntervals	Lick
173.22950000000003	0.09999999999999432	TimeIntervals	Lick
173.36275000000003	0.06674999999995634	TimeIntervals	Lick
173.46275000000003	0.0999999999999659	TimeIntervals	Lick
173.596	0.2335000000000207	TimeIntervals	Lick
173.86300000000003	0.06649999999996226	TimeIntervals	Lick
173.96300000000005	0.09999999999993747	TimeIntervals	Lick
174.09625000000003	0.4332499999999868	TimeIntervals	Lick
174.09625000000003	0.0999999999999659	TimeIntervals	Reward
174.563	0.19999999999998863	TimeIntervals	Lick
174.7965	0.20000000000001705	TimeIntervals	Lick
175.02975	0.09999999999999432	TimeIntervals	Lick
175.163	0.06675000000001319	TimeIntervals	Lick
175.26299999999998	0.10000000000005116	TimeIntervals	Lick
175.3965	0.3332500000000209	TimeIntervals	Lick
175.76299999999998	0.10025000000001683	TimeIntervals	Lick
175.8965	0.10000000000002274	TimeIntervals	Lick
176.03	0.4665000000000248	TimeIntervals	Lick
176.53	0.09999999999999432	TimeIntervals	Lick
176.66325	0.10000000000002274	TimeIntervals	Lick
176.7965	0.09999999999999432	TimeIntervals	Lick
176.93	0.09999999999999432	TimeIntervals	Lick
177.06349999999998	0.09999999999999432	TimeIntervals	Lick
177.19675	0.09999999999999432	TimeIntervals	Lick
177.33	0.09999999999999432	TimeIntervals	Lick
177.46350000000004	0.39999999999997726	TimeIntervals	Lick
177.89675	0.09999999999999432	TimeIntervals	Lick
178.03	0.1002499999999884	TimeIntervals	Lick
178.16349999999997	0.2335000000000491	TimeIntervals	Lick
178.43024999999997	0.26675000000003024	TimeIntervals	Lick
178.73025	0.09999999999999432	TimeIntervals	Lick
178.86350000000002	0.10000000000002274	TimeIntervals	Lick
179.03025000000002	0.06674999999998477	TimeIntervals	Lick
179.197	0.06675000000001319	TimeIntervals	Lick
179.33050000000003	0.03324999999998113	TimeIntervals	Lick
179.49699999999999	0.13350000000002638	TimeIntervals	Lick
179.83050000000003	0.06649999999999068	TimeIntervals	Lick
180.564	0.0665000000000191	TimeIntervals	Lick
181.564	0.09999999999999432	TimeIntervals	Lick
181.69750000000002	0.06649999999999068	TimeIntervals	Lick
182.33075000000002	0.03325000000000955	TimeIntervals	Lick
183.76450000000006	0.033249999999952706	TimeIntervals	Lick
185.0645	0.06674999999998477	TimeIntervals	Lick
190.93200000000002	0.09999999999999432	TimeIntervals	Lick
192.39900000000003	0.06674999999998477	TimeIntervals	Lick
195.99949999999998	0.10000000000002274	TimeIntervals	Lick
196.133	0.10000000000002274	TimeIntervals	Lick
196.26625	0.06675000000001319	TimeIntervals	Lick
196.39950000000002	0.06674999999998477	TimeIntervals	Lick
196.533	0.0665000000000191	TimeIntervals	Lick
196.633	0.10000000000002274	TimeIntervals	Lick
196.76650000000004	0.06649999999999068	TimeIntervals	Lick
196.86650000000003	0.06649999999996226	TimeIntervals	Lick
196.96650000000002	0.0999999999999659	TimeIntervals	Lick
197.09975	0.20000000000001705	TimeIntervals	Lick
197.33300000000003	0.0999999999999659	TimeIntervals	Lick
197.46650000000002	0.0999999999999659	TimeIntervals	Lick
197.59975	0.09999999999999432	TimeIntervals	Lick
197.73300000000003	0.1002499999999884	TimeIntervals	Lick
197.86650000000003	0.09999999999999432	TimeIntervals	Lick
198.0	0.10000000000002274	TimeIntervals	Lick
198.13325	0.7667499999999734	TimeIntervals	Lick
198.1665	0.06675000000001319	TimeIntervals	Reward
198.9335	0.09999999999999432	TimeIntervals	Lick
199.06675	0.20000000000001705	TimeIntervals	Lick
199.29999999999998	0.09999999999999432	TimeIntervals	Lick
199.4335	0.1999999999999602	TimeIntervals	Lick
199.66674999999998	0.10000000000005116	TimeIntervals	Lick
199.79999999999998	0.09999999999999432	TimeIntervals	Lick
199.9335	0.09999999999999432	TimeIntervals	Lick
200.067	0.2664999999999793	TimeIntervals	Lick
200.367	0.10000000000002274	TimeIntervals	Lick
200.50025000000002	0.13324999999994702	TimeIntervals	Lick
200.66699999999997	0.10000000000005116	TimeIntervals	Lick
200.80025	0.13325000000000387	TimeIntervals	Lick
200.967	0.09999999999999432	TimeIntervals	Lick
201.13375	0.06674999999998477	TimeIntervals	Lick
201.26700000000002	0.0999999999999659	TimeIntervals	Lick
201.43374999999997	0.06675000000004161	TimeIntervals	Lick
201.83375	0.06675000000001319	TimeIntervals	Lick
202.43400000000003	0.06649999999999068	TimeIntervals	Lick
203.80075	0.10000000000005116	TimeIntervals	Lick
204.20075000000003	0.23349999999999227	TimeIntervals	Lick
204.83425	0.06675000000004161	TimeIntervals	Lick
206.1345	0.10000000000002274	TimeIntervals	Lick
213.53549999999998	0.10000000000002274	TimeIntervals	Lick
214.4025	0.10000000000002274	TimeIntervals	Lick
214.9025	0.10000000000002274	TimeIntervals	Lick
215.3025	0.09999999999999432	TimeIntervals	Lick
215.636	0.06649999999999068	TimeIntervals	Lick
216.16925	0.13325000000000387	TimeIntervals	Lick
216.4025	0.0670000000000357	TimeIntervals	Lick
216.6695	0.06649999999999068	TimeIntervals	Lick
218.26950000000002	0.09999999999999432	TimeIntervals	Lick
219.97000000000003	0.0999999999999659	TimeIntervals	Lick
221.03675	0.06674999999998477	TimeIntervals	Lick
221.3035	0.0665000000000191	TimeIntervals	Lick
221.57	0.06675000000001319	TimeIntervals	Lick
221.7035	0.0665000000000191	TimeIntervals	Lick
221.83675	0.06675000000004161	TimeIntervals	Lick
222.1035	0.03350000000000364	TimeIntervals	Lick
222.2035	0.06675000000004161	TimeIntervals	Lick
223.137	0.10000000000005116	TimeIntervals	Lick
223.27050000000003	0.06649999999999068	TimeIntervals	Lick
223.40374999999997	0.06675000000001319	TimeIntervals	Lick
223.5705	0.06649999999999068	TimeIntervals	Lick
223.90374999999997	0.06675000000001319	TimeIntervals	Lick
225.80400000000003	0.06675000000001319	TimeIntervals	Lick
225.9375	0.06649999999999068	TimeIntervals	Lick
226.23750000000004	0.09999999999993747	TimeIntervals	Lick
226.37100000000007	0.06649999999993383	TimeIntervals	Lick
226.471	0.10000000000002274	TimeIntervals	Lick
226.60424999999998	0.10000000000005116	TimeIntervals	Lick
226.73750000000004	0.06674999999995634	TimeIntervals	Lick
226.83749999999998	0.20000000000004547	TimeIntervals	Lick
227.07100000000003	0.09999999999999432	TimeIntervals	Lick
227.20425000000003	0.20000000000001705	TimeIntervals	Lick
227.4375	0.1002499999999884	TimeIntervals	Lick
227.57100000000003	0.09999999999999432	TimeIntervals	Lick
227.70450000000002	0.0999999999999659	TimeIntervals	Lick
227.83775	0.19999999999998863	TimeIntervals	Lick
228.07100000000003	0.13349999999999795	TimeIntervals	Lick
228.20450000000002	0.0999999999999659	TimeIntervals	Reward
228.23775	0.40024999999997135	TimeIntervals	Lick
228.67124999999996	0.06675000000007003	TimeIntervals	Lick
228.77125000000004	0.19999999999998863	TimeIntervals	Lick
229.0045	0.0999999999999659	TimeIntervals	Lick
229.13799999999998	0.20000000000004547	TimeIntervals	Lick
229.37125000000003	0.09999999999999432	TimeIntervals	Lick
229.5045	0.20025000000001114	TimeIntervals	Lick
229.73800000000003	0.09999999999999432	TimeIntervals	Lick
229.87150000000003	0.0999999999999659	TimeIntervals	Lick
230.00475	0.0999999999999659	TimeIntervals	Lick
230.13799999999998	0.2335000000000491	TimeIntervals	Lick
230.40475000000004	0.36674999999999613	TimeIntervals	Lick
230.805	0.0999999999999659	TimeIntervals	Lick
230.93825	0.2667500000000018	TimeIntervals	Lick
231.23825	0.10000000000005116	TimeIntervals	Lick
231.37150000000003	0.0999999999999659	TimeIntervals	Lick
231.50500000000002	0.0999999999999659	TimeIntervals	Lick
231.63825	0.1332500000000323	TimeIntervals	Lick
231.805	0.0999999999999659	TimeIntervals	Lick
231.97175000000001	0.06674999999998477	TimeIntervals	Lick
232.105	0.2335000000000491	TimeIntervals	Lick
232.37175000000002	0.13325000000000387	TimeIntervals	Lick
232.5385	0.13325000000000387	TimeIntervals	Lick
232.705	0.3334999999999866	TimeIntervals	Lick
233.10525	0.06675000000001319	TimeIntervals	Lick
233.77200000000002	0.13324999999997544	TimeIntervals	Lick
234.23874999999998	0.09999999999999432	TimeIntervals	Lick
234.5055	0.06649999999999068	TimeIntervals	Lick
236.20550000000003	0.06700000000000728	TimeIntervals	Lick
236.60575	0.06675000000001319	TimeIntervals	Lick
237.5725	0.10000000000002274	TimeIntervals	Lick
241.23975000000002	0.13325000000000387	TimeIntervals	Lick
244.04025000000001	0.0999999999999659	TimeIntervals	Lick
244.4735	0.10000000000002274	TimeIntervals	Lick
244.8735	0.13349999999999795	TimeIntervals	Lick
246.60724999999996	0.10000000000002274	TimeIntervals	Lick
247.27400000000006	0.0999999999999659	TimeIntervals	Lick
248.6075	0.10000000000002274	TimeIntervals	Lick
254.50850000000003	0.06649999999993383	TimeIntervals	Lick
254.77500000000003	0.06675000000001319	TimeIntervals	Lick
254.9085	0.06674999999998477	TimeIntervals	Lick
255.17525	0.06674999999998477	TimeIntervals	Lick
256.80875000000003	0.0999999999999659	TimeIntervals	Lick
256.94199999999995	0.10000000000002274	TimeIntervals	Lick
257.0755	0.06675000000001319	TimeIntervals	Lick
257.20899999999995	0.10000000000007958	TimeIntervals	Lick
257.34225	0.0999999999999659	TimeIntervals	Lick
257.47549999999995	0.10000000000002274	TimeIntervals	Lick
257.609	0.3332499999999641	TimeIntervals	Lick
257.97549999999995	0.10000000000002274	TimeIntervals	Lick
258.109	0.333500000000015	TimeIntervals	Lick
258.47574999999995	0.10000000000002274	TimeIntervals	Lick
258.609	0.0999999999999659	TimeIntervals	Lick
258.74249999999995	0.10000000000007958	TimeIntervals	Lick
258.87575000000004	0.09999999999990905	TimeIntervals	Lick
259.009	0.0999999999999659	TimeIntervals	Lick
259.1425	0.0999999999999659	TimeIntervals	Lick
259.27574999999996	0.6334999999999695	TimeIntervals	Lick
259.27574999999996	0.10025000000001683	TimeIntervals	Reward
259.9425	0.19999999999998863	TimeIntervals	Lick
260.17600000000004	0.09999999999990905	TimeIntervals	Lick
260.30924999999996	0.333500000000015	TimeIntervals	Lick
260.67600000000004	0.09999999999990905	TimeIntervals	Lick
260.8095	0.0999999999999659	TimeIntervals	Lick
260.94274999999993	0.4667500000000473	TimeIntervals	Lick
261.44274999999993	0.2335000000000491	TimeIntervals	Lick
261.7095	0.2667500000000018	TimeIntervals	Lick
262.0094999999999	0.10000000000013642	TimeIntervals	Lick
262.14300000000003	0.0999999999999659	TimeIntervals	Lick
262.27624999999995	0.10000000000002274	TimeIntervals	Lick
262.4095	0.09999999999990905	TimeIntervals	Lick
262.543	0.10000000000002274	TimeIntervals	Lick
262.6765	0.0999999999999659	TimeIntervals	Lick
262.80975	0.266749999999945	TimeIntervals	Lick
263.1097500000001	0.09999999999990905	TimeIntervals	Lick
263.243	0.13350000000002638	TimeIntervals	Lick
263.40975	0.06675000000001319	TimeIntervals	Lick
263.543	0.10000000000002274	TimeIntervals	Lick
263.6765	0.06675000000001319	TimeIntervals	Lick
263.84325	0.03325000000000955	TimeIntervals	Lick
263.9432499999999	0.10000000000002274	TimeIntervals	Lick
264.64325	0.06674999999995634	TimeIntervals	Lick
264.74325	0.10025000000001683	TimeIntervals	Lick
264.91	0.0999999999999659	TimeIntervals	Lick
265.21	0.06675000000001319	TimeIntervals	Lick
266.87699999999995	0.0999999999999659	TimeIntervals	Lick
267.1105	0.2999999999999545	TimeIntervals	Lick
267.64375	0.3999999999999204	TimeIntervals	Lick
268.07699999999994	0.10025000000001683	TimeIntervals	Lick
268.94399999999996	0.0999999999999659	TimeIntervals	Lick
269.07724999999994	0.06675000000007003	TimeIntervals	Lick
269.21049999999997	0.06699999999995043	TimeIntervals	Lick
269.31075	0.10000000000002274	TimeIntervals	Lick
269.44399999999996	0.06675000000007003	TimeIntervals	Lick
269.5439999999999	0.20000000000004547	TimeIntervals	Lick
269.7774999999999	0.10000000000007958	TimeIntervals	Lick
269.91075	0.0667499999998995	TimeIntervals	Lick
270.01075000000003	0.10000000000002274	TimeIntervals	Lick
270.144	0.20024999999998272	TimeIntervals	Lick
270.3775	0.09999999999990905	TimeIntervals	Lick
270.511	0.1999999999999318	TimeIntervals	Lick
270.74425	0.0999999999999659	TimeIntervals	Lick
270.8775	0.09999999999990905	TimeIntervals	Lick
271.011	0.0999999999999659	TimeIntervals	Lick
271.14425	0.10000000000002274	TimeIntervals	Lick
271.2774999999999	0.10000000000007958	TimeIntervals	Lick
271.3775	0.10024999999995998	TimeIntervals	Reward
271.411	0.39999999999997726	TimeIntervals	Lick
271.8445	0.0665000000000191	TimeIntervals	Lick
271.94449999999995	0.43325000000004366	TimeIntervals	Lick
272.411	0.10025000000001683	TimeIntervals	Lick
272.54449999999997	0.10000000000002274	TimeIntervals	Lick
272.678	0.19999999999998863	TimeIntervals	Lick
272.91125	0.10000000000002274	TimeIntervals	Lick
273.04449999999997	0.20000000000004547	TimeIntervals	Lick
273.27799999999996	0.33350000000007185	TimeIntervals	Lick
273.64475000000004	0.0999999999999659	TimeIntervals	Lick
273.77799999999996	0.10000000000002274	TimeIntervals	Lick
273.91150000000005	0.09999999999990905	TimeIntervals	Lick
274.04475	0.10000000000002274	TimeIntervals	Lick
274.178	0.0999999999999659	TimeIntervals	Lick
274.3115	0.23324999999999818	TimeIntervals	Lick
274.578	0.10000000000002274	TimeIntervals	Lick
274.71149999999994	0.10000000000007958	TimeIntervals	Lick
274.845	0.10000000000002274	TimeIntervals	Lick
274.97825	0.0999999999999659	TimeIntervals	Lick
275.11150000000004	0.5334999999999468	TimeIntervals	Lick
275.67825	0.10024999999990314	TimeIntervals	Lick
275.845	0.06675000000001319	TimeIntervals	Lick
275.94500000000005	0.0999999999999659	TimeIntervals	Lick
276.0785	0.06649999999996226	TimeIntervals	Lick
276.245	0.06675000000001319	TimeIntervals	Lick
276.345	0.19999999999998863	TimeIntervals	Lick
276.5785	0.1332499999999186	TimeIntervals	Lick
276.7784999999999	0.06650000000013279	TimeIntervals	Lick
276.91200000000003	0.0999999999999659	TimeIntervals	Lick
277.0785	0.06674999999995634	TimeIntervals	Lick
277.3785	0.13350000000002638	TimeIntervals	Lick
277.7784999999999	0.6335000000001401	TimeIntervals	Lick
278.4455	0.30000000000001137	TimeIntervals	Lick
278.91200000000003	0.06674999999995634	TimeIntervals	Lick
279.1455	0.0999999999999659	TimeIntervals	Lick
279.27899999999994	0.06650000000007594	TimeIntervals	Lick
279.41225000000003	0.06674999999995634	TimeIntervals	Lick
279.51225	0.10000000000002274	TimeIntervals	Lick
279.6455	0.0999999999999659	TimeIntervals	Lick
279.77899999999994	0.10000000000002274	TimeIntervals	Lick
279.91225000000003	0.0999999999999659	TimeIntervals	Lick
280.04549999999995	0.10000000000007958	TimeIntervals	Lick
280.17900000000003	0.09999999999990905	TimeIntervals	Lick
280.3125	0.10000000000007958	TimeIntervals	Lick
280.44575000000003	0.1332499999999186	TimeIntervals	Lick
280.61249999999995	0.06650000000007594	TimeIntervals	Lick
280.7125	0.13324999999997544	TimeIntervals	Lick
281.0125	0.0999999999999659	TimeIntervals	Lick
281.14575	0.0999999999999659	TimeIntervals	Lick
281.27899999999994	0.10025000000007367	TimeIntervals	Lick
281.44599999999997	0.10000000000002274	TimeIntervals	Lick
281.61249999999995	0.10000000000002274	TimeIntervals	Lick
282.17925	0.0999999999999659	TimeIntervals	Lick
282.346	0.06675000000007003	TimeIntervals	Lick
282.4795	0.0665000000000191	TimeIntervals	Lick
282.61275	0.0999999999999659	TimeIntervals	Lick
282.94599999999997	0.10000000000002274	TimeIntervals	Lick
283.0795	0.10000000000002274	TimeIntervals	Lick
283.31275000000005	0.0667499999998995	TimeIntervals	Lick
284.8465	0.10000000000002274	TimeIntervals	Lick
285.57974999999993	0.10025000000001683	TimeIntervals	Lick
286.2465	0.0999999999999659	TimeIntervals	Lick
286.41325	0.03325000000000955	TimeIntervals	Lick
286.61325	0.10000000000002274	TimeIntervals	Lick
287.04675	0.10000000000002274	TimeIntervals	Lick
287.21349999999995	0.06650000000007594	TimeIntervals	Lick
287.38	0.10000000000002274	TimeIntervals	Lick
287.54675	0.06675000000007003	TimeIntervals	Lick
287.67999999999995	0.06675000000001319	TimeIntervals	Lick
287.78000000000003	0.20024999999992588	TimeIntervals	Lick
288.0135	0.1999999999999318	TimeIntervals	Lick
288.247	0.0999999999999659	TimeIntervals	Lick
288.38025	0.0999999999999659	TimeIntervals	Lick
288.5135	0.10000000000002274	TimeIntervals	Lick
288.64700000000005	0.23324999999994134	TimeIntervals	Lick
288.9135	0.06700000000000728	TimeIntervals	Lick
289.01375	0.0999999999999659	TimeIntervals	Lick
289.14700000000005	0.0999999999999659	TimeIntervals	Lick
289.31375	0.19999999999998863	TimeIntervals	Lick
289.54699999999997	0.10000000000007958	TimeIntervals	Lick
289.6805	0.23325000000005502	TimeIntervals	Lick
289.947	0.0999999999999659	TimeIntervals	Lick
290.0805	0.33350000000007185	TimeIntervals	Lick
290.44725	0.0999999999999659	TimeIntervals	Lick
290.5805	0.10000000000002274	TimeIntervals	Lick
290.71399999999994	0.10000000000007958	TimeIntervals	Lick
290.84725000000003	0.0999999999999659	TimeIntervals	Lick
290.9805	0.26699999999993906	TimeIntervals	Lick
291.314	0.10000000000002274	TimeIntervals	Lick
291.4475	0.23324999999999818	TimeIntervals	Lick
291.71399999999994	0.10000000000007958	TimeIntervals	Lick
291.8475	0.0999999999999659	TimeIntervals	Lick
292.1475	0.0999999999999659	TimeIntervals	Lick
292.58099999999996	0.1332500000000323	TimeIntervals	Lick
292.74749999999995	0.10000000000007958	TimeIntervals	Lick
292.91425000000004	0.0999999999999659	TimeIntervals	Lick
293.08099999999996	0.10000000000002274	TimeIntervals	Lick
293.41450000000003	0.0999999999999659	TimeIntervals	Lick
293.44775000000004	0.06674999999995634	TimeIntervals	Reward
293.6145	0.5	TimeIntervals	Lick
294.14775	0.30025000000000546	TimeIntervals	Lick
294.48124999999993	0.20000000000010232	TimeIntervals	Lick
294.7145	0.20000000000004547	TimeIntervals	Lick
294.948	0.3332500000000209	TimeIntervals	Lick
295.31449999999995	0.10000000000007958	TimeIntervals	Lick
295.448	0.6334999999999695	TimeIntervals	Lick
296.11475	0.10000000000002274	TimeIntervals	Lick
296.248	0.0999999999999659	TimeIntervals	Lick
296.38149999999996	0.0999999999999659	TimeIntervals	Lick
296.51475	0.13324999999997544	TimeIntervals	Lick
297.915	0.0999999999999659	TimeIntervals	Lick
298.3485	0.033249999999952706	TimeIntervals	Lick
298.78175	0.13350000000008322	TimeIntervals	Lick
299.282	0.0665000000000191	TimeIntervals	Lick
300.44875	0.06674999999995634	TimeIntervals	Lick
300.8155	0.10000000000002274	TimeIntervals	Lick
300.982	0.06699999999989359	TimeIntervals	Lick
301.2155	0.0999999999999659	TimeIntervals	Lick
301.6155	0.06675000000001319	TimeIntervals	Lick
301.78225	0.06675000000007003	TimeIntervals	Lick
301.949	0.06649999999996226	TimeIntervals	Lick
302.0489999999999	0.10000000000007958	TimeIntervals	Lick
302.1825	0.06649999999996226	TimeIntervals	Lick
302.28249999999997	0.20000000000004547	TimeIntervals	Lick
302.51574999999997	0.10000000000002274	TimeIntervals	Lick
302.649	0.0999999999999659	TimeIntervals	Lick
302.78249999999997	0.23324999999999818	TimeIntervals	Lick
303.0489999999999	0.20000000000004547	TimeIntervals	Lick
303.28249999999997	0.10000000000007958	TimeIntervals	Lick
303.41600000000005	0.0999999999999659	TimeIntervals	Lick
303.5492499999999	0.10000000000007958	TimeIntervals	Lick
303.6825	0.0999999999999659	TimeIntervals	Lick
303.81600000000003	0.19999999999998863	TimeIntervals	Lick
304.0824999999999	0.3335000000001287	TimeIntervals	Lick
304.48275	0.06674999999995634	TimeIntervals	Lick
304.58275	0.3667500000000814	TimeIntervals	Lick
304.98275	0.0999999999999659	TimeIntervals	Lick
305.1495	0.09999999999990905	TimeIntervals	Lick
305.31600000000003	0.10000000000002274	TimeIntervals	Lick
305.44950000000006	0.09999999999990905	TimeIntervals	Lick
305.583	0.0999999999999659	TimeIntervals	Lick
305.71625	0.2667500000000018	TimeIntervals	Lick
306.01625	0.10000000000002274	TimeIntervals	Lick
306.383	0.10000000000002274	TimeIntervals	Lick
306.483	0.10000000000002274	TimeIntervals	Reward
306.61650000000003	1.0	TimeIntervals	Lick
307.65	0.19999999999998863	TimeIntervals	Lick
307.8832499999999	0.10000000000013642	TimeIntervals	Lick
308.0165	0.33349999999995816	TimeIntervals	Lick
308.3832499999999	0.10000000000013642	TimeIntervals	Lick
308.5165	0.10000000000002274	TimeIntervals	Lick
308.65	0.0999999999999659	TimeIntervals	Lick
308.7835	0.3332500000000209	TimeIntervals	Lick
309.15	0.0999999999999659	TimeIntervals	Lick
309.2835	0.0999999999999659	TimeIntervals	Lick
309.41675	0.10000000000002274	TimeIntervals	Lick
309.54999999999995	0.10000000000002274	TimeIntervals	Lick
309.6835	0.10000000000002274	TimeIntervals	Lick
309.81675	0.10025000000001683	TimeIntervals	Lick
309.95025000000004	0.0999999999999659	TimeIntervals	Lick
310.0835	0.0999999999999659	TimeIntervals	Lick
310.217	0.23325000000005502	TimeIntervals	Lick
310.48350000000005	0.0999999999999659	TimeIntervals	Lick
310.617	0.0999999999999659	TimeIntervals	Lick
310.75025	0.06674999999995634	TimeIntervals	Lick
310.88349999999997	0.10025000000001683	TimeIntervals	Lick
311.1505	0.1332499999999186	TimeIntervals	Lick
312.184	0.06649999999996226	TimeIntervals	Lick
313.11725000000007	0.10024999999990314	TimeIntervals	Lick
313.284	0.06675000000001319	TimeIntervals	Lick
313.4175	0.033249999999952706	TimeIntervals	Lick
313.6175	0.0665000000000191	TimeIntervals	Lick
314.08399999999995	0.10000000000007958	TimeIntervals	Lick
315.08425	0.10000000000002274	TimeIntervals	Lick
316.55125	0.10000000000002274	TimeIntervals	Lick
316.718	0.033249999999952706	TimeIntervals	Lick
316.85125	0.06675000000001319	TimeIntervals	Lick
316.98449999999997	0.06675000000001319	TimeIntervals	Lick
317.08450000000005	0.2999999999999545	TimeIntervals	Lick
317.418	0.20000000000004547	TimeIntervals	Lick
317.6515	0.09999999999990905	TimeIntervals	Lick
317.78475	0.20000000000004547	TimeIntervals	Lick
318.018	0.33350000000007185	TimeIntervals	Lick
318.38475	0.10000000000002274	TimeIntervals	Lick
318.48475	0.0999999999999659	TimeIntervals	Reward
318.518	0.40025000000008504	TimeIntervals	Lick
318.9515	0.19999999999998863	TimeIntervals	Lick
319.18499999999995	0.6667500000000928	TimeIntervals	Lick
319.885	0.33349999999995816	TimeIntervals	Lick
320.25174999999996	0.3332500000000209	TimeIntervals	Lick
320.6185	0.0999999999999659	TimeIntervals	Lick
320.75174999999996	0.2002500000000964	TimeIntervals	Lick
320.98525	0.0999999999999659	TimeIntervals	Lick
321.1185	0.0999999999999659	TimeIntervals	Lick
321.25199999999995	0.23325000000005502	TimeIntervals	Lick
321.5185	0.1999999999999318	TimeIntervals	Lick
321.75199999999995	0.10000000000007958	TimeIntervals	Lick
321.8852499999999	0.10025000000007367	TimeIntervals	Lick
322.01875	0.10000000000002274	TimeIntervals	Lick
322.15200000000004	0.09999999999990905	TimeIntervals	Lick
322.28549999999996	0.0999999999999659	TimeIntervals	Lick
322.41875000000005	0.0999999999999659	TimeIntervals	Lick
322.552	0.10000000000002274	TimeIntervals	Lick
322.68550000000005	0.09999999999990905	TimeIntervals	Lick
322.81874999999997	0.10000000000007958	TimeIntervals	Lick
322.95200000000006	0.10024999999990314	TimeIntervals	Lick
323.08549999999997	0.26675000000005866	TimeIntervals	Lick
323.3854999999999	0.10000000000007958	TimeIntervals	Lick
323.51899999999995	0.13325000000008913	TimeIntervals	Lick
323.68550000000005	0.09999999999990905	TimeIntervals	Lick
323.819	0.13324999999997544	TimeIntervals	Lick
323.9855	0.0999999999999659	TimeIntervals	Lick
324.119	0.10000000000002274	TimeIntervals	Lick
324.28575	0.06675000000001319	TimeIntervals	Lick
324.41900000000004	0.09999999999990905	TimeIntervals	Lick
324.58574999999996	0.06675000000007003	TimeIntervals	Lick
324.88575	0.06675000000007003	TimeIntervals	Lick
325.05249999999995	0.40000000000009095	TimeIntervals	Lick
325.61925	0.06674999999995634	TimeIntervals	Lick
325.78599999999994	0.33325000000007776	TimeIntervals	Lick
326.35275	0.5332499999998959	TimeIntervals	Lick
326.98600000000005	0.33349999999995816	TimeIntervals	Lick
327.58624999999995	0.13324999999997544	TimeIntervals	Lick
327.98625	0.06675000000001319	TimeIntervals	Lick
329.41975	0.09999999999990905	TimeIntervals	Lick
329.82000000000005	0.06649999999990541	TimeIntervals	Lick
329.95325	0.09999999999990905	TimeIntervals	Lick
330.15324999999996	0.03325000000006639	TimeIntervals	Lick
330.21999999999997	0.10000000000007958	TimeIntervals	Lick
330.35324999999995	0.10000000000007958	TimeIntervals	Lick
330.65324999999996	0.06675000000001319	TimeIntervals	Lick
330.75350000000003	0.19999999999998863	TimeIntervals	Lick
330.98675000000003	0.0999999999999659	TimeIntervals	Lick
331.12000000000006	0.23349999999993543	TimeIntervals	Lick
331.38675	0.10000000000002274	TimeIntervals	Lick
331.5199999999999	0.10000000000013642	TimeIntervals	Lick
331.6535	0.10000000000002274	TimeIntervals	Lick
331.78675	0.10025000000001683	TimeIntervals	Lick
331.92025000000007	0.09999999999990905	TimeIntervals	Lick
332.0535	0.10000000000002274	TimeIntervals	Lick
332.187	0.09999999999990905	TimeIntervals	Lick
332.32025000000004	0.10000000000002274	TimeIntervals	Lick
332.4535	0.0999999999999659	TimeIntervals	Lick
332.587	0.10000000000002274	TimeIntervals	Lick
332.7202499999999	0.10000000000013642	TimeIntervals	Lick
332.887	0.10000000000002274	TimeIntervals	Lick
333.05375000000004	0.0999999999999659	TimeIntervals	Lick
333.187	0.09999999999990905	TimeIntervals	Lick
333.32050000000004	0.0999999999999659	TimeIntervals	Lick
333.487	0.0999999999999659	TimeIntervals	Lick
333.687	0.09999999999990905	TimeIntervals	Lick
333.887	0.10000000000002274	TimeIntervals	Lick
334.0872499999999	0.06675000000007003	TimeIntervals	Lick
334.254	0.0999999999999659	TimeIntervals	Lick
334.454	0.10000000000002274	TimeIntervals	Lick
334.68724999999995	0.10000000000007958	TimeIntervals	Lick
335.0872499999999	0.10025000000007367	TimeIntervals	Lick
335.28749999999997	0.10000000000002274	TimeIntervals	Lick
335.5874999999999	0.10000000000007958	TimeIntervals	Lick
335.954	0.06674999999995634	TimeIntervals	Lick
336.0874999999999	0.20000000000004547	TimeIntervals	Lick
336.35425	0.06675000000007003	TimeIntervals	Lick
336.45425	0.10000000000002274	TimeIntervals	Lick
336.62100000000004	0.0999999999999659	TimeIntervals	Lick
337.58774999999997	0.10000000000002274	TimeIntervals	Lick
337.7545	0.0665000000000191	TimeIntervals	Lick
337.92100000000005	0.06674999999995634	TimeIntervals	Lick
338.05449999999996	0.06650000000007594	TimeIntervals	Lick
338.18775	0.06675000000001319	TimeIntervals	Lick
338.28774999999996	0.10000000000007958	TimeIntervals	Lick
338.42100000000005	0.20024999999992588	TimeIntervals	Lick
338.65450000000004	0.0999999999999659	TimeIntervals	Lick
338.78799999999995	0.10000000000002274	TimeIntervals	Lick
338.9545	0.0999999999999659	TimeIntervals	Lick
339.08799999999997	0.10000000000002274	TimeIntervals	Lick
339.22124999999994	0.10000000000002274	TimeIntervals	Lick
339.3545	0.20025000000003956	TimeIntervals	Lick
339.55475	0.10000000000002274	TimeIntervals	Reward
339.58799999999997	0.4000000000000341	TimeIntervals	Lick
340.0215	0.10000000000002274	TimeIntervals	Lick
340.15475000000004	0.19999999999998863	TimeIntervals	Lick
340.388	0.5335000000000036	TimeIntervals	Lick
340.95500000000004	0.09999999999990905	TimeIntervals	Lick
341.08824999999996	0.20000000000004547	TimeIntervals	Lick
341.3215	0.10000000000002274	TimeIntervals	Lick
341.455	0.333500000000015	TimeIntervals	Lick
341.82175000000007	0.0999999999999659	TimeIntervals	Lick
341.955	0.10000000000002274	TimeIntervals	Lick
342.08849999999995	0.10000000000002274	TimeIntervals	Lick
342.22174999999993	0.10000000000013642	TimeIntervals	Lick
342.355	0.19999999999998863	TimeIntervals	Lick
342.58849999999995	0.10000000000002274	TimeIntervals	Lick
342.72174999999993	0.10025000000007367	TimeIntervals	Lick
342.85524999999996	0.5	TimeIntervals	Lick
343.3885	0.6335000000000264	TimeIntervals	Lick
344.0555	0.10000000000007958	TimeIntervals	Lick
344.18875	0.0999999999999659	TimeIntervals	Lick
344.322	0.10000000000002274	TimeIntervals	Lick
344.48875	0.06675000000001319	TimeIntervals	Lick
344.622	0.03350000000006048	TimeIntervals	Lick
344.68875	0.23324999999999818	TimeIntervals	Lick
344.9555	0.10000000000002274	TimeIntervals	Lick
345.08899999999994	0.1332500000000323	TimeIntervals	Lick
345.28900000000004	0.09999999999990905	TimeIntervals	Lick
345.4555	0.10000000000002274	TimeIntervals	Lick
345.6555000000001	0.0667499999998995	TimeIntervals	Lick
345.78900000000004	0.09999999999990905	TimeIntervals	Lick
345.9555	0.03350000000006048	TimeIntervals	Lick
346.0555	0.10025000000001683	TimeIntervals	Lick
346.35574999999994	1.5335000000000605	TimeIntervals	Lick
347.9225	2.0337499999999977	TimeIntervals	Lick
349.9895	0.1999999999999318	TimeIntervals	Lick
350.25624999999997	0.333500000000015	TimeIntervals	Lick
350.62300000000005	0.09999999999990905	TimeIntervals	Lick
350.8565	0.5665000000000759	TimeIntervals	Lick
351.4565	0.20000000000004547	TimeIntervals	Lick
351.69000000000005	0.0999999999999659	TimeIntervals	Lick
351.8232500000001	0.0999999999999659	TimeIntervals	Lick
351.9565	0.09999999999990905	TimeIntervals	Lick
352.15650000000005	0.06674999999995634	TimeIntervals	Lick
352.29	0.10000000000002274	TimeIntervals	Lick
352.42325000000005	0.09999999999990905	TimeIntervals	Lick
352.5564999999999	0.10000000000013642	TimeIntervals	Lick
352.69000000000005	0.0999999999999659	TimeIntervals	Lick
352.8235	0.10000000000002274	TimeIntervals	Lick
352.95675000000006	0.1999999999999318	TimeIntervals	Lick
353.19000000000005	0.36674999999991087	TimeIntervals	Lick
353.5899999999999	0.10000000000013642	TimeIntervals	Lick
353.72349999999994	0.10000000000007958	TimeIntervals	Lick
353.85699999999997	0.10000000000007958	TimeIntervals	Lick
353.99025	0.0999999999999659	TimeIntervals	Lick
354.12350000000004	0.09999999999990905	TimeIntervals	Lick
354.29024999999996	0.06675000000001319	TimeIntervals	Lick
354.557	0.0999999999999659	TimeIntervals	Lick
354.62350000000004	0.09999999999990905	TimeIntervals	Reward
354.72349999999994	0.10000000000007958	TimeIntervals	Lick
354.85699999999997	0.5	TimeIntervals	Lick
355.3905	0.10000000000007958	TimeIntervals	Lick
355.52375	0.19999999999998863	TimeIntervals	Lick
355.757	0.33349999999995816	TimeIntervals	Lick
356.124	0.0999999999999659	TimeIntervals	Lick
356.25724999999994	0.10000000000002274	TimeIntervals	Lick
356.3905	0.19999999999998863	TimeIntervals	Lick
356.624	0.0999999999999659	TimeIntervals	Lick
356.75724999999994	0.23325000000011187	TimeIntervals	Lick
357.024	0.10000000000002274	TimeIntervals	Lick
357.15749999999997	0.10000000000002274	TimeIntervals	Lick
357.29074999999995	0.10000000000002274	TimeIntervals	Lick
357.42400000000004	0.0999999999999659	TimeIntervals	Lick
357.5575	0.0999999999999659	TimeIntervals	Lick
357.69075	0.0999999999999659	TimeIntervals	Lick
357.82399999999996	0.10000000000007958	TimeIntervals	Lick
357.9575	0.10000000000002274	TimeIntervals	Lick
358.09074999999996	0.13350000000002638	TimeIntervals	Lick
358.2575	0.06675000000001319	TimeIntervals	Lick
358.391	0.06649999999996226	TimeIntervals	Lick
358.52425	1.500249999999994	TimeIntervals	Lick
360.05774999999994	0.13325000000008913	TimeIntervals	Lick
360.25774999999993	0.4335000000000946	TimeIntervals	Lick
360.7244999999999	0.33350000000007185	TimeIntervals	Lick
361.1245	0.09999999999990905	TimeIntervals	Lick
361.2579999999999	0.10000000000007958	TimeIntervals	Lick
361.39124999999996	0.10025000000007367	TimeIntervals	Lick
361.558	0.06675000000001319	TimeIntervals	Lick
361.72475000000003	0.10000000000002274	TimeIntervals	Lick
361.858	0.10000000000002274	TimeIntervals	Lick
361.99150000000003	0.0999999999999659	TimeIntervals	Lick
362.12475	0.06675000000001319	TimeIntervals	Lick
362.22475000000003	0.19999999999998863	TimeIntervals	Lick
362.458	0.0999999999999659	TimeIntervals	Lick
362.5915	0.10000000000002274	TimeIntervals	Lick
362.72499999999997	0.10000000000007958	TimeIntervals	Lick
362.85825	0.0999999999999659	TimeIntervals	Lick
362.99150000000003	0.0999999999999659	TimeIntervals	Lick
363.125	0.0999999999999659	TimeIntervals	Lick
363.2915	0.06675000000001319	TimeIntervals	Lick
363.425	0.0999999999999659	TimeIntervals	Lick
363.55825	0.10025000000001683	TimeIntervals	Lick
363.69175	0.0999999999999659	TimeIntervals	Lick
363.8585	0.10000000000002274	TimeIntervals	Lick
363.99175	0.10000000000002274	TimeIntervals	Lick
364.1585	0.06649999999996226	TimeIntervals	Lick
364.39175	0.10000000000002274	TimeIntervals	Lick
364.5584999999999	0.10000000000007958	TimeIntervals	Lick
364.72499999999997	0.10025000000007367	TimeIntervals	Lick
364.89200000000005	0.06649999999996226	TimeIntervals	Lick
365.02524999999997	0.10000000000002274	TimeIntervals	Lick
365.1585	0.19999999999998863	TimeIntervals	Lick
365.42525000000006	0.16674999999997908	TimeIntervals	Lick
365.62525	0.10000000000002274	TimeIntervals	Lick
365.75849999999997	0.10000000000002274	TimeIntervals	Lick
365.89200000000005	0.36674999999991087	TimeIntervals	Lick
366.32550000000003	0.10000000000002274	TimeIntervals	Lick
366.492	0.06674999999995634	TimeIntervals	Lick
366.65874999999994	0.06675000000007003	TimeIntervals	Lick
366.75874999999996	0.10000000000002274	TimeIntervals	Lick
366.89200000000005	0.10024999999995998	TimeIntervals	Lick
367.05899999999997	0.10000000000002274	TimeIntervals	Lick
367.19225000000006	0.0999999999999659	TimeIntervals	Lick
367.39225	0.10000000000002274	TimeIntervals	Lick
367.6255	0.06675000000007003	TimeIntervals	Lick
367.82550000000003	0.10000000000002274	TimeIntervals	Lick
368.05899999999997	0.10000000000002274	TimeIntervals	Lick
368.1925	0.0665000000000191	TimeIntervals	Lick
368.32575	0.06674999999995634	TimeIntervals	Lick
368.42575000000005	0.09999999999990905	TimeIntervals	Lick
368.55899999999997	0.10000000000002274	TimeIntervals	Lick
368.759	0.0999999999999659	TimeIntervals	Lick
368.9925	0.06649999999996226	TimeIntervals	Lick
369.25925	0.06675000000001319	TimeIntervals	Lick
369.726	0.10000000000002274	TimeIntervals	Lick
370.126	0.0665000000000191	TimeIntervals	Lick
370.25949999999995	0.06650000000007594	TimeIntervals	Lick
370.45950000000005	0.06649999999996226	TimeIntervals	Lick
370.59275	0.06674999999995634	TimeIntervals	Lick
370.69275000000005	0.09999999999990905	TimeIntervals	Lick
370.95950000000005	0.06649999999996226	TimeIntervals	Lick
371.09275	0.06674999999995634	TimeIntervals	Lick
371.3595	0.10000000000002274	TimeIntervals	Lick
371.5595	0.0999999999999659	TimeIntervals	Lick
371.79299999999995	0.10000000000002274	TimeIntervals	Lick
371.95950000000005	0.0999999999999659	TimeIntervals	Lick
372.193	0.0999999999999659	TimeIntervals	Lick
372.49300000000005	0.10000000000002274	TimeIntervals	Lick
372.65975	0.10000000000002274	TimeIntervals	Lick
372.85975	0.10000000000002274	TimeIntervals	Lick
373.193	0.06675000000001319	TimeIntervals	Lick
373.29299999999995	0.06675000000007003	TimeIntervals	Lick
373.42650000000003	0.09999999999990905	TimeIntervals	Lick
373.65999999999997	0.10000000000002274	TimeIntervals	Lick
373.85999999999996	0.06650000000007594	TimeIntervals	Lick
374.02649999999994	0.10000000000007958	TimeIntervals	Lick
374.15999999999997	0.06650000000007594	TimeIntervals	Lick
374.29324999999994	0.10000000000007958	TimeIntervals	Lick
374.42650000000003	0.09999999999990905	TimeIntervals	Lick
374.55999999999995	0.33350000000007185	TimeIntervals	Lick
374.92675	0.0999999999999659	TimeIntervals	Lick
375.05999999999995	0.10000000000002274	TimeIntervals	Lick
375.19350000000003	0.0999999999999659	TimeIntervals	Lick
375.32675	0.10000000000002274	TimeIntervals	Lick
375.46	0.0999999999999659	TimeIntervals	Lick
375.59349999999995	0.10000000000007958	TimeIntervals	Lick
375.69350000000003	0.06649999999996226	TimeIntervals	Reward
375.72675000000004	0.10024999999995998	TimeIntervals	Lick
375.86025	0.19999999999998863	TimeIntervals	Lick
376.09349999999995	0.06675000000001319	TimeIntervals	Lick
376.19350000000003	0.19999999999998863	TimeIntervals	Lick
376.427	0.2999999999999545	TimeIntervals	Lick
376.7602499999999	0.20025000000015325	TimeIntervals	Lick
376.99375000000003	0.1999999999999318	TimeIntervals	Lick
377.227	0.33350000000007185	TimeIntervals	Lick
377.59375	0.0999999999999659	TimeIntervals	Lick
377.727	0.10000000000002274	TimeIntervals	Lick
377.8605	0.10000000000007958	TimeIntervals	Lick
377.994	0.1332500000000323	TimeIntervals	Lick
378.16049999999996	0.0999999999999659	TimeIntervals	Lick
378.294	0.10000000000002274	TimeIntervals	Lick
378.4605000000001	0.0999999999999659	TimeIntervals	Lick
378.62725000000006	0.06674999999995634	TimeIntervals	Lick
378.7604999999999	0.10000000000007958	TimeIntervals	Lick
378.92725	0.10000000000002274	TimeIntervals	Lick
379.12750000000005	0.06649999999996226	TimeIntervals	Lick
379.52750000000003	0.06649999999990541	TimeIntervals	Lick
379.66075	0.06675000000001319	TimeIntervals	Lick
379.86075	0.19999999999998863	TimeIntervals	Lick
380.19424999999995	0.13325000000008913	TimeIntervals	Lick
380.52750000000003	0.06674999999995634	TimeIntervals	Lick
381.061	0.13324999999997544	TimeIntervals	Lick
381.26099999999997	0.06675000000001319	TimeIntervals	Lick
381.6945	0.06649999999996226	TimeIntervals	Lick
381.8945	0.0665000000000191	TimeIntervals	Lick
382.4945000000001	1.5669999999999504	TimeIntervals	Lick
384.49475000000007	0.06674999999995634	TimeIntervals	Lick
384.695	0.10000000000002274	TimeIntervals	Lick
384.8615	0.13350000000002638	TimeIntervals	Lick
385.09499999999997	0.10000000000002274	TimeIntervals	Lick
385.22824999999995	0.06675000000007003	TimeIntervals	Lick
385.32824999999997	0.13325000000008913	TimeIntervals	Lick
385.495	0.0999999999999659	TimeIntervals	Lick
385.96175	0.06675000000001319	TimeIntervals	Lick
386.295	0.0999999999999659	TimeIntervals	Lick
387.12850000000003	0.0999999999999659	TimeIntervals	Lick
387.46200000000005	0.13324999999986176	TimeIntervals	Lick
387.6619999999999	0.10000000000007958	TimeIntervals	Lick
389.029	0.03325000000000955	TimeIntervals	Lick
389.26225	0.06675000000001319	TimeIntervals	Lick
389.86225	0.0999999999999659	TimeIntervals	Lick
390.4625	0.10000000000002274	TimeIntervals	Lick
390.6290000000001	0.09999999999990905	TimeIntervals	Lick
390.79575	0.0999999999999659	TimeIntervals	Lick
390.92900000000003	0.06674999999995634	TimeIntervals	Lick
391.0625	0.06650000000007594	TimeIntervals	Lick
391.16249999999997	0.06675000000001319	TimeIntervals	Lick
391.2625	0.30000000000001137	TimeIntervals	Lick
391.596	0.19999999999998863	TimeIntervals	Lick
391.82925	0.10000000000002274	TimeIntervals	Lick
391.9625	0.19999999999998863	TimeIntervals	Lick
392.19599999999997	0.10000000000002274	TimeIntervals	Lick
392.3295	0.20000000000004547	TimeIntervals	Lick
392.56275	0.10000000000002274	TimeIntervals	Lick
392.7295	0.10000000000002274	TimeIntervals	Reward
392.7295	0.0665000000000191	TimeIntervals	Lick
392.8295	0.6335000000000264	TimeIntervals	Lick
393.49625	0.43325000000004366	TimeIntervals	Lick
393.963	0.4332499999999868	TimeIntervals	Lick
394.4295	0.10025000000001683	TimeIntervals	Lick
394.563	0.19999999999998863	TimeIntervals	Lick
394.7965	0.20000000000004547	TimeIntervals	Lick
395.02975000000004	0.19999999999998863	TimeIntervals	Lick
395.263	0.10000000000002274	TimeIntervals	Lick
395.3965	0.333500000000015	TimeIntervals	Lick
395.76324999999997	0.0999999999999659	TimeIntervals	Lick
395.8965	0.10000000000002274	TimeIntervals	Lick
396.03	0.10000000000002274	TimeIntervals	Lick
396.16325	0.0999999999999659	TimeIntervals	Lick
396.2965	0.10000000000002274	TimeIntervals	Lick
396.43	0.0999999999999659	TimeIntervals	Lick
396.56325	0.10025000000001683	TimeIntervals	Lick
396.69675	0.10000000000002274	TimeIntervals	Lick
396.83	0.10000000000002274	TimeIntervals	Lick
396.9635	0.0999999999999659	TimeIntervals	Lick
397.09674999999993	0.10000000000007958	TimeIntervals	Lick
397.23	0.0999999999999659	TimeIntervals	Lick
397.36350000000004	0.13324999999997544	TimeIntervals	Lick
397.53	0.10000000000002274	TimeIntervals	Lick
397.6635	0.0999999999999659	TimeIntervals	Lick
397.79699999999997	0.10000000000007958	TimeIntervals	Lick
397.93025000000006	0.0999999999999659	TimeIntervals	Lick
398.0635	0.13349999999996953	TimeIntervals	Lick
398.26349999999996	0.06675000000007003	TimeIntervals	Lick
398.39700000000005	0.06649999999996226	TimeIntervals	Lick
398.53025	0.06674999999995634	TimeIntervals	Lick
398.79699999999997	0.06675000000001319	TimeIntervals	Lick
398.89700000000005	0.16674999999992224	TimeIntervals	Lick
399.96399999999994	0.06650000000013279	TimeIntervals	Lick
400.46399999999994	0.0999999999999659	TimeIntervals	Lick
401.0639999999999	0.16675000000003593	TimeIntervals	Lick
401.29749999999996	0.166499999999985	TimeIntervals	Lick
401.53075	0.0999999999999659	TimeIntervals	Lick
401.6975	0.06649999999990541	TimeIntervals	Lick
401.79749999999996	0.10000000000002274	TimeIntervals	Lick
401.96399999999994	0.0999999999999659	TimeIntervals	Lick
402.13100000000003	0.0999999999999659	TimeIntervals	Lick
402.2642499999999	0.10000000000007958	TimeIntervals	Lick
402.46425	0.06675000000001319	TimeIntervals	Lick
402.56424999999996	0.1332500000000323	TimeIntervals	Lick
402.7642499999999	0.10000000000007958	TimeIntervals	Lick
402.96425	0.06675000000001319	TimeIntervals	Lick
403.29775	0.06675000000001319	TimeIntervals	Lick
403.63100000000003	0.0667499999998995	TimeIntervals	Lick
403.76449999999994	0.06650000000007594	TimeIntervals	Lick
404.16450000000003	0.5667499999999563	TimeIntervals	Lick
404.99800000000005	0.09999999999990905	TimeIntervals	Lick
405.3645	0.13350000000002638	TimeIntervals	Lick
405.7315	0.0665000000000191	TimeIntervals	Lick
406.96500000000003	0.09999999999990905	TimeIntervals	Lick
407.69849999999997	0.10000000000007958	TimeIntervals	Lick
408.43175	0.06675000000001319	TimeIntervals	Lick
408.79850000000005	0.06674999999995634	TimeIntervals	Lick
409.7652499999999	0.06675000000007003	TimeIntervals	Lick
410.29875	0.03325000000000955	TimeIntervals	Lick
410.69875	0.0667499999998995	TimeIntervals	Lick
411.23224999999996	0.033249999999952706	TimeIntervals	Lick
411.66549999999995	0.0999999999999659	TimeIntervals	Lick
412.099	0.06674999999995634	TimeIntervals	Lick
412.299	0.06675000000001319	TimeIntervals	Lick
412.499	0.06674999999995634	TimeIntervals	Lick
413.26599999999996	0.10000000000002274	TimeIntervals	Lick
415.56624999999997	0.10000000000002274	TimeIntervals	Lick
416.49975	0.10000000000002274	TimeIntervals	Lick
416.63300000000004	0.06674999999995634	TimeIntervals	Lick
416.7664999999999	0.10000000000013642	TimeIntervals	Lick
416.89975	0.10000000000002274	TimeIntervals	Lick
417.06649999999996	0.06650000000007594	TimeIntervals	Lick
417.1665	0.20000000000004547	TimeIntervals	Lick
417.39975	0.06675000000001319	TimeIntervals	Lick
417.5	0.06649999999996226	TimeIntervals	Lick
417.59999999999997	0.10000000000002274	TimeIntervals	Lick
417.73325	0.06674999999995634	TimeIntervals	Lick
417.83324999999996	0.23324999999999818	TimeIntervals	Lick
418.09999999999997	0.0665000000000191	TimeIntervals	Lick
418.2	0.0999999999999659	TimeIntervals	Lick
418.33324999999996	0.10000000000002274	TimeIntervals	Lick
418.4665	0.06675000000001319	TimeIntervals	Lick
418.56649999999996	0.10025000000001683	TimeIntervals	Lick
418.7	0.6335000000000264	TimeIntervals	Lick
418.8335	0.06649999999996226	TimeIntervals	Reward
419.36675	0.06675000000001319	TimeIntervals	Lick
419.46675000000005	0.9002499999999145	TimeIntervals	Lick
420.40024999999997	0.10000000000002274	TimeIntervals	Lick
420.5335	0.19999999999998863	TimeIntervals	Lick
420.767	0.20000000000004547	TimeIntervals	Lick
421.0005	0.10000000000002274	TimeIntervals	Lick
421.13375	0.0999999999999659	TimeIntervals	Lick
421.267	0.6335000000000264	TimeIntervals	Lick
421.934	0.09999999999990905	TimeIntervals	Lick
422.06725000000006	0.06674999999995634	TimeIntervals	Lick
422.2005	0.2335000000000491	TimeIntervals	Lick
422.46725000000004	0.10000000000002274	TimeIntervals	Lick
422.6005	0.13349999999996953	TimeIntervals	Lick
423.4675	0.06649999999996226	TimeIntervals	Lick
424.03399999999993	0.06700000000006412	TimeIntervals	Lick
424.201	0.666499999999985	TimeIntervals	Lick
425.1675	0.20024999999998272	TimeIntervals	Lick
425.801	0.06675000000001319	TimeIntervals	Lick
426.33450000000005	2.666999999999973	TimeIntervals	Lick
429.03499999999997	0.06650000000007594	TimeIntervals	Lick
429.16824999999994	0.06675000000001319	TimeIntervals	Lick
429.435	0.0665000000000191	TimeIntervals	Lick
429.63500000000005	0.033499999999946795	TimeIntervals	Lick
429.835	0.10000000000002274	TimeIntervals	Lick
430.00175	0.1332500000000323	TimeIntervals	Lick
430.802	0.06649999999996226	TimeIntervals	Lick
431.10200000000003	0.0999999999999659	TimeIntervals	Lick
434.03575	0.10000000000002274	TimeIntervals	Lick
434.53575	0.10000000000002274	TimeIntervals	Lick
434.9025	0.06650000000007594	TimeIntervals	Lick
435.00250000000005	0.0999999999999659	TimeIntervals	Lick
435.136	0.19999999999998863	TimeIntervals	Lick
435.36925	0.06674999999995634	TimeIntervals	Lick
435.46925000000005	0.09999999999990905	TimeIntervals	Lick
435.6025	0.06674999999995634	TimeIntervals	Lick
435.70250000000004	0.09999999999990905	TimeIntervals	Lick
435.836	1.099999999999966	TimeIntervals	Lick
435.9025	0.03350000000000364	TimeIntervals	Reward
436.9695	0.19999999999998863	TimeIntervals	Lick
437.20275	0.20025000000003956	TimeIntervals	Lick
437.43625	0.20000000000010232	TimeIntervals	Lick
437.66949999999997	0.333500000000015	TimeIntervals	Lick
438.03625	0.10000000000007958	TimeIntervals	Lick
438.16949999999997	0.20000000000004547	TimeIntervals	Lick
438.403	0.0999999999999659	TimeIntervals	Lick
438.5365	0.10000000000002274	TimeIntervals	Lick
438.66974999999996	0.10000000000007958	TimeIntervals	Lick
438.803	0.10000000000002274	TimeIntervals	Lick
438.9365	0.0999999999999659	TimeIntervals	Lick
439.06974999999994	0.10000000000002274	TimeIntervals	Lick
439.20300000000003	0.0999999999999659	TimeIntervals	Lick
439.33650000000006	0.0999999999999659	TimeIntervals	Lick
439.47	0.1332499999999186	TimeIntervals	Lick
439.9365	0.06674999999995634	TimeIntervals	Lick
447.57099999999997	0.10000000000002274	TimeIntervals	Lick
447.7045	0.0665000000000191	TimeIntervals	Lick
447.80449999999996	0.10000000000007958	TimeIntervals	Lick
448.0045	0.06649999999996226	TimeIntervals	Lick
448.1045	0.10000000000002274	TimeIntervals	Lick
448.271	0.06699999999995043	TimeIntervals	Lick
448.37125	0.10000000000002274	TimeIntervals	Lick
448.5045	0.06674999999995634	TimeIntervals	Lick
448.6045	0.06675000000001319	TimeIntervals	Lick
448.7045	0.0999999999999659	TimeIntervals	Lick
448.83799999999997	0.06650000000007594	TimeIntervals	Lick
448.938	0.10000000000002274	TimeIntervals	Lick
449.07124999999996	0.10000000000002274	TimeIntervals	Lick
449.2045	0.06675000000001319	TimeIntervals	Lick
449.30449999999996	0.10025000000007367	TimeIntervals	Lick
449.438	0.4667500000000473	TimeIntervals	Lick
449.938	0.10000000000002274	TimeIntervals	Lick
449.938	0.03350000000006048	TimeIntervals	Reward
450.07149999999996	0.6335000000000264	TimeIntervals	Lick
450.73824999999994	0.20000000000004547	TimeIntervals	Lick
450.97150000000005	0.09999999999990905	TimeIntervals	Lick
451.105	0.0999999999999659	TimeIntervals	Lick
451.23824999999994	0.20000000000004547	TimeIntervals	Lick
451.47150000000005	0.09999999999990905	TimeIntervals	Lick
451.605	0.4667500000000473	TimeIntervals	Lick
452.105	0.0999999999999659	TimeIntervals	Lick
452.2385	0.0999999999999659	TimeIntervals	Lick
452.37175	0.0999999999999659	TimeIntervals	Lick
452.505	0.10000000000002274	TimeIntervals	Lick
452.6385	0.1334999999999127	TimeIntervals	Lick
452.80525	0.10000000000002274	TimeIntervals	Lick
452.9385	0.10000000000002274	TimeIntervals	Lick
453.072	0.13324999999997544	TimeIntervals	Lick
453.2385	0.06675000000001319	TimeIntervals	Lick
453.472	0.0665000000000191	TimeIntervals	Lick
453.8055	0.1332500000000323	TimeIntervals	Lick
460.70649999999995	0.10000000000002274	TimeIntervals	Lick
463.6735	0.0999999999999659	TimeIntervals	Lick
469.6745	0.0999999999999659	TimeIntervals	Lick
469.80775000000006	0.0999999999999659	TimeIntervals	Lick
469.94100000000003	0.06674999999995634	TimeIntervals	Lick
470.10774999999995	0.06675000000007003	TimeIntervals	Lick
470.241	0.06700000000006412	TimeIntervals	Lick
470.34125	0.30000000000001137	TimeIntervals	Lick
470.6745	0.43349999999992406	TimeIntervals	Lick
471.14125	0.10000000000002274	TimeIntervals	Lick
471.2745	0.20025000000003956	TimeIntervals	Lick
471.508	0.0999999999999659	TimeIntervals	Lick
471.6415	0.10000000000002274	TimeIntervals	Lick
471.7747499999999	0.20000000000010232	TimeIntervals	Lick
471.97475000000003	0.0999999999999659	TimeIntervals	Reward
472.008	0.5002499999999941	TimeIntervals	Lick
472.5415	0.20000000000004547	TimeIntervals	Lick
472.7749999999999	0.10000000000007958	TimeIntervals	Lick
472.90825	0.19999999999998863	TimeIntervals	Lick
473.1415	0.33349999999995816	TimeIntervals	Lick
473.50825	0.10025000000001683	TimeIntervals	Lick
473.64175	0.3332499999999641	TimeIntervals	Lick
474.00849999999997	0.10000000000002274	TimeIntervals	Lick
474.14175	0.10000000000002274	TimeIntervals	Lick
474.2749999999999	0.10000000000007958	TimeIntervals	Lick
474.4085	0.0999999999999659	TimeIntervals	Lick
474.54175	0.10025000000007367	TimeIntervals	Lick
474.67524999999995	0.0999999999999659	TimeIntervals	Lick
474.80850000000004	0.0999999999999659	TimeIntervals	Lick
474.942	0.0999999999999659	TimeIntervals	Lick
475.07525	0.0999999999999659	TimeIntervals	Lick
475.2085	0.26675000000005866	TimeIntervals	Lick
475.50849999999997	0.10000000000002274	TimeIntervals	Lick
475.64200000000005	0.09999999999990905	TimeIntervals	Lick
475.77549999999997	0.1332500000000323	TimeIntervals	Lick
475.942	0.0999999999999659	TimeIntervals	Lick
476.0755	0.10000000000002274	TimeIntervals	Lick
476.24199999999996	0.10000000000007958	TimeIntervals	Lick
476.40875	0.06675000000001319	TimeIntervals	Lick
476.542	0.10000000000007958	TimeIntervals	Lick
476.70875	0.0999999999999659	TimeIntervals	Lick
476.8755	0.06675000000007003	TimeIntervals	Lick
477.509	0.06649999999996226	TimeIntervals	Lick
478.57574999999997	0.06675000000001319	TimeIntervals	Lick
482.77649999999994	0.10000000000007958	TimeIntervals	Lick
483.41	0.0665000000000191	TimeIntervals	Lick
491.27774999999997	0.0999999999999659	TimeIntervals	Lick
491.41100000000006	0.06675000000001319	TimeIntervals	Lick
491.7445000000001	0.09999999999990905	TimeIntervals	Lick
491.87774999999993	0.10000000000013642	TimeIntervals	Lick
492.0445	0.06649999999996226	TimeIntervals	Lick
493.44475	0.10000000000002274	TimeIntervals	Lick
493.61150000000004	0.03325000000000955	TimeIntervals	Lick
493.7115	0.10000000000007958	TimeIntervals	Lick
493.84475	0.10000000000002274	TimeIntervals	Lick
495.07824999999997	0.0999999999999659	TimeIntervals	Lick
495.44500000000005	0.0999999999999659	TimeIntervals	Lick
495.5785	0.06649999999990541	TimeIntervals	Lick
495.71175	0.26675000000005866	TimeIntervals	Lick
496.01175	0.19999999999998863	TimeIntervals	Lick
496.245	0.10000000000007958	TimeIntervals	Lick
496.3785	0.06650000000007594	TimeIntervals	Lick
496.47850000000005	0.33349999999995816	TimeIntervals	Lick
496.84525	0.0999999999999659	TimeIntervals	Lick
496.97850000000005	0.0999999999999659	TimeIntervals	Lick
497.04525	0.06675000000001319	TimeIntervals	Reward
497.112	0.19999999999998863	TimeIntervals	Lick
497.34525	0.6335000000000264	TimeIntervals	Lick
498.01200000000006	0.1999999999999318	TimeIntervals	Lick
498.2455	0.20000000000010232	TimeIntervals	Lick
498.47875000000005	0.766749999999945	TimeIntervals	Lick
499.279	0.0999999999999659	TimeIntervals	Lick
499.41225000000003	0.0999999999999659	TimeIntervals	Lick
499.54549999999995	0.13350000000008322	TimeIntervals	Lick
499.71225000000004	0.0999999999999659	TimeIntervals	Lick
499.84549999999996	0.10025000000007367	TimeIntervals	Lick
499.979	0.06674999999995634	TimeIntervals	Lick
500.11250000000007	0.06649999999996226	TimeIntervals	Lick
500.279	0.06674999999995634	TimeIntervals	Lick
500.74575	0.06675000000001319	TimeIntervals	Lick
501.07924999999994	0.06675000000007003	TimeIntervals	Lick
501.54599999999994	0.06650000000013279	TimeIntervals	Lick
505.27975	0.06675000000001319	TimeIntervals	Lick
506.01324999999997	0.06675000000001319	TimeIntervals	Lick
507.4135	0.03325000000006639	TimeIntervals	Lick
507.71349999999995	0.03350000000006048	TimeIntervals	Lick
508.18025000000006	0.06674999999995634	TimeIntervals	Lick
508.8804999999999	0.06650000000007594	TimeIntervals	Lick
509.01375	0.06674999999995634	TimeIntervals	Lick
509.247	0.06674999999995634	TimeIntervals	Lick
509.68050000000005	0.06649999999996226	TimeIntervals	Lick
510.14725000000004	0.06675000000001319	TimeIntervals	Lick
510.64725000000004	0.03325000000000955	TimeIntervals	Lick
511.41400000000004	0.06674999999995634	TimeIntervals	Lick
517.34825	0.06674999999995634	TimeIntervals	Lick
520.7155	0.06650000000013279	TimeIntervals	Lick
520.949	0.06650000000013279	TimeIntervals	Lick
521.08225	0.06675000000007003	TimeIntervals	Lick
521.18225	0.10000000000013642	TimeIntervals	Lick
521.3155	0.09999999999990905	TimeIntervals	Lick
521.449	0.16650000000004184	TimeIntervals	Lick
521.6490000000001	0.06649999999990541	TimeIntervals	Lick
521.749	0.10000000000002274	TimeIntervals	Lick
521.8825	0.06649999999990541	TimeIntervals	Lick
521.9825	0.10000000000013642	TimeIntervals	Lick
522.1157499999999	0.1999999999999318	TimeIntervals	Lick
522.349	0.20000000000004547	TimeIntervals	Lick
522.5825000000001	0.09999999999990905	TimeIntervals	Lick
522.7157500000001	0.09999999999979536	TimeIntervals	Lick
522.849	0.09999999999990905	TimeIntervals	Lick
522.9825	0.10000000000013642	TimeIntervals	Lick
523.0825000000001	0.09999999999990905	TimeIntervals	Reward
523.116	0.39999999999997726	TimeIntervals	Lick
523.54925	0.20000000000004547	TimeIntervals	Lick
523.7825000000001	0.06674999999984266	TimeIntervals	Lick
523.8825	0.09999999999990905	TimeIntervals	Lick
524.016	0.10000000000002274	TimeIntervals	Lick
524.1495000000001	0.1999999999999318	TimeIntervals	Lick
524.38275	0.10000000000002274	TimeIntervals	Lick
524.516	0.33350000000007185	TimeIntervals	Lick
524.88275	0.10000000000002274	TimeIntervals	Lick
525.016	0.10000000000002274	TimeIntervals	Lick
525.1495000000001	0.09999999999990905	TimeIntervals	Lick
525.2830000000001	0.09999999999990905	TimeIntervals	Lick
525.4162500000001	0.09999999999979536	TimeIntervals	Lick
525.5495	0.10000000000013642	TimeIntervals	Lick
525.6830000000001	0.06649999999990541	TimeIntervals	Lick
525.7830000000001	0.09999999999990905	TimeIntervals	Lick
525.9162500000001	0.09999999999979536	TimeIntervals	Lick
526.083	0.10000000000013642	TimeIntervals	Lick
526.21625	0.10024999999995998	TimeIntervals	Lick
526.34975	0.10000000000002274	TimeIntervals	Lick
526.4830000000001	0.09999999999990905	TimeIntervals	Lick
526.6165000000001	0.09999999999990905	TimeIntervals	Lick
526.7497500000001	0.13324999999997544	TimeIntervals	Lick
526.9165000000002	0.2332499999998845	TimeIntervals	Lick
527.1830000000001	0.10000000000002274	TimeIntervals	Lick
527.34975	0.10024999999995998	TimeIntervals	Lick
527.4832500000001	0.09999999999990905	TimeIntervals	Lick
527.6165000000001	0.09999999999990905	TimeIntervals	Lick
527.75	0.09999999999990905	TimeIntervals	Lick
527.9499999999999	0.03325000000018008	TimeIntervals	Lick
528.2832500000002	0.09999999999990905	TimeIntervals	Lick
528.51675	0.03325000000006639	TimeIntervals	Lick
528.7835000000001	0.09999999999979536	TimeIntervals	Lick
528.9835000000002	0.09999999999990905	TimeIntervals	Lick
529.11675	0.06675000000007003	TimeIntervals	Lick
531.5169999999999	0.10000000000002274	TimeIntervals	Lick
532.1505000000001	0.10000000000002274	TimeIntervals	Reward
532.31725	2.367000000000303	TimeIntervals	Lick
534.7175	0.10000000000002274	TimeIntervals	Lick
534.851	0.09999999999990905	TimeIntervals	Lick
535.0174999999999	0.10025000000007367	TimeIntervals	Lick
535.151	0.10000000000013642	TimeIntervals	Lick
535.2845000000002	0.09999999999979536	TimeIntervals	Lick
535.41775	0.10000000000002274	TimeIntervals	Lick
535.551	0.09999999999990905	TimeIntervals	Lick
535.6845000000001	0.10000000000013642	TimeIntervals	Lick
535.81775	0.09999999999990905	TimeIntervals	Lick
535.9509999999999	0.10000000000013642	TimeIntervals	Lick
536.0845	0.10000000000002274	TimeIntervals	Lick
536.25125	0.06674999999995634	TimeIntervals	Lick
536.3845	0.10000000000002274	TimeIntervals	Lick
536.718	0.06650000000024647	TimeIntervals	Lick
536.8512499999999	0.06674999999995634	TimeIntervals	Lick
539.8185	0.10000000000002274	TimeIntervals	Lick
539.95175	0.06674999999995634	TimeIntervals	Lick
540.0850000000002	0.06674999999984266	TimeIntervals	Lick
540.15175	0.06675000000007003	TimeIntervals	Reward
540.2185000000001	1.0335000000000036	TimeIntervals	Lick
541.2852500000001	0.1999999999999318	TimeIntervals	Lick
541.5184999999999	0.2002500000000964	TimeIntervals	Lick
541.7520000000001	0.33349999999995816	TimeIntervals	Lick
542.11875	0.10000000000002274	TimeIntervals	Lick
542.2520000000001	0.10000000000002274	TimeIntervals	Lick
542.3855	0.10000000000002274	TimeIntervals	Lick
542.5187500000001	0.09999999999990905	TimeIntervals	Lick
542.652	0.10000000000002274	TimeIntervals	Lick
542.7855000000001	0.09999999999990905	TimeIntervals	Lick
542.919	0.10000000000002274	TimeIntervals	Lick
543.05225	0.13325000000008913	TimeIntervals	Lick
543.219	0.0665000000000191	TimeIntervals	Lick
543.4855	0.03350000000000364	TimeIntervals	Lick
543.6855	0.10000000000002274	TimeIntervals	Lick
543.8189999999998	0.10000000000013642	TimeIntervals	Lick
544.1525000000001	0.09999999999990905	TimeIntervals	Lick
544.5857500000002	0.06674999999995634	TimeIntervals	Lick
545.0525	0.10000000000013642	TimeIntervals	Lick
545.3525	0.06674999999995634	TimeIntervals	Lick
545.5192499999999	0.10000000000013642	TimeIntervals	Lick
545.8525	0.33350000000007185	TimeIntervals	Lick
546.186	0.10000000000013642	TimeIntervals	Reward
546.3195000000001	0.2999999999999545	TimeIntervals	Lick
546.65275	2.300250000000119	TimeIntervals	Lick
548.9865000000001	0.10000000000002274	TimeIntervals	Lick
549.11975	0.10000000000013642	TimeIntervals	Lick
549.2530000000002	0.09999999999990905	TimeIntervals	Lick
549.3865000000001	0.10000000000002274	TimeIntervals	Lick
549.52	0.23325000000011187	TimeIntervals	Lick
549.7865	0.5	TimeIntervals	Lick
550.32	0.09999999999990905	TimeIntervals	Lick
550.4535	0.10000000000002274	TimeIntervals	Lick
550.5867500000002	0.09999999999990905	TimeIntervals	Lick
550.72	0.10000000000002274	TimeIntervals	Lick
550.88675	0.06674999999995634	TimeIntervals	Lick
551.0535	0.10000000000002274	TimeIntervals	Lick
551.22	0.10000000000002274	TimeIntervals	Lick
551.38675	0.06674999999995634	TimeIntervals	Lick
551.52	0.10025000000007367	TimeIntervals	Lick
551.6535	0.06675000000007003	TimeIntervals	Lick
551.7535000000001	0.10000000000002274	TimeIntervals	Lick
551.8870000000001	0.06649999999990541	TimeIntervals	Lick
552.0202499999999	0.23325000000022555	TimeIntervals	Lick
552.2870000000001	0.0665000000000191	TimeIntervals	Lick
552.3870000000001	0.09999999999990905	TimeIntervals	Lick
552.5202499999999	0.2335000000001628	TimeIntervals	Lick
552.7870000000001	0.09999999999990905	TimeIntervals	Lick
552.9205	0.10000000000002274	TimeIntervals	Lick
553.05375	0.8002500000001191	TimeIntervals	Lick
553.187	0.06675000000007003	TimeIntervals	Reward
553.8872500000001	0.10000000000002274	TimeIntervals	Lick
554.0205	0.20000000000004547	TimeIntervals	Lick
554.254	0.1999999999999318	TimeIntervals	Lick
554.4872500000001	0.09999999999990905	TimeIntervals	Lick
554.6205000000001	0.20000000000004547	TimeIntervals	Lick
554.8540000000002	0.09999999999979536	TimeIntervals	Lick
554.9875000000001	0.10000000000002274	TimeIntervals	Lick
555.12075	0.10000000000002274	TimeIntervals	Lick
555.254	0.10000000000013642	TimeIntervals	Lick
555.3875000000002	0.2332499999998845	TimeIntervals	Lick
555.654	0.10000000000002274	TimeIntervals	Lick
555.7875	0.10000000000013642	TimeIntervals	Lick
555.9207499999999	0.2667500000001155	TimeIntervals	Lick
556.221	0.13325000000020282	TimeIntervals	Lick
556.521	0.10000000000013642	TimeIntervals	Lick
556.6875	0.10000000000002274	TimeIntervals	Lick
557.221	0.06675000000007003	TimeIntervals	Lick
557.521	0.06675000000018372	TimeIntervals	Lick
557.721	0.06675000000007003	TimeIntervals	Lick
557.8545000000001	0.3999999999998636	TimeIntervals	Lick
558.3545000000001	0.09999999999979536	TimeIntervals	Lick
558.8880000000003	0.03324999999972533	TimeIntervals	Lick
558.988	0.10000000000002274	TimeIntervals	Lick
559.12125	0.06674999999995634	TimeIntervals	Lick
559.2215000000001	0.06649999999990541	TimeIntervals	Lick
559.8547500000002	0.06674999999984266	TimeIntervals	Lick
561.5885	0.10000000000002274	TimeIntervals	Lick
561.8550000000001	0.09999999999979536	TimeIntervals	Lick
562.02175	0.10000000000025011	TimeIntervals	Lick
562.2885000000001	0.10000000000002274	TimeIntervals	Lick
562.4885	0.09999999999990905	TimeIntervals	Lick
562.9219999999999	0.10000000000013642	TimeIntervals	Lick
563.0885	0.06675000000018372	TimeIntervals	Lick
563.55525	0.10025000000007367	TimeIntervals	Lick
563.68875	0.10000000000013642	TimeIntervals	Lick
563.8887500000001	0.06674999999995634	TimeIntervals	Lick
564.722	0.10025000000007367	TimeIntervals	Lick
564.8890000000001	0.06649999999990541	TimeIntervals	Lick
565.089	0.16650000000004184	TimeIntervals	Lick
565.32225	0.03325000000006639	TimeIntervals	Lick
565.4222500000001	0.09999999999990905	TimeIntervals	Lick
565.5555	0.10000000000002274	TimeIntervals	Lick
565.689	0.06650000000013279	TimeIntervals	Lick
565.7890000000002	0.09999999999990905	TimeIntervals	Lick
565.9225	0.23324999999999818	TimeIntervals	Lick
566.189	0.06675000000018372	TimeIntervals	Lick
566.2890000000002	0.06674999999984266	TimeIntervals	Lick
566.3890000000001	0.09999999999990905	TimeIntervals	Lick
566.55575	0.3332500000001346	TimeIntervals	Lick
566.9225	0.10000000000013642	TimeIntervals	Lick
567.056	0.10000000000002274	TimeIntervals	Lick
567.18925	0.10000000000013642	TimeIntervals	Lick
567.3225	0.10000000000002274	TimeIntervals	Lick
567.4559999999999	0.10000000000013642	TimeIntervals	Lick
567.58925	0.10000000000002274	TimeIntervals	Lick
567.7225	0.10000000000002274	TimeIntervals	Lick
567.856	0.20000000000004547	TimeIntervals	Lick
568.0895	0.09999999999990905	TimeIntervals	Lick
568.256	0.10000000000002274	TimeIntervals	Lick
568.3895000000001	0.09999999999990905	TimeIntervals	Lick
568.5227500000001	0.10000000000002274	TimeIntervals	Lick
568.6560000000001	0.13350000000014006	TimeIntervals	Lick
568.82275	0.10000000000002274	TimeIntervals	Lick
569.056	0.10025000000007367	TimeIntervals	Lick
569.223	0.10000000000013642	TimeIntervals	Lick
569.4562500000001	0.09999999999990905	TimeIntervals	Lick
569.6562500000001	0.10000000000002274	TimeIntervals	Lick
569.7895000000002	0.09999999999990905	TimeIntervals	Lick
569.9562500000001	0.09999999999990905	TimeIntervals	Lick
570.1562500000001	0.06674999999984266	TimeIntervals	Lick
570.2565000000001	0.10000000000002274	TimeIntervals	Lick
570.3897500000003	0.09999999999968168	TimeIntervals	Lick
570.523	0.10000000000002274	TimeIntervals	Lick
570.68975	0.10000000000013642	TimeIntervals	Lick
571.49	0.10000000000013642	TimeIntervals	Lick
571.82325	0.13324999999997544	TimeIntervals	Lick
572.32325	0.1334999999999127	TimeIntervals	Lick
573.59025	0.10000000000013642	TimeIntervals	Lick
574.0235	0.10000000000002274	TimeIntervals	Lick
574.6905000000002	0.09999999999990905	TimeIntervals	Lick
574.857	0.10000000000002274	TimeIntervals	Lick
574.9905	0.10000000000002274	TimeIntervals	Lick
575.557	0.10000000000013642	TimeIntervals	Lick
577.5907500000001	0.10000000000002274	TimeIntervals	Lick
579.0245	0.0665000000000191	TimeIntervals	Lick
579.1577500000001	0.06675000000007003	TimeIntervals	Lick
579.2910000000002	0.09999999999990905	TimeIntervals	Lick
579.4577499999999	0.10000000000013642	TimeIntervals	Lick
579.6245	0.10000000000013642	TimeIntervals	Lick
579.8245000000001	0.09999999999990905	TimeIntervals	Lick
580.05775	0.10025000000007367	TimeIntervals	Lick
580.3245000000001	0.1334999999999127	TimeIntervals	Lick
581.09125	0.10000000000013642	TimeIntervals	Lick
582.3250000000002	0.09999999999990905	TimeIntervals	Lick
582.45825	0.06675000000007003	TimeIntervals	Lick
582.55825	0.10000000000002274	TimeIntervals	Lick
582.6915	0.06675000000007003	TimeIntervals	Lick
582.7915000000002	0.09999999999990905	TimeIntervals	Lick
582.9250000000001	0.0665000000000191	TimeIntervals	Lick
583.0250000000001	0.1999999999999318	TimeIntervals	Lick
583.2582500000001	0.10000000000002274	TimeIntervals	Lick
583.3915000000001	0.06699999999989359	TimeIntervals	Lick
583.4917499999999	0.10000000000013642	TimeIntervals	Lick
583.625	0.10000000000002274	TimeIntervals	Lick
583.7585	0.06650000000013279	TimeIntervals	Lick
583.8585000000002	0.09999999999979536	TimeIntervals	Lick
583.9917499999999	0.10000000000013642	TimeIntervals	Lick
584.125	0.20000000000015916	TimeIntervals	Lick
584.225	0.06675000000018372	TimeIntervals	Reward
584.3585000000002	0.2999999999999545	TimeIntervals	Lick
584.692	0.2999999999999545	TimeIntervals	Lick
585.02525	0.20000000000004547	TimeIntervals	Lick
585.2585	0.1999999999999318	TimeIntervals	Lick
585.492	0.20000000000004547	TimeIntervals	Lick
585.7255	0.20000000000004547	TimeIntervals	Lick
585.9587499999999	0.10000000000013642	TimeIntervals	Lick
586.0920000000001	0.09999999999990905	TimeIntervals	Lick
586.2255	0.10000000000013642	TimeIntervals	Lick
586.3587500000001	0.09999999999979536	TimeIntervals	Lick
586.492	0.13350000000002638	TimeIntervals	Lick
586.6587500000002	0.1002499999998463	TimeIntervals	Lick
586.7922500000002	0.06674999999984266	TimeIntervals	Lick
586.9255	0.06674999999995634	TimeIntervals	Lick
587.59225	0.10000000000002274	TimeIntervals	Lick
587.7925000000001	0.16649999999981446	TimeIntervals	Lick
588.9925	0.10000000000013642	TimeIntervals	Lick
589.326	0.13324999999997544	TimeIntervals	Lick
589.5925000000001	0.06674999999995634	TimeIntervals	Lick
591.2595000000001	0.09999999999990905	TimeIntervals	Lick
591.393	0.0665000000000191	TimeIntervals	Lick
591.52625	0.06674999999995634	TimeIntervals	Lick
591.6595000000001	0.06674999999995634	TimeIntervals	Lick
591.7595000000001	0.06674999999995634	TimeIntervals	Lick
591.893	0.0665000000000191	TimeIntervals	Lick
591.9929999999999	0.10000000000002274	TimeIntervals	Lick
592.1595000000001	0.10024999999995998	TimeIntervals	Lick
592.3265000000001	0.09999999999990905	TimeIntervals	Lick
592.5597500000001	0.06674999999984266	TimeIntervals	Lick
592.7265000000001	0.10000000000002274	TimeIntervals	Lick
592.893	0.09999999999990905	TimeIntervals	Lick
593.0265	0.09999999999990905	TimeIntervals	Lick
593.15975	0.10000000000002274	TimeIntervals	Lick
593.4265	0.16674999999997908	TimeIntervals	Lick
593.66	0.06650000000013279	TimeIntervals	Lick
593.7932500000001	0.09999999999990905	TimeIntervals	Lick
594.1265	0.10000000000013642	TimeIntervals	Lick
594.66	0.06674999999995634	TimeIntervals	Lick
594.7935	0.10000000000002274	TimeIntervals	Lick
597.0937500000001	0.10000000000002274	TimeIntervals	Lick
599.494	0.13350000000002638	TimeIntervals	Lick
600.6275	0.1334999999999127	TimeIntervals	Lick
601.0945000000002	0.06649999999979173	TimeIntervals	Lick
603.4615000000001	0.09999999999990905	TimeIntervals	Lick
603.79475	0.06675000000018372	TimeIntervals	Lick
604.2280000000001	0.10025000000007367	TimeIntervals	Lick
605.2950000000001	0.1334999999999127	TimeIntervals	Lick
609.129	0.06650000000013279	TimeIntervals	Lick
609.2290000000002	0.06649999999990541	TimeIntervals	Lick
609.3622500000001	0.06674999999995634	TimeIntervals	Lick
609.4955	0.06675000000007003	TimeIntervals	Lick
609.5955	0.10000000000013642	TimeIntervals	Lick
609.7290000000002	0.06649999999990541	TimeIntervals	Lick
609.8290000000001	0.06675000000007003	TimeIntervals	Lick
609.9290000000001	0.3000000000000682	TimeIntervals	Lick
610.2625000000002	0.09999999999990905	TimeIntervals	Lick
610.3957500000001	0.06674999999995634	TimeIntervals	Lick
610.49575	0.10000000000002274	TimeIntervals	Lick
610.629	0.20000000000004547	TimeIntervals	Lick
610.8625000000001	0.10000000000002274	TimeIntervals	Lick
610.9960000000001	0.1999999999999318	TimeIntervals	Lick
611.2292500000001	0.10000000000002274	TimeIntervals	Lick
611.2625000000002	0.09999999999990905	TimeIntervals	Reward
611.3625000000001	0.6335000000000264	TimeIntervals	Lick
612.0295000000001	0.1999999999999318	TimeIntervals	Lick
612.26275	0.20000000000015916	TimeIntervals	Lick
612.4960000000001	0.33350000000007185	TimeIntervals	Lick
612.8627500000001	0.10000000000002274	TimeIntervals	Lick
612.9960000000001	0.20024999999986903	TimeIntervals	Lick
613.2295	0.10000000000013642	TimeIntervals	Lick
613.3630000000002	0.33324999999979354	TimeIntervals	Lick
613.7295	0.10000000000013642	TimeIntervals	Lick
613.8630000000002	0.36674999999991087	TimeIntervals	Lick
614.2630000000001	0.10000000000002274	TimeIntervals	Lick
614.3965000000001	0.10000000000002274	TimeIntervals	Lick
614.52975	0.10000000000002274	TimeIntervals	Lick
614.663	0.10000000000013642	TimeIntervals	Lick
614.7965	0.10000000000002274	TimeIntervals	Lick
614.92975	0.13324999999997544	TimeIntervals	Lick
615.0965000000001	0.36674999999991087	TimeIntervals	Lick
615.4965000000001	0.10000000000002274	TimeIntervals	Lick
615.6965	0.06675000000007003	TimeIntervals	Lick
615.8300000000002	0.06649999999990541	TimeIntervals	Lick
615.96325	0.06675000000007003	TimeIntervals	Lick
616.1300000000001	0.06649999999990541	TimeIntervals	Lick
616.3300000000002	0.06674999999995634	TimeIntervals	Lick
616.4635	0.06650000000013279	TimeIntervals	Lick
616.6300000000001	0.06674999999995634	TimeIntervals	Lick
617.23	0.13350000000025375	TimeIntervals	Lick
617.5635	0.06675000000018372	TimeIntervals	Lick
617.7635	0.06675000000007003	TimeIntervals	Lick
618.03025	0.10000000000013642	TimeIntervals	Lick
619.2305000000001	0.09999999999990905	TimeIntervals	Lick
619.6305000000001	0.06674999999995634	TimeIntervals	Lick
622.4975000000001	0.09999999999990905	TimeIntervals	Lick
622.66425	0.033249999999952706	TimeIntervals	Lick
622.7642500000001	0.10000000000013642	TimeIntervals	Lick
622.931	0.09999999999990905	TimeIntervals	Lick
623.0645	0.0665000000000191	TimeIntervals	Lick
623.1645000000001	0.10000000000002274	TimeIntervals	Lick
623.2977500000001	0.06675000000007003	TimeIntervals	Lick
623.3977500000001	0.1999999999998181	TimeIntervals	Lick
623.631	0.33350000000007185	TimeIntervals	Lick
623.9977500000001	0.20024999999998272	TimeIntervals	Lick
624.23125	0.10000000000002274	TimeIntervals	Lick
624.3312500000001	0.09999999999990905	TimeIntervals	Reward
624.3645000000001	0.599999999999909	TimeIntervals	Lick
624.998	0.09999999999990905	TimeIntervals	Lick
625.1312500000001	0.20024999999986903	TimeIntervals	Lick
625.3647500000002	0.09999999999990905	TimeIntervals	Lick
625.498	0.20000000000004547	TimeIntervals	Lick
625.7315000000001	0.09999999999990905	TimeIntervals	Lick
625.8647500000002	0.1999999999998181	TimeIntervals	Lick
626.098	0.33350000000007185	TimeIntervals	Lick
626.465	0.10000000000002274	TimeIntervals	Lick
626.59825	0.10000000000002274	TimeIntervals	Lick
626.7315000000001	0.09999999999990905	TimeIntervals	Lick
626.8650000000001	0.09999999999990905	TimeIntervals	Lick
626.99825	0.10000000000002274	TimeIntervals	Lick
627.1315000000001	0.10000000000002274	TimeIntervals	Lick
627.2650000000001	0.10000000000002274	TimeIntervals	Lick
627.3985000000001	0.13324999999997544	TimeIntervals	Lick
627.565	0.10000000000002274	TimeIntervals	Lick
627.6985	0.2665000000000646	TimeIntervals	Lick
627.9985	0.09999999999990905	TimeIntervals	Lick
628.1650000000001	0.06674999999995634	TimeIntervals	Lick
628.2985000000001	0.10000000000002274	TimeIntervals	Lick
628.4985	0.1999999999999318	TimeIntervals	Lick
628.732	0.23324999999999818	TimeIntervals	Lick
628.9985	0.13350000000002638	TimeIntervals	Lick
629.16525	0.06674999999995634	TimeIntervals	Lick
629.432	0.16674999999997908	TimeIntervals	Lick
629.69875	0.10000000000002274	TimeIntervals	Lick
630.09875	0.10000000000002274	TimeIntervals	Lick
630.699	0.06650000000013279	TimeIntervals	Lick
631.599	0.09999999999990905	TimeIntervals	Lick
632.3990000000001	0.06674999999995634	TimeIntervals	Lick
633.8325000000001	0.1334999999999127	TimeIntervals	Lick
639.1	0.06675000000007003	TimeIntervals	Lick
641.1005	0.10000000000013642	TimeIntervals	Lick
641.2670000000002	0.06674999999995634	TimeIntervals	Lick
642.1672500000001	0.10000000000002274	TimeIntervals	Lick
642.3005000000002	0.06674999999995634	TimeIntervals	Lick
642.434	0.0665000000000191	TimeIntervals	Lick
642.534	0.10000000000002274	TimeIntervals	Lick
642.6672500000001	0.06674999999995634	TimeIntervals	Lick
642.7675	0.06650000000013279	TimeIntervals	Lick
642.8675000000002	0.06649999999990541	TimeIntervals	Lick
642.9675000000001	0.10000000000002274	TimeIntervals	Lick
643.10075	0.20000000000015916	TimeIntervals	Lick
643.3340000000002	0.1999999999998181	TimeIntervals	Lick
643.5675000000001	0.09999999999990905	TimeIntervals	Lick
643.7007500000001	0.20024999999986903	TimeIntervals	Lick
643.93425	0.10000000000002274	TimeIntervals	Lick
644.0675000000001	0.1999999999999318	TimeIntervals	Lick
644.3010000000002	0.09999999999979536	TimeIntervals	Lick
644.43425	0.10000000000002274	TimeIntervals	Reward
644.43425	0.10000000000002274	TimeIntervals	Lick
644.5675000000001	0.4002499999999145	TimeIntervals	Lick
645.001	0.20000000000004547	TimeIntervals	Lick
645.2345	0.10000000000002274	TimeIntervals	Lick
645.36775	0.20000000000015916	TimeIntervals	Lick
645.601	0.10000000000002274	TimeIntervals	Lick
645.7345	0.23324999999999818	TimeIntervals	Lick
646.001	0.2002500000000964	TimeIntervals	Lick
646.2345	0.10000000000002274	TimeIntervals	Lick
646.368	0.09999999999990905	TimeIntervals	Lick
646.5012499999999	0.23325000000011187	TimeIntervals	Lick
646.768	0.2332499999998845	TimeIntervals	Lick
647.0345	0.10000000000002274	TimeIntervals	Lick
647.1680000000001	0.09999999999990905	TimeIntervals	Lick
647.3015000000001	0.09999999999990905	TimeIntervals	Lick
647.43475	0.10000000000002274	TimeIntervals	Lick
647.5680000000001	0.10000000000002274	TimeIntervals	Lick
647.7015000000001	0.10000000000002274	TimeIntervals	Lick
647.83475	0.10000000000002274	TimeIntervals	Lick
647.968	0.10000000000013642	TimeIntervals	Lick
648.1015000000001	0.10000000000002274	TimeIntervals	Lick
648.235	0.2664999999998372	TimeIntervals	Lick
648.535	0.10000000000002274	TimeIntervals	Lick
648.7015000000001	0.06674999999984266	TimeIntervals	Lick
648.8350000000002	0.13324999999986176	TimeIntervals	Lick
649.0014999999999	0.16675000000020646	TimeIntervals	Lick
649.50175	0.06674999999995634	TimeIntervals	Lick
649.735	0.10000000000013642	TimeIntervals	Lick
650.2017500000001	0.06674999999995634	TimeIntervals	Lick
650.802	0.03325000000006639	TimeIntervals	Lick
650.902	0.13324999999986176	TimeIntervals	Lick
651.1685	0.06675000000007003	TimeIntervals	Lick
651.402	0.0665000000000191	TimeIntervals	Lick
651.5355	0.10000000000002274	TimeIntervals	Lick
651.7020000000001	0.06674999999995634	TimeIntervals	Lick
651.8355	0.10000000000002274	TimeIntervals	Lick
651.96875	0.10000000000013642	TimeIntervals	Lick
652.1020000000001	0.10000000000002274	TimeIntervals	Lick
652.2687500000001	0.10000000000002274	TimeIntervals	Lick
652.502	0.10000000000013642	TimeIntervals	Lick
652.7355000000001	0.06674999999984266	TimeIntervals	Lick
652.9355	0.06674999999984266	TimeIntervals	Lick
653.0355	0.10000000000002274	TimeIntervals	Lick
653.269	0.2332499999998845	TimeIntervals	Lick
653.5022499999999	0.06675000000007003	TimeIntervals	Reward
653.6690000000001	0.16675000000009277	TimeIntervals	Lick
653.869	0.06674999999995634	TimeIntervals	Lick
653.969	0.2999999999999545	TimeIntervals	Lick
654.3025	0.3000000000000682	TimeIntervals	Lick
654.6357499999999	0.6667500000000928	TimeIntervals	Lick
655.3360000000001	0.3332500000000209	TimeIntervals	Lick
655.7025000000001	0.09999999999990905	TimeIntervals	Lick
655.8360000000001	0.09999999999990905	TimeIntervals	Lick
655.9695	0.10000000000002274	TimeIntervals	Lick
656.10275	0.10000000000002274	TimeIntervals	Lick
656.2360000000001	0.10000000000002274	TimeIntervals	Lick
656.40275	0.10000000000002274	TimeIntervals	Lick
656.536	0.10000000000002274	TimeIntervals	Lick
656.70275	0.2999999999999545	TimeIntervals	Lick
657.0695000000001	0.3000000000000682	TimeIntervals	Lick
657.63625	0.06675000000007003	TimeIntervals	Lick
658.03625	0.6002500000000737	TimeIntervals	Lick
659.57	0.10000000000002274	TimeIntervals	Lick
659.8700000000001	0.06649999999979173	TimeIntervals	Lick
660.00325	0.10000000000002274	TimeIntervals	Lick
660.4035	0.10000000000013642	TimeIntervals	Lick
660.53675	0.06675000000007003	TimeIntervals	Lick
660.6700000000001	0.03350000000000364	TimeIntervals	Lick
660.73675	0.10000000000013642	TimeIntervals	Lick
660.9035	0.0665000000000191	TimeIntervals	Lick
661.0035000000001	0.06649999999990541	TimeIntervals	Lick
661.1035	0.10000000000002274	TimeIntervals	Lick
661.2700000000001	0.06675000000007003	TimeIntervals	Lick
661.3700000000001	0.20024999999998272	TimeIntervals	Lick
661.5035000000001	0.06674999999995634	TimeIntervals	Reward
661.6035	0.10000000000002274	TimeIntervals	Lick
661.737	0.0665000000000191	TimeIntervals	Lick
661.8370000000001	0.2999999999999545	TimeIntervals	Lick
662.1702500000001	0.2999999999999545	TimeIntervals	Lick
662.5035000000001	0.5670000000000073	TimeIntervals	Lick
663.1037500000001	0.10000000000002274	TimeIntervals	Lick
663.237	0.10000000000013642	TimeIntervals	Lick
663.3705000000001	0.09999999999990905	TimeIntervals	Lick
663.50375	0.10000000000013642	TimeIntervals	Lick
663.6370000000001	0.33349999999995816	TimeIntervals	Lick
664.004	0.10000000000013642	TimeIntervals	Lick
664.13725	0.10000000000013642	TimeIntervals	Lick
664.2705000000001	0.1334999999999127	TimeIntervals	Lick
664.43725	0.10000000000002274	TimeIntervals	Lick
664.5705000000002	0.09999999999990905	TimeIntervals	Lick
664.7040000000001	0.10000000000002274	TimeIntervals	Lick
664.8375000000001	0.13324999999986176	TimeIntervals	Lick
665.8040000000001	0.1334999999999127	TimeIntervals	Lick
666.40425	0.06674999999995634	TimeIntervals	Lick
666.6375000000002	0.06674999999995634	TimeIntervals	Lick
666.7710000000001	0.16649999999992815	TimeIntervals	Lick
667.4045000000001	0.06649999999990541	TimeIntervals	Lick
667.5045	0.06649999999990541	TimeIntervals	Lick
667.63775	0.06675000000018372	TimeIntervals	Lick
667.73775	0.10000000000013642	TimeIntervals	Lick
668.0379999999999	0.06650000000013279	TimeIntervals	Lick
668.638	0.06650000000013279	TimeIntervals	Lick
668.97125	0.09999999999990905	TimeIntervals	Lick
673.5385	0.10025000000007367	TimeIntervals	Lick
674.7055	0.06674999999995634	TimeIntervals	Lick
676.00575	0.06674999999995634	TimeIntervals	Lick
676.539	0.06675000000007003	TimeIntervals	Reward
676.7057500000001	0.60024999999996	TimeIntervals	Lick
677.33925	0.06675000000007003	TimeIntervals	Lick
677.43925	0.20000000000004547	TimeIntervals	Lick
677.6725	0.20000000000027285	TimeIntervals	Lick
677.9060000000001	0.1999999999999318	TimeIntervals	Lick
678.1395000000001	0.09999999999990905	TimeIntervals	Lick
678.2727500000001	0.33324999999990723	TimeIntervals	Lick
678.6395000000001	0.09999999999990905	TimeIntervals	Lick
678.7727500000001	0.5002499999999372	TimeIntervals	Lick
679.30625	0.2667500000000018	TimeIntervals	Lick
679.6062499999999	0.10000000000013642	TimeIntervals	Lick
679.7395	0.10000000000002274	TimeIntervals	Lick
679.9062500000001	0.06674999999984266	TimeIntervals	Lick
680.00625	0.10025000000007367	TimeIntervals	Lick
680.6065000000001	0.3999999999998636	TimeIntervals	Lick
681.1730000000001	0.06699999999989359	TimeIntervals	Lick
681.3065	0.10000000000013642	TimeIntervals	Lick
681.8065	0.06675000000007003	TimeIntervals	Lick
682.0065	0.10000000000013642	TimeIntervals	Lick
682.17325	0.16675000000009277	TimeIntervals	Lick
682.3735000000001	0.13324999999986176	TimeIntervals	Lick
683.00675	0.10000000000002274	TimeIntervals	Lick
683.3400000000001	0.1002499999998463	TimeIntervals	Lick
683.84025	0.13324999999997544	TimeIntervals	Lick
684.7737500000001	0.10000000000013642	TimeIntervals	Lick
685.07375	0.10000000000002274	TimeIntervals	Lick
685.607	0.10025000000007367	TimeIntervals	Lick
685.8405	0.06675000000007003	TimeIntervals	Lick
686.6740000000001	0.10000000000002274	TimeIntervals	Lick
687.1740000000001	0.10000000000002274	TimeIntervals	Lick
687.4075	0.0665000000000191	TimeIntervals	Lick
687.6075	0.06650000000013279	TimeIntervals	Lick
688.241	0.10000000000002274	TimeIntervals	Lick
688.541	0.06649999999990541	TimeIntervals	Lick
688.641	0.10000000000002274	TimeIntervals	Lick
688.7742500000002	0.06674999999984266	TimeIntervals	Lick
688.8742500000001	0.4002500000000282	TimeIntervals	Lick
689.3077500000002	0.09999999999990905	TimeIntervals	Lick
689.441	0.1999999999999318	TimeIntervals	Lick
689.6745	0.10000000000013642	TimeIntervals	Lick
689.8077500000002	0.09999999999990905	TimeIntervals	Lick
689.941	0.10025000000007367	TimeIntervals	Lick
690.0745000000001	0.20000000000004547	TimeIntervals	Lick
690.3080000000001	0.9667499999999336	TimeIntervals	Lick
690.5412500000001	0.09999999999990905	TimeIntervals	Reward
691.3080000000001	0.10000000000002274	TimeIntervals	Lick
691.4414999999999	0.20000000000004547	TimeIntervals	Lick
691.6747500000001	0.3332500000000209	TimeIntervals	Lick
692.0415000000002	0.4667499999999336	TimeIntervals	Lick
692.5415000000002	0.09999999999979536	TimeIntervals	Lick
692.6750000000001	0.10000000000002274	TimeIntervals	Lick
692.80825	0.20000000000004547	TimeIntervals	Lick
693.0415000000002	0.09999999999979536	TimeIntervals	Lick
693.1750000000001	0.10000000000002274	TimeIntervals	Lick
693.3085000000002	0.09999999999979536	TimeIntervals	Lick
693.44175	0.10000000000002274	TimeIntervals	Lick
693.5750000000002	0.1334999999999127	TimeIntervals	Lick
693.74175	0.10000000000002274	TimeIntervals	Lick
693.8750000000001	0.09999999999979536	TimeIntervals	Lick
694.0084999999999	0.10000000000025011	TimeIntervals	Lick
694.1417500000001	0.09999999999990905	TimeIntervals	Lick
694.3085000000002	0.06649999999990541	TimeIntervals	Lick
694.442	0.40000000000009095	TimeIntervals	Lick
694.87525	0.13324999999986176	TimeIntervals	Lick
695.042	0.06650000000013279	TimeIntervals	Lick
695.47525	0.06675000000007003	TimeIntervals	Lick
695.90875	0.06674999999984266	TimeIntervals	Lick
696.3087500000001	0.09999999999990905	TimeIntervals	Lick
696.8755000000001	0.09999999999979536	TimeIntervals	Lick
697.2422500000001	0.06674999999995634	TimeIntervals	Lick
698.1757500000001	0.06675000000007003	TimeIntervals	Lick
700.2095	0.13325000000008913	TimeIntervals	Lick
700.8760000000002	0.06674999999984266	TimeIntervals	Lick
702.6097500000001	0.09999999999990905	TimeIntervals	Reward
702.7765	0.2664999999999509	TimeIntervals	Lick
703.0765000000001	0.06649999999990541	TimeIntervals	Lick
703.1765000000001	0.5335000000000036	TimeIntervals	Lick
703.7432500000001	1.03349999999989	TimeIntervals	Lick
704.8100000000001	0.33349999999995816	TimeIntervals	Lick
705.1767500000001	0.09999999999990905	TimeIntervals	Lick
705.3100000000001	0.1002499999998463	TimeIntervals	Lick
705.4435	0.10000000000002274	TimeIntervals	Lick
705.5770000000001	0.33324999999979354	TimeIntervals	Lick
705.9435	0.10000000000002274	TimeIntervals	Lick
706.0770000000001	0.09999999999990905	TimeIntervals	Lick
706.2102500000001	0.10000000000002274	TimeIntervals	Lick
706.3435000000001	0.09999999999990905	TimeIntervals	Lick
706.5105000000001	0.0665000000000191	TimeIntervals	Lick
706.6105	0.13324999999997544	TimeIntervals	Lick
706.777	0.06675000000007003	TimeIntervals	Lick
706.9105	0.2665000000000646	TimeIntervals	Lick
707.6772500000001	0.10000000000002274	TimeIntervals	Lick
709.5775000000001	0.10000000000002274	TimeIntervals	Lick
709.744	0.06700000000012096	TimeIntervals	Lick
710.2110000000001	0.033249999999952706	TimeIntervals	Lick
711.27775	0.06675000000018372	TimeIntervals	Lick
711.3777500000001	0.09999999999990905	TimeIntervals	Lick
711.511	0.10000000000002274	TimeIntervals	Lick
711.6445	0.06650000000013279	TimeIntervals	Lick
711.7445	0.39999999999997726	TimeIntervals	Lick
712.178	0.10000000000002274	TimeIntervals	Lick
712.3112500000001	0.1999999999999318	TimeIntervals	Lick
712.5445	0.10000000000002274	TimeIntervals	Lick
712.678	0.10000000000002274	TimeIntervals	Lick
712.8112500000001	0.06675000000007003	TimeIntervals	Lick
712.91125	0.10000000000002274	TimeIntervals	Lick
713.0445	0.10025000000007367	TimeIntervals	Lick
713.178	0.10000000000002274	TimeIntervals	Lick
713.3115	0.06650000000013279	TimeIntervals	Lick
713.4115	0.09999999999990905	TimeIntervals	Lick
713.54475	1.1002500000000737	TimeIntervals	Lick
713.6115000000001	0.06649999999990541	TimeIntervals	Reward
714.67825	0.20000000000004547	TimeIntervals	Lick
714.9115	0.09999999999990905	TimeIntervals	Lick
715.045	0.06650000000013279	TimeIntervals	Lick
715.1450000000001	0.10000000000002274	TimeIntervals	Lick
715.2785000000001	0.1999999999999318	TimeIntervals	Lick
715.51175	0.36675000000013824	TimeIntervals	Lick
715.945	0.09999999999990905	TimeIntervals	Lick
716.0785	0.13325000000020282	TimeIntervals	Lick
716.2450000000001	0.13350000000002638	TimeIntervals	Lick
716.4120000000001	0.09999999999990905	TimeIntervals	Lick
716.5785	0.10000000000013642	TimeIntervals	Lick
716.74525	0.10000000000002274	TimeIntervals	Lick
716.9120000000001	0.06649999999990541	TimeIntervals	Lick
717.24525	0.06675000000007003	TimeIntervals	Lick
717.57875	0.10000000000013642	TimeIntervals	Lick
718.8122500000001	0.06675000000007003	TimeIntervals	Lick
719.2455000000001	0.1667499999998654	TimeIntervals	Lick
720.54575	0.10000000000013642	TimeIntervals	Lick
721.7125000000001	0.09999999999990905	TimeIntervals	Lick
722.2795000000001	0.0665000000000191	TimeIntervals	Lick
722.7460000000001	0.06674999999995634	TimeIntervals	Lick
723.8130000000001	0.09999999999979536	TimeIntervals	Lick
724.1797500000001	0.09999999999990905	TimeIntervals	Lick
725.2800000000001	0.10000000000002274	TimeIntervals	Lick
727.2467500000002	0.09999999999979536	TimeIntervals	Lick
727.3800000000001	0.0669999999997799	TimeIntervals	Lick
728.3470000000001	0.09999999999979536	TimeIntervals	Lick
729.147	0.10000000000013642	TimeIntervals	Lick
730.414	0.10000000000013642	TimeIntervals	Lick
730.5472500000001	0.06674999999995634	TimeIntervals	Lick
731.2475000000001	0.09999999999990905	TimeIntervals	Lick
731.414	0.10000000000013642	TimeIntervals	Lick
732.181	0.10000000000002274	TimeIntervals	Lick
732.8810000000002	0.09999999999979536	TimeIntervals	Lick
733.7477500000001	0.10000000000002274	TimeIntervals	Lick
734.7145	0.10000000000002274	TimeIntervals	Lick
735.3815000000001	0.10000000000002274	TimeIntervals	Lick
736.2150000000001	0.09999999999990905	TimeIntervals	Lick
736.415	0.06650000000013279	TimeIntervals	Lick
736.54825	0.06674999999995634	TimeIntervals	Lick
737.58175	0.10000000000002274	TimeIntervals	Lick
737.7150000000001	0.06674999999995634	TimeIntervals	Lick
737.8485000000002	0.06649999999979173	TimeIntervals	Lick
737.9485	0.20000000000004547	TimeIntervals	Lick
738.1817500000001	0.06675000000007003	TimeIntervals	Lick
738.2817500000001	0.10024999999995998	TimeIntervals	Lick
738.41525	0.10000000000002274	TimeIntervals	Lick
738.5485	0.06674999999995634	TimeIntervals	Lick
738.6485	0.10000000000013642	TimeIntervals	Lick
738.7820000000002	0.09999999999990905	TimeIntervals	Lick
738.91525	0.1999999999999318	TimeIntervals	Lick
739.1485	0.10000000000013642	TimeIntervals	Lick
739.2820000000002	0.09999999999990905	TimeIntervals	Lick
739.41525	0.06674999999995634	TimeIntervals	Lick
739.5155000000001	0.09999999999990905	TimeIntervals	Lick
739.6487500000001	1.10024999999996	TimeIntervals	Lick
739.6487500000001	0.06674999999995634	TimeIntervals	Reward
740.7822500000001	0.10000000000002274	TimeIntervals	Lick
740.9155	0.06675000000007003	TimeIntervals	Lick
741.0155000000001	0.1999999999999318	TimeIntervals	Lick
741.249	0.10000000000013642	TimeIntervals	Lick
741.3822500000001	0.09999999999990905	TimeIntervals	Lick
741.5155000000001	0.09999999999990905	TimeIntervals	Lick
741.6490000000001	0.09999999999990905	TimeIntervals	Lick
741.7825	0.10000000000002274	TimeIntervals	Lick
741.91575	0.10000000000002274	TimeIntervals	Lick
742.0490000000001	0.10000000000002274	TimeIntervals	Lick
742.1825000000001	0.09999999999990905	TimeIntervals	Lick
742.31575	0.2667500000001155	TimeIntervals	Lick
742.6157499999999	0.10000000000013642	TimeIntervals	Lick
742.749	0.10025000000018736	TimeIntervals	Lick
742.8825	0.1334999999999127	TimeIntervals	Lick
743.04925	0.10000000000013642	TimeIntervals	Lick
743.1825000000001	0.09999999999990905	TimeIntervals	Lick
743.3160000000001	0.09999999999990905	TimeIntervals	Lick
743.4825	0.06675000000007003	TimeIntervals	Lick
744.016	0.03350000000000364	TimeIntervals	Lick
744.18275	0.06674999999995634	TimeIntervals	Lick
744.68275	0.06674999999995634	TimeIntervals	Lick
745.3495000000001	0.09999999999990905	TimeIntervals	Lick
745.51625	0.06674999999995634	TimeIntervals	Lick
747.2165	0.10000000000002274	TimeIntervals	Lick
749.9834999999999	0.10000000000013642	TimeIntervals	Lick
750.1170000000001	0.0665000000000191	TimeIntervals	Lick
750.2502499999999	0.10000000000013642	TimeIntervals	Lick
750.417	0.06674999999995634	TimeIntervals	Lick
751.0169999999999	0.06675000000018372	TimeIntervals	Lick
751.18375	0.03325000000006639	TimeIntervals	Lick
751.4505	0.10000000000013642	TimeIntervals	Lick
751.5840000000002	0.06649999999990541	TimeIntervals	Lick
751.6840000000001	0.10000000000002274	TimeIntervals	Lick
751.8172500000001	0.06675000000007003	TimeIntervals	Lick
751.9505	0.20000000000004547	TimeIntervals	Lick
752.1840000000001	0.10000000000002274	TimeIntervals	Lick
752.3172500000001	0.06675000000007003	TimeIntervals	Lick
752.4172500000001	0.09999999999990905	TimeIntervals	Lick
752.5505000000002	0.09999999999990905	TimeIntervals	Lick
752.6840000000001	0.10000000000002274	TimeIntervals	Lick
752.8175000000001	0.1999999999999318	TimeIntervals	Lick
753.0507500000001	0.09999999999990905	TimeIntervals	Lick
753.1840000000001	0.10000000000002274	TimeIntervals	Lick
753.3175000000001	0.09999999999979536	TimeIntervals	Lick
753.45075	0.10000000000013642	TimeIntervals	Lick
753.5840000000002	0.09999999999990905	TimeIntervals	Lick
753.7175000000001	0.33349999999995816	TimeIntervals	Lick
754.0842500000001	0.09999999999990905	TimeIntervals	Lick
754.2175000000001	0.10000000000002274	TimeIntervals	Lick
754.3510000000001	0.1999999999999318	TimeIntervals	Lick
754.5842500000001	0.09999999999990905	TimeIntervals	Lick
754.7175000000001	0.10000000000002274	TimeIntervals	Lick
754.8510000000001	0.09999999999990905	TimeIntervals	Lick
755.0177500000001	0.09999999999979536	TimeIntervals	Lick
755.151	0.20000000000015916	TimeIntervals	Lick
755.41775	0.10000000000013642	TimeIntervals	Lick
755.551	0.09999999999990905	TimeIntervals	Lick
755.7177500000001	0.06674999999995634	TimeIntervals	Lick
755.91775	0.06675000000007003	TimeIntervals	Lick
756.018	0.09999999999990905	TimeIntervals	Lick
756.15125	0.10000000000002274	TimeIntervals	Lick
756.4845	0.06674999999995634	TimeIntervals	Lick
756.8512500000002	0.09999999999990905	TimeIntervals	Lick
757.1179999999999	0.10000000000002274	TimeIntervals	Lick
757.4847500000001	0.033249999999952706	TimeIntervals	Lick
759.5517500000001	0.09999999999990905	TimeIntervals	Lick
759.95175	0.06674999999995634	TimeIntervals	Lick
761.152	0.10000000000002274	TimeIntervals	Lick
761.552	0.13350000000002638	TimeIntervals	Lick
762.4855	0.10000000000013642	TimeIntervals	Lick
763.7190000000002	0.06674999999995634	TimeIntervals	Lick
764.1525000000001	0.0665000000000191	TimeIntervals	Lick
764.4525	0.10000000000002274	TimeIntervals	Lick
764.8525000000001	0.09999999999990905	TimeIntervals	Lick
766.7195000000002	0.09999999999990905	TimeIntervals	Lick
767.68625	0.10000000000002274	TimeIntervals	Lick
767.8195000000001	0.06675000000007003	TimeIntervals	Lick
767.9195	0.10000000000002274	TimeIntervals	Lick
768.053	0.10000000000002274	TimeIntervals	Lick
768.1865	0.06650000000013279	TimeIntervals	Lick
768.2865	0.20000000000004547	TimeIntervals	Lick
768.51975	0.06675000000007003	TimeIntervals	Lick
768.61975	0.10000000000013642	TimeIntervals	Lick
768.7530000000002	0.09999999999990905	TimeIntervals	Lick
768.8865000000001	0.10000000000002274	TimeIntervals	Lick
769.01975	0.06675000000007003	TimeIntervals	Lick
769.12	0.10000000000002274	TimeIntervals	Lick
769.25325	0.10000000000013642	TimeIntervals	Lick
769.3865000000001	0.20000000000004547	TimeIntervals	Lick
769.6532500000001	0.20000000000004547	TimeIntervals	Lick
769.6865	0.06674999999995634	TimeIntervals	Reward
769.8865000000001	0.4002499999999145	TimeIntervals	Lick
770.32	0.2999999999999545	TimeIntervals	Lick
770.6535	0.20000000000015916	TimeIntervals	Lick
770.8867500000001	0.20000000000004547	TimeIntervals	Lick
771.12	0.20000000000004547	TimeIntervals	Lick
771.3535000000002	0.09999999999979536	TimeIntervals	Lick
771.487	0.10000000000013642	TimeIntervals	Lick
771.62025	0.06674999999995634	TimeIntervals	Lick
771.7202500000001	0.10000000000002274	TimeIntervals	Lick
771.8870000000002	0.09999999999979536	TimeIntervals	Lick
772.0202499999999	0.10000000000013642	TimeIntervals	Lick
772.1535	0.10000000000013642	TimeIntervals	Lick
772.2870000000001	0.10000000000002274	TimeIntervals	Lick
772.4205000000001	0.09999999999990905	TimeIntervals	Lick
772.55375	0.09999999999990905	TimeIntervals	Lick
772.687	0.13350000000014006	TimeIntervals	Lick
772.8537500000002	0.09999999999968168	TimeIntervals	Lick
773.0205	0.06650000000013279	TimeIntervals	Lick
773.1205	0.0665000000000191	TimeIntervals	Lick
773.8540000000002	1.5999999999996817	TimeIntervals	Lick
775.4875000000001	2.500500000000102	TimeIntervals	Lick
778.0212499999999	0.10000000000013642	TimeIntervals	Lick
778.1545000000001	0.1667499999998654	TimeIntervals	Lick
778.3545000000001	0.09999999999979536	TimeIntervals	Lick
778.4880000000002	0.06649999999990541	TimeIntervals	Lick
778.5880000000001	0.4667499999999336	TimeIntervals	Lick
779.0880000000001	0.23349999999993543	TimeIntervals	Lick
779.4547499999999	0.06675000000007003	TimeIntervals	Lick
779.7215	0.10000000000002274	TimeIntervals	Lick
779.8547500000001	0.09999999999979536	TimeIntervals	Lick
780.0215	0.06650000000013279	TimeIntervals	Lick
780.1215000000001	0.09999999999990905	TimeIntervals	Lick
780.2550000000001	0.13324999999997544	TimeIntervals	Lick
780.555	0.10000000000013642	TimeIntervals	Lick
780.7215	0.033500000000117325	TimeIntervals	Lick
780.8215	0.06675000000007003	TimeIntervals	Lick
780.9549999999999	0.20000000000015916	TimeIntervals	Lick
781.1882499999999	0.10025000000018736	TimeIntervals	Lick
781.3217500000001	0.13324999999986176	TimeIntervals	Lick
781.4885	0.09999999999990905	TimeIntervals	Lick
781.62175	0.10000000000002274	TimeIntervals	Lick
781.8217500000001	0.033249999999952706	TimeIntervals	Lick
781.8885	0.5667499999999563	TimeIntervals	Lick
782.522	0.06649999999990541	TimeIntervals	Lick
782.622	0.6000000000001364	TimeIntervals	Lick
783.3220000000001	0.1999999999999318	TimeIntervals	Lick
783.58875	0.06674999999995634	TimeIntervals	Lick
783.98875	0.06674999999995634	TimeIntervals	Lick
784.1555	0.7335000000001628	TimeIntervals	Lick
784.9222500000001	0.09999999999990905	TimeIntervals	Lick
785.0554999999999	0.10000000000002274	TimeIntervals	Lick
785.22225	0.10000000000002274	TimeIntervals	Lick
785.3890000000001	0.09999999999990905	TimeIntervals	Lick
785.589	0.06674999999995634	TimeIntervals	Lick
785.8225	0.10000000000002274	TimeIntervals	Lick
785.95575	0.10000000000002274	TimeIntervals	Lick
786.089	0.06674999999995634	TimeIntervals	Lick
786.189	0.10000000000025011	TimeIntervals	Lick
786.3557500000002	0.06674999999984266	TimeIntervals	Lick
786.45575	0.10000000000002274	TimeIntervals	Lick
786.589	0.09999999999990905	TimeIntervals	Lick
786.7225	0.10000000000002274	TimeIntervals	Lick
786.8560000000001	0.09999999999979536	TimeIntervals	Lick
787.0225	0.06674999999995634	TimeIntervals	Lick
787.1225	0.10000000000002274	TimeIntervals	Lick
787.2560000000002	0.09999999999990905	TimeIntervals	Lick
787.556	0.10000000000002274	TimeIntervals	Lick
787.68925	0.10000000000002274	TimeIntervals	Lick
787.7225	0.10000000000002274	TimeIntervals	Reward
787.8225	0.4002500000001419	TimeIntervals	Lick
788.2560000000002	0.3334999999998445	TimeIntervals	Lick
788.62275	0.20000000000004547	TimeIntervals	Lick
788.8560000000001	0.3334999999998445	TimeIntervals	Lick
789.2230000000001	0.33324999999990723	TimeIntervals	Lick
789.5895	0.33349999999995816	TimeIntervals	Lick
789.9562500000001	0.10024999999995998	TimeIntervals	Lick
790.0897500000001	0.09999999999990905	TimeIntervals	Lick
790.2230000000001	0.10000000000002274	TimeIntervals	Lick
790.3565000000001	0.09999999999990905	TimeIntervals	Lick
790.48975	0.10000000000013642	TimeIntervals	Lick
790.623	0.10000000000002274	TimeIntervals	Lick
790.7565000000001	0.13325000000008913	TimeIntervals	Lick
790.923	0.09999999999990905	TimeIntervals	Lick
791.0565	0.2335000000000491	TimeIntervals	Lick
791.32325	0.13324999999997544	TimeIntervals	Lick
791.49	0.9334999999999809	TimeIntervals	Lick
792.4567499999999	0.6667500000000928	TimeIntervals	Lick
793.1567500000001	0.36674999999991087	TimeIntervals	Lick
793.59025	0.10000000000013642	TimeIntervals	Lick
793.7235000000002	0.4334999999999809	TimeIntervals	Lick
794.1902500000001	0.09999999999990905	TimeIntervals	Lick
794.357	0.10000000000002274	TimeIntervals	Lick
794.4905	0.10000000000002274	TimeIntervals	Lick
794.62375	0.10000000000002274	TimeIntervals	Lick
794.82375	0.06675000000007003	TimeIntervals	Lick
795.02375	0.10000000000002274	TimeIntervals	Lick
795.22375	0.06675000000007003	TimeIntervals	Lick
795.357	0.10000000000002274	TimeIntervals	Lick
795.55725	0.06675000000007003	TimeIntervals	Lick
795.724	0.0665000000000191	TimeIntervals	Lick
795.9905	0.10000000000002274	TimeIntervals	Lick
796.124	0.06650000000013279	TimeIntervals	Lick
796.224	0.10000000000002274	TimeIntervals	Lick
796.35725	0.10000000000002274	TimeIntervals	Lick
796.4905	0.10000000000002274	TimeIntervals	Lick
796.624	0.10000000000002274	TimeIntervals	Lick
796.7907500000001	0.06674999999984266	TimeIntervals	Lick
797.0575	0.0665000000000191	TimeIntervals	Lick
797.2575	0.09999999999990905	TimeIntervals	Lick
797.9575000000001	0.06674999999984266	TimeIntervals	Lick
798.091	0.0665000000000191	TimeIntervals	Lick
798.3575	0.06675000000007003	TimeIntervals	Lick
798.7575	0.13350000000002638	TimeIntervals	Lick
799.2577500000001	0.06675000000007003	TimeIntervals	Lick
799.4245	0.3332500000001346	TimeIntervals	Lick
801.5915	0.06650000000013279	TimeIntervals	Lick
802.3915000000001	0.06674999999995634	TimeIntervals	Lick
803.6585000000001	0.09999999999979536	TimeIntervals	Lick
804.392	0.10000000000002274	TimeIntervals	Lick
805.5920000000001	0.09999999999990905	TimeIntervals	Lick
805.7255	0.06650000000013279	TimeIntervals	Lick
807.4255000000002	0.06674999999984266	TimeIntervals	Lick
807.8257500000001	0.06674999999995634	TimeIntervals	Lick
807.959	0.06675000000007003	TimeIntervals	Lick
808.0925000000001	0.10000000000002274	TimeIntervals	Lick
808.459	0.10000000000013642	TimeIntervals	Lick
808.7260000000001	0.09999999999990905	TimeIntervals	Lick
808.8925	0.09999999999990905	TimeIntervals	Lick
809.05925	0.06674999999995634	TimeIntervals	Lick
809.2592500000001	0.06674999999995634	TimeIntervals	Lick
810.7595000000001	0.09999999999990905	TimeIntervals	Lick
811.093	0.06650000000013279	TimeIntervals	Lick
811.1930000000001	0.09999999999990905	TimeIntervals	Lick
811.3262500000001	0.09999999999990905	TimeIntervals	Lick
811.4595	0.09999999999990905	TimeIntervals	Lick
811.593	0.10000000000013642	TimeIntervals	Lick
811.7262500000002	0.09999999999990905	TimeIntervals	Lick
811.8595	0.10000000000002274	TimeIntervals	Lick
811.9929999999999	0.2335000000002765	TimeIntervals	Lick
812.293	0.10000000000002274	TimeIntervals	Lick
812.4265	0.10000000000002274	TimeIntervals	Lick
812.55975	0.10000000000002274	TimeIntervals	Lick
812.6930000000001	0.09999999999990905	TimeIntervals	Lick
812.8265000000001	0.09999999999990905	TimeIntervals	Lick
812.95975	0.10000000000002274	TimeIntervals	Lick
813.093	0.10025000000018736	TimeIntervals	Lick
813.2265000000002	0.133499999999799	TimeIntervals	Lick
813.3932500000001	0.09999999999990905	TimeIntervals	Lick
813.5265	0.09999999999979536	TimeIntervals	Lick
813.66	0.13325000000020282	TimeIntervals	Lick
814.3935000000001	0.09999999999990905	TimeIntervals	Lick
814.7935000000001	0.06649999999990541	TimeIntervals	Reward
814.96	0.4002500000000282	TimeIntervals	Lick
815.3935000000001	0.06674999999995634	TimeIntervals	Lick
815.4935	0.1999999999999318	TimeIntervals	Lick
815.7270000000001	0.33324999999990723	TimeIntervals	Lick
816.0935000000001	0.20000000000004547	TimeIntervals	Lick
816.3270000000001	0.09999999999990905	TimeIntervals	Lick
816.4605	0.10000000000002274	TimeIntervals	Lick
816.5937500000001	0.20000000000004547	TimeIntervals	Lick
816.8270000000001	0.09999999999990905	TimeIntervals	Lick
816.9605	0.13325000000008913	TimeIntervals	Lick
817.127	0.10000000000013642	TimeIntervals	Lick
817.2605000000001	0.10000000000002274	TimeIntervals	Lick
817.427	0.03350000000000364	TimeIntervals	Lick
817.62725	0.10000000000002274	TimeIntervals	Lick
817.7605000000001	0.1999999999999318	TimeIntervals	Lick
818.194	0.10000000000013642	TimeIntervals	Lick
818.494	0.10000000000013642	TimeIntervals	Lick
818.8275000000001	0.09999999999990905	TimeIntervals	Lick
819.0275	0.06650000000013279	TimeIntervals	Lick
821.3610000000001	0.06674999999984266	TimeIntervals	Lick
821.461	0.10000000000002274	TimeIntervals	Lick
821.9612500000001	0.09999999999990905	TimeIntervals	Lick
822.128	0.0665000000000191	TimeIntervals	Lick
823.39475	0.06675000000007003	TimeIntervals	Lick
823.528	0.06675000000007003	TimeIntervals	Lick
823.7280000000001	0.06674999999995634	TimeIntervals	Lick
824.695	0.09999999999990905	TimeIntervals	Lick
824.8282500000001	0.06674999999995634	TimeIntervals	Lick
824.9615000000001	0.30024999999989177	TimeIntervals	Lick
825.295	0.06675000000018372	TimeIntervals	Lick
825.3950000000001	0.33350000000007185	TimeIntervals	Lick
825.795	0.06675000000018372	TimeIntervals	Lick
825.8950000000001	0.09999999999990905	TimeIntervals	Lick
826.0284999999999	0.10000000000025011	TimeIntervals	Lick
826.16175	0.06675000000018372	TimeIntervals	Lick
826.2620000000001	0.10000000000002274	TimeIntervals	Lick
826.39525	0.10000000000002274	TimeIntervals	Lick
826.5284999999999	0.10000000000025011	TimeIntervals	Lick
826.6620000000001	0.1999999999999318	TimeIntervals	Lick
826.8285	0.10000000000002274	TimeIntervals	Reward
826.89525	0.9667500000000473	TimeIntervals	Lick
827.8955000000001	0.09999999999990905	TimeIntervals	Lick
828.02875	0.20000000000015916	TimeIntervals	Lick
828.2620000000001	0.10000000000002274	TimeIntervals	Lick
828.3955000000001	0.09999999999990905	TimeIntervals	Lick
828.529	0.06650000000013279	TimeIntervals	Lick
828.629	0.10000000000013642	TimeIntervals	Lick
828.76225	0.10000000000013642	TimeIntervals	Lick
828.8955000000001	0.20000000000004547	TimeIntervals	Lick
829.129	0.10000000000013642	TimeIntervals	Lick
829.26225	0.33350000000007185	TimeIntervals	Lick
829.629	0.10000000000013642	TimeIntervals	Lick
829.7624999999999	0.10000000000013642	TimeIntervals	Lick
829.8957500000001	0.09999999999990905	TimeIntervals	Lick
830.029	0.10000000000002274	TimeIntervals	Lick
830.1625	0.09999999999990905	TimeIntervals	Lick
830.2957500000001	0.10000000000002274	TimeIntervals	Lick
830.4290000000001	0.09999999999990905	TimeIntervals	Lick
830.5625	0.10000000000002274	TimeIntervals	Lick
830.6959999999999	0.26650000000017826	TimeIntervals	Lick
830.9960000000001	0.09999999999990905	TimeIntervals	Lick
831.12925	0.10000000000025011	TimeIntervals	Lick
831.2624999999999	0.2667500000001155	TimeIntervals	Lick
831.5625	0.10000000000002274	TimeIntervals	Lick
831.7292500000002	0.06674999999995634	TimeIntervals	Lick
831.8960000000001	0.10000000000002274	TimeIntervals	Lick
832.3294999999999	0.06650000000013279	TimeIntervals	Lick
832.5295000000001	0.20000000000004547	TimeIntervals	Lick
832.9295000000001	0.33349999999995816	TimeIntervals	Lick
833.49625	0.13324999999997544	TimeIntervals	Lick
834.92975	0.06675000000007003	TimeIntervals	Lick
835.23	0.0665000000000191	TimeIntervals	Lick
835.3632500000002	0.06674999999972897	TimeIntervals	Lick
835.46325	0.06674999999995634	TimeIntervals	Lick
835.5632499999999	0.10000000000002274	TimeIntervals	Lick
835.73	0.10000000000002274	TimeIntervals	Lick
836.03	0.0665000000000191	TimeIntervals	Lick
836.1635	0.10000000000002274	TimeIntervals	Lick
836.8967500000001	0.10000000000013642	TimeIntervals	Lick
837.0635	0.06650000000013279	TimeIntervals	Lick
837.3302500000001	0.09999999999979536	TimeIntervals	Lick
837.7302500000001	0.06674999999984266	TimeIntervals	Lick
838.597	0.06675000000007003	TimeIntervals	Lick
839.7640000000001	0.06649999999990541	TimeIntervals	Lick
839.964	0.09999999999979536	TimeIntervals	Lick
840.8640000000001	0.09999999999990905	TimeIntervals	Lick
841.0307499999999	0.06674999999995634	TimeIntervals	Lick
843.5645	0.06650000000024647	TimeIntervals	Lick
843.6645000000001	0.10000000000002274	TimeIntervals	Lick
844.9644999999999	0.10024999999995998	TimeIntervals	Lick
845.7980000000001	0.09999999999990905	TimeIntervals	Lick
847.2650000000001	0.10000000000002274	TimeIntervals	Lick
848.3320000000001	0.09999999999990905	TimeIntervals	Lick
849.06525	0.10000000000002274	TimeIntervals	Lick
850.83225	0.06675000000007003	TimeIntervals	Lick
853.6325	0.09999999999990905	TimeIntervals	Lick
854.7660000000001	0.10025000000007367	TimeIntervals	Lick
855.06625	0.10000000000025011	TimeIntervals	Lick
856.7665000000002	0.09999999999990905	TimeIntervals	Lick
856.89975	0.10000000000002274	TimeIntervals	Lick
857.3332500000001	0.033249999999952706	TimeIntervals	Lick
857.4000000000001	0.09999999999990905	TimeIntervals	Lick
857.53325	0.06675000000007003	TimeIntervals	Lick
857.6332500000001	0.06674999999984266	TimeIntervals	Lick
857.7332500000001	0.10000000000002274	TimeIntervals	Lick
857.8665000000001	0.3334999999998445	TimeIntervals	Lick
858.2335000000002	0.09999999999990905	TimeIntervals	Lick
858.3667500000001	0.06674999999995634	TimeIntervals	Lick
858.46675	0.09999999999990905	TimeIntervals	Lick
858.6	0.09999999999990905	TimeIntervals	Lick
858.7335000000002	0.09999999999990905	TimeIntervals	Lick
858.8667500000001	0.1999999999998181	TimeIntervals	Lick
858.9000000000001	0.06674999999995634	TimeIntervals	Reward
859.1	0.30025000000011914	TimeIntervals	Lick
859.4335000000001	0.1999999999998181	TimeIntervals	Lick
859.6670000000001	0.1999999999999318	TimeIntervals	Lick
859.9002500000001	0.1999999999998181	TimeIntervals	Lick
860.1334999999999	0.20000000000015916	TimeIntervals	Lick
860.3670000000001	0.33349999999995816	TimeIntervals	Lick
860.73375	0.10000000000013642	TimeIntervals	Lick
860.8670000000001	0.10000000000002274	TimeIntervals	Lick
861.0005000000001	0.09999999999990905	TimeIntervals	Lick
861.13375	0.10000000000002274	TimeIntervals	Lick
861.2670000000002	0.1334999999999127	TimeIntervals	Lick
861.4340000000001	0.09999999999990905	TimeIntervals	Lick
861.734	0.06650000000013279	TimeIntervals	Lick
861.8672500000001	0.06674999999995634	TimeIntervals	Lick
861.9672499999999	0.13325000000008913	TimeIntervals	Lick
862.3340000000002	0.06649999999990541	TimeIntervals	Lick
862.5005000000001	0.06700000000000728	TimeIntervals	Lick
863.034	0.16675000000009277	TimeIntervals	Lick
864.1342500000001	0.13324999999997544	TimeIntervals	Lick
864.701	0.06675000000007003	TimeIntervals	Lick
866.2344999999999	0.10000000000013642	TimeIntervals	Lick
867.468	0.06675000000007003	TimeIntervals	Lick
869.0682500000001	0.10024999999995998	TimeIntervals	Lick
869.5349999999999	0.06675000000007003	TimeIntervals	Lick
869.635	0.10000000000002274	TimeIntervals	Lick
869.7685	0.06650000000013279	TimeIntervals	Lick
869.8685	0.06649999999990541	TimeIntervals	Lick
869.9685	0.33350000000007185	TimeIntervals	Lick
870.3352500000001	0.09999999999990905	TimeIntervals	Lick
870.4685	0.06674999999995634	TimeIntervals	Lick
870.5685000000002	0.09999999999990905	TimeIntervals	Lick
870.7020000000001	0.1999999999999318	TimeIntervals	Lick
870.93525	0.6335000000001401	TimeIntervals	Lick
870.93525	0.09999999999990905	TimeIntervals	Reward
871.6020000000001	0.06675000000007003	TimeIntervals	Lick
871.7020000000001	0.09999999999990905	TimeIntervals	Lick
871.8355000000001	0.19999999999970441	TimeIntervals	Lick
872.0687500000001	0.33324999999990723	TimeIntervals	Lick
872.4355	0.09999999999979536	TimeIntervals	Lick
872.5690000000001	0.1999999999999318	TimeIntervals	Lick
872.8022500000001	0.09999999999990905	TimeIntervals	Lick
872.9355	0.33349999999995816	TimeIntervals	Lick
873.3022500000001	0.09999999999990905	TimeIntervals	Lick
873.4355	0.09999999999979536	TimeIntervals	Lick
873.5690000000001	0.10000000000002274	TimeIntervals	Lick
873.7025000000001	0.10000000000002274	TimeIntervals	Lick
873.8357500000002	0.09999999999979536	TimeIntervals	Lick
873.969	0.10000000000002274	TimeIntervals	Lick
874.1025	0.10000000000013642	TimeIntervals	Lick
874.23575	0.10000000000013642	TimeIntervals	Lick
874.369	0.26699999999993906	TimeIntervals	Lick
874.6692500000001	0.09999999999979536	TimeIntervals	Lick
874.8025000000001	0.1334999999999127	TimeIntervals	Lick
874.9692500000001	0.09999999999990905	TimeIntervals	Lick
875.1025	0.06675000000018372	TimeIntervals	Lick
875.236	0.10000000000013642	TimeIntervals	Lick
875.4025	0.23349999999993543	TimeIntervals	Lick
875.8695	0.0665000000000191	TimeIntervals	Lick
876.136	0.10000000000002274	TimeIntervals	Lick
876.50275	0.10000000000002274	TimeIntervals	Lick
876.736	0.06675000000018372	TimeIntervals	Lick
877.0695000000001	0.06674999999995634	TimeIntervals	Lick
878.76975	0.2667500000000018	TimeIntervals	Lick
879.17	0.3332500000000209	TimeIntervals	Lick
879.5365	0.09999999999990905	TimeIntervals	Lick
879.67	0.13325000000008913	TimeIntervals	Lick
879.8365000000001	0.09999999999968168	TimeIntervals	Lick
879.97	0.13350000000002638	TimeIntervals	Lick
880.17	0.10000000000013642	TimeIntervals	Lick
880.3035000000002	0.09999999999979536	TimeIntervals	Lick
880.4367499999998	0.10000000000013642	TimeIntervals	Lick
880.6035	0.09999999999990905	TimeIntervals	Lick
880.97	0.06674999999995634	TimeIntervals	Lick
882.27025	0.10025000000007367	TimeIntervals	Lick
882.40375	0.10000000000002274	TimeIntervals	Lick
882.6037500000001	0.033249999999952706	TimeIntervals	Lick
882.9369999999999	0.06675000000007003	TimeIntervals	Lick
885.4375	0.0665000000000191	TimeIntervals	Lick
886.0709999999999	0.0665000000000191	TimeIntervals	Lick
886.6374999999999	0.06700000000000728	TimeIntervals	Lick
887.53775	0.10000000000002274	TimeIntervals	Lick
889.5715	0.10000000000002274	TimeIntervals	Lick
889.90475	0.10025000000007367	TimeIntervals	Lick
890.0715	0.06675000000007003	TimeIntervals	Lick
890.1715	0.39999999999997726	TimeIntervals	Lick
890.605	0.10000000000002274	TimeIntervals	Lick
890.7382500000002	0.09999999999979536	TimeIntervals	Lick
890.8715000000001	0.1999999999999318	TimeIntervals	Lick
891.105	0.10000000000002274	TimeIntervals	Lick
891.2385000000003	0.19999999999970441	TimeIntervals	Lick
891.47175	0.10000000000002274	TimeIntervals	Lick
891.605	0.10000000000002274	TimeIntervals	Lick
891.7385000000003	0.8999999999997499	TimeIntervals	Lick
892.0385	0.10000000000002274	TimeIntervals	Reward
892.6719999999999	0.3332500000002483	TimeIntervals	Lick
893.0385	0.4670000000000982	TimeIntervals	Lick
893.5387499999999	0.7332500000001119	TimeIntervals	Lick
894.3055	0.09999999999990905	TimeIntervals	Lick
894.4389999999999	0.10000000000013642	TimeIntervals	Lick
894.57225	0.10000000000002274	TimeIntervals	Lick
894.7055	0.23349999999982174	TimeIntervals	Lick
894.97225	0.10000000000002274	TimeIntervals	Lick
895.1055	0.10000000000002274	TimeIntervals	Lick
895.2390000000001	0.09999999999990905	TimeIntervals	Lick
895.3722500000001	0.09999999999990905	TimeIntervals	Lick
895.5055000000001	0.10024999999995998	TimeIntervals	Lick
895.6390000000001	0.10000000000002274	TimeIntervals	Lick
895.7725000000002	0.2664999999998372	TimeIntervals	Lick
896.0725	0.10000000000002274	TimeIntervals	Lick
896.2057500000001	0.10000000000002274	TimeIntervals	Lick
896.339	0.133499999999799	TimeIntervals	Lick
896.539	0.26700000000005275	TimeIntervals	Lick
896.9060000000001	0.09999999999990905	TimeIntervals	Lick
897.2392500000002	0.06674999999984266	TimeIntervals	Lick
897.706	0.13350000000002638	TimeIntervals	Lick
897.9060000000001	0.6335000000000264	TimeIntervals	Lick
898.606	0.06675000000007003	TimeIntervals	Lick
899.1062499999999	0.06675000000007003	TimeIntervals	Lick
899.2730000000001	0.10000000000002274	TimeIntervals	Lick
900.23975	0.03325000000018008	TimeIntervals	Lick
902.04	0.13350000000002638	TimeIntervals	Lick
902.3735000000001	0.09999999999979536	TimeIntervals	Lick
903.00675	0.06674999999995634	TimeIntervals	Lick
905.60725	0.06675000000007003	TimeIntervals	Lick
905.80725	0.10000000000013642	TimeIntervals	Lick
905.9405	0.09999999999990905	TimeIntervals	Lick
906.074	0.06650000000013279	TimeIntervals	Lick
906.1740000000001	0.06649999999990541	TimeIntervals	Lick
906.2740000000001	0.39999999999997726	TimeIntervals	Lick
906.7075	0.10000000000013642	TimeIntervals	Lick
906.8407500000001	0.09999999999990905	TimeIntervals	Lick
906.974	0.20000000000004547	TimeIntervals	Lick
907.1075	0.06650000000013279	TimeIntervals	Reward
907.2075	0.10000000000013642	TimeIntervals	Lick
907.3407500000001	0.06674999999995634	TimeIntervals	Lick
907.44075	0.06675000000007003	TimeIntervals	Lick
907.5407500000001	0.20024999999986903	TimeIntervals	Lick
907.7742500000002	0.06674999999984266	TimeIntervals	Lick
907.8742500000001	0.09999999999990905	TimeIntervals	Lick
908.0075	0.06674999999995634	TimeIntervals	Lick
908.1075	0.20000000000015916	TimeIntervals	Lick
908.341	0.10000000000002274	TimeIntervals	Lick
908.47425	0.20000000000004547	TimeIntervals	Lick
908.7075	0.33350000000007185	TimeIntervals	Lick
909.0745000000001	0.09999999999990905	TimeIntervals	Lick
909.2077499999999	0.10000000000025011	TimeIntervals	Lick
909.341	0.10000000000002274	TimeIntervals	Lick
909.4745000000001	0.09999999999990905	TimeIntervals	Lick
909.60775	0.09999999999990905	TimeIntervals	Lick
909.741	0.10024999999995998	TimeIntervals	Lick
909.8745000000001	0.26674999999988813	TimeIntervals	Lick
910.1745	0.2667500000000018	TimeIntervals	Lick
910.4745000000001	0.26674999999988813	TimeIntervals	Lick
911.27475	0.06674999999995634	TimeIntervals	Lick
911.9080000000001	0.60024999999996	TimeIntervals	Lick
913.0749999999999	0.13350000000002638	TimeIntervals	Lick
913.2750000000002	0.29999999999972715	TimeIntervals	Lick
913.7085	0.5	TimeIntervals	Lick
914.2420000000001	0.10000000000002274	TimeIntervals	Lick
914.37525	0.09999999999990905	TimeIntervals	Lick
914.542	0.033249999999952706	TimeIntervals	Lick
914.7085	0.06675000000018372	TimeIntervals	Lick
914.87525	0.16674999999997908	TimeIntervals	Lick
915.1420000000002	0.09999999999990905	TimeIntervals	Lick
915.3420000000001	0.6667499999998654	TimeIntervals	Lick
916.042	2.333750000000123	TimeIntervals	Lick
918.409	0.13350000000002638	TimeIntervals	Lick
918.576	0.5665000000000191	TimeIntervals	Lick
919.1760000000003	0.09999999999968168	TimeIntervals	Lick
919.3092500000002	0.26674999999977445	TimeIntervals	Lick
919.6425	0.06700000000000728	TimeIntervals	Lick
919.8095000000002	0.0665000000000191	TimeIntervals	Lick
919.9095	0.8000000000000682	TimeIntervals	Lick
920.74275	0.20024999999998272	TimeIntervals	Lick
920.9762499999999	0.23325000000011187	TimeIntervals	Lick
921.243	0.09999999999990905	TimeIntervals	Lick
921.443	0.6667500000000928	TimeIntervals	Lick
922.143	0.16675000000009277	TimeIntervals	Lick
922.343	1.0670000000000073	TimeIntervals	Lick
923.51	0.5332500000000664	TimeIntervals	Lick
924.0765000000001	0.10025000000007367	TimeIntervals	Lick
924.2100000000002	0.1334999999999127	TimeIntervals	Lick
924.3767500000001	0.13324999999986176	TimeIntervals	Lick
924.5767500000001	0.5332499999999527	TimeIntervals	Lick
925.1770000000001	0.06649999999990541	TimeIntervals	Lick
925.277	0.16649999999992815	TimeIntervals	Lick
925.61025	0.13325000000008913	TimeIntervals	Lick
925.777	0.633499999999799	TimeIntervals	Lick
926.5770000000001	0.1667499999998654	TimeIntervals	Lick
927.1437500000001	0.06675000000007003	TimeIntervals	Lick
927.277	0.033500000000117325	TimeIntervals	Lick
927.3437500000001	0.10024999999995998	TimeIntervals	Lick
927.47725	0.10000000000013642	TimeIntervals	Lick
927.6105	0.10000000000013642	TimeIntervals	Lick
927.7772500000001	0.06675000000007003	TimeIntervals	Lick
928.0440000000001	0.06649999999990541	TimeIntervals	Lick
928.2772500000001	0.23349999999982174	TimeIntervals	Lick
928.8440000000002	0.06674999999984266	TimeIntervals	Lick
929.0775000000001	0.06649999999990541	TimeIntervals	Lick
929.244	0.06675000000007003	TimeIntervals	Lick
929.3440000000002	0.1999999999999318	TimeIntervals	Lick
929.5775000000001	0.13350000000002638	TimeIntervals	Lick
929.7442500000001	0.10000000000002274	TimeIntervals	Lick
929.911	0.10000000000002274	TimeIntervals	Lick
930.04425	0.09999999999990905	TimeIntervals	Lick
930.6442499999999	0.06675000000018372	TimeIntervals	Lick
931.07775	0.3000000000000682	TimeIntervals	Lick
932.1780000000001	0.09999999999990905	TimeIntervals	Lick
932.7112500000001	0.10000000000013642	TimeIntervals	Lick
932.8780000000002	0.06674999999984266	TimeIntervals	Lick
933.0115	0.06650000000013279	TimeIntervals	Lick
933.1115000000001	0.0665000000000191	TimeIntervals	Lick
933.2115000000001	0.09999999999990905	TimeIntervals	Lick
933.3447500000001	0.1999999999999318	TimeIntervals	Lick
933.5780000000001	0.10000000000002274	TimeIntervals	Lick
933.7115000000001	0.09999999999990905	TimeIntervals	Lick
933.8447500000001	0.09999999999990905	TimeIntervals	Lick
933.978	0.10025000000018736	TimeIntervals	Lick
934.1115000000001	0.10000000000002274	TimeIntervals	Lick
934.145	0.06650000000013279	TimeIntervals	Reward
934.2450000000001	0.3999999999998636	TimeIntervals	Lick
934.67825	0.10000000000013642	TimeIntervals	Lick
934.8115	0.1999999999999318	TimeIntervals	Lick
935.045	0.3000000000000682	TimeIntervals	Lick
935.3785000000001	0.09999999999990905	TimeIntervals	Lick
935.51175	0.06675000000007003	TimeIntervals	Lick
935.61175	0.10000000000025011	TimeIntervals	Lick
935.7450000000001	0.1999999999999318	TimeIntervals	Lick
935.9785	0.10000000000002274	TimeIntervals	Lick
936.11175	0.2667500000001155	TimeIntervals	Lick
936.4119999999999	0.10000000000013642	TimeIntervals	Lick
936.54525	0.2667500000000018	TimeIntervals	Lick
936.8452500000001	0.09999999999979536	TimeIntervals	Lick
937.0785000000001	0.06674999999984266	TimeIntervals	Lick
937.1785	0.10000000000013642	TimeIntervals	Lick
937.3787500000002	0.06674999999972897	TimeIntervals	Lick
937.5120000000001	0.56675000000007	TimeIntervals	Lick
938.2120000000002	0.09999999999979536	TimeIntervals	Lick
938.91225	0.033249999999952706	TimeIntervals	Lick
940.1790000000001	0.06674999999995634	TimeIntervals	Reward
940.3457500000002	0.6002499999997326	TimeIntervals	Lick
940.97925	0.3000000000000682	TimeIntervals	Lick
941.3125	0.09999999999990905	TimeIntervals	Lick
941.4459999999999	0.0665000000000191	TimeIntervals	Lick
941.5459999999999	0.20000000000015916	TimeIntervals	Lick
941.7795000000001	0.10000000000002274	TimeIntervals	Lick
941.91275	0.3332500000001346	TimeIntervals	Lick
942.2795000000001	0.10000000000002274	TimeIntervals	Lick
942.41275	0.2667500000001155	TimeIntervals	Lick
942.7127500000001	0.10024999999995998	TimeIntervals	Lick
942.8462500000002	0.09999999999979536	TimeIntervals	Lick
942.9795	0.13350000000014006	TimeIntervals	Lick
943.14625	0.10000000000013642	TimeIntervals	Lick
943.4795	0.06674999999995634	TimeIntervals	Lick
944.7465000000001	0.0665000000000191	TimeIntervals	Lick
945.1465000000001	0.06674999999995634	TimeIntervals	Lick
945.2800000000001	0.10000000000002274	TimeIntervals	Lick
945.48	0.06649999999990541	TimeIntervals	Lick
945.58	0.10000000000013642	TimeIntervals	Lick
945.7465000000001	0.10000000000002274	TimeIntervals	Lick
945.8800000000001	0.1999999999999318	TimeIntervals	Lick
946.1135	0.09999999999990905	TimeIntervals	Lick
946.2467500000002	0.19999999999970441	TimeIntervals	Lick
946.48	0.10000000000002274	TimeIntervals	Lick
946.6135	0.20000000000004547	TimeIntervals	Lick
946.8467500000002	0.09999999999979536	TimeIntervals	Lick
946.98	0.20024999999998272	TimeIntervals	Lick
947.18025	0.10000000000013642	TimeIntervals	Reward
947.2135	0.40000000000009095	TimeIntervals	Lick
947.647	0.10000000000013642	TimeIntervals	Lick
947.7802500000001	0.9002499999999145	TimeIntervals	Lick
948.71375	0.33324999999990723	TimeIntervals	Lick
949.0805	0.10000000000002274	TimeIntervals	Lick
949.21375	0.10000000000002274	TimeIntervals	Lick
949.3470000000002	0.1002499999998463	TimeIntervals	Lick
949.4805	0.10000000000002274	TimeIntervals	Lick
949.614	0.10000000000002274	TimeIntervals	Lick
949.7472500000001	0.10000000000013642	TimeIntervals	Lick
949.8805000000002	0.09999999999979536	TimeIntervals	Lick
950.0140000000001	0.09999999999990905	TimeIntervals	Lick
950.14725	0.10000000000013642	TimeIntervals	Lick
950.2805	0.26699999999993906	TimeIntervals	Lick
950.5807500000001	0.10000000000002274	TimeIntervals	Lick
950.714	0.09999999999990905	TimeIntervals	Lick
950.8807500000001	0.09999999999990905	TimeIntervals	Lick
951.0474999999999	0.06650000000013279	TimeIntervals	Lick
951.1475000000002	0.06649999999990541	TimeIntervals	Lick
951.3475000000002	0.06649999999979173	TimeIntervals	Lick
951.4807500000001	0.10024999999995998	TimeIntervals	Lick
951.681	0.033249999999952706	TimeIntervals	Lick
951.8475000000002	0.19999999999970441	TimeIntervals	Lick
952.081	0.10000000000002274	TimeIntervals	Lick
952.7810000000001	0.10000000000013642	TimeIntervals	Lick
953.7812500000001	0.10000000000002274	TimeIntervals	Lick
954.18125	0.13325000000008913	TimeIntervals	Lick
954.4812499999999	0.10000000000013642	TimeIntervals	Lick
955.61475	0.20000000000004547	TimeIntervals	Lick
955.8815000000001	0.06649999999990541	TimeIntervals	Lick
956.5482499999999	0.06675000000007003	TimeIntervals	Lick
957.0485	0.0665000000000191	TimeIntervals	Lick
957.7817500000001	0.06675000000007003	TimeIntervals	Lick
958.71525	0.06675000000018372	TimeIntervals	Lick
960.8822500000002	0.06674999999972897	TimeIntervals	Lick
961.0155000000001	0.09999999999990905	TimeIntervals	Lick
961.1490000000001	0.09999999999990905	TimeIntervals	Lick
961.4825	0.06650000000013279	TimeIntervals	Lick
961.8825000000002	0.2332499999997708	TimeIntervals	Lick
962.31575	0.06675000000018372	TimeIntervals	Lick
962.449	0.06675000000018372	TimeIntervals	Lick
962.6492500000003	0.06674999999972897	TimeIntervals	Lick
962.7825	0.10000000000013642	TimeIntervals	Lick
962.916	0.10000000000002274	TimeIntervals	Lick
963.04925	0.10000000000025011	TimeIntervals	Lick
963.1825000000001	0.20000000000004547	TimeIntervals	Lick
963.44925	0.10000000000002274	TimeIntervals	Lick
963.5825	0.10025000000007367	TimeIntervals	Lick
963.7827500000003	0.06674999999984266	TimeIntervals	Lick
964.216	0.0667500000002974	TimeIntervals	Lick
964.3495000000001	0.09999999999990905	TimeIntervals	Lick
964.81625	0.20000000000015916	TimeIntervals	Lick
965.11625	0.10000000000002274	TimeIntervals	Lick
966.3164999999999	0.10000000000002274	TimeIntervals	Lick
967.3832500000003	0.09999999999979536	TimeIntervals	Lick
967.9164999999999	0.03350000000000364	TimeIntervals	Lick
969.0167500000001	0.10024999999995998	TimeIntervals	Lick
970.217	0.10000000000002274	TimeIntervals	Lick
970.4505	0.10000000000013642	TimeIntervals	Lick
970.717	0.10000000000002274	TimeIntervals	Lick
970.8837500000002	0.09999999999979536	TimeIntervals	Lick
971.08375	0.06675000000007003	TimeIntervals	Lick
971.18375	0.10000000000025011	TimeIntervals	Lick
971.3505	0.06675000000007003	TimeIntervals	Lick
971.51725	0.06674999999995634	TimeIntervals	Lick
971.8172500000001	0.1999999999999318	TimeIntervals	Lick
972.0505000000002	0.09999999999990905	TimeIntervals	Lick
972.184	0.10000000000025011	TimeIntervals	Lick
972.3172500000001	0.1002499999998463	TimeIntervals	Lick
972.4507499999999	0.1000000000003638	TimeIntervals	Lick
972.584	0.10000000000002274	TimeIntervals	Lick
972.7175000000001	0.1999999999998181	TimeIntervals	Lick
972.9507499999999	0.1000000000003638	TimeIntervals	Lick
973.084	0.10000000000002274	TimeIntervals	Lick
973.2175000000001	0.10000000000002274	TimeIntervals	Lick
973.35075	0.09999999999990905	TimeIntervals	Lick
973.4839999999999	0.10024999999995998	TimeIntervals	Lick
973.6175	0.13350000000025375	TimeIntervals	Lick
973.7842500000002	0.10000000000002274	TimeIntervals	Lick
973.9509999999998	0.23325000000045293	TimeIntervals	Lick
974.2175000000001	0.10000000000002274	TimeIntervals	Lick
974.351	0.09999999999979536	TimeIntervals	Lick
974.48425	0.09999999999990905	TimeIntervals	Lick
974.9509999999998	0.10000000000025011	TimeIntervals	Lick
975.0844999999999	0.06650000000024647	TimeIntervals	Lick
975.3177500000002	0.09999999999990905	TimeIntervals	Lick
976.25125	0.10000000000002274	TimeIntervals	Lick
977.6180000000002	0.09999999999979536	TimeIntervals	Lick
977.7847500000003	0.06674999999984266	TimeIntervals	Lick
977.88475	0.1002499999998463	TimeIntervals	Lick
978.0182500000001	0.06675000000007003	TimeIntervals	Lick
978.1515	0.16675000000009277	TimeIntervals	Lick
978.3515	0.20000000000015916	TimeIntervals	Lick
978.5850000000002	0.20000000000004547	TimeIntervals	Lick
978.8182500000001	0.09999999999990905	TimeIntervals	Lick
978.9514999999999	0.10025000000018736	TimeIntervals	Lick
979.0850000000002	0.20000000000004547	TimeIntervals	Lick
979.2517500000001	0.06674999999984266	TimeIntervals	Reward
979.3185	0.10000000000002274	TimeIntervals	Lick
979.4517500000002	0.09999999999990905	TimeIntervals	Lick
979.5850000000002	0.06674999999984266	TimeIntervals	Lick
979.6850000000001	0.06675000000007003	TimeIntervals	Lick
979.7850000000002	0.09999999999979536	TimeIntervals	Lick
979.9185	0.3000000000000682	TimeIntervals	Lick
980.2520000000001	0.20000000000015916	TimeIntervals	Lick
980.48525	0.20000000000038654	TimeIntervals	Lick
980.7185000000001	0.1999999999999318	TimeIntervals	Lick
980.9520000000002	0.09999999999968168	TimeIntervals	Lick
981.08525	0.1000000000003638	TimeIntervals	Lick
981.2185000000001	0.10025000000030104	TimeIntervals	Lick
981.3520000000001	0.1999999999998181	TimeIntervals	Lick
981.5854999999999	0.23325000000045293	TimeIntervals	Lick
981.8520000000001	0.10000000000013642	TimeIntervals	Lick
981.9855	0.13324999999997544	TimeIntervals	Lick
982.1520000000002	0.09999999999990905	TimeIntervals	Lick
982.6522500000001	0.09999999999990905	TimeIntervals	Lick
982.9855	0.06675000000018372	TimeIntervals	Lick
983.5857500000002	0.16674999999997908	TimeIntervals	Lick
983.88575	0.4667500000000473	TimeIntervals	Lick
984.6192500000001	0.06674999999995634	TimeIntervals	Lick
989.2865	0.16675000000009277	TimeIntervals	Lick
989.4865	0.10000000000013642	TimeIntervals	Lick
989.72	0.1999999999999318	TimeIntervals	Lick
989.9532500000001	0.20024999999998272	TimeIntervals	Lick
990.1867500000001	0.10000000000013642	TimeIntervals	Lick
990.5535000000002	0.09999999999990905	TimeIntervals	Lick
990.6867500000001	0.10000000000013642	TimeIntervals	Lick
990.8200000000003	0.09999999999968168	TimeIntervals	Lick
990.9535000000002	0.10000000000002274	TimeIntervals	Lick
993.2205000000001	0.10000000000002274	TimeIntervals	Lick
993.5204999999999	0.06675000000052478	TimeIntervals	Lick
993.6205	0.10000000000013642	TimeIntervals	Lick
993.7539999999999	0.06650000000024647	TimeIntervals	Lick
993.8540000000002	0.29999999999984084	TimeIntervals	Lick
994.1872500000001	0.1999999999999318	TimeIntervals	Lick
994.4204999999998	0.10025000000018736	TimeIntervals	Lick
994.5540000000001	0.4334999999999809	TimeIntervals	Lick
995.02075	0.3332500000001346	TimeIntervals	Lick
995.2874999999999	0.10000000000002274	TimeIntervals	Reward
995.3874999999999	0.5335000000000036	TimeIntervals	Lick
995.9542500000001	0.1999999999999318	TimeIntervals	Lick
996.1875	0.1999999999999318	TimeIntervals	Lick
996.4209999999999	0.09999999999990905	TimeIntervals	Lick
996.5542500000001	0.20024999999986903	TimeIntervals	Lick
996.7877500000001	0.09999999999979536	TimeIntervals	Lick
996.9209999999999	0.20000000000015916	TimeIntervals	Lick
997.1544999999999	0.10000000000013642	TimeIntervals	Lick
997.2877500000001	0.09999999999979536	TimeIntervals	Lick
997.4209999999999	0.09999999999990905	TimeIntervals	Lick
997.5545000000001	0.33349999999995816	TimeIntervals	Lick
997.9212499999999	0.5332500000002938	TimeIntervals	Lick
998.4880000000002	0.09999999999990905	TimeIntervals	Lick
998.62125	0.4002499999999145	TimeIntervals	Lick
999.0547500000001	0.09999999999979536	TimeIntervals	Lick
999.1879999999999	0.10000000000013642	TimeIntervals	Lick
999.3215	0.13324999999997544	TimeIntervals	Lick
999.5215	0.06650000000013279	TimeIntervals	Lick
999.6547499999999	0.06675000000041109	TimeIntervals	Lick
1000.1882500000002	0.06674999999995634	TimeIntervals	Lick
1000.555	0.06649999999990541	TimeIntervals	Lick
1001.555	0.0667500000002974	TimeIntervals	Lick
1002.1220000000002	0.033249999999952706	TimeIntervals	Lick
1002.2884999999999	0.06675000000041109	TimeIntervals	Lick
1003.2555000000002	0.06649999999990541	TimeIntervals	Lick
1003.3887500000001	0.10000000000002274	TimeIntervals	Lick
1004.1220000000002	0.06674999999984266	TimeIntervals	Lick
1004.3890000000001	0.06649999999990541	TimeIntervals	Reward
1004.5555	0.4667499999999336	TimeIntervals	Lick
1005.0555	0.7669999999999391	TimeIntervals	Lick
1005.8557500000003	0.09999999999979536	TimeIntervals	Lick
1005.9890000000001	0.09999999999990905	TimeIntervals	Lick
1006.1225000000001	0.1999999999999318	TimeIntervals	Lick
1006.3557500000003	0.33349999999995816	TimeIntervals	Lick
1006.7225000000002	0.09999999999979536	TimeIntervals	Lick
1006.8560000000002	0.09999999999990905	TimeIntervals	Lick
1006.9892500000001	0.10000000000002274	TimeIntervals	Lick
1007.1225000000001	0.10000000000013642	TimeIntervals	Lick
1007.256	0.23325000000011187	TimeIntervals	Lick
1007.5225000000002	0.10025000000018736	TimeIntervals	Lick
1007.6560000000001	0.09999999999990905	TimeIntervals	Lick
1007.7895000000001	0.10000000000013642	TimeIntervals	Lick
1007.9227500000001	0.40000000000020464	TimeIntervals	Lick
1008.3895000000002	0.06649999999990541	TimeIntervals	Lick
1008.4894999999999	0.10000000000025011	TimeIntervals	Lick
1008.6227500000003	0.10024999999973261	TimeIntervals	Lick
1008.7562500000004	0.13324999999986176	TimeIntervals	Lick
1009.0895000000002	0.06674999999984266	TimeIntervals	Lick
1009.2895000000001	0.10000000000013642	TimeIntervals	Lick
1009.5562499999999	0.10000000000013642	TimeIntervals	Lick
1009.923	0.09999999999990905	TimeIntervals	Lick
1010.0564999999998	0.1000000000003638	TimeIntervals	Lick
1010.2230000000001	0.10000000000002274	TimeIntervals	Lick
1010.423	0.09999999999990905	TimeIntervals	Lick
1011.1899999999999	0.10000000000013642	TimeIntervals	Lick
1011.3900000000001	0.09999999999990905	TimeIntervals	Lick
1011.59	0.06650000000013279	TimeIntervals	Lick
1011.7565000000003	0.06674999999961528	TimeIntervals	Lick
1011.9232499999998	0.06675000000018372	TimeIntervals	Lick
1012.0235	0.10000000000002274	TimeIntervals	Lick
1012.1567500000001	0.20000000000004547	TimeIntervals	Lick
1012.3900000000001	0.1999999999999318	TimeIntervals	Lick
1012.6235	0.10000000000013642	TimeIntervals	Lick
1012.7567500000002	0.1999999999999318	TimeIntervals	Lick
1012.99	0.10000000000002274	TimeIntervals	Lick
1013.1235	0.1999999999998181	TimeIntervals	Lick
1013.3902500000003	0.06674999999984266	TimeIntervals	Reward
1013.3902500000003	0.06674999999984266	TimeIntervals	Lick
1013.49025	0.3000000000000682	TimeIntervals	Lick
1013.8234999999999	0.3000000000001819	TimeIntervals	Lick
1014.1570000000003	0.09999999999990905	TimeIntervals	Lick
1014.2905	0.43325000000004366	TimeIntervals	Lick
1014.7570000000002	0.09999999999990905	TimeIntervals	Lick
1014.8905000000001	0.10000000000002274	TimeIntervals	Lick
1015.0237500000001	0.10000000000013642	TimeIntervals	Lick
1015.1570000000003	0.46699999999975716	TimeIntervals	Lick
1015.6572500000001	0.23324999999999818	TimeIntervals	Lick
1015.924	0.23325000000011187	TimeIntervals	Lick
1016.1905	0.4002499999999145	TimeIntervals	Lick
1016.624	0.10000000000002274	TimeIntervals	Lick
1016.7575000000003	0.09999999999968168	TimeIntervals	Lick
1016.8907500000003	0.26674999999977445	TimeIntervals	Lick
1017.19075	0.10000000000013642	TimeIntervals	Lick
1017.3575	0.0665000000000191	TimeIntervals	Lick
1017.491	0.06650000000013279	TimeIntervals	Lick
1017.6242500000001	0.06674999999984266	TimeIntervals	Lick
1017.791	0.06649999999990541	TimeIntervals	Lick
1018.291	0.13324999999986176	TimeIntervals	Lick
1018.791	0.06674999999995634	TimeIntervals	Lick
1019.45775	0.09999999999990905	TimeIntervals	Lick
1019.99125	0.10000000000002274	TimeIntervals	Lick
1020.3245000000001	0.133499999999799	TimeIntervals	Lick
1020.558	0.33350000000007185	TimeIntervals	Lick
1021.6247500000001	0.06674999999984266	TimeIntervals	Lick
1024.72525	0.06675000000018372	TimeIntervals	Lick
1024.9920000000002	0.09999999999968168	TimeIntervals	Lick
1025.1919999999998	0.1000000000003638	TimeIntervals	Lick
1025.3255	0.3000000000001819	TimeIntervals	Lick
1025.65875	0.10000000000013642	TimeIntervals	Lick
1025.7920000000001	0.09999999999968168	TimeIntervals	Lick
1025.9255	0.20000000000004547	TimeIntervals	Lick
1026.15875	0.10000000000013642	TimeIntervals	Lick
1026.2920000000001	0.10024999999995998	TimeIntervals	Lick
1026.4255	0.10000000000013642	TimeIntervals	Lick
1026.459	0.06650000000013279	TimeIntervals	Reward
1026.559	0.09999999999990905	TimeIntervals	Lick
1026.6922499999998	0.3000000000001819	TimeIntervals	Lick
1027.0255000000002	0.5334999999997763	TimeIntervals	Lick
1027.5925	0.20000000000004547	TimeIntervals	Lick
1027.82575	0.20000000000004547	TimeIntervals	Lick
1028.059	0.20000000000027285	TimeIntervals	Lick
1028.2925	0.09999999999990905	TimeIntervals	Lick
1028.42575	0.10024999999995998	TimeIntervals	Lick
1028.55925	0.10000000000013642	TimeIntervals	Lick
1028.6924999999999	0.2667500000002292	TimeIntervals	Lick
1028.9925000000003	0.09999999999968168	TimeIntervals	Lick
1029.1260000000002	0.09999999999968168	TimeIntervals	Lick
1029.2925	0.09999999999990905	TimeIntervals	Lick
1029.6595	0.06649999999990541	TimeIntervals	Lick
1031.1595	0.06674999999995634	TimeIntervals	Lick
1031.8597499999998	0.06675000000018372	TimeIntervals	Lick
1033.49325	0.06674999999995634	TimeIntervals	Reward
1033.66	0.16649999999981446	TimeIntervals	Lick
1033.86	0.06650000000013279	TimeIntervals	Lick
1033.96	0.4335000000000946	TimeIntervals	Lick
1034.42675	0.06674999999995634	TimeIntervals	Lick
1034.5267500000002	0.19999999999959073	TimeIntervals	Lick
1034.7600000000002	0.33349999999995816	TimeIntervals	Lick
1035.127	0.23324999999999818	TimeIntervals	Lick
1035.3935000000001	0.23349999999982174	TimeIntervals	Lick
1035.66025	0.1000000000003638	TimeIntervals	Lick
1035.7935000000002	0.09999999999990905	TimeIntervals	Lick
1035.927	0.10000000000013642	TimeIntervals	Lick
1036.06025	0.1334999999999127	TimeIntervals	Lick
1036.227	0.06675000000018372	TimeIntervals	Lick
1036.3605	0.06649999999990541	TimeIntervals	Lick
1036.7937500000003	0.13324999999963438	TimeIntervals	Lick
1038.6274999999998	0.10000000000013642	TimeIntervals	Lick
1038.8940000000002	0.09999999999968168	TimeIntervals	Lick
1039.0275	0.06649999999990541	TimeIntervals	Lick
1039.1274999999998	0.10000000000013642	TimeIntervals	Lick
1039.26075	0.06675000000018372	TimeIntervals	Lick
1039.3607499999998	0.2002500000000964	TimeIntervals	Lick
1039.5942499999999	0.06675000000018372	TimeIntervals	Lick
1039.69425	0.23325000000022555	TimeIntervals	Lick
1039.961	0.20000000000004547	TimeIntervals	Lick
1040.19425	0.10000000000013642	TimeIntervals	Lick
1040.3275	0.10000000000013642	TimeIntervals	Lick
1040.461	0.09999999999990905	TimeIntervals	Lick
1040.49425	0.06674999999995634	TimeIntervals	Reward
1040.5945	0.1000000000003638	TimeIntervals	Lick
1040.72775	0.16675000000009277	TimeIntervals	Lick
1040.92775	0.2999999999999545	TimeIntervals	Lick
1041.2610000000002	0.1999999999998181	TimeIntervals	Lick
1041.4945	0.3000000000001819	TimeIntervals	Lick
1041.828	0.10000000000013642	TimeIntervals	Lick
1041.96125	0.20000000000004547	TimeIntervals	Lick
1042.1945000000003	0.23349999999982174	TimeIntervals	Lick
1042.46125	0.10000000000013642	TimeIntervals	Lick
1042.5945	0.1000000000003638	TimeIntervals	Lick
1042.728	0.09999999999990905	TimeIntervals	Lick
1042.8615	0.10000000000013642	TimeIntervals	Lick
1043.5280000000002	0.06674999999995634	TimeIntervals	Lick
1044.7615000000003	0.1667499999998654	TimeIntervals	Lick
1044.9615000000001	0.10024999999995998	TimeIntervals	Lick
1045.2285	0.06650000000036016	TimeIntervals	Lick
1045.7617500000001	0.06674999999995634	TimeIntervals	Lick
1045.9950000000001	0.10024999999973261	TimeIntervals	Lick
1051.12925	0.1999999999998181	TimeIntervals	Lick
1051.3625000000002	0.09999999999990905	TimeIntervals	Lick
1051.4960000000003	0.09999999999968168	TimeIntervals	Lick
1051.6294999999998	0.09999999999990905	TimeIntervals	Lick
1051.7627499999999	0.10000000000013642	TimeIntervals	Lick
1051.896	0.1000000000003638	TimeIntervals	Lick
1052.0294999999999	0.09999999999990905	TimeIntervals	Lick
1052.1627499999997	0.06674999999995634	TimeIntervals	Lick
1052.2627499999999	0.10000000000013642	TimeIntervals	Lick
1052.396	0.20000000000004547	TimeIntervals	Lick
1052.6294999999998	0.09999999999990905	TimeIntervals	Lick
1052.763	0.3332500000001346	TimeIntervals	Lick
1053.1294999999998	0.09999999999990905	TimeIntervals	Lick
1053.263	0.23325000000022555	TimeIntervals	Lick
1053.5294999999999	0.1999999999998181	TimeIntervals	Lick
1053.5294999999999	0.06675000000018372	TimeIntervals	Reward
1053.763	0.3999999999998636	TimeIntervals	Lick
1054.1965	0.09999999999990905	TimeIntervals	Lick
1054.32975	0.1999999999998181	TimeIntervals	Lick
1054.5630000000003	0.19999999999959073	TimeIntervals	Lick
1054.7965	0.7000000000002728	TimeIntervals	Lick
1055.5300000000002	0.09999999999968168	TimeIntervals	Lick
1055.66325	0.09999999999990905	TimeIntervals	Lick
1055.7965	0.10000000000013642	TimeIntervals	Lick
1055.9300000000003	0.1334999999999127	TimeIntervals	Lick
1056.0967500000002	0.09999999999990905	TimeIntervals	Lick
1056.23	0.09999999999990905	TimeIntervals	Lick
1056.3635	0.1332500000003165	TimeIntervals	Lick
1056.5635000000002	0.06649999999967804	TimeIntervals	Lick
1056.69675	0.06674999999995634	TimeIntervals	Lick
1056.8635	0.06650000000036016	TimeIntervals	Lick
1057.13025	0.13325000000008913	TimeIntervals	Lick
1057.5635000000002	0.06674999999972897	TimeIntervals	Lick
