onset	duration	nwb_table	event_type
5.260000000000001	0.06649999999999956	TimeIntervals	Lick
5.36	0.10000000000000053	TimeIntervals	Lick
5.4935	0.20000000000000018	TimeIntervals	Lick
5.72675	0.09999999999999964	TimeIntervals	Lick
6.026750000000001	0.09999999999999964	TimeIntervals	Lick
6.16	0.09999999999999964	TimeIntervals	Lick
7.46025	0.3667499999999997	TimeIntervals	Lick
7.960500000000001	0.09999999999999876	TimeIntervals	Lick
8.1605	0.09999999999999787	TimeIntervals	Lick
8.293750000000001	0.20000000000000107	TimeIntervals	Lick
8.527	0.1335000000000015	TimeIntervals	Lick
8.694	0.10000000000000142	TimeIntervals	Lick
8.827250000000001	0.09999999999999787	TimeIntervals	Lick
8.960500000000001	0.09999999999999787	TimeIntervals	Lick
9.094	0.10000000000000142	TimeIntervals	Lick
9.2605	0.29999999999999893	TimeIntervals	Lick
9.594	0.5667500000000008	TimeIntervals	Lick
10.194	0.43349999999999866	TimeIntervals	Lick
10.66075	0.20025000000000226	TimeIntervals	Lick
10.927499999999998	0.10000000000000142	TimeIntervals	Lick
11.094250000000002	0.16674999999999862	TimeIntervals	Lick
11.394250000000001	0.06674999999999898	TimeIntervals	Lick
11.594250000000002	0.09999999999999609	TimeIntervals	Lick
11.8275	0.10024999999999729	TimeIntervals	Lick
12.061000000000002	0.0667499999999972	TimeIntervals	Lick
12.227750000000002	0.23324999999999818	TimeIntervals	Lick
12.627749999999999	0.3000000000000007	TimeIntervals	Lick
13.027999999999999	0.06650000000000134	TimeIntervals	Lick
13.161250000000003	0.09999999999999787	TimeIntervals	Lick
13.294500000000001	0.09999999999999964	TimeIntervals	Lick
13.428	0.09999999999999787	TimeIntervals	Lick
13.628	0.10000000000000142	TimeIntervals	Lick
13.794500000000001	0.06675000000000075	TimeIntervals	Lick
13.8945	0.09999999999999964	TimeIntervals	Lick
14.0945	0.06700000000000017	TimeIntervals	Lick
14.19475	0.09999999999999964	TimeIntervals	Lick
14.328000000000001	0.09999999999999964	TimeIntervals	Lick
14.461500000000001	0.10000000000000142	TimeIntervals	Lick
14.594750000000001	0.09999999999999964	TimeIntervals	Lick
14.761500000000002	0.09999999999999964	TimeIntervals	Lick
14.89475	0.20000000000000107	TimeIntervals	Lick
15.128	0.13350000000000328	TimeIntervals	Lick
15.295000000000002	0.09999999999999787	TimeIntervals	Lick
15.461500000000003	0.09999999999999787	TimeIntervals	Lick
15.595	0.09999999999999964	TimeIntervals	Lick
15.595	0.06649999999999956	TimeIntervals	Reward
15.728250000000003	0.3000000000000007	TimeIntervals	Lick
16.0615	0.06675000000000253	TimeIntervals	Lick
16.1615	0.09999999999999787	TimeIntervals	Lick
16.294999999999998	0.10000000000000142	TimeIntervals	Lick
16.4285	0.06650000000000134	TimeIntervals	Lick
16.528500000000005	0.09999999999999432	TimeIntervals	Lick
16.66175	0.09999999999999787	TimeIntervals	Lick
16.794999999999998	0.10000000000000142	TimeIntervals	Lick
16.9285	0.1999999999999993	TimeIntervals	Lick
17.16175	0.09999999999999787	TimeIntervals	Lick
17.294999999999998	0.10000000000000142	TimeIntervals	Lick
17.428500000000003	0.10000000000000142	TimeIntervals	Lick
17.562	0.09999999999999787	TimeIntervals	Lick
17.69525	0.09999999999999787	TimeIntervals	Lick
17.828500000000002	0.10000000000000142	TimeIntervals	Lick
17.962000000000003	0.09999999999999787	TimeIntervals	Lick
18.09525	0.10000000000000142	TimeIntervals	Lick
18.228499999999997	0.10000000000000497	TimeIntervals	Lick
18.39525	0.23350000000000293	TimeIntervals	Lick
18.662	0.09999999999999787	TimeIntervals	Lick
18.828750000000003	0.06674999999999898	TimeIntervals	Lick
18.9955	0.06650000000000134	TimeIntervals	Lick
19.4955	0.10000000000000142	TimeIntervals	Lick
19.629000000000005	0.09999999999999432	TimeIntervals	Lick
19.76225	0.09999999999999787	TimeIntervals	Lick
19.8955	0.10000000000000142	TimeIntervals	Lick
20.56225	0.06675000000000608	TimeIntervals	Lick
21.529000000000003	0.06674999999999898	TimeIntervals	Lick
22.52925	0.7667500000000018	TimeIntervals	Lick
23.462750000000003	0.03324999999999534	TimeIntervals	Lick
23.5295	0.5667500000000025	TimeIntervals	Lick
24.396250000000002	0.33324999999999605	TimeIntervals	Lick
24.863	0.06650000000000134	TimeIntervals	Lick
24.99625	0.10024999999999906	TimeIntervals	Lick
25.863	0.10000000000000497	TimeIntervals	Lick
26.063	0.06675000000000253	TimeIntervals	Lick
26.26325	0.10000000000000142	TimeIntervals	Lick
26.53	0.1332500000000003	TimeIntervals	Lick
28.330000000000002	0.10025000000000261	TimeIntervals	Lick
29.097000000000005	0.06649999999999423	TimeIntervals	Lick
31.39725	0.10000000000000497	TimeIntervals	Lick
33.56425	0.09999999999999432	TimeIntervals	Lick
36.198	0.06674999999999898	TimeIntervals	Lick
36.49799999999999	0.10000000000000853	TimeIntervals	Lick
36.831500000000005	0.09999999999999432	TimeIntervals	Lick
36.964749999999995	0.10000000000000853	TimeIntervals	Lick
37.098	0.20025000000000404	TimeIntervals	Lick
37.331500000000005	0.19999999999998863	TimeIntervals	Lick
37.565	0.10000000000000853	TimeIntervals	Lick
37.69825000000001	0.09999999999999432	TimeIntervals	Lick
37.831500000000005	0.09999999999999432	TimeIntervals	Lick
37.965	0.09999999999999432	TimeIntervals	Lick
38.09825	0.10000000000000853	TimeIntervals	Lick
38.231500000000004	0.10024999999999551	TimeIntervals	Lick
38.365	0.19999999999999574	TimeIntervals	Lick
38.5985	0.10000000000000853	TimeIntervals	Lick
38.665000000000006	0.06674999999999898	TimeIntervals	Reward
38.731750000000005	0.13324999999999676	TimeIntervals	Lick
38.898500000000006	0.06649999999999778	TimeIntervals	Lick
38.9985	0.06649999999999778	TimeIntervals	Lick
39.0985	0.10000000000000853	TimeIntervals	Lick
39.231750000000005	0.09999999999999432	TimeIntervals	Lick
39.365	0.10024999999999551	TimeIntervals	Lick
39.4985	0.20000000000000995	TimeIntervals	Lick
39.732	0.3332499999999925	TimeIntervals	Lick
40.0985	0.10000000000000853	TimeIntervals	Lick
40.232	0.20000000000000995	TimeIntervals	Lick
40.4655	0.10000000000000142	TimeIntervals	Lick
40.598749999999995	0.2332500000000053	TimeIntervals	Lick
40.865500000000004	0.19999999999999574	TimeIntervals	Lick
41.098749999999995	0.13325000000000387	TimeIntervals	Lick
41.2655	0.10000000000000142	TimeIntervals	Lick
41.39875	0.10000000000000142	TimeIntervals	Lick
41.532000000000004	0.10024999999999551	TimeIntervals	Lick
41.6655	0.10000000000000142	TimeIntervals	Lick
41.799	0.10000000000000142	TimeIntervals	Lick
41.93225	0.10000000000000142	TimeIntervals	Lick
42.0655	0.10000000000000142	TimeIntervals	Lick
42.23225000000001	0.06674999999999187	TimeIntervals	Lick
42.63225	0.10025000000000261	TimeIntervals	Lick
46.399499999999996	0.06675000000000608	TimeIntervals	Lick
46.49949999999999	0.10000000000000853	TimeIntervals	Lick
49.46674999999999	0.10000000000000853	TimeIntervals	Lick
49.7335	0.10000000000000142	TimeIntervals	Lick
50.16675	0.10000000000000142	TimeIntervals	Lick
50.3335	0.13349999999999795	TimeIntervals	Lick
50.500249999999994	0.13325000000000387	TimeIntervals	Lick
50.7335	0.10000000000000142	TimeIntervals	Lick
64.66900000000001	0.06674999999999898	TimeIntervals	Lick
64.8025	0.09999999999999432	TimeIntervals	Lick
65.63574999999999	0.10025000000001683	TimeIntervals	Lick
65.76925000000001	0.0999999999999801	TimeIntervals	Lick
66.00250000000001	0.03349999999998943	TimeIntervals	Lick
66.10249999999999	0.10000000000000853	TimeIntervals	Lick
66.236	0.09999999999999432	TimeIntervals	Lick
66.36925	0.09999999999999432	TimeIntervals	Lick
66.50250000000001	0.0999999999999801	TimeIntervals	Lick
66.63599999999998	0.10000000000002274	TimeIntervals	Lick
66.76925000000001	0.1002499999999884	TimeIntervals	Lick
66.90275	0.06674999999999898	TimeIntervals	Lick
67.00274999999999	0.09999999999999432	TimeIntervals	Lick
67.13599999999998	0.10000000000002274	TimeIntervals	Lick
67.26950000000001	0.09999999999999432	TimeIntervals	Lick
67.40275	0.09999999999999432	TimeIntervals	Lick
67.536	0.0999999999999801	TimeIntervals	Lick
67.6695	0.20000000000000284	TimeIntervals	Lick
67.93599999999999	0.10025000000000261	TimeIntervals	Lick
68.0695	0.09999999999999432	TimeIntervals	Lick
68.20299999999999	0.10000000000002274	TimeIntervals	Lick
68.33624999999999	0.10000000000000853	TimeIntervals	Lick
68.4695	0.10000000000000853	TimeIntervals	Lick
68.63625	0.09999999999999432	TimeIntervals	Lick
68.76950000000001	0.0999999999999801	TimeIntervals	Lick
68.903	0.09999999999999432	TimeIntervals	Lick
69.0365	0.13325000000001808	TimeIntervals	Lick
69.203	0.10000000000000853	TimeIntervals	Lick
69.33649999999999	0.13325000000001808	TimeIntervals	Lick
69.5365	0.10000000000000853	TimeIntervals	Lick
69.66975000000002	0.0999999999999801	TimeIntervals	Lick
69.83649999999999	0.10000000000002274	TimeIntervals	Lick
70.003	0.10000000000000853	TimeIntervals	Lick
70.17000000000002	0.23324999999998397	TimeIntervals	Lick
70.43650000000001	0.13349999999999795	TimeIntervals	Lick
70.63650000000001	0.09999999999999432	TimeIntervals	Lick
70.70325000000001	0.09999999999999432	TimeIntervals	Reward
70.77	0.4000000000000199	TimeIntervals	Lick
71.20325000000001	0.06674999999998477	TimeIntervals	Lick
71.30350000000001	0.0999999999999801	TimeIntervals	Lick
71.43675	0.09999999999999432	TimeIntervals	Lick
71.57000000000001	0.19999999999998863	TimeIntervals	Lick
71.80350000000001	0.0999999999999801	TimeIntervals	Lick
71.93675	0.13325000000000387	TimeIntervals	Lick
72.10350000000001	0.20000000000000284	TimeIntervals	Lick
72.33699999999999	0.10000000000002274	TimeIntervals	Lick
72.47025000000001	0.0999999999999801	TimeIntervals	Lick
72.60350000000001	0.09999999999999432	TimeIntervals	Lick
72.737	0.2332500000000124	TimeIntervals	Lick
73.0035	0.10000000000000853	TimeIntervals	Lick
73.13700000000001	0.09999999999999432	TimeIntervals	Lick
73.27025000000002	0.0999999999999801	TimeIntervals	Lick
73.4035	0.10025000000000261	TimeIntervals	Lick
73.53699999999999	0.10000000000002274	TimeIntervals	Lick
73.67050000000002	0.09999999999999432	TimeIntervals	Lick
73.83699999999999	0.10000000000002274	TimeIntervals	Lick
73.97050000000002	0.0999999999999801	TimeIntervals	Lick
74.13700000000001	0.09999999999999432	TimeIntervals	Lick
78.97125000000001	0.06674999999999898	TimeIntervals	Lick
79.50450000000001	0.13350000000001216	TimeIntervals	Lick
80.33800000000001	0.13349999999999795	TimeIntervals	Lick
81.73825000000001	0.09999999999999432	TimeIntervals	Lick
81.9715	0.06674999999999898	TimeIntervals	Lick
83.27175000000003	0.1002499999999742	TimeIntervals	Lick
85.33875	0.13325000000001808	TimeIntervals	Lick
88.60600000000001	0.06650000000000489	TimeIntervals	Lick
94.27350000000001	0.0999999999999801	TimeIntervals	Lick
94.407	0.03325000000000955	TimeIntervals	Lick
94.507	0.10000000000000853	TimeIntervals	Lick
94.70700000000001	0.0999999999999801	TimeIntervals	Lick
94.87349999999999	0.10000000000000853	TimeIntervals	Lick
95.007	0.10000000000000853	TimeIntervals	Lick
95.14025000000001	0.06674999999999898	TimeIntervals	Lick
95.24025	0.09999999999999432	TimeIntervals	Lick
95.37349999999999	0.10025000000000261	TimeIntervals	Lick
95.507	0.10000000000000853	TimeIntervals	Lick
95.6405	0.09999999999999432	TimeIntervals	Lick
95.77375	0.10000000000000853	TimeIntervals	Lick
95.907	0.10000000000000853	TimeIntervals	Lick
96.04050000000001	0.09999999999999432	TimeIntervals	Lick
96.17375000000003	0.0999999999999801	TimeIntervals	Lick
96.30699999999999	0.10000000000000853	TimeIntervals	Lick
96.44050000000001	0.23350000000000648	TimeIntervals	Lick
96.70725	0.06674999999999898	TimeIntervals	Lick
96.774	0.10000000000000853	TimeIntervals	Reward
96.80725000000001	0.3332499999999925	TimeIntervals	Lick
97.17400000000002	0.06649999999997647	TimeIntervals	Lick
97.274	0.20000000000000284	TimeIntervals	Lick
97.50725	0.10025000000000261	TimeIntervals	Lick
97.64075000000001	0.19999999999998863	TimeIntervals	Lick
97.87400000000001	0.09999999999999432	TimeIntervals	Lick
98.0075	0.10000000000000853	TimeIntervals	Lick
98.14075000000001	0.09999999999999432	TimeIntervals	Lick
98.274	0.10000000000000853	TimeIntervals	Lick
98.4075	0.09999999999999432	TimeIntervals	Lick
98.54075	0.10000000000000853	TimeIntervals	Lick
98.67400000000002	0.1002499999999884	TimeIntervals	Lick
98.8075	0.09999999999999432	TimeIntervals	Lick
98.941	0.20000000000001705	TimeIntervals	Lick
99.17425000000001	0.09999999999999432	TimeIntervals	Lick
99.3075	0.09999999999999432	TimeIntervals	Lick
99.441	0.2664999999999935	TimeIntervals	Lick
99.741	0.09999999999999432	TimeIntervals	Lick
99.87450000000001	0.10000000000000853	TimeIntervals	Lick
100.50774999999999	0.0667500000000274	TimeIntervals	Lick
101.67450000000002	0.0999999999999801	TimeIntervals	Lick
101.87450000000001	0.10000000000000853	TimeIntervals	Lick
102.80799999999999	0.13350000000002638	TimeIntervals	Lick
103.008	0.06700000000000728	TimeIntervals	Lick
103.14150000000001	0.30000000000001137	TimeIntervals	Lick
106.50874999999999	0.10000000000000853	TimeIntervals	Lick
106.642	0.10000000000002274	TimeIntervals	Lick
106.77550000000001	0.0999999999999801	TimeIntervals	Lick
106.94200000000001	0.19999999999998863	TimeIntervals	Lick
107.17550000000001	0.09999999999999432	TimeIntervals	Lick
107.30875	0.10000000000000853	TimeIntervals	Lick
107.44200000000001	0.10025000000000261	TimeIntervals	Lick
107.57550000000002	0.09999999999999432	TimeIntervals	Lick
107.70899999999999	0.10000000000000853	TimeIntervals	Lick
107.84224999999999	0.10000000000000853	TimeIntervals	Lick
107.97550000000001	0.10000000000000853	TimeIntervals	Lick
108.109	0.09999999999999432	TimeIntervals	Lick
108.27550000000001	0.0999999999999801	TimeIntervals	Lick
108.409	0.0999999999999801	TimeIntervals	Lick
108.54225000000001	0.10025000000000261	TimeIntervals	Lick
108.67575000000001	0.10000000000000853	TimeIntervals	Lick
108.809	0.13349999999999795	TimeIntervals	Lick
108.97575000000002	0.0999999999999801	TimeIntervals	Lick
109.109	0.09999999999999432	TimeIntervals	Lick
109.2425	0.09999999999999432	TimeIntervals	Lick
109.37575000000001	0.13324999999997544	TimeIntervals	Lick
109.5425	0.10000000000000853	TimeIntervals	Lick
109.67600000000002	0.09999999999999432	TimeIntervals	Lick
109.80925	0.09999999999999432	TimeIntervals	Lick
109.9425	0.13350000000001216	TimeIntervals	Lick
110.14250000000001	0.09999999999999432	TimeIntervals	Lick
110.27600000000001	0.10000000000000853	TimeIntervals	Lick
110.40925	0.09999999999999432	TimeIntervals	Lick
110.5425	0.13350000000001216	TimeIntervals	Lick
110.87600000000002	0.0999999999999801	TimeIntervals	Lick
111.00949999999999	0.10000000000000853	TimeIntervals	Lick
111.17600000000002	0.09999999999999432	TimeIntervals	Lick
111.30949999999999	0.10000000000000853	TimeIntervals	Lick
111.476	0.06674999999999898	TimeIntervals	Lick
111.6095	0.10000000000000853	TimeIntervals	Lick
111.74275	0.10025000000000261	TimeIntervals	Lick
111.87625000000001	0.2667499999999876	TimeIntervals	Lick
112.17625000000002	0.09999999999999432	TimeIntervals	Lick
112.47625000000001	0.09999999999999432	TimeIntervals	Lick
112.6095	0.13349999999999795	TimeIntervals	Lick
112.80949999999999	0.03350000000001785	TimeIntervals	Lick
112.9095	0.10025000000000261	TimeIntervals	Lick
113.0765	0.10000000000002274	TimeIntervals	Lick
113.543	0.13350000000001216	TimeIntervals	Lick
113.87650000000001	0.10000000000000853	TimeIntervals	Lick
114.0765	0.10000000000002274	TimeIntervals	Lick
114.27650000000001	0.09999999999999432	TimeIntervals	Lick
114.41	0.10000000000000853	TimeIntervals	Lick
114.54325	0.10000000000000853	TimeIntervals	Lick
114.71000000000002	0.0999999999999659	TimeIntervals	Lick
114.87650000000001	0.13349999999999795	TimeIntervals	Lick
115.0765	0.06700000000000728	TimeIntervals	Lick
115.21000000000002	0.0999999999999659	TimeIntervals	Lick
115.57675	0.06674999999999898	TimeIntervals	Lick
115.91	0.10000000000000853	TimeIntervals	Lick
116.41025	0.09999999999999432	TimeIntervals	Lick
116.577	0.10000000000002274	TimeIntervals	Lick
116.7435	0.06674999999999898	TimeIntervals	Lick
116.8435	0.09999999999999432	TimeIntervals	Lick
117.01025	0.09999999999999432	TimeIntervals	Lick
117.21025	0.09999999999999432	TimeIntervals	Lick
117.84375	0.10000000000000853	TimeIntervals	Lick
118.1105	0.13325000000000387	TimeIntervals	Lick
118.97725000000001	0.09999999999999432	TimeIntervals	Lick
119.3105	0.10000000000000853	TimeIntervals	Lick
119.5105	0.13350000000002638	TimeIntervals	Lick
120.81100000000002	0.0999999999999801	TimeIntervals	Lick
122.51099999999998	0.10000000000002274	TimeIntervals	Lick
122.94450000000002	0.13349999999998374	TimeIntervals	Lick
124.678	0.06675000000001319	TimeIntervals	Lick
124.81150000000001	0.09999999999999432	TimeIntervals	Lick
125.01149999999998	0.0667500000000274	TimeIntervals	Lick
125.145	0.06650000000000489	TimeIntervals	Lick
125.24500000000002	0.0999999999999801	TimeIntervals	Lick
125.37825000000002	0.06675000000001319	TimeIntervals	Lick
125.51149999999998	0.20000000000001705	TimeIntervals	Lick
125.74500000000002	0.0999999999999801	TimeIntervals	Lick
125.87825000000002	0.0999999999999801	TimeIntervals	Lick
126.01149999999998	0.10000000000000853	TimeIntervals	Lick
126.145	0.10000000000002274	TimeIntervals	Lick
126.27850000000002	0.0999999999999801	TimeIntervals	Lick
126.41174999999998	0.10000000000000853	TimeIntervals	Lick
126.54500000000002	0.0999999999999801	TimeIntervals	Lick
126.67850000000001	0.26650000000002194	TimeIntervals	Lick
126.845	0.06674999999998477	TimeIntervals	Reward
126.97850000000001	0.20000000000000284	TimeIntervals	Lick
127.21175000000001	0.06675000000001319	TimeIntervals	Lick
127.31200000000001	0.06649999999999068	TimeIntervals	Lick
127.41200000000002	0.0999999999999801	TimeIntervals	Lick
127.54524999999998	0.10000000000003695	TimeIntervals	Lick
127.67850000000001	0.19999999999998863	TimeIntervals	Lick
127.91200000000002	0.0999999999999801	TimeIntervals	Lick
128.04525	0.19999999999998863	TimeIntervals	Lick
128.2785	0.10025000000001683	TimeIntervals	Lick
128.412	0.20000000000001705	TimeIntervals	Lick
128.6455	0.09999999999999432	TimeIntervals	Lick
128.77874999999997	0.10000000000005116	TimeIntervals	Lick
128.912	0.09999999999999432	TimeIntervals	Lick
129.0455	0.36650000000000205	TimeIntervals	Lick
129.44550000000004	0.0999999999999659	TimeIntervals	Lick
129.57900000000004	0.0999999999999659	TimeIntervals	Lick
129.71225	0.09999999999999432	TimeIntervals	Lick
129.84550000000004	0.09999999999999432	TimeIntervals	Lick
130.01225	0.06675000000004161	TimeIntervals	Lick
130.1455	0.09999999999999432	TimeIntervals	Lick
130.279	0.10000000000002274	TimeIntervals	Lick
130.44550000000004	0.0999999999999659	TimeIntervals	Lick
130.61249999999998	0.0665000000000191	TimeIntervals	Lick
130.8125	0.0665000000000191	TimeIntervals	Lick
130.979	0.06674999999998477	TimeIntervals	Lick
131.8125	0.10000000000002274	TimeIntervals	Lick
133.046	0.09999999999999432	TimeIntervals	Lick
133.21275	0.10000000000002274	TimeIntervals	Lick
133.44600000000003	0.0999999999999659	TimeIntervals	Lick
137.01325	0.1002499999999884	TimeIntervals	Lick
143.08100000000002	0.09999999999999432	TimeIntervals	Lick
143.2475	0.06675000000001319	TimeIntervals	Lick
143.34750000000005	0.09999999999993747	TimeIntervals	Lick
143.681	0.13350000000002638	TimeIntervals	Lick
143.91449999999998	0.10000000000002274	TimeIntervals	Lick
144.14775	0.06675000000004161	TimeIntervals	Lick
144.281	0.10000000000002274	TimeIntervals	Lick
144.44774999999998	0.10000000000002274	TimeIntervals	Lick
144.58100000000002	0.19999999999998863	TimeIntervals	Lick
144.81450000000004	0.09999999999993747	TimeIntervals	Lick
144.948	0.09999999999999432	TimeIntervals	Lick
145.08124999999998	0.23325000000005502	TimeIntervals	Lick
145.348	0.09999999999999432	TimeIntervals	Lick
145.48125000000002	0.3332500000000209	TimeIntervals	Lick
145.848	0.09999999999999432	TimeIntervals	Lick
145.9815	0.09999999999999432	TimeIntervals	Lick
146.11475	0.10000000000005116	TimeIntervals	Lick
146.24800000000002	0.09999999999999432	TimeIntervals	Lick
146.38150000000002	0.13324999999997544	TimeIntervals	Lick
146.548	0.10000000000002274	TimeIntervals	Lick
146.71475000000004	0.0999999999999659	TimeIntervals	Lick
146.848	0.09999999999999432	TimeIntervals	Lick
146.9815	0.09999999999999432	TimeIntervals	Lick
147.115	0.10000000000002274	TimeIntervals	Lick
147.28150000000005	0.0999999999999659	TimeIntervals	Lick
147.44824999999997	0.10000000000002274	TimeIntervals	Lick
147.615	0.10000000000002274	TimeIntervals	Lick
147.74825000000004	0.2667499999999734	TimeIntervals	Lick
148.04825	0.1002499999999884	TimeIntervals	Lick
148.21500000000003	0.09999999999999432	TimeIntervals	Lick
148.5485	0.09999999999999432	TimeIntervals	Lick
148.7485	0.13325000000000387	TimeIntervals	Lick
149.21500000000003	0.1002499999999884	TimeIntervals	Lick
149.382	0.06649999999999068	TimeIntervals	Lick
149.84850000000003	0.13349999999999795	TimeIntervals	Lick
150.2485	0.10025000000001683	TimeIntervals	Lick
150.44875000000002	0.06674999999995634	TimeIntervals	Lick
150.54875	0.09999999999999432	TimeIntervals	Lick
150.71550000000002	0.0999999999999659	TimeIntervals	Lick
151.1155	0.06649999999999068	TimeIntervals	Lick
151.24875000000003	0.09999999999999432	TimeIntervals	Lick
152.449	0.13349999999999795	TimeIntervals	Lick
154.6825	0.10025000000001683	TimeIntervals	Lick
155.14950000000002	0.13325000000000387	TimeIntervals	Lick
155.74950000000004	0.0999999999999659	TimeIntervals	Lick
155.91625	0.09999999999999432	TimeIntervals	Lick
156.64950000000002	0.10000000000002274	TimeIntervals	Lick
157.04974999999996	0.10000000000005116	TimeIntervals	Lick
157.24975000000003	0.09999999999999432	TimeIntervals	Lick
157.44975	0.09999999999999432	TimeIntervals	Lick
157.64975	0.06675000000001319	TimeIntervals	Lick
157.78300000000004	0.1999999999999602	TimeIntervals	Lick
158.0165	0.09999999999999432	TimeIntervals	Lick
158.14999999999998	0.10000000000005116	TimeIntervals	Lick
158.28325	0.23324999999999818	TimeIntervals	Lick
158.55	0.0999999999999659	TimeIntervals	Lick
158.68325000000002	0.23324999999999818	TimeIntervals	Lick
158.88325000000003	0.09999999999999432	TimeIntervals	Reward
158.95	0.10000000000002274	TimeIntervals	Lick
159.08350000000002	0.06649999999996226	TimeIntervals	Lick
159.1835	0.0665000000000191	TimeIntervals	Lick
159.2835	0.06650000000004752	TimeIntervals	Lick
159.38350000000003	0.19999999999998863	TimeIntervals	Lick
159.61675	0.10000000000002274	TimeIntervals	Lick
159.75000000000003	0.1999999999999602	TimeIntervals	Lick
159.98350000000002	0.09999999999999432	TimeIntervals	Lick
160.11675	0.10025000000001683	TimeIntervals	Lick
160.25025000000002	0.06674999999998477	TimeIntervals	Lick
160.35025000000002	0.3332499999999925	TimeIntervals	Lick
160.717	0.09999999999999432	TimeIntervals	Lick
160.85025000000002	0.10000000000002274	TimeIntervals	Lick
160.98350000000002	0.09999999999999432	TimeIntervals	Lick
161.117	0.10000000000002274	TimeIntervals	Lick
161.25025000000002	0.10025000000001683	TimeIntervals	Lick
161.38375000000002	0.09999999999999432	TimeIntervals	Lick
161.517	0.09999999999999432	TimeIntervals	Lick
161.65050000000002	0.09999999999999432	TimeIntervals	Lick
161.78375000000003	0.09999999999999432	TimeIntervals	Lick
161.91699999999997	0.06675000000004161	TimeIntervals	Lick
162.0505	0.06649999999999068	TimeIntervals	Lick
162.68400000000003	0.0999999999999659	TimeIntervals	Lick
162.81725	0.09999999999999432	TimeIntervals	Lick
162.95049999999998	0.13350000000002638	TimeIntervals	Lick
163.15050000000002	0.06675000000001319	TimeIntervals	Lick
164.88425	0.09999999999999432	TimeIntervals	Lick
175.21900000000005	0.0999999999999659	TimeIntervals	Lick
175.3525	0.0665000000000191	TimeIntervals	Lick
175.48575000000002	0.10024999999995998	TimeIntervals	Lick
175.81925	0.09999999999999432	TimeIntervals	Lick
176.45250000000001	0.06674999999998477	TimeIntervals	Lick
176.5525	0.09999999999999432	TimeIntervals	Lick
176.686	0.10000000000005116	TimeIntervals	Lick
176.85275000000001	0.09999999999999432	TimeIntervals	Lick
176.986	0.09999999999999432	TimeIntervals	Lick
177.1195	0.10000000000005116	TimeIntervals	Lick
177.25275000000005	0.0999999999999659	TimeIntervals	Lick
177.38600000000002	0.0999999999999659	TimeIntervals	Lick
177.51950000000002	0.0999999999999659	TimeIntervals	Lick
177.65275	0.10025000000004525	TimeIntervals	Lick
177.78625000000002	0.09999999999999432	TimeIntervals	Lick
177.9195	0.10000000000002274	TimeIntervals	Lick
178.053	0.09999999999999432	TimeIntervals	Lick
178.18625000000003	0.09999999999999432	TimeIntervals	Lick
178.3195	0.09999999999999432	TimeIntervals	Lick
178.45300000000003	0.0999999999999659	TimeIntervals	Lick
178.58625	0.10000000000002274	TimeIntervals	Lick
178.71950000000004	0.0999999999999659	TimeIntervals	Lick
178.85300000000004	0.09999999999999432	TimeIntervals	Lick
178.9865	0.10000000000002274	TimeIntervals	Lick
179.11975	0.10000000000002274	TimeIntervals	Lick
179.28650000000002	0.23324999999996976	TimeIntervals	Lick
179.553	0.09999999999999432	TimeIntervals	Lick
179.68650000000002	0.4000000000000057	TimeIntervals	Lick
180.11999999999995	0.10000000000007958	TimeIntervals	Lick
180.28650000000002	0.19999999999998863	TimeIntervals	Lick
180.52	0.13324999999997544	TimeIntervals	Lick
180.68650000000002	0.09999999999999432	TimeIntervals	Lick
180.85325000000003	0.09999999999999432	TimeIntervals	Lick
180.9865	0.1002499999999884	TimeIntervals	Lick
181.11999999999995	0.13350000000008322	TimeIntervals	Lick
181.32000000000002	0.0999999999999659	TimeIntervals	Lick
181.45350000000005	0.13324999999994702	TimeIntervals	Lick
181.72000000000003	0.09999999999999432	TimeIntervals	Lick
181.95350000000005	0.06649999999996226	TimeIntervals	Lick
182.11999999999995	0.10025000000007367	TimeIntervals	Lick
182.32025000000002	0.09999999999999432	TimeIntervals	Lick
182.48700000000002	0.09999999999999432	TimeIntervals	Lick
182.62025	0.1332500000000323	TimeIntervals	Lick
183.65374999999997	0.06675000000004161	TimeIntervals	Lick
184.3205	0.09999999999999432	TimeIntervals	Lick
185.1205	0.10000000000002274	TimeIntervals	Lick
188.38775000000004	0.06674999999998477	TimeIntervals	Lick
188.521	0.10000000000002274	TimeIntervals	Lick
188.721	0.0670000000000357	TimeIntervals	Lick
188.85450000000003	0.09999999999999432	TimeIntervals	Lick
189.02125	0.06675000000001319	TimeIntervals	Lick
189.1545	0.06675000000001319	TimeIntervals	Lick
189.2545	0.10000000000002274	TimeIntervals	Lick
189.38799999999998	0.06650000000004752	TimeIntervals	Lick
189.48800000000003	0.09999999999999432	TimeIntervals	Lick
189.6545	0.09999999999999432	TimeIntervals	Lick
189.78800000000004	0.09999999999993747	TimeIntervals	Lick
189.9215	0.09999999999999432	TimeIntervals	Lick
190.08800000000002	0.06674999999995634	TimeIntervals	Lick
190.18800000000002	0.10000000000002274	TimeIntervals	Lick
190.32150000000001	0.09999999999999432	TimeIntervals	Lick
190.45475000000002	0.0999999999999659	TimeIntervals	Lick
190.58800000000002	0.09999999999999432	TimeIntervals	Lick
190.72150000000002	0.09999999999999432	TimeIntervals	Lick
190.85475000000002	0.1002499999999884	TimeIntervals	Lick
190.955	0.09999999999999432	TimeIntervals	Reward
190.98825	0.10000000000005116	TimeIntervals	Lick
191.1215	0.30000000000001137	TimeIntervals	Lick
191.455	0.06649999999999068	TimeIntervals	Lick
191.555	0.0999999999999659	TimeIntervals	Lick
191.68825	0.20000000000001705	TimeIntervals	Lick
191.9215	0.09999999999999432	TimeIntervals	Lick
192.055	0.0999999999999659	TimeIntervals	Lick
192.18849999999998	0.10000000000002274	TimeIntervals	Lick
192.32175	0.06675000000001319	TimeIntervals	Lick
192.42175	0.09999999999999432	TimeIntervals	Lick
192.555	0.20000000000004547	TimeIntervals	Lick
192.7885	0.10000000000002274	TimeIntervals	Lick
192.92175	0.09999999999999432	TimeIntervals	Lick
193.055	0.10025000000001683	TimeIntervals	Lick
193.18849999999998	0.2335000000000491	TimeIntervals	Lick
193.45525	0.0999999999999659	TimeIntervals	Lick
193.58850000000004	0.09999999999993747	TimeIntervals	Lick
193.722	0.09999999999999432	TimeIntervals	Lick
193.85525000000004	0.0999999999999659	TimeIntervals	Lick
193.98850000000002	0.10000000000002274	TimeIntervals	Lick
194.12199999999999	0.10000000000002274	TimeIntervals	Lick
194.2555	0.09999999999999432	TimeIntervals	Lick
194.38875000000002	0.13324999999997544	TimeIntervals	Lick
194.5555	0.09999999999999432	TimeIntervals	Lick
194.68874999999997	0.10000000000002274	TimeIntervals	Lick
194.8555	0.0665000000000191	TimeIntervals	Lick
194.98874999999998	0.10000000000002274	TimeIntervals	Lick
196.22225000000006	0.09999999999993747	TimeIntervals	Lick
204.4235	0.09999999999999432	TimeIntervals	Lick
204.55700000000002	0.09999999999999432	TimeIntervals	Lick
204.69025000000002	0.06674999999998477	TimeIntervals	Lick
204.8235	0.09999999999999432	TimeIntervals	Lick
205.09025	0.09999999999999432	TimeIntervals	Lick
205.2235	0.20025000000001114	TimeIntervals	Lick
205.45700000000002	0.0999999999999659	TimeIntervals	Lick
205.5905	0.0999999999999659	TimeIntervals	Lick
205.72375000000002	0.09999999999999432	TimeIntervals	Lick
205.857	0.10000000000002274	TimeIntervals	Lick
206.35725000000002	0.0999999999999659	TimeIntervals	Lick
206.49050000000003	0.0999999999999659	TimeIntervals	Lick
206.624	0.10000000000002274	TimeIntervals	Lick
206.75725000000003	0.1999999999999602	TimeIntervals	Lick
206.99050000000003	0.1999999999999318	TimeIntervals	Lick
207.024	0.06649999999999068	TimeIntervals	Reward
207.22400000000002	0.0665000000000191	TimeIntervals	Lick
207.324	0.29999999999998295	TimeIntervals	Lick
207.6575	0.20000000000004547	TimeIntervals	Lick
207.89075000000003	0.1999999999999602	TimeIntervals	Lick
208.124	0.10000000000002274	TimeIntervals	Lick
208.25750000000002	0.10000000000002274	TimeIntervals	Lick
208.39075000000003	0.3334999999999866	TimeIntervals	Lick
208.75750000000002	0.10000000000002274	TimeIntervals	Lick
208.891	0.20000000000004547	TimeIntervals	Lick
209.12425	0.10000000000002274	TimeIntervals	Lick
209.25750000000002	0.10000000000002274	TimeIntervals	Lick
209.391	0.10000000000002274	TimeIntervals	Lick
209.52425	0.1002499999999884	TimeIntervals	Lick
209.65774999999996	0.10000000000007958	TimeIntervals	Lick
209.79100000000003	0.0999999999999659	TimeIntervals	Lick
209.92450000000002	0.0999999999999659	TimeIntervals	Lick
210.05775	0.0999999999999659	TimeIntervals	Lick
210.191	0.13349999999999795	TimeIntervals	Lick
210.35775000000004	0.09999999999999432	TimeIntervals	Lick
210.491	0.23349999999999227	TimeIntervals	Lick
210.75800000000004	0.0999999999999659	TimeIntervals	Lick
210.89125000000004	0.09999999999999432	TimeIntervals	Lick
211.0245	0.09999999999999432	TimeIntervals	Lick
211.158	0.1332500000000323	TimeIntervals	Lick
211.3245	0.10000000000002274	TimeIntervals	Lick
211.45800000000003	0.13324999999994702	TimeIntervals	Lick
211.92475000000002	0.09999999999999432	TimeIntervals	Lick
212.0915	0.09999999999999432	TimeIntervals	Lick
212.29150000000004	0.09999999999999432	TimeIntervals	Lick
212.45800000000003	0.0999999999999659	TimeIntervals	Lick
212.5915	0.09999999999999432	TimeIntervals	Lick
212.75800000000004	0.0999999999999659	TimeIntervals	Lick
212.89150000000004	0.1334999999999411	TimeIntervals	Lick
213.05825	0.0999999999999659	TimeIntervals	Lick
213.1915	0.10000000000005116	TimeIntervals	Lick
213.32500000000002	0.0999999999999659	TimeIntervals	Lick
213.45825000000002	0.0999999999999659	TimeIntervals	Lick
213.5915	0.13350000000002638	TimeIntervals	Lick
213.75825	0.10000000000002274	TimeIntervals	Lick
213.89150000000004	0.09999999999999432	TimeIntervals	Lick
214.0585	0.0999999999999659	TimeIntervals	Lick
214.19175	0.10000000000002274	TimeIntervals	Lick
214.32500000000002	0.0999999999999659	TimeIntervals	Lick
214.4585	0.10000000000002274	TimeIntervals	Lick
214.59175	0.4000000000000057	TimeIntervals	Lick
215.02499999999998	0.10025000000001683	TimeIntervals	Lick
215.15849999999998	0.10000000000005116	TimeIntervals	Lick
215.32525000000004	0.0999999999999659	TimeIntervals	Lick
215.492	0.10000000000002274	TimeIntervals	Lick
215.62525	0.09999999999999432	TimeIntervals	Lick
215.75850000000003	0.13349999999996953	TimeIntervals	Lick
215.92525	0.13325000000000387	TimeIntervals	Lick
216.092	0.09999999999999432	TimeIntervals	Lick
216.22550000000004	0.13324999999997544	TimeIntervals	Lick
216.4255	0.06649999999999068	TimeIntervals	Lick
216.592	0.06674999999998477	TimeIntervals	Lick
216.72550000000004	0.09999999999993747	TimeIntervals	Lick
216.892	0.09999999999999432	TimeIntervals	Lick
217.02550000000002	0.0999999999999659	TimeIntervals	Lick
217.15875	0.1332500000000323	TimeIntervals	Lick
217.32549999999998	0.10000000000002274	TimeIntervals	Lick
217.459	0.10000000000002274	TimeIntervals	Lick
217.59224999999998	0.10000000000002274	TimeIntervals	Lick
217.72550000000004	0.09999999999993747	TimeIntervals	Lick
217.89225000000002	0.10000000000002274	TimeIntervals	Lick
218.05900000000003	0.09999999999993747	TimeIntervals	Lick
218.19225	0.09999999999999432	TimeIntervals	Lick
218.32549999999998	0.13350000000002638	TimeIntervals	Lick
218.52575000000002	0.06674999999995634	TimeIntervals	Lick
218.62574999999998	0.1332500000000323	TimeIntervals	Lick
218.7925	0.10000000000002274	TimeIntervals	Lick
218.959	0.10000000000002274	TimeIntervals	Lick
219.25900000000001	0.09999999999999432	TimeIntervals	Lick
219.3925	0.09999999999999432	TimeIntervals	Lick
219.55925	0.06674999999998477	TimeIntervals	Lick
219.65925	0.10000000000005116	TimeIntervals	Lick
219.82600000000002	0.0999999999999659	TimeIntervals	Lick
219.95925	0.09999999999999432	TimeIntervals	Lick
220.19250000000002	0.0999999999999659	TimeIntervals	Lick
220.3925	0.09999999999999432	TimeIntervals	Lick
220.62599999999998	0.10000000000002274	TimeIntervals	Lick
220.79275000000004	0.0999999999999659	TimeIntervals	Lick
220.99274999999997	0.10000000000002274	TimeIntervals	Lick
221.09275	0.06674999999998477	TimeIntervals	Reward
221.15949999999998	0.10000000000002274	TimeIntervals	Lick
221.29275000000004	0.06674999999998477	TimeIntervals	Lick
221.39275	0.06675000000001319	TimeIntervals	Lick
221.49274999999997	0.06675000000004161	TimeIntervals	Lick
221.59275	0.10025000000001683	TimeIntervals	Lick
221.72625	0.06675000000001319	TimeIntervals	Lick
221.82625000000002	0.0999999999999659	TimeIntervals	Lick
221.95950000000002	0.09999999999999432	TimeIntervals	Lick
222.093	0.10000000000002274	TimeIntervals	Lick
222.22625	0.10000000000002274	TimeIntervals	Lick
222.35950000000003	0.09999999999999432	TimeIntervals	Lick
222.493	0.333500000000015	TimeIntervals	Lick
222.85975000000002	0.09999999999999432	TimeIntervals	Lick
222.993	0.09999999999999432	TimeIntervals	Lick
223.1265	0.10000000000002274	TimeIntervals	Lick
223.293	0.09999999999999432	TimeIntervals	Lick
223.4265	0.46649999999999636	TimeIntervals	Lick
223.9265	0.09999999999999432	TimeIntervals	Lick
224.06	0.09999999999999432	TimeIntervals	Lick
224.19324999999998	0.10000000000005116	TimeIntervals	Lick
224.3265	0.13350000000002638	TimeIntervals	Lick
224.49325	0.09999999999999432	TimeIntervals	Lick
224.6265	0.10000000000002274	TimeIntervals	Lick
224.76000000000002	0.09999999999999432	TimeIntervals	Lick
226.12699999999998	0.10000000000002274	TimeIntervals	Lick
226.82700000000003	0.03324999999998113	TimeIntervals	Lick
226.9935	0.06674999999998477	TimeIntervals	Lick
227.49375	0.09999999999999432	TimeIntervals	Lick
227.69375	0.1332500000000323	TimeIntervals	Lick
227.96050000000002	0.09999999999999432	TimeIntervals	Lick
228.16049999999998	0.10000000000002274	TimeIntervals	Lick
228.394	0.10000000000002274	TimeIntervals	Lick
228.7605	0.09999999999999432	TimeIntervals	Lick
228.96050000000002	0.13349999999999795	TimeIntervals	Lick
229.194	0.10000000000005116	TimeIntervals	Lick
229.32725	0.10025000000001683	TimeIntervals	Lick
229.49400000000003	0.06674999999998477	TimeIntervals	Lick
229.694	0.06675000000001319	TimeIntervals	Lick
229.86075000000002	0.09999999999999432	TimeIntervals	Lick
230.0275	0.09999999999999432	TimeIntervals	Lick
230.194	0.10000000000005116	TimeIntervals	Lick
230.3275	0.20000000000001705	TimeIntervals	Lick
230.561	0.09999999999999432	TimeIntervals	Lick
230.69425	0.09999999999999432	TimeIntervals	Lick
230.8275	0.10000000000002274	TimeIntervals	Lick
230.961	0.09999999999999432	TimeIntervals	Lick
231.09425	0.10000000000002274	TimeIntervals	Lick
231.2275	0.13350000000002638	TimeIntervals	Lick
231.39425	0.23349999999999227	TimeIntervals	Lick
231.661	0.10000000000002274	TimeIntervals	Lick
231.7945	0.10000000000002274	TimeIntervals	Lick
231.92775	0.09999999999999432	TimeIntervals	Lick
232.061	0.09999999999999432	TimeIntervals	Lick
232.1945	0.09999999999999432	TimeIntervals	Lick
232.32774999999998	0.10000000000002274	TimeIntervals	Lick
232.461	0.09999999999999432	TimeIntervals	Lick
232.62775	0.10025000000004525	TimeIntervals	Lick
232.7945	0.10000000000002274	TimeIntervals	Lick
232.92800000000003	0.0999999999999659	TimeIntervals	Lick
233.06125000000003	0.09999999999999432	TimeIntervals	Lick
233.26125000000002	0.09999999999999432	TimeIntervals	Lick
233.42800000000003	0.0999999999999659	TimeIntervals	Lick
233.5945	0.09999999999999432	TimeIntervals	Lick
233.72800000000004	0.0999999999999659	TimeIntervals	Lick
233.8615	0.10000000000002274	TimeIntervals	Lick
233.99475	0.13324999999994702	TimeIntervals	Lick
234.16150000000002	0.10000000000002274	TimeIntervals	Lick
234.29475000000002	0.13325000000000387	TimeIntervals	Lick
234.49475	0.06675000000001319	TimeIntervals	Lick
234.59475	0.1332500000000323	TimeIntervals	Lick
234.79475000000002	0.1002499999999884	TimeIntervals	Lick
234.995	0.0665000000000191	TimeIntervals	Lick
235.29500000000004	0.0999999999999659	TimeIntervals	Lick
235.42825	0.1332500000000323	TimeIntervals	Lick
235.66150000000002	0.10000000000002274	TimeIntervals	Lick
235.79500000000004	0.13324999999994702	TimeIntervals	Lick
235.96150000000003	0.10024999999995998	TimeIntervals	Lick
236.1285	0.10000000000002274	TimeIntervals	Lick
236.29500000000004	0.0999999999999659	TimeIntervals	Lick
236.4285	0.13324999999997544	TimeIntervals	Lick
236.66175	0.10000000000002274	TimeIntervals	Lick
236.8285	0.0665000000000191	TimeIntervals	Lick
236.995	0.10024999999995998	TimeIntervals	Lick
237.1285	0.10000000000002274	TimeIntervals	Lick
237.36200000000005	0.0999999999999659	TimeIntervals	Lick
237.52850000000004	0.0999999999999659	TimeIntervals	Lick
237.66199999999998	0.1332500000000607	TimeIntervals	Lick
237.8285	0.10000000000002274	TimeIntervals	Lick
237.96200000000002	0.0999999999999659	TimeIntervals	Lick
238.09524999999996	0.10025000000004525	TimeIntervals	Lick
238.26200000000003	0.10000000000002274	TimeIntervals	Lick
238.42874999999998	0.09999999999999432	TimeIntervals	Lick
238.56199999999998	0.09999999999999432	TimeIntervals	Lick
238.6955	0.1332500000000323	TimeIntervals	Lick
238.86200000000005	0.0999999999999659	TimeIntervals	Lick
238.9955	0.1332500000000323	TimeIntervals	Lick
239.1955	0.0665000000000191	TimeIntervals	Lick
239.36225000000002	0.09999999999999432	TimeIntervals	Lick
239.529	0.09999999999999432	TimeIntervals	Lick
239.76225000000002	0.06675000000001319	TimeIntervals	Lick
239.89550000000003	0.0999999999999659	TimeIntervals	Lick
240.06224999999998	0.10000000000002274	TimeIntervals	Lick
240.1955	0.09999999999999432	TimeIntervals	Lick
240.36250000000004	0.0999999999999659	TimeIntervals	Lick
240.49575	0.13325000000000387	TimeIntervals	Lick
240.69575	0.10000000000002274	TimeIntervals	Lick
240.86250000000004	0.0999999999999659	TimeIntervals	Lick
241.4625	0.09999999999999432	TimeIntervals	Lick
241.66250000000002	0.09999999999999432	TimeIntervals	Lick
241.86250000000004	0.0999999999999659	TimeIntervals	Lick
242.4625	0.09999999999999432	TimeIntervals	Lick
242.66275	0.10000000000005116	TimeIntervals	Lick
243.06275	0.09999999999999432	TimeIntervals	Lick
243.26275000000004	0.0999999999999659	TimeIntervals	Lick
243.46275	0.06674999999998477	TimeIntervals	Lick
243.66299999999998	0.06650000000004752	TimeIntervals	Lick
243.89625	0.06675000000001319	TimeIntervals	Lick
244.02949999999998	0.09999999999999432	TimeIntervals	Lick
244.16299999999998	0.06650000000004752	TimeIntervals	Lick
244.76299999999998	0.06675000000004161	TimeIntervals	Lick
244.863	0.10000000000002274	TimeIntervals	Lick
245.02975	0.0999999999999659	TimeIntervals	Lick
245.26299999999998	0.06675000000004161	TimeIntervals	Lick
245.6965	0.10000000000002274	TimeIntervals	Lick
246.09649999999996	0.10000000000002274	TimeIntervals	Lick
246.2965	0.09999999999999432	TimeIntervals	Lick
246.53000000000003	0.0999999999999659	TimeIntervals	Lick
246.66325	0.10000000000002274	TimeIntervals	Lick
246.83	0.09999999999999432	TimeIntervals	Lick
247.03000000000003	0.0999999999999659	TimeIntervals	Lick
247.1635	0.10000000000002274	TimeIntervals	Lick
247.33	0.09999999999999432	TimeIntervals	Lick
247.46350000000004	0.09999999999993747	TimeIntervals	Lick
247.6635	0.10000000000002274	TimeIntervals	Lick
247.83	0.06674999999998477	TimeIntervals	Lick
247.96350000000004	0.09999999999993747	TimeIntervals	Lick
248.097	0.13325000000000387	TimeIntervals	Lick
248.13024999999996	0.10000000000005116	TimeIntervals	Reward
248.26350000000002	0.20000000000001705	TimeIntervals	Lick
248.49700000000004	0.1999999999999602	TimeIntervals	Lick
248.73025000000004	0.1999999999999318	TimeIntervals	Lick
248.96350000000004	0.09999999999993747	TimeIntervals	Lick
249.097	0.09999999999999432	TimeIntervals	Lick
249.2305	0.10000000000002274	TimeIntervals	Lick
249.36374999999998	0.20000000000001705	TimeIntervals	Lick
249.597	0.09999999999999432	TimeIntervals	Lick
249.7305	0.10000000000002274	TimeIntervals	Lick
249.86374999999998	0.10000000000005116	TimeIntervals	Lick
249.99700000000004	0.0999999999999659	TimeIntervals	Lick
250.13049999999996	0.10000000000005116	TimeIntervals	Lick
250.26400000000004	0.1999999999999602	TimeIntervals	Lick
250.49725	0.09999999999999432	TimeIntervals	Lick
250.63049999999996	0.10000000000005116	TimeIntervals	Lick
250.76400000000004	0.09999999999993747	TimeIntervals	Lick
250.89724999999999	0.10000000000002274	TimeIntervals	Lick
251.0305	0.0999999999999659	TimeIntervals	Lick
251.16400000000002	0.13325000000000387	TimeIntervals	Lick
251.33050000000003	0.10024999999995998	TimeIntervals	Lick
251.464	0.09999999999999432	TimeIntervals	Lick
251.59750000000003	0.09999999999999432	TimeIntervals	Lick
251.76400000000004	0.09999999999993747	TimeIntervals	Lick
251.8975	0.09999999999999432	TimeIntervals	Lick
252.03075	0.13325000000000387	TimeIntervals	Lick
252.23075000000003	0.10000000000002274	TimeIntervals	Lick
252.3975	0.06675000000001319	TimeIntervals	Lick
253.59775	0.10000000000002274	TimeIntervals	Lick
253.79775000000006	0.03324999999998113	TimeIntervals	Lick
254.06449999999998	0.10000000000005116	TimeIntervals	Lick
254.53099999999995	0.10000000000007958	TimeIntervals	Lick
254.698	0.10000000000005116	TimeIntervals	Lick
255.06449999999998	0.06675000000004161	TimeIntervals	Lick
257.6315	0.0999999999999659	TimeIntervals	Lick
258.03175	0.10000000000002274	TimeIntervals	Lick
260.0985	0.06699999999995043	TimeIntervals	Lick
262.3325	0.0999999999999659	TimeIntervals	Lick
262.63250000000005	0.0999999999999659	TimeIntervals	Lick
262.799	0.0999999999999659	TimeIntervals	Lick
262.93249999999995	0.10000000000002274	TimeIntervals	Lick
263.13250000000005	0.0999999999999659	TimeIntervals	Lick
263.8325	0.0999999999999659	TimeIntervals	Lick
264.03249999999997	0.10000000000007958	TimeIntervals	Lick
264.29925	0.0999999999999659	TimeIntervals	Lick
264.43249999999995	0.10000000000002274	TimeIntervals	Lick
264.566	0.10000000000002274	TimeIntervals	Lick
264.73275	0.10000000000002274	TimeIntervals	Lick
264.866	0.0999999999999659	TimeIntervals	Lick
264.99949999999995	0.10000000000002274	TimeIntervals	Lick
265.13275	0.06675000000001319	TimeIntervals	Lick
265.23275	0.10000000000002274	TimeIntervals	Lick
265.366	0.0999999999999659	TimeIntervals	Lick
265.49949999999995	0.10000000000002274	TimeIntervals	Lick
265.63300000000004	0.09999999999990905	TimeIntervals	Lick
265.76624999999996	0.19999999999998863	TimeIntervals	Lick
266.033	0.06649999999996226	TimeIntervals	Lick
266.13300000000004	0.09999999999990905	TimeIntervals	Lick
266.1995	0.06674999999995634	TimeIntervals	Reward
266.29949999999997	0.30000000000001137	TimeIntervals	Lick
266.63300000000004	0.06649999999996226	TimeIntervals	Lick
266.73299999999995	0.333500000000015	TimeIntervals	Lick
267.09975	0.10000000000007958	TimeIntervals	Lick
267.23299999999995	0.06675000000007003	TimeIntervals	Lick
267.333	0.0999999999999659	TimeIntervals	Lick
267.46649999999994	0.10000000000002274	TimeIntervals	Lick
267.59975	0.20000000000004547	TimeIntervals	Lick
267.833	0.10024999999995998	TimeIntervals	Lick
267.96649999999994	0.10000000000002274	TimeIntervals	Lick
268.09999999999997	0.10000000000007958	TimeIntervals	Lick
268.23325000000006	0.0999999999999659	TimeIntervals	Lick
268.3665	0.0999999999999659	TimeIntervals	Lick
268.5	0.20000000000004547	TimeIntervals	Lick
268.73325000000006	0.1332499999999186	TimeIntervals	Lick
268.9	0.2335000000000491	TimeIntervals	Lick
269.16675	0.0999999999999659	TimeIntervals	Lick
269.3	0.0999999999999659	TimeIntervals	Lick
269.46674999999993	0.10000000000002274	TimeIntervals	Lick
269.59999999999997	0.13350000000008322	TimeIntervals	Lick
269.76674999999994	0.10000000000007958	TimeIntervals	Lick
269.96674999999993	0.06675000000007003	TimeIntervals	Lick
270.6335	0.10000000000002274	TimeIntervals	Lick
270.767	0.10000000000002274	TimeIntervals	Lick
270.90024999999997	0.10000000000002274	TimeIntervals	Lick
272.66724999999997	0.1332500000000323	TimeIntervals	Lick
280.835	0.10000000000002274	TimeIntervals	Lick
280.9685	0.06674999999995634	TimeIntervals	Lick
281.10200000000003	0.06649999999996226	TimeIntervals	Lick
281.23525	0.0999999999999659	TimeIntervals	Lick
281.3685	0.10000000000002274	TimeIntervals	Lick
281.60200000000003	0.10000000000002274	TimeIntervals	Lick
281.8020000000001	0.0999999999999659	TimeIntervals	Lick
282.00199999999995	0.10000000000007958	TimeIntervals	Lick
282.13550000000004	0.0999999999999659	TimeIntervals	Lick
282.3020000000001	0.0999999999999659	TimeIntervals	Lick
282.43550000000005	0.19999999999998863	TimeIntervals	Lick
282.66875	0.10000000000002274	TimeIntervals	Lick
282.8020000000001	0.0999999999999659	TimeIntervals	Lick
282.93550000000005	0.23324999999994134	TimeIntervals	Lick
283.20200000000006	0.10024999999990314	TimeIntervals	Lick
283.3355	0.10000000000002274	TimeIntervals	Lick
283.46900000000005	0.09999999999990905	TimeIntervals	Lick
283.60225	0.0999999999999659	TimeIntervals	Lick
283.7355	0.10000000000002274	TimeIntervals	Lick
283.86899999999997	0.10000000000007958	TimeIntervals	Lick
284.00225	0.10000000000002274	TimeIntervals	Lick
284.13550000000004	0.0999999999999659	TimeIntervals	Lick
284.26899999999995	0.10000000000002274	TimeIntervals	Lick
284.4025	0.10000000000002274	TimeIntervals	Lick
284.56899999999996	0.2335000000000491	TimeIntervals	Lick
284.83575	0.0999999999999659	TimeIntervals	Lick
284.96900000000005	0.09999999999990905	TimeIntervals	Lick
285.1025	0.1332500000000323	TimeIntervals	Lick
285.26899999999995	0.10000000000002274	TimeIntervals	Lick
285.4025	0.10000000000002274	TimeIntervals	Lick
285.636	0.0999999999999659	TimeIntervals	Lick
285.76924999999994	0.10000000000007958	TimeIntervals	Lick
285.93600000000004	0.0999999999999659	TimeIntervals	Lick
286.06924999999995	0.10000000000002274	TimeIntervals	Lick
286.236	0.10000000000002274	TimeIntervals	Lick
286.4025	0.10000000000002274	TimeIntervals	Lick
286.536	0.13349999999996953	TimeIntervals	Lick
286.70275	0.1332500000000323	TimeIntervals	Lick
287.136	0.0999999999999659	TimeIntervals	Lick
287.30275	0.10000000000002274	TimeIntervals	Lick
287.50275	0.10025000000001683	TimeIntervals	Lick
287.73625000000004	0.23324999999994134	TimeIntervals	Lick
288.003	0.1332500000000323	TimeIntervals	Lick
288.16949999999997	0.0999999999999659	TimeIntervals	Lick
288.26949999999994	0.06675000000012687	TimeIntervals	Reward
288.303	0.10000000000002274	TimeIntervals	Lick
288.43625000000003	0.3002499999999486	TimeIntervals	Lick
288.76974999999993	0.20000000000010232	TimeIntervals	Lick
289.003	0.10000000000002274	TimeIntervals	Lick
289.1365	0.0999999999999659	TimeIntervals	Lick
289.26974999999993	0.10000000000007958	TimeIntervals	Lick
289.403	0.19999999999998863	TimeIntervals	Lick
289.6365	0.0999999999999659	TimeIntervals	Lick
289.76974999999993	0.10025000000007367	TimeIntervals	Lick
289.90325	0.19999999999998863	TimeIntervals	Lick
290.1365	0.0999999999999659	TimeIntervals	Lick
290.2699999999999	0.10000000000007958	TimeIntervals	Lick
290.4365000000001	0.06674999999995634	TimeIntervals	Lick
290.5365	0.10000000000002274	TimeIntervals	Lick
290.67	0.09999999999990905	TimeIntervals	Lick
290.80325	0.10024999999995998	TimeIntervals	Lick
290.9367500000001	0.3999999999999204	TimeIntervals	Lick
291.37	0.10000000000002274	TimeIntervals	Lick
291.50350000000003	0.0999999999999659	TimeIntervals	Lick
291.63675	0.10000000000002274	TimeIntervals	Lick
291.7699999999999	0.13350000000002638	TimeIntervals	Lick
291.9367500000001	0.10024999999990314	TimeIntervals	Lick
292.07025	0.1332500000000323	TimeIntervals	Lick
292.237	0.0999999999999659	TimeIntervals	Lick
292.37025	0.0999999999999659	TimeIntervals	Lick
294.8705	0.06675000000001319	TimeIntervals	Lick
295.004	0.0999999999999659	TimeIntervals	Lick
295.30400000000003	0.10000000000002274	TimeIntervals	Lick
295.47075	0.09999999999990905	TimeIntervals	Lick
295.67075	0.0999999999999659	TimeIntervals	Lick
295.9375	0.0999999999999659	TimeIntervals	Lick
296.204	0.06674999999995634	TimeIntervals	Lick
296.53749999999997	0.06675000000001319	TimeIntervals	Lick
296.73749999999995	0.06675000000007003	TimeIntervals	Lick
297.00425	0.0999999999999659	TimeIntervals	Lick
297.30425	0.10000000000002274	TimeIntervals	Lick
297.50449999999995	0.10000000000002274	TimeIntervals	Lick
297.73775	0.06675000000001319	TimeIntervals	Lick
297.90450000000004	0.06649999999996226	TimeIntervals	Lick
298.07099999999997	0.10000000000002274	TimeIntervals	Lick
298.23775	0.1332499999999186	TimeIntervals	Lick
298.40450000000004	0.09999999999990905	TimeIntervals	Lick
298.638	0.10000000000002274	TimeIntervals	Lick
298.77124999999995	0.10000000000002274	TimeIntervals	Lick
298.93800000000005	0.09999999999990905	TimeIntervals	Lick
299.07124999999996	0.10000000000002274	TimeIntervals	Lick
299.2045	0.10000000000002274	TimeIntervals	Lick
299.338	0.10000000000002274	TimeIntervals	Lick
299.47124999999994	0.10000000000002274	TimeIntervals	Lick
299.6045	0.10025000000001683	TimeIntervals	Lick
299.738	0.10000000000002274	TimeIntervals	Lick
299.8715	0.0999999999999659	TimeIntervals	Lick
300.00474999999994	0.10000000000007958	TimeIntervals	Lick
300.1715	0.23324999999999818	TimeIntervals	Lick
300.43800000000005	0.09999999999990905	TimeIntervals	Lick
300.57149999999996	0.10000000000002274	TimeIntervals	Lick
300.77149999999995	0.10000000000007958	TimeIntervals	Lick
300.90500000000003	0.0999999999999659	TimeIntervals	Lick
301.07149999999996	0.10000000000002274	TimeIntervals	Lick
301.23824999999994	0.10000000000007958	TimeIntervals	Lick
301.57149999999996	0.10000000000002274	TimeIntervals	Lick
301.73824999999994	0.10000000000007958	TimeIntervals	Lick
301.8715	0.10024999999995998	TimeIntervals	Lick
302.0385	0.10000000000002274	TimeIntervals	Lick
302.205	0.0999999999999659	TimeIntervals	Lick
302.3385	0.10000000000002274	TimeIntervals	Lick
302.505	0.10000000000002274	TimeIntervals	Lick
302.87174999999996	0.06675000000007003	TimeIntervals	Lick
303.00525	0.0999999999999659	TimeIntervals	Lick
303.20525	0.10000000000002274	TimeIntervals	Lick
303.43850000000003	0.0999999999999659	TimeIntervals	Lick
303.6385	0.06674999999995634	TimeIntervals	Lick
303.80525	0.1332500000000323	TimeIntervals	Lick
304.10549999999995	0.10000000000002274	TimeIntervals	Lick
304.372	0.10000000000002274	TimeIntervals	Lick
304.53875	0.06674999999995634	TimeIntervals	Lick
304.67199999999997	0.0999999999999659	TimeIntervals	Lick
304.8055	0.10000000000002274	TimeIntervals	Lick
304.9387500000001	0.09999999999990905	TimeIntervals	Lick
305.072	0.0999999999999659	TimeIntervals	Lick
305.2055	0.13350000000008322	TimeIntervals	Lick
305.37224999999995	0.10000000000002274	TimeIntervals	Lick
305.57225	0.10000000000002274	TimeIntervals	Lick
305.7055	0.10000000000002274	TimeIntervals	Lick
305.87224999999995	0.10000000000002274	TimeIntervals	Lick
306.03900000000004	0.0999999999999659	TimeIntervals	Lick
306.2055	0.10025000000001683	TimeIntervals	Lick
307.6725	0.09999999999990905	TimeIntervals	Lick
310.373	0.06649999999996226	TimeIntervals	Lick
310.70649999999995	0.10000000000007958	TimeIntervals	Lick
311.1064999999999	0.10000000000002274	TimeIntervals	Lick
312.40650000000005	0.0999999999999659	TimeIntervals	Lick
312.57325	0.10000000000007958	TimeIntervals	Lick
313.84000000000003	0.10000000000002274	TimeIntervals	Lick
314.1735	0.0999999999999659	TimeIntervals	Lick
314.4735	0.0999999999999659	TimeIntervals	Lick
314.64025	0.06675000000001319	TimeIntervals	Lick
314.77349999999996	0.10000000000002274	TimeIntervals	Lick
314.907	0.10000000000002274	TimeIntervals	Lick
315.0405	0.19999999999998863	TimeIntervals	Lick
315.27374999999995	0.10000000000002274	TimeIntervals	Lick
315.407	0.0999999999999659	TimeIntervals	Lick
315.57375	0.0999999999999659	TimeIntervals	Lick
315.707	0.10000000000007958	TimeIntervals	Lick
315.8405	0.1999999999999318	TimeIntervals	Lick
316.07375	0.1334999999999127	TimeIntervals	Lick
316.2405	0.10000000000002274	TimeIntervals	Lick
316.30725000000007	0.09999999999990905	TimeIntervals	Reward
316.37399999999997	0.5	TimeIntervals	Lick
316.90725	0.10000000000002274	TimeIntervals	Lick
317.04049999999995	0.20000000000004547	TimeIntervals	Lick
317.27399999999994	0.10000000000002274	TimeIntervals	Lick
317.4075	0.0665000000000191	TimeIntervals	Lick
317.50750000000005	0.0999999999999659	TimeIntervals	Lick
317.64074999999997	0.33325000000007776	TimeIntervals	Lick
318.00750000000005	0.0999999999999659	TimeIntervals	Lick
318.14074999999997	0.10000000000002274	TimeIntervals	Lick
318.27399999999994	0.2002500000000964	TimeIntervals	Lick
318.50750000000005	0.0999999999999659	TimeIntervals	Lick
318.641	0.0999999999999659	TimeIntervals	Lick
318.77425	0.0999999999999659	TimeIntervals	Lick
318.9075	0.5335000000000036	TimeIntervals	Lick
319.4745	0.0999999999999659	TimeIntervals	Lick
319.60775	0.0999999999999659	TimeIntervals	Lick
319.741	0.10000000000002274	TimeIntervals	Lick
319.90775	0.0999999999999659	TimeIntervals	Lick
320.041	0.06675000000001319	TimeIntervals	Lick
320.20775	0.03325000000000955	TimeIntervals	Lick
320.50775	0.03325000000000955	TimeIntervals	Lick
320.608	0.10000000000002274	TimeIntervals	Lick
320.7745	0.06675000000001319	TimeIntervals	Lick
321.07449999999994	0.10000000000007958	TimeIntervals	Lick
321.7747499999999	0.06675000000007003	TimeIntervals	Lick
322.108	0.10000000000002274	TimeIntervals	Lick
322.6415	0.0665000000000191	TimeIntervals	Lick
324.97524999999996	0.06675000000001319	TimeIntervals	Lick
325.34200000000004	0.0999999999999659	TimeIntervals	Lick
325.542	0.10000000000002274	TimeIntervals	Lick
325.74199999999996	0.10000000000007958	TimeIntervals	Lick
325.97524999999996	0.10025000000001683	TimeIntervals	Lick
326.10875	0.10000000000002274	TimeIntervals	Lick
326.24199999999996	0.10000000000007958	TimeIntervals	Lick
326.3755	0.3332500000000209	TimeIntervals	Lick
326.74199999999996	0.10000000000007958	TimeIntervals	Lick
326.8755	0.0999999999999659	TimeIntervals	Lick
327.042	0.06675000000001319	TimeIntervals	Lick
327.142	0.10025000000001683	TimeIntervals	Lick
327.27549999999997	0.10000000000002274	TimeIntervals	Lick
327.3755	0.0999999999999659	TimeIntervals	Reward
327.40900000000005	0.2999999999999545	TimeIntervals	Lick
327.74225	0.10000000000002274	TimeIntervals	Lick
327.8755	0.19999999999998863	TimeIntervals	Lick
328.109	0.10000000000002274	TimeIntervals	Lick
328.24249999999995	0.10000000000002274	TimeIntervals	Lick
328.37575	0.10000000000002274	TimeIntervals	Lick
328.509	0.0999999999999659	TimeIntervals	Lick
328.6425	0.19999999999998863	TimeIntervals	Lick
328.87575	0.10000000000002274	TimeIntervals	Lick
329.009	0.23349999999993543	TimeIntervals	Lick
329.27574999999996	0.10025000000001683	TimeIntervals	Lick
329.40925000000004	0.10000000000002274	TimeIntervals	Lick
329.5425	0.23349999999993543	TimeIntervals	Lick
329.80924999999996	0.23325000000005502	TimeIntervals	Lick
330.076	0.10000000000002274	TimeIntervals	Lick
330.20925	0.0999999999999659	TimeIntervals	Lick
330.3425	0.10000000000013642	TimeIntervals	Lick
330.476	0.13349999999996953	TimeIntervals	Lick
330.64275	0.0999999999999659	TimeIntervals	Lick
330.8095	0.06649999999996226	TimeIntervals	Lick
331.843	0.0999999999999659	TimeIntervals	Lick
332.07624999999996	0.10000000000002274	TimeIntervals	Lick
332.3095	0.06674999999995634	TimeIntervals	Lick
332.47625	0.0999999999999659	TimeIntervals	Lick
332.643	0.0999999999999659	TimeIntervals	Lick
332.77649999999994	0.13325000000008913	TimeIntervals	Lick
333.143	0.0999999999999659	TimeIntervals	Lick
333.343	0.0999999999999659	TimeIntervals	Lick
333.47650000000004	0.1332500000000323	TimeIntervals	Lick
333.67650000000003	0.09999999999990905	TimeIntervals	Lick
336.41025	0.10000000000002274	TimeIntervals	Lick
337.27699999999993	0.10000000000002274	TimeIntervals	Lick
337.44374999999997	0.06674999999995634	TimeIntervals	Lick
337.677	0.06674999999995634	TimeIntervals	Lick
337.87699999999995	0.10000000000007958	TimeIntervals	Lick
338.077	0.10025000000001683	TimeIntervals	Lick
338.21049999999997	0.10000000000007958	TimeIntervals	Lick
338.34400000000005	0.1999999999999318	TimeIntervals	Lick
338.57725	0.10000000000002274	TimeIntervals	Lick
338.71049999999997	0.06675000000001319	TimeIntervals	Lick
338.81050000000005	0.09999999999990905	TimeIntervals	Lick
338.944	0.0999999999999659	TimeIntervals	Lick
339.07725	0.10000000000002274	TimeIntervals	Lick
339.21049999999997	0.10025000000001683	TimeIntervals	Lick
339.34400000000005	0.0999999999999659	TimeIntervals	Lick
339.444	0.0999999999999659	TimeIntervals	Reward
339.4775	0.2999999999998977	TimeIntervals	Lick
339.81075	0.06675000000007003	TimeIntervals	Lick
339.91075	0.3332500000000209	TimeIntervals	Lick
340.2774999999999	0.20000000000010232	TimeIntervals	Lick
340.511	0.10000000000002274	TimeIntervals	Lick
340.64425	0.10000000000002274	TimeIntervals	Lick
340.7774999999999	0.20000000000010232	TimeIntervals	Lick
341.011	0.10000000000002274	TimeIntervals	Lick
341.14425	0.10000000000002274	TimeIntervals	Lick
341.2774999999999	0.20025000000003956	TimeIntervals	Lick
341.511	0.10000000000002274	TimeIntervals	Lick
341.64450000000005	0.0999999999999659	TimeIntervals	Lick
341.77774999999997	0.0999999999999659	TimeIntervals	Lick
341.911	0.10000000000002274	TimeIntervals	Lick
342.04449999999997	0.10000000000007958	TimeIntervals	Lick
342.17775	0.0999999999999659	TimeIntervals	Lick
342.3445	0.10000000000007958	TimeIntervals	Lick
342.47774999999996	0.10025000000001683	TimeIntervals	Lick
342.64450000000005	0.0999999999999659	TimeIntervals	Lick
342.77799999999996	0.10000000000002274	TimeIntervals	Lick
342.94450000000006	0.09999999999990905	TimeIntervals	Lick
343.078	0.10000000000007958	TimeIntervals	Lick
343.21125	0.0999999999999659	TimeIntervals	Lick
343.51125	0.10025000000001683	TimeIntervals	Lick
343.64475000000004	0.0999999999999659	TimeIntervals	Lick
343.77799999999996	0.13350000000008322	TimeIntervals	Lick
343.97799999999995	0.10000000000002274	TimeIntervals	Lick
344.11150000000004	0.13324999999997544	TimeIntervals	Lick
344.27799999999996	0.13350000000008322	TimeIntervals	Lick
344.67800000000005	0.10024999999990314	TimeIntervals	Lick
347.07849999999996	0.4000000000000341	TimeIntervals	Lick
347.54525	0.06675000000001319	TimeIntervals	Lick
349.17900000000003	0.0999999999999659	TimeIntervals	Lick
350.0455	0.23349999999999227	TimeIntervals	Lick
350.34574999999995	0.4000000000000341	TimeIntervals	Lick
350.779	0.0999999999999659	TimeIntervals	Lick
351.04575	0.46674999999999045	TimeIntervals	Lick
351.7125	0.06675000000001319	TimeIntervals	Lick
351.8125	0.10000000000002274	TimeIntervals	Lick
351.946	0.0999999999999659	TimeIntervals	Lick
352.27925	0.06675000000001319	TimeIntervals	Lick
352.446	0.0999999999999659	TimeIntervals	Lick
352.71274999999997	0.06674999999995634	TimeIntervals	Lick
352.81275	0.10000000000002274	TimeIntervals	Lick
352.946	0.0999999999999659	TimeIntervals	Lick
353.0795	0.10000000000002274	TimeIntervals	Lick
353.21274999999997	0.10000000000002274	TimeIntervals	Lick
353.346	0.23349999999999227	TimeIntervals	Lick
353.513	0.0665000000000191	TimeIntervals	Reward
353.613	0.0999999999999659	TimeIntervals	Lick
353.74625	0.06675000000001319	TimeIntervals	Lick
353.84624999999994	0.06675000000007003	TimeIntervals	Lick
353.94624999999996	0.20000000000004547	TimeIntervals	Lick
354.1795	0.09999999999990905	TimeIntervals	Lick
354.313	0.06649999999996226	TimeIntervals	Lick
354.413	0.19999999999998863	TimeIntervals	Lick
354.6465	0.19999999999998863	TimeIntervals	Lick
354.87975	0.10000000000002274	TimeIntervals	Lick
355.013	0.19999999999998863	TimeIntervals	Lick
355.24649999999997	0.10000000000002274	TimeIntervals	Lick
355.37975	0.1999999999999318	TimeIntervals	Lick
355.613	0.10024999999995998	TimeIntervals	Lick
355.74649999999997	0.10000000000002274	TimeIntervals	Lick
355.88	0.0665000000000191	TimeIntervals	Lick
355.98	0.09999999999990905	TimeIntervals	Lick
356.11324999999994	0.10000000000002274	TimeIntervals	Lick
356.24649999999997	0.10000000000002274	TimeIntervals	Lick
356.38	0.10000000000002274	TimeIntervals	Lick
356.51324999999997	0.0999999999999659	TimeIntervals	Lick
356.6465	0.0999999999999659	TimeIntervals	Lick
356.78	0.10000000000002274	TimeIntervals	Lick
356.9135	0.10000000000002274	TimeIntervals	Lick
357.04675000000003	0.0999999999999659	TimeIntervals	Lick
357.18	0.0999999999999659	TimeIntervals	Lick
357.34675	0.10000000000007958	TimeIntervals	Lick
357.48	0.09999999999990905	TimeIntervals	Lick
357.61350000000004	0.09999999999990905	TimeIntervals	Lick
357.78	0.06675000000001319	TimeIntervals	Lick
358.8135	0.10000000000002274	TimeIntervals	Lick
358.947	0.13349999999996953	TimeIntervals	Lick
359.14700000000005	0.0999999999999659	TimeIntervals	Lick
359.31375	0.0999999999999659	TimeIntervals	Lick
359.48049999999995	0.10000000000002274	TimeIntervals	Lick
359.64700000000005	0.0999999999999659	TimeIntervals	Lick
359.81375	0.0999999999999659	TimeIntervals	Lick
359.947	0.13349999999996953	TimeIntervals	Lick
360.98049999999995	0.06675000000007003	TimeIntervals	Lick
361.14725000000004	0.23349999999993543	TimeIntervals	Lick
361.44750000000005	0.09999999999990905	TimeIntervals	Lick
361.74749999999995	1.6670000000000869	TimeIntervals	Lick
363.5145	0.10000000000002274	TimeIntervals	Lick
363.74774999999994	0.10000000000002274	TimeIntervals	Lick
363.981	0.06675000000001319	TimeIntervals	Lick
364.14775000000003	0.09999999999990905	TimeIntervals	Lick
364.381	0.06675000000007003	TimeIntervals	Lick
364.5145	0.16675000000003593	TimeIntervals	Lick
364.748	0.13324999999997544	TimeIntervals	Lick
364.948	0.2664999999999509	TimeIntervals	Lick
365.248	0.0999999999999659	TimeIntervals	Lick
365.38124999999997	0.10000000000002274	TimeIntervals	Lick
365.5145	0.10024999999995998	TimeIntervals	Lick
365.8815	0.3332499999999641	TimeIntervals	Lick
366.248	0.16675000000003593	TimeIntervals	Lick
366.448	0.20000000000004547	TimeIntervals	Lick
366.81500000000005	0.06649999999996226	TimeIntervals	Lick
367.04825	0.06674999999995634	TimeIntervals	Lick
367.1815	0.10000000000002274	TimeIntervals	Lick
367.31500000000005	0.0999999999999659	TimeIntervals	Lick
367.4482500000001	0.09999999999990905	TimeIntervals	Lick
367.64824999999996	0.06674999999995634	TimeIntervals	Lick
367.9485	0.13324999999997544	TimeIntervals	Lick
368.11499999999995	0.16675000000003593	TimeIntervals	Lick
368.415	0.10000000000002274	TimeIntervals	Lick
368.58175	0.10000000000002274	TimeIntervals	Lick
368.9485	0.1999999999999318	TimeIntervals	Lick
369.21524999999997	0.10000000000007958	TimeIntervals	Lick
369.382	0.19999999999998863	TimeIntervals	Lick
369.64849999999996	0.0999999999999659	TimeIntervals	Lick
369.7819999999999	0.10000000000007958	TimeIntervals	Lick
369.91525000000007	0.1334999999999127	TimeIntervals	Lick
370.082	0.10000000000007958	TimeIntervals	Lick
370.24875	0.06675000000001319	TimeIntervals	Lick
370.34875	0.10000000000002274	TimeIntervals	Lick
370.5155	0.10000000000007958	TimeIntervals	Lick
370.7819999999999	0.10000000000007958	TimeIntervals	Lick
370.9155	0.0999999999999659	TimeIntervals	Lick
371.04875	0.06675000000007003	TimeIntervals	Lick
371.88224999999994	0.10000000000002274	TimeIntervals	Lick
372.28249999999997	0.4000000000000341	TimeIntervals	Lick
372.81575000000004	0.06674999999995634	TimeIntervals	Lick
373.01574999999997	0.10000000000002274	TimeIntervals	Lick
373.21574999999996	0.10025000000007367	TimeIntervals	Lick
373.516	0.0999999999999659	TimeIntervals	Lick
373.74924999999996	0.10000000000007958	TimeIntervals	Lick
373.8825	0.10000000000002274	TimeIntervals	Lick
374.7494999999999	0.10000000000007958	TimeIntervals	Lick
374.88275	0.0999999999999659	TimeIntervals	Lick
375.31600000000003	0.06674999999995634	TimeIntervals	Lick
375.5495	0.0999999999999659	TimeIntervals	Lick
375.683	0.0999999999999659	TimeIntervals	Lick
376.2494999999999	0.10000000000007958	TimeIntervals	Lick
376.5495	0.06700000000000728	TimeIntervals	Lick
376.883	0.0999999999999659	TimeIntervals	Lick
377.8832499999999	0.13325000000008913	TimeIntervals	Lick
378.18325	0.13325000000008913	TimeIntervals	Lick
378.4165	0.10000000000002274	TimeIntervals	Lick
379.11675	0.0999999999999659	TimeIntervals	Lick
382.41725	0.0999999999999659	TimeIntervals	Lick
382.5505	0.06675000000001319	TimeIntervals	Lick
382.81725000000006	0.06674999999995634	TimeIntervals	Lick
382.91725	0.19999999999998863	TimeIntervals	Lick
383.1505	0.20024999999998272	TimeIntervals	Lick
383.384	0.0999999999999659	TimeIntervals	Lick
383.5175	0.10000000000002274	TimeIntervals	Lick
383.65075	0.19999999999998863	TimeIntervals	Lick
383.884	0.0999999999999659	TimeIntervals	Lick
384.0175	0.10000000000002274	TimeIntervals	Lick
384.15075	0.06674999999995634	TimeIntervals	Lick
384.251	0.10000000000002274	TimeIntervals	Lick
384.38425	0.10000000000002274	TimeIntervals	Lick
384.5175	0.10000000000002274	TimeIntervals	Lick
384.58425	0.06675000000001319	TimeIntervals	Reward
384.651	0.30000000000001137	TimeIntervals	Lick
384.98425000000003	0.06675000000001319	TimeIntervals	Lick
385.08425	0.23324999999999818	TimeIntervals	Lick
385.351	0.20000000000004547	TimeIntervals	Lick
385.5845	0.19999999999998863	TimeIntervals	Lick
385.81775000000005	0.0999999999999659	TimeIntervals	Lick
385.951	0.19999999999998863	TimeIntervals	Lick
386.1845	0.0999999999999659	TimeIntervals	Lick
386.31775000000005	0.20024999999992588	TimeIntervals	Lick
386.55125	0.0999999999999659	TimeIntervals	Lick
386.6845	0.0999999999999659	TimeIntervals	Lick
386.818	0.10000000000007958	TimeIntervals	Lick
386.95125	0.1999999999999318	TimeIntervals	Lick
387.1845	0.0999999999999659	TimeIntervals	Lick
387.318	0.10000000000007958	TimeIntervals	Lick
387.45125	0.10025000000001683	TimeIntervals	Lick
387.58474999999993	0.10000000000007958	TimeIntervals	Lick
387.718	0.0999999999999659	TimeIntervals	Lick
387.85150000000004	0.0999999999999659	TimeIntervals	Lick
388.018	0.10000000000007958	TimeIntervals	Lick
388.15150000000006	0.06649999999996226	TimeIntervals	Lick
388.7514999999999	0.06675000000007003	TimeIntervals	Lick
394.75249999999994	0.06650000000007594	TimeIntervals	Lick
394.88575	0.06675000000007003	TimeIntervals	Lick
394.98575000000005	0.0667499999998995	TimeIntervals	Lick
395.08574999999996	0.10000000000002274	TimeIntervals	Lick
395.21899999999994	0.06700000000000728	TimeIntervals	Lick
395.31925	0.0999999999999659	TimeIntervals	Lick
395.45250000000004	0.19999999999998863	TimeIntervals	Lick
395.686	0.0999999999999659	TimeIntervals	Lick
395.81925	0.0999999999999659	TimeIntervals	Lick
395.95250000000004	0.19999999999998863	TimeIntervals	Lick
396.186	0.0999999999999659	TimeIntervals	Lick
396.31925	0.10025000000001683	TimeIntervals	Lick
396.45275	0.10000000000002274	TimeIntervals	Lick
396.58599999999996	0.10000000000002274	TimeIntervals	Lick
396.7194999999999	0.10000000000013642	TimeIntervals	Lick
396.85274999999996	0.10000000000002274	TimeIntervals	Lick
396.98600000000005	0.1999999999999318	TimeIntervals	Lick
397.2194999999999	0.10000000000013642	TimeIntervals	Lick
397.35274999999996	0.10025000000007367	TimeIntervals	Lick
397.48625	0.0999999999999659	TimeIntervals	Lick
397.6195000000001	0.09999999999985221	TimeIntervals	Lick
397.753	0.0999999999999659	TimeIntervals	Lick
397.88625	0.0999999999999659	TimeIntervals	Lick
398.05300000000005	0.23324999999994134	TimeIntervals	Lick
398.31950000000006	0.23349999999999227	TimeIntervals	Lick
398.5865	0.10000000000002274	TimeIntervals	Lick
398.753	0.0999999999999659	TimeIntervals	Lick
398.88649999999996	0.10000000000002274	TimeIntervals	Lick
399.05300000000005	0.0999999999999659	TimeIntervals	Lick
399.1865	0.23324999999999818	TimeIntervals	Lick
399.45300000000003	0.10000000000002274	TimeIntervals	Lick
399.5865	0.10000000000002274	TimeIntervals	Lick
399.71999999999997	0.13324999999997544	TimeIntervals	Lick
399.88649999999996	0.13349999999996953	TimeIntervals	Lick
400.05325	0.0999999999999659	TimeIntervals	Lick
400.21999999999997	0.0665000000000191	TimeIntervals	Lick
400.98675000000003	0.0999999999999659	TimeIntervals	Lick
401.1535	0.13324999999997544	TimeIntervals	Lick
401.32	0.13350000000008322	TimeIntervals	Lick
401.5535	0.10000000000002274	TimeIntervals	Lick
401.71999999999997	0.06675000000001319	TimeIntervals	Lick
402.1535	0.0667499999998995	TimeIntervals	Lick
404.354	0.0665000000000191	TimeIntervals	Lick
404.9205	0.10000000000002274	TimeIntervals	Lick
407.8545	0.10000000000007958	TimeIntervals	Lick
408.988	0.0999999999999659	TimeIntervals	Lick
409.15450000000004	0.0667499999998995	TimeIntervals	Lick
409.42125	0.06675000000001319	TimeIntervals	Lick
409.55475	0.10000000000002274	TimeIntervals	Lick
409.688	0.19999999999998863	TimeIntervals	Lick
409.9215	0.10000000000002274	TimeIntervals	Lick
410.05475	0.06675000000001319	TimeIntervals	Lick
410.15475000000004	0.10000000000002274	TimeIntervals	Lick
410.28799999999995	0.06675000000001319	TimeIntervals	Lick
410.388	0.10000000000002274	TimeIntervals	Lick
410.55475	0.10024999999995998	TimeIntervals	Lick
410.68825	0.06675000000001319	TimeIntervals	Lick
410.78825	0.0999999999999659	TimeIntervals	Lick
410.9215	0.10000000000002274	TimeIntervals	Lick
411.055	0.23324999999999818	TimeIntervals	Lick
411.3215	0.0999999999999659	TimeIntervals	Lick
411.455	0.10000000000002274	TimeIntervals	Lick
411.58824999999996	0.10000000000002274	TimeIntervals	Lick
411.6215	0.09999999999990905	TimeIntervals	Reward
411.72149999999993	0.10025000000013051	TimeIntervals	Lick
411.855	0.19999999999998863	TimeIntervals	Lick
412.08849999999995	0.0665000000000191	TimeIntervals	Lick
412.1885	0.20000000000004547	TimeIntervals	Lick
412.42175000000003	0.0999999999999659	TimeIntervals	Lick
412.555	0.0999999999999659	TimeIntervals	Lick
412.6885	0.0665000000000191	TimeIntervals	Lick
412.7885	0.10000000000002274	TimeIntervals	Lick
412.9220000000001	0.06649999999996226	TimeIntervals	Lick
413.02200000000005	0.0999999999999659	TimeIntervals	Lick
413.15525	0.0999999999999659	TimeIntervals	Lick
413.2885	0.333500000000015	TimeIntervals	Lick
413.65525	0.0999999999999659	TimeIntervals	Lick
413.7885	0.10000000000002274	TimeIntervals	Lick
413.9220000000001	0.0999999999999659	TimeIntervals	Lick
414.0555	0.10000000000007958	TimeIntervals	Lick
414.18875	0.13324999999997544	TimeIntervals	Lick
414.35549999999995	0.06650000000013279	TimeIntervals	Lick
414.48875	0.0999999999999659	TimeIntervals	Lick
414.6555000000001	0.06649999999990541	TimeIntervals	Lick
414.98875	0.06675000000001319	TimeIntervals	Lick
415.32225000000005	0.06674999999995634	TimeIntervals	Lick
415.4222500000001	0.0999999999999659	TimeIntervals	Lick
415.58899999999994	0.10000000000007958	TimeIntervals	Lick
415.7555	0.0999999999999659	TimeIntervals	Lick
418.28925000000004	0.10024999999995998	TimeIntervals	Lick
418.42275000000006	0.09999999999990905	TimeIntervals	Lick
418.58949999999993	0.10000000000002274	TimeIntervals	Lick
418.72274999999996	0.23325000000011187	TimeIntervals	Lick
418.9895	0.09999999999990905	TimeIntervals	Lick
419.12275	0.0999999999999659	TimeIntervals	Lick
419.25600000000003	0.0999999999999659	TimeIntervals	Lick
419.3895	0.10000000000002274	TimeIntervals	Lick
419.52299999999997	0.10000000000007958	TimeIntervals	Lick
419.65625	0.0999999999999659	TimeIntervals	Lick
419.78950000000003	0.13350000000002638	TimeIntervals	Lick
419.95625	0.0999999999999659	TimeIntervals	Lick
420.08949999999993	0.10000000000002274	TimeIntervals	Lick
420.22299999999996	0.1332500000000323	TimeIntervals	Lick
420.42300000000006	0.09999999999990905	TimeIntervals	Lick
420.58975	0.13324999999997544	TimeIntervals	Lick
420.92300000000006	0.09999999999990905	TimeIntervals	Lick
421.05649999999997	0.10000000000002274	TimeIntervals	Lick
422.18999999999994	0.06650000000007594	TimeIntervals	Lick
423.25674999999995	0.06675000000007003	TimeIntervals	Lick
423.39000000000004	0.09999999999990905	TimeIntervals	Lick
428.691	0.10000000000002274	TimeIntervals	Lick
428.991	0.1332500000000323	TimeIntervals	Lick
429.391	0.0999999999999659	TimeIntervals	Lick
429.55774999999994	0.10000000000007958	TimeIntervals	Lick
429.691	0.10000000000002274	TimeIntervals	Lick
429.8245	0.10000000000002274	TimeIntervals	Lick
429.95775	0.0999999999999659	TimeIntervals	Lick
430.091	0.0999999999999659	TimeIntervals	Lick
430.2245	0.10000000000002274	TimeIntervals	Lick
430.35774999999995	0.10025000000007367	TimeIntervals	Lick
430.49125000000004	0.0999999999999659	TimeIntervals	Lick
430.6245	0.46674999999999045	TimeIntervals	Lick
431.1245	0.0999999999999659	TimeIntervals	Lick
431.2579999999999	0.23350000000010596	TimeIntervals	Lick
431.52475	0.23324999999994134	TimeIntervals	Lick
431.7915	0.36650000000003047	TimeIntervals	Lick
432.1915	0.0999999999999659	TimeIntervals	Lick
432.32475	0.10000000000007958	TimeIntervals	Lick
432.458	0.0999999999999659	TimeIntervals	Lick
432.625	0.0999999999999659	TimeIntervals	Lick
432.6915	0.0667499999998995	TimeIntervals	Reward
432.7582499999999	0.20000000000004547	TimeIntervals	Lick
432.99150000000003	0.19999999999998863	TimeIntervals	Lick
433.22499999999997	0.20000000000010232	TimeIntervals	Lick
433.45824999999996	0.10000000000002274	TimeIntervals	Lick
433.5915	0.10000000000002274	TimeIntervals	Lick
433.72499999999997	0.10000000000002274	TimeIntervals	Lick
433.8585	0.1999999999999318	TimeIntervals	Lick
434.09175000000005	0.19999999999987494	TimeIntervals	Lick
434.325	0.10000000000007958	TimeIntervals	Lick
434.4585	0.09999999999990905	TimeIntervals	Lick
434.59175000000005	0.0999999999999659	TimeIntervals	Lick
434.72499999999997	0.2335000000000491	TimeIntervals	Lick
434.99199999999996	0.10000000000007958	TimeIntervals	Lick
435.12525	0.10000000000002274	TimeIntervals	Lick
435.25849999999997	0.10000000000002274	TimeIntervals	Lick
435.392	0.0999999999999659	TimeIntervals	Lick
435.52524999999997	0.1332500000000323	TimeIntervals	Lick
435.692	0.0999999999999659	TimeIntervals	Lick
435.82525000000004	0.13349999999996953	TimeIntervals	Lick
436.45875	0.06674999999995634	TimeIntervals	Lick
437.55899999999997	0.0665000000000191	TimeIntervals	Lick
438.05899999999997	0.06675000000001319	TimeIntervals	Lick
438.22575	0.06675000000001319	TimeIntervals	Lick
441.02599999999995	0.06675000000007003	TimeIntervals	Lick
446.727	0.0665000000000191	TimeIntervals	Lick
447.994	0.09999999999990905	TimeIntervals	Lick
448.194	0.06649999999990541	TimeIntervals	Lick
448.56050000000005	0.09999999999990905	TimeIntervals	Lick
448.72724999999997	0.06675000000001319	TimeIntervals	Lick
448.894	0.06650000000007594	TimeIntervals	Lick
449.06050000000005	0.10024999999995998	TimeIntervals	Lick
449.26075	0.10000000000002274	TimeIntervals	Lick
449.46075	0.09999999999990905	TimeIntervals	Lick
449.62750000000005	0.0999999999999659	TimeIntervals	Lick
449.794	0.10000000000002274	TimeIntervals	Lick
449.96075	0.09999999999990905	TimeIntervals	Lick
450.09399999999994	0.20025000000003956	TimeIntervals	Lick
450.32750000000004	0.0999999999999659	TimeIntervals	Lick
450.461	0.36650000000003047	TimeIntervals	Lick
450.86100000000005	0.0999999999999659	TimeIntervals	Lick
450.99425	0.10000000000002274	TimeIntervals	Lick
451.12750000000005	0.0999999999999659	TimeIntervals	Lick
451.261	0.10000000000002274	TimeIntervals	Lick
451.3945	0.10000000000002274	TimeIntervals	Lick
451.5609999999999	0.06675000000012687	TimeIntervals	Lick
451.66099999999994	0.10000000000007958	TimeIntervals	Lick
451.79449999999997	0.1332500000000323	TimeIntervals	Lick
451.961	0.09999999999990905	TimeIntervals	Lick
452.0945	0.19999999999998863	TimeIntervals	Lick
452.36100000000005	0.10024999999995998	TimeIntervals	Lick
452.4945	0.13349999999996953	TimeIntervals	Lick
452.66125	0.13324999999997544	TimeIntervals	Lick
452.82800000000003	0.10000000000002274	TimeIntervals	Lick
452.9945	0.0999999999999659	TimeIntervals	Lick
453.128	0.1332500000000323	TimeIntervals	Lick
453.32800000000003	0.10000000000002274	TimeIntervals	Lick
453.46150000000006	0.0999999999999659	TimeIntervals	Lick
453.628	0.0999999999999659	TimeIntervals	Lick
453.76149999999996	0.10000000000002274	TimeIntervals	Lick
453.92800000000005	0.0999999999999659	TimeIntervals	Lick
454.0615	0.0999999999999659	TimeIntervals	Lick
454.19474999999994	0.13325000000008913	TimeIntervals	Lick
454.3615	0.13325000000008913	TimeIntervals	Lick
454.5615	0.0999999999999659	TimeIntervals	Lick
454.795	0.0999999999999659	TimeIntervals	Lick
455.3615	0.13350000000002638	TimeIntervals	Lick
455.52824999999996	0.1332500000000323	TimeIntervals	Lick
455.76175	0.10000000000002274	TimeIntervals	Lick
455.92850000000004	0.1332499999999186	TimeIntervals	Lick
456.66175	0.13349999999996953	TimeIntervals	Lick
458.96200000000005	0.10024999999990314	TimeIntervals	Lick
459.29549999999995	0.10000000000007958	TimeIntervals	Lick
459.6955	0.0999999999999659	TimeIntervals	Lick
461.49600000000004	0.0999999999999659	TimeIntervals	Lick
461.82925	0.10000000000007958	TimeIntervals	Lick
462.02925000000005	0.0999999999999659	TimeIntervals	Lick
462.19599999999997	0.0665000000000191	TimeIntervals	Lick
462.3295	0.0665000000000191	TimeIntervals	Lick
462.4295	0.3332499999999641	TimeIntervals	Lick
462.796	0.10000000000002274	TimeIntervals	Lick
462.96274999999997	0.06675000000007003	TimeIntervals	Lick
463.096	0.0999999999999659	TimeIntervals	Lick
463.2295	0.10000000000002274	TimeIntervals	Lick
463.363	0.10000000000002274	TimeIntervals	Lick
463.49625	0.0999999999999659	TimeIntervals	Lick
463.6295	0.13349999999996953	TimeIntervals	Lick
463.763	0.0665000000000191	TimeIntervals	Reward
463.79625	0.10000000000002274	TimeIntervals	Lick
463.9295	0.06674999999995634	TimeIntervals	Lick
464.02950000000004	0.0667499999998995	TimeIntervals	Lick
464.1295	0.19999999999998863	TimeIntervals	Lick
464.363	0.19999999999998863	TimeIntervals	Lick
464.59649999999993	0.10000000000007958	TimeIntervals	Lick
464.72974999999997	0.20000000000010232	TimeIntervals	Lick
464.963	0.19999999999998863	TimeIntervals	Lick
465.1965	0.0999999999999659	TimeIntervals	Lick
465.32975	0.10000000000007958	TimeIntervals	Lick
465.463	0.20024999999998272	TimeIntervals	Lick
465.6965	0.0999999999999659	TimeIntervals	Lick
465.83	0.10000000000002274	TimeIntervals	Lick
465.96325	0.0999999999999659	TimeIntervals	Lick
466.09649999999993	0.10000000000007958	TimeIntervals	Lick
466.23	0.0999999999999659	TimeIntervals	Lick
466.3965	0.0999999999999659	TimeIntervals	Lick
466.53	0.10000000000002274	TimeIntervals	Lick
466.6635	0.0999999999999659	TimeIntervals	Lick
466.79675000000003	0.0999999999999659	TimeIntervals	Lick
472.0974999999999	0.10000000000007958	TimeIntervals	Lick
477.665	0.06674999999995634	TimeIntervals	Lick
477.7985	0.0999999999999659	TimeIntervals	Lick
477.93175	0.10000000000002274	TimeIntervals	Lick
478.09849999999994	0.06650000000007594	TimeIntervals	Lick
478.465	0.0999999999999659	TimeIntervals	Lick
478.89849999999996	0.10000000000002274	TimeIntervals	Lick
479.9320000000001	0.09999999999990905	TimeIntervals	Lick
480.0655	0.06650000000007594	TimeIntervals	Lick
480.2654999999999	0.10000000000007958	TimeIntervals	Lick
480.4320000000001	0.09999999999990905	TimeIntervals	Lick
480.63200000000006	0.06674999999995634	TimeIntervals	Lick
480.73199999999997	0.10000000000002274	TimeIntervals	Lick
480.8655	0.06650000000007594	TimeIntervals	Lick
480.9655	0.1999999999999318	TimeIntervals	Lick
481.19899999999996	0.10000000000002274	TimeIntervals	Lick
481.33225000000004	0.1999999999999318	TimeIntervals	Lick
481.5655	0.0999999999999659	TimeIntervals	Lick
481.69899999999996	0.20000000000010232	TimeIntervals	Lick
481.799	0.10000000000007958	TimeIntervals	Reward
481.93225	0.20024999999998272	TimeIntervals	Lick
482.16574999999995	0.19999999999998863	TimeIntervals	Lick
482.39900000000006	0.1999999999999318	TimeIntervals	Lick
482.6325	0.10000000000002274	TimeIntervals	Lick
482.7657499999999	0.10000000000002274	TimeIntervals	Lick
482.89900000000006	0.0999999999999659	TimeIntervals	Lick
483.0325	0.19999999999998863	TimeIntervals	Lick
483.26599999999996	0.20000000000004547	TimeIntervals	Lick
483.49924999999996	0.10000000000002274	TimeIntervals	Lick
483.6325	0.23349999999999227	TimeIntervals	Lick
483.89925000000005	0.09999999999990905	TimeIntervals	Lick
484.0325	0.0999999999999659	TimeIntervals	Lick
484.166	0.0999999999999659	TimeIntervals	Lick
484.2995	0.3332499999999641	TimeIntervals	Lick
484.6995	0.10000000000002274	TimeIntervals	Lick
484.83275	0.10000000000007958	TimeIntervals	Lick
484.966	0.0999999999999659	TimeIntervals	Lick
485.0994999999999	0.10000000000007958	TimeIntervals	Lick
485.26599999999996	0.06700000000006412	TimeIntervals	Lick
485.3995000000001	0.033499999999946795	TimeIntervals	Lick
486.56649999999996	0.10000000000002274	TimeIntervals	Lick
492.1005	0.06674999999995634	TimeIntervals	Lick
492.46725000000004	0.13324999999997544	TimeIntervals	Lick
492.66724999999997	0.09999999999990905	TimeIntervals	Lick
492.83399999999995	0.10000000000007958	TimeIntervals	Lick
493.034	0.10000000000002274	TimeIntervals	Lick
493.20074999999997	0.13324999999997544	TimeIntervals	Lick
493.40075	0.0999999999999659	TimeIntervals	Lick
493.5675000000001	0.09999999999985221	TimeIntervals	Lick
493.70074999999997	0.10000000000002274	TimeIntervals	Lick
493.934	0.06674999999995634	TimeIntervals	Lick
494.101	0.0999999999999659	TimeIntervals	Lick
494.2674999999999	0.10000000000002274	TimeIntervals	Lick
494.53425	0.10000000000007958	TimeIntervals	Lick
494.70099999999996	0.10000000000007958	TimeIntervals	Lick
494.90099999999995	0.1332500000000323	TimeIntervals	Lick
502.202	0.13350000000008322	TimeIntervals	Lick
502.40200000000004	0.06674999999995634	TimeIntervals	Lick
502.702	0.06674999999995634	TimeIntervals	Lick
503.00225000000006	0.0999999999999659	TimeIntervals	Lick
503.13550000000004	0.0999999999999659	TimeIntervals	Lick
503.269	0.0999999999999659	TimeIntervals	Lick
503.4022500000001	0.0999999999999659	TimeIntervals	Lick
503.53549999999996	0.10000000000007958	TimeIntervals	Lick
503.6689999999999	0.10000000000007958	TimeIntervals	Lick
503.80224999999996	0.2002500000000964	TimeIntervals	Lick
504.03575	0.23324999999999818	TimeIntervals	Lick
504.3025	0.0999999999999659	TimeIntervals	Lick
504.43575	0.10000000000002274	TimeIntervals	Lick
504.569	0.09999999999990905	TimeIntervals	Lick
504.7025	0.23324999999999818	TimeIntervals	Lick
504.86899999999997	0.06675000000001319	TimeIntervals	Reward
504.96900000000005	0.0999999999999659	TimeIntervals	Lick
505.1025	0.06674999999995634	TimeIntervals	Lick
505.2025	0.06675000000001319	TimeIntervals	Lick
505.3025	0.06674999999995634	TimeIntervals	Lick
505.4025	0.10000000000007958	TimeIntervals	Lick
505.53599999999994	0.20000000000004547	TimeIntervals	Lick
505.76925	0.3332500000000209	TimeIntervals	Lick
506.136	0.0999999999999659	TimeIntervals	Lick
506.2695	0.10000000000007958	TimeIntervals	Lick
506.40275	0.10000000000007958	TimeIntervals	Lick
506.53599999999994	0.20000000000004547	TimeIntervals	Lick
506.7695	0.10000000000007958	TimeIntervals	Lick
506.90275	0.10000000000007958	TimeIntervals	Lick
507.03599999999994	0.36700000000013233	TimeIntervals	Lick
507.43625000000003	0.10000000000002274	TimeIntervals	Lick
507.56949999999995	0.10000000000007958	TimeIntervals	Lick
507.73625	0.10000000000007958	TimeIntervals	Lick
507.8695000000001	0.09999999999990905	TimeIntervals	Lick
508.003	0.0999999999999659	TimeIntervals	Lick
508.13625	0.13324999999997544	TimeIntervals	Lick
508.4697500000001	0.13324999999986176	TimeIntervals	Lick
508.66975	0.06675000000001319	TimeIntervals	Lick
512.837	0.09999999999990905	TimeIntervals	Lick
513.537	0.10000000000002274	TimeIntervals	Lick
513.737	0.06675000000007003	TimeIntervals	Lick
518.2710000000001	0.20024999999998272	TimeIntervals	Lick
518.57125	0.06675000000007003	TimeIntervals	Lick
519.3379999999999	0.10000000000013642	TimeIntervals	Lick
526.1725	0.10000000000013642	TimeIntervals	Lick
526.30575	0.09999999999990905	TimeIntervals	Lick
526.4724999999999	0.10000000000025011	TimeIntervals	Lick
526.6057500000001	0.10000000000002274	TimeIntervals	Lick
526.7725000000002	0.06649999999990541	TimeIntervals	Lick
526.9057499999999	0.10000000000013642	TimeIntervals	Lick
527.039	0.10025000000007367	TimeIntervals	Lick
527.1725	0.06675000000007003	TimeIntervals	Lick
527.2725000000002	0.09999999999979536	TimeIntervals	Lick
527.406	0.20000000000004547	TimeIntervals	Lick
527.6392500000001	0.2332499999998845	TimeIntervals	Lick
527.906	0.9667500000000473	TimeIntervals	Lick
527.93925	0.06674999999995634	TimeIntervals	Reward
528.906	0.10000000000002274	TimeIntervals	Lick
529.0395000000001	0.1999999999999318	TimeIntervals	Lick
529.273	0.09999999999990905	TimeIntervals	Lick
529.40625	0.20000000000004547	TimeIntervals	Lick
529.6395000000001	0.09999999999990905	TimeIntervals	Lick
529.773	0.09999999999990905	TimeIntervals	Lick
529.90625	0.10000000000002274	TimeIntervals	Lick
530.0395000000001	0.10000000000002274	TimeIntervals	Lick
530.173	0.10000000000002274	TimeIntervals	Lick
530.30625	0.10025000000007367	TimeIntervals	Lick
530.4397499999999	0.10000000000013642	TimeIntervals	Lick
530.5730000000001	0.09999999999990905	TimeIntervals	Lick
530.7065000000001	0.09999999999990905	TimeIntervals	Lick
530.83975	0.09999999999990905	TimeIntervals	Lick
543.6750000000001	0.10000000000002274	TimeIntervals	Lick
543.8085000000001	0.09999999999990905	TimeIntervals	Lick
543.94175	0.10000000000013642	TimeIntervals	Lick
544.1085000000002	0.06649999999990541	TimeIntervals	Lick
544.24175	0.10000000000002274	TimeIntervals	Lick
544.375	0.10000000000002274	TimeIntervals	Lick
544.5084999999999	0.10000000000025011	TimeIntervals	Lick
544.6419999999999	0.06650000000013279	TimeIntervals	Lick
544.742	0.10000000000013642	TimeIntervals	Lick
544.8752499999999	0.20000000000004547	TimeIntervals	Lick
545.1085000000002	0.09999999999990905	TimeIntervals	Lick
545.242	0.10000000000013642	TimeIntervals	Lick
545.3752499999999	0.10000000000013642	TimeIntervals	Lick
545.5084999999999	0.10000000000025011	TimeIntervals	Lick
545.6419999999999	0.10000000000002274	TimeIntervals	Lick
545.7755000000001	0.3332500000000209	TimeIntervals	Lick
545.9755	0.10000000000013642	TimeIntervals	Reward
546.1419999999999	0.3000000000000682	TimeIntervals	Lick
546.4755	0.0665000000000191	TimeIntervals	Lick
546.5755000000001	0.10000000000002274	TimeIntervals	Lick
546.7087500000001	0.06674999999995634	TimeIntervals	Lick
546.8087500000001	0.1002499999998463	TimeIntervals	Lick
546.9422500000001	0.10000000000002274	TimeIntervals	Lick
547.0755000000001	0.06674999999984266	TimeIntervals	Lick
547.1755000000002	0.09999999999990905	TimeIntervals	Lick
547.3090000000001	0.09999999999990905	TimeIntervals	Lick
547.4422500000001	0.3332500000000209	TimeIntervals	Lick
547.8090000000001	0.09999999999990905	TimeIntervals	Lick
547.9425000000001	0.09999999999990905	TimeIntervals	Lick
548.0757500000001	0.10000000000002274	TimeIntervals	Lick
548.2090000000002	0.09999999999990905	TimeIntervals	Lick
548.3425000000001	0.10000000000002274	TimeIntervals	Lick
548.47575	0.10000000000013642	TimeIntervals	Lick
548.609	0.10000000000013642	TimeIntervals	Lick
548.7425	0.10000000000013642	TimeIntervals	Lick
548.8757500000002	0.13324999999986176	TimeIntervals	Lick
549.0425	0.10000000000002274	TimeIntervals	Lick
549.1760000000002	0.09999999999990905	TimeIntervals	Lick
549.3092500000002	0.13324999999986176	TimeIntervals	Lick
549.476	0.0665000000000191	TimeIntervals	Lick
550.24275	0.10000000000013642	TimeIntervals	Lick
550.3760000000002	0.09999999999979536	TimeIntervals	Lick
550.5427500000001	0.09999999999990905	TimeIntervals	Lick
550.7095	0.10000000000013642	TimeIntervals	Lick
560.511	0.10000000000013642	TimeIntervals	Lick
560.6775	0.06675000000007003	TimeIntervals	Lick
560.7775000000001	0.09999999999990905	TimeIntervals	Lick
560.94425	0.06674999999995634	TimeIntervals	Lick
561.0775000000001	0.06699999999989359	TimeIntervals	Lick
561.1777500000001	0.09999999999990905	TimeIntervals	Lick
561.3110000000001	0.06674999999995634	TimeIntervals	Lick
561.411	0.20000000000015916	TimeIntervals	Lick
561.6445	0.10000000000002274	TimeIntervals	Lick
561.77775	0.10000000000013642	TimeIntervals	Lick
561.911	0.10000000000002274	TimeIntervals	Lick
562.0777500000002	0.033249999999952706	TimeIntervals	Lick
562.2110000000001	0.10025000000007367	TimeIntervals	Lick
562.3445000000003	0.06674999999972897	TimeIntervals	Lick
562.4445	0.10000000000002274	TimeIntervals	Lick
562.5780000000001	0.09999999999990905	TimeIntervals	Lick
562.7112500000001	0.1999999999999318	TimeIntervals	Lick
562.9445	0.10000000000002274	TimeIntervals	Lick
563.0445	0.10000000000002274	TimeIntervals	Reward
563.0780000000001	0.09999999999990905	TimeIntervals	Lick
563.2112500000001	0.30024999999989177	TimeIntervals	Lick
563.5447499999999	0.06675000000018372	TimeIntervals	Lick
563.64475	0.20000000000004547	TimeIntervals	Lick
563.8780000000002	0.09999999999990905	TimeIntervals	Lick
564.0115	0.20000000000015916	TimeIntervals	Lick
564.24475	0.10000000000013642	TimeIntervals	Lick
564.3780000000002	0.33349999999995816	TimeIntervals	Lick
564.745	0.10000000000013642	TimeIntervals	Lick
564.8782500000001	0.09999999999990905	TimeIntervals	Lick
565.0115	0.10000000000013642	TimeIntervals	Lick
565.47825	0.10024999999995998	TimeIntervals	Lick
565.61175	0.10000000000013642	TimeIntervals	Lick
565.745	0.10000000000013642	TimeIntervals	Lick
565.8785000000001	0.13324999999986176	TimeIntervals	Lick
566.045	0.10000000000013642	TimeIntervals	Lick
566.1785	0.13325000000008913	TimeIntervals	Lick
566.3785000000001	0.06649999999990541	TimeIntervals	Lick
567.9119999999999	0.10000000000013642	TimeIntervals	Lick
568.0455	0.10000000000002274	TimeIntervals	Lick
568.2120000000001	0.06674999999995634	TimeIntervals	Lick
569.7455000000001	0.10000000000002274	TimeIntervals	Lick
581.214	0.09999999999990905	TimeIntervals	Lick
581.3475	0.06650000000013279	TimeIntervals	Lick
583.0142500000001	0.10024999999995998	TimeIntervals	Lick
583.1477500000001	0.06674999999995634	TimeIntervals	Lick
583.5145000000001	0.09999999999990905	TimeIntervals	Lick
584.2145	0.10000000000002274	TimeIntervals	Lick
585.0145000000001	0.09999999999990905	TimeIntervals	Lick
586.4815000000001	0.06674999999995634	TimeIntervals	Lick
587.415	0.10000000000013642	TimeIntervals	Lick
588.5485	0.10000000000013642	TimeIntervals	Lick
588.9485	0.20000000000015916	TimeIntervals	Lick
589.182	0.10000000000013642	TimeIntervals	Lick
589.3152500000001	0.09999999999990905	TimeIntervals	Lick
589.4485	0.10000000000002274	TimeIntervals	Lick
589.582	0.06650000000013279	TimeIntervals	Lick
589.682	0.10000000000013642	TimeIntervals	Lick
589.8155000000002	0.09999999999979536	TimeIntervals	Lick
589.94875	0.09999999999990905	TimeIntervals	Lick
590.082	0.06675000000007003	TimeIntervals	Lick
590.182	0.10000000000013642	TimeIntervals	Lick
590.3155000000002	0.1999999999999318	TimeIntervals	Lick
590.5487499999999	0.10000000000013642	TimeIntervals	Lick
590.682	0.10000000000013642	TimeIntervals	Lick
590.8155000000002	0.09999999999979536	TimeIntervals	Lick
590.949	0.10000000000013642	TimeIntervals	Lick
591.08225	0.06675000000007003	TimeIntervals	Lick
591.1155	0.06674999999995634	TimeIntervals	Reward
591.18225	0.10000000000013642	TimeIntervals	Lick
591.3155000000002	0.29999999999984084	TimeIntervals	Lick
591.6490000000001	0.06649999999990541	TimeIntervals	Lick
591.749	0.10000000000002274	TimeIntervals	Lick
591.8825	0.09999999999990905	TimeIntervals	Lick
592.01575	0.20000000000004547	TimeIntervals	Lick
592.249	0.10000000000002274	TimeIntervals	Lick
592.3825	0.20000000000004547	TimeIntervals	Lick
592.6157499999999	0.10000000000013642	TimeIntervals	Lick
592.749	0.33350000000007185	TimeIntervals	Lick
593.116	0.10000000000002274	TimeIntervals	Lick
593.2492500000001	0.09999999999990905	TimeIntervals	Lick
593.416	0.09999999999990905	TimeIntervals	Lick
593.54925	0.10000000000013642	TimeIntervals	Lick
593.6825	0.10000000000013642	TimeIntervals	Lick
593.8160000000001	0.09999999999990905	TimeIntervals	Lick
593.9825	0.06675000000007003	TimeIntervals	Lick
600.3835000000001	0.06674999999972897	TimeIntervals	Lick
610.285	0.06675000000007003	TimeIntervals	Lick
610.3850000000001	0.09999999999990905	TimeIntervals	Lick
610.5184999999999	0.06650000000024647	TimeIntervals	Lick
610.652	0.0665000000000191	TimeIntervals	Lick
610.7852500000001	0.09999999999990905	TimeIntervals	Lick
610.952	0.06649999999990541	TimeIntervals	Lick
611.0852500000001	0.10000000000002274	TimeIntervals	Lick
611.2185000000001	0.09999999999990905	TimeIntervals	Lick
611.38525	0.06674999999995634	TimeIntervals	Lick
611.4852500000001	0.10000000000002274	TimeIntervals	Lick
611.6185	0.10025000000007367	TimeIntervals	Lick
611.7520000000001	0.10000000000002274	TimeIntervals	Lick
611.8855000000001	0.1999999999999318	TimeIntervals	Lick
612.11875	0.10000000000013642	TimeIntervals	Lick
612.2520000000001	0.10000000000002274	TimeIntervals	Lick
612.3855000000001	0.09999999999990905	TimeIntervals	Lick
612.5187500000001	0.09999999999990905	TimeIntervals	Lick
612.652	0.13350000000002638	TimeIntervals	Lick
612.8190000000001	0.09999999999990905	TimeIntervals	Lick
612.95225	0.09999999999990905	TimeIntervals	Lick
613.0855	0.10000000000002274	TimeIntervals	Lick
613.2190000000002	0.09999999999990905	TimeIntervals	Lick
613.3855000000001	0.09999999999990905	TimeIntervals	Lick
613.519	0.10000000000002274	TimeIntervals	Lick
613.6522500000001	0.09999999999990905	TimeIntervals	Lick
613.7855000000001	0.10024999999995998	TimeIntervals	Lick
613.919	0.10000000000002274	TimeIntervals	Lick
614.0525	0.13325000000008913	TimeIntervals	Lick
614.2190000000002	0.09999999999990905	TimeIntervals	Lick
614.3525000000001	0.13324999999997544	TimeIntervals	Lick
614.519	0.13350000000014006	TimeIntervals	Lick
614.7190000000002	0.06674999999995634	TimeIntervals	Lick
614.8525000000001	0.10000000000002274	TimeIntervals	Lick
616.2860000000002	0.09999999999990905	TimeIntervals	Lick
617.28625	0.10000000000013642	TimeIntervals	Lick
617.5195	0.06675000000007003	TimeIntervals	Lick
617.9530000000001	0.06649999999990541	TimeIntervals	Lick
618.0862500000001	0.06674999999995634	TimeIntervals	Lick
618.2195000000002	0.10024999999995998	TimeIntervals	Lick
618.3530000000001	0.06674999999984266	TimeIntervals	Lick
618.4865000000001	0.06649999999990541	TimeIntervals	Lick
618.5865000000001	0.09999999999990905	TimeIntervals	Lick
618.7530000000002	0.09999999999990905	TimeIntervals	Lick
618.8865000000001	0.10000000000002274	TimeIntervals	Lick
619.01975	0.20000000000004547	TimeIntervals	Lick
619.153	0.10000000000013642	TimeIntervals	Reward
619.2530000000002	0.09999999999990905	TimeIntervals	Lick
619.3865000000001	0.06674999999995634	TimeIntervals	Lick
619.4865000000001	0.06674999999984266	TimeIntervals	Lick
619.5865000000001	0.09999999999990905	TimeIntervals	Lick
619.72	0.0665000000000191	TimeIntervals	Lick
619.82	0.09999999999990905	TimeIntervals	Lick
619.95325	0.20000000000004547	TimeIntervals	Lick
620.1865	0.10000000000002274	TimeIntervals	Lick
620.32	0.09999999999990905	TimeIntervals	Lick
620.4535	0.0665000000000191	TimeIntervals	Lick
620.5535	0.10000000000002274	TimeIntervals	Lick
620.6867500000001	0.09999999999990905	TimeIntervals	Lick
620.82	0.1999999999999318	TimeIntervals	Lick
621.0867500000002	0.09999999999990905	TimeIntervals	Lick
621.22	0.10000000000002274	TimeIntervals	Lick
621.3535000000002	0.09999999999979536	TimeIntervals	Lick
621.48675	0.10025000000007367	TimeIntervals	Lick
621.62025	0.10000000000002274	TimeIntervals	Lick
632.822	0.09999999999990905	TimeIntervals	Lick
633.1552500000001	0.10000000000002274	TimeIntervals	Lick
633.68875	0.10000000000013642	TimeIntervals	Lick
633.8887500000001	0.06674999999995634	TimeIntervals	Lick
634.0554999999999	0.0665000000000191	TimeIntervals	Lick
634.222	0.06675000000018372	TimeIntervals	Lick
634.3555000000001	0.09999999999990905	TimeIntervals	Lick
634.48875	0.20000000000004547	TimeIntervals	Lick
634.722	0.2002500000000964	TimeIntervals	Lick
634.9555	0.06674999999995634	TimeIntervals	Lick
635.0554999999999	0.10000000000013642	TimeIntervals	Lick
635.189	0.10000000000025011	TimeIntervals	Lick
635.22225	0.10000000000002274	TimeIntervals	Reward
635.32225	0.06675000000007003	TimeIntervals	Lick
635.4222500000001	0.16674999999997908	TimeIntervals	Lick
635.62225	0.10000000000002274	TimeIntervals	Lick
635.7555000000001	0.30024999999989177	TimeIntervals	Lick
636.089	0.09999999999990905	TimeIntervals	Lick
636.2225	0.20000000000004547	TimeIntervals	Lick
636.45575	0.3332500000002483	TimeIntervals	Lick
636.8225	0.10000000000002274	TimeIntervals	Lick
636.9559999999999	0.46650000000011005	TimeIntervals	Lick
637.4559999999999	0.13325000000008913	TimeIntervals	Lick
637.6225000000001	0.06674999999995634	TimeIntervals	Lick
637.7225	0.06675000000007003	TimeIntervals	Lick
637.8560000000001	0.09999999999979536	TimeIntervals	Lick
637.9892500000001	0.10024999999995998	TimeIntervals	Lick
638.1560000000001	0.06674999999995634	TimeIntervals	Lick
638.82275	0.06675000000007003	TimeIntervals	Lick
642.75675	0.06674999999995634	TimeIntervals	Lick
644.7570000000001	0.09999999999990905	TimeIntervals	Lick
648.1575	0.06674999999995634	TimeIntervals	Lick
650.091	0.06700000000012096	TimeIntervals	Lick
656.7255	0.10000000000013642	TimeIntervals	Lick
656.99225	0.06675000000007003	TimeIntervals	Lick
657.09225	0.10000000000002274	TimeIntervals	Lick
657.2255	0.10000000000013642	TimeIntervals	Lick
657.359	0.10000000000002274	TimeIntervals	Lick
657.49225	0.06675000000007003	TimeIntervals	Lick
657.59225	0.10000000000002274	TimeIntervals	Lick
657.7255	0.2002500000000964	TimeIntervals	Lick
657.9590000000001	0.10000000000002274	TimeIntervals	Lick
658.0925000000001	0.0665000000000191	TimeIntervals	Lick
658.2257500000001	0.10000000000002274	TimeIntervals	Lick
658.359	0.10000000000002274	TimeIntervals	Lick
658.4925	0.06650000000013279	TimeIntervals	Lick
659.226	0.0665000000000191	TimeIntervals	Lick
659.2925	0.10000000000002274	TimeIntervals	Reward
659.326	0.2999999999999545	TimeIntervals	Lick
659.65925	0.06674999999995634	TimeIntervals	Lick
659.7592500000001	0.06674999999995634	TimeIntervals	Lick
659.85925	0.4335000000000946	TimeIntervals	Lick
660.326	0.1999999999999318	TimeIntervals	Lick
660.5595	0.20000000000015916	TimeIntervals	Lick
660.7927500000001	0.10000000000002274	TimeIntervals	Lick
660.926	0.46699999999998454	TimeIntervals	Lick
661.42625	0.10000000000002274	TimeIntervals	Lick
661.5595	0.10000000000002274	TimeIntervals	Lick
661.6930000000001	0.10000000000002274	TimeIntervals	Lick
661.8595	0.06674999999995634	TimeIntervals	Lick
661.9595	0.1334999999999127	TimeIntervals	Lick
662.3265000000001	0.06649999999990541	TimeIntervals	Lick
662.593	0.2667500000001155	TimeIntervals	Lick
665.6602499999999	0.10000000000013642	TimeIntervals	Lick
676.8285000000001	0.09999999999990905	TimeIntervals	Lick
676.9620000000001	0.06649999999979173	TimeIntervals	Lick
677.062	0.10000000000013642	TimeIntervals	Lick
677.2285	0.10000000000002274	TimeIntervals	Lick
677.3620000000001	0.10000000000002274	TimeIntervals	Lick
677.49525	0.06674999999995634	TimeIntervals	Lick
677.5955	0.10000000000013642	TimeIntervals	Lick
677.7287500000002	0.06674999999984266	TimeIntervals	Lick
677.8287500000001	0.09999999999990905	TimeIntervals	Lick
677.9620000000001	0.09999999999990905	TimeIntervals	Lick
678.0955	0.23325000000011187	TimeIntervals	Lick
678.3620000000001	0.10000000000002274	TimeIntervals	Lick
678.4955	0.0665000000000191	TimeIntervals	Lick
678.5955	0.10000000000013642	TimeIntervals	Lick
678.7290000000002	0.09999999999990905	TimeIntervals	Lick
678.8622500000001	0.06674999999995634	TimeIntervals	Lick
678.96225	0.10000000000002274	TimeIntervals	Lick
679.0955	0.10000000000013642	TimeIntervals	Lick
679.2290000000002	0.09999999999990905	TimeIntervals	Lick
679.3622500000001	0.09999999999990905	TimeIntervals	Reward
679.4955	0.4002500000001419	TimeIntervals	Lick
679.9290000000001	0.3000000000000682	TimeIntervals	Lick
680.2625000000002	0.09999999999990905	TimeIntervals	Lick
680.3957500000001	0.1999999999999318	TimeIntervals	Lick
680.629	0.10000000000013642	TimeIntervals	Lick
680.7625000000002	0.3334999999998445	TimeIntervals	Lick
681.12925	0.10000000000002274	TimeIntervals	Lick
681.2625000000002	0.09999999999990905	TimeIntervals	Lick
681.3960000000001	0.10000000000002274	TimeIntervals	Lick
681.52925	0.09999999999990905	TimeIntervals	Lick
681.6625	0.20000000000004547	TimeIntervals	Lick
681.8960000000001	0.36674999999991087	TimeIntervals	Lick
682.2960000000002	0.09999999999990905	TimeIntervals	Lick
682.4295000000001	0.10000000000002274	TimeIntervals	Lick
682.5627499999999	0.13324999999997544	TimeIntervals	Lick
682.7295	0.09999999999990905	TimeIntervals	Lick
682.8627500000001	0.06674999999995634	TimeIntervals	Lick
682.9960000000001	0.06674999999995634	TimeIntervals	Lick
683.7962500000001	0.09999999999990905	TimeIntervals	Lick
684.263	0.10000000000013642	TimeIntervals	Lick
684.42975	0.09999999999990905	TimeIntervals	Lick
684.6297500000001	0.10000000000002274	TimeIntervals	Lick
684.82975	0.10000000000002274	TimeIntervals	Lick
685.6965	0.10000000000013642	TimeIntervals	Lick
695.898	0.10000000000002274	TimeIntervals	Lick
696.0315	0.06649999999990541	TimeIntervals	Lick
696.16475	0.10025000000007367	TimeIntervals	Lick
696.29825	0.10000000000013642	TimeIntervals	Lick
696.4315	0.10000000000002274	TimeIntervals	Lick
696.565	0.20000000000004547	TimeIntervals	Lick
696.79825	0.10000000000013642	TimeIntervals	Lick
696.9315	0.10000000000002274	TimeIntervals	Lick
697.065	0.10000000000002274	TimeIntervals	Lick
697.19825	0.20024999999998272	TimeIntervals	Lick
697.4317500000001	0.10000000000002274	TimeIntervals	Lick
697.565	0.20000000000004547	TimeIntervals	Lick
697.7985000000001	0.09999999999990905	TimeIntervals	Lick
697.9317500000001	0.10000000000002274	TimeIntervals	Lick
698.065	0.10000000000002274	TimeIntervals	Lick
698.1985	0.10000000000013642	TimeIntervals	Lick
698.3317500000002	0.09999999999990905	TimeIntervals	Lick
698.4317500000001	0.06674999999995634	TimeIntervals	Reward
698.465	0.30025000000000546	TimeIntervals	Lick
698.7985000000001	0.33349999999995816	TimeIntervals	Lick
699.16525	0.06674999999995634	TimeIntervals	Lick
699.26525	0.10000000000013642	TimeIntervals	Lick
699.3985	0.10000000000002274	TimeIntervals	Lick
699.532	0.33350000000007185	TimeIntervals	Lick
699.8987500000001	0.09999999999990905	TimeIntervals	Lick
700.032	0.10000000000002274	TimeIntervals	Lick
700.1655000000001	0.10000000000002274	TimeIntervals	Lick
700.29875	0.23324999999999818	TimeIntervals	Lick
700.5655000000002	0.09999999999990905	TimeIntervals	Lick
700.6990000000001	0.10000000000013642	TimeIntervals	Lick
700.83225	0.09999999999990905	TimeIntervals	Lick
700.9655	0.10000000000013642	TimeIntervals	Lick
701.099	0.13324999999997544	TimeIntervals	Lick
701.2655000000001	0.10000000000002274	TimeIntervals	Lick
701.3990000000001	0.13324999999997544	TimeIntervals	Lick
702.0325	0.0665000000000191	TimeIntervals	Lick
702.6657500000001	0.10000000000002274	TimeIntervals	Lick
702.7990000000002	0.10024999999995998	TimeIntervals	Lick
702.9325	0.13350000000014006	TimeIntervals	Lick
703.09925	0.10000000000013642	TimeIntervals	Lick
703.7992500000001	0.10000000000002274	TimeIntervals	Lick
717.0345	0.06675000000007003	TimeIntervals	Lick
717.168	0.06675000000007003	TimeIntervals	Lick
717.3015000000001	0.0665000000000191	TimeIntervals	Lick
717.4015	0.09999999999990905	TimeIntervals	Lick
717.53475	0.10000000000002274	TimeIntervals	Lick
717.668	0.10000000000002274	TimeIntervals	Lick
717.8015000000001	0.1999999999998181	TimeIntervals	Lick
718.03475	0.10000000000002274	TimeIntervals	Lick
718.168	0.10025000000007367	TimeIntervals	Lick
718.3015000000001	0.09999999999990905	TimeIntervals	Lick
718.435	0.09999999999990905	TimeIntervals	Lick
718.5682500000001	0.1999999999999318	TimeIntervals	Lick
718.8015000000001	0.09999999999990905	TimeIntervals	Lick
718.935	0.3332500000001346	TimeIntervals	Lick
719.3015000000001	0.23349999999970805	TimeIntervals	Lick
719.4685	0.10000000000002274	TimeIntervals	Reward
719.5685	0.3000000000000682	TimeIntervals	Lick
719.90175	0.43325000000015734	TimeIntervals	Lick
720.3685	0.09999999999990905	TimeIntervals	Lick
720.502	0.20000000000015916	TimeIntervals	Lick
720.7352500000001	0.10000000000002274	TimeIntervals	Lick
720.8685	0.1999999999999318	TimeIntervals	Lick
721.1020000000001	0.10000000000002274	TimeIntervals	Lick
721.2352500000001	0.10000000000002274	TimeIntervals	Lick
721.3685	0.09999999999990905	TimeIntervals	Lick
721.502	0.5335000000000036	TimeIntervals	Lick
722.06875	0.10000000000013642	TimeIntervals	Lick
722.2020000000001	0.09999999999990905	TimeIntervals	Lick
722.3355000000001	0.13324999999986176	TimeIntervals	Lick
722.502	0.06675000000007003	TimeIntervals	Lick
722.6355000000001	0.1334999999999127	TimeIntervals	Lick
722.8022500000001	0.10000000000002274	TimeIntervals	Lick
722.9354999999999	0.13350000000002638	TimeIntervals	Lick
723.50225	0.10000000000002274	TimeIntervals	Lick
724.6025000000001	0.0665000000000191	TimeIntervals	Lick
727.7695000000001	0.10000000000002274	TimeIntervals	Lick
737.53775	0.06675000000007003	TimeIntervals	Lick
737.63775	0.10000000000002274	TimeIntervals	Lick
737.8045000000001	0.10000000000002274	TimeIntervals	Lick
737.9377499999999	0.10024999999995998	TimeIntervals	Lick
738.138	0.06649999999990541	TimeIntervals	Lick
738.3045000000001	0.10000000000002274	TimeIntervals	Lick
738.47125	0.09999999999990905	TimeIntervals	Lick
738.638	0.06649999999990541	TimeIntervals	Lick
738.7712500000001	0.10000000000002274	TimeIntervals	Lick
738.9045000000001	0.09999999999990905	TimeIntervals	Lick
739.0379999999999	0.10000000000013642	TimeIntervals	Lick
739.1715000000002	0.10000000000002274	TimeIntervals	Lick
739.3047500000001	0.09999999999990905	TimeIntervals	Lick
739.438	0.09999999999990905	TimeIntervals	Lick
739.5715	0.10000000000013642	TimeIntervals	Lick
739.70475	0.10000000000013642	TimeIntervals	Lick
739.8380000000001	0.09999999999990905	TimeIntervals	Lick
739.9715	0.10000000000002274	TimeIntervals	Lick
740.138	0.06700000000000728	TimeIntervals	Lick
740.2715000000002	0.06674999999984266	TimeIntervals	Lick
740.3715000000001	0.09999999999990905	TimeIntervals	Lick
740.5050000000001	0.09999999999979536	TimeIntervals	Lick
740.6382500000001	0.10000000000002274	TimeIntervals	Lick
740.7715000000002	0.09999999999990905	TimeIntervals	Lick
740.9382500000002	0.09999999999990905	TimeIntervals	Lick
741.0715	0.2335000000001628	TimeIntervals	Lick
741.3385	0.20000000000004547	TimeIntervals	Lick
741.5717500000001	0.13324999999997544	TimeIntervals	Lick
741.7385000000002	0.09999999999979536	TimeIntervals	Lick
741.8717500000002	0.09999999999979536	TimeIntervals	Lick
742.0050000000001	0.1334999999999127	TimeIntervals	Lick
742.17175	0.10000000000013642	TimeIntervals	Lick
742.3050000000002	0.09999999999990905	TimeIntervals	Lick
742.4385000000002	0.1334999999999127	TimeIntervals	Lick
742.6385	0.10000000000013642	TimeIntervals	Lick
742.8052500000001	0.13325000000008913	TimeIntervals	Lick
742.972	0.10000000000013642	TimeIntervals	Lick
743.10525	0.10000000000013642	TimeIntervals	Lick
743.2385000000002	0.09999999999979536	TimeIntervals	Lick
743.3720000000002	0.09999999999979536	TimeIntervals	Lick
743.5387499999999	0.10000000000013642	TimeIntervals	Lick
743.73875	0.10000000000002274	TimeIntervals	Lick
743.9055	0.10000000000013642	TimeIntervals	Lick
744.0720000000001	0.1334999999999127	TimeIntervals	Lick
746.1390000000001	0.09999999999990905	TimeIntervals	Lick
746.2725000000002	0.10000000000013642	TimeIntervals	Lick
746.50575	0.06674999999995634	TimeIntervals	Lick
746.7057500000001	0.10024999999995998	TimeIntervals	Lick
746.93925	0.09999999999990905	TimeIntervals	Lick
747.2392500000001	0.09999999999990905	TimeIntervals	Lick
747.4060000000001	0.06649999999979173	TimeIntervals	Lick
747.506	0.10000000000002274	TimeIntervals	Lick
747.6392500000001	0.10000000000002274	TimeIntervals	Lick
747.7725000000002	0.10000000000013642	TimeIntervals	Lick
747.9060000000001	0.09999999999990905	TimeIntervals	Lick
748.0395000000001	0.10000000000002274	TimeIntervals	Lick
748.1727500000001	0.10000000000002274	TimeIntervals	Lick
748.306	0.2335000000000491	TimeIntervals	Lick
748.5395000000001	0.10000000000002274	TimeIntervals	Reward
748.5727499999999	0.10000000000013642	TimeIntervals	Lick
748.706	0.10000000000002274	TimeIntervals	Lick
748.8395	0.6667499999999791	TimeIntervals	Lick
749.5395000000001	0.10000000000002274	TimeIntervals	Lick
749.6730000000001	0.06649999999990541	TimeIntervals	Lick
749.7730000000001	0.10000000000002274	TimeIntervals	Lick
749.9062500000001	0.09999999999990905	TimeIntervals	Lick
750.0395000000001	0.33350000000007185	TimeIntervals	Lick
750.4065000000002	0.09999999999979536	TimeIntervals	Lick
750.53975	0.5332499999999527	TimeIntervals	Lick
751.1065000000001	0.09999999999990905	TimeIntervals	Lick
751.54	0.10000000000013642	TimeIntervals	Lick
751.7065	0.10000000000002274	TimeIntervals	Lick
752.04	0.06650000000013279	TimeIntervals	Lick
764.34175	0.06674999999995634	TimeIntervals	Lick
764.442	0.10000000000002274	TimeIntervals	Lick
764.57525	0.06674999999995634	TimeIntervals	Lick
764.7420000000001	0.10000000000002274	TimeIntervals	Lick
764.9085	0.09999999999990905	TimeIntervals	Lick
765.07525	0.10000000000002274	TimeIntervals	Lick
765.2085000000001	0.10000000000013642	TimeIntervals	Lick
765.442	0.06649999999990541	TimeIntervals	Lick
765.542	0.09999999999990905	TimeIntervals	Lick
765.7087500000001	0.10000000000002274	TimeIntervals	Lick
765.8420000000001	0.09999999999990905	TimeIntervals	Lick
765.9754999999999	0.10000000000013642	TimeIntervals	Lick
766.10875	0.10000000000013642	TimeIntervals	Lick
766.2420000000001	0.10000000000002274	TimeIntervals	Lick
766.3755000000001	0.1999999999999318	TimeIntervals	Lick
766.609	1.13350000000014	TimeIntervals	Lick
766.609	0.10000000000013642	TimeIntervals	Reward
767.77575	0.20000000000004547	TimeIntervals	Lick
768.009	0.20000000000015916	TimeIntervals	Lick
768.2425000000002	0.09999999999990905	TimeIntervals	Lick
768.3757500000002	0.4667499999999336	TimeIntervals	Lick
768.8760000000002	0.09999999999979536	TimeIntervals	Lick
769.0092500000001	0.09999999999990905	TimeIntervals	Lick
769.1425	0.10000000000013642	TimeIntervals	Lick
769.276	0.10000000000025011	TimeIntervals	Lick
769.40925	0.10000000000002274	TimeIntervals	Lick
769.5424999999999	0.10000000000013642	TimeIntervals	Lick
769.976	0.10000000000002274	TimeIntervals	Lick
770.1095	0.10000000000002274	TimeIntervals	Lick
771.0762500000001	0.06674999999995634	TimeIntervals	Lick
784.7450000000001	0.09999999999990905	TimeIntervals	Lick
785.7117500000002	0.06674999999995634	TimeIntervals	Lick
785.8117500000001	0.09999999999990905	TimeIntervals	Lick
786.11175	0.10000000000013642	TimeIntervals	Lick
786.2450000000001	0.09999999999990905	TimeIntervals	Lick
786.3785000000001	0.06674999999972897	TimeIntervals	Lick
786.4785	0.06674999999995634	TimeIntervals	Lick
786.5785	0.10000000000013642	TimeIntervals	Lick
786.7120000000001	0.0665000000000191	TimeIntervals	Lick
786.8120000000001	0.09999999999979536	TimeIntervals	Lick
786.9452499999999	0.06675000000018372	TimeIntervals	Lick
787.04525	0.10000000000002274	TimeIntervals	Lick
787.1785000000001	0.33349999999995816	TimeIntervals	Lick
787.5455000000001	0.43325000000004366	TimeIntervals	Lick
787.6787500000002	0.06674999999995634	TimeIntervals	Reward
788.0120000000001	0.4334999999998672	TimeIntervals	Lick
788.4787500000001	0.1002499999998463	TimeIntervals	Lick
788.6122500000001	0.06674999999995634	TimeIntervals	Lick
788.71225	0.10000000000002274	TimeIntervals	Lick
788.8455000000001	0.09999999999979536	TimeIntervals	Lick
788.9790000000002	0.1999999999999318	TimeIntervals	Lick
789.21225	0.60024999999996	TimeIntervals	Lick
789.8457500000001	0.09999999999990905	TimeIntervals	Lick
789.9790000000002	0.09999999999979536	TimeIntervals	Lick
790.1457500000001	0.06674999999995634	TimeIntervals	Lick
790.2790000000001	0.06674999999995634	TimeIntervals	Lick
790.6125000000001	0.0665000000000191	TimeIntervals	Lick
791.3792500000001	0.06674999999984266	TimeIntervals	Lick
793.8130000000001	0.09999999999979536	TimeIntervals	Lick
796.58	0.10000000000013642	TimeIntervals	Lick
796.7135	0.10000000000013642	TimeIntervals	Lick
798.9805	0.10000000000002274	TimeIntervals	Lick
799.147	0.10000000000013642	TimeIntervals	Lick
802.6142500000001	0.6335000000000264	TimeIntervals	Lick
803.2810000000001	0.06675000000007003	TimeIntervals	Lick
803.3810000000002	0.09999999999979536	TimeIntervals	Lick
803.6145	0.10000000000002274	TimeIntervals	Lick
803.7810000000001	0.10000000000013642	TimeIntervals	Lick
803.948	0.10000000000002274	TimeIntervals	Lick
804.1480000000001	0.06649999999990541	TimeIntervals	Lick
817.7165	0.10000000000002274	TimeIntervals	Lick
817.85	0.06650000000013279	TimeIntervals	Lick
818.81675	0.10000000000002274	TimeIntervals	Lick
819.1500000000001	0.09999999999990905	TimeIntervals	Lick
819.2835000000001	0.10000000000002274	TimeIntervals	Lick
819.4502499999999	0.10000000000013642	TimeIntervals	Lick
819.5835	0.10000000000013642	TimeIntervals	Lick
819.7502499999999	0.10000000000002274	TimeIntervals	Lick
819.7502499999999	0.06675000000007003	TimeIntervals	Reward
819.8835000000001	0.39999999999997726	TimeIntervals	Lick
820.317	0.6335000000000264	TimeIntervals	Lick
820.98375	0.10000000000013642	TimeIntervals	Lick
821.1170000000001	0.1999999999999318	TimeIntervals	Lick
821.3505	0.20000000000015916	TimeIntervals	Lick
821.5840000000002	0.09999999999990905	TimeIntervals	Lick
821.71725	0.10000000000002274	TimeIntervals	Lick
821.8505	0.10000000000002274	TimeIntervals	Lick
821.984	0.10000000000013642	TimeIntervals	Lick
822.1172500000001	0.09999999999990905	TimeIntervals	Lick
822.2505000000001	0.09999999999990905	TimeIntervals	Lick
822.3840000000001	0.09999999999990905	TimeIntervals	Lick
822.5172499999999	0.10000000000025011	TimeIntervals	Lick
822.6840000000001	0.06675000000007003	TimeIntervals	Lick
823.1175	0.06650000000013279	TimeIntervals	Lick
824.351	0.03325000000018008	TimeIntervals	Lick
839.75325	0.06675000000007003	TimeIntervals	Lick
840.88675	0.20000000000015916	TimeIntervals	Lick
841.5870000000001	0.06649999999990541	TimeIntervals	Lick
841.7202500000001	0.10000000000002274	TimeIntervals	Lick
841.8870000000001	0.09999999999990905	TimeIntervals	Lick
842.0535	0.10000000000002274	TimeIntervals	Lick
842.187	0.10000000000013642	TimeIntervals	Lick
842.3202500000001	0.10024999999995998	TimeIntervals	Lick
842.4537499999999	0.10000000000013642	TimeIntervals	Lick
842.5870000000001	0.09999999999990905	TimeIntervals	Lick
842.75375	0.10000000000025011	TimeIntervals	Lick
842.8870000000001	0.09999999999990905	TimeIntervals	Lick
843.0205	0.10000000000002274	TimeIntervals	Lick
843.15375	0.06675000000018372	TimeIntervals	Lick
843.2870000000001	0.09999999999990905	TimeIntervals	Lick
843.4205000000001	0.09999999999990905	TimeIntervals	Lick
843.5540000000001	0.1999999999999318	TimeIntervals	Lick
843.8205000000002	0.06674999999984266	TimeIntervals	Lick
843.9205000000001	0.13350000000002638	TimeIntervals	Lick
844.08725	0.10000000000002274	TimeIntervals	Lick
844.2205000000001	0.10000000000002274	TimeIntervals	Lick
844.3540000000002	0.09999999999968168	TimeIntervals	Lick
844.4872500000001	0.09999999999990905	TimeIntervals	Lick
844.6205	0.13350000000002638	TimeIntervals	Lick
844.8207500000001	0.09999999999979536	TimeIntervals	Lick
844.9539999999998	0.10000000000025011	TimeIntervals	Lick
845.0875000000001	0.09999999999990905	TimeIntervals	Lick
845.2875	0.10000000000013642	TimeIntervals	Lick
845.4875000000001	0.10000000000002274	TimeIntervals	Lick
845.62075	0.1334999999999127	TimeIntervals	Lick
845.7875	0.10000000000013642	TimeIntervals	Lick
845.9542499999999	0.10000000000002274	TimeIntervals	Lick
846.0875000000001	0.09999999999990905	TimeIntervals	Lick
846.2210000000001	0.09999999999979536	TimeIntervals	Lick
846.3542500000002	0.09999999999968168	TimeIntervals	Lick
846.5542499999999	0.13325000000008913	TimeIntervals	Lick
846.75425	0.06674999999995634	TimeIntervals	Lick
846.8877500000001	0.09999999999990905	TimeIntervals	Lick
847.0877500000001	0.09999999999979536	TimeIntervals	Lick
849.288	0.10000000000013642	TimeIntervals	Lick
849.7215000000001	0.09999999999990905	TimeIntervals	Lick
849.9214999999999	0.06650000000024647	TimeIntervals	Lick
850.0215	0.10000000000013642	TimeIntervals	Lick
850.1550000000001	0.10000000000002274	TimeIntervals	Lick
850.28825	0.10000000000013642	TimeIntervals	Lick
850.4214999999999	0.06675000000018372	TimeIntervals	Lick
850.5215	0.10000000000013642	TimeIntervals	Lick
850.6550000000001	0.10000000000002274	TimeIntervals	Lick
850.78825	0.10000000000013642	TimeIntervals	Reward
850.78825	0.10000000000013642	TimeIntervals	Lick
850.9214999999999	0.30025000000011914	TimeIntervals	Lick
851.2550000000001	0.06674999999995634	TimeIntervals	Lick
851.3550000000001	0.1999999999998181	TimeIntervals	Lick
851.5885	0.10000000000002274	TimeIntervals	Lick
851.72175	0.1999999999998181	TimeIntervals	Lick
851.9549999999999	0.10000000000002274	TimeIntervals	Lick
852.0885	0.33349999999995816	TimeIntervals	Lick
852.45525	0.09999999999990905	TimeIntervals	Lick
852.5885	0.10000000000002274	TimeIntervals	Lick
852.7220000000001	0.10000000000002274	TimeIntervals	Lick
852.8552500000001	0.2332499999998845	TimeIntervals	Lick
853.1220000000002	0.09999999999990905	TimeIntervals	Lick
853.2552500000002	0.09999999999990905	TimeIntervals	Lick
853.3885	0.10024999999995998	TimeIntervals	Lick
853.522	0.10000000000013642	TimeIntervals	Lick
854.5554999999999	0.10000000000002274	TimeIntervals	Lick
856.15575	0.06674999999995634	TimeIntervals	Lick
856.2890000000001	0.06675000000007003	TimeIntervals	Lick
857.4559999999999	0.10000000000013642	TimeIntervals	Lick
859.2230000000001	0.5665000000000191	TimeIntervals	Lick
860.7565000000001	0.10000000000002274	TimeIntervals	Lick
867.6910000000001	0.06649999999990541	TimeIntervals	Lick
868.091	0.10000000000013642	TimeIntervals	Lick
868.991	0.06675000000007003	TimeIntervals	Lick
869.8577500000001	0.06674999999984266	TimeIntervals	Lick
869.99125	0.06674999999995634	TimeIntervals	Lick
870.09125	0.10000000000002274	TimeIntervals	Lick
870.2245000000001	0.06675000000007003	TimeIntervals	Lick
870.3245000000001	0.09999999999990905	TimeIntervals	Lick
870.458	0.10000000000002274	TimeIntervals	Lick
870.59125	0.06675000000018372	TimeIntervals	Lick
870.69125	0.20000000000015916	TimeIntervals	Lick
870.9245	0.10025000000007367	TimeIntervals	Lick
871.058	0.10000000000013642	TimeIntervals	Lick
871.1915	0.10000000000013642	TimeIntervals	Lick
871.32475	0.10000000000013642	TimeIntervals	Lick
871.458	0.10000000000002274	TimeIntervals	Lick
871.5915	0.10000000000002274	TimeIntervals	Lick
871.72475	0.23324999999999818	TimeIntervals	Lick
871.8580000000001	0.06675000000007003	TimeIntervals	Reward
871.9915000000001	0.16674999999997908	TimeIntervals	Lick
872.1915	0.20000000000015916	TimeIntervals	Lick
872.4250000000001	0.10000000000002274	TimeIntervals	Lick
872.55825	0.10000000000002274	TimeIntervals	Lick
872.6915	0.20000000000015916	TimeIntervals	Lick
872.9250000000001	0.10000000000002274	TimeIntervals	Lick
873.05825	0.10000000000002274	TimeIntervals	Lick
873.1915	0.10025000000018736	TimeIntervals	Lick
873.3249999999999	0.20000000000015916	TimeIntervals	Lick
873.5585000000001	0.10000000000002274	TimeIntervals	Lick
873.69175	0.10000000000025011	TimeIntervals	Lick
873.8249999999999	0.10000000000013642	TimeIntervals	Lick
873.9584999999998	0.10000000000025011	TimeIntervals	Lick
874.09175	0.09999999999990905	TimeIntervals	Lick
874.225	0.10024999999995998	TimeIntervals	Lick
874.3585000000002	0.09999999999968168	TimeIntervals	Lick
874.4920000000001	0.10000000000002274	TimeIntervals	Lick
874.6252499999999	0.13324999999997544	TimeIntervals	Lick
874.7920000000001	0.10000000000002274	TimeIntervals	Lick
874.92525	0.06675000000007003	TimeIntervals	Lick
876.15875	0.09999999999990905	TimeIntervals	Lick
876.6922500000001	0.10000000000013642	TimeIntervals	Lick
879.926	0.06674999999984266	TimeIntervals	Lick
883.09325	0.06674999999995634	TimeIntervals	Lick
885.22675	0.10025000000007367	TimeIntervals	Lick
885.3935	0.10000000000002274	TimeIntervals	Lick
886.3270000000001	0.5	TimeIntervals	Lick
886.8937500000001	0.40000000000009095	TimeIntervals	Lick
887.3270000000001	0.20024999999975535	TimeIntervals	Lick
887.6272499999999	1.20025000000021	TimeIntervals	Lick
888.86075	0.16674999999997908	TimeIntervals	Lick
889.1607500000001	0.033249999999952706	TimeIntervals	Lick
889.2607499999999	0.36675000000002456	TimeIntervals	Lick
889.7275000000001	0.06675000000007003	TimeIntervals	Lick
889.8610000000001	0.1999999999999318	TimeIntervals	Lick
890.1610000000002	0.09999999999979536	TimeIntervals	Lick
890.3275000000001	0.33350000000007185	TimeIntervals	Lick
890.69425	0.2002500000000964	TimeIntervals	Lick
891.02775	0.13325000000020282	TimeIntervals	Lick
891.1945000000001	0.16650000000004184	TimeIntervals	Lick
891.4945	0.10000000000013642	TimeIntervals	Lick
891.62775	0.13324999999997544	TimeIntervals	Lick
891.7945	0.2335000000000491	TimeIntervals	Lick
892.0945000000002	0.23349999999993543	TimeIntervals	Lick
892.3945000000001	0.06674999999995634	TimeIntervals	Lick
892.4945	0.2999999999999545	TimeIntervals	Lick
892.86125	0.1334999999999127	TimeIntervals	Lick
893.0615	0.23324999999999818	TimeIntervals	Lick
893.49475	0.13325000000008913	TimeIntervals	Lick
893.79475	0.10000000000002274	TimeIntervals	Lick
894.1615	0.33349999999995816	TimeIntervals	Lick
894.52825	0.13325000000008913	TimeIntervals	Lick
894.695	0.39999999999997726	TimeIntervals	Lick
895.12825	0.10025000000018736	TimeIntervals	Lick
895.3617500000001	0.09999999999990905	TimeIntervals	Lick
895.66175	0.10000000000002274	TimeIntervals	Lick
895.795	0.10000000000013642	TimeIntervals	Lick
895.96175	0.10000000000002274	TimeIntervals	Lick
896.1285000000001	0.4334999999998672	TimeIntervals	Lick
896.5952500000001	0.10000000000002274	TimeIntervals	Lick
896.7285000000002	0.1667499999998654	TimeIntervals	Lick
896.962	0.10000000000002274	TimeIntervals	Lick
897.1952500000001	0.3334999999998445	TimeIntervals	Lick
897.62875	0.06675000000018372	TimeIntervals	Lick
897.7287500000001	0.09999999999990905	TimeIntervals	Lick
897.8620000000001	0.09999999999990905	TimeIntervals	Lick
898.02875	0.10000000000002274	TimeIntervals	Lick
898.1955000000002	0.09999999999990905	TimeIntervals	Lick
898.3955000000001	0.09999999999990905	TimeIntervals	Lick
898.6955000000002	0.09999999999990905	TimeIntervals	Lick
898.96225	0.10000000000002274	TimeIntervals	Lick
899.0955000000001	0.10000000000002274	TimeIntervals	Lick
899.2290000000002	0.1999999999999318	TimeIntervals	Lick
899.46225	0.10024999999995998	TimeIntervals	Lick
899.5957500000001	0.2332499999998845	TimeIntervals	Lick
899.8625000000001	0.10000000000002274	TimeIntervals	Lick
899.9290000000001	0.06674999999995634	TimeIntervals	Reward
899.99575	0.10000000000002274	TimeIntervals	Lick
900.129	0.16675000000009277	TimeIntervals	Lick
900.329	0.20000000000004547	TimeIntervals	Lick
900.5625	0.1999999999999318	TimeIntervals	Lick
900.8292500000001	0.06674999999995634	TimeIntervals	Lick
900.9292499999999	0.10000000000013642	TimeIntervals	Lick
901.0625	0.06674999999995634	TimeIntervals	Lick
901.1625	0.20000000000004547	TimeIntervals	Lick
901.3960000000001	0.10000000000002274	TimeIntervals	Lick
901.52925	0.33350000000018554	TimeIntervals	Lick
901.8960000000001	0.10000000000002274	TimeIntervals	Lick
902.0295000000001	0.3332500000001346	TimeIntervals	Lick
902.4295000000001	0.10000000000002274	TimeIntervals	Lick
902.596	0.06674999999995634	TimeIntervals	Lick
902.6959999999999	0.26700000000016644	TimeIntervals	Lick
902.99625	0.10000000000002274	TimeIntervals	Lick
903.9295000000001	0.1002499999998463	TimeIntervals	Lick
904.42975	0.09999999999990905	TimeIntervals	Lick
904.5965	0.10000000000002274	TimeIntervals	Lick
906.43	0.10000000000002274	TimeIntervals	Lick
906.59675	0.06674999999995634	TimeIntervals	Lick
906.79675	0.10000000000013642	TimeIntervals	Lick
906.93	0.10000000000002274	TimeIntervals	Lick
907.09675	0.10000000000002274	TimeIntervals	Lick
907.2635	0.10000000000025011	TimeIntervals	Lick
907.5302499999999	0.10000000000025011	TimeIntervals	Lick
907.6635	0.10000000000002274	TimeIntervals	Lick
907.7969999999999	0.10000000000013642	TimeIntervals	Lick
907.9302499999999	0.10000000000002274	TimeIntervals	Lick
908.0635	0.10000000000002274	TimeIntervals	Lick
908.197	0.0665000000000191	TimeIntervals	Lick
908.3305	0.09999999999990905	TimeIntervals	Lick
908.46375	0.09999999999990905	TimeIntervals	Lick
908.597	0.10000000000002274	TimeIntervals	Lick
908.7305	0.10000000000002274	TimeIntervals	Lick
908.897	0.10000000000013642	TimeIntervals	Lick
909.2637500000001	0.10000000000013642	TimeIntervals	Lick
909.397	0.10024999999995998	TimeIntervals	Lick
909.59725	0.13324999999997544	TimeIntervals	Lick
909.7972500000001	0.09999999999990905	TimeIntervals	Lick
909.964	0.09999999999979536	TimeIntervals	Lick
910.5639999999999	0.13350000000014006	TimeIntervals	Lick
912.7645000000001	0.06649999999990541	TimeIntervals	Lick
913.131	0.13350000000014006	TimeIntervals	Lick
916.3650000000001	0.09999999999990905	TimeIntervals	Lick
916.4982500000001	0.09999999999990905	TimeIntervals	Lick
916.6315000000001	0.10000000000002274	TimeIntervals	Lick
916.7650000000001	0.06649999999990541	TimeIntervals	Lick
916.8982500000002	0.09999999999990905	TimeIntervals	Lick
917.0315	0.06674999999995634	TimeIntervals	Lick
917.1315000000001	0.10024999999995998	TimeIntervals	Lick
917.2650000000001	0.06674999999984266	TimeIntervals	Lick
917.3650000000001	0.1999999999998181	TimeIntervals	Lick
917.5985	0.10000000000002274	TimeIntervals	Lick
917.73175	0.06675000000007003	TimeIntervals	Lick
917.8317499999999	0.10000000000013642	TimeIntervals	Lick
917.965	0.09999999999990905	TimeIntervals	Lick
917.965	0.09999999999990905	TimeIntervals	Reward
918.0985	0.20000000000015916	TimeIntervals	Lick
918.3320000000001	0.06649999999990541	TimeIntervals	Lick
918.432	0.20000000000004547	TimeIntervals	Lick
918.66525	0.10000000000002274	TimeIntervals	Lick
918.7985000000001	0.33349999999995816	TimeIntervals	Lick
919.16525	0.10000000000002274	TimeIntervals	Lick
919.2985000000001	0.2002500000000964	TimeIntervals	Lick
919.532	0.10000000000002274	TimeIntervals	Lick
919.6655000000001	0.10000000000002274	TimeIntervals	Lick
919.79875	0.10000000000002274	TimeIntervals	Lick
919.932	0.10000000000002274	TimeIntervals	Lick
920.0655	0.10000000000002274	TimeIntervals	Lick
920.19875	0.10000000000002274	TimeIntervals	Lick
920.3320000000001	0.09999999999990905	TimeIntervals	Lick
920.4655	0.10000000000002274	TimeIntervals	Lick
920.6322500000001	0.09999999999990905	TimeIntervals	Lick
920.7655000000001	0.10000000000002274	TimeIntervals	Lick
921.86575	0.06674999999995634	TimeIntervals	Lick
922.4325	0.0665000000000191	TimeIntervals	Lick
928.5335	0.0665000000000191	TimeIntervals	Lick
928.6667500000002	0.06674999999995634	TimeIntervals	Lick
932.134	0.10000000000002274	TimeIntervals	Lick
932.6675	0.10000000000002274	TimeIntervals	Lick
941.2020000000001	0.10000000000002274	TimeIntervals	Lick
946.10275	0.10000000000002274	TimeIntervals	Lick
946.60275	0.10000000000002274	TimeIntervals	Lick
946.8030000000001	0.06649999999990541	TimeIntervals	Lick
947.53625	0.06674999999995634	TimeIntervals	Lick
948.0365	0.09999999999990905	TimeIntervals	Lick
948.16975	0.10000000000002274	TimeIntervals	Lick
948.3030000000001	0.09999999999990905	TimeIntervals	Lick
948.4365	0.10000000000002274	TimeIntervals	Lick
948.5697500000001	0.09999999999990905	TimeIntervals	Lick
948.7030000000001	0.1999999999999318	TimeIntervals	Lick
948.9365	0.10000000000002274	TimeIntervals	Lick
949.07	0.09999999999990905	TimeIntervals	Lick
949.2032500000001	0.09999999999990905	TimeIntervals	Lick
949.3365000000001	0.09999999999990905	TimeIntervals	Lick
949.47	0.10000000000002274	TimeIntervals	Lick
949.60325	0.20000000000004547	TimeIntervals	Lick
949.8700000000001	0.09999999999990905	TimeIntervals	Lick
950.00325	0.06675000000007003	TimeIntervals	Lick
950.0365	0.10024999999995998	TimeIntervals	Reward
950.13675	0.16675000000020646	TimeIntervals	Lick
950.3367500000003	0.09999999999956799	TimeIntervals	Lick
950.47	0.3000000000000682	TimeIntervals	Lick
950.8035000000002	0.1999999999998181	TimeIntervals	Lick
951.03675	0.10000000000002274	TimeIntervals	Lick
951.17	0.10025000000007367	TimeIntervals	Lick
951.3035000000002	0.1999999999998181	TimeIntervals	Lick
951.5369999999999	0.23325000000011187	TimeIntervals	Lick
951.8035000000002	0.13349999999968531	TimeIntervals	Lick
951.9702500000001	0.10000000000002274	TimeIntervals	Lick
952.1035	0.10000000000002274	TimeIntervals	Lick
952.237	0.10000000000025011	TimeIntervals	Lick
952.3705000000001	0.10000000000002274	TimeIntervals	Lick
952.5369999999999	0.10000000000013642	TimeIntervals	Lick
952.8037500000002	0.06674999999995634	TimeIntervals	Lick
953.7372500000001	0.06674999999995634	TimeIntervals	Lick
955.0039999999999	0.10000000000025011	TimeIntervals	Lick
956.7045000000002	0.09999999999990905	TimeIntervals	Lick
965.839	0.06674999999984266	TimeIntervals	Lick
965.9389999999999	0.10000000000013642	TimeIntervals	Lick
966.0725	0.0665000000000191	TimeIntervals	Lick
968.0395	0.10000000000025011	TimeIntervals	Lick
968.6395000000002	0.09999999999979536	TimeIntervals	Lick
969.5062500000001	0.09999999999979536	TimeIntervals	Lick
970.3065	0.10000000000002274	TimeIntervals	Lick
971.1400000000001	0.09999999999990905	TimeIntervals	Lick
973.1735	0.06675000000018372	TimeIntervals	Lick
973.307	0.06650000000024647	TimeIntervals	Lick
973.5070000000001	0.06649999999990541	TimeIntervals	Lick
973.7402500000002	0.09999999999979536	TimeIntervals	Lick
973.9402499999999	0.10000000000013642	TimeIntervals	Lick
974.0735	0.10000000000002274	TimeIntervals	Lick
974.207	0.0665000000000191	TimeIntervals	Lick
974.307	0.10000000000002274	TimeIntervals	Lick
974.4404999999998	0.10000000000013642	TimeIntervals	Lick
974.5737499999999	0.10000000000002274	TimeIntervals	Lick
974.707	0.10000000000002274	TimeIntervals	Lick
974.8405	0.0665000000000191	TimeIntervals	Lick
974.9404999999998	0.10000000000013642	TimeIntervals	Lick
975.0737499999999	0.10000000000002274	TimeIntervals	Lick
975.107	0.06674999999995634	TimeIntervals	Reward
975.207	0.06675000000007003	TimeIntervals	Lick
975.307	0.4002499999999145	TimeIntervals	Lick
975.7405000000001	0.19999999999970441	TimeIntervals	Lick
975.974	0.1999999999999318	TimeIntervals	Lick
976.2072499999999	0.10000000000002274	TimeIntervals	Lick
976.3405	0.09999999999979536	TimeIntervals	Lick
976.474	0.09999999999979536	TimeIntervals	Lick
976.6075	0.09999999999990905	TimeIntervals	Lick
976.74075	0.10000000000002274	TimeIntervals	Lick
976.8740000000001	0.09999999999990905	TimeIntervals	Lick
977.0075000000002	0.09999999999979536	TimeIntervals	Lick
977.1407500000001	0.09999999999990905	TimeIntervals	Lick
977.2740000000001	0.1334999999999127	TimeIntervals	Lick
977.4407499999998	0.1000000000003638	TimeIntervals	Lick
990.576	0.06675000000007003	TimeIntervals	Lick
990.843	0.10000000000002274	TimeIntervals	Lick
992.2765	0.10000000000013642	TimeIntervals	Lick
1000.911	0.1999999999999318	TimeIntervals	Lick
1001.1445000000001	0.09999999999990905	TimeIntervals	Lick
1001.311	0.06675000000007003	TimeIntervals	Lick
1001.4445000000002	0.06649999999967804	TimeIntervals	Lick
1001.5445	0.10000000000013642	TimeIntervals	Lick
1001.6777500000002	0.1002499999998463	TimeIntervals	Lick
1001.8112500000002	0.06674999999984266	TimeIntervals	Lick
1001.91125	0.09999999999990905	TimeIntervals	Lick
1002.0445	0.10000000000013642	TimeIntervals	Lick
1002.1780000000001	0.09999999999990905	TimeIntervals	Lick
1002.3112500000002	0.09999999999979536	TimeIntervals	Lick
1002.4445000000002	0.09999999999979536	TimeIntervals	Lick
1002.5780000000001	0.0665000000000191	TimeIntervals	Lick
1002.6780000000001	0.09999999999990905	TimeIntervals	Lick
1002.8112500000002	0.1002499999998463	TimeIntervals	Lick
1002.9447500000002	0.09999999999979536	TimeIntervals	Lick
1003.0780000000001	0.10000000000002274	TimeIntervals	Lick
1003.1780000000001	0.06674999999984266	TimeIntervals	Reward
1003.2115000000001	0.09999999999990905	TimeIntervals	Lick
1003.3447500000001	0.3999999999998636	TimeIntervals	Lick
1003.778	0.10000000000002274	TimeIntervals	Lick
1003.9115	0.1999999999999318	TimeIntervals	Lick
1004.145	0.10000000000013642	TimeIntervals	Lick
1004.2782500000002	0.09999999999979536	TimeIntervals	Lick
1004.4115	0.09999999999968168	TimeIntervals	Lick
1004.545	0.3332500000000209	TimeIntervals	Lick
1004.9115	0.09999999999968168	TimeIntervals	Lick
1005.045	0.13350000000025375	TimeIntervals	Lick
1005.2117500000003	0.09999999999979536	TimeIntervals	Lick
1005.345	0.10000000000002274	TimeIntervals	Lick
1005.4785	0.10000000000013642	TimeIntervals	Lick
1005.6117499999999	0.1000000000003638	TimeIntervals	Lick
1013.5795000000002	0.09999999999990905	TimeIntervals	Lick
1013.74625	0.06674999999984266	TimeIntervals	Lick
1013.913	0.06674999999995634	TimeIntervals	Lick
1014.1465	0.09999999999990905	TimeIntervals	Lick
1014.2464999999999	0.0665000000000191	TimeIntervals	Reward
1014.2797499999999	1.066750000000411	TimeIntervals	Lick
1015.3800000000001	0.1999999999999318	TimeIntervals	Lick
1015.6132500000002	0.10000000000002274	TimeIntervals	Lick
1015.7464999999999	0.20000000000015916	TimeIntervals	Lick
1015.98	0.10000000000002274	TimeIntervals	Lick
1016.1135	0.10000000000013642	TimeIntervals	Lick
1016.2467500000002	0.19999999999970441	TimeIntervals	Lick
1016.48	0.10000000000002274	TimeIntervals	Lick
1016.6135	0.10000000000013642	TimeIntervals	Lick
1016.7467500000002	0.2332499999997708	TimeIntervals	Lick
1017.0135	0.10000000000002274	TimeIntervals	Lick
1017.147	0.13325000000008913	TimeIntervals	Lick
1017.3135000000002	0.09999999999968168	TimeIntervals	Lick
1017.4802500000001	0.09999999999990905	TimeIntervals	Lick
1018.71375	0.06674999999995634	TimeIntervals	Lick
1019.2470000000002	0.0669999999997799	TimeIntervals	Lick
1034.9830000000002	0.10000000000013642	TimeIntervals	Lick
1035.4495	0.09999999999990905	TimeIntervals	Lick
1035.5830000000003	0.09999999999968168	TimeIntervals	Lick
1035.7495000000001	0.10024999999995998	TimeIntervals	Lick
1035.883	0.10000000000013642	TimeIntervals	Lick
1036.0165000000002	0.09999999999990905	TimeIntervals	Lick
1036.14975	0.09999999999990905	TimeIntervals	Lick
1036.2830000000001	0.06674999999995634	TimeIntervals	Lick
1036.383	0.10000000000013642	TimeIntervals	Lick
1036.5165000000002	0.09999999999990905	TimeIntervals	Lick
1036.64975	0.20000000000004547	TimeIntervals	Lick
1036.883	0.10025000000041473	TimeIntervals	Lick
1037.0165000000002	0.09999999999990905	TimeIntervals	Lick
1037.1499999999999	0.10000000000013642	TimeIntervals	Lick
1037.2832500000002	0.09999999999990905	TimeIntervals	Reward
1037.2832500000002	0.09999999999990905	TimeIntervals	Lick
1037.4165	0.4335000000000946	TimeIntervals	Lick
1037.88325	0.20024999999986903	TimeIntervals	Lick
1038.11675	0.10000000000013642	TimeIntervals	Lick
1038.25	0.10000000000013642	TimeIntervals	Lick
1038.3835000000001	0.1999999999998181	TimeIntervals	Lick
1038.61675	0.10000000000013642	TimeIntervals	Lick
1038.75	0.10000000000013642	TimeIntervals	Lick
1038.8835000000001	0.10000000000013642	TimeIntervals	Lick
1039.01675	0.10024999999995998	TimeIntervals	Lick
1039.1502500000001	0.10000000000013642	TimeIntervals	Lick
1039.2835	0.10000000000013642	TimeIntervals	Lick
1039.4170000000001	0.09999999999968168	TimeIntervals	Lick
1039.55025	0.10000000000013642	TimeIntervals	Lick
1039.7169999999999	0.06650000000013279	TimeIntervals	Lick
1039.8169999999998	0.1000000000003638	TimeIntervals	Lick
1040.6837500000001	0.06675000000018372	TimeIntervals	Lick
1040.9505	0.06649999999990541	TimeIntervals	Lick
1042.5175	0.06650000000013279	TimeIntervals	Lick
1051.51875	0.09999999999990905	TimeIntervals	Lick
1051.652	0.10000000000013642	TimeIntervals	Lick
1051.852	0.09999999999990905	TimeIntervals	Lick
1052.01875	0.06674999999995634	TimeIntervals	Lick
1052.21875	0.06675000000018372	TimeIntervals	Lick
1052.319	0.10000000000013642	TimeIntervals	Lick
1052.45225	0.20000000000004547	TimeIntervals	Lick
1052.6855	0.10000000000013642	TimeIntervals	Lick
1052.819	0.10000000000013642	TimeIntervals	Lick
1052.95225	0.20000000000004547	TimeIntervals	Lick
1053.1855	0.10000000000013642	TimeIntervals	Lick
1053.319	0.10000000000013642	TimeIntervals	Lick
1053.35225	0.06675000000018372	TimeIntervals	Reward
1053.4525	0.7664999999997235	TimeIntervals	Lick
1054.2525	0.06649999999990541	TimeIntervals	Lick
1054.3525	0.10000000000013642	TimeIntervals	Lick
1054.486	0.1999999999998181	TimeIntervals	Lick
1054.7192499999999	0.10000000000013642	TimeIntervals	Lick
1054.8525	0.20000000000004547	TimeIntervals	Lick
1055.086	0.09999999999990905	TimeIntervals	Lick
1055.2192499999999	0.10000000000013642	TimeIntervals	Lick
1055.3525	0.10000000000013642	TimeIntervals	Lick
1055.486	0.13349999999968531	TimeIntervals	Lick
1055.65275	0.06674999999995634	TimeIntervals	Lick
1055.75275	0.2667500000000018	TimeIntervals	Lick
1056.5195	0.06649999999990541	TimeIntervals	Lick
1056.686	0.06700000000000728	TimeIntervals	Lick
1057.08625	0.10000000000013642	TimeIntervals	Lick
1057.3195000000003	0.09999999999990905	TimeIntervals	Lick
1057.5195	0.09999999999968168	TimeIntervals	Lick
1059.1865	0.06674999999995634	TimeIntervals	Lick
1060.12	0.06675000000018372	TimeIntervals	Lick
1060.4535000000003	0.06649999999967804	TimeIntervals	Lick
1060.7867500000002	0.03324999999972533	TimeIntervals	Lick
1061.4870000000003	0.09999999999968168	TimeIntervals	Lick
1061.9870000000003	2.633749999999509	TimeIntervals	Lick
1064.6875	0.06650000000013279	TimeIntervals	Lick
1072.0885	0.10000000000013642	TimeIntervals	Lick
1072.2220000000002	0.09999999999990905	TimeIntervals	Lick
1072.35525	0.10000000000013642	TimeIntervals	Lick
1072.4885	0.10000000000013642	TimeIntervals	Lick
1072.622	0.20000000000004547	TimeIntervals	Lick
1072.85525	0.10000000000013642	TimeIntervals	Lick
1072.9885	0.20024999999986903	TimeIntervals	Lick
1073.2220000000002	0.09999999999990905	TimeIntervals	Lick
1073.3555	0.20000000000027285	TimeIntervals	Lick
1073.58875	0.09999999999990905	TimeIntervals	Lick
1073.7220000000002	0.13349999999968531	TimeIntervals	Lick
1073.88875	0.06675000000018372	TimeIntervals	Lick
1073.9887500000002	0.09999999999968168	TimeIntervals	Lick
1074.122	0.10000000000013642	TimeIntervals	Lick
1074.2555000000002	0.20000000000004547	TimeIntervals	Lick
1074.42225	0.06674999999995634	TimeIntervals	Reward
1074.489	0.2999999999999545	TimeIntervals	Lick
1074.8222500000002	0.19999999999959073	TimeIntervals	Lick
1075.0555000000002	0.09999999999990905	TimeIntervals	Lick
1075.189	0.1999999999998181	TimeIntervals	Lick
1075.4225000000001	0.09999999999968168	TimeIntervals	Lick
1075.55575	0.20000000000027285	TimeIntervals	Lick
1075.789	0.09999999999990905	TimeIntervals	Lick
1075.9225000000001	0.09999999999968168	TimeIntervals	Lick
1076.2225000000003	0.06649999999967804	TimeIntervals	Lick
1076.3225	0.10000000000013642	TimeIntervals	Lick
1076.4560000000001	0.09999999999990905	TimeIntervals	Lick
1076.5892500000002	0.09999999999968168	TimeIntervals	Lick
1076.7225000000003	0.09999999999968168	TimeIntervals	Lick
1076.88925	0.06675000000018372	TimeIntervals	Lick
1076.98925	0.06674999999995634	TimeIntervals	Lick
1077.1225	0.1000000000003638	TimeIntervals	Lick
1077.2892499999998	0.10000000000013642	TimeIntervals	Lick
1077.856	0.06675000000018372	TimeIntervals	Lick
1098.0257499999998	0.06675000000041109	TimeIntervals	Lick
1098.1257500000004	0.09999999999968168	TimeIntervals	Lick
1098.259	0.06674999999995634	TimeIntervals	Lick
1098.3925	0.1000000000003638	TimeIntervals	Lick
1098.526	0.1000000000003638	TimeIntervals	Lick
1098.6925	0.06674999999995634	TimeIntervals	Lick
1098.7924999999998	0.10000000000013642	TimeIntervals	Lick
1098.926	0.20000000000050022	TimeIntervals	Lick
1099.1592500000002	0.09999999999990905	TimeIntervals	Lick
1099.2924999999998	0.10000000000013642	TimeIntervals	Lick
1099.426	0.10000000000013642	TimeIntervals	Lick
1099.5595	0.10000000000013642	TimeIntervals	Lick
1099.69275	0.20000000000027285	TimeIntervals	Lick
1099.926	0.10000000000013642	TimeIntervals	Lick
1100.0595	0.10000000000013642	TimeIntervals	Lick
1100.19275	0.20000000000027285	TimeIntervals	Lick
1100.426	0.10000000000013642	TimeIntervals	Lick
1100.4927500000003	0.06674999999972897	TimeIntervals	Reward
1100.5595	0.2999999999999545	TimeIntervals	Lick
1100.893	0.20000000000004547	TimeIntervals	Lick
1101.1262500000003	0.09999999999990905	TimeIntervals	Lick
1101.2595000000003	0.1999999999998181	TimeIntervals	Lick
1101.4930000000002	0.09999999999990905	TimeIntervals	Lick
1101.6262500000003	0.10024999999973261	TimeIntervals	Lick
1101.7597500000002	0.09999999999990905	TimeIntervals	Lick
1101.893	0.20000000000004547	TimeIntervals	Lick
1102.1265000000003	0.09999999999968168	TimeIntervals	Lick
1102.2597500000002	0.09999999999990905	TimeIntervals	Lick
1102.393	0.10000000000013642	TimeIntervals	Lick
1102.5265	0.1000000000003638	TimeIntervals	Lick
1102.6597500000003	0.06674999999972897	TimeIntervals	Lick
1102.9265	0.09999999999990905	TimeIntervals	Lick
1103.0932500000001	0.10000000000013642	TimeIntervals	Lick
1103.9935	0.06649999999990541	TimeIntervals	Lick
1115.395	0.06674999999995634	TimeIntervals	Lick
1115.4950000000001	0.06674999999972897	TimeIntervals	Lick
1128.4305000000002	0.06649999999990541	TimeIntervals	Lick
1129.1970000000003	0.10024999999973261	TimeIntervals	Lick
1129.364	0.06650000000013279	TimeIntervals	Lick
1129.49725	0.06675000000041109	TimeIntervals	Lick
1129.5305	0.10000000000013642	TimeIntervals	Reward
1129.6640000000002	0.4332499999998163	TimeIntervals	Lick
1130.1305000000002	0.4335000000000946	TimeIntervals	Lick
1130.5975	0.20000000000004547	TimeIntervals	Lick
1130.83075	0.09999999999990905	TimeIntervals	Lick
1130.964	0.33350000000018554	TimeIntervals	Lick
1131.33075	0.10024999999995998	TimeIntervals	Lick
1131.4642500000002	0.09999999999990905	TimeIntervals	Lick
1131.5975	0.10000000000013642	TimeIntervals	Lick
1131.731	0.13325000000008913	TimeIntervals	Lick
1131.8974999999998	0.1000000000003638	TimeIntervals	Lick
1132.0310000000002	0.09999999999990905	TimeIntervals	Lick
1132.1642500000003	0.06674999999972897	TimeIntervals	Lick
1132.59775	0.06675000000063847	TimeIntervals	Lick
1132.7645	0.06650000000013279	TimeIntervals	Lick
1132.9645	0.03324999999972533	TimeIntervals	Lick
1134.2645	0.06674999999995634	TimeIntervals	Lick
1134.43125	0.09999999999990905	TimeIntervals	Lick
1143.5995	0.09999999999990905	TimeIntervals	Lick
1152.06725	0.06674999999995634	TimeIntervals	Lick
1152.2340000000002	0.033249999999952706	TimeIntervals	Lick
1152.434	0.06675000000018372	TimeIntervals	Lick
1152.5339999999999	0.10000000000013642	TimeIntervals	Lick
1152.6675	0.09999999999990905	TimeIntervals	Lick
1152.80075	0.20000000000004547	TimeIntervals	Lick
1153.0675	0.06649999999990541	TimeIntervals	Lick
1153.1675	0.09999999999990905	TimeIntervals	Lick
1153.30075	0.10024999999995998	TimeIntervals	Lick
1153.43425	0.10000000000013642	TimeIntervals	Lick
1153.5675	0.09999999999990905	TimeIntervals	Lick
1153.601	0.09999999999990905	TimeIntervals	Reward
1153.701	0.09999999999990905	TimeIntervals	Lick
1153.8342499999999	0.16675000000032014	TimeIntervals	Lick
1154.0342500000002	0.3332500000001346	TimeIntervals	Lick
1154.401	0.10000000000013642	TimeIntervals	Lick
1154.5345000000002	0.06649999999990541	TimeIntervals	Lick
1154.6345000000003	0.09999999999990905	TimeIntervals	Lick
1154.7677500000002	0.1999999999998181	TimeIntervals	Lick
1155.0010000000002	0.09999999999990905	TimeIntervals	Lick
1155.1345000000003	0.09999999999990905	TimeIntervals	Lick
1155.2677500000002	0.10000000000013642	TimeIntervals	Lick
1155.401	0.10000000000013642	TimeIntervals	Lick
1155.5345000000002	0.10000000000013642	TimeIntervals	Lick
1155.668	0.10000000000013642	TimeIntervals	Lick
1155.80125	0.09999999999990905	TimeIntervals	Lick
1155.968	0.06650000000013279	TimeIntervals	Lick
1156.268	0.033249999999952706	TimeIntervals	Lick
1156.6012500000004	0.0667499999995016	TimeIntervals	Lick
1156.73475	0.09999999999968168	TimeIntervals	Lick
1156.968	0.06674999999995634	TimeIntervals	Lick
1157.168	0.06675000000018372	TimeIntervals	Lick
1157.5015000000003	0.09999999999990905	TimeIntervals	Lick
1158.2015	0.09999999999990905	TimeIntervals	Lick
1158.4682500000001	0.06674999999995634	TimeIntervals	Lick
