onset	duration	nwb_table	event_type
6.512	0.06700000000000017	TimeIntervals	Lick
7.612250000000001	0.10024999999999817	TimeIntervals	Lick
8.4125	0.10000000000000142	TimeIntervals	Lick
8.54575	0.13324999999999854	TimeIntervals	Lick
8.812500000000002	0.09999999999999964	TimeIntervals	Lick
9.646	0.1332500000000021	TimeIntervals	Lick
9.8125	0.1335000000000015	TimeIntervals	Lick
10.646	0.16674999999999862	TimeIntervals	Lick
12.0465	0.1000000000000032	TimeIntervals	Reward
12.213000000000001	0.8667499999999997	TimeIntervals	Lick
13.113	0.3335000000000008	TimeIntervals	Lick
13.48	0.09999999999999964	TimeIntervals	Lick
13.61325	0.1999999999999993	TimeIntervals	Lick
13.8465	0.09999999999999964	TimeIntervals	Lick
13.98	0.09999999999999964	TimeIntervals	Lick
14.11325	0.10000000000000142	TimeIntervals	Lick
14.246500000000003	0.10024999999999906	TimeIntervals	Lick
14.380000000000003	0.09999999999999787	TimeIntervals	Lick
14.5135	0.09999999999999787	TimeIntervals	Lick
14.64675	0.3667499999999997	TimeIntervals	Lick
15.046750000000001	0.5334999999999983	TimeIntervals	Lick
15.613499999999998	0.10000000000000497	TimeIntervals	Lick
15.747	0.1000000000000032	TimeIntervals	Lick
15.9135	0.3667499999999979	TimeIntervals	Lick
16.3135	0.09999999999999787	TimeIntervals	Lick
16.4805	0.06649999999999778	TimeIntervals	Lick
16.613750000000003	0.09999999999999432	TimeIntervals	Lick
16.780499999999996	0.10000000000000497	TimeIntervals	Lick
16.9805	0.03324999999999889	TimeIntervals	Lick
17.247	0.4002500000000033	TimeIntervals	Lick
18.44725	0.09999999999999787	TimeIntervals	Lick
18.98075	0.06674999999999898	TimeIntervals	Lick
19.814249999999998	0.06675000000000253	TimeIntervals	Lick
20.414250000000003	0.03324999999999889	TimeIntervals	Lick
20.51425	0.29999999999999716	TimeIntervals	Lick
20.914500000000004	0.09999999999999787	TimeIntervals	Lick
21.54775	0.06675000000000253	TimeIntervals	Lick
21.681000000000004	0.09999999999999076	TimeIntervals	Lick
22.38125	0.06675000000000253	TimeIntervals	Lick
22.481250000000003	0.10000000000000142	TimeIntervals	Lick
23.11475	0.06675000000000253	TimeIntervals	Lick
23.481500000000004	0.06649999999999423	TimeIntervals	Lick
23.648000000000003	0.09999999999999787	TimeIntervals	Lick
24.248250000000002	0.09999999999999787	TimeIntervals	Lick
25.2485	0.10000000000000142	TimeIntervals	Lick
25.8485	0.06650000000000134	TimeIntervals	Lick
26.648500000000002	0.06674999999999542	TimeIntervals	Lick
27.415500000000005	0.09999999999999787	TimeIntervals	Lick
27.582	0.03350000000000364	TimeIntervals	Lick
28.348750000000003	0.09999999999999787	TimeIntervals	Lick
29.649	0.06674999999999898	TimeIntervals	Lick
30.149	0.033500000000000085	TimeIntervals	Lick
30.3825	0.06650000000000489	TimeIntervals	Lick
30.8825	0.1334999999999944	TimeIntervals	Lick
31.082500000000003	0.09999999999999787	TimeIntervals	Lick
31.482500000000005	0.06674999999999542	TimeIntervals	Lick
31.849499999999995	0.06650000000000844	TimeIntervals	Lick
32.016	0.06674999999999187	TimeIntervals	Lick
32.116	0.10000000000000142	TimeIntervals	Lick
32.2495	0.20000000000000284	TimeIntervals	Lick
33.0495	0.2667499999999947	TimeIntervals	Lick
34.283	0.1667500000000004	TimeIntervals	Lick
35.75	0.06649999999999778	TimeIntervals	Lick
37.31700000000001	0.09999999999998721	TimeIntervals	Lick
37.517	0.20000000000000995	TimeIntervals	Lick
38.4505	0.10000000000000142	TimeIntervals	Lick
39.416999999999994	0.267000000000003	TimeIntervals	Lick
40.583999999999996	0.10000000000000142	TimeIntervals	Lick
41.184	0.10000000000000853	TimeIntervals	Lick
41.45075	0.10000000000000142	TimeIntervals	Reward
41.583999999999996	1.133500000000005	TimeIntervals	Lick
42.751000000000005	0.10000000000000142	TimeIntervals	Lick
42.8845	0.20000000000000284	TimeIntervals	Lick
43.11775	0.10000000000000142	TimeIntervals	Lick
43.251000000000005	0.10000000000000142	TimeIntervals	Lick
43.3845	0.23324999999999818	TimeIntervals	Lick
43.651	0.10000000000000142	TimeIntervals	Lick
43.7845	0.10000000000000142	TimeIntervals	Lick
43.918000000000006	0.7664999999999935	TimeIntervals	Lick
44.71800000000001	0.09999999999999432	TimeIntervals	Lick
44.85125	0.09999999999998721	TimeIntervals	Lick
44.9845	0.10025000000000261	TimeIntervals	Lick
45.118	0.13349999999999795	TimeIntervals	Lick
45.517999999999994	0.10000000000000853	TimeIntervals	Lick
45.818000000000005	0.19999999999998863	TimeIntervals	Lick
46.0515	0.10000000000000142	TimeIntervals	Lick
46.2515	0.06675000000000608	TimeIntervals	Lick
46.485	0.1664999999999992	TimeIntervals	Lick
47.285000000000004	0.09999999999999432	TimeIntervals	Lick
48.38525	0.3332500000000067	TimeIntervals	Lick
49.28525000000001	0.06674999999999187	TimeIntervals	Lick
49.418499999999995	0.06700000000000017	TimeIntervals	Lick
50.28550000000001	0.13324999999998255	TimeIntervals	Lick
50.485499999999995	0.3000000000000185	TimeIntervals	Lick
51.6525	0.06649999999999068	TimeIntervals	Lick
52.019000000000005	0.10000000000000142	TimeIntervals	Lick
52.185750000000006	0.09999999999999432	TimeIntervals	Lick
53.51925000000001	0.09999999999999432	TimeIntervals	Lick
54.785999999999994	0.10000000000000853	TimeIntervals	Lick
55.153000000000006	0.29999999999999005	TimeIntervals	Lick
56.253	0.10000000000000142	TimeIntervals	Lick
56.61975	0.3999999999999986	TimeIntervals	Lick
58.02	0.1664999999999992	TimeIntervals	Lick
59.02	0.06674999999999187	TimeIntervals	Lick
59.153499999999994	0.23350000000000648	TimeIntervals	Lick
59.92025	0.06674999999999898	TimeIntervals	Lick
61.45374999999999	0.10025000000001683	TimeIntervals	Lick
62.45399999999999	0.4335000000000022	TimeIntervals	Lick
65.08775	0.06674999999999898	TimeIntervals	Lick
65.6545	0.333500000000015	TimeIntervals	Lick
66.08800000000001	0.13324999999998965	TimeIntervals	Lick
67.75475	0.09999999999999432	TimeIntervals	Reward
67.88800000000002	1.1334999999999695	TimeIntervals	Lick
69.055	0.10000000000000853	TimeIntervals	Lick
69.18850000000002	0.19999999999998863	TimeIntervals	Lick
69.42175	0.2332500000000124	TimeIntervals	Lick
69.68850000000002	0.5	TimeIntervals	Lick
70.22174999999999	0.10025000000000261	TimeIntervals	Lick
70.35525	0.10000000000000853	TimeIntervals	Lick
70.48850000000002	0.0999999999999801	TimeIntervals	Lick
70.62200000000001	0.0999999999999801	TimeIntervals	Lick
70.75524999999999	0.10000000000000853	TimeIntervals	Lick
70.88850000000001	0.26675000000001603	TimeIntervals	Lick
71.18850000000002	0.09999999999999432	TimeIntervals	Lick
71.32199999999999	0.10000000000000853	TimeIntervals	Lick
71.4555	0.09999999999999432	TimeIntervals	Lick
71.82199999999999	0.06675000000001319	TimeIntervals	Lick
72.022	0.19999999999998863	TimeIntervals	Lick
72.98900000000002	0.09999999999999432	TimeIntervals	Lick
73.18900000000001	0.06650000000000489	TimeIntervals	Lick
73.98900000000002	0.09999999999999432	TimeIntervals	Lick
74.18900000000001	0.06675000000001319	TimeIntervals	Lick
74.756	0.29999999999999716	TimeIntervals	Lick
75.28925000000001	0.09999999999999432	TimeIntervals	Lick
75.756	0.13349999999999795	TimeIntervals	Lick
75.956	0.09999999999999432	TimeIntervals	Lick
76.42275	0.10000000000000853	TimeIntervals	Lick
76.65600000000002	0.0999999999999801	TimeIntervals	Lick
76.8895	0.23350000000000648	TimeIntervals	Lick
77.3895	0.06675000000001319	TimeIntervals	Lick
77.823	0.10000000000000853	TimeIntervals	Lick
78.0565	0.06650000000000489	TimeIntervals	Lick
78.18975	0.23324999999999818	TimeIntervals	Lick
78.48975	0.06674999999999898	TimeIntervals	Lick
79.0565	0.10000000000000853	TimeIntervals	Lick
79.2565	0.06674999999999898	TimeIntervals	Lick
79.35650000000001	0.2667499999999876	TimeIntervals	Lick
80.52350000000001	0.0999999999999801	TimeIntervals	Lick
80.95675000000001	0.19999999999998863	TimeIntervals	Lick
81.4235	0.10000000000000853	TimeIntervals	Lick
81.99025	0.09999999999999432	TimeIntervals	Lick
83.65725	0.06674999999999898	TimeIntervals	Lick
83.99050000000001	0.13349999999999795	TimeIntervals	Lick
84.224	0.09999999999999432	TimeIntervals	Lick
84.35725000000001	0.10000000000000853	TimeIntervals	Lick
84.924	0.09999999999999432	TimeIntervals	Lick
86.0575	0.06675000000001319	TimeIntervals	Lick
86.39100000000002	0.06649999999999068	TimeIntervals	Lick
87.72449999999999	0.10000000000000853	TimeIntervals	Lick
88.12450000000001	0.3335000000000008	TimeIntervals	Lick
88.95800000000001	0.0999999999999801	TimeIntervals	Lick
89.49150000000002	0.06649999999997647	TimeIntervals	Lick
89.5915	0.10000000000002274	TimeIntervals	Lick
89.82475	0.06675000000001319	TimeIntervals	Lick
89.99150000000002	0.0999999999999801	TimeIntervals	Lick
90.15825000000001	0.10000000000000853	TimeIntervals	Lick
90.2915	0.10000000000000853	TimeIntervals	Lick
90.45825	0.06674999999998477	TimeIntervals	Lick
91.125	0.09999999999999432	TimeIntervals	Reward
91.25850000000001	1.0	TimeIntervals	Lick
92.292	0.09999999999999432	TimeIntervals	Lick
92.42525	0.19999999999998863	TimeIntervals	Lick
92.6585	0.5	TimeIntervals	Lick
93.19200000000001	0.09999999999999432	TimeIntervals	Lick
93.32525000000001	0.5002500000000083	TimeIntervals	Lick
93.85875	0.4000000000000057	TimeIntervals	Lick
94.292	0.09999999999999432	TimeIntervals	Lick
94.45900000000002	0.0999999999999801	TimeIntervals	Lick
94.59224999999999	0.10000000000000853	TimeIntervals	Lick
94.72550000000001	0.10000000000000853	TimeIntervals	Lick
94.89225000000002	1.7334999999999923	TimeIntervals	Lick
96.659	0.3669999999999902	TimeIntervals	Lick
97.12600000000002	0.5	TimeIntervals	Lick
97.65925	1.200249999999997	TimeIntervals	Lick
98.92625000000001	0.36674999999999613	TimeIntervals	Lick
99.52625	0.29999999999998295	TimeIntervals	Lick
100.093	0.10000000000000853	TimeIntervals	Lick
100.25975	0.43325000000001523	TimeIntervals	Lick
100.72649999999999	0.10000000000000853	TimeIntervals	Lick
100.893	0.06675000000001319	TimeIntervals	Lick
101.22649999999999	0.1667500000000075	TimeIntervals	Lick
101.46000000000002	0.29999999999998295	TimeIntervals	Lick
102.16000000000001	0.06674999999999898	TimeIntervals	Lick
102.76	0.09999999999999432	TimeIntervals	Lick
103.46025	0.09999999999999432	TimeIntervals	Lick
103.5935	0.06675000000001319	TimeIntervals	Lick
103.99350000000001	0.09999999999999432	TimeIntervals	Lick
104.127	0.13325000000000387	TimeIntervals	Lick
105.2605	0.10000000000000853	TimeIntervals	Lick
105.694	0.3332499999999783	TimeIntervals	Lick
106.79400000000001	0.06674999999998477	TimeIntervals	Lick
106.96075	0.29999999999999716	TimeIntervals	Lick
108.09424999999999	0.06675000000001319	TimeIntervals	Lick
108.29425	0.06674999999999898	TimeIntervals	Lick
108.59424999999999	0.10000000000002274	TimeIntervals	Lick
108.761	0.03350000000001785	TimeIntervals	Lick
108.92775	0.09999999999999432	TimeIntervals	Lick
109.06099999999999	0.10000000000000853	TimeIntervals	Lick
109.56099999999999	0.06675000000001319	TimeIntervals	Lick
109.661	0.13350000000001216	TimeIntervals	Lick
110.26125000000002	0.06674999999998477	TimeIntervals	Lick
110.39450000000001	0.19999999999998863	TimeIntervals	Lick
111.22800000000001	0.06674999999999898	TimeIntervals	Lick
111.66150000000002	0.06649999999999068	TimeIntervals	Lick
111.79475000000001	0.06674999999998477	TimeIntervals	Lick
111.928	0.10000000000000853	TimeIntervals	Lick
112.09500000000003	0.06649999999999068	TimeIntervals	Lick
112.36149999999999	0.10000000000000853	TimeIntervals	Lick
112.49500000000002	0.10000000000000853	TimeIntervals	Lick
112.66150000000002	0.06674999999998477	TimeIntervals	Lick
112.76150000000001	0.0999999999999801	TimeIntervals	Lick
112.895	0.10000000000002274	TimeIntervals	Lick
113.02825	0.10025000000000261	TimeIntervals	Lick
113.195	0.06675000000001319	TimeIntervals	Lick
113.395	0.06675000000001319	TimeIntervals	Lick
113.86175	0.20000000000001705	TimeIntervals	Lick
114.72850000000001	0.09999999999999432	TimeIntervals	Lick
114.89524999999999	0.0667500000000274	TimeIntervals	Lick
115.3285	0.10025000000000261	TimeIntervals	Lick
115.4955	0.23324999999998397	TimeIntervals	Lick
116.16200000000002	0.06674999999997056	TimeIntervals	Lick
116.36200000000001	0.13349999999999795	TimeIntervals	Lick
117.429	0.09999999999999432	TimeIntervals	Lick
117.89574999999999	0.0667500000000274	TimeIntervals	Lick
118.029	0.10000000000002274	TimeIntervals	Lick
118.2625	0.06649999999999068	TimeIntervals	Lick
118.3625	0.13325000000001808	TimeIntervals	Lick
118.529	0.10000000000002274	TimeIntervals	Lick
119.22925	0.03325000000000955	TimeIntervals	Lick
119.296	0.06649999999999068	TimeIntervals	Lick
119.86275	0.03324999999999534	TimeIntervals	Lick
119.96275	0.09999999999999432	TimeIntervals	Lick
120.096	0.10000000000000853	TimeIntervals	Lick
121.06299999999999	0.10000000000002274	TimeIntervals	Lick
121.2295	0.06674999999999898	TimeIntervals	Lick
121.3295	0.13350000000001216	TimeIntervals	Lick
122.3965	0.10000000000002274	TimeIntervals	Lick
122.52974999999999	0.06675000000004161	TimeIntervals	Lick
122.92975000000001	0.1002499999999884	TimeIntervals	Lick
123.13000000000001	0.09999999999999432	TimeIntervals	Lick
123.46325000000002	0.09999999999999432	TimeIntervals	Reward
123.59650000000003	1.066999999999993	TimeIntervals	Lick
124.69675000000001	0.06674999999999898	TimeIntervals	Lick
124.79675000000002	0.0999999999999801	TimeIntervals	Lick
124.93000000000002	0.19999999999998863	TimeIntervals	Lick
125.16350000000003	0.0999999999999801	TimeIntervals	Lick
125.33025	0.06674999999999898	TimeIntervals	Lick
125.43025000000002	0.0999999999999801	TimeIntervals	Lick
125.56350000000002	0.10000000000000853	TimeIntervals	Lick
125.697	0.10000000000002274	TimeIntervals	Lick
125.83025	0.10000000000000853	TimeIntervals	Lick
125.96350000000002	0.5002499999999799	TimeIntervals	Lick
126.49700000000001	0.10000000000000853	TimeIntervals	Lick
126.63050000000001	0.0999999999999801	TimeIntervals	Lick
126.76375000000002	0.0999999999999801	TimeIntervals	Lick
126.897	0.10000000000000853	TimeIntervals	Lick
127.06375000000001	0.09999999999999432	TimeIntervals	Lick
127.197	0.13349999999999795	TimeIntervals	Lick
127.397	0.06700000000002149	TimeIntervals	Lick
127.5305	0.10000000000000853	TimeIntervals	Lick
127.69725	0.10000000000000853	TimeIntervals	Lick
127.86400000000002	0.06649999999999068	TimeIntervals	Lick
128.09725	0.23324999999999818	TimeIntervals	Lick
128.83075000000002	0.06675000000001319	TimeIntervals	Lick
129.164	0.03350000000000364	TimeIntervals	Lick
129.79749999999999	0.10000000000005116	TimeIntervals	Lick
130.1975	0.13350000000002638	TimeIntervals	Lick
131.06450000000004	0.09999999999993747	TimeIntervals	Lick
131.19774999999998	0.10000000000002274	TimeIntervals	Lick
131.56450000000004	0.09999999999993747	TimeIntervals	Lick
132.3645	0.10000000000002274	TimeIntervals	Lick
132.66449999999998	0.10000000000002274	TimeIntervals	Lick
132.798	0.10000000000002274	TimeIntervals	Lick
133.76475	0.10000000000002274	TimeIntervals	Reward
133.86475000000002	2.033750000000026	TimeIntervals	Lick
135.93175000000002	0.0999999999999659	TimeIntervals	Lick
136.06500000000003	0.9002499999999714	TimeIntervals	Lick
136.9985	0.09999999999999432	TimeIntervals	Lick
137.132	0.10000000000002274	TimeIntervals	Lick
137.26525	0.1002499999999884	TimeIntervals	Lick
137.39875	0.30000000000001137	TimeIntervals	Lick
137.76550000000003	0.0999999999999659	TimeIntervals	Lick
138.132	0.26700000000002433	TimeIntervals	Lick
138.43225	0.09999999999999432	TimeIntervals	Lick
138.8655	0.03350000000003206	TimeIntervals	Lick
138.9655	0.1667500000000075	TimeIntervals	Lick
139.799	0.10000000000002274	TimeIntervals	Lick
140.46575	0.09999999999999432	TimeIntervals	Lick
140.6325	0.10000000000002274	TimeIntervals	Lick
141.666	0.06675000000001319	TimeIntervals	Lick
141.79950000000002	0.06649999999999068	TimeIntervals	Lick
141.93275000000003	0.03325000000000955	TimeIntervals	Lick
142.03275	0.06674999999998477	TimeIntervals	Lick
142.56599999999997	0.10000000000002274	TimeIntervals	Lick
142.86625	0.09999999999999432	TimeIntervals	Lick
142.9995	0.0999999999999659	TimeIntervals	Lick
143.86625	0.10025000000001683	TimeIntervals	Lick
144.133	0.13350000000002638	TimeIntervals	Lick
144.33300000000003	0.13349999999999795	TimeIntervals	Lick
144.733	0.06675000000001319	TimeIntervals	Lick
144.96650000000002	0.09999999999999432	TimeIntervals	Lick
145.2	0.10000000000005116	TimeIntervals	Lick
145.43325000000002	0.09999999999999432	TimeIntervals	Lick
145.60000000000002	0.13325000000000387	TimeIntervals	Lick
145.83325000000002	0.09999999999999432	TimeIntervals	Reward
145.93325000000002	1.633749999999992	TimeIntervals	Lick
147.60025	0.46675000000001887	TimeIntervals	Lick
148.10025	0.2335000000000207	TimeIntervals	Lick
148.367	0.3334999999999866	TimeIntervals	Lick
148.73375000000001	0.09999999999999432	TimeIntervals	Lick
148.867	0.10000000000002274	TimeIntervals	Lick
149.0005	0.10000000000002274	TimeIntervals	Lick
149.13375	0.10000000000002274	TimeIntervals	Lick
149.26700000000002	0.0999999999999659	TimeIntervals	Lick
149.43400000000003	0.06649999999996226	TimeIntervals	Lick
149.53399999999996	0.10000000000005116	TimeIntervals	Lick
149.66724999999997	0.16675000000003593	TimeIntervals	Lick
149.90050000000002	0.06675000000001319	TimeIntervals	Lick
150.3005	0.13350000000002638	TimeIntervals	Lick
151.40075000000002	0.09999999999999432	TimeIntervals	Lick
151.83425	0.03325000000000955	TimeIntervals	Lick
152.33425	0.09999999999999432	TimeIntervals	Lick
152.80100000000002	0.10000000000002274	TimeIntervals	Lick
152.96775000000002	0.06674999999995634	TimeIntervals	Lick
153.06775	0.10000000000002274	TimeIntervals	Lick
153.26775	0.06674999999998477	TimeIntervals	Lick
153.46775000000002	0.0999999999999659	TimeIntervals	Lick
154.00125	0.09999999999999432	TimeIntervals	Lick
154.23450000000003	0.13350000000002638	TimeIntervals	Lick
154.73450000000003	0.06674999999995634	TimeIntervals	Lick
154.96800000000002	0.0999999999999659	TimeIntervals	Lick
155.63475	0.06675000000001319	TimeIntervals	Lick
155.76800000000003	0.06674999999998477	TimeIntervals	Lick
156.0015	0.13349999999999795	TimeIntervals	Lick
156.16825	0.13325000000000387	TimeIntervals	Lick
156.36825	0.10000000000002274	TimeIntervals	Lick
157.035	0.06674999999998477	TimeIntervals	Lick
157.1685	0.06649999999999068	TimeIntervals	Lick
157.5685	0.09999999999999432	TimeIntervals	Lick
157.90175000000002	0.0999999999999659	TimeIntervals	Lick
158.03499999999997	0.26700000000002433	TimeIntervals	Lick
158.36850000000004	0.0999999999999659	TimeIntervals	Lick
158.93525	0.43350000000003774	TimeIntervals	Lick
159.40200000000002	0.09999999999999432	TimeIntervals	Lick
159.96875000000003	0.0999999999999659	TimeIntervals	Lick
160.302	0.10025000000001683	TimeIntervals	Reward
160.33550000000002	1.9669999999999845	TimeIntervals	Lick
162.33575000000002	0.09999999999999432	TimeIntervals	Lick
162.46900000000005	0.06674999999992792	TimeIntervals	Lick
162.56900000000002	0.1002499999999884	TimeIntervals	Lick
162.70250000000001	0.23349999999999227	TimeIntervals	Lick
162.96925000000002	0.09999999999999432	TimeIntervals	Lick
163.1025	0.10000000000002274	TimeIntervals	Lick
163.236	0.10000000000002274	TimeIntervals	Lick
163.36925000000002	0.09999999999999432	TimeIntervals	Lick
163.50250000000003	0.0999999999999659	TimeIntervals	Lick
163.636	0.09999999999999432	TimeIntervals	Lick
163.76950000000002	0.09999999999999432	TimeIntervals	Lick
163.90275	0.13325000000000387	TimeIntervals	Lick
164.0695	0.09999999999999432	TimeIntervals	Lick
164.20274999999998	0.2332500000000266	TimeIntervals	Lick
164.50275000000002	0.06674999999998477	TimeIntervals	Lick
164.636	0.06674999999998477	TimeIntervals	Lick
165.103	0.06649999999999068	TimeIntervals	Lick
165.30300000000003	0.2664999999999793	TimeIntervals	Lick
166.33650000000003	0.06649999999996226	TimeIntervals	Lick
166.43650000000002	0.0999999999999659	TimeIntervals	Lick
167.20325000000003	0.09999999999999432	TimeIntervals	Lick
167.37	0.0665000000000191	TimeIntervals	Lick
168.2035	0.10000000000002274	TimeIntervals	Lick
168.47000000000003	0.09999999999999432	TimeIntervals	Lick
168.90350000000004	0.0999999999999659	TimeIntervals	Lick
169.47025000000002	0.09999999999999432	TimeIntervals	Lick
169.637	0.10000000000002274	TimeIntervals	Lick
169.87025000000003	0.29999999999998295	TimeIntervals	Lick
170.80375	0.06675000000001319	TimeIntervals	Lick
171.137	0.10000000000002274	TimeIntervals	Lick
171.30375	0.10025000000001683	TimeIntervals	Lick
171.73725000000005	0.13324999999997544	TimeIntervals	Lick
171.90400000000002	0.0999999999999659	TimeIntervals	Lick
172.63750000000002	0.10000000000002274	TimeIntervals	Lick
172.77075000000005	0.0999999999999659	TimeIntervals	Lick
172.90400000000002	0.0999999999999659	TimeIntervals	Lick
173.80425	0.10000000000002274	TimeIntervals	Lick
174.17100000000002	0.09999999999999432	TimeIntervals	Lick
174.30425	0.10000000000002274	TimeIntervals	Lick
174.43750000000003	0.09999999999999432	TimeIntervals	Lick
174.60424999999998	0.10025000000004525	TimeIntervals	Reward
174.63750000000002	3.0004999999999598	TimeIntervals	Lick
177.6715	0.09999999999999432	TimeIntervals	Lick
177.80474999999998	0.10000000000005116	TimeIntervals	Lick
177.938	0.10025000000001683	TimeIntervals	Lick
178.07150000000001	0.09999999999999432	TimeIntervals	Lick
178.205	0.2664999999999793	TimeIntervals	Lick
178.50500000000002	0.0999999999999659	TimeIntervals	Lick
178.6715	0.06674999999998477	TimeIntervals	Lick
178.7715	0.13350000000002638	TimeIntervals	Lick
178.93825	0.10024999999995998	TimeIntervals	Lick
179.105	0.06675000000001319	TimeIntervals	Lick
179.23850000000002	0.10000000000002274	TimeIntervals	Lick
179.47175000000004	0.06674999999992792	TimeIntervals	Lick
179.90500000000003	0.06675000000001319	TimeIntervals	Lick
180.07175	0.06675000000001319	TimeIntervals	Lick
180.67200000000003	0.3664999999999452	TimeIntervals	Lick
182.03875	0.09999999999999432	TimeIntervals	Lick
182.339	0.06650000000004752	TimeIntervals	Lick
182.939	0.09999999999999432	TimeIntervals	Lick
183.40550000000005	0.10024999999995998	TimeIntervals	Lick
183.539	0.10000000000002274	TimeIntervals	Lick
183.73900000000003	0.0999999999999659	TimeIntervals	Lick
183.8725	0.10000000000002274	TimeIntervals	Lick
184.40575	0.09999999999999432	TimeIntervals	Lick
184.6725	0.10000000000002274	TimeIntervals	Lick
184.8725	0.06674999999998477	TimeIntervals	Lick
185.106	0.10000000000002274	TimeIntervals	Lick
185.306	0.06649999999999068	TimeIntervals	Lick
185.406	0.3334999999999866	TimeIntervals	Lick
185.77275000000003	0.0999999999999659	TimeIntervals	Lick
185.9395	0.09999999999999432	TimeIntervals	Lick
186.07274999999998	0.10000000000002274	TimeIntervals	Lick
186.27275000000003	0.06674999999998477	TimeIntervals	Lick
186.406	0.09999999999999432	TimeIntervals	Lick
186.67275	0.10025000000001683	TimeIntervals	Lick
186.83950000000002	0.09999999999999432	TimeIntervals	Lick
187.00625	0.06675000000001319	TimeIntervals	Lick
187.173	0.06649999999999068	TimeIntervals	Lick
188.03975	0.06675000000001319	TimeIntervals	Lick
188.2065	0.09999999999999432	TimeIntervals	Lick
188.43975	0.09999999999999432	TimeIntervals	Lick
188.97325000000004	0.09999999999993747	TimeIntervals	Reward
189.1065	2.5337499999999693	TimeIntervals	Lick
191.6735	0.46674999999999045	TimeIntervals	Lick
192.1735	0.10025000000001683	TimeIntervals	Lick
192.30700000000002	0.09999999999999432	TimeIntervals	Lick
192.4405	0.10000000000005116	TimeIntervals	Lick
192.57375000000002	0.0999999999999659	TimeIntervals	Lick
192.70700000000002	0.09999999999999432	TimeIntervals	Lick
192.8405	0.09999999999999432	TimeIntervals	Lick
192.97375000000002	0.09999999999999432	TimeIntervals	Lick
193.107	0.10000000000002274	TimeIntervals	Lick
193.27375	0.10025000000001683	TimeIntervals	Lick
193.40725	0.1332500000000323	TimeIntervals	Lick
193.74050000000003	0.0999999999999659	TimeIntervals	Lick
193.90725	0.09999999999999432	TimeIntervals	Lick
194.07399999999998	0.06649999999999068	TimeIntervals	Lick
194.3405	0.20025000000001114	TimeIntervals	Lick
195.00750000000002	0.13324999999997544	TimeIntervals	Lick
195.17399999999998	0.13350000000002638	TimeIntervals	Lick
195.8075	0.10000000000002274	TimeIntervals	Lick
196.00750000000002	0.23349999999999227	TimeIntervals	Lick
196.84100000000004	0.06674999999998477	TimeIntervals	Lick
196.9745	0.09999999999999432	TimeIntervals	Lick
197.74125	0.09999999999999432	TimeIntervals	Lick
198.04125	0.06674999999995634	TimeIntervals	Lick
198.17450000000002	0.29999999999998295	TimeIntervals	Lick
199.10799999999995	0.10000000000007958	TimeIntervals	Lick
199.27475	0.10000000000002274	TimeIntervals	Reward
199.27475	0.06675000000001319	TimeIntervals	Lick
199.408	1.1002500000000168	TimeIntervals	Lick
200.5415	0.5669999999999504	TimeIntervals	Lick
201.14175000000003	0.3332499999999925	TimeIntervals	Lick
201.50850000000003	0.09999999999993747	TimeIntervals	Lick
201.64175000000003	0.4667499999999336	TimeIntervals	Lick
202.142	0.09999999999999432	TimeIntervals	Lick
202.27525	0.10000000000002274	TimeIntervals	Lick
202.4085	0.10000000000002274	TimeIntervals	Lick
202.54199999999997	0.10000000000002274	TimeIntervals	Lick
202.67525	0.09999999999999432	TimeIntervals	Lick
202.8085	0.09999999999999432	TimeIntervals	Lick
202.942	0.0999999999999659	TimeIntervals	Lick
203.07524999999998	0.3002500000000339	TimeIntervals	Lick
203.442	0.06674999999998477	TimeIntervals	Lick
203.60874999999996	0.10000000000005116	TimeIntervals	Lick
203.80874999999997	0.06675000000004161	TimeIntervals	Lick
203.942	0.06674999999998477	TimeIntervals	Lick
204.242	0.30024999999997704	TimeIntervals	Lick
205.07549999999998	0.10000000000002274	TimeIntervals	Lick
205.40899999999996	0.16675000000006435	TimeIntervals	Lick
206.17575	0.10000000000005116	TimeIntervals	Lick
206.60924999999997	0.20000000000001705	TimeIntervals	Lick
206.84250000000003	0.10000000000002274	TimeIntervals	Lick
207.70950000000002	0.09999999999999432	TimeIntervals	Lick
208.0095	0.09999999999999432	TimeIntervals	Lick
208.476	0.13349999999999795	TimeIntervals	Lick
208.9095	0.09999999999999432	TimeIntervals	Lick
209.14299999999997	0.06650000000004752	TimeIntervals	Lick
209.27625000000003	0.0999999999999659	TimeIntervals	Lick
209.47625	0.10000000000002274	TimeIntervals	Lick
209.6095	0.06674999999998477	TimeIntervals	Lick
209.70950000000002	0.20024999999998272	TimeIntervals	Lick
209.9765	0.10000000000002274	TimeIntervals	Lick
210.27650000000006	0.06649999999993383	TimeIntervals	Lick
210.64299999999997	0.06675000000007003	TimeIntervals	Lick
210.77650000000006	0.06649999999993383	TimeIntervals	Lick
211.01	0.10000000000002274	TimeIntervals	Lick
211.6765	0.10000000000005116	TimeIntervals	Lick
211.94325	0.1002499999999884	TimeIntervals	Lick
212.11	0.06675000000001319	TimeIntervals	Lick
212.21000000000004	2.4004999999999654	TimeIntervals	Lick
212.2435	0.09999999999999432	TimeIntervals	Reward
214.64374999999998	0.20000000000001705	TimeIntervals	Lick
214.877	0.09999999999999432	TimeIntervals	Lick
215.0105	0.13324999999997544	TimeIntervals	Lick
215.177	0.23349999999999227	TimeIntervals	Lick
215.444	0.10000000000002274	TimeIntervals	Lick
215.57725	0.10000000000002274	TimeIntervals	Lick
215.74400000000003	0.09999999999999432	TimeIntervals	Lick
215.87725	0.09999999999999432	TimeIntervals	Lick
216.044	0.06649999999999068	TimeIntervals	Lick
216.31050000000002	0.0999999999999659	TimeIntervals	Lick
216.4775	0.09999999999999432	TimeIntervals	Lick
216.64399999999998	0.06675000000004161	TimeIntervals	Lick
216.77750000000003	0.06649999999999068	TimeIntervals	Lick
217.24400000000003	0.13349999999999795	TimeIntervals	Lick
217.444	0.06700000000000728	TimeIntervals	Lick
218.5775	0.1335000000000548	TimeIntervals	Lick
218.77775000000003	0.19999999999998863	TimeIntervals	Lick
219.47775000000001	0.0999999999999659	TimeIntervals	Lick
219.611	0.06700000000000728	TimeIntervals	Lick
219.71125	0.10000000000002274	TimeIntervals	Lick
220.11124999999998	0.10000000000002274	TimeIntervals	Lick
220.4445	0.09999999999999432	TimeIntervals	Lick
220.61124999999998	0.1332500000000323	TimeIntervals	Lick
221.0115	0.06649999999999068	TimeIntervals	Lick
221.47800000000004	0.06674999999998477	TimeIntervals	Lick
221.61149999999998	0.10000000000005116	TimeIntervals	Lick
221.87800000000001	0.06699999999997885	TimeIntervals	Lick
221.97825	0.10000000000002274	TimeIntervals	Lick
222.11149999999998	0.10000000000005116	TimeIntervals	Lick
222.5115	0.03350000000000364	TimeIntervals	Lick
222.91150000000002	0.06699999999997885	TimeIntervals	Lick
223.645	0.2667500000000018	TimeIntervals	Lick
224.44525000000002	0.0999999999999659	TimeIntervals	Lick
224.77850000000004	0.06674999999998477	TimeIntervals	Lick
224.87850000000003	0.0999999999999659	TimeIntervals	Lick
225.11200000000002	0.09999999999999432	TimeIntervals	Lick
225.84550000000002	0.09999999999999432	TimeIntervals	Lick
225.97875	0.10000000000005116	TimeIntervals	Lick
226.31224999999998	0.1332500000000323	TimeIntervals	Lick
226.979	0.10000000000002274	TimeIntervals	Lick
227.21225000000004	0.2667499999999734	TimeIntervals	Lick
227.54575000000003	0.09999999999999432	TimeIntervals	Lick
228.07900000000004	0.09999999999993747	TimeIntervals	Lick
228.24575000000002	0.19999999999998863	TimeIntervals	Lick
228.479	0.10025000000001683	TimeIntervals	Lick
228.646	0.10000000000005116	TimeIntervals	Lick
229.41250000000002	0.09999999999999432	TimeIntervals	Lick
229.54600000000002	0.13349999999996953	TimeIntervals	Lick
229.74600000000004	0.06674999999995634	TimeIntervals	Lick
230.11274999999998	0.10000000000007958	TimeIntervals	Lick
230.47949999999997	0.10000000000005116	TimeIntervals	Lick
230.646	0.0670000000000357	TimeIntervals	Lick
230.74625000000003	0.13324999999997544	TimeIntervals	Lick
231.07950000000002	0.0999999999999659	TimeIntervals	Lick
231.24625000000003	0.09999999999999432	TimeIntervals	Lick
231.54625000000001	0.06674999999995634	TimeIntervals	Lick
231.6795	0.06675000000004161	TimeIntervals	Lick
231.77950000000004	0.06699999999995043	TimeIntervals	Lick
231.87975	0.36675000000002456	TimeIntervals	Lick
232.27975000000004	0.0999999999999659	TimeIntervals	Lick
232.41299999999998	0.09999999999999432	TimeIntervals	Lick
232.5465	0.13324999999997544	TimeIntervals	Lick
232.71300000000002	0.0999999999999659	TimeIntervals	Lick
232.88000000000002	0.0999999999999659	TimeIntervals	Lick
233.01325000000003	0.06674999999998477	TimeIntervals	Lick
233.14649999999997	0.06675000000007003	TimeIntervals	Lick
233.3465	0.06675000000001319	TimeIntervals	Lick
233.44650000000001	0.1999999999999602	TimeIntervals	Lick
234.04675	0.13324999999997544	TimeIntervals	Lick
234.24675000000002	0.09999999999999432	TimeIntervals	Lick
235.01350000000002	0.0999999999999659	TimeIntervals	Lick
235.14699999999996	0.10000000000007958	TimeIntervals	Lick
235.64699999999996	0.10000000000007958	TimeIntervals	Reward
235.64699999999996	0.10000000000007958	TimeIntervals	Lick
235.78025000000002	2.5337499999999693	TimeIntervals	Lick
238.34725000000003	0.10024999999995998	TimeIntervals	Lick
238.48075000000003	0.5	TimeIntervals	Lick
239.014	0.0999999999999659	TimeIntervals	Lick
239.1475	0.09999999999999432	TimeIntervals	Lick
239.314	0.06675000000001319	TimeIntervals	Lick
239.414	0.10025000000001683	TimeIntervals	Lick
239.58100000000002	0.06649999999999068	TimeIntervals	Lick
239.9475	0.06675000000001319	TimeIntervals	Lick
240.08100000000002	0.06649999999999068	TimeIntervals	Lick
240.21425000000002	0.0999999999999659	TimeIntervals	Lick
240.381	0.06649999999999068	TimeIntervals	Lick
240.6145	0.13325000000000387	TimeIntervals	Lick
241.1145	0.13325000000000387	TimeIntervals	Lick
241.68099999999998	0.13350000000002638	TimeIntervals	Lick
242.448	0.333500000000015	TimeIntervals	Lick
243.24800000000002	0.0999999999999659	TimeIntervals	Lick
243.71475	0.13324999999997544	TimeIntervals	Lick
244.54825000000002	0.06674999999995634	TimeIntervals	Lick
244.84825	0.10025000000001683	TimeIntervals	Lick
244.98175	0.09999999999999432	TimeIntervals	Lick
245.64849999999998	0.10000000000002274	TimeIntervals	Lick
246.282	0.06649999999999068	TimeIntervals	Lick
246.382	0.10000000000002274	TimeIntervals	Lick
246.91525000000001	0.0999999999999659	TimeIntervals	Lick
247.082	0.03324999999998113	TimeIntervals	Lick
247.21550000000005	0.0999999999999659	TimeIntervals	Lick
247.382	0.06675000000001319	TimeIntervals	Lick
247.48200000000003	0.0999999999999659	TimeIntervals	Lick
247.682	0.06675000000004161	TimeIntervals	Lick
248.14875	0.10025000000001683	TimeIntervals	Lick
248.31550000000001	0.4000000000000341	TimeIntervals	Lick
248.74900000000002	0.06649999999999068	TimeIntervals	Lick
248.84900000000002	0.0999999999999659	TimeIntervals	Lick
248.98225	0.10000000000002274	TimeIntervals	Lick
249.31550000000001	0.13349999999996953	TimeIntervals	Lick
249.4825	0.10000000000002274	TimeIntervals	Lick
250.04899999999998	0.10000000000002274	TimeIntervals	Lick
250.28250000000003	0.0999999999999659	TimeIntervals	Lick
250.44899999999998	0.10025000000004525	TimeIntervals	Lick
250.64925	0.10000000000005116	TimeIntervals	Lick
250.916	0.09999999999999432	TimeIntervals	Lick
251.04925000000003	0.13324999999997544	TimeIntervals	Lick
251.3825	0.06675000000001319	TimeIntervals	Lick
252.18275	0.10000000000002274	TimeIntervals	Lick
252.31600000000003	0.13349999999996953	TimeIntervals	Lick
252.9495	0.10000000000002274	TimeIntervals	Lick
253.08300000000003	0.46649999999999636	TimeIntervals	Lick
253.58300000000003	0.16650000000001342	TimeIntervals	Lick
254.2165	0.09999999999999432	TimeIntervals	Lick
254.85000000000002	0.09999999999999432	TimeIntervals	Lick
255.28325	0.09999999999999432	TimeIntervals	Lick
255.4165	0.06675000000001319	TimeIntervals	Lick
255.55000000000004	0.06649999999999068	TimeIntervals	Lick
255.64999999999998	0.10000000000002274	TimeIntervals	Lick
255.88325	0.13349999999999795	TimeIntervals	Lick
256.04999999999995	0.10000000000002274	TimeIntervals	Lick
256.1835	0.10000000000002274	TimeIntervals	Lick
257.0835	0.3999999999999204	TimeIntervals	Lick
258.417	0.10000000000007958	TimeIntervals	Lick
258.817	0.0999999999999659	TimeIntervals	Lick
259.1505	0.0999999999999659	TimeIntervals	Lick
259.284	0.06649999999996226	TimeIntervals	Lick
259.41724999999997	0.06674999999995634	TimeIntervals	Lick
259.58399999999995	0.10000000000007958	TimeIntervals	Lick
259.71725	0.10000000000002274	TimeIntervals	Lick
259.85049999999995	0.10000000000002274	TimeIntervals	Lick
259.9839999999999	0.10000000000002274	TimeIntervals	Lick
260.1505	0.0999999999999659	TimeIntervals	Lick
260.284	0.10000000000002274	TimeIntervals	Lick
260.45074999999997	0.13324999999997544	TimeIntervals	Lick
260.65075	0.0999999999999659	TimeIntervals	Lick
261.25075	0.10000000000002274	TimeIntervals	Lick
262.051	2.5335000000000036	TimeIntervals	Lick
262.051	0.10000000000002274	TimeIntervals	Reward
264.618	0.10000000000002274	TimeIntervals	Lick
264.7515	0.10000000000002274	TimeIntervals	Lick
264.88475	0.0999999999999659	TimeIntervals	Lick
265.01800000000003	0.0999999999999659	TimeIntervals	Lick
265.15149999999994	0.5	TimeIntervals	Lick
265.68475	0.0999999999999659	TimeIntervals	Lick
265.8179999999999	0.10025000000001683	TimeIntervals	Lick
265.95149999999995	0.19999999999998863	TimeIntervals	Lick
266.41824999999994	0.06675000000001319	TimeIntervals	Lick
266.71825	0.06674999999995634	TimeIntervals	Lick
267.4185	0.3332500000000209	TimeIntervals	Lick
267.85175	0.13324999999997544	TimeIntervals	Lick
268.652	0.0999999999999659	TimeIntervals	Lick
269.052	0.36674999999991087	TimeIntervals	Lick
269.91874999999993	0.10000000000007958	TimeIntervals	Lick
270.319	0.06649999999996226	TimeIntervals	Lick
270.75225	0.10000000000002274	TimeIntervals	Lick
270.9189999999999	0.06650000000007594	TimeIntervals	Lick
271.05224999999996	0.10000000000007958	TimeIntervals	Lick
271.48574999999994	0.10000000000002274	TimeIntervals	Lick
271.68575	0.10000000000002274	TimeIntervals	Lick
272.38575000000003	0.10024999999995998	TimeIntervals	Lick
272.55249999999995	0.06675000000012687	TimeIntervals	Lick
272.686	0.10000000000002274	TimeIntervals	Lick
272.8525	0.3667499999999677	TimeIntervals	Lick
273.386	0.0999999999999659	TimeIntervals	Lick
273.55275	0.06675000000007003	TimeIntervals	Lick
274.1195000000001	0.09999999999990905	TimeIntervals	Lick
274.45275	0.10000000000002274	TimeIntervals	Lick
275.08624999999995	0.10000000000002274	TimeIntervals	Lick
275.6195000000001	0.09999999999990905	TimeIntervals	Lick
275.953	0.13349999999996953	TimeIntervals	Lick
276.753	0.10025000000001683	TimeIntervals	Lick
277.12	0.0999999999999659	TimeIntervals	Lick
277.25325	0.13324999999997544	TimeIntervals	Lick
277.75325	0.06675000000007003	TimeIntervals	Lick
277.9200000000001	0.1334999999999127	TimeIntervals	Lick
278.71999999999997	0.10000000000007958	TimeIntervals	Lick
278.88675	0.10000000000002274	TimeIntervals	Lick
279.2535	0.10000000000002274	TimeIntervals	Lick
279.787	0.0665000000000191	TimeIntervals	Lick
279.887	0.13324999999997544	TimeIntervals	Lick
280.42050000000006	0.0999999999999659	TimeIntervals	Lick
280.85375	0.10000000000002274	TimeIntervals	Lick
280.987	0.13350000000002638	TimeIntervals	Lick
281.854	0.1332500000000323	TimeIntervals	Lick
282.05400000000003	0.2999999999999545	TimeIntervals	Lick
282.954	0.10000000000002274	TimeIntervals	Lick
283.22074999999995	0.06675000000001319	TimeIntervals	Lick
283.38750000000005	0.09999999999990905	TimeIntervals	Lick
283.75425	0.06674999999995634	TimeIntervals	Lick
283.88750000000005	0.09999999999990905	TimeIntervals	Lick
284.45425	0.10024999999995998	TimeIntervals	Lick
284.68775	0.06674999999995634	TimeIntervals	Lick
284.8545	0.1332500000000323	TimeIntervals	Lick
285.75449999999995	0.10000000000002274	TimeIntervals	Lick
285.888	0.10000000000002274	TimeIntervals	Lick
286.188	0.0999999999999659	TimeIntervals	Lick
286.3545	0.10000000000007958	TimeIntervals	Lick
286.42125000000004	0.0999999999999659	TimeIntervals	Reward
286.588	1.1334999999999695	TimeIntervals	Lick
287.75474999999994	0.9667500000000473	TimeIntervals	Lick
288.755	0.10000000000002274	TimeIntervals	Lick
288.88825	0.10025000000001683	TimeIntervals	Lick
289.02175	0.10000000000002274	TimeIntervals	Lick
289.15500000000003	0.0999999999999659	TimeIntervals	Lick
289.2885	0.2664999999999509	TimeIntervals	Lick
289.58849999999995	0.10000000000002274	TimeIntervals	Lick
289.72174999999993	0.10000000000013642	TimeIntervals	Lick
289.8885	0.10000000000002274	TimeIntervals	Lick
290.05525	0.06675000000001319	TimeIntervals	Lick
290.1885	0.13350000000002638	TimeIntervals	Lick
290.65525	0.0999999999999659	TimeIntervals	Lick
291.08849999999995	0.10025000000001683	TimeIntervals	Lick
291.68874999999997	0.10000000000007958	TimeIntervals	Lick
292.52225000000004	0.33324999999990723	TimeIntervals	Lick
293.8225	0.19999999999998863	TimeIntervals	Lick
294.556	0.10000000000002274	TimeIntervals	Lick
294.9225	0.0999999999999659	TimeIntervals	Lick
295.156	0.09999999999990905	TimeIntervals	Lick
295.7559999999999	0.10000000000007958	TimeIntervals	Lick
296.02275	0.06675000000001319	TimeIntervals	Lick
296.12275000000005	0.09999999999990905	TimeIntervals	Lick
296.2559999999999	0.06675000000012687	TimeIntervals	Lick
296.356	0.10000000000007958	TimeIntervals	Lick
297.0895	0.0999999999999659	TimeIntervals	Lick
297.25624999999997	0.06674999999995634	TimeIntervals	Lick
297.35624999999993	0.10000000000007958	TimeIntervals	Lick
297.923	0.0999999999999659	TimeIntervals	Lick
298.3564999999999	0.2665000000001214	TimeIntervals	Lick
299.02324999999996	0.10000000000002274	TimeIntervals	Lick
299.65650000000005	0.1334999999999127	TimeIntervals	Lick
300.09	0.10000000000002274	TimeIntervals	Lick
300.59	0.10000000000002274	TimeIntervals	Lick
301.2235	0.10000000000002274	TimeIntervals	Lick
301.49025	0.10000000000002274	TimeIntervals	Lick
301.79024999999996	0.10000000000002274	TimeIntervals	Lick
301.92350000000005	0.13349999999996953	TimeIntervals	Lick
302.4905	0.0665000000000191	TimeIntervals	Lick
302.9905	0.10000000000002274	TimeIntervals	Lick
303.3905	0.10000000000002274	TimeIntervals	Lick
303.65725	0.0999999999999659	TimeIntervals	Lick
303.82399999999996	0.10000000000007958	TimeIntervals	Lick
304.6575	0.0999999999999659	TimeIntervals	Lick
304.79075	0.06675000000001319	TimeIntervals	Lick
304.92400000000004	0.06674999999995634	TimeIntervals	Lick
305.42425000000003	0.0999999999999659	TimeIntervals	Lick
305.6575	0.13349999999996953	TimeIntervals	Lick
306.4575	0.10024999999995998	TimeIntervals	Lick
307.3245	0.10000000000007958	TimeIntervals	Lick
307.45775000000003	0.09999999999990905	TimeIntervals	Lick
307.8245	0.10000000000007958	TimeIntervals	Lick
307.99125000000004	0.06674999999995634	TimeIntervals	Lick
308.09125	0.0999999999999659	TimeIntervals	Lick
308.35799999999995	0.10000000000007958	TimeIntervals	Lick
308.7579999999999	0.13350000000008322	TimeIntervals	Reward
308.8915	1.1334999999999695	TimeIntervals	Lick
310.05825	1.333500000000015	TimeIntervals	Lick
311.425	0.23349999999999227	TimeIntervals	Lick
311.69175	0.0999999999999659	TimeIntervals	Lick
311.82500000000005	0.26699999999993906	TimeIntervals	Lick
312.12525000000005	0.09999999999990905	TimeIntervals	Lick
312.292	0.1332500000000323	TimeIntervals	Lick
312.5584999999999	0.06675000000012687	TimeIntervals	Lick
312.6585	0.13349999999996953	TimeIntervals	Lick
313.02524999999997	0.06675000000001319	TimeIntervals	Lick
313.35875	0.2999999999999545	TimeIntervals	Lick
314.62550000000005	0.09999999999990905	TimeIntervals	Lick
315.42575000000005	0.09999999999990905	TimeIntervals	Lick
315.92575000000005	0.09999999999990905	TimeIntervals	Lick
316.49249999999995	0.06675000000001319	TimeIntervals	Lick
316.8925	0.0999999999999659	TimeIntervals	Lick
317.35925000000003	0.10025000000001683	TimeIntervals	Lick
317.52599999999995	0.10000000000007958	TimeIntervals	Lick
318.35949999999997	0.10000000000007958	TimeIntervals	Lick
318.49275000000006	0.10024999999995998	TimeIntervals	Lick
319.093	0.0999999999999659	TimeIntervals	Lick
319.85975	0.10000000000002274	TimeIntervals	Lick
320.22650000000004	0.09999999999990905	TimeIntervals	Lick
320.6265	0.10000000000002274	TimeIntervals	Lick
320.89325	0.0999999999999659	TimeIntervals	Lick
321.15999999999997	0.06650000000007594	TimeIntervals	Lick
321.49325	0.10000000000002274	TimeIntervals	Lick
321.6265	0.10000000000002274	TimeIntervals	Lick
321.96	0.0999999999999659	TimeIntervals	Lick
322.22675000000004	0.0999999999999659	TimeIntervals	Lick
322.76	0.0999999999999659	TimeIntervals	Lick
322.8935	0.0999999999999659	TimeIntervals	Lick
323.16025	0.3332499999999641	TimeIntervals	Lick
323.56025	0.06674999999995634	TimeIntervals	Lick
324.16049999999996	0.0999999999999659	TimeIntervals	Lick
324.827	0.10000000000002274	TimeIntervals	Lick
325.294	0.10000000000002274	TimeIntervals	Lick
325.46049999999997	0.06675000000007003	TimeIntervals	Lick
325.56050000000005	0.19999999999987494	TimeIntervals	Lick
325.994	0.0665000000000191	TimeIntervals	Lick
326.46075	0.0999999999999659	TimeIntervals	Lick
326.62750000000005	0.0999999999999659	TimeIntervals	Lick
326.96075	0.06675000000001319	TimeIntervals	Lick
327.09400000000005	0.09999999999990905	TimeIntervals	Lick
327.26075	0.13350000000002638	TimeIntervals	Lick
327.79425	0.1332500000000323	TimeIntervals	Lick
327.99425	0.3332499999999641	TimeIntervals	Lick
328.39425	0.13350000000002638	TimeIntervals	Lick
329.22774999999996	0.0999999999999659	TimeIntervals	Lick
329.36100000000005	0.0999999999999659	TimeIntervals	Lick
329.5944999999999	0.10000000000002274	TimeIntervals	Lick
329.72799999999995	0.10000000000002274	TimeIntervals	Lick
330.12800000000004	2.4002499999999145	TimeIntervals	Lick
330.12800000000004	0.09999999999990905	TimeIntervals	Reward
332.5615	0.23349999999999227	TimeIntervals	Lick
332.82824999999997	0.10025000000007367	TimeIntervals	Lick
332.96175	0.0999999999999659	TimeIntervals	Lick
333.09499999999997	0.40000000000009095	TimeIntervals	Lick
333.5285	0.10000000000002274	TimeIntervals	Lick
333.66175000000004	0.0999999999999659	TimeIntervals	Lick
333.8285	0.06649999999990541	TimeIntervals	Lick
334.162	0.1332500000000323	TimeIntervals	Lick
334.5285	0.10000000000002274	TimeIntervals	Lick
334.69525	0.06675000000001319	TimeIntervals	Lick
334.862	0.03325000000000955	TimeIntervals	Lick
335.0619999999999	0.06675000000018372	TimeIntervals	Lick
335.52875	0.06674999999995634	TimeIntervals	Lick
336.6290000000001	0.09999999999990905	TimeIntervals	Lick
336.76225	0.10000000000002274	TimeIntervals	Lick
337.59574999999995	0.1332500000000323	TimeIntervals	Lick
338.62925	0.0999999999999659	TimeIntervals	Lick
338.79599999999994	0.03325000000006639	TimeIntervals	Lick
338.896	0.10000000000002274	TimeIntervals	Lick
339.66274999999996	0.10000000000007958	TimeIntervals	Lick
339.896	0.10000000000002274	TimeIntervals	Lick
340.89625	0.0999999999999659	TimeIntervals	Lick
341.563	0.10000000000002274	TimeIntervals	Lick
341.863	0.13350000000002638	TimeIntervals	Lick
342.02975000000004	0.10000000000002274	TimeIntervals	Lick
342.1965	0.06649999999996226	TimeIntervals	Lick
342.83	0.10000000000002274	TimeIntervals	Lick
343.16325	0.13324999999997544	TimeIntervals	Lick
343.4965	0.0999999999999659	TimeIntervals	Lick
343.6965	0.06674999999995634	TimeIntervals	Lick
343.86350000000004	0.0999999999999659	TimeIntervals	Lick
344.09674999999993	0.10000000000007958	TimeIntervals	Lick
344.29675000000003	0.0999999999999659	TimeIntervals	Lick
344.93	0.13349999999996953	TimeIntervals	Lick
345.097	0.13324999999997544	TimeIntervals	Lick
345.26349999999996	0.10000000000007958	TimeIntervals	Lick
346.39700000000005	0.0999999999999659	TimeIntervals	Lick
346.5305000000001	0.09999999999990905	TimeIntervals	Lick
346.66375	0.0999999999999659	TimeIntervals	Lick
348.19725	0.13350000000002638	TimeIntervals	Lick
348.56399999999996	0.10000000000007958	TimeIntervals	Lick
348.6975	0.0999999999999659	TimeIntervals	Lick
349.46425	0.0999999999999659	TimeIntervals	Lick
349.59749999999997	0.10000000000002274	TimeIntervals	Lick
350.59774999999996	0.10000000000002274	TimeIntervals	Lick
350.731	0.10000000000002274	TimeIntervals	Lick
350.89775	0.10000000000007958	TimeIntervals	Lick
351.06449999999995	0.10000000000007958	TimeIntervals	Lick
351.19775	0.10000000000002274	TimeIntervals	Lick
351.331	0.06674999999995634	TimeIntervals	Lick
351.431	1.7337499999999864	TimeIntervals	Lick
351.431	0.0999999999999659	TimeIntervals	Reward
353.198	0.10000000000002274	TimeIntervals	Lick
353.33149999999995	0.20000000000010232	TimeIntervals	Lick
353.56474999999995	0.10000000000002274	TimeIntervals	Lick
353.698	0.10025000000001683	TimeIntervals	Lick
353.83149999999995	0.5	TimeIntervals	Lick
354.36499999999995	0.10000000000007958	TimeIntervals	Lick
354.49825	0.19999999999998863	TimeIntervals	Lick
354.7315	0.33349999999995816	TimeIntervals	Lick
355.0985	0.0999999999999659	TimeIntervals	Lick
355.23175	0.10000000000007958	TimeIntervals	Lick
355.36499999999995	0.2335000000000491	TimeIntervals	Lick
355.63175	0.0999999999999659	TimeIntervals	Lick
355.765	0.0999999999999659	TimeIntervals	Lick
355.9320000000001	0.06649999999996226	TimeIntervals	Lick
356.06524999999993	0.03325000000006639	TimeIntervals	Lick
356.29850000000005	0.0999999999999659	TimeIntervals	Lick
356.46525	0.13324999999997544	TimeIntervals	Lick
356.86525	0.06675000000007003	TimeIntervals	Lick
357.19875	0.19999999999998863	TimeIntervals	Lick
358.399	0.10000000000002274	TimeIntervals	Lick
358.53225	0.06675000000001319	TimeIntervals	Lick
358.86550000000005	0.0999999999999659	TimeIntervals	Lick
358.999	0.13324999999997544	TimeIntervals	Lick
359.7325	0.06649999999996226	TimeIntervals	Lick
359.86575	0.06675000000007003	TimeIntervals	Lick
359.999	0.0999999999999659	TimeIntervals	Lick
360.79925000000003	0.0999999999999659	TimeIntervals	Lick
360.966	0.26650000000000773	TimeIntervals	Lick
362.13275	0.06675000000001319	TimeIntervals	Lick
362.5330000000001	0.0999999999999659	TimeIntervals	Lick
362.733	0.0665000000000191	TimeIntervals	Lick
363.09950000000003	0.13349999999996953	TimeIntervals	Lick
363.2662499999999	0.10000000000013642	TimeIntervals	Lick
363.733	0.06675000000001319	TimeIntervals	Lick
364.233	0.10000000000002274	TimeIntervals	Lick
364.39975	0.06675000000001319	TimeIntervals	Lick
364.59975000000003	0.10024999999995998	TimeIntervals	Lick
364.7664999999999	0.10000000000013642	TimeIntervals	Lick
364.9	0.10000000000002274	TimeIntervals	Lick
365.1665	0.06675000000001319	TimeIntervals	Lick
365.43325	0.06675000000001319	TimeIntervals	Lick
365.53324999999995	0.10000000000007958	TimeIntervals	Lick
366.16675	0.06675000000001319	TimeIntervals	Lick
366.4	0.06675000000007003	TimeIntervals	Lick
366.5335	0.13324999999997544	TimeIntervals	Lick
367.60025	0.10000000000002274	TimeIntervals	Lick
367.767	0.20000000000004547	TimeIntervals	Lick
368.0005	0.10000000000002274	TimeIntervals	Lick
368.33375	0.0999999999999659	TimeIntervals	Lick
368.9005	0.0999999999999659	TimeIntervals	Lick
369.46725000000004	0.39999999999997726	TimeIntervals	Lick
370.90074999999996	0.10000000000007958	TimeIntervals	Lick
371.034	0.13350000000002638	TimeIntervals	Lick
371.83425	0.10000000000002274	TimeIntervals	Lick
371.9675	0.2999999999999545	TimeIntervals	Lick
373.101	0.06674999999995634	TimeIntervals	Lick
373.26775	0.06675000000007003	TimeIntervals	Lick
373.36775000000006	0.0999999999999659	TimeIntervals	Lick
373.5345	0.10000000000002274	TimeIntervals	Lick
374.4680000000001	0.09999999999985221	TimeIntervals	Lick
374.63475000000005	0.0667499999998995	TimeIntervals	Lick
374.8015	0.1332500000000323	TimeIntervals	Reward
374.8015	0.0999999999999659	TimeIntervals	Lick
374.93475	2.266999999999996	TimeIntervals	Lick
377.23499999999996	0.23350000000010596	TimeIntervals	Lick
377.50175	0.23324999999994134	TimeIntervals	Lick
377.7684999999999	0.10000000000007958	TimeIntervals	Lick
377.90200000000004	0.09999999999990905	TimeIntervals	Lick
378.0685	0.06675000000007003	TimeIntervals	Lick
378.202	0.06649999999990541	TimeIntervals	Lick
378.302	0.1332500000000323	TimeIntervals	Lick
378.46850000000006	0.0667499999998995	TimeIntervals	Lick
378.60200000000003	0.0999999999999659	TimeIntervals	Lick
378.73525	0.10000000000002274	TimeIntervals	Lick
379.26874999999995	0.06675000000007003	TimeIntervals	Lick
379.60200000000003	0.06674999999995634	TimeIntervals	Lick
379.76874999999995	0.10000000000007958	TimeIntervals	Lick
380.1355	0.13349999999996953	TimeIntervals	Lick
381.1355	2.8005000000000564	TimeIntervals	Lick
381.1355	0.10025000000001683	TimeIntervals	Reward
383.9695	0.10000000000002274	TimeIntervals	Lick
384.10275000000007	0.09999999999990905	TimeIntervals	Lick
384.236	0.0999999999999659	TimeIntervals	Lick
384.3695	0.0999999999999659	TimeIntervals	Lick
384.503	0.0999999999999659	TimeIntervals	Lick
384.63625	0.0999999999999659	TimeIntervals	Lick
384.7695	0.13350000000002638	TimeIntervals	Lick
384.93625	0.10000000000002274	TimeIntervals	Lick
385.0695	0.2335000000000491	TimeIntervals	Lick
385.403	0.06649999999996226	TimeIntervals	Lick
385.6365	0.13324999999997544	TimeIntervals	Lick
385.8365	0.0665000000000191	TimeIntervals	Lick
386.0365	0.06649999999996226	TimeIntervals	Lick
386.203	0.10000000000007958	TimeIntervals	Lick
386.503	0.0999999999999659	TimeIntervals	Lick
386.70324999999997	0.10000000000002274	TimeIntervals	Lick
387.20324999999997	0.10000000000002274	TimeIntervals	Lick
387.37	0.0665000000000191	TimeIntervals	Lick
387.8035	0.0665000000000191	TimeIntervals	Lick
388.40349999999995	0.10000000000007958	TimeIntervals	Lick
388.53675	0.10000000000007958	TimeIntervals	Lick
388.67	0.09999999999990905	TimeIntervals	Lick
388.8035	0.0999999999999659	TimeIntervals	Lick
389.13700000000006	0.0999999999999659	TimeIntervals	Lick
389.2035	0.0999999999999659	TimeIntervals	Reward
389.3035	2.1337500000000205	TimeIntervals	Lick
391.4705000000001	0.23349999999993543	TimeIntervals	Lick
391.73725	0.33324999999990723	TimeIntervals	Lick
392.104	0.10000000000002274	TimeIntervals	Lick
392.23749999999995	0.23325000000005502	TimeIntervals	Lick
392.504	0.0999999999999659	TimeIntervals	Lick
392.6375000000001	0.3999999999998636	TimeIntervals	Lick
393.0707499999999	0.13325000000008913	TimeIntervals	Lick
393.23749999999995	0.2335000000000491	TimeIntervals	Lick
393.53749999999997	0.06675000000001319	TimeIntervals	Lick
393.671	0.06649999999996226	TimeIntervals	Lick
393.771	0.2999999999999545	TimeIntervals	Lick
394.20425	0.06675000000001319	TimeIntervals	Lick
394.57099999999997	0.06675000000007003	TimeIntervals	Lick
394.671	0.06674999999995634	TimeIntervals	Lick
394.80449999999996	0.1332500000000323	TimeIntervals	Lick
395.67125	0.10000000000002274	TimeIntervals	Lick
395.838	0.0665000000000191	TimeIntervals	Lick
396.0045	0.06674999999995634	TimeIntervals	Lick
396.738	0.10000000000002274	TimeIntervals	Lick
396.8715	0.26650000000000773	TimeIntervals	Lick
397.805	0.0999999999999659	TimeIntervals	Lick
397.93825	0.06675000000001319	TimeIntervals	Lick
398.0715	0.0999999999999659	TimeIntervals	Lick
398.205	0.10000000000002274	TimeIntervals	Lick
398.8385	0.0999999999999659	TimeIntervals	Lick
399.0385	0.0665000000000191	TimeIntervals	Lick
399.37175	0.0999999999999659	TimeIntervals	Lick
399.872	0.166499999999985	TimeIntervals	Lick
400.8385	0.0999999999999659	TimeIntervals	Lick
401.13875	0.1332499999999186	TimeIntervals	Lick
401.972	0.0999999999999659	TimeIntervals	Lick
402.53900000000004	0.0999999999999659	TimeIntervals	Reward
402.67225	2.1337499999999636	TimeIntervals	Lick
404.83925	0.23324999999999818	TimeIntervals	Lick
405.106	0.10000000000002274	TimeIntervals	Lick
405.23924999999997	0.10000000000002274	TimeIntervals	Lick
405.37249999999995	0.2335000000000491	TimeIntervals	Lick
405.63950000000006	0.23324999999994134	TimeIntervals	Lick
405.90600000000006	0.0999999999999659	TimeIntervals	Lick
406.0727499999999	0.10000000000007958	TimeIntervals	Lick
406.206	0.0667499999998995	TimeIntervals	Lick
406.306	0.13349999999996953	TimeIntervals	Lick
406.50624999999997	0.06674999999995634	TimeIntervals	Lick
406.873	0.13324999999997544	TimeIntervals	Lick
407.0729999999999	0.06650000000013279	TimeIntervals	Lick
407.50624999999997	0.10025000000001683	TimeIntervals	Lick
407.8065	0.06649999999996226	TimeIntervals	Lick
408.77324999999996	0.13325000000008913	TimeIntervals	Lick
408.94000000000005	0.0999999999999659	TimeIntervals	Lick
409.6065	0.13349999999996953	TimeIntervals	Lick
410.34000000000003	0.10000000000002274	TimeIntervals	Lick
411.17350000000005	0.09999999999990905	TimeIntervals	Lick
411.507	0.0999999999999659	TimeIntervals	Lick
411.74025	0.16674999999997908	TimeIntervals	Lick
411.9405	0.0999999999999659	TimeIntervals	Lick
412.77374999999995	0.06675000000007003	TimeIntervals	Lick
413.4405	0.0999999999999659	TimeIntervals	Lick
413.70725000000004	0.0667499999998995	TimeIntervals	Lick
414.3075	0.0665000000000191	TimeIntervals	Lick
414.674	0.0999999999999659	TimeIntervals	Lick
415.1075	0.0999999999999659	TimeIntervals	Lick
415.241	0.10000000000002274	TimeIntervals	Lick
415.57425	0.10000000000002274	TimeIntervals	Lick
415.741	0.1332500000000323	TimeIntervals	Lick
416.6745	0.0999999999999659	TimeIntervals	Lick
416.94100000000003	0.0999999999999659	TimeIntervals	Lick
417.84125	0.10000000000002274	TimeIntervals	Lick
417.97450000000003	0.0999999999999659	TimeIntervals	Lick
418.508	0.0999999999999659	TimeIntervals	Lick
418.57475	0.10000000000002274	TimeIntervals	Reward
418.6415	2.66700000000003	TimeIntervals	Lick
421.34175	0.10000000000002274	TimeIntervals	Lick
421.47499999999997	0.10000000000002274	TimeIntervals	Lick
421.6085	0.10000000000002274	TimeIntervals	Lick
421.74175	0.10024999999995998	TimeIntervals	Lick
421.87525	0.10000000000007958	TimeIntervals	Lick
422.00849999999997	0.13350000000002638	TimeIntervals	Lick
422.17524999999995	0.06675000000001319	TimeIntervals	Lick
422.2752499999999	0.3667500000000814	TimeIntervals	Lick
422.7085	0.10000000000002274	TimeIntervals	Lick
422.87525	0.06675000000001319	TimeIntervals	Lick
423.00874999999996	0.06675000000001319	TimeIntervals	Lick
423.1755	0.06649999999996226	TimeIntervals	Lick
423.27549999999997	0.10000000000002274	TimeIntervals	Lick
424.1755	0.06675000000001319	TimeIntervals	Lick
424.27549999999997	0.10000000000002274	TimeIntervals	Lick
424.64225000000005	0.1332499999999186	TimeIntervals	Lick
424.94225000000006	0.1332499999999186	TimeIntervals	Lick
426.30925	0.23324999999999818	TimeIntervals	Lick
427.3425	0.10025000000007367	TimeIntervals	Lick
427.74275	0.06675000000001319	TimeIntervals	Lick
428.176	0.0999999999999659	TimeIntervals	Lick
428.3095	0.4667499999999336	TimeIntervals	Lick
428.843	0.06649999999996226	TimeIntervals	Lick
429.0095	0.10000000000002274	TimeIntervals	Lick
429.17625	0.0999999999999659	TimeIntervals	Lick
429.6097500000001	0.0999999999999659	TimeIntervals	Lick
429.80974999999995	0.10000000000002274	TimeIntervals	Lick
429.943	0.0999999999999659	TimeIntervals	Lick
430.0765	0.0999999999999659	TimeIntervals	Lick
430.20975000000004	0.09999999999990905	TimeIntervals	Lick
430.3765	0.10000000000002274	TimeIntervals	Lick
430.50975000000005	0.10000000000002274	TimeIntervals	Lick
431.04324999999994	0.1332500000000323	TimeIntervals	Lick
431.61	0.0999999999999659	TimeIntervals	Lick
431.77674999999994	0.1332500000000323	TimeIntervals	Lick
432.21	0.0999999999999659	TimeIntervals	Lick
432.47675000000004	0.06674999999995634	TimeIntervals	Lick
432.84349999999995	0.06675000000007003	TimeIntervals	Lick
433.0435	0.10000000000007958	TimeIntervals	Lick
433.577	0.06650000000007594	TimeIntervals	Lick
433.77699999999993	0.10000000000002274	TimeIntervals	Lick
435.0104999999999	0.10000000000013642	TimeIntervals	Lick
435.21049999999997	0.06674999999995634	TimeIntervals	Lick
436.144	0.09999999999990905	TimeIntervals	Lick
436.31075	0.06674999999995634	TimeIntervals	Lick
436.41075	0.06675000000001319	TimeIntervals	Lick
436.544	0.2667500000000018	TimeIntervals	Lick
436.84400000000005	0.13349999999996953	TimeIntervals	Lick
437.37749999999994	0.10000000000007958	TimeIntervals	Lick
437.9775	0.10000000000002274	TimeIntervals	Lick
438.11100000000005	0.09999999999990905	TimeIntervals	Lick
438.71099999999996	0.10000000000002274	TimeIntervals	Lick
438.97774999999996	0.06675000000001319	TimeIntervals	Lick
439.07775	0.10000000000002274	TimeIntervals	Lick
439.2445	0.1332499999999186	TimeIntervals	Lick
439.44450000000006	0.09999999999990905	TimeIntervals	Lick
439.57800000000003	0.0665000000000191	TimeIntervals	Lick
439.71125	0.13324999999997544	TimeIntervals	Lick
439.878	0.1332500000000323	TimeIntervals	Lick
440.04449999999997	0.10000000000007958	TimeIntervals	Lick
440.57800000000003	0.06675000000001319	TimeIntervals	Lick
440.74475	0.0999999999999659	TimeIntervals	Lick
441.7115	0.10000000000002274	TimeIntervals	Lick
442.11150000000004	0.0999999999999659	TimeIntervals	Lick
442.47825	0.0999999999999659	TimeIntervals	Lick
442.67825	0.06675000000001319	TimeIntervals	Lick
442.845	0.06675000000001319	TimeIntervals	Lick
442.97850000000005	0.09999999999990905	TimeIntervals	Lick
443.445	0.06675000000001319	TimeIntervals	Lick
443.545	0.23349999999987858	TimeIntervals	Lick
443.84525	0.06675000000001319	TimeIntervals	Lick
443.8785	0.10000000000007958	TimeIntervals	Reward
443.94525	1.2002500000000396	TimeIntervals	Lick
445.17875000000004	1.10024999999996	TimeIntervals	Lick
446.31225	0.10000000000002274	TimeIntervals	Lick
446.44550000000004	0.09999999999990905	TimeIntervals	Lick
446.57899999999995	0.10000000000007958	TimeIntervals	Lick
446.71225	0.10000000000002274	TimeIntervals	Lick
446.8455000000001	0.1334999999999127	TimeIntervals	Lick
447.01225	0.10024999999995998	TimeIntervals	Lick
447.14574999999996	0.10000000000002274	TimeIntervals	Lick
447.279	0.13349999999996953	TimeIntervals	Lick
447.44575000000003	0.0999999999999659	TimeIntervals	Lick
447.61249999999995	0.10000000000002274	TimeIntervals	Lick
447.74575	0.10000000000002274	TimeIntervals	Lick
447.91249999999997	0.0665000000000191	TimeIntervals	Lick
448.04575	0.06674999999995634	TimeIntervals	Lick
448.17900000000003	0.06699999999989359	TimeIntervals	Lick
448.3125	0.06675000000001319	TimeIntervals	Lick
448.546	0.1332500000000323	TimeIntervals	Lick
449.2125	0.3002500000000623	TimeIntervals	Lick
450.2459999999999	0.2335000000000491	TimeIntervals	Lick
451.013	0.1332500000000323	TimeIntervals	Lick
451.313	0.06649999999996226	TimeIntervals	Lick
451.513	0.10000000000002274	TimeIntervals	Lick
451.71299999999997	0.10000000000002274	TimeIntervals	Lick
451.84650000000005	0.0999999999999659	TimeIntervals	Lick
452.88	0.0665000000000191	TimeIntervals	Lick
453.31325	0.06675000000001319	TimeIntervals	Lick
453.4465	0.06674999999995634	TimeIntervals	Lick
453.5799999999999	0.13350000000002638	TimeIntervals	Lick
453.74675	0.0999999999999659	TimeIntervals	Lick
454.1135	0.0999999999999659	TimeIntervals	Lick
454.44675000000007	0.06674999999995634	TimeIntervals	Lick
454.5799999999999	0.13350000000002638	TimeIntervals	Lick
454.74675	0.13349999999996953	TimeIntervals	Lick
455.747	0.0999999999999659	TimeIntervals	Lick
455.9135	0.03350000000000364	TimeIntervals	Lick
456.01375	0.0999999999999659	TimeIntervals	Lick
456.347	0.10000000000002274	TimeIntervals	Lick
456.5805	0.06650000000007594	TimeIntervals	Lick
456.747	0.30025000000000546	TimeIntervals	Lick
457.71400000000006	0.0999999999999659	TimeIntervals	Lick
457.84725	0.10000000000007958	TimeIntervals	Lick
458.28074999999995	0.10000000000002274	TimeIntervals	Lick
458.41400000000004	0.0999999999999659	TimeIntervals	Lick
458.54749999999996	0.10000000000002274	TimeIntervals	Lick
458.68075000000005	0.09999999999990905	TimeIntervals	Lick
458.94750000000005	0.09999999999990905	TimeIntervals	Lick
459.21425	0.10000000000002274	TimeIntervals	Lick
459.681	0.0999999999999659	TimeIntervals	Lick
459.81425	0.10000000000002274	TimeIntervals	Lick
459.98100000000005	0.06649999999990541	TimeIntervals	Lick
460.08099999999996	0.10000000000002274	TimeIntervals	Lick
460.21425	0.10024999999995998	TimeIntervals	Lick
460.34775	0.06675000000001319	TimeIntervals	Lick
460.44775000000004	0.0999999999999659	TimeIntervals	Lick
460.58099999999996	0.10000000000002274	TimeIntervals	Lick
460.71450000000004	0.09999999999990905	TimeIntervals	Lick
460.84775	0.10000000000002274	TimeIntervals	Lick
461.0145	0.06649999999996226	TimeIntervals	Lick
461.181	0.0999999999999659	TimeIntervals	Lick
461.5145	0.10000000000002274	TimeIntervals	Lick
461.64799999999997	0.1332500000000323	TimeIntervals	Lick
461.81449999999995	0.10000000000007958	TimeIntervals	Lick
461.98125000000005	0.0999999999999659	TimeIntervals	Lick
462.21450000000004	0.09999999999990905	TimeIntervals	Lick
462.38124999999997	0.10025000000007367	TimeIntervals	Lick
462.51475000000005	0.1332499999999186	TimeIntervals	Lick
462.6815	0.09999999999990905	TimeIntervals	Lick
462.91475	0.06675000000001319	TimeIntervals	Lick
463.08149999999995	0.10000000000007958	TimeIntervals	Lick
463.51475000000005	0.10024999999990314	TimeIntervals	Lick
463.6815	0.09999999999990905	TimeIntervals	Lick
464.3815	0.23349999999993543	TimeIntervals	Lick
465.2149999999999	0.10000000000007958	TimeIntervals	Lick
465.34850000000006	0.0999999999999659	TimeIntervals	Lick
466.01525	0.13324999999997544	TimeIntervals	Lick
466.21524999999997	0.06674999999995634	TimeIntervals	Lick
466.71524999999997	0.10000000000002274	TimeIntervals	Lick
466.9155	0.10000000000002274	TimeIntervals	Lick
467.21549999999996	0.1332500000000323	TimeIntervals	Lick
467.4155	0.10000000000002274	TimeIntervals	Lick
467.7819999999999	0.13350000000008322	TimeIntervals	Lick
467.94875	0.06675000000001319	TimeIntervals	Lick
468.1155	0.0999999999999659	TimeIntervals	Lick
468.249	0.0999999999999659	TimeIntervals	Lick
468.38224999999994	0.10000000000002274	TimeIntervals	Lick
469.0825	0.30000000000001137	TimeIntervals	Lick
470.01575	0.09999999999990905	TimeIntervals	Lick
470.516	0.13324999999997544	TimeIntervals	Lick
470.7159999999999	0.10000000000013642	TimeIntervals	Lick
471.4495	0.10000000000002274	TimeIntervals	Lick
471.7159999999999	0.10000000000013642	TimeIntervals	Lick
472.016	0.0999999999999659	TimeIntervals	Lick
472.18275000000006	0.06674999999995634	TimeIntervals	Lick
472.31600000000003	0.10024999999995998	TimeIntervals	Lick
472.4495	0.10000000000002274	TimeIntervals	Lick
472.61625000000004	0.06675000000001319	TimeIntervals	Lick
472.78299999999996	0.0665000000000191	TimeIntervals	Lick
472.883	0.0665000000000191	TimeIntervals	Lick
472.98299999999995	0.10000000000007958	TimeIntervals	Lick
473.11625000000004	0.0999999999999659	TimeIntervals	Lick
473.2495	0.3002499999999486	TimeIntervals	Lick
473.61650000000003	0.0999999999999659	TimeIntervals	Lick
473.883	0.0999999999999659	TimeIntervals	Lick
474.04974999999996	0.10000000000007958	TimeIntervals	Lick
474.18300000000005	0.09999999999990905	TimeIntervals	Lick
474.75	0.13324999999997544	TimeIntervals	Lick
475.91675000000004	0.0999999999999659	TimeIntervals	Lick
476.25	0.06675000000001319	TimeIntervals	Reward
476.38349999999997	2.3670000000000186	TimeIntervals	Lick
478.78374999999994	0.6667500000000359	TimeIntervals	Lick
479.484	0.0999999999999659	TimeIntervals	Lick
479.61725	0.0999999999999659	TimeIntervals	Lick
479.7505	0.23349999999999227	TimeIntervals	Lick
480.01725	0.10025000000001683	TimeIntervals	Lick
480.15075	0.1332499999999186	TimeIntervals	Lick
480.3175	0.1332500000000323	TimeIntervals	Lick
480.5175	0.10000000000002274	TimeIntervals	Reward
480.7175	2.1335000000000264	TimeIntervals	Lick
482.8845	0.10000000000007958	TimeIntervals	Lick
483.01775	0.23324999999999818	TimeIntervals	Lick
483.2845	0.10000000000002274	TimeIntervals	Lick
483.41800000000006	0.09999999999990905	TimeIntervals	Lick
483.55125	0.10000000000002274	TimeIntervals	Lick
483.6845	0.13349999999996953	TimeIntervals	Lick
483.85125	0.10000000000002274	TimeIntervals	Lick
483.9845000000001	0.23349999999993543	TimeIntervals	Lick
484.25124999999997	0.2667500000000018	TimeIntervals	Lick
484.5515	0.10000000000007958	TimeIntervals	Lick
484.718	0.0999999999999659	TimeIntervals	Lick
484.88475000000005	0.06674999999995634	TimeIntervals	Lick
484.98475	0.1332500000000323	TimeIntervals	Lick
485.15150000000006	0.0999999999999659	TimeIntervals	Lick
485.318	0.06675000000007003	TimeIntervals	Lick
485.4515	0.0999999999999659	TimeIntervals	Lick
486.31825000000003	0.10000000000002274	TimeIntervals	Lick
486.48499999999996	0.0665000000000191	TimeIntervals	Lick
486.65150000000006	0.10024999999995998	TimeIntervals	Lick
486.81850000000003	0.10000000000002274	TimeIntervals	Lick
486.95175	0.0999999999999659	TimeIntervals	Lick
487.18499999999995	0.06675000000007003	TimeIntervals	Lick
487.55174999999997	0.10000000000002274	TimeIntervals	Reward
487.65175	2.333750000000009	TimeIntervals	Lick
490.019	0.3664999999999168	TimeIntervals	Lick
490.41900000000004	0.6334999999999695	TimeIntervals	Lick
491.08574999999996	0.10000000000002274	TimeIntervals	Lick
491.25249999999994	0.10000000000007958	TimeIntervals	Lick
491.38575	0.10000000000007958	TimeIntervals	Lick
491.5525	0.10000000000007958	TimeIntervals	Lick
491.71900000000005	0.0999999999999659	TimeIntervals	Lick
492.1190000000001	0.06699999999989359	TimeIntervals	Lick
492.386	0.0999999999999659	TimeIntervals	Lick
493.086	0.0999999999999659	TimeIntervals	Lick
493.886	0.0999999999999659	TimeIntervals	Lick
494.31950000000006	0.0999999999999659	TimeIntervals	Lick
494.4529999999999	0.13325000000008913	TimeIntervals	Lick
495.253	0.06650000000007594	TimeIntervals	Lick
495.38625	0.0667499999998995	TimeIntervals	Lick
495.51975000000004	0.0999999999999659	TimeIntervals	Lick
495.85299999999995	0.13350000000008322	TimeIntervals	Lick
496.053	0.06675000000001319	TimeIntervals	Lick
496.1865000000001	0.06649999999990541	TimeIntervals	Lick
496.82000000000005	0.0999999999999659	TimeIntervals	Lick
497.1865000000001	0.0999999999999659	TimeIntervals	Lick
497.32000000000005	0.0999999999999659	TimeIntervals	Lick
497.55324999999993	0.06675000000007003	TimeIntervals	Lick
498.12	0.26675000000005866	TimeIntervals	Lick
498.48675000000003	0.0999999999999659	TimeIntervals	Lick
498.9535	0.13349999999996953	TimeIntervals	Lick
499.1535	0.06675000000001319	TimeIntervals	Lick
499.4202500000001	0.09999999999985221	TimeIntervals	Lick
499.5535	0.10000000000002274	TimeIntervals	Lick
499.72025	0.06674999999984266	TimeIntervals	Lick
499.85350000000005	0.10024999999995998	TimeIntervals	Lick
501.1205	0.0999999999999659	TimeIntervals	Lick
501.45399999999995	0.10000000000007958	TimeIntervals	Lick
501.68725	0.10000000000002274	TimeIntervals	Lick
502.0874999999999	0.1332500000000323	TimeIntervals	Lick
502.354	0.06674999999995634	TimeIntervals	Lick
502.45399999999995	0.10000000000007958	TimeIntervals	Lick
502.5874999999999	0.10000000000007958	TimeIntervals	Lick
502.82075000000003	0.1332499999999186	TimeIntervals	Lick
502.98750000000007	0.1332499999999186	TimeIntervals	Lick
504.28774999999996	0.0999999999999659	TimeIntervals	Lick
504.45449999999994	0.06650000000007594	TimeIntervals	Lick
504.62100000000004	0.0999999999999659	TimeIntervals	Lick
505.08774999999997	0.06675000000007003	TimeIntervals	Lick
505.3545	0.13349999999996953	TimeIntervals	Lick
505.52124999999995	0.10000000000007958	TimeIntervals	Lick
505.65450000000004	0.0999999999999659	TimeIntervals	Lick
505.7879999999999	0.20000000000004547	TimeIntervals	Lick
506.0544999999999	0.10000000000013642	TimeIntervals	Lick
506.6547500000001	0.0667499999998995	TimeIntervals	Lick
506.9215	0.06649999999996226	TimeIntervals	Lick
507.9215	0.0999999999999659	TimeIntervals	Lick
508.6884999999999	0.10000000000007958	TimeIntervals	Lick
509.02175	0.0999999999999659	TimeIntervals	Lick
509.1884999999999	0.10000000000007958	TimeIntervals	Lick
509.9220000000001	0.0999999999999659	TimeIntervals	Lick
510.25525	0.0999999999999659	TimeIntervals	Lick
510.4220000000001	0.06649999999996226	TimeIntervals	Lick
510.6884999999999	0.10000000000007958	TimeIntervals	Lick
511.4555	0.06650000000007594	TimeIntervals	Lick
511.9220000000001	0.10024999999990314	TimeIntervals	Lick
512.52225	0.10000000000013642	TimeIntervals	Lick
512.6555	0.10000000000013642	TimeIntervals	Lick
512.8554999999999	0.10000000000013642	TimeIntervals	Reward
512.989	2.5337500000000546	TimeIntervals	Lick
515.5560000000002	0.09999999999990905	TimeIntervals	Lick
515.6895000000001	0.10000000000002274	TimeIntervals	Lick
515.82275	0.09999999999990905	TimeIntervals	Lick
515.9559999999999	0.10000000000025011	TimeIntervals	Lick
516.0895	0.10000000000002274	TimeIntervals	Lick
516.256	0.10024999999995998	TimeIntervals	Lick
516.523	0.10000000000002274	TimeIntervals	Lick
516.6895000000001	0.06675000000007003	TimeIntervals	Lick
516.823	0.16650000000004184	TimeIntervals	Lick
517.323	0.033249999999952706	TimeIntervals	Lick
518.123	0.09999999999990905	TimeIntervals	Lick
519.0232500000002	0.09999999999979536	TimeIntervals	Lick
519.7900000000001	0.06674999999984266	TimeIntervals	Lick
520.5235	0.10000000000002274	TimeIntervals	Lick
520.79025	0.06674999999995634	TimeIntervals	Lick
521.857	0.10000000000002274	TimeIntervals	Lick
521.9905	0.0665000000000191	TimeIntervals	Lick
522.5905	0.06650000000013279	TimeIntervals	Lick
523.1572500000001	0.10000000000002274	TimeIntervals	Lick
523.2905000000001	0.09999999999990905	TimeIntervals	Lick
524.3575	0.10000000000002274	TimeIntervals	Lick
524.624	0.06674999999995634	TimeIntervals	Lick
524.8575	0.10000000000002274	TimeIntervals	Lick
525.4575	0.10000000000002274	TimeIntervals	Lick
526.391	0.10000000000002274	TimeIntervals	Lick
526.55775	0.06674999999995634	TimeIntervals	Lick
528.0245	0.10000000000002274	TimeIntervals	Lick
528.2580000000002	0.06649999999990541	TimeIntervals	Lick
528.958	0.10000000000002274	TimeIntervals	Lick
529.95825	0.10000000000002274	TimeIntervals	Lick
530.2582500000001	0.13324999999986176	TimeIntervals	Lick
531.3249999999999	0.10000000000013642	TimeIntervals	Lick
531.625	0.13350000000002638	TimeIntervals	Lick
531.792	0.09999999999990905	TimeIntervals	Lick
532.7252500000001	0.10024999999995998	TimeIntervals	Lick
533.1255000000001	0.09999999999990905	TimeIntervals	Lick
533.85875	0.06675000000007003	TimeIntervals	Lick
533.99225	0.06675000000007003	TimeIntervals	Lick
534.3922499999999	0.10000000000013642	TimeIntervals	Lick
534.959	0.06675000000007003	TimeIntervals	Lick
535.359	0.09999999999990905	TimeIntervals	Lick
535.4925	0.06650000000013279	TimeIntervals	Lick
535.5925	0.13324999999997544	TimeIntervals	Lick
536.2925	0.06674999999995634	TimeIntervals	Lick
537.0592500000002	0.09999999999979536	TimeIntervals	Lick
537.526	0.10000000000013642	TimeIntervals	Lick
537.7595000000001	0.06649999999979173	TimeIntervals	Lick
537.926	0.09999999999990905	TimeIntervals	Lick
538.226	0.06700000000000728	TimeIntervals	Lick
538.393	0.0665000000000191	TimeIntervals	Lick
538.52625	0.10000000000002274	TimeIntervals	Lick
538.6595000000001	0.06674999999984266	TimeIntervals	Lick
538.7595000000001	0.09999999999990905	TimeIntervals	Lick
538.92625	0.2667500000001155	TimeIntervals	Lick
539.6265	0.10000000000002274	TimeIntervals	Lick
540.59325	0.10000000000013642	TimeIntervals	Lick
540.7265	0.10000000000002274	TimeIntervals	Lick
542.0935000000001	0.06649999999990541	TimeIntervals	Lick
542.7270000000001	0.06649999999990541	TimeIntervals	Lick
542.86025	0.10000000000013642	TimeIntervals	Lick
543.1935	0.10000000000002274	TimeIntervals	Lick
543.36025	0.13325000000008913	TimeIntervals	Lick
544.0269999999999	0.06675000000007003	TimeIntervals	Lick
544.1605	0.13324999999997544	TimeIntervals	Reward
544.2937499999999	2.1337500000000773	TimeIntervals	Lick
546.4607500000002	0.2332499999998845	TimeIntervals	Lick
546.7275000000001	0.23325000000011187	TimeIntervals	Lick
546.994	0.10000000000013642	TimeIntervals	Lick
547.1275	0.10000000000002274	TimeIntervals	Lick
547.261	0.06650000000013279	TimeIntervals	Lick
547.3942499999999	0.10000000000013642	TimeIntervals	Lick
547.5275	0.06675000000007003	TimeIntervals	Lick
547.661	0.23324999999999818	TimeIntervals	Lick
547.961	0.0665000000000191	TimeIntervals	Lick
548.1945000000001	0.09999999999990905	TimeIntervals	Lick
548.3945000000001	0.09999999999990905	TimeIntervals	Lick
548.561	0.06675000000007003	TimeIntervals	Lick
549.0945000000002	0.09999999999990905	TimeIntervals	Lick
549.76125	0.10000000000002274	TimeIntervals	Lick
550.3945000000001	0.1002499999998463	TimeIntervals	Lick
550.5615	0.06650000000013279	TimeIntervals	Lick
550.8615000000002	0.06649999999979173	TimeIntervals	Lick
550.99475	0.10000000000013642	TimeIntervals	Lick
551.3280000000001	0.06675000000007003	TimeIntervals	Lick
552.095	0.10000000000002274	TimeIntervals	Lick
553.3285	0.10000000000002274	TimeIntervals	Lick
553.46175	0.10000000000002274	TimeIntervals	Lick
553.9620000000001	0.09999999999990905	TimeIntervals	Lick
554.1952500000001	0.10000000000002274	TimeIntervals	Lick
555.562	0.10000000000013642	TimeIntervals	Lick
555.6955000000002	0.09999999999990905	TimeIntervals	Lick
555.8287500000001	0.10024999999995998	TimeIntervals	Lick
556.99575	0.10000000000002274	TimeIntervals	Lick
557.6957500000001	0.10000000000002274	TimeIntervals	Lick
557.9625000000001	0.09999999999990905	TimeIntervals	Lick
558.8625000000002	0.06674999999972897	TimeIntervals	Lick
559.596	0.09999999999990905	TimeIntervals	Lick
559.76275	0.06675000000018372	TimeIntervals	Lick
560.5295000000001	0.1334999999999127	TimeIntervals	Lick
561.7297500000002	0.06674999999984266	TimeIntervals	Lick
562.93	0.13324999999997544	TimeIntervals	Lick
564.5300000000001	0.10000000000002274	TimeIntervals	Lick
564.697	0.0665000000000191	TimeIntervals	Lick
565.5635	0.10000000000002274	TimeIntervals	Lick
566.1305000000001	0.10000000000002274	TimeIntervals	Lick
567.064	0.10000000000013642	TimeIntervals	Lick
569.5975	0.10000000000002274	TimeIntervals	Lick
569.731	0.0665000000000191	TimeIntervals	Lick
569.831	0.13324999999997544	TimeIntervals	Lick
570.4977500000001	0.09999999999990905	TimeIntervals	Lick
570.531	0.10000000000002274	TimeIntervals	Reward
570.631	2.500500000000102	TimeIntervals	Lick
573.1647500000001	0.10000000000002274	TimeIntervals	Lick
573.2980000000001	0.09999999999990905	TimeIntervals	Lick
573.4315	0.10000000000002274	TimeIntervals	Lick
573.565	0.10000000000002274	TimeIntervals	Lick
573.69825	0.10000000000002274	TimeIntervals	Lick
573.8315	0.10000000000002274	TimeIntervals	Lick
573.965	0.2665000000000646	TimeIntervals	Lick
574.2650000000001	0.06649999999990541	TimeIntervals	Lick
574.3650000000001	0.09999999999990905	TimeIntervals	Lick
574.49825	0.10024999999995998	TimeIntervals	Lick
574.63175	0.10000000000013642	TimeIntervals	Lick
575.13175	0.10000000000013642	TimeIntervals	Lick
576.1985	0.06675000000018372	TimeIntervals	Lick
576.9655	0.10000000000013642	TimeIntervals	Lick
577.5655000000002	0.06649999999990541	TimeIntervals	Lick
577.69875	0.06675000000007003	TimeIntervals	Lick
577.79875	0.10025000000007367	TimeIntervals	Lick
578.0322500000001	0.09999999999990905	TimeIntervals	Lick
578.1655000000001	0.10000000000002274	TimeIntervals	Lick
578.2990000000001	0.10000000000002274	TimeIntervals	Lick
578.43225	0.10000000000013642	TimeIntervals	Lick
578.599	0.0665000000000191	TimeIntervals	Lick
578.73225	0.10000000000002274	TimeIntervals	Lick
578.8655000000001	0.09999999999990905	TimeIntervals	Lick
578.999	0.10000000000002274	TimeIntervals	Lick
579.1325	0.10000000000002274	TimeIntervals	Lick
579.2657500000001	0.10000000000002274	TimeIntervals	Lick
579.3990000000001	0.09999999999990905	TimeIntervals	Lick
579.5325	0.20000000000004547	TimeIntervals	Lick
579.7657500000001	0.10000000000002274	TimeIntervals	Lick
579.8990000000001	0.20024999999986903	TimeIntervals	Lick
580.1660000000002	0.06649999999990541	TimeIntervals	Lick
580.2992500000001	0.06675000000007003	TimeIntervals	Lick
580.3992500000002	0.09999999999990905	TimeIntervals	Lick
580.59925	0.06675000000018372	TimeIntervals	Lick
580.7325000000001	0.06675000000007003	TimeIntervals	Lick
580.8660000000002	0.06649999999979173	TimeIntervals	Lick
580.966	0.10000000000013642	TimeIntervals	Lick
581.6660000000002	0.09999999999979536	TimeIntervals	Lick
581.7995000000001	0.13324999999997544	TimeIntervals	Lick
581.9995	0.10000000000013642	TimeIntervals	Lick
582.13275	0.10025000000007367	TimeIntervals	Lick
582.2995000000001	0.10000000000002274	TimeIntervals	Lick
582.4995	0.10000000000013642	TimeIntervals	Lick
582.633	0.10000000000002274	TimeIntervals	Lick
582.7995000000001	0.10000000000002274	TimeIntervals	Lick
582.933	0.10000000000002274	TimeIntervals	Lick
583.0662500000001	0.10000000000013642	TimeIntervals	Lick
583.2330000000001	0.10000000000002274	TimeIntervals	Lick
583.39975	0.033249999999952706	TimeIntervals	Lick
583.7330000000001	0.10000000000002274	TimeIntervals	Lick
583.9997500000001	0.09999999999990905	TimeIntervals	Lick
584.39975	0.10024999999995998	TimeIntervals	Lick
584.6	0.06650000000013279	TimeIntervals	Lick
584.8000000000001	0.10000000000002274	TimeIntervals	Lick
584.9665	0.10000000000002274	TimeIntervals	Lick
585.1	0.06650000000013279	TimeIntervals	Lick
585.2000000000002	0.09999999999990905	TimeIntervals	Lick
585.3332500000001	0.09999999999990905	TimeIntervals	Lick
585.4665	0.10024999999995998	TimeIntervals	Lick
585.6667500000001	0.06675000000007003	TimeIntervals	Lick
585.86675	0.1999999999999318	TimeIntervals	Lick
586.1334999999999	0.10000000000025011	TimeIntervals	Lick
587.0002499999999	0.10000000000013642	TimeIntervals	Lick
587.20025	0.10000000000013642	TimeIntervals	Lick
587.7670000000002	0.1334999999999127	TimeIntervals	Lick
588.667	0.10000000000013642	TimeIntervals	Lick
589.134	0.10000000000002274	TimeIntervals	Lick
589.3005000000002	0.09999999999990905	TimeIntervals	Lick
589.434	0.10000000000013642	TimeIntervals	Lick
589.9005000000001	0.1002499999998463	TimeIntervals	Reward
590.0007499999999	2.2337500000001	TimeIntervals	Lick
592.2677500000001	0.09999999999990905	TimeIntervals	Lick
592.401	0.10000000000002274	TimeIntervals	Lick
592.5345	0.23325000000011187	TimeIntervals	Lick
592.8010000000002	0.3999999999998636	TimeIntervals	Lick
593.2345	0.10000000000002274	TimeIntervals	Lick
593.4012500000001	0.09999999999979536	TimeIntervals	Lick
593.5345	0.06675000000007003	TimeIntervals	Lick
593.6680000000001	0.09999999999990905	TimeIntervals	Lick
593.8345	0.09999999999990905	TimeIntervals	Lick
594.0680000000001	0.10000000000002274	TimeIntervals	Lick
594.2345	0.06675000000007003	TimeIntervals	Lick
594.8015000000001	0.09999999999990905	TimeIntervals	Lick
595.13475	0.06675000000007003	TimeIntervals	Lick
595.4015	0.09999999999990905	TimeIntervals	Lick
596.3350000000002	0.09999999999979536	TimeIntervals	Lick
597.3685000000002	0.09999999999979536	TimeIntervals	Lick
597.535	0.06674999999995634	TimeIntervals	Lick
598.0352499999999	0.06675000000018372	TimeIntervals	Lick
598.9354999999999	0.10000000000002274	TimeIntervals	Lick
599.3687500000001	0.09999999999990905	TimeIntervals	Lick
600.0690000000001	0.06649999999990541	TimeIntervals	Lick
600.5690000000001	0.10000000000002274	TimeIntervals	Lick
600.7355000000001	0.09999999999990905	TimeIntervals	Lick
601.5024999999999	0.10000000000013642	TimeIntervals	Lick
601.6690000000001	0.06674999999995634	TimeIntervals	Lick
602.5024999999999	0.10000000000013642	TimeIntervals	Lick
602.636	0.10000000000013642	TimeIntervals	Lick
603.436	0.13350000000002638	TimeIntervals	Lick
603.636	0.06675000000018372	TimeIntervals	Lick
604.8362500000001	0.06674999999995634	TimeIntervals	Lick
605.6030000000001	0.06674999999995634	TimeIntervals	Lick
606.1365	0.06650000000013279	TimeIntervals	Lick
606.9032500000001	0.06674999999995634	TimeIntervals	Lick
607.63675	0.10000000000002274	TimeIntervals	Lick
608.2035000000001	0.10000000000002274	TimeIntervals	Lick
608.6035000000002	0.09999999999990905	TimeIntervals	Lick
608.8035000000001	0.09999999999990905	TimeIntervals	Lick
609.1035000000002	0.09999999999990905	TimeIntervals	Lick
609.237	0.06650000000013279	TimeIntervals	Lick
609.3370000000001	0.09999999999979536	TimeIntervals	Lick
609.4702500000001	0.13325000000008913	TimeIntervals	Lick
609.7035000000001	0.10024999999995998	TimeIntervals	Lick
610.0037500000001	0.10000000000002274	TimeIntervals	Lick
610.1705000000001	0.06649999999990541	TimeIntervals	Lick
610.4369999999999	0.4002500000001419	TimeIntervals	Lick
610.8705000000001	0.09999999999990905	TimeIntervals	Lick
611.7372500000001	0.09999999999990905	TimeIntervals	Lick
611.8705000000001	0.1002499999998463	TimeIntervals	Lick
612.1707500000001	0.10000000000002274	TimeIntervals	Lick
612.404	0.06674999999995634	TimeIntervals	Lick
612.5374999999999	0.06650000000024647	TimeIntervals	Lick
612.6375	0.10000000000002274	TimeIntervals	Lick
612.7707500000001	0.09999999999990905	TimeIntervals	Lick
612.904	0.10000000000002274	TimeIntervals	Lick
613.0709999999999	0.10000000000025011	TimeIntervals	Lick
613.1710000000002	0.09999999999990905	TimeIntervals	Reward
613.2710000000001	2.366999999999962	TimeIntervals	Lick
615.6712500000001	0.10000000000002274	TimeIntervals	Lick
615.8045000000001	0.10000000000002274	TimeIntervals	Lick
615.938	0.26650000000017826	TimeIntervals	Lick
616.2380000000002	0.09999999999990905	TimeIntervals	Lick
616.3715000000001	0.10000000000002274	TimeIntervals	Lick
616.7380000000002	0.06674999999995634	TimeIntervals	Lick
617.1715	0.13325000000008913	TimeIntervals	Lick
617.83825	0.09999999999990905	TimeIntervals	Lick
618.03825	0.03325000000006639	TimeIntervals	Lick
620.30525	0.06675000000018372	TimeIntervals	Lick
620.6052500000001	0.10024999999995998	TimeIntervals	Lick
621.672	0.10000000000013642	TimeIntervals	Lick
622.3055	0.06675000000007003	TimeIntervals	Lick
623.20575	0.06675000000018372	TimeIntervals	Lick
623.90575	0.06674999999995634	TimeIntervals	Lick
624.3725000000002	0.06674999999984266	TimeIntervals	Lick
624.4725	0.10000000000002274	TimeIntervals	Reward
624.5725	2.5337500000000546	TimeIntervals	Lick
627.1395000000001	0.09999999999990905	TimeIntervals	Lick
627.273	0.10000000000013642	TimeIntervals	Lick
627.4065000000002	0.09999999999979536	TimeIntervals	Lick
627.53975	0.10000000000013642	TimeIntervals	Lick
627.6730000000001	0.09999999999990905	TimeIntervals	Lick
627.8065	0.10000000000013642	TimeIntervals	Lick
627.9397499999999	0.10000000000013642	TimeIntervals	Lick
628.1065000000001	0.23324999999999818	TimeIntervals	Lick
628.3730000000002	0.133499999999799	TimeIntervals	Lick
628.54	0.06650000000013279	TimeIntervals	Lick
628.97325	0.06674999999995634	TimeIntervals	Lick
629.2732500000002	0.06674999999995634	TimeIntervals	Lick
629.5065	0.06700000000000728	TimeIntervals	Lick
629.7735000000001	0.1999999999998181	TimeIntervals	Lick
630.607	0.10000000000002274	TimeIntervals	Lick
630.8070000000001	0.03324999999983902	TimeIntervals	Lick
631.04025	0.10000000000002274	TimeIntervals	Lick
631.1735000000001	0.10000000000002274	TimeIntervals	Lick
631.34025	0.10000000000002274	TimeIntervals	Lick
631.4735	0.10000000000002274	TimeIntervals	Lick
631.64025	0.06674999999995634	TimeIntervals	Lick
631.7737500000001	0.06674999999995634	TimeIntervals	Lick
631.8737500000002	0.13324999999986176	TimeIntervals	Lick
632.4070000000002	0.133499999999799	TimeIntervals	Lick
633.0405	0.10000000000013642	TimeIntervals	Lick
633.1740000000001	0.10000000000002274	TimeIntervals	Lick
633.474	0.06649999999990541	TimeIntervals	Lick
633.6072499999999	0.10000000000013642	TimeIntervals	Lick
633.7405	0.13350000000002638	TimeIntervals	Lick
633.94075	0.06675000000007003	TimeIntervals	Lick
634.94075	0.06675000000007003	TimeIntervals	Lick
635.2742500000002	0.09999999999990905	TimeIntervals	Lick
635.8742500000001	0.09999999999990905	TimeIntervals	Lick
636.4077500000001	0.09999999999990905	TimeIntervals	Lick
636.6745	0.20000000000015916	TimeIntervals	Lick
636.9077500000001	0.09999999999990905	TimeIntervals	Lick
637.0745000000001	0.06649999999990541	TimeIntervals	Lick
637.208	0.10000000000013642	TimeIntervals	Lick
637.44125	0.10000000000013642	TimeIntervals	Reward
637.5745000000001	3.100500000000011	TimeIntervals	Lick
640.7085000000001	0.10000000000013642	TimeIntervals	Lick
640.8750000000001	0.09999999999979536	TimeIntervals	Lick
641.0084999999999	0.06650000000024647	TimeIntervals	Lick
641.1084999999999	0.10000000000013642	TimeIntervals	Lick
641.742	0.10000000000013642	TimeIntervals	Lick
642.042	0.06649999999990541	TimeIntervals	Lick
642.2085000000001	0.10000000000013642	TimeIntervals	Lick
642.6755000000002	0.13324999999997544	TimeIntervals	Lick
642.90875	0.40000000000009095	TimeIntervals	Lick
643.7087500000001	0.1334999999999127	TimeIntervals	Lick
644.97575	0.10000000000013642	TimeIntervals	Lick
646.10925	0.10000000000013642	TimeIntervals	Lick
646.776	0.06650000000013279	TimeIntervals	Lick
647.076	0.06674999999995634	TimeIntervals	Lick
647.4095	0.0665000000000191	TimeIntervals	Lick
647.9095	0.0665000000000191	TimeIntervals	Lick
648.1095	0.06650000000013279	TimeIntervals	Lick
648.87625	0.06674999999995634	TimeIntervals	Lick
649.043	0.10000000000002274	TimeIntervals	Lick
649.743	0.09999999999990905	TimeIntervals	Lick
651.14325	0.10000000000013642	TimeIntervals	Lick
652.7435	0.10000000000002274	TimeIntervals	Reward
652.8770000000001	2.900250000000028	TimeIntervals	Lick
655.8105	0.10024999999995998	TimeIntervals	Lick
655.944	0.2667500000002292	TimeIntervals	Lick
656.244	0.10000000000013642	TimeIntervals	Lick
656.3775	0.06649999999990541	TimeIntervals	Lick
656.5440000000001	0.09999999999990905	TimeIntervals	Lick
656.7107500000002	0.09999999999990905	TimeIntervals	Lick
657.411	0.13325000000008913	TimeIntervals	Lick
657.5775000000001	0.06674999999984266	TimeIntervals	Lick
657.7110000000001	0.0665000000000191	TimeIntervals	Lick
657.94425	0.10000000000002274	TimeIntervals	Lick
658.4445	0.10000000000002274	TimeIntervals	Lick
658.6777500000001	0.09999999999990905	TimeIntervals	Lick
658.8777500000001	0.09999999999990905	TimeIntervals	Lick
659.07775	0.10024999999995998	TimeIntervals	Lick
659.2112500000001	0.10000000000013642	TimeIntervals	Lick
659.41125	0.06675000000007003	TimeIntervals	Lick
659.5445	0.10000000000002274	TimeIntervals	Lick
659.7112500000001	0.06674999999995634	TimeIntervals	Lick
659.8445000000002	0.09999999999979536	TimeIntervals	Lick
659.9780000000001	0.10000000000002274	TimeIntervals	Lick
660.178	0.10000000000002274	TimeIntervals	Lick
660.3447500000001	0.09999999999990905	TimeIntervals	Lick
660.4780000000001	0.1999999999999318	TimeIntervals	Lick
660.7447500000001	0.06674999999995634	TimeIntervals	Lick
660.8780000000002	0.06674999999984266	TimeIntervals	Lick
661.14475	0.06675000000007003	TimeIntervals	Lick
661.4115	0.06674999999995634	TimeIntervals	Lick
661.7450000000001	0.13324999999997544	TimeIntervals	Lick
662.1450000000001	0.10000000000002274	TimeIntervals	Lick
662.51175	0.10000000000002274	TimeIntervals	Lick
662.6450000000001	0.13350000000002638	TimeIntervals	Lick
662.8117500000001	0.09999999999990905	TimeIntervals	Lick
663.0785000000001	0.09999999999990905	TimeIntervals	Lick
663.3117500000001	0.09999999999990905	TimeIntervals	Lick
663.445	0.09999999999990905	TimeIntervals	Lick
663.5785000000001	0.09999999999990905	TimeIntervals	Lick
663.7120000000001	0.09999999999990905	TimeIntervals	Lick
663.8452500000001	0.09999999999979536	TimeIntervals	Lick
664.0120000000001	0.09999999999990905	TimeIntervals	Lick
664.77875	0.13324999999997544	TimeIntervals	Lick
665.8455000000001	0.09999999999979536	TimeIntervals	Lick
666.7790000000001	0.10000000000002274	TimeIntervals	Lick
667.24575	0.10000000000002274	TimeIntervals	Lick
667.7125000000001	0.09999999999990905	TimeIntervals	Lick
667.8457500000001	0.1334999999999127	TimeIntervals	Lick
668.2125000000001	0.06674999999995634	TimeIntervals	Lick
668.4459999999999	0.10000000000002274	TimeIntervals	Lick
668.8460000000001	0.09999999999979536	TimeIntervals	Lick
669.0459999999999	0.10000000000013642	TimeIntervals	Lick
669.2795000000001	0.10000000000002274	TimeIntervals	Lick
669.4459999999999	0.06675000000007003	TimeIntervals	Lick
669.61275	0.20000000000004547	TimeIntervals	Lick
669.7795000000001	0.10000000000002274	TimeIntervals	Reward
669.8795000000001	1.3334999999999582	TimeIntervals	Lick
671.2465000000001	1.1000000000000227	TimeIntervals	Lick
672.3800000000001	0.09999999999979536	TimeIntervals	Lick
672.5132500000001	0.10000000000002274	TimeIntervals	Lick
672.6465000000002	0.26674999999988813	TimeIntervals	Lick
672.9464999999999	0.10000000000002274	TimeIntervals	Lick
673.1132500000001	0.06675000000007003	TimeIntervals	Lick
673.2465000000001	0.13350000000002638	TimeIntervals	Lick
673.6800000000002	0.13350000000002638	TimeIntervals	Lick
673.8800000000001	0.06674999999984266	TimeIntervals	Lick
674.0135	0.0665000000000191	TimeIntervals	Lick
674.1800000000002	0.06674999999984266	TimeIntervals	Lick
675.71375	0.10000000000002274	TimeIntervals	Lick
676.0805	0.0665000000000191	TimeIntervals	Lick
676.2805	0.06650000000013279	TimeIntervals	Lick
677.414	0.10000000000013642	TimeIntervals	Lick
678.4475	0.03325000000006639	TimeIntervals	Lick
678.7475000000001	0.06650000000013279	TimeIntervals	Lick
679.7810000000001	0.13324999999986176	TimeIntervals	Lick
680.5477500000001	0.13324999999997544	TimeIntervals	Lick
680.7477500000001	0.033249999999952706	TimeIntervals	Lick
682.1145	0.10000000000002274	TimeIntervals	Lick
682.81475	0.06675000000007003	TimeIntervals	Lick
683.3815000000001	0.10000000000002274	TimeIntervals	Lick
684.015	0.10000000000002274	TimeIntervals	Lick
684.2150000000001	0.0665000000000191	TimeIntervals	Lick
684.3482500000001	0.1002499999998463	TimeIntervals	Lick
684.5485	0.0665000000000191	TimeIntervals	Lick
684.7817500000001	0.06675000000007003	TimeIntervals	Lick
684.915	0.10000000000002274	TimeIntervals	Lick
685.0485	0.10000000000002274	TimeIntervals	Lick
685.1817500000001	0.06675000000007003	TimeIntervals	Lick
685.315	0.06675000000007003	TimeIntervals	Lick
685.415	0.10000000000002274	TimeIntervals	Lick
685.5485	0.20000000000015916	TimeIntervals	Lick
685.7820000000002	0.09999999999990905	TimeIntervals	Lick
685.91525	0.13324999999997544	TimeIntervals	Lick
686.082	0.10000000000002274	TimeIntervals	Lick
686.482	0.10000000000002274	TimeIntervals	Lick
686.6485	0.10024999999995998	TimeIntervals	Lick
687.749	0.10000000000013642	TimeIntervals	Lick
687.8822500000001	0.09999999999990905	TimeIntervals	Lick
688.3155000000002	0.09999999999979536	TimeIntervals	Lick
688.449	0.06650000000013279	TimeIntervals	Lick
688.58225	0.20000000000004547	TimeIntervals	Lick
688.8155000000002	0.20024999999986903	TimeIntervals	Lick
689.0490000000001	1.0002499999999372	TimeIntervals	Lick
689.1825000000001	0.09999999999990905	TimeIntervals	Reward
690.0825000000001	0.10000000000002274	TimeIntervals	Lick
690.216	1.1000000000001364	TimeIntervals	Lick
691.3495000000001	0.599999999999909	TimeIntervals	Lick
691.98275	0.36675000000013824	TimeIntervals	Lick
692.3830000000002	0.09999999999990905	TimeIntervals	Lick
692.51625	0.10000000000002274	TimeIntervals	Lick
692.6495000000001	0.09999999999990905	TimeIntervals	Lick
692.7830000000001	0.2664999999998372	TimeIntervals	Lick
693.083	0.10000000000013642	TimeIntervals	Lick
693.2165	0.13324999999997544	TimeIntervals	Lick
693.3830000000002	0.09999999999990905	TimeIntervals	Lick
693.5165	0.13325000000008913	TimeIntervals	Lick
693.7165	0.06650000000013279	TimeIntervals	Lick
693.8165	0.13324999999997544	TimeIntervals	Lick
694.2830000000001	0.13350000000002638	TimeIntervals	Lick
694.6500000000001	0.06649999999990541	TimeIntervals	Lick
695.35	0.09999999999990905	TimeIntervals	Lick
695.51675	0.06675000000007003	TimeIntervals	Lick
695.71675	0.09999999999990905	TimeIntervals	Lick
696.01675	0.09999999999990905	TimeIntervals	Lick
696.1500000000001	0.09999999999990905	TimeIntervals	Lick
696.31675	0.20024999999998272	TimeIntervals	Lick
696.5835000000001	0.23349999999993543	TimeIntervals	Lick
696.8502500000001	0.09999999999979536	TimeIntervals	Lick
696.9835000000002	0.06674999999984266	TimeIntervals	Lick
697.0835000000001	0.13350000000002638	TimeIntervals	Lick
697.25025	0.26674999999988813	TimeIntervals	Lick
697.5835000000001	0.10024999999995998	TimeIntervals	Lick
697.7505000000001	0.06649999999990541	TimeIntervals	Lick
698.0169999999999	0.06675000000018372	TimeIntervals	Lick
698.1170000000001	0.10000000000002274	TimeIntervals	Lick
698.28375	0.10000000000013642	TimeIntervals	Lick
698.5505000000002	0.09999999999990905	TimeIntervals	Lick
698.68375	0.10025000000007367	TimeIntervals	Lick
698.8505	0.10000000000002274	TimeIntervals	Lick
699.01725	0.10000000000013642	TimeIntervals	Lick
699.1505000000001	0.10000000000002274	TimeIntervals	Lick
699.3172500000001	0.1999999999999318	TimeIntervals	Lick
699.5505000000002	0.06674999999995634	TimeIntervals	Lick
699.6840000000001	0.0665000000000191	TimeIntervals	Lick
700.2175000000001	0.1999999999998181	TimeIntervals	Lick
700.5175	0.13324999999997544	TimeIntervals	Lick
700.98425	0.06675000000007003	TimeIntervals	Lick
701.3175000000001	0.09999999999979536	TimeIntervals	Lick
701.8842500000002	0.06674999999984266	TimeIntervals	Lick
702.0175	0.06700000000000728	TimeIntervals	Lick
702.151	0.10000000000025011	TimeIntervals	Lick
702.5177500000001	0.09999999999979536	TimeIntervals	Lick
702.651	0.10000000000025011	TimeIntervals	Lick
703.0845	0.1334999999999127	TimeIntervals	Lick
703.25125	0.10000000000013642	TimeIntervals	Lick
703.3845000000001	0.09999999999990905	TimeIntervals	Lick
703.9512500000001	0.09999999999990905	TimeIntervals	Lick
704.1179999999999	0.2335000000002765	TimeIntervals	Lick
704.718	0.13350000000025375	TimeIntervals	Lick
705.1515	0.09999999999990905	TimeIntervals	Lick
705.28475	0.06675000000018372	TimeIntervals	Lick
705.4182500000001	0.09999999999990905	TimeIntervals	Lick
706.2515	0.10000000000025011	TimeIntervals	Lick
707.0517500000001	0.09999999999990905	TimeIntervals	Lick
707.485	0.13350000000002638	TimeIntervals	Lick
708.6185	0.10025000000007367	TimeIntervals	Lick
709.0187500000001	0.09999999999990905	TimeIntervals	Lick
709.3855000000003	0.09999999999968168	TimeIntervals	Lick
709.552	0.06674999999995634	TimeIntervals	Lick
709.9190000000001	0.06649999999990541	TimeIntervals	Lick
710.0855000000001	0.09999999999990905	TimeIntervals	Lick
710.4190000000001	0.09999999999990905	TimeIntervals	Lick
710.55225	0.10000000000013642	TimeIntervals	Lick
710.9190000000001	0.09999999999990905	TimeIntervals	Lick
711.18575	0.10000000000013642	TimeIntervals	Lick
711.7525	0.10000000000002274	TimeIntervals	Lick
712.2525	0.10000000000002274	TimeIntervals	Lick
713.15275	0.10000000000013642	TimeIntervals	Lick
713.3195000000001	0.0665000000000191	TimeIntervals	Lick
714.0195	0.13350000000002638	TimeIntervals	Lick
715.0195	0.10000000000002274	TimeIntervals	Lick
715.8197500000001	0.09999999999990905	TimeIntervals	Lick
716.5532499999999	0.06675000000007003	TimeIntervals	Lick
716.92	0.10000000000013642	TimeIntervals	Lick
717.12	0.10000000000002274	TimeIntervals	Lick
717.25325	0.10000000000013642	TimeIntervals	Lick
717.3865000000001	0.10024999999995998	TimeIntervals	Lick
717.6867500000001	0.10000000000013642	TimeIntervals	Lick
719.9537499999999	0.06675000000007003	TimeIntervals	Lick
720.3537500000002	0.09999999999968168	TimeIntervals	Lick
720.55375	0.09999999999990905	TimeIntervals	Lick
721.154	0.10000000000002274	TimeIntervals	Lick
721.28725	0.10000000000013642	TimeIntervals	Lick
721.4205000000001	0.09999999999990905	TimeIntervals	Lick
721.5540000000001	1.099999999999909	TimeIntervals	Lick
721.5540000000001	0.09999999999990905	TimeIntervals	Reward
722.6875	1.500250000000051	TimeIntervals	Lick
724.221	0.23349999999993543	TimeIntervals	Lick
724.48775	0.10000000000013642	TimeIntervals	Lick
724.6210000000001	0.1334999999999127	TimeIntervals	Lick
724.7877500000001	0.10000000000002274	TimeIntervals	Lick
724.921	0.10000000000002274	TimeIntervals	Lick
725.0880000000001	0.10000000000002274	TimeIntervals	Lick
725.288	0.06650000000013279	TimeIntervals	Lick
725.42125	0.033249999999952706	TimeIntervals	Lick
725.5212499999999	0.06675000000018372	TimeIntervals	Lick
725.6880000000001	0.06649999999990541	TimeIntervals	Lick
726.1545000000001	0.10024999999995998	TimeIntervals	Lick
726.3215	0.06650000000013279	TimeIntervals	Lick
727.1215000000001	0.09999999999990905	TimeIntervals	Lick
727.2547500000001	0.10024999999995998	TimeIntervals	Lick
728.42175	0.10000000000002274	TimeIntervals	Lick
728.5885	0.06650000000013279	TimeIntervals	Lick
728.8217500000001	0.06674999999995634	TimeIntervals	Lick
728.92175	0.06675000000007003	TimeIntervals	Lick
729.6552500000001	0.10000000000002274	TimeIntervals	Lick
729.8220000000001	0.06649999999990541	TimeIntervals	Lick
730.0885	0.10000000000025011	TimeIntervals	Lick
730.7220000000001	0.06675000000007003	TimeIntervals	Lick
731.3887500000001	0.13324999999997544	TimeIntervals	Lick
732.8890000000001	0.09999999999990905	TimeIntervals	Lick
733.8557500000002	0.10024999999973261	TimeIntervals	Lick
734.3560000000001	0.09999999999979536	TimeIntervals	Lick
734.556	0.06649999999990541	TimeIntervals	Lick
734.7225	0.10000000000002274	TimeIntervals	Lick
734.9895	0.1999999999999318	TimeIntervals	Lick
735.3895000000002	0.09999999999979536	TimeIntervals	Lick
735.556	0.06674999999995634	TimeIntervals	Lick
736.123	0.13325000000008913	TimeIntervals	Lick
736.923	0.09999999999990905	TimeIntervals	Lick
737.0895	0.03350000000000364	TimeIntervals	Lick
737.1895	0.2002500000002101	TimeIntervals	Lick
737.4565	0.10000000000002274	TimeIntervals	Lick
737.7230000000001	0.10000000000002274	TimeIntervals	Lick
738.32325	0.10000000000002274	TimeIntervals	Lick
740.25675	0.06674999999995634	TimeIntervals	Lick
742.62375	0.10025000000018736	TimeIntervals	Lick
742.7905000000001	0.06674999999995634	TimeIntervals	Lick
742.95725	0.09999999999990905	TimeIntervals	Lick
743.55725	0.10000000000013642	TimeIntervals	Lick
743.6905000000002	0.09999999999990905	TimeIntervals	Lick
743.8575000000001	0.10000000000002274	TimeIntervals	Lick
743.8907500000001	0.09999999999979536	TimeIntervals	Reward
743.9907499999999	2.5337500000000546	TimeIntervals	Lick
746.55775	0.10000000000002274	TimeIntervals	Lick
746.6910000000001	0.10000000000002274	TimeIntervals	Lick
746.8245000000002	0.09999999999979536	TimeIntervals	Lick
746.9577499999999	0.2335000000000491	TimeIntervals	Lick
747.2245000000001	0.10000000000002274	TimeIntervals	Lick
747.39125	0.10000000000002274	TimeIntervals	Lick
747.5245	0.10000000000002274	TimeIntervals	Lick
747.69125	0.06675000000018372	TimeIntervals	Lick
747.89125	0.06674999999995634	TimeIntervals	Lick
748.09125	0.10025000000007367	TimeIntervals	Lick
748.3915000000001	0.10000000000002274	TimeIntervals	Lick
751.3250000000002	0.06674999999995634	TimeIntervals	Lick
751.692	0.10000000000013642	TimeIntervals	Lick
754.3255	0.10000000000013642	TimeIntervals	Lick
754.5590000000001	0.13324999999997544	TimeIntervals	Lick
754.9257500000001	0.13324999999997544	TimeIntervals	Lick
755.0925000000001	0.10000000000002274	TimeIntervals	Lick
756.1925000000001	0.06674999999995634	TimeIntervals	Lick
757.7595000000001	0.06649999999990541	TimeIntervals	Lick
758.1262499999999	0.06675000000018372	TimeIntervals	Lick
759.2265000000002	0.09999999999990905	TimeIntervals	Lick
759.65975	0.10000000000002274	TimeIntervals	Lick
760.05975	0.10000000000002274	TimeIntervals	Lick
760.2265000000002	0.06674999999995634	TimeIntervals	Lick
760.3265000000001	0.09999999999990905	TimeIntervals	Reward
760.36	1.06675000000007	TimeIntervals	Lick
761.46	0.33350000000007185	TimeIntervals	Lick
761.8267500000001	1.3667499999999109	TimeIntervals	Lick
763.2270000000001	0.2664999999999509	TimeIntervals	Lick
763.5269999999999	0.36675000000013824	TimeIntervals	Lick
763.9605	0.06649999999990541	TimeIntervals	Lick
764.19375	0.06675000000007003	TimeIntervals	Lick
764.427	0.06674999999995634	TimeIntervals	Lick
764.7605000000001	0.03350000000000364	TimeIntervals	Lick
764.894	0.10000000000002274	TimeIntervals	Lick
765.894	0.10000000000002274	TimeIntervals	Lick
766.7940000000001	0.1002499999998463	TimeIntervals	Lick
767.2942500000001	0.09999999999979536	TimeIntervals	Lick
767.4942500000001	0.06674999999995634	TimeIntervals	Lick
768.3610000000001	0.06674999999984266	TimeIntervals	Lick
768.561	0.06675000000007003	TimeIntervals	Lick
769.9945	0.06674999999995634	TimeIntervals	Lick
770.5947500000001	0.10000000000002274	TimeIntervals	Lick
772.3615000000002	0.0669999999997799	TimeIntervals	Lick
772.795	0.10000000000013642	TimeIntervals	Lick
774.962	0.10000000000002274	TimeIntervals	Lick
775.8955000000001	0.09999999999990905	TimeIntervals	Lick
776.0622500000001	0.033249999999952706	TimeIntervals	Lick
776.1955000000002	0.09999999999990905	TimeIntervals	Lick
776.329	0.10000000000013642	TimeIntervals	Lick
776.46225	0.10000000000002274	TimeIntervals	Lick
776.5955	0.06674999999995634	TimeIntervals	Lick
776.6955000000002	0.10024999999995998	TimeIntervals	Lick
776.829	0.06675000000018372	TimeIntervals	Lick
776.9290000000001	0.09999999999990905	TimeIntervals	Lick
777.0625	0.10000000000002274	TimeIntervals	Lick
777.1957500000001	0.10000000000002274	TimeIntervals	Lick
777.329	0.10000000000013642	TimeIntervals	Lick
777.629	0.10000000000013642	TimeIntervals	Lick
777.7957500000001	0.10024999999995998	TimeIntervals	Lick
778.0625	0.10000000000002274	TimeIntervals	Lick
778.1959999999999	0.10000000000025011	TimeIntervals	Lick
778.596	0.0665000000000191	TimeIntervals	Lick
778.6625	0.13350000000014006	TimeIntervals	Reward
778.7960000000002	2.70049999999992	TimeIntervals	Lick
781.5297499999999	0.10000000000013642	TimeIntervals	Lick
781.663	0.10000000000002274	TimeIntervals	Lick
781.82975	0.06675000000007003	TimeIntervals	Lick
781.92975	0.09999999999990905	TimeIntervals	Lick
782.0965	0.10000000000002274	TimeIntervals	Lick
782.2632500000001	0.06674999999995634	TimeIntervals	Lick
782.43	0.06650000000013279	TimeIntervals	Lick
782.5965	0.06675000000007003	TimeIntervals	Lick
783.49675	0.10000000000002274	TimeIntervals	Lick
783.9635	0.10000000000002274	TimeIntervals	Lick
784.2635	0.0665000000000191	TimeIntervals	Lick
785.4302499999999	0.06675000000007003	TimeIntervals	Lick
786.0305	0.10000000000013642	TimeIntervals	Reward
786.1637500000002	2.60024999999996	TimeIntervals	Lick
788.7975	0.6999999999999318	TimeIntervals	Lick
789.531	0.10000000000002274	TimeIntervals	Lick
789.66425	0.10000000000002274	TimeIntervals	Lick
789.7975	0.13350000000002638	TimeIntervals	Lick
789.9645	0.09999999999990905	TimeIntervals	Lick
790.09775	0.13325000000008913	TimeIntervals	Lick
790.2645000000001	0.36649999999985994	TimeIntervals	Lick
790.69775	0.10000000000002274	TimeIntervals	Lick
791.8312500000001	0.06674999999995634	TimeIntervals	Lick
792.7980000000001	0.09999999999990905	TimeIntervals	Lick
792.9315	0.10000000000002274	TimeIntervals	Lick
793.1315	0.06650000000013279	TimeIntervals	Lick
793.3315	0.20000000000004547	TimeIntervals	Lick
794.2315000000001	0.09999999999990905	TimeIntervals	Lick
794.4985	0.13324999999997544	TimeIntervals	Lick
794.7985000000001	0.0665000000000191	TimeIntervals	Lick
794.9985	0.09999999999990905	TimeIntervals	Reward
795.0985	2.900500000000079	TimeIntervals	Lick
798.0322500000001	0.10000000000002274	TimeIntervals	Lick
798.1990000000001	0.10000000000013642	TimeIntervals	Lick
798.33225	0.06675000000007003	TimeIntervals	Lick
798.499	0.06650000000013279	TimeIntervals	Lick
798.7657500000001	0.03325000000006639	TimeIntervals	Lick
798.9325	0.13324999999997544	TimeIntervals	Lick
799.4325	0.0665000000000191	TimeIntervals	Lick
799.6325	0.09999999999990905	TimeIntervals	Lick
800.2325	0.10000000000013642	TimeIntervals	Lick
800.7325	0.3670000000001892	TimeIntervals	Lick
801.1995000000002	0.09999999999990905	TimeIntervals	Lick
803.06625	0.06675000000018372	TimeIntervals	Lick
803.933	0.06675000000007003	TimeIntervals	Lick
804.3000000000001	0.0665000000000191	TimeIntervals	Lick
804.8665000000001	0.06674999999995634	TimeIntervals	Lick
805.56675	0.06674999999995634	TimeIntervals	Lick
806.2667500000001	0.06674999999995634	TimeIntervals	Lick
806.6002500000001	0.03324999999983902	TimeIntervals	Lick
813.5345	0.10000000000002274	TimeIntervals	Lick
814.4015	0.09999999999979536	TimeIntervals	Lick
814.5680000000001	0.09999999999990905	TimeIntervals	Lick
815.0680000000001	0.09999999999990905	TimeIntervals	Lick
815.2015000000001	0.10000000000002274	TimeIntervals	Lick
815.3682500000001	0.06674999999984266	TimeIntervals	Lick
815.5682500000001	0.06674999999984266	TimeIntervals	Lick
815.6682500000002	0.09999999999990905	TimeIntervals	Lick
815.8015000000001	0.06674999999995634	TimeIntervals	Lick
815.935	0.09999999999990905	TimeIntervals	Lick
816.1015000000001	0.20000000000004547	TimeIntervals	Lick
816.3685	0.09999999999990905	TimeIntervals	Lick
816.50175	0.09999999999990905	TimeIntervals	Lick
816.6685000000001	0.09999999999990905	TimeIntervals	Lick
817.502	0.10000000000013642	TimeIntervals	Lick
818.1685000000001	0.09999999999990905	TimeIntervals	Lick
818.7687500000001	0.10000000000002274	TimeIntervals	Lick
819.6020000000001	0.10025000000007367	TimeIntervals	Lick
820.4355	0.09999999999979536	TimeIntervals	Lick
820.6355	0.06700000000012096	TimeIntervals	Lick
820.869	0.10000000000002274	TimeIntervals	Lick
821.03575	0.09999999999990905	TimeIntervals	Lick
821.2025000000001	0.10000000000002274	TimeIntervals	Lick
821.3357500000002	0.09999999999979536	TimeIntervals	Reward
821.3357500000002	0.06674999999984266	TimeIntervals	Lick
821.469	2.266999999999939	TimeIntervals	Lick
823.7695000000001	0.09999999999990905	TimeIntervals	Lick
823.90275	0.13350000000002638	TimeIntervals	Lick
824.0695000000001	0.09999999999990905	TimeIntervals	Lick
824.2362499999999	0.10000000000013642	TimeIntervals	Lick
824.403	0.10000000000002274	TimeIntervals	Lick
824.5695000000001	0.06674999999995634	TimeIntervals	Lick
824.7695000000001	0.06674999999995634	TimeIntervals	Lick
824.8695	0.10000000000002274	TimeIntervals	Lick
825.1365	0.10000000000013642	TimeIntervals	Lick
825.4697500000001	0.06674999999995634	TimeIntervals	Lick
825.6365	0.06650000000013279	TimeIntervals	Lick
832.204	0.10000000000013642	TimeIntervals	Lick
836.7380000000002	0.09999999999990905	TimeIntervals	Reward
836.8715000000001	2.800499999999829	TimeIntervals	Lick
839.7052500000001	0.13324999999986176	TimeIntervals	Lick
839.8720000000002	0.13324999999997544	TimeIntervals	Lick
840.0385	0.10000000000002274	TimeIntervals	Lick
840.1719999999999	0.10000000000013642	TimeIntervals	Lick
840.30525	0.10000000000013642	TimeIntervals	Lick
840.472	0.06674999999995634	TimeIntervals	Lick
840.7387500000001	0.06674999999995634	TimeIntervals	Lick
841.072	0.06675000000007003	TimeIntervals	Lick
841.2387500000001	0.09999999999990905	TimeIntervals	Lick
841.4387499999999	0.10000000000002274	TimeIntervals	Lick
841.6722500000001	0.09999999999990905	TimeIntervals	Lick
842.039	0.10000000000013642	TimeIntervals	Reward
842.1722500000001	2.7672499999998763	TimeIntervals	Lick
844.9727499999999	0.10000000000002274	TimeIntervals	Lick
845.106	0.10000000000002274	TimeIntervals	Lick
845.2395	0.10000000000002274	TimeIntervals	Lick
845.4060000000001	0.09999999999990905	TimeIntervals	Lick
845.5395000000001	0.10000000000002274	TimeIntervals	Lick
845.6727500000001	0.13324999999997544	TimeIntervals	Lick
845.8395	0.0665000000000191	TimeIntervals	Lick
847.23975	0.10000000000013642	TimeIntervals	Lick
848.3065	0.10000000000013642	TimeIntervals	Lick
848.7065	0.10000000000002274	TimeIntervals	Lick
848.8732500000001	0.09999999999990905	TimeIntervals	Lick
849.50675	0.10000000000002274	TimeIntervals	Lick
849.9399999999999	0.10000000000002274	TimeIntervals	Lick
850.10675	0.09999999999990905	TimeIntervals	Reward
850.1735	2.4004999999999654	TimeIntervals	Lick
852.60725	0.23324999999999818	TimeIntervals	Lick
852.8740000000001	0.09999999999990905	TimeIntervals	Lick
853.0072500000001	0.36675000000002456	TimeIntervals	Lick
853.4072500000001	0.10000000000002274	TimeIntervals	Lick
853.5405	0.10000000000013642	TimeIntervals	Lick
853.6740000000001	0.13350000000002638	TimeIntervals	Lick
853.8407500000001	0.06674999999995634	TimeIntervals	Lick
853.974	0.09999999999990905	TimeIntervals	Lick
854.4075	0.10000000000002274	TimeIntervals	Lick
854.7740000000001	0.10024999999995998	TimeIntervals	Lick
854.97425	0.06675000000007003	TimeIntervals	Lick
855.441	0.0665000000000191	TimeIntervals	Lick
859.2750000000001	0.06649999999990541	TimeIntervals	Lick
859.80825	0.06675000000007003	TimeIntervals	Lick
863.2755000000001	0.0665000000000191	TimeIntervals	Lick
864.14225	0.10000000000013642	TimeIntervals	Lick
865.3757500000002	0.06674999999995634	TimeIntervals	Lick
865.8425000000001	0.10000000000002274	TimeIntervals	Lick
868.3095000000002	0.09999999999979536	TimeIntervals	Lick
868.5762500000001	0.10000000000002274	TimeIntervals	Lick
869.1097500000001	0.09999999999990905	TimeIntervals	Lick
869.243	0.09999999999990905	TimeIntervals	Lick
869.443	0.10000000000002274	TimeIntervals	Lick
869.5765000000001	0.10000000000002274	TimeIntervals	Lick
869.743	0.06675000000007003	TimeIntervals	Lick
869.843	0.10000000000002274	TimeIntervals	Lick
869.9765	0.20000000000015916	TimeIntervals	Lick
870.2432500000001	0.20000000000004547	TimeIntervals	Lick
870.51	0.03325000000006639	TimeIntervals	Lick
870.61	0.10000000000013642	TimeIntervals	Lick
871.11	0.13350000000002638	TimeIntervals	Lick
872.27675	0.10025000000007367	TimeIntervals	Lick
875.17725	0.10000000000013642	TimeIntervals	Lick
877.44425	0.10000000000002274	TimeIntervals	Reward
877.5775000000001	2.1337499999999636	TimeIntervals	Lick
879.7445	0.2667500000000018	TimeIntervals	Lick
880.0780000000001	0.06674999999995634	TimeIntervals	Lick
880.178	0.16675000000009277	TimeIntervals	Lick
880.44475	0.06674999999995634	TimeIntervals	Lick
880.6115000000001	0.10000000000002274	TimeIntervals	Lick
880.778	0.06675000000007003	TimeIntervals	Lick
880.978	0.16700000000003	TimeIntervals	Lick
881.3115	0.10000000000002274	TimeIntervals	Lick
881.7450000000001	0.5667499999999563	TimeIntervals	Lick
882.3450000000001	0.3334999999998445	TimeIntervals	Lick
882.7450000000001	0.03350000000000364	TimeIntervals	Lick
883.3785000000001	0.09999999999990905	TimeIntervals	Lick
883.6452499999999	0.10000000000013642	TimeIntervals	Lick
883.9119999999999	0.23324999999999818	TimeIntervals	Lick
884.4787500000001	0.13324999999986176	TimeIntervals	Lick
884.67875	0.06675000000007003	TimeIntervals	Lick
885.7455000000001	0.06674999999995634	TimeIntervals	Lick
888.5792500000001	0.06674999999984266	TimeIntervals	Lick
890.6462500000001	0.10000000000002274	TimeIntervals	Lick
891.3797500000002	0.09999999999990905	TimeIntervals	Lick
891.77975	0.10000000000013642	TimeIntervals	Lick
892.31325	0.13324999999986176	TimeIntervals	Lick
892.4799999999999	0.10000000000013642	TimeIntervals	Lick
895.4805	0.10000000000002274	TimeIntervals	Lick
895.8470000000001	0.06674999999984266	TimeIntervals	Reward
895.9469999999999	2.500500000000102	TimeIntervals	Lick
898.4807500000001	0.13324999999997544	TimeIntervals	Lick
898.6475000000002	0.09999999999990905	TimeIntervals	Lick
898.8810000000002	0.09999999999979536	TimeIntervals	Lick
899.2475000000001	0.13350000000014006	TimeIntervals	Lick
899.4475	0.09999999999990905	TimeIntervals	Lick
899.581	0.10000000000002274	TimeIntervals	Lick
899.7810000000001	0.10000000000013642	TimeIntervals	Lick
900.0145	0.16650000000004184	TimeIntervals	Lick
900.3810000000002	4.533999999999764	TimeIntervals	Lick
904.98175	1.4337499999999181	TimeIntervals	Lick
906.5155000000001	0.3000000000000682	TimeIntervals	Lick
906.84875	0.13324999999997544	TimeIntervals	Lick
907.2820000000002	0.30024999999989177	TimeIntervals	Lick
907.6155	0.10000000000002274	TimeIntervals	Lick
907.9155	0.20000000000004547	TimeIntervals	Lick
908.349	0.4335000000000946	TimeIntervals	Lick
908.849	0.26674999999988813	TimeIntervals	Lick
909.1490000000001	0.5335000000000036	TimeIntervals	Lick
909.7492500000001	0.2999999999999545	TimeIntervals	Lick
910.416	0.16649999999992815	TimeIntervals	Lick
910.7825	0.06700000000012096	TimeIntervals	Lick
910.98275	0.06674999999995634	TimeIntervals	Lick
911.0827499999999	0.20000000000015916	TimeIntervals	Lick
911.616	0.13350000000002638	TimeIntervals	Lick
912.3495000000001	0.1334999999999127	TimeIntervals	Lick
912.8495000000001	0.26699999999993906	TimeIntervals	Lick
914.18325	0.13324999999997544	TimeIntervals	Reward
914.2165	0.23349999999993543	TimeIntervals	Lick
914.4832499999999	0.23325000000011187	TimeIntervals	Lick
914.75	0.0665000000000191	TimeIntervals	Lick
914.85	0.4335000000002083	TimeIntervals	Lick
915.35	0.5667499999999563	TimeIntervals	Lick
915.9499999999999	0.2335000000001628	TimeIntervals	Lick
916.21675	0.23349999999982174	TimeIntervals	Lick
916.4834999999999	0.10000000000002274	TimeIntervals	Lick
916.6170000000001	0.10000000000002274	TimeIntervals	Lick
916.7502499999999	0.40000000000020464	TimeIntervals	Lick
917.1835000000001	0.10000000000013642	TimeIntervals	Lick
917.317	0.13350000000002638	TimeIntervals	Lick
917.5170000000002	0.06674999999984266	TimeIntervals	Lick
917.6505000000001	0.0665000000000191	TimeIntervals	Lick
917.7837500000002	0.06674999999984266	TimeIntervals	Lick
917.98375	0.10000000000002274	TimeIntervals	Lick
918.2170000000001	0.03350000000000364	TimeIntervals	Lick
918.5840000000001	0.3000000000000682	TimeIntervals	Lick
918.984	0.10000000000002274	TimeIntervals	Lick
919.21725	0.06675000000007003	TimeIntervals	Lick
919.4172500000001	0.23349999999993543	TimeIntervals	Lick
919.6840000000001	0.1667499999998654	TimeIntervals	Lick
919.8840000000001	0.7334999999998217	TimeIntervals	Lick
920.65075	0.10024999999995998	TimeIntervals	Lick
920.7842500000002	0.7999999999998408	TimeIntervals	Lick
921.651	0.06650000000013279	TimeIntervals	Lick
921.751	0.10000000000002274	TimeIntervals	Lick
921.8845000000001	0.09999999999979536	TimeIntervals	Lick
922.01775	0.09999999999990905	TimeIntervals	Lick
922.1845	0.23325000000011187	TimeIntervals	Lick
922.4844999999999	0.3665000000000873	TimeIntervals	Lick
922.918	0.366500000000201	TimeIntervals	Lick
923.3180000000002	0.13324999999986176	TimeIntervals	Lick
923.7845000000002	0.5335000000000036	TimeIntervals	Lick
924.38475	0.5	TimeIntervals	Lick
925.018	0.10024999999995998	TimeIntervals	Lick
925.1515	1.7002499999999827	TimeIntervals	Lick
926.9185	0.366500000000201	TimeIntervals	Lick
927.3185000000002	0.133499999999799	TimeIntervals	Lick
927.5185	0.2335000000000491	TimeIntervals	Lick
927.7852500000001	0.26674999999988813	TimeIntervals	Lick
928.0852500000001	0.23325000000011187	TimeIntervals	Lick
928.3855000000001	0.20000000000004547	TimeIntervals	Lick
928.61875	0.2667500000001155	TimeIntervals	Lick
928.952	0.2667500000001155	TimeIntervals	Lick
929.3187500000001	0.2667500000000018	TimeIntervals	Lick
929.619	0.13324999999997544	TimeIntervals	Lick
929.7855000000001	0.13350000000002638	TimeIntervals	Lick
929.9855	0.16675000000009277	TimeIntervals	Lick
930.1855000000002	0.23349999999993543	TimeIntervals	Lick
930.4522500000002	0.23349999999993543	TimeIntervals	Lick
930.7857500000001	0.2332499999998845	TimeIntervals	Lick
931.0525	0.13325000000008913	TimeIntervals	Lick
931.2190000000002	0.26674999999977445	TimeIntervals	Lick
931.519	0.2335000000000491	TimeIntervals	Lick
931.886	0.23325000000011187	TimeIntervals	Lick
932.1860000000001	0.13325000000008913	TimeIntervals	Lick
932.3525000000001	0.1334999999999127	TimeIntervals	Lick
932.7860000000002	0.09999999999979536	TimeIntervals	Lick
933.386	0.03350000000000364	TimeIntervals	Lick
933.55275	0.10000000000002274	TimeIntervals	Reward
933.6860000000001	2.1337499999999636	TimeIntervals	Lick
935.8530000000001	0.10000000000002274	TimeIntervals	Lick
936.01975	0.06675000000007003	TimeIntervals	Lick
936.1532500000001	0.06674999999995634	TimeIntervals	Lick
936.2865	0.06675000000007003	TimeIntervals	Lick
936.4532500000001	0.09999999999990905	TimeIntervals	Lick
937.7535000000001	0.10000000000002274	TimeIntervals	Lick
937.88675	0.6667499999999791	TimeIntervals	Lick
938.5870000000002	0.8999999999997499	TimeIntervals	Lick
939.55375	0.5332500000001801	TimeIntervals	Lick
940.15375	0.2667500000001155	TimeIntervals	Lick
940.4540000000001	0.13324999999997544	TimeIntervals	Lick
940.754	0.39999999999997726	TimeIntervals	Lick
941.2205000000001	0.1999999999999318	TimeIntervals	Lick
941.62075	0.3332500000000209	TimeIntervals	Lick
941.9875000000001	0.13324999999997544	TimeIntervals	Lick
942.4540000000001	0.03350000000000364	TimeIntervals	Lick
945.9545000000002	0.0669999999997799	TimeIntervals	Lick
951.9555	0.06674999999995634	TimeIntervals	Reward
952.1555	0.8002500000001191	TimeIntervals	Lick
952.989	0.10000000000002274	TimeIntervals	Lick
953.1225000000001	0.10000000000013642	TimeIntervals	Lick
953.2557500000001	0.2332499999998845	TimeIntervals	Lick
953.5225	0.10000000000002274	TimeIntervals	Lick
953.6560000000001	0.10000000000013642	TimeIntervals	Lick
953.8225000000002	0.06674999999995634	TimeIntervals	Lick
953.956	0.0665000000000191	TimeIntervals	Lick
954.08925	0.06675000000007003	TimeIntervals	Lick
954.2225000000002	0.06674999999984266	TimeIntervals	Lick
954.3560000000001	0.09999999999990905	TimeIntervals	Lick
954.4892500000001	0.09999999999990905	TimeIntervals	Lick
954.68925	0.06675000000018372	TimeIntervals	Lick
954.82275	0.06675000000018372	TimeIntervals	Lick
955.1227500000001	0.10000000000002274	TimeIntervals	Lick
968.7915000000002	3.567250000000058	TimeIntervals	Lick
972.4255000000002	0.06649999999990541	TimeIntervals	Lick
972.592	0.0667500000002974	TimeIntervals	Lick
972.75875	0.10000000000025011	TimeIntervals	Lick
973.05875	0.06674999999995634	TimeIntervals	Lick
973.459	0.10000000000002274	TimeIntervals	Lick
974.2922500000002	0.09999999999979536	TimeIntervals	Reward
974.4255000000002	0.5002500000000509	TimeIntervals	Lick
974.959	1.3670000000000755	TimeIntervals	Lick
976.35925	0.6667500000000928	TimeIntervals	Lick
977.0595000000002	0.10000000000002274	TimeIntervals	Lick
977.1927500000002	0.26674999999977445	TimeIntervals	Lick
977.49275	0.10000000000013642	TimeIntervals	Lick
977.6260000000002	0.09999999999979536	TimeIntervals	Lick
977.7927500000002	0.06674999999972897	TimeIntervals	Lick
978.4595	0.10000000000013642	TimeIntervals	Lick
978.693	0.13325000000008913	TimeIntervals	Lick
979.1597500000003	0.06674999999972897	TimeIntervals	Lick
981.76	0.09999999999990905	TimeIntervals	Lick
985.5940000000002	0.09999999999990905	TimeIntervals	Lick
985.6274999999999	0.10000000000013642	TimeIntervals	Reward
985.7607499999999	2.4002500000002556	TimeIntervals	Lick
988.22775	0.06675000000007003	TimeIntervals	Lick
988.3945000000001	0.06649999999990541	TimeIntervals	Lick
988.561	0.06674999999995634	TimeIntervals	Lick
988.6945000000002	0.06649999999967804	TimeIntervals	Lick
988.8945000000001	0.09999999999990905	TimeIntervals	Lick
989.1279999999998	0.06650000000036016	TimeIntervals	Lick
989.3945000000001	0.09999999999990905	TimeIntervals	Lick
989.6279999999998	0.33350000000007185	TimeIntervals	Lick
990.0279999999998	0.10000000000002274	TimeIntervals	Lick
990.1947500000002	0.0667499999995016	TimeIntervals	Lick
990.89475	1.0002499999999372	TimeIntervals	Lick
991.92825	0.10000000000002274	TimeIntervals	Lick
992.6284999999999	0.03325000000029377	TimeIntervals	Lick
992.76175	0.06675000000018372	TimeIntervals	Lick
993.095	0.06675000000018372	TimeIntervals	Lick
994.3285000000002	1.3669999999999618	TimeIntervals	Lick
1007.964	0.09999999999990905	TimeIntervals	Reward
1008.0975	1.06675000000007	TimeIntervals	Lick
1009.1975	1.2002499999999827	TimeIntervals	Lick
1010.4310000000002	0.13349999999968531	TimeIntervals	Lick
1010.5977499999999	0.1000000000003638	TimeIntervals	Lick
1010.7645000000002	0.06674999999984266	TimeIntervals	Lick
1011.2312499999999	0.06675000000007003	TimeIntervals	Lick
1011.3979999999999	0.0665000000000191	TimeIntervals	Lick
1012.16475	0.10000000000013642	TimeIntervals	Lick
1012.6315000000001	0.033249999999952706	TimeIntervals	Lick
1012.8647500000002	0.13324999999997544	TimeIntervals	Lick
1033.2680000000003	0.09999999999990905	TimeIntervals	Reward
1033.4345000000003	1.200249999999869	TimeIntervals	Lick
1034.668	0.1000000000003638	TimeIntervals	Lick
1034.8015	0.09999999999990905	TimeIntervals	Lick
1034.9347500000001	0.10025000000018736	TimeIntervals	Lick
1035.0682500000003	0.2332499999997708	TimeIntervals	Lick
1035.3349999999998	0.3665000000000873	TimeIntervals	Lick
1035.735	0.09999999999990905	TimeIntervals	Lick
1035.86825	0.10000000000013642	TimeIntervals	Lick
1036.0350000000003	0.09999999999968168	TimeIntervals	Lick
1036.20175	0.06675000000018372	TimeIntervals	Lick
1036.4017500000002	0.06674999999995634	TimeIntervals	Lick
1048.5702500000002	0.09999999999968168	TimeIntervals	Reward
1048.67025	0.6002500000004147	TimeIntervals	Lick
1049.3037500000003	1.8667499999999109	TimeIntervals	Lick
1051.2372500000001	0.06675000000018372	TimeIntervals	Lick
1051.33725	0.10025000000018736	TimeIntervals	Lick
1051.504	0.06675000000018372	TimeIntervals	Lick
1051.6374999999996	0.06650000000058753	TimeIntervals	Lick
1051.8040000000003	0.09999999999968168	TimeIntervals	Lick
1051.9707500000002	0.06674999999995634	TimeIntervals	Lick
1052.504	0.06700000000023465	TimeIntervals	Lick
1053.0710000000001	0.06649999999945067	TimeIntervals	Lick
1056.1379999999997	0.06675000000041109	TimeIntervals	Lick
1077.8415	0.10000000000013642	TimeIntervals	Reward
1078.008	0.900000000000091	TimeIntervals	Lick
1078.9415000000001	0.5	TimeIntervals	Lick
1079.4750000000004	0.0999999999994543	TimeIntervals	Lick
1079.6082500000002	0.7334999999998217	TimeIntervals	Lick
1080.375	1.10024999999996	TimeIntervals	Lick
1081.5085000000001	0.09999999999990905	TimeIntervals	Lick
1081.6752499999998	0.1000000000003638	TimeIntervals	Lick
1081.8085	0.09999999999990905	TimeIntervals	Lick
1081.9420000000002	0.0999999999994543	TimeIntervals	Lick
1082.2085	0.10025000000018736	TimeIntervals	Lick
1082.40875	0.09999999999990905	TimeIntervals	Lick
1084.6425	0.16650000000004184	TimeIntervals	Lick
1084.8424999999997	0.1000000000003638	TimeIntervals	Lick
1087.3760000000002	0.06674999999972897	TimeIntervals	Lick
1087.54275	0.06674999999995634	TimeIntervals	Lick
1087.7430000000002	0.06649999999990541	TimeIntervals	Lick
1088.17625	0.06675000000018372	TimeIntervals	Lick
1088.343	0.10000000000013642	TimeIntervals	Lick
1088.57625	0.13324999999963438	TimeIntervals	Lick
1088.9430000000002	0.06674999999995634	TimeIntervals	Lick
1091.67675	0.03324999999972533	TimeIntervals	Lick
1100.178	0.10000000000013642	TimeIntervals	Reward
1100.3115	0.7000000000002728	TimeIntervals	Lick
1101.045	2.0670000000002346	TimeIntervals	Lick
1103.1452500000003	0.2667500000000018	TimeIntervals	Lick
1103.44525	0.06674999999995634	TimeIntervals	Lick
1103.5785	0.06675000000018372	TimeIntervals	Lick
1103.712	0.06650000000013279	TimeIntervals	Lick
1103.8784999999998	0.06675000000018372	TimeIntervals	Lick
1104.012	0.1332500000003165	TimeIntervals	Lick
1104.6787500000003	0.10000000000013642	TimeIntervals	Lick
1105.6790000000003	0.06649999999967804	TimeIntervals	Lick
1126.54875	0.10000000000013642	TimeIntervals	Reward
1126.6820000000002	1.06699999999978	TimeIntervals	Lick
1127.7822500000002	2.0002499999998236	TimeIntervals	Lick
1130.1160000000002	0.09999999999990905	TimeIntervals	Lick
1130.416	0.06650000000036016	TimeIntervals	Lick
1130.6160000000002	0.06675000000018372	TimeIntervals	Lick
1131.58275	0.10025000000018736	TimeIntervals	Lick
1157.8535	0.10000000000013642	TimeIntervals	Reward
1157.98675	0.5667499999999563	TimeIntervals	Lick
1158.587	0.3332500000001346	TimeIntervals	Lick
1158.9870000000003	0.1999999999998181	TimeIntervals	Lick
1159.2204999999997	0.10000000000013642	TimeIntervals	Lick
1159.387	0.06675000000018372	TimeIntervals	Lick
1159.4870000000003	0.09999999999968168	TimeIntervals	Lick
1159.6537500000004	0.19999999999959073	TimeIntervals	Lick
1159.887	0.2335000000002765	TimeIntervals	Lick
1160.1870000000001	0.06700000000000728	TimeIntervals	Lick
1160.3204999999998	0.3999999999998636	TimeIntervals	Lick
1160.7540000000001	0.09999999999968168	TimeIntervals	Lick
1160.8872500000002	0.06674999999995634	TimeIntervals	Lick
1161.0205000000003	0.06674999999972897	TimeIntervals	Lick
1161.1540000000002	0.06649999999945067	TimeIntervals	Lick
1161.3204999999998	0.06700000000023465	TimeIntervals	Lick
1161.4875000000002	0.06649999999990541	TimeIntervals	Lick
1161.6540000000002	0.09999999999990905	TimeIntervals	Lick
1161.8539999999998	0.1000000000003638	TimeIntervals	Lick
1162.12075	0.13325000000008913	TimeIntervals	Lick
1162.9875000000002	0.09999999999968168	TimeIntervals	Lick
1163.6210000000003	0.09999999999968168	TimeIntervals	Lick
1163.8877499999999	6.134249999999838	TimeIntervals	Lick
1170.0885	0.10025000000018736	TimeIntervals	Lick
1170.2555000000002	0.06649999999967804	TimeIntervals	Lick
1170.4887500000002	0.06674999999972897	TimeIntervals	Lick
1174.1892500000001	0.13324999999986176	TimeIntervals	Reward
1174.356	1.4670000000000982	TimeIntervals	Lick
1175.85625	0.09999999999990905	TimeIntervals	Lick
1175.9895	0.13350000000014006	TimeIntervals	Lick
1176.1562500000002	0.33324999999967986	TimeIntervals	Lick
1176.523	0.06649999999990541	TimeIntervals	Lick
1176.6562500000002	0.10024999999973261	TimeIntervals	Lick
1176.7897500000001	0.09999999999968168	TimeIntervals	Lick
1176.9230000000002	0.2667500000000018	TimeIntervals	Lick
1177.223	0.10000000000013642	TimeIntervals	Lick
1177.4565	0.20000000000004547	TimeIntervals	Lick
1177.6897500000002	0.09999999999990905	TimeIntervals	Lick
1177.8565	0.1334999999999127	TimeIntervals	Lick
1178.19	0.10000000000013642	TimeIntervals	Lick
1178.3565	0.09999999999990905	TimeIntervals	Lick
1178.5565	0.06675000000041109	TimeIntervals	Lick
1178.69	0.10000000000013642	TimeIntervals	Lick
1178.8565	0.06700000000000728	TimeIntervals	Lick
1178.99	0.09999999999990905	TimeIntervals	Lick
1179.15675	0.06674999999995634	TimeIntervals	Lick
1179.2900000000002	0.06674999999972897	TimeIntervals	Lick
1179.4567500000003	0.0667499999995016	TimeIntervals	Lick
1179.6235	0.06650000000013279	TimeIntervals	Lick
1179.75675	0.09999999999990905	TimeIntervals	Lick
1182.8905	0.06675000000018372	TimeIntervals	Lick
1202.4935	0.13350000000014006	TimeIntervals	Lick
1203.5604999999998	0.10000000000013642	TimeIntervals	Reward
1203.6605	0.6000000000003638	TimeIntervals	Lick
1204.294	0.20000000000004547	TimeIntervals	Lick
1204.52725	1.9337499999999181	TimeIntervals	Lick
1206.4942500000002	0.09999999999990905	TimeIntervals	Lick
1206.6275	0.36675000000013824	TimeIntervals	Lick
1207.061	0.10000000000013642	TimeIntervals	Lick
1207.19425	0.06675000000018372	TimeIntervals	Lick
1207.3609999999999	0.10000000000013642	TimeIntervals	Lick
1208.628	0.06650000000036016	TimeIntervals	Lick
1209.128	0.10000000000013642	TimeIntervals	Lick
1209.3945	0.1667499999998654	TimeIntervals	Lick
1212.195	0.06675000000041109	TimeIntervals	Lick
1213.2285	0.06674999999995634	TimeIntervals	Lick
1222.1632500000003	0.33324999999990723	TimeIntervals	Lick
1224.897	0.06650000000013279	TimeIntervals	Lick
1229.931	0.10000000000013642	TimeIntervals	Reward
1230.0645000000002	0.6999999999998181	TimeIntervals	Lick
1231.2645	1.4002500000001419	TimeIntervals	Lick
1232.6980000000003	0.5002499999998236	TimeIntervals	Lick
1233.265	0.3665000000003147	TimeIntervals	Lick
1233.6650000000004	0.13324999999963438	TimeIntervals	Lick
1233.8315	0.10025000000018736	TimeIntervals	Lick
1233.9985	0.10000000000013642	TimeIntervals	Lick
1234.13175	0.13325000000008913	TimeIntervals	Lick
1234.2985	0.09999999999990905	TimeIntervals	Lick
1248.26725	0.09999999999990905	TimeIntervals	Reward
1248.4005000000002	1.2334999999998217	TimeIntervals	Lick
1249.70075	0.10000000000013642	TimeIntervals	Lick
1249.834	0.06674999999972897	TimeIntervals	Lick
1249.9675000000002	0.09999999999990905	TimeIntervals	Lick
1250.4009999999998	0.1000000000003638	TimeIntervals	Lick
1250.5342500000002	0.06675000000018372	TimeIntervals	Lick
1251.1010000000003	0.06649999999967804	TimeIntervals	Lick
1251.2342500000002	0.09999999999968168	TimeIntervals	Lick
1251.3675	0.10024999999995998	TimeIntervals	Lick
1251.701	0.09999999999990905	TimeIntervals	Lick
1251.8677500000001	0.06674999999995634	TimeIntervals	Lick
1252.0010000000002	0.033499999999776264	TimeIntervals	Lick
1252.4345	0.13350000000014006	TimeIntervals	Lick
1252.6012500000004	0.0667499999995016	TimeIntervals	Lick
1252.7345	0.06674999999995634	TimeIntervals	Lick
1252.90125	0.06675000000041109	TimeIntervals	Lick
1253.00125	0.1000000000003638	TimeIntervals	Lick
1253.168	0.06650000000013279	TimeIntervals	Lick
1253.30125	0.06674999999995634	TimeIntervals	Lick
1253.4345	0.09999999999990905	TimeIntervals	Lick
1253.6345000000001	0.06700000000000728	TimeIntervals	Lick
1253.9680000000003	0.0667499999995016	TimeIntervals	Lick
1254.1347500000002	0.09999999999990905	TimeIntervals	Lick
1270.6372500000002	0.09999999999990905	TimeIntervals	Reward
1270.7705000000003	3.7339999999996962	TimeIntervals	Lick
1274.538	0.10000000000013642	TimeIntervals	Lick
1274.8045000000002	0.4667499999998199	TimeIntervals	Lick
1275.3045000000002	1.56699999999978	TimeIntervals	Lick
1276.9050000000002	0.1999999999998181	TimeIntervals	Lick
1277.1715000000002	0.06674999999995634	TimeIntervals	Lick
1277.4050000000002	0.06650000000013279	TimeIntervals	Lick
1277.6382500000002	0.033249999999952706	TimeIntervals	Lick
1277.7715	0.13350000000014006	TimeIntervals	Lick
1277.9385000000002	0.09999999999968168	TimeIntervals	Reward
1278.07175	5.500749999999925	TimeIntervals	Lick
1283.7725	0.2335000000000491	TimeIntervals	Lick
1284.0392499999998	0.20000000000027285	TimeIntervals	Lick
1284.506	0.06674999999995634	TimeIntervals	Lick
1284.6395000000002	0.09999999999968168	TimeIntervals	Lick
1284.9060000000002	0.06674999999995634	TimeIntervals	Lick
1285.206	0.06675000000018372	TimeIntervals	Lick
1287.03975	0.1000000000003638	TimeIntervals	Reward
1287.1397500000003	52.04125000000022	TimeIntervals	Lick
1303.3754999999999	0.10000000000013642	TimeIntervals	Reward
1321.745	0.10000000000013642	TimeIntervals	Reward
1339.84775	0.5	TimeIntervals	Lick
1340.381	0.06700000000000728	TimeIntervals	Lick
1350.3159999999998	0.3000000000001819	TimeIntervals	Lick
1378.3535	0.2335000000000491	TimeIntervals	Lick
1381.4875000000002	0.36649999999985994	TimeIntervals	Lick
1385.95475	0.20000000000004547	TimeIntervals	Lick
1396.3895	0.30025000000023283	TimeIntervals	Lick
