onset	duration	nwb_table	event_type
7.1697500000000005	0.09999999999999964	TimeIntervals	Lick
7.3365	0.09999999999999964	TimeIntervals	Lick
8.0365	0.09999999999999964	TimeIntervals	Lick
8.203000000000001	0.10024999999999906	TimeIntervals	Lick
10.336750000000002	0.10024999999999729	TimeIntervals	Lick
11.237000000000002	0.06649999999999956	TimeIntervals	Lick
11.337000000000002	0.09999999999999787	TimeIntervals	Lick
11.470500000000001	0.09999999999999964	TimeIntervals	Lick
11.60375	0.10000000000000142	TimeIntervals	Lick
11.737000000000002	0.06674999999999898	TimeIntervals	Lick
11.837000000000002	0.13349999999999973	TimeIntervals	Lick
12.003750000000002	0.06674999999999898	TimeIntervals	Lick
12.037	0.09999999999999964	TimeIntervals	Reward
12.137	0.5002500000000012	TimeIntervals	Lick
12.670500000000002	0.09999999999999964	TimeIntervals	Lick
12.804	0.06650000000000134	TimeIntervals	Lick
12.904000000000002	0.09999999999999787	TimeIntervals	Lick
13.03725	0.10000000000000142	TimeIntervals	Lick
13.1705	0.20000000000000107	TimeIntervals	Lick
13.43725	0.20000000000000107	TimeIntervals	Lick
13.704	0.10000000000000142	TimeIntervals	Lick
13.8375	0.09999999999999964	TimeIntervals	Lick
13.97075	0.10000000000000142	TimeIntervals	Lick
14.104	0.10000000000000142	TimeIntervals	Lick
14.237500000000002	0.09999999999999787	TimeIntervals	Lick
14.370750000000001	0.09999999999999964	TimeIntervals	Lick
14.504	0.09999999999999964	TimeIntervals	Lick
14.6375	0.1000000000000032	TimeIntervals	Lick
14.771000000000003	0.09999999999999787	TimeIntervals	Lick
14.904250000000001	0.09999999999999787	TimeIntervals	Lick
15.0375	0.10000000000000142	TimeIntervals	Lick
15.204250000000002	0.09999999999999787	TimeIntervals	Lick
15.337500000000002	0.09999999999999787	TimeIntervals	Lick
15.471000000000004	0.09999999999999787	TimeIntervals	Lick
15.60425	0.10000000000000142	TimeIntervals	Lick
15.771000000000003	0.09999999999999964	TimeIntervals	Lick
15.9045	0.09999999999999964	TimeIntervals	Lick
16.03775	0.1332500000000003	TimeIntervals	Lick
16.437749999999998	0.10000000000000142	TimeIntervals	Lick
16.570999999999998	0.40000000000000213	TimeIntervals	Lick
17.5045	0.09999999999999787	TimeIntervals	Lick
17.738	0.06650000000000134	TimeIntervals	Lick
17.838	0.1332500000000003	TimeIntervals	Lick
18.571499999999997	0.13325000000000387	TimeIntervals	Lick
19.038	0.06675000000000253	TimeIntervals	Lick
19.23825	0.06674999999999898	TimeIntervals	Lick
19.3715	0.10000000000000142	TimeIntervals	Reward
19.53825	0.29999999999999716	TimeIntervals	Lick
19.8715	0.06674999999999898	TimeIntervals	Lick
19.9715	0.09999999999999787	TimeIntervals	Lick
20.105	0.10000000000000142	TimeIntervals	Lick
20.23825	0.10024999999999906	TimeIntervals	Lick
20.37175	0.06675000000000608	TimeIntervals	Lick
20.47175	0.10000000000000142	TimeIntervals	Lick
20.605	0.10000000000000142	TimeIntervals	Lick
20.738500000000002	0.09999999999999787	TimeIntervals	Lick
20.87175	0.10000000000000142	TimeIntervals	Lick
21.005	0.10000000000000142	TimeIntervals	Lick
21.1385	0.10000000000000142	TimeIntervals	Lick
21.271749999999997	0.10025000000000261	TimeIntervals	Lick
21.405250000000002	0.20000000000000284	TimeIntervals	Lick
21.638500000000004	0.09999999999999787	TimeIntervals	Lick
21.772	0.10000000000000142	TimeIntervals	Lick
21.938500000000005	0.06674999999999187	TimeIntervals	Lick
22.0385	0.26674999999999827	TimeIntervals	Lick
22.3385	0.10000000000000497	TimeIntervals	Lick
22.472000000000005	0.09999999999999787	TimeIntervals	Lick
22.63875	0.10000000000000142	TimeIntervals	Lick
22.772	0.10000000000000142	TimeIntervals	Lick
22.905500000000004	0.09999999999999787	TimeIntervals	Lick
23.03875	0.10000000000000142	TimeIntervals	Lick
23.171999999999997	0.10000000000000142	TimeIntervals	Lick
23.3055	0.10000000000000497	TimeIntervals	Lick
23.438750000000002	0.09999999999999787	TimeIntervals	Lick
23.572000000000003	0.10025000000000261	TimeIntervals	Lick
23.738999999999997	0.06650000000000134	TimeIntervals	Lick
23.87225	0.10000000000000142	TimeIntervals	Lick
24.0055	0.13349999999999795	TimeIntervals	Lick
24.238999999999997	0.06650000000000134	TimeIntervals	Lick
24.539	0.09999999999999787	TimeIntervals	Lick
24.738999999999997	0.06675000000000608	TimeIntervals	Lick
24.8725	0.20000000000000284	TimeIntervals	Lick
25.139	0.1335000000000015	TimeIntervals	Lick
25.305750000000003	0.09999999999999787	TimeIntervals	Lick
25.539	0.06675000000000253	TimeIntervals	Lick
25.738999999999997	0.06700000000000372	TimeIntervals	Lick
25.8725	0.1335000000000015	TimeIntervals	Lick
26.33925	0.06675000000000253	TimeIntervals	Lick
26.63925	0.09999999999999432	TimeIntervals	Lick
27.006	0.10000000000000497	TimeIntervals	Lick
27.1395	0.06650000000000134	TimeIntervals	Lick
27.27275	0.10000000000000497	TimeIntervals	Lick
27.406000000000002	0.09999999999999787	TimeIntervals	Lick
27.57275	0.06675000000000253	TimeIntervals	Lick
27.672750000000004	0.09999999999999432	TimeIntervals	Lick
27.806	0.10000000000000142	TimeIntervals	Lick
27.973	0.06650000000000134	TimeIntervals	Lick
28.073	0.13325000000000387	TimeIntervals	Lick
28.2395	0.10000000000000142	TimeIntervals	Lick
28.373000000000005	0.09999999999999432	TimeIntervals	Reward
28.373000000000005	0.09999999999999432	TimeIntervals	Lick
28.506249999999998	0.40000000000000213	TimeIntervals	Lick
28.9395	0.06674999999999898	TimeIntervals	Lick
29.0395	0.10024999999999906	TimeIntervals	Lick
29.206500000000002	0.06649999999999423	TimeIntervals	Lick
29.3065	0.23325000000000173	TimeIntervals	Lick
29.573	0.10000000000000497	TimeIntervals	Lick
29.706500000000002	0.09999999999999787	TimeIntervals	Lick
29.873000000000005	0.09999999999999432	TimeIntervals	Lick
30.0065	0.10000000000000497	TimeIntervals	Lick
30.139749999999996	0.10024999999999906	TimeIntervals	Lick
30.27325	0.10000000000000142	TimeIntervals	Lick
30.406500000000005	0.09999999999999787	TimeIntervals	Lick
30.540000000000003	0.09999999999999787	TimeIntervals	Lick
30.67325	0.36675000000000324	TimeIntervals	Lick
31.073249999999998	0.09999999999999787	TimeIntervals	Lick
31.206499999999995	0.10025000000000617	TimeIntervals	Lick
31.340000000000003	0.09999999999999787	TimeIntervals	Lick
31.473500000000005	0.2664999999999935	TimeIntervals	Lick
31.773500000000002	0.10000000000000497	TimeIntervals	Lick
31.906750000000006	0.09999999999999076	TimeIntervals	Lick
32.040000000000006	0.13349999999999085	TimeIntervals	Lick
32.20675000000001	0.13324999999999676	TimeIntervals	Lick
32.37349999999999	0.10000000000000142	TimeIntervals	Lick
32.54025	0.06674999999999898	TimeIntervals	Lick
32.6735	0.2667499999999947	TimeIntervals	Lick
33.107	0.10000000000000142	TimeIntervals	Lick
33.8405	0.10000000000000142	TimeIntervals	Lick
34.4405	0.10000000000000142	TimeIntervals	Lick
35.07399999999999	0.10000000000001563	TimeIntervals	Lick
35.240500000000004	0.10000000000000142	TimeIntervals	Lick
35.474	0.09999999999999432	TimeIntervals	Lick
36.14075	0.10000000000000853	TimeIntervals	Lick
37.141	0.06650000000000489	TimeIntervals	Lick
37.440999999999995	0.10000000000000142	TimeIntervals	Lick
37.57425	0.10000000000000142	TimeIntervals	Lick
37.7075	0.09999999999999432	TimeIntervals	Lick
37.841	0.09999999999999432	TimeIntervals	Lick
37.97449999999999	0.10000000000000853	TimeIntervals	Lick
38.10775	0.09999999999999432	TimeIntervals	Lick
38.241	0.10000000000000142	TimeIntervals	Lick
38.3745	0.09999999999999432	TimeIntervals	Lick
38.507749999999994	0.10000000000000853	TimeIntervals	Lick
38.6745	0.10000000000000853	TimeIntervals	Reward
38.6745	0.06649999999999778	TimeIntervals	Lick
38.80775	0.4002500000000069	TimeIntervals	Lick
39.241249999999994	0.10000000000000853	TimeIntervals	Lick
39.3745	0.06675000000000608	TimeIntervals	Lick
39.4745	0.10000000000000142	TimeIntervals	Lick
39.608000000000004	0.10000000000000142	TimeIntervals	Lick
39.741249999999994	0.10000000000000853	TimeIntervals	Lick
39.874500000000005	0.23349999999999937	TimeIntervals	Lick
40.1415	0.10000000000000142	TimeIntervals	Lick
40.27475	0.06675000000000608	TimeIntervals	Lick
40.408	0.06674999999999187	TimeIntervals	Lick
40.5415	0.10000000000000142	TimeIntervals	Lick
40.67475000000001	0.06674999999999187	TimeIntervals	Lick
40.80800000000001	0.06674999999999898	TimeIntervals	Lick
40.908	0.10000000000000142	TimeIntervals	Lick
41.0415	0.10000000000000142	TimeIntervals	Lick
41.175000000000004	0.10000000000000142	TimeIntervals	Lick
41.30825000000001	0.09999999999998721	TimeIntervals	Lick
41.4415	0.10000000000000142	TimeIntervals	Lick
41.574999999999996	0.10000000000000853	TimeIntervals	Lick
41.7415	0.06675000000000608	TimeIntervals	Lick
41.8415	0.09999999999999432	TimeIntervals	Lick
41.974999999999994	0.10000000000000142	TimeIntervals	Lick
42.10825	0.10000000000001563	TimeIntervals	Lick
42.2415	0.10025000000000261	TimeIntervals	Lick
42.375	0.09999999999999432	TimeIntervals	Lick
42.5085	0.13325000000000387	TimeIntervals	Lick
42.675000000000004	0.10000000000000142	TimeIntervals	Lick
42.841750000000005	0.09999999999999432	TimeIntervals	Lick
42.97499999999999	0.10000000000000853	TimeIntervals	Lick
43.1085	0.10000000000000142	TimeIntervals	Lick
43.24175	0.10025000000000972	TimeIntervals	Lick
43.375249999999994	0.10000000000000853	TimeIntervals	Lick
43.5085	0.06674999999999898	TimeIntervals	Lick
43.642	0.06649999999999778	TimeIntervals	Lick
44.041999999999994	0.10000000000000853	TimeIntervals	Lick
44.44199999999999	0.10000000000000142	TimeIntervals	Lick
44.90875	0.06674999999999187	TimeIntervals	Lick
45.041999999999994	0.10000000000000853	TimeIntervals	Lick
45.20875	0.10000000000000853	TimeIntervals	Lick
45.34200000000001	0.23349999999998516	TimeIntervals	Lick
45.6755	0.10000000000000142	TimeIntervals	Lick
45.809000000000005	0.06650000000000489	TimeIntervals	Lick
46.009	0.10000000000000142	TimeIntervals	Lick
46.609	0.06674999999999898	TimeIntervals	Lick
46.74250000000001	0.09999999999999432	TimeIntervals	Lick
47.47574999999999	0.03325000000000955	TimeIntervals	Lick
47.70900000000001	0.06699999999999307	TimeIntervals	Lick
47.809250000000006	0.09999999999999432	TimeIntervals	Lick
47.942499999999995	0.10000000000001563	TimeIntervals	Lick
48.07599999999999	0.10000000000001563	TimeIntervals	Lick
48.209250000000004	0.10000000000000142	TimeIntervals	Lick
48.3425	0.09999999999999432	TimeIntervals	Lick
48.476	0.09999999999999432	TimeIntervals	Lick
48.60925	0.10000000000000142	TimeIntervals	Lick
48.74250000000001	0.09999999999999432	TimeIntervals	Lick
48.876000000000005	0.09999999999999432	TimeIntervals	Lick
48.976	0.09999999999999432	TimeIntervals	Reward
49.0095	0.09999999999999432	TimeIntervals	Lick
49.14275	0.3999999999999986	TimeIntervals	Lick
49.57599999999999	0.10000000000001563	TimeIntervals	Lick
49.709500000000006	0.10000000000000142	TimeIntervals	Lick
49.84275	0.1002499999999884	TimeIntervals	Lick
49.97625	0.09999999999998721	TimeIntervals	Lick
50.1095	0.10000000000000853	TimeIntervals	Lick
50.243	0.10000000000000853	TimeIntervals	Lick
50.376250000000006	0.06674999999998477	TimeIntervals	Lick
50.47625	0.09999999999998721	TimeIntervals	Lick
50.643	0.06650000000000489	TimeIntervals	Lick
50.743	0.10000000000000853	TimeIntervals	Lick
50.876250000000006	0.06674999999998477	TimeIntervals	Lick
50.97625	0.20024999999999693	TimeIntervals	Lick
51.20975000000001	0.23324999999998397	TimeIntervals	Lick
51.47649999999999	0.10000000000001563	TimeIntervals	Lick
51.609750000000005	0.10000000000000142	TimeIntervals	Lick
51.74300000000001	0.10000000000000142	TimeIntervals	Lick
51.87650000000001	0.06649999999998357	TimeIntervals	Lick
52.009750000000004	0.10024999999999551	TimeIntervals	Lick
52.143249999999995	0.06675000000000608	TimeIntervals	Lick
52.2765	0.06675000000001319	TimeIntervals	Lick
52.37650000000001	0.0999999999999801	TimeIntervals	Lick
52.51	0.10000000000000142	TimeIntervals	Lick
52.643249999999995	0.10000000000001563	TimeIntervals	Lick
52.81000000000001	0.06649999999999778	TimeIntervals	Lick
52.94324999999999	0.06675000000000608	TimeIntervals	Lick
53.04325000000001	0.09999999999998721	TimeIntervals	Lick
53.176500000000004	0.20025000000000404	TimeIntervals	Lick
53.41	0.10000000000000142	TimeIntervals	Lick
53.543499999999995	0.10000000000000142	TimeIntervals	Lick
53.67675	0.10000000000000853	TimeIntervals	Lick
53.81000000000001	0.09999999999998721	TimeIntervals	Lick
53.94349999999999	0.10000000000000142	TimeIntervals	Lick
54.07675	0.10000000000000142	TimeIntervals	Lick
54.21	0.13350000000000506	TimeIntervals	Lick
54.37700000000001	0.09999999999998721	TimeIntervals	Lick
54.51024999999999	0.10000000000000853	TimeIntervals	Lick
54.677	0.10000000000000142	TimeIntervals	Lick
54.843500000000006	0.06674999999999898	TimeIntervals	Lick
55.077	0.10000000000000142	TimeIntervals	Lick
55.343500000000006	0.10024999999999551	TimeIntervals	Lick
56.51049999999999	0.06675000000000608	TimeIntervals	Lick
58.01075	0.09999999999998721	TimeIntervals	Lick
58.343999999999994	0.03350000000001074	TimeIntervals	Lick
58.577499999999986	0.10000000000001563	TimeIntervals	Lick
58.74425	0.06674999999999898	TimeIntervals	Lick
58.877500000000005	0.13349999999999795	TimeIntervals	Lick
59.211000000000006	0.09999999999999432	TimeIntervals	Lick
59.34425	0.09999999999999432	TimeIntervals	Lick
59.4775	0.09999999999998721	TimeIntervals	Lick
59.611	0.10000000000000853	TimeIntervals	Lick
59.74425	0.10025000000000972	TimeIntervals	Lick
59.910999999999994	0.10000000000000853	TimeIntervals	Lick
60.044500000000006	0.23324999999999818	TimeIntervals	Lick
60.311000000000014	0.0999999999999801	TimeIntervals	Lick
60.4445	0.10000000000000142	TimeIntervals	Lick
60.611	0.06674999999999898	TimeIntervals	Lick
60.74450000000001	0.06650000000000489	TimeIntervals	Lick
61.911249999999995	0.10024999999999551	TimeIntervals	Lick
64.17825	0.06674999999999898	TimeIntervals	Lick
64.27850000000001	0.0999999999999801	TimeIntervals	Lick
64.41175	0.09999999999999432	TimeIntervals	Lick
64.545	0.0999999999999801	TimeIntervals	Lick
64.6785	0.10000000000000853	TimeIntervals	Lick
64.81175	0.09999999999999432	TimeIntervals	Lick
64.94500000000001	0.09999999999999432	TimeIntervals	Lick
65.0785	0.09999999999999432	TimeIntervals	Lick
65.21175	0.10025000000000261	TimeIntervals	Lick
65.312	0.10000000000000853	TimeIntervals	Reward
65.34525000000001	0.6999999999999886	TimeIntervals	Lick
66.112	0.20000000000000284	TimeIntervals	Lick
66.34525000000001	0.1002499999999884	TimeIntervals	Lick
66.47875	0.09999999999999432	TimeIntervals	Lick
66.612	0.06675000000001319	TimeIntervals	Lick
66.71199999999999	0.10000000000000853	TimeIntervals	Lick
66.87875000000001	0.06674999999998477	TimeIntervals	Lick
66.97875	0.09999999999999432	TimeIntervals	Lick
67.112	0.09999999999999432	TimeIntervals	Lick
67.24549999999999	0.10000000000000853	TimeIntervals	Lick
67.37875000000001	0.09999999999999432	TimeIntervals	Lick
67.512	0.20024999999999693	TimeIntervals	Lick
67.74549999999999	0.10000000000000853	TimeIntervals	Lick
67.879	0.23324999999998397	TimeIntervals	Lick
68.1455	0.13349999999999795	TimeIntervals	Lick
68.31225	0.10000000000000853	TimeIntervals	Lick
68.4455	0.10000000000000853	TimeIntervals	Lick
68.57900000000001	0.09999999999999432	TimeIntervals	Lick
68.74574999999999	0.06675000000001319	TimeIntervals	Lick
68.879	0.23350000000000648	TimeIntervals	Lick
69.14575	0.3667499999999819	TimeIntervals	Lick
69.54575	0.23349999999999227	TimeIntervals	Lick
69.846	0.10000000000000853	TimeIntervals	Lick
70.046	0.06650000000000489	TimeIntervals	Lick
70.2125	0.06674999999998477	TimeIntervals	Lick
70.44600000000001	0.09999999999999432	TimeIntervals	Lick
72.34625	0.10000000000000853	TimeIntervals	Lick
72.513	0.09999999999999432	TimeIntervals	Lick
72.64625000000001	0.09999999999999432	TimeIntervals	Reward
72.81299999999999	0.4000000000000199	TimeIntervals	Lick
73.24650000000001	0.09999999999999432	TimeIntervals	Lick
73.37975	0.20000000000001705	TimeIntervals	Lick
73.61300000000001	0.09999999999999432	TimeIntervals	Lick
73.74650000000001	0.23324999999999818	TimeIntervals	Lick
74.013	0.06700000000000728	TimeIntervals	Lick
74.11325000000001	0.09999999999999432	TimeIntervals	Lick
74.24650000000001	0.09999999999999432	TimeIntervals	Lick
74.38	0.10000000000002274	TimeIntervals	Lick
74.51325	0.46675000000001887	TimeIntervals	Lick
75.01325	0.10000000000000853	TimeIntervals	Lick
75.1465	0.10025000000000261	TimeIntervals	Lick
75.28	0.09999999999999432	TimeIntervals	Lick
75.41350000000001	0.09999999999999432	TimeIntervals	Lick
75.58000000000001	0.06675000000001319	TimeIntervals	Lick
75.68000000000002	0.0999999999999801	TimeIntervals	Lick
75.81349999999999	0.10000000000002274	TimeIntervals	Lick
75.94675000000001	0.09999999999999432	TimeIntervals	Lick
76.08000000000001	0.10000000000000853	TimeIntervals	Lick
76.2135	0.09999999999999432	TimeIntervals	Lick
76.347	0.10000000000000853	TimeIntervals	Lick
76.51350000000001	0.06674999999999898	TimeIntervals	Lick
77.047	0.03325000000000955	TimeIntervals	Lick
77.18025000000002	0.13324999999997544	TimeIntervals	Lick
78.48050000000002	0.06674999999997056	TimeIntervals	Lick
78.8805	0.10000000000002274	TimeIntervals	Lick
80.014	0.10000000000000853	TimeIntervals	Lick
80.58075	0.06675000000001319	TimeIntervals	Lick
81.61425	0.09999999999999432	TimeIntervals	Lick
81.74749999999999	0.20025000000001114	TimeIntervals	Lick
82.0145	0.06649999999999068	TimeIntervals	Lick
82.1145	0.09999999999999432	TimeIntervals	Lick
82.24775	0.10000000000000853	TimeIntervals	Lick
82.381	0.06674999999999898	TimeIntervals	Lick
82.5145	0.06649999999999068	TimeIntervals	Lick
82.6145	0.09999999999999432	TimeIntervals	Lick
82.64775	0.09999999999999432	TimeIntervals	Reward
82.74775	0.36675000000001035	TimeIntervals	Lick
83.14800000000001	0.09999999999999432	TimeIntervals	Lick
83.31449999999998	0.06675000000001319	TimeIntervals	Lick
83.448	0.06650000000000489	TimeIntervals	Lick
83.548	0.10000000000000853	TimeIntervals	Lick
83.68125	0.19999999999998863	TimeIntervals	Lick
83.91450000000002	0.1002499999999884	TimeIntervals	Lick
84.048	0.10000000000000853	TimeIntervals	Lick
84.18150000000001	0.0999999999999801	TimeIntervals	Lick
84.31475	0.20000000000000284	TimeIntervals	Lick
84.548	0.10000000000000853	TimeIntervals	Lick
84.68150000000001	0.0999999999999801	TimeIntervals	Lick
84.81475	0.10000000000000853	TimeIntervals	Lick
84.948	0.10000000000000853	TimeIntervals	Lick
85.0815	0.10000000000000853	TimeIntervals	Lick
85.215	0.10000000000000853	TimeIntervals	Lick
85.34825	0.26675000000001603	TimeIntervals	Lick
85.64825	0.09999999999999432	TimeIntervals	Lick
85.7815	0.10000000000000853	TimeIntervals	Lick
85.915	0.0999999999999801	TimeIntervals	Lick
86.0815	0.10000000000002274	TimeIntervals	Lick
86.215	0.06674999999998477	TimeIntervals	Lick
86.31500000000001	0.29999999999999716	TimeIntervals	Lick
86.68175000000001	0.03324999999999534	TimeIntervals	Lick
86.78174999999999	0.10000000000002274	TimeIntervals	Lick
88.3485	0.10025000000000261	TimeIntervals	Lick
88.51549999999999	0.10000000000002274	TimeIntervals	Lick
90.049	0.13325000000000387	TimeIntervals	Lick
90.2155	0.06674999999999898	TimeIntervals	Lick
91.51575	0.13325000000000387	TimeIntervals	Lick
92.4825	0.09999999999999432	TimeIntervals	Lick
92.94950000000001	0.09999999999999432	TimeIntervals	Lick
94.84949999999999	0.10000000000002274	TimeIntervals	Lick
94.98300000000002	0.06674999999998477	TimeIntervals	Lick
95.11650000000002	0.06649999999999068	TimeIntervals	Lick
95.24975	0.06674999999999898	TimeIntervals	Lick
97.85	0.06674999999999898	TimeIntervals	Lick
98.0835	0.10000000000002274	TimeIntervals	Lick
98.35025	0.10000000000000853	TimeIntervals	Lick
98.517	0.06650000000000489	TimeIntervals	Lick
100.35050000000001	0.10000000000000853	TimeIntervals	Lick
106.0515	0.10000000000000853	TimeIntervals	Lick
106.4515	0.13325000000000387	TimeIntervals	Lick
108.2185	0.06650000000000489	TimeIntervals	Lick
109.91850000000001	0.06674999999999898	TimeIntervals	Lick
110.01849999999999	0.20000000000001705	TimeIntervals	Lick
110.252	0.06650000000000489	TimeIntervals	Lick
110.35200000000002	0.0999999999999801	TimeIntervals	Lick
110.4855	0.10000000000000853	TimeIntervals	Lick
110.61875	0.06675000000001319	TimeIntervals	Lick
110.71875	0.09999999999999432	TimeIntervals	Lick
110.85200000000002	0.0999999999999801	TimeIntervals	Lick
110.9855	0.10000000000000853	TimeIntervals	Lick
111.01875	0.10000000000000853	TimeIntervals	Reward
111.11875	0.09999999999999432	TimeIntervals	Lick
111.252	0.36700000000001864	TimeIntervals	Lick
111.65225000000001	0.09999999999999432	TimeIntervals	Lick
111.78550000000001	0.06674999999999898	TimeIntervals	Lick
111.8855	0.10000000000000853	TimeIntervals	Lick
112.019	0.10000000000000853	TimeIntervals	Lick
112.15225000000001	0.20000000000000284	TimeIntervals	Lick
112.3855	0.10000000000000853	TimeIntervals	Lick
112.519	0.10000000000000853	TimeIntervals	Lick
112.6525	0.10000000000000853	TimeIntervals	Lick
112.78575000000001	0.09999999999999432	TimeIntervals	Lick
112.91900000000001	0.09999999999999432	TimeIntervals	Lick
113.0525	0.10000000000000853	TimeIntervals	Lick
113.18575000000001	0.19999999999998863	TimeIntervals	Lick
113.41900000000001	0.09999999999999432	TimeIntervals	Lick
113.5525	0.10000000000000853	TimeIntervals	Lick
113.71924999999999	0.10000000000000853	TimeIntervals	Lick
113.8525	0.10000000000000853	TimeIntervals	Lick
113.98600000000003	0.0999999999999801	TimeIntervals	Lick
114.11925000000001	0.0999999999999801	TimeIntervals	Lick
114.25250000000001	0.09999999999999432	TimeIntervals	Lick
114.386	0.10000000000003695	TimeIntervals	Lick
114.51925000000001	0.13324999999998965	TimeIntervals	Lick
114.68600000000002	0.0999999999999801	TimeIntervals	Lick
114.8195	0.23324999999999818	TimeIntervals	Lick
115.08600000000001	0.4000000000000199	TimeIntervals	Lick
115.51950000000001	1.500249999999994	TimeIntervals	Lick
117.11975000000001	0.1667499999999933	TimeIntervals	Lick
117.35300000000001	0.4000000000000057	TimeIntervals	Lick
117.85300000000001	0.20024999999999693	TimeIntervals	Lick
118.0865	0.10000000000000853	TimeIntervals	Lick
118.22	0.09999999999999432	TimeIntervals	Lick
118.35325	0.3999999999999915	TimeIntervals	Lick
118.7865	0.10000000000000853	TimeIntervals	Lick
118.92	0.09999999999999432	TimeIntervals	Lick
119.38675	0.30000000000001137	TimeIntervals	Lick
119.72	0.06674999999999898	TimeIntervals	Lick
120.08675000000001	0.06674999999999898	TimeIntervals	Lick
120.25349999999999	0.46675000000000466	TimeIntervals	Lick
120.787	0.10000000000000853	TimeIntervals	Lick
121.38700000000001	0.3999999999999915	TimeIntervals	Lick
122.72049999999999	0.13350000000002638	TimeIntervals	Lick
122.92050000000002	0.0999999999999801	TimeIntervals	Lick
123.22049999999999	0.10000000000000853	TimeIntervals	Lick
124.65425	0.06674999999998477	TimeIntervals	Lick
124.75425000000001	0.0999999999999801	TimeIntervals	Lick
127.18799999999999	0.10000000000002274	TimeIntervals	Lick
127.32124999999999	0.10000000000000853	TimeIntervals	Lick
127.45450000000001	0.09999999999999432	TimeIntervals	Lick
127.58800000000001	0.0999999999999801	TimeIntervals	Lick
127.72125000000001	0.0999999999999801	TimeIntervals	Lick
127.8545	0.1002499999999884	TimeIntervals	Lick
127.98800000000003	0.13349999999996953	TimeIntervals	Lick
128.35475	0.06675000000001319	TimeIntervals	Lick
128.45475000000002	0.0999999999999659	TimeIntervals	Lick
128.58800000000002	0.0999999999999659	TimeIntervals	Lick
131.75525	0.10000000000005116	TimeIntervals	Lick
133.689	0.0665000000000191	TimeIntervals	Lick
133.8555	0.09999999999999432	TimeIntervals	Lick
135.88925	0.10000000000002274	TimeIntervals	Lick
136.0225	0.09999999999999432	TimeIntervals	Lick
136.156	0.2664999999999793	TimeIntervals	Lick
136.45600000000002	0.09999999999999432	TimeIntervals	Lick
136.82275	0.06675000000001319	TimeIntervals	Lick
137.32275	0.09999999999999432	TimeIntervals	Lick
140.29	0.0665000000000191	TimeIntervals	Lick
141.1235	0.10000000000002274	TimeIntervals	Lick
141.25675	0.10000000000002274	TimeIntervals	Lick
141.39000000000001	0.09999999999999432	TimeIntervals	Lick
141.52349999999998	0.10000000000002274	TimeIntervals	Lick
141.65675	0.20000000000004547	TimeIntervals	Lick
141.89000000000001	0.09999999999999432	TimeIntervals	Lick
142.02349999999998	0.10000000000002274	TimeIntervals	Lick
142.19025000000002	0.06674999999998477	TimeIntervals	Lick
142.35700000000003	0.09999999999999432	TimeIntervals	Reward
142.45700000000002	0.36650000000000205	TimeIntervals	Lick
142.85700000000003	0.09999999999999432	TimeIntervals	Lick
142.99025	0.20000000000001705	TimeIntervals	Lick
143.22350000000003	0.1002499999999884	TimeIntervals	Lick
143.35700000000003	0.09999999999999432	TimeIntervals	Lick
143.4905	0.20000000000001705	TimeIntervals	Lick
143.72375000000002	0.09999999999999432	TimeIntervals	Lick
143.85700000000003	0.19999999999998863	TimeIntervals	Lick
144.0905	0.10000000000002274	TimeIntervals	Lick
144.22375000000002	0.09999999999999432	TimeIntervals	Lick
144.35700000000003	0.10024999999995998	TimeIntervals	Lick
144.4905	0.09999999999999432	TimeIntervals	Lick
144.624	0.10000000000002274	TimeIntervals	Lick
144.75725000000003	0.3332499999999641	TimeIntervals	Lick
145.124	0.10000000000002274	TimeIntervals	Lick
145.25725000000003	0.0999999999999659	TimeIntervals	Lick
145.3905	0.10025000000001683	TimeIntervals	Lick
145.524	0.09999999999999432	TimeIntervals	Lick
145.6575	0.4000000000000057	TimeIntervals	Lick
146.09075	0.09999999999999432	TimeIntervals	Lick
146.25750000000002	0.06649999999999068	TimeIntervals	Lick
146.39075000000003	0.09999999999999432	TimeIntervals	Lick
146.5575	0.06674999999998477	TimeIntervals	Lick
146.69099999999997	0.10000000000005116	TimeIntervals	Lick
147.25750000000002	0.09999999999999432	TimeIntervals	Lick
148.45775	0.10000000000002274	TimeIntervals	Lick
149.75800000000004	0.0999999999999659	TimeIntervals	Lick
149.92474999999996	0.10000000000005116	TimeIntervals	Lick
153.09175000000002	0.06674999999998477	TimeIntervals	Lick
155.05874999999997	0.06675000000001319	TimeIntervals	Lick
156.19225	0.06675000000004161	TimeIntervals	Lick
158.25925000000004	0.06674999999998477	TimeIntervals	Lick
159.39275	0.09999999999999432	TimeIntervals	Lick
159.55949999999999	0.09999999999999432	TimeIntervals	Lick
161.75975000000003	0.09999999999999432	TimeIntervals	Lick
163.4935	0.06649999999999068	TimeIntervals	Lick
165.427	0.10000000000002274	TimeIntervals	Lick
167.56075	0.1667500000000075	TimeIntervals	Lick
167.76075	0.20000000000001705	TimeIntervals	Lick
167.994	0.19999999999998863	TimeIntervals	Lick
168.22750000000002	0.09999999999999432	TimeIntervals	Lick
168.36075	0.10000000000002274	TimeIntervals	Lick
168.494	0.10025000000001683	TimeIntervals	Lick
168.6275	0.10000000000002274	TimeIntervals	Lick
168.661	0.10000000000002274	TimeIntervals	Reward
168.76100000000002	0.666499999999985	TimeIntervals	Lick
169.461	0.06649999999999068	TimeIntervals	Lick
169.561	0.09999999999999432	TimeIntervals	Lick
169.6945	0.10000000000002274	TimeIntervals	Lick
169.82775	0.09999999999999432	TimeIntervals	Lick
169.961	0.09999999999999432	TimeIntervals	Lick
170.0945	0.20000000000001705	TimeIntervals	Lick
170.32775	0.09999999999999432	TimeIntervals	Lick
170.461	0.19999999999998863	TimeIntervals	Lick
170.6945	0.10000000000002274	TimeIntervals	Lick
170.82800000000003	0.5	TimeIntervals	Lick
171.36125	0.09999999999999432	TimeIntervals	Lick
171.49450000000002	0.09999999999999432	TimeIntervals	Lick
171.628	0.10000000000005116	TimeIntervals	Lick
171.76125000000002	0.1002499999999884	TimeIntervals	Lick
171.89475000000002	0.09999999999999432	TimeIntervals	Lick
172.028	0.09999999999999432	TimeIntervals	Lick
172.1615	0.1332500000000607	TimeIntervals	Lick
172.32800000000003	0.0999999999999659	TimeIntervals	Lick
172.46150000000003	0.09999999999999432	TimeIntervals	Lick
172.59475	0.09999999999999432	TimeIntervals	Lick
172.76150000000004	0.06649999999999068	TimeIntervals	Lick
172.8615	0.10000000000002274	TimeIntervals	Lick
173.06150000000002	0.06674999999998477	TimeIntervals	Lick
173.19500000000002	0.13325000000000387	TimeIntervals	Lick
173.56150000000002	0.06674999999998477	TimeIntervals	Lick
174.9285	0.10000000000002274	TimeIntervals	Lick
175.09500000000003	0.13349999999999795	TimeIntervals	Lick
175.32850000000005	0.06674999999998477	TimeIntervals	Lick
176.562	0.13349999999999795	TimeIntervals	Lick
176.89550000000003	0.0999999999999659	TimeIntervals	Lick
178.46249999999998	0.06650000000004752	TimeIntervals	Lick
178.56250000000003	0.09999999999999432	TimeIntervals	Lick
178.729	0.10000000000002274	TimeIntervals	Lick
178.96249999999998	0.10000000000005116	TimeIntervals	Lick
181.46275000000003	0.06674999999998477	TimeIntervals	Lick
181.6295	0.0665000000000191	TimeIntervals	Lick
184.26325000000003	0.0999999999999659	TimeIntervals	Lick
184.43	0.09999999999999432	TimeIntervals	Lick
185.43	0.09999999999999432	TimeIntervals	Lick
185.59675000000001	0.09999999999999432	TimeIntervals	Lick
185.79675	0.09999999999999432	TimeIntervals	Lick
186.73025000000004	0.0999999999999659	TimeIntervals	Lick
186.89700000000002	0.0665000000000191	TimeIntervals	Lick
191.16425	0.09999999999999432	TimeIntervals	Lick
192.0645	0.06649999999999068	TimeIntervals	Lick
192.431	0.0999999999999659	TimeIntervals	Lick
192.76450000000003	0.06674999999998477	TimeIntervals	Lick
192.8645	0.10000000000002274	TimeIntervals	Lick
192.99800000000002	0.06649999999999068	TimeIntervals	Lick
193.098	0.09999999999999432	TimeIntervals	Lick
193.26450000000003	0.19999999999998863	TimeIntervals	Lick
193.53125	0.20000000000001705	TimeIntervals	Lick
193.76450000000003	0.1002499999999884	TimeIntervals	Lick
193.89800000000002	0.09999999999999432	TimeIntervals	Lick
193.99800000000002	0.06674999999998477	TimeIntervals	Reward
194.0315	0.0665000000000191	TimeIntervals	Lick
194.1315	0.43325000000001523	TimeIntervals	Lick
194.598	0.09999999999999432	TimeIntervals	Lick
194.73150000000004	0.0999999999999659	TimeIntervals	Lick
194.86500000000004	0.1999999999999602	TimeIntervals	Lick
195.09824999999998	0.09999999999999432	TimeIntervals	Lick
195.23150000000004	0.1999999999999602	TimeIntervals	Lick
195.465	0.09999999999999432	TimeIntervals	Lick
195.59824999999998	0.09999999999999432	TimeIntervals	Lick
195.73150000000004	0.1999999999999602	TimeIntervals	Lick
195.965	0.09999999999999432	TimeIntervals	Lick
196.0985	0.09999999999999432	TimeIntervals	Lick
196.23175	0.09999999999999432	TimeIntervals	Lick
196.36500000000004	0.0999999999999659	TimeIntervals	Lick
196.4985	0.09999999999999432	TimeIntervals	Lick
196.63174999999998	0.10000000000002274	TimeIntervals	Lick
196.76500000000001	0.10000000000002274	TimeIntervals	Lick
196.8985	0.09999999999999432	TimeIntervals	Lick
197.03175000000002	0.2667500000000018	TimeIntervals	Lick
197.33200000000002	0.09999999999999432	TimeIntervals	Lick
197.46525	0.10000000000002274	TimeIntervals	Lick
197.5985	0.13349999999999795	TimeIntervals	Lick
197.76525	0.10000000000002274	TimeIntervals	Lick
197.8985	0.13349999999999795	TimeIntervals	Lick
198.0985	0.0670000000000357	TimeIntervals	Lick
198.19875000000002	0.13325000000000387	TimeIntervals	Lick
198.39875	0.06674999999998477	TimeIntervals	Lick
198.532	0.13350000000002638	TimeIntervals	Lick
199.33225	0.13325000000000387	TimeIntervals	Lick
199.5655	0.06674999999998477	TimeIntervals	Lick
202.03250000000003	0.13349999999996953	TimeIntervals	Lick
202.6995	0.10000000000002274	TimeIntervals	Lick
204.26625	0.06675000000001319	TimeIntervals	Lick
204.39950000000002	0.0999999999999659	TimeIntervals	Lick
205.6665	0.06649999999999068	TimeIntervals	Lick
206.23325000000003	0.09999999999999432	TimeIntervals	Reward
206.43325	0.366750000000053	TimeIntervals	Lick
206.83325000000002	0.06675000000001319	TimeIntervals	Lick
206.93325	0.1002499999999884	TimeIntervals	Lick
207.06675	0.20000000000001705	TimeIntervals	Lick
207.30000000000004	0.3334999999999866	TimeIntervals	Lick
207.66674999999998	0.20000000000001705	TimeIntervals	Lick
207.90000000000003	0.0999999999999659	TimeIntervals	Lick
208.03349999999998	0.10000000000005116	TimeIntervals	Lick
208.16699999999997	0.10000000000005116	TimeIntervals	Lick
208.30025	0.09999999999999432	TimeIntervals	Lick
208.4335	0.0999999999999659	TimeIntervals	Lick
208.567	0.0999999999999659	TimeIntervals	Lick
208.70025000000004	0.1999999999999602	TimeIntervals	Lick
208.9335	0.0999999999999659	TimeIntervals	Lick
209.067	0.3667499999999677	TimeIntervals	Lick
209.467	0.2667500000000018	TimeIntervals	Lick
209.76700000000002	0.0999999999999659	TimeIntervals	Lick
209.93374999999997	0.1332500000000323	TimeIntervals	Lick
210.10049999999998	0.09999999999999432	TimeIntervals	Lick
210.23375000000001	0.13350000000002638	TimeIntervals	Lick
210.56725	0.0999999999999659	TimeIntervals	Lick
211.30050000000003	0.10025000000001683	TimeIntervals	Lick
211.46750000000003	0.10000000000002274	TimeIntervals	Lick
211.60075	0.13325000000000387	TimeIntervals	Lick
213.23425	0.09999999999999432	TimeIntervals	Lick
214.90125	0.09999999999999432	TimeIntervals	Lick
215.1345	0.06675000000001319	TimeIntervals	Lick
216.53475	0.13324999999997544	TimeIntervals	Lick
217.435	0.06649999999999068	TimeIntervals	Lick
217.66825	0.10000000000002274	TimeIntervals	Lick
220.102	0.06675000000001319	TimeIntervals	Lick
220.20200000000003	0.0999999999999659	TimeIntervals	Lick
220.33550000000002	0.09999999999999432	TimeIntervals	Lick
220.46875	0.06674999999998477	TimeIntervals	Lick
220.56875	0.10000000000002274	TimeIntervals	Lick
220.70200000000003	0.0999999999999659	TimeIntervals	Lick
220.83550000000002	0.09999999999999432	TimeIntervals	Lick
220.96875	0.09999999999999432	TimeIntervals	Lick
221.102	0.06675000000001319	TimeIntervals	Lick
221.20200000000003	0.1002499999999884	TimeIntervals	Lick
221.33550000000002	0.09999999999999432	TimeIntervals	Reward
221.33550000000002	0.09999999999999432	TimeIntervals	Lick
221.46900000000002	0.0999999999999659	TimeIntervals	Lick
221.60225	0.26675000000003024	TimeIntervals	Lick
221.90225	0.06675000000001319	TimeIntervals	Lick
222.00225	0.09999999999999432	TimeIntervals	Lick
222.1355	0.06674999999998477	TimeIntervals	Lick
222.2355	0.10000000000002274	TimeIntervals	Lick
222.36900000000003	0.09999999999999432	TimeIntervals	Lick
222.50250000000003	0.1999999999999602	TimeIntervals	Lick
222.73575000000002	0.09999999999999432	TimeIntervals	Lick
222.86900000000003	0.33349999999995816	TimeIntervals	Lick
223.23575000000002	0.09999999999999432	TimeIntervals	Lick
223.36900000000003	0.1002499999999884	TimeIntervals	Lick
223.50250000000003	0.0999999999999659	TimeIntervals	Lick
223.636	0.09999999999999432	TimeIntervals	Lick
223.76925	0.3332499999999925	TimeIntervals	Lick
224.136	0.09999999999999432	TimeIntervals	Lick
224.26925	0.10000000000002274	TimeIntervals	Lick
224.4025	0.10000000000002274	TimeIntervals	Lick
224.536	0.09999999999999432	TimeIntervals	Lick
224.6695	0.26650000000000773	TimeIntervals	Lick
224.96950000000004	0.0999999999999659	TimeIntervals	Lick
225.10275000000001	0.13324999999997544	TimeIntervals	Lick
225.26950000000002	0.09999999999999432	TimeIntervals	Lick
225.5695	0.03325000000000955	TimeIntervals	Lick
225.76950000000002	0.13349999999996953	TimeIntervals	Lick
227.1365	0.09999999999999432	TimeIntervals	Lick
227.30300000000003	0.06675000000001319	TimeIntervals	Lick
227.53650000000002	0.09999999999999432	TimeIntervals	Lick
227.93650000000002	0.09999999999999432	TimeIntervals	Lick
229.67000000000002	0.06675000000001319	TimeIntervals	Lick
232.1705	0.06675000000001319	TimeIntervals	Lick
232.5705	0.06674999999998477	TimeIntervals	Lick
232.73725000000002	0.06674999999998477	TimeIntervals	Lick
233.13725	0.06675000000004161	TimeIntervals	Lick
233.37075000000002	0.09999999999999432	TimeIntervals	Lick
234.60424999999998	0.10000000000005116	TimeIntervals	Lick
234.73750000000004	0.06674999999995634	TimeIntervals	Lick
234.8375	0.09999999999999432	TimeIntervals	Lick
234.971	0.10000000000002274	TimeIntervals	Lick
235.10424999999998	0.20000000000001705	TimeIntervals	Lick
235.3375	0.09999999999999432	TimeIntervals	Lick
235.471	0.10000000000002274	TimeIntervals	Lick
235.60449999999997	0.06650000000004752	TimeIntervals	Lick
235.70450000000002	0.0999999999999659	TimeIntervals	Lick
235.73775	0.1332500000000323	TimeIntervals	Reward
235.83775	0.4000000000000057	TimeIntervals	Lick
236.271	0.06675000000001319	TimeIntervals	Lick
236.37100000000004	0.0999999999999659	TimeIntervals	Lick
236.5045	0.0999999999999659	TimeIntervals	Lick
236.63799999999998	0.10000000000005116	TimeIntervals	Lick
236.77125000000004	0.19999999999998863	TimeIntervals	Lick
237.0045	0.0999999999999659	TimeIntervals	Lick
237.13799999999998	0.10000000000005116	TimeIntervals	Lick
237.27125000000004	0.09999999999999432	TimeIntervals	Lick
237.40449999999998	0.19999999999998863	TimeIntervals	Lick
237.63799999999998	0.10000000000005116	TimeIntervals	Lick
237.77150000000003	0.09999999999999432	TimeIntervals	Lick
237.90475000000004	0.0999999999999659	TimeIntervals	Lick
238.03799999999998	0.09999999999999432	TimeIntervals	Lick
238.1715	0.9000000000000057	TimeIntervals	Lick
239.105	0.10000000000002274	TimeIntervals	Lick
239.23825	0.10000000000005116	TimeIntervals	Lick
239.37150000000003	0.13349999999999795	TimeIntervals	Lick
239.53825	0.2332500000000266	TimeIntervals	Lick
239.805	0.23349999999999227	TimeIntervals	Lick
240.07175	0.09999999999999432	TimeIntervals	Lick
240.23850000000002	0.10000000000002274	TimeIntervals	Lick
241.60525	0.06675000000001319	TimeIntervals	Lick
242.87200000000004	0.06674999999998477	TimeIntervals	Lick
243.17200000000003	0.10024999999995998	TimeIntervals	Lick
244.339	0.10000000000002274	TimeIntervals	Lick
245.10575	0.13324999999997544	TimeIntervals	Lick
245.339	0.1002499999999884	TimeIntervals	Lick
247.60625000000002	0.06674999999998477	TimeIntervals	Lick
247.77300000000002	0.03325000000000955	TimeIntervals	Lick
247.83950000000002	0.06674999999998477	TimeIntervals	Lick
247.93950000000004	0.09999999999999432	TimeIntervals	Lick
248.07300000000004	0.19999999999998863	TimeIntervals	Lick
248.30625000000003	0.0999999999999659	TimeIntervals	Lick
248.43950000000004	0.1999999999999602	TimeIntervals	Lick
248.673	0.10000000000002274	TimeIntervals	Lick
248.80650000000003	0.10000000000002274	TimeIntervals	Lick
248.93975	0.06674999999998477	TimeIntervals	Lick
249.03975000000003	0.0999999999999659	TimeIntervals	Lick
249.07300000000004	0.0999999999999659	TimeIntervals	Reward
249.173	0.4000000000000341	TimeIntervals	Lick
249.6065	0.06649999999999068	TimeIntervals	Lick
249.7065	0.10000000000002274	TimeIntervals	Lick
249.83999999999997	0.20000000000001705	TimeIntervals	Lick
250.07325	0.2332500000000266	TimeIntervals	Lick
250.33999999999997	0.10000000000002274	TimeIntervals	Lick
250.47324999999998	0.10000000000002274	TimeIntervals	Lick
250.6065	0.5002499999999941	TimeIntervals	Lick
251.13999999999996	0.06675000000007003	TimeIntervals	Lick
251.24000000000004	0.09999999999993747	TimeIntervals	Lick
251.3735	0.09999999999999432	TimeIntervals	Lick
251.50674999999998	0.10000000000002274	TimeIntervals	Lick
251.63999999999996	0.10000000000007958	TimeIntervals	Lick
251.77350000000004	0.23349999999996385	TimeIntervals	Lick
252.04025000000001	0.0999999999999659	TimeIntervals	Lick
252.17349999999996	0.10000000000007958	TimeIntervals	Lick
252.30700000000004	0.0999999999999659	TimeIntervals	Lick
252.44025	0.10000000000002274	TimeIntervals	Lick
252.57350000000002	0.09999999999993747	TimeIntervals	Lick
252.70700000000002	0.10000000000002274	TimeIntervals	Lick
252.84025	0.09999999999999432	TimeIntervals	Lick
253.007	0.0665000000000191	TimeIntervals	Lick
253.10699999999997	0.06675000000007003	TimeIntervals	Lick
253.2405	0.1332500000000607	TimeIntervals	Lick
253.407	0.09999999999999432	TimeIntervals	Lick
253.57375000000002	0.10000000000002274	TimeIntervals	Lick
253.7405	0.06650000000004752	TimeIntervals	Lick
253.84050000000005	0.09999999999990905	TimeIntervals	Lick
254.34050000000005	0.06674999999992792	TimeIntervals	Lick
254.80725	0.06675000000001319	TimeIntervals	Lick
255.10725	0.06674999999998477	TimeIntervals	Lick
255.2405	0.1002499999999884	TimeIntervals	Lick
257.3075	0.0999999999999659	TimeIntervals	Lick
257.90774999999996	0.10000000000002274	TimeIntervals	Lick
259.10799999999995	0.06650000000007594	TimeIntervals	Lick
259.34125	0.0999999999999659	TimeIntervals	Lick
259.4744999999999	0.06675000000001319	TimeIntervals	Lick
259.57449999999994	0.33350000000007185	TimeIntervals	Lick
259.94149999999996	0.3332499999999641	TimeIntervals	Lick
260.30800000000005	0.0999999999999659	TimeIntervals	Lick
260.44149999999996	0.20000000000004547	TimeIntervals	Lick
260.44149999999996	0.10000000000002274	TimeIntervals	Reward
260.67475	0.266749999999945	TimeIntervals	Lick
260.97499999999997	0.10000000000002274	TimeIntervals	Lick
261.10825000000006	0.06674999999995634	TimeIntervals	Lick
261.20825	0.10000000000002274	TimeIntervals	Lick
261.3415	0.0999999999999659	TimeIntervals	Lick
261.47499999999997	0.46674999999999045	TimeIntervals	Lick
261.97499999999997	0.10000000000002274	TimeIntervals	Lick
262.10850000000005	0.0999999999999659	TimeIntervals	Lick
262.24174999999997	0.19999999999998863	TimeIntervals	Lick
262.47499999999997	0.10000000000002274	TimeIntervals	Lick
262.60850000000005	0.0999999999999659	TimeIntervals	Lick
262.74174999999997	0.10000000000007958	TimeIntervals	Lick
262.875	0.10024999999995998	TimeIntervals	Lick
263.00849999999997	0.2335000000000491	TimeIntervals	Lick
263.27524999999997	0.10000000000002274	TimeIntervals	Lick
263.4085	0.0999999999999659	TimeIntervals	Lick
263.542	0.10000000000007958	TimeIntervals	Lick
263.67525	0.0999999999999659	TimeIntervals	Lick
263.8085	0.10000000000002274	TimeIntervals	Lick
263.94199999999995	0.10000000000002274	TimeIntervals	Lick
264.0755	0.10000000000002274	TimeIntervals	Lick
264.20874999999995	0.23324999999999818	TimeIntervals	Lick
264.47549999999995	0.10000000000002274	TimeIntervals	Lick
264.60875	0.0999999999999659	TimeIntervals	Lick
264.742	0.06675000000001319	TimeIntervals	Lick
264.8755	0.0999999999999659	TimeIntervals	Lick
266.67575	0.0999999999999659	TimeIntervals	Lick
268.47599999999994	0.10000000000002274	TimeIntervals	Lick
268.6095	0.0999999999999659	TimeIntervals	Lick
269.5094999999999	0.06675000000007003	TimeIntervals	Lick
269.77624999999995	0.10000000000002274	TimeIntervals	Reward
269.9095	0.4000000000000341	TimeIntervals	Lick
270.343	0.06649999999996226	TimeIntervals	Lick
270.4429999999999	0.10000000000007958	TimeIntervals	Lick
270.57624999999996	0.20024999999998272	TimeIntervals	Lick
270.80975	0.0999999999999659	TimeIntervals	Lick
270.9429999999999	0.06675000000007003	TimeIntervals	Lick
271.043	0.10000000000002274	TimeIntervals	Lick
271.1765	0.20000000000004547	TimeIntervals	Lick
271.40975	0.10000000000002274	TimeIntervals	Lick
271.543	0.10000000000002274	TimeIntervals	Lick
271.6765	0.20000000000004547	TimeIntervals	Lick
271.91	0.0999999999999659	TimeIntervals	Lick
272.04324999999994	0.20000000000004547	TimeIntervals	Lick
272.27649999999994	0.10000000000007958	TimeIntervals	Lick
272.41	0.0999999999999659	TimeIntervals	Lick
272.54324999999994	0.10000000000007958	TimeIntervals	Lick
272.6765	0.0999999999999659	TimeIntervals	Lick
272.81	0.10000000000002274	TimeIntervals	Lick
272.9435	0.10000000000002274	TimeIntervals	Lick
273.07674999999995	0.10000000000007958	TimeIntervals	Lick
273.21	0.2667500000000018	TimeIntervals	Lick
273.51	0.10000000000002274	TimeIntervals	Lick
273.67675	0.0999999999999659	TimeIntervals	Lick
273.8435	0.0665000000000191	TimeIntervals	Lick
274.21025	0.10000000000002274	TimeIntervals	Lick
274.41025	0.06675000000001319	TimeIntervals	Lick
274.7435	0.06675000000001319	TimeIntervals	Lick
276.21049999999997	0.10000000000007958	TimeIntervals	Lick
277.61075000000005	0.06674999999995634	TimeIntervals	Lick
278.94425	0.0999999999999659	TimeIntervals	Lick
279.21099999999996	0.1332500000000323	TimeIntervals	Lick
279.37749999999994	0.10025000000007367	TimeIntervals	Lick
279.54449999999997	0.0665000000000191	TimeIntervals	Lick
279.6445	0.10000000000002274	TimeIntervals	Lick
279.77774999999997	0.10000000000002274	TimeIntervals	Lick
279.91100000000006	0.06674999999995634	TimeIntervals	Lick
280.011	0.0999999999999659	TimeIntervals	Lick
280.1445	0.19999999999998863	TimeIntervals	Lick
280.37775	0.10000000000002274	TimeIntervals	Lick
280.511	0.20024999999992588	TimeIntervals	Lick
280.7445	0.6334999999999695	TimeIntervals	Lick
280.8445	0.10000000000002274	TimeIntervals	Reward
281.41125000000005	0.06674999999995634	TimeIntervals	Lick
281.51125	0.10025000000001683	TimeIntervals	Lick
281.64475000000004	0.0667499999998995	TimeIntervals	Lick
281.74475	0.0999999999999659	TimeIntervals	Lick
281.878	0.10000000000002274	TimeIntervals	Lick
282.01149999999996	0.10000000000007958	TimeIntervals	Lick
282.14475000000004	0.23324999999994134	TimeIntervals	Lick
282.41150000000005	0.06649999999996226	TimeIntervals	Lick
282.51149999999996	0.10000000000007958	TimeIntervals	Lick
282.64475000000004	0.10024999999995998	TimeIntervals	Lick
282.77824999999996	0.20000000000004547	TimeIntervals	Lick
283.01149999999996	0.10000000000007958	TimeIntervals	Lick
283.145	0.10000000000002274	TimeIntervals	Lick
283.27824999999996	0.10000000000002274	TimeIntervals	Lick
283.41150000000005	0.09999999999990905	TimeIntervals	Lick
283.545	0.0999999999999659	TimeIntervals	Lick
283.67825	0.1332500000000323	TimeIntervals	Lick
283.845	0.10000000000002274	TimeIntervals	Lick
283.9785	0.10000000000002274	TimeIntervals	Lick
284.11175000000003	0.09999999999990905	TimeIntervals	Lick
284.2784999999999	0.13325000000014597	TimeIntervals	Lick
284.5785	0.06649999999996226	TimeIntervals	Lick
285.512	0.0665000000000191	TimeIntervals	Lick
286.97875	0.0999999999999659	TimeIntervals	Lick
288.34574999999995	0.06675000000012687	TimeIntervals	Lick
289.27899999999994	0.06700000000006412	TimeIntervals	Lick
289.5125	0.0999999999999659	TimeIntervals	Lick
289.67925	0.0667499999998995	TimeIntervals	Lick
289.8125	0.10000000000007958	TimeIntervals	Lick
290.346	0.0999999999999659	TimeIntervals	Lick
291.513	0.0665000000000191	TimeIntervals	Lick
293.91325	0.0999999999999659	TimeIntervals	Lick
294.0799999999999	0.06650000000007594	TimeIntervals	Lick
296.21349999999995	0.06675000000007003	TimeIntervals	Lick
296.58025	0.10000000000007958	TimeIntervals	Lick
297.247	0.06675000000001319	TimeIntervals	Lick
297.34700000000004	0.4334999999999809	TimeIntervals	Lick
297.81375	0.10000000000002274	TimeIntervals	Lick
297.947	0.0999999999999659	TimeIntervals	Lick
298.0805	0.10000000000007958	TimeIntervals	Lick
298.21399999999994	0.10000000000007958	TimeIntervals	Lick
298.34725	0.06675000000007003	TimeIntervals	Lick
298.61400000000003	0.0665000000000191	TimeIntervals	Lick
298.71399999999994	0.10000000000007958	TimeIntervals	Lick
298.84725	0.10000000000002274	TimeIntervals	Lick
298.98049999999995	0.10000000000002274	TimeIntervals	Lick
299.11400000000003	0.09999999999990905	TimeIntervals	Lick
299.24749999999995	0.20000000000004547	TimeIntervals	Lick
299.514	0.06675000000001319	TimeIntervals	Lick
299.6475	0.0999999999999659	TimeIntervals	Lick
299.814	0.10000000000002274	TimeIntervals	Lick
299.9475	0.10000000000002274	TimeIntervals	Lick
300.08075	0.0999999999999659	TimeIntervals	Lick
300.24749999999995	0.06675000000007003	TimeIntervals	Lick
300.381	0.10000000000002274	TimeIntervals	Lick
301.91450000000003	0.0999999999999659	TimeIntervals	Lick
306.68175	0.033249999999952706	TimeIntervals	Lick
306.9485	0.06674999999995634	TimeIntervals	Lick
307.2485	0.06675000000007003	TimeIntervals	Lick
307.482	0.0999999999999659	TimeIntervals	Lick
307.61525	0.10000000000002274	TimeIntervals	Lick
307.7485	0.10000000000002274	TimeIntervals	Lick
308.082	0.16674999999997908	TimeIntervals	Lick
308.34875000000005	0.0999999999999659	TimeIntervals	Lick
308.54875	0.0999999999999659	TimeIntervals	Lick
309.4155	0.0999999999999659	TimeIntervals	Lick
309.5489999999999	0.10000000000007958	TimeIntervals	Lick
309.74899999999997	0.03325000000000955	TimeIntervals	Lick
310.91575	0.0999999999999659	TimeIntervals	Lick
311.0489999999999	0.10000000000007958	TimeIntervals	Lick
311.1825	0.20000000000004547	TimeIntervals	Lick
311.41600000000005	0.0999999999999659	TimeIntervals	Lick
311.5492499999999	0.20000000000004547	TimeIntervals	Lick
311.78249999999997	0.10000000000007958	TimeIntervals	Lick
311.91600000000005	0.0999999999999659	TimeIntervals	Lick
312.0492499999999	0.06675000000007003	TimeIntervals	Lick
312.14925	0.0999999999999659	TimeIntervals	Reward
312.1825	0.06674999999995634	TimeIntervals	Lick
312.28249999999997	0.43349999999992406	TimeIntervals	Lick
312.7494999999999	0.06650000000013279	TimeIntervals	Lick
312.8495	0.3332500000000209	TimeIntervals	Lick
313.2159999999999	0.10000000000013642	TimeIntervals	Lick
313.3495	0.19999999999998863	TimeIntervals	Lick
313.583	0.0999999999999659	TimeIntervals	Lick
313.71625	0.10000000000007958	TimeIntervals	Lick
313.8495	0.10000000000007958	TimeIntervals	Lick
313.983	0.06649999999996226	TimeIntervals	Lick
314.083	0.0999999999999659	TimeIntervals	Lick
314.21625	0.10000000000007958	TimeIntervals	Lick
314.3495	0.10000000000007958	TimeIntervals	Lick
314.483	0.19999999999998863	TimeIntervals	Lick
314.7165	0.10000000000007958	TimeIntervals	Lick
314.84975000000003	0.23324999999999818	TimeIntervals	Lick
315.11650000000003	0.0999999999999659	TimeIntervals	Lick
315.24974999999995	0.10000000000007958	TimeIntervals	Lick
315.383	0.10000000000002274	TimeIntervals	Lick
315.5165	0.13349999999996953	TimeIntervals	Lick
315.68325	0.06674999999995634	TimeIntervals	Lick
315.78324999999995	0.0999999999999659	TimeIntervals	Lick
315.95000000000005	0.06649999999996226	TimeIntervals	Lick
316.04999999999995	0.1332500000000323	TimeIntervals	Lick
318.38349999999997	0.06675000000007003	TimeIntervals	Lick
318.65024999999997	0.06675000000001319	TimeIntervals	Lick
319.08375	0.0999999999999659	TimeIntervals	Lick
319.217	0.13349999999996953	TimeIntervals	Lick
321.3175000000001	0.09999999999990905	TimeIntervals	Lick
321.484	0.06674999999995634	TimeIntervals	Lick
323.05100000000004	0.06649999999996226	TimeIntervals	Lick
324.2845	0.0999999999999659	TimeIntervals	Lick
325.318	0.3000000000000682	TimeIntervals	Lick
325.6515	0.09999999999990905	TimeIntervals	Lick
325.78475	0.10000000000002274	TimeIntervals	Lick
325.918	0.20000000000004547	TimeIntervals	Lick
326.1515	0.09999999999990905	TimeIntervals	Lick
326.28475	0.10000000000002274	TimeIntervals	Lick
326.418	0.06675000000001319	TimeIntervals	Lick
326.518	0.10000000000007958	TimeIntervals	Lick
326.55150000000003	0.0999999999999659	TimeIntervals	Reward
326.6515	0.09999999999990905	TimeIntervals	Lick
326.78499999999997	0.2665000000000646	TimeIntervals	Lick
327.085	0.0665000000000191	TimeIntervals	Lick
327.18499999999995	0.10000000000002274	TimeIntervals	Lick
327.31825000000003	0.19999999999998863	TimeIntervals	Lick
327.55150000000003	0.33349999999995816	TimeIntervals	Lick
327.91850000000005	0.0999999999999659	TimeIntervals	Lick
328.05174999999997	0.10000000000002274	TimeIntervals	Lick
328.18499999999995	0.20000000000004547	TimeIntervals	Lick
328.41850000000005	0.0999999999999659	TimeIntervals	Lick
328.55174999999997	0.10000000000002274	TimeIntervals	Lick
328.68499999999995	0.10000000000002274	TimeIntervals	Lick
328.81850000000003	0.10000000000002274	TimeIntervals	Lick
328.95200000000006	0.0999999999999659	TimeIntervals	Lick
329.0852499999999	0.10000000000007958	TimeIntervals	Lick
329.21849999999995	0.10000000000007958	TimeIntervals	Lick
329.35200000000003	0.10000000000002274	TimeIntervals	Lick
329.48525	0.09999999999990905	TimeIntervals	Lick
329.6185	0.0999999999999659	TimeIntervals	Lick
329.75199999999995	0.10000000000007958	TimeIntervals	Lick
330.01875	0.10000000000002274	TimeIntervals	Lick
330.4855	0.0999999999999659	TimeIntervals	Lick
330.61875000000003	0.06675000000001319	TimeIntervals	Lick
330.78549999999996	0.0999999999999659	TimeIntervals	Lick
331.619	0.10000000000002274	TimeIntervals	Lick
331.78549999999996	0.06675000000007003	TimeIntervals	Lick
331.91900000000004	0.06649999999996226	TimeIntervals	Lick
332.15250000000003	0.0665000000000191	TimeIntervals	Lick
332.28575	0.0999999999999659	TimeIntervals	Lick
332.41900000000004	0.09999999999990905	TimeIntervals	Lick
334.95275	0.0999999999999659	TimeIntervals	Lick
336.35299999999995	0.03325000000006639	TimeIntervals	Lick
337.35299999999995	0.10000000000002274	TimeIntervals	Lick
337.5864999999999	0.06675000000007003	TimeIntervals	Lick
338.62000000000006	0.09999999999990905	TimeIntervals	Lick
339.58675	0.10000000000002274	TimeIntervals	Lick
340.487	0.0999999999999659	TimeIntervals	Lick
340.7202499999999	0.06675000000001319	TimeIntervals	Lick
340.82025000000004	0.10024999999995998	TimeIntervals	Lick
340.95375	0.10000000000002274	TimeIntervals	Lick
341.087	0.10000000000002274	TimeIntervals	Lick
341.22049999999996	0.10000000000007958	TimeIntervals	Lick
341.35375	0.10000000000002274	TimeIntervals	Lick
341.487	0.06675000000001319	TimeIntervals	Lick
341.587	0.0999999999999659	TimeIntervals	Lick
341.72049999999996	0.10000000000002274	TimeIntervals	Lick
341.85375	0.20025000000003956	TimeIntervals	Lick
341.95375	0.10025000000001683	TimeIntervals	Reward
342.0872499999999	0.40000000000009095	TimeIntervals	Lick
342.5205	0.0667499999998995	TimeIntervals	Lick
342.6205	0.0999999999999659	TimeIntervals	Lick
342.75399999999996	0.20000000000004547	TimeIntervals	Lick
342.98725	0.09999999999990905	TimeIntervals	Lick
343.1205	0.10024999999995998	TimeIntervals	Lick
343.25399999999996	0.23349999999999227	TimeIntervals	Lick
343.52074999999996	0.06675000000001319	TimeIntervals	Lick
343.62075	0.0999999999999659	TimeIntervals	Lick
343.78749999999997	0.10000000000002274	TimeIntervals	Lick
343.92075000000006	0.09999999999990905	TimeIntervals	Lick
344.05400000000003	0.20024999999998272	TimeIntervals	Lick
344.28749999999997	0.10000000000002274	TimeIntervals	Lick
344.42100000000005	0.0999999999999659	TimeIntervals	Lick
344.55425	0.10000000000002274	TimeIntervals	Lick
344.6875	0.0999999999999659	TimeIntervals	Lick
344.821	0.10000000000002274	TimeIntervals	Lick
344.95425	0.13324999999997544	TimeIntervals	Lick
345.12100000000004	0.0999999999999659	TimeIntervals	Lick
345.25425	0.10024999999995998	TimeIntervals	Lick
345.38775000000004	0.0999999999999659	TimeIntervals	Lick
345.55449999999996	0.10000000000007958	TimeIntervals	Lick
345.721	0.10000000000002274	TimeIntervals	Lick
346.021	0.0667499999998995	TimeIntervals	Lick
348.5215	0.10000000000002274	TimeIntervals	Lick
349.655	0.0665000000000191	TimeIntervals	Lick
349.7885	0.0665000000000191	TimeIntervals	Lick
350.6885	0.033249999999952706	TimeIntervals	Lick
350.95525	0.06675000000007003	TimeIntervals	Lick
351.08849999999995	0.06675000000007003	TimeIntervals	Lick
351.55525	0.10000000000002274	TimeIntervals	Lick
351.822	0.033249999999952706	TimeIntervals	Lick
351.922	0.06674999999995634	TimeIntervals	Lick
352.02200000000005	0.0667499999998995	TimeIntervals	Lick
352.122	0.06675000000001319	TimeIntervals	Lick
352.38874999999996	0.06675000000001319	TimeIntervals	Lick
352.5555	0.0665000000000191	TimeIntervals	Lick
352.722	0.06675000000001319	TimeIntervals	Lick
353.52225000000004	0.0999999999999659	TimeIntervals	Lick
354.25575	0.6667500000000359	TimeIntervals	Lick
356.0225	0.06674999999995634	TimeIntervals	Lick
356.82275000000004	0.033249999999952706	TimeIntervals	Lick
357.62300000000005	0.09999999999990905	TimeIntervals	Lick
357.78950000000003	0.06674999999995634	TimeIntervals	Lick
357.92300000000006	0.0999999999999659	TimeIntervals	Lick
358.05625	0.10000000000002274	TimeIntervals	Lick
358.18949999999995	0.10000000000007958	TimeIntervals	Lick
358.35625	0.06675000000007003	TimeIntervals	Lick
358.4895	0.10024999999995998	TimeIntervals	Lick
359.92325000000005	0.09999999999990905	TimeIntervals	Lick
360.0899999999999	0.10000000000013642	TimeIntervals	Lick
362.9237500000001	0.06674999999995634	TimeIntervals	Lick
364.624	0.06649999999996226	TimeIntervals	Lick
367.7244999999999	0.10000000000007958	TimeIntervals	Lick
367.85775	0.06675000000007003	TimeIntervals	Lick
367.991	0.09999999999990905	TimeIntervals	Lick
370.7915	0.06675000000001319	TimeIntervals	Lick
372.625	0.0999999999999659	TimeIntervals	Lick
372.9585	0.09999999999990905	TimeIntervals	Lick
373.09200000000004	0.0999999999999659	TimeIntervals	Lick
373.22525	0.10000000000002274	TimeIntervals	Lick
373.3585	0.10000000000002274	TimeIntervals	Lick
373.49199999999996	0.20000000000004547	TimeIntervals	Lick
373.72525	0.10000000000002274	TimeIntervals	Lick
373.8585	0.10025000000001683	TimeIntervals	Lick
373.99199999999996	0.06675000000001319	TimeIntervals	Lick
374.15874999999994	0.06675000000007003	TimeIntervals	Lick
374.25874999999996	0.10000000000002274	TimeIntervals	Lick
374.292	0.10000000000007958	TimeIntervals	Reward
374.39200000000005	0.09999999999990905	TimeIntervals	Lick
374.5255	0.6334999999999695	TimeIntervals	Lick
375.19225000000006	0.1999999999999318	TimeIntervals	Lick
375.42550000000006	0.0999999999999659	TimeIntervals	Lick
375.55899999999997	0.10000000000002274	TimeIntervals	Lick
375.69225000000006	0.0999999999999659	TimeIntervals	Lick
375.82550000000003	0.10000000000002274	TimeIntervals	Lick
375.959	0.0999999999999659	TimeIntervals	Lick
376.0925	0.10000000000002274	TimeIntervals	Lick
376.22575	0.10000000000002274	TimeIntervals	Lick
376.4925	0.06649999999996226	TimeIntervals	Lick
376.62575	0.06675000000001319	TimeIntervals	Lick
376.72575	0.06675000000001319	TimeIntervals	Lick
376.859	0.10000000000002274	TimeIntervals	Lick
376.9925	0.06649999999996226	TimeIntervals	Lick
377.12575	0.06675000000001319	TimeIntervals	Lick
377.25925	0.10000000000002274	TimeIntervals	Lick
377.3925	0.10000000000002274	TimeIntervals	Lick
377.526	0.0999999999999659	TimeIntervals	Lick
377.65924999999993	0.10000000000007958	TimeIntervals	Lick
377.7925	0.19999999999998863	TimeIntervals	Lick
378.05925	0.09999999999990905	TimeIntervals	Lick
378.1925	0.10024999999995998	TimeIntervals	Lick
378.326	0.06675000000001319	TimeIntervals	Lick
378.4260000000001	0.1334999999999127	TimeIntervals	Lick
378.59275	0.10000000000002274	TimeIntervals	Lick
378.726	0.10000000000002274	TimeIntervals	Lick
378.8595	0.19999999999998863	TimeIntervals	Lick
379.09275	0.10000000000002274	TimeIntervals	Lick
379.226	0.10000000000002274	TimeIntervals	Lick
379.3595	0.10000000000002274	TimeIntervals	Lick
379.49300000000005	0.10000000000002274	TimeIntervals	Lick
379.62625	0.0999999999999659	TimeIntervals	Lick
379.79299999999995	0.13325000000008913	TimeIntervals	Lick
379.95950000000005	0.0999999999999659	TimeIntervals	Lick
380.0930000000001	0.09999999999990905	TimeIntervals	Lick
380.22625	0.10000000000002274	TimeIntervals	Lick
380.39300000000003	0.10000000000002274	TimeIntervals	Lick
380.52649999999994	0.10000000000007958	TimeIntervals	Lick
380.693	0.13350000000002638	TimeIntervals	Lick
381.92650000000003	0.06675000000001319	TimeIntervals	Lick
382.1265	0.10000000000002274	TimeIntervals	Lick
382.26	0.1332500000000323	TimeIntervals	Lick
383.05999999999995	0.10000000000002274	TimeIntervals	Lick
384.2935	0.10000000000002274	TimeIntervals	Lick
385.19374999999997	0.06674999999995634	TimeIntervals	Lick
385.327	0.10000000000002274	TimeIntervals	Lick
387.16075	0.0999999999999659	TimeIntervals	Lick
387.32750000000004	0.06649999999996226	TimeIntervals	Lick
387.4275	0.10000000000002274	TimeIntervals	Lick
389.32775	0.06675000000001319	TimeIntervals	Lick
389.4945000000001	0.09999999999985221	TimeIntervals	Lick
390.8945	0.10000000000007958	TimeIntervals	Lick
392.96150000000006	0.0999999999999659	TimeIntervals	Lick
393.09499999999997	0.10000000000002274	TimeIntervals	Lick
393.22824999999995	0.10000000000002274	TimeIntervals	Lick
400.99600000000004	0.06674999999995634	TimeIntervals	Lick
401.1295	0.06649999999996226	TimeIntervals	Lick
401.296	0.06700000000000728	TimeIntervals	Lick
401.39625	0.0999999999999659	TimeIntervals	Lick
401.52950000000004	0.1999999999999318	TimeIntervals	Lick
401.763	0.10000000000002274	TimeIntervals	Lick
401.89625	0.0999999999999659	TimeIntervals	Lick
402.02950000000004	0.1999999999999318	TimeIntervals	Lick
402.263	0.10000000000002274	TimeIntervals	Lick
402.39625	0.10025000000001683	TimeIntervals	Lick
402.52975000000004	0.10000000000002274	TimeIntervals	Lick
402.663	0.0999999999999659	TimeIntervals	Reward
402.663	0.0999999999999659	TimeIntervals	Lick
402.7965	0.43325000000004366	TimeIntervals	Lick
403.263	0.06675000000001319	TimeIntervals	Lick
403.363	0.10000000000002274	TimeIntervals	Lick
403.4965	0.33349999999995816	TimeIntervals	Lick
403.86324999999994	0.10000000000002274	TimeIntervals	Lick
403.9965	0.19999999999998863	TimeIntervals	Lick
404.23	0.0999999999999659	TimeIntervals	Lick
404.36324999999994	0.10000000000002274	TimeIntervals	Lick
404.4965	0.0999999999999659	TimeIntervals	Lick
404.63	0.10000000000002274	TimeIntervals	Lick
404.76349999999996	0.10000000000007958	TimeIntervals	Lick
404.89675	0.10000000000002274	TimeIntervals	Lick
405.03	0.20000000000004547	TimeIntervals	Lick
405.26349999999996	0.10000000000007958	TimeIntervals	Lick
405.39675	0.10000000000002274	TimeIntervals	Lick
405.53	0.10000000000002274	TimeIntervals	Lick
405.6635	0.0999999999999659	TimeIntervals	Lick
405.79699999999997	0.10000000000007958	TimeIntervals	Lick
405.93025000000006	0.0999999999999659	TimeIntervals	Lick
406.097	0.0999999999999659	TimeIntervals	Lick
406.23024999999996	0.10000000000007958	TimeIntervals	Lick
406.36350000000004	0.0999999999999659	TimeIntervals	Lick
406.497	0.0999999999999659	TimeIntervals	Lick
406.63025000000005	0.09999999999990905	TimeIntervals	Lick
406.79699999999997	0.10000000000007958	TimeIntervals	Lick
406.96374999999995	0.10000000000002274	TimeIntervals	Lick
408.7639999999999	0.10000000000013642	TimeIntervals	Lick
409.09749999999997	0.10000000000002274	TimeIntervals	Lick
409.23074999999994	0.10000000000007958	TimeIntervals	Lick
409.3975	0.1332500000000323	TimeIntervals	Lick
411.06425	0.10000000000002274	TimeIntervals	Lick
411.731	0.10000000000007958	TimeIntervals	Lick
412.6979999999999	0.10000000000007958	TimeIntervals	Lick
413.16450000000003	0.06674999999995634	TimeIntervals	Lick
413.298	0.13350000000008322	TimeIntervals	Lick
414.53149999999994	0.10000000000007958	TimeIntervals	Lick
417.7652499999999	0.06675000000007003	TimeIntervals	Lick
418.2654999999999	0.10000000000013642	TimeIntervals	Lick
419.9655	0.06699999999995043	TimeIntervals	Lick
420.099	0.06674999999995634	TimeIntervals	Lick
420.2325	0.06649999999996226	TimeIntervals	Lick
420.3325	0.10000000000007958	TimeIntervals	Lick
420.46575000000007	0.09999999999990905	TimeIntervals	Lick
420.599	0.0999999999999659	TimeIntervals	Lick
420.7325	0.20000000000004547	TimeIntervals	Lick
420.96575000000007	0.09999999999990905	TimeIntervals	Lick
421.099	0.10025000000001683	TimeIntervals	Lick
421.2325	0.0999999999999659	TimeIntervals	Lick
421.366	0.23324999999999818	TimeIntervals	Lick
421.6325	0.10000000000002274	TimeIntervals	Lick
421.8325	0.10000000000007958	TimeIntervals	Lick
422.76599999999996	0.10000000000002274	TimeIntervals	Lick
424.59975000000003	0.0999999999999659	TimeIntervals	Lick
427.16675	0.06675000000001319	TimeIntervals	Lick
427.3335	0.06649999999996226	TimeIntervals	Lick
432.90099999999995	0.20000000000004547	TimeIntervals	Lick
433.13425000000007	0.10024999999995998	TimeIntervals	Lick
433.26775	0.20000000000004547	TimeIntervals	Lick
433.501	0.10000000000002274	TimeIntervals	Lick
433.6345	0.10000000000002274	TimeIntervals	Lick
433.76775	0.20000000000004547	TimeIntervals	Lick
434.001	0.10000000000002274	TimeIntervals	Reward
434.001	0.10000000000002274	TimeIntervals	Lick
434.1345	0.5	TimeIntervals	Lick
434.66799999999995	0.10000000000002274	TimeIntervals	Lick
434.80125	0.06675000000001319	TimeIntervals	Lick
434.90124999999995	0.10000000000007958	TimeIntervals	Lick
435.0345	0.20000000000004547	TimeIntervals	Lick
435.268	0.10000000000002274	TimeIntervals	Lick
435.40149999999994	0.10000000000007958	TimeIntervals	Lick
435.53475	0.10000000000007958	TimeIntervals	Lick
435.66799999999995	0.20000000000004547	TimeIntervals	Lick
435.90149999999994	0.10000000000007958	TimeIntervals	Lick
436.03475	0.10000000000007958	TimeIntervals	Lick
436.16799999999995	0.10000000000002274	TimeIntervals	Lick
436.3015	0.20000000000004547	TimeIntervals	Lick
436.53499999999997	0.23324999999999818	TimeIntervals	Lick
436.8015	0.0999999999999659	TimeIntervals	Lick
436.935	0.0999999999999659	TimeIntervals	Lick
437.06825	0.0999999999999659	TimeIntervals	Lick
437.2015	0.0999999999999659	TimeIntervals	Lick
437.335	0.10000000000002274	TimeIntervals	Lick
437.5015	0.10025000000001683	TimeIntervals	Lick
437.63500000000005	0.09999999999990905	TimeIntervals	Lick
437.7684999999999	0.10000000000007958	TimeIntervals	Lick
437.90175	0.10000000000002274	TimeIntervals	Lick
438.03499999999997	0.10000000000007958	TimeIntervals	Lick
438.1685	0.09999999999990905	TimeIntervals	Lick
438.30174999999997	0.10000000000002274	TimeIntervals	Lick
438.435	0.13350000000002638	TimeIntervals	Lick
438.60175000000004	0.13349999999996953	TimeIntervals	Lick
438.7684999999999	0.10000000000007958	TimeIntervals	Lick
438.93525	0.0999999999999659	TimeIntervals	Lick
439.10200000000003	0.13324999999997544	TimeIntervals	Lick
439.50199999999995	0.10000000000007958	TimeIntervals	Lick
439.6685	0.09999999999990905	TimeIntervals	Lick
439.8355000000001	0.0999999999999659	TimeIntervals	Lick
440.202	0.06674999999995634	TimeIntervals	Lick
442.669	0.06675000000001319	TimeIntervals	Lick
446.23625	0.10025000000007367	TimeIntervals	Lick
446.503	0.0999999999999659	TimeIntervals	Lick
449.937	0.06649999999996226	TimeIntervals	Lick
453.67075	0.06674999999995634	TimeIntervals	Lick
454.9375	0.06675000000001319	TimeIntervals	Lick
455.07099999999997	0.10000000000002274	TimeIntervals	Lick
455.63775000000004	0.09999999999990905	TimeIntervals	Lick
456.07099999999997	0.23349999999999227	TimeIntervals	Lick
456.338	0.0999999999999659	TimeIntervals	Lick
456.47125000000005	0.09999999999990905	TimeIntervals	Lick
456.6045	0.10000000000002274	TimeIntervals	Lick
456.738	0.10000000000002274	TimeIntervals	Lick
456.87125	0.10000000000007958	TimeIntervals	Lick
457.0045	0.0999999999999659	TimeIntervals	Lick
457.138	0.10000000000002274	TimeIntervals	Lick
457.27124999999995	0.20025000000015325	TimeIntervals	Lick
457.37149999999997	0.0665000000000191	TimeIntervals	Reward
457.50475000000006	0.39999999999997726	TimeIntervals	Lick
457.938	0.10000000000002274	TimeIntervals	Lick
458.07149999999996	0.19999999999998863	TimeIntervals	Lick
458.30475	0.10000000000002274	TimeIntervals	Lick
458.438	0.10025000000001683	TimeIntervals	Lick
458.57149999999996	0.10000000000002274	TimeIntervals	Lick
458.705	0.19999999999998863	TimeIntervals	Lick
458.93825	0.10000000000002274	TimeIntervals	Lick
459.07149999999996	0.10000000000002274	TimeIntervals	Lick
459.205	0.10000000000002274	TimeIntervals	Lick
459.33825	0.0999999999999659	TimeIntervals	Lick
459.4715000000001	0.3334999999999013	TimeIntervals	Lick
459.8385	0.0999999999999659	TimeIntervals	Lick
459.97175	0.0999999999999659	TimeIntervals	Lick
460.105	0.0999999999999659	TimeIntervals	Lick
460.2385	0.10000000000002274	TimeIntervals	Lick
460.37175	0.13324999999997544	TimeIntervals	Lick
460.5385	0.10000000000002274	TimeIntervals	Lick
460.672	0.0999999999999659	TimeIntervals	Lick
460.8385	0.0999999999999659	TimeIntervals	Lick
460.972	0.0665000000000191	TimeIntervals	Lick
461.10524999999996	0.06675000000007003	TimeIntervals	Lick
461.2385	0.06675000000001319	TimeIntervals	Lick
461.40525	0.0999999999999659	TimeIntervals	Lick
461.70525	0.06675000000001319	TimeIntervals	Lick
462.0055	0.0665000000000191	TimeIntervals	Lick
462.372	0.0999999999999659	TimeIntervals	Lick
462.9055000000001	0.06674999999995634	TimeIntervals	Lick
466.93949999999995	0.10000000000007958	TimeIntervals	Lick
467.40625	0.1332500000000323	TimeIntervals	Lick
467.5729999999999	0.10000000000007958	TimeIntervals	Lick
469.23974999999996	0.06675000000001319	TimeIntervals	Lick
472.707	0.06674999999995634	TimeIntervals	Lick
473.307	0.0999999999999659	TimeIntervals	Lick
473.47375000000005	0.0999999999999659	TimeIntervals	Lick
478.508	0.0999999999999659	TimeIntervals	Lick
479.4080000000001	0.09999999999990905	TimeIntervals	Lick
479.74150000000003	0.0999999999999659	TimeIntervals	Lick
481.47499999999997	0.10000000000002274	TimeIntervals	Lick
481.6085	0.20000000000004547	TimeIntervals	Lick
481.84175000000005	0.0999999999999659	TimeIntervals	Lick
481.97499999999997	0.10000000000002274	TimeIntervals	Lick
482.1085	0.10000000000002274	TimeIntervals	Lick
482.24175	0.06675000000001319	TimeIntervals	Lick
482.34175000000005	0.0999999999999659	TimeIntervals	Lick
482.47499999999997	0.10000000000002274	TimeIntervals	Lick
482.6085	0.10000000000002274	TimeIntervals	Lick
482.64200000000005	0.09999999999990905	TimeIntervals	Reward
482.74199999999996	0.5332499999999527	TimeIntervals	Lick
483.30850000000004	0.06674999999995634	TimeIntervals	Lick
483.4085	0.2335000000000491	TimeIntervals	Lick
483.67525	0.10024999999995998	TimeIntervals	Lick
483.80875	0.19999999999998863	TimeIntervals	Lick
484.042	0.10000000000007958	TimeIntervals	Lick
484.1755	0.0999999999999659	TimeIntervals	Lick
484.30875	0.0999999999999659	TimeIntervals	Lick
484.442	0.0999999999999659	TimeIntervals	Lick
484.5755	0.10000000000002274	TimeIntervals	Lick
484.70875	0.33349999999995816	TimeIntervals	Lick
485.0755	0.10000000000002274	TimeIntervals	Lick
485.209	0.10000000000002274	TimeIntervals	Lick
485.34225000000004	0.10000000000002274	TimeIntervals	Lick
485.4755	0.0999999999999659	TimeIntervals	Lick
485.64225	0.10000000000002274	TimeIntervals	Lick
485.77549999999997	0.10000000000002274	TimeIntervals	Lick
485.90899999999993	0.10000000000007958	TimeIntervals	Lick
486.0425	0.13324999999997544	TimeIntervals	Lick
486.209	0.10000000000002274	TimeIntervals	Lick
486.3425	0.10000000000013642	TimeIntervals	Lick
486.509	0.0999999999999659	TimeIntervals	Lick
486.6425	0.10000000000002274	TimeIntervals	Lick
486.809	0.09999999999990905	TimeIntervals	Lick
486.976	0.0665000000000191	TimeIntervals	Lick
487.10925000000003	0.0999999999999659	TimeIntervals	Lick
487.5425	0.0999999999999659	TimeIntervals	Lick
490.50975000000005	0.06674999999995634	TimeIntervals	Lick
491.77649999999994	0.06675000000007003	TimeIntervals	Lick
491.8765	0.10000000000002274	TimeIntervals	Lick
492.01	0.10000000000002274	TimeIntervals	Lick
492.14325	0.0999999999999659	TimeIntervals	Lick
492.27649999999994	0.20000000000010232	TimeIntervals	Lick
492.51	0.10000000000002274	TimeIntervals	Lick
492.6435000000001	0.09999999999990905	TimeIntervals	Lick
492.77674999999994	0.06675000000012687	TimeIntervals	Lick
492.87675	0.10000000000002274	TimeIntervals	Lick
492.97675000000004	0.0999999999999659	TimeIntervals	Reward
493.01	0.5335000000000036	TimeIntervals	Lick
493.577	0.1999999999999318	TimeIntervals	Lick
493.81025	0.0999999999999659	TimeIntervals	Lick
493.94350000000003	0.0999999999999659	TimeIntervals	Lick
494.077	0.10000000000007958	TimeIntervals	Lick
494.2102500000001	0.06674999999984266	TimeIntervals	Lick
494.31025	0.0999999999999659	TimeIntervals	Lick
494.44350000000003	0.0999999999999659	TimeIntervals	Lick
494.577	0.10000000000007958	TimeIntervals	Lick
494.7105000000001	0.0999999999999659	TimeIntervals	Lick
494.84375	0.10000000000002274	TimeIntervals	Lick
494.97700000000003	0.0999999999999659	TimeIntervals	Lick
495.1105000000001	0.0999999999999659	TimeIntervals	Lick
495.24375	0.10000000000002274	TimeIntervals	Lick
495.37699999999995	0.10000000000007958	TimeIntervals	Lick
495.5104999999999	0.10000000000019327	TimeIntervals	Lick
495.64375	0.0999999999999659	TimeIntervals	Lick
495.77699999999993	0.10025000000001683	TimeIntervals	Lick
495.91049999999996	0.0999999999999659	TimeIntervals	Lick
496.0439999999999	0.10000000000007958	TimeIntervals	Lick
496.17724999999996	0.26675000000005866	TimeIntervals	Lick
496.47725	0.0999999999999659	TimeIntervals	Lick
496.6105000000001	0.0999999999999659	TimeIntervals	Lick
496.74399999999997	0.2667500000000018	TimeIntervals	Lick
497.0439999999999	0.10000000000007958	TimeIntervals	Lick
497.2107499999999	0.10000000000007958	TimeIntervals	Lick
497.37749999999994	0.10000000000007958	TimeIntervals	Lick
497.51075	0.1332500000000323	TimeIntervals	Lick
497.74399999999997	0.10000000000007958	TimeIntervals	Lick
498.14425	0.06675000000001319	TimeIntervals	Lick
500.44450000000006	0.06674999999995634	TimeIntervals	Lick
500.8445	0.10000000000007958	TimeIntervals	Lick
504.11175000000003	0.0999999999999659	TimeIntervals	Lick
504.245	0.10000000000007958	TimeIntervals	Lick
505.2784999999999	0.06675000000012687	TimeIntervals	Lick
505.97875000000005	0.0999999999999659	TimeIntervals	Lick
509.146	0.0665000000000191	TimeIntervals	Lick
509.24600000000004	0.1999999999999318	TimeIntervals	Lick
509.47925	0.19999999999998863	TimeIntervals	Lick
509.71250000000003	0.0999999999999659	TimeIntervals	Lick
509.846	0.1999999999999318	TimeIntervals	Lick
510.07949999999994	0.0999999999999659	TimeIntervals	Lick
510.2127500000001	0.09999999999990905	TimeIntervals	Lick
510.2794999999999	0.10000000000007958	TimeIntervals	Reward
510.346	0.5	TimeIntervals	Lick
510.8795	0.0999999999999659	TimeIntervals	Lick
511.0127499999999	0.23350000000010596	TimeIntervals	Lick
511.2794999999999	0.06675000000007003	TimeIntervals	Lick
511.3795	0.0999999999999659	TimeIntervals	Lick
511.513	0.0999999999999659	TimeIntervals	Lick
511.64625000000007	0.0999999999999659	TimeIntervals	Lick
511.7794999999999	0.06675000000007003	TimeIntervals	Lick
511.8795	0.2335000000000491	TimeIntervals	Lick
512.1462500000001	0.23349999999993543	TimeIntervals	Lick
512.413	0.20000000000004547	TimeIntervals	Lick
512.6465000000002	0.09999999999990905	TimeIntervals	Lick
512.77975	0.20000000000004547	TimeIntervals	Lick
513.013	0.10000000000002274	TimeIntervals	Lick
513.1465000000002	0.09999999999990905	TimeIntervals	Lick
513.313	0.10024999999995998	TimeIntervals	Lick
513.4464999999999	0.10000000000013642	TimeIntervals	Lick
513.58	0.10000000000002274	TimeIntervals	Lick
513.7465000000001	0.09999999999979536	TimeIntervals	Lick
513.8800000000001	0.09999999999990905	TimeIntervals	Lick
514.01325	0.10000000000013642	TimeIntervals	Lick
514.1465000000002	0.09999999999990905	TimeIntervals	Lick
514.3132499999999	0.2335000000000491	TimeIntervals	Lick
514.6135	0.2332499999998845	TimeIntervals	Lick
514.9135	0.10000000000002274	TimeIntervals	Lick
515.08	0.10000000000002274	TimeIntervals	Lick
515.48	0.10024999999995998	TimeIntervals	Lick
515.9135	0.10000000000002274	TimeIntervals	Lick
517.2470000000002	0.06674999999972897	TimeIntervals	Lick
519.2475000000001	0.06649999999990541	TimeIntervals	Lick
519.6475000000002	0.06649999999990541	TimeIntervals	Lick
519.7475000000001	0.09999999999979536	TimeIntervals	Lick
519.88075	0.10024999999995998	TimeIntervals	Lick
520.081	0.06650000000013279	TimeIntervals	Lick
520.4475	0.06675000000007003	TimeIntervals	Lick
520.881	0.10000000000002274	TimeIntervals	Lick
525.24825	0.10000000000002274	TimeIntervals	Lick
525.615	0.10000000000013642	TimeIntervals	Lick
527.482	0.03325000000006639	TimeIntervals	Lick
527.582	0.06675000000007003	TimeIntervals	Lick
527.8155	2.6334999999999127	TimeIntervals	Lick
530.4825	0.06650000000013279	TimeIntervals	Lick
530.6157499999999	0.06675000000007003	TimeIntervals	Lick
530.7825000000001	0.06649999999990541	TimeIntervals	Lick
530.916	0.06649999999990541	TimeIntervals	Lick
531.216	0.10000000000002274	TimeIntervals	Lick
531.34925	0.23325000000011187	TimeIntervals	Lick
531.6492500000002	0.09999999999990905	TimeIntervals	Lick
534.64975	0.06674999999995634	TimeIntervals	Lick
534.883	0.1999999999999318	TimeIntervals	Lick
535.1165000000001	0.1999999999998181	TimeIntervals	Lick
535.3499999999999	0.10000000000002274	TimeIntervals	Lick
535.4832500000001	0.09999999999990905	TimeIntervals	Lick
535.6165000000001	0.09999999999990905	TimeIntervals	Lick
535.75	0.09999999999990905	TimeIntervals	Lick
535.8832500000001	0.10000000000002274	TimeIntervals	Lick
536.0165	0.13350000000014006	TimeIntervals	Lick
536.4835000000002	0.09999999999990905	TimeIntervals	Lick
538.317	0.06649999999990541	TimeIntervals	Lick
538.417	0.09999999999990905	TimeIntervals	Lick
538.55025	0.36675000000002456	TimeIntervals	Lick
538.9505	0.10000000000002274	TimeIntervals	Lick
539.08375	0.20000000000015916	TimeIntervals	Lick
539.317	0.10000000000002274	TimeIntervals	Lick
539.4505	0.20000000000004547	TimeIntervals	Lick
539.58375	0.10000000000013642	TimeIntervals	Reward
539.6837500000001	0.5002499999999372	TimeIntervals	Lick
540.2172499999999	0.10000000000002274	TimeIntervals	Lick
540.3505	0.06675000000007003	TimeIntervals	Lick
540.4505	0.10000000000002274	TimeIntervals	Lick
540.5840000000001	0.10000000000002274	TimeIntervals	Lick
540.7172499999999	0.2002500000000964	TimeIntervals	Lick
540.95075	0.10000000000013642	TimeIntervals	Lick
541.0840000000001	1.0669999999998936	TimeIntervals	Lick
542.1842500000002	0.46674999999970623	TimeIntervals	Lick
542.6842500000002	0.26674999999966076	TimeIntervals	Lick
542.98425	0.10025000000007367	TimeIntervals	Lick
543.151	0.10000000000013642	TimeIntervals	Lick
543.2845000000002	0.09999999999979536	TimeIntervals	Lick
543.41775	0.13325000000008913	TimeIntervals	Lick
543.5845	0.10000000000002274	TimeIntervals	Lick
543.71775	0.10000000000002274	TimeIntervals	Lick
543.8845	0.06649999999990541	TimeIntervals	Lick
544.318	0.09999999999990905	TimeIntervals	Lick
544.4512500000001	0.09999999999990905	TimeIntervals	Lick
544.5845	0.1334999999999127	TimeIntervals	Lick
544.9179999999999	0.13325000000008913	TimeIntervals	Lick
549.8187500000001	0.06674999999995634	TimeIntervals	Lick
552.4525000000001	0.06649999999990541	TimeIntervals	Lick
552.5857500000002	0.09999999999979536	TimeIntervals	Lick
553.7192500000001	0.09999999999990905	TimeIntervals	Lick
554.186	0.10000000000013642	TimeIntervals	Lick
560.687	0.06675000000007003	TimeIntervals	Lick
560.8205000000002	0.06649999999990541	TimeIntervals	Lick
560.9205	0.10000000000002274	TimeIntervals	Lick
561.05375	0.20000000000004547	TimeIntervals	Lick
561.2870000000001	0.09999999999990905	TimeIntervals	Lick
561.4205	0.10000000000002274	TimeIntervals	Lick
561.55375	0.09999999999990905	TimeIntervals	Lick
561.687	0.10024999999995998	TimeIntervals	Lick
561.8205000000002	0.09999999999979536	TimeIntervals	Lick
561.954	0.10000000000013642	TimeIntervals	Lick
562.08725	0.10000000000002274	TimeIntervals	Lick
562.2205	0.10000000000013642	TimeIntervals	Lick
562.3872500000001	0.10000000000002274	TimeIntervals	Lick
562.5540000000001	0.09999999999990905	TimeIntervals	Lick
564.75425	0.10000000000025011	TimeIntervals	Lick
564.8875000000002	0.23349999999993543	TimeIntervals	Lick
565.1545000000001	0.09999999999990905	TimeIntervals	Lick
565.2877500000001	0.1999999999999318	TimeIntervals	Lick
565.521	0.10000000000013642	TimeIntervals	Lick
565.6545000000001	0.09999999999990905	TimeIntervals	Lick
565.7877500000001	0.10000000000002274	TimeIntervals	Lick
565.9209999999999	0.10000000000002274	TimeIntervals	Lick
565.9209999999999	0.10000000000002274	TimeIntervals	Reward
566.0545	0.10000000000013642	TimeIntervals	Lick
566.188	0.2664999999999509	TimeIntervals	Lick
566.488	0.06649999999990541	TimeIntervals	Lick
566.5880000000001	0.09999999999990905	TimeIntervals	Lick
566.72125	0.09999999999990905	TimeIntervals	Lick
566.8545000000001	0.09999999999979536	TimeIntervals	Lick
566.988	0.06649999999990541	TimeIntervals	Lick
567.0880000000001	0.09999999999990905	TimeIntervals	Lick
567.2215000000001	0.09999999999990905	TimeIntervals	Lick
567.3547500000002	0.09999999999968168	TimeIntervals	Lick
567.488	0.06674999999995634	TimeIntervals	Lick
567.5880000000001	0.09999999999990905	TimeIntervals	Lick
567.7215000000001	0.09999999999990905	TimeIntervals	Lick
567.8547500000002	0.09999999999968168	TimeIntervals	Lick
567.988	0.10000000000002274	TimeIntervals	Lick
568.1215000000001	0.1999999999999318	TimeIntervals	Lick
568.3550000000001	0.09999999999979536	TimeIntervals	Lick
568.4882500000001	0.09999999999990905	TimeIntervals	Lick
568.6215000000001	0.10000000000002274	TimeIntervals	Lick
568.7550000000001	0.10000000000002274	TimeIntervals	Lick
568.8882500000002	0.09999999999990905	TimeIntervals	Lick
569.0215	0.2667500000001155	TimeIntervals	Lick
569.3215	0.10024999999995998	TimeIntervals	Lick
569.4549999999999	0.10000000000002274	TimeIntervals	Lick
569.5885	0.13325000000008913	TimeIntervals	Lick
569.7550000000001	0.10000000000002274	TimeIntervals	Lick
569.8885000000001	0.09999999999990905	TimeIntervals	Lick
570.02175	0.13325000000008913	TimeIntervals	Lick
570.1885	0.10000000000013642	TimeIntervals	Lick
570.4885	0.09999999999990905	TimeIntervals	Lick
570.6552500000001	0.10000000000002274	TimeIntervals	Lick
570.822	0.06650000000013279	TimeIntervals	Lick
571.222	0.10000000000002274	TimeIntervals	Reward
571.3885000000001	0.3334999999998445	TimeIntervals	Lick
571.7555000000001	0.06649999999990541	TimeIntervals	Lick
571.8555000000001	0.09999999999990905	TimeIntervals	Lick
571.98875	0.10000000000013642	TimeIntervals	Lick
572.1220000000001	0.1999999999999318	TimeIntervals	Lick
572.3555000000001	0.09999999999990905	TimeIntervals	Lick
572.48875	0.10000000000013642	TimeIntervals	Lick
572.6220000000001	0.10024999999995998	TimeIntervals	Lick
572.7555000000001	0.10000000000002274	TimeIntervals	Lick
572.8890000000001	0.1999999999999318	TimeIntervals	Lick
573.1222500000001	0.09999999999990905	TimeIntervals	Lick
573.2555000000001	0.10000000000002274	TimeIntervals	Lick
573.3890000000001	0.09999999999990905	TimeIntervals	Lick
573.52225	0.10000000000013642	TimeIntervals	Lick
573.6555000000001	0.10000000000002274	TimeIntervals	Lick
573.7890000000002	0.09999999999990905	TimeIntervals	Lick
573.9225	0.10000000000013642	TimeIntervals	Lick
574.05575	0.10000000000002274	TimeIntervals	Lick
574.189	0.10000000000025011	TimeIntervals	Lick
574.3225	0.13324999999997544	TimeIntervals	Lick
574.489	0.10000000000002274	TimeIntervals	Lick
574.6225000000001	0.09999999999990905	TimeIntervals	Lick
574.7890000000002	0.10024999999995998	TimeIntervals	Lick
574.9225	0.10000000000013642	TimeIntervals	Lick
575.08925	0.10000000000002274	TimeIntervals	Lick
575.2225	0.10000000000002274	TimeIntervals	Lick
575.756	0.10000000000002274	TimeIntervals	Lick
575.8892500000002	0.1002499999998463	TimeIntervals	Lick
576.0227500000001	0.13324999999997544	TimeIntervals	Lick
576.1895	0.13325000000008913	TimeIntervals	Lick
576.72275	0.10000000000002274	TimeIntervals	Lick
576.856	0.09999999999990905	TimeIntervals	Lick
577.056	0.10025000000007367	TimeIntervals	Lick
577.1895	0.10000000000025011	TimeIntervals	Lick
577.3230000000001	0.09999999999990905	TimeIntervals	Lick
577.4562500000001	0.26674999999988813	TimeIntervals	Lick
577.7895000000002	0.09999999999990905	TimeIntervals	Lick
577.9562500000001	0.09999999999990905	TimeIntervals	Lick
578.1565000000002	0.09999999999990905	TimeIntervals	Lick
578.2897500000001	0.13324999999986176	TimeIntervals	Lick
578.4565	0.10000000000002274	TimeIntervals	Lick
578.623	0.09999999999990905	TimeIntervals	Lick
578.7565000000001	0.10000000000002274	TimeIntervals	Lick
578.8897500000003	0.09999999999968168	TimeIntervals	Lick
579.023	0.10000000000002274	TimeIntervals	Lick
579.1565000000002	0.09999999999990905	TimeIntervals	Lick
579.2900000000001	0.10000000000013642	TimeIntervals	Reward
579.2900000000001	0.10000000000013642	TimeIntervals	Lick
579.42325	0.466750000000161	TimeIntervals	Lick
579.92325	0.3332500000000209	TimeIntervals	Lick
580.2900000000001	0.10000000000013642	TimeIntervals	Lick
580.4235	0.10000000000002274	TimeIntervals	Lick
580.5567500000001	0.10000000000002274	TimeIntervals	Lick
580.69	0.10000000000002274	TimeIntervals	Lick
580.8235	0.10000000000002274	TimeIntervals	Lick
580.9567499999999	0.10000000000013642	TimeIntervals	Lick
581.0900000000001	0.06674999999995634	TimeIntervals	Lick
581.2235	0.06650000000013279	TimeIntervals	Lick
581.3235	0.10000000000002274	TimeIntervals	Lick
581.6235	0.36675000000002456	TimeIntervals	Lick
582.0235	0.1999999999999318	TimeIntervals	Lick
582.2570000000001	0.09999999999990905	TimeIntervals	Lick
582.39025	0.10000000000002274	TimeIntervals	Lick
582.5235	0.13350000000014006	TimeIntervals	Lick
582.7570000000001	0.2999999999999545	TimeIntervals	Lick
583.1237500000001	0.2332499999998845	TimeIntervals	Lick
583.3905000000001	0.09999999999990905	TimeIntervals	Lick
583.5237500000001	0.10024999999995998	TimeIntervals	Lick
583.6572500000001	0.23324999999999818	TimeIntervals	Lick
583.9240000000001	0.13324999999986176	TimeIntervals	Lick
584.0905	0.10000000000013642	TimeIntervals	Lick
584.224	0.09999999999990905	TimeIntervals	Lick
584.3905000000001	0.09999999999990905	TimeIntervals	Lick
586.3910000000001	0.09999999999990905	TimeIntervals	Lick
586.5575	0.06675000000007003	TimeIntervals	Lick
586.6910000000001	0.06649999999990541	TimeIntervals	Lick
586.8575000000001	0.06699999999989359	TimeIntervals	Lick
587.05775	0.10000000000025011	TimeIntervals	Lick
587.4245	0.0665000000000191	TimeIntervals	Lick
587.991	0.06700000000012096	TimeIntervals	Lick
588.59125	0.10000000000013642	TimeIntervals	Lick
588.7245000000001	0.09999999999990905	TimeIntervals	Lick
588.8912500000001	0.06674999999984266	TimeIntervals	Lick
588.99125	0.30025000000011914	TimeIntervals	Lick
589.3247500000001	0.10000000000002274	TimeIntervals	Lick
589.458	0.20000000000015916	TimeIntervals	Lick
589.6915	0.10000000000013642	TimeIntervals	Lick
589.8247500000001	0.10000000000002274	TimeIntervals	Lick
589.958	0.10000000000013642	TimeIntervals	Lick
590.0915	0.10000000000002274	TimeIntervals	Lick
590.225	0.10000000000013642	TimeIntervals	Lick
590.55825	0.10000000000013642	TimeIntervals	Lick
591.3250000000002	0.06674999999995634	TimeIntervals	Lick
591.7917500000002	0.09999999999990905	TimeIntervals	Lick
592.5585000000001	0.10000000000002274	TimeIntervals	Lick
593.55875	0.10000000000013642	TimeIntervals	Reward
593.6587500000002	0.3999999999998636	TimeIntervals	Lick
594.0920000000001	0.20000000000004547	TimeIntervals	Lick
594.3255000000001	0.36674999999991087	TimeIntervals	Lick
594.7255	0.6000000000001364	TimeIntervals	Lick
595.359	0.09999999999990905	TimeIntervals	Lick
595.49225	0.10000000000002274	TimeIntervals	Lick
595.6255	0.10000000000002274	TimeIntervals	Lick
595.759	0.10000000000002274	TimeIntervals	Lick
595.8925	0.09999999999990905	TimeIntervals	Lick
596.02575	0.09999999999990905	TimeIntervals	Lick
596.1590000000001	0.09999999999990905	TimeIntervals	Lick
596.2925000000001	0.09999999999990905	TimeIntervals	Lick
596.4257500000001	0.13324999999997544	TimeIntervals	Lick
596.5925000000001	0.10000000000002274	TimeIntervals	Lick
596.72575	0.10025000000007367	TimeIntervals	Lick
596.85925	0.10000000000002274	TimeIntervals	Lick
597.026	0.10000000000002274	TimeIntervals	Lick
597.15925	0.10000000000002274	TimeIntervals	Lick
597.2925000000001	0.1334999999999127	TimeIntervals	Lick
597.45925	0.10000000000025011	TimeIntervals	Lick
597.5925000000001	0.10000000000002274	TimeIntervals	Lick
597.7592500000001	0.09999999999990905	TimeIntervals	Lick
597.8925	0.1002499999998463	TimeIntervals	Lick
598.0595000000001	0.10000000000002274	TimeIntervals	Lick
598.2595000000001	0.09999999999990905	TimeIntervals	Lick
598.6595000000001	0.10000000000002274	TimeIntervals	Lick
598.7927500000001	0.13324999999997544	TimeIntervals	Lick
599.1595000000001	0.06674999999995634	TimeIntervals	Lick
599.3595	0.06674999999995634	TimeIntervals	Lick
599.4929999999999	0.13324999999997544	TimeIntervals	Lick
599.6595000000001	0.13350000000002638	TimeIntervals	Lick
599.8595	0.10000000000002274	TimeIntervals	Lick
600.02625	0.10024999999995998	TimeIntervals	Lick
600.9929999999999	0.06675000000018372	TimeIntervals	Lick
601.6932500000001	0.09999999999990905	TimeIntervals	Lick
602.16	0.06650000000013279	TimeIntervals	Lick
602.76	0.10000000000013642	TimeIntervals	Lick
603.1935	0.10000000000002274	TimeIntervals	Lick
604.3935	0.10000000000002274	TimeIntervals	Lick
604.5605	0.06649999999990541	TimeIntervals	Lick
604.6605	0.10000000000013642	TimeIntervals	Lick
605.1937500000001	0.06674999999995634	TimeIntervals	Lick
606.4605	0.06674999999984266	TimeIntervals	Lick
606.5940000000002	0.06649999999979173	TimeIntervals	Lick
606.994	0.06674999999995634	TimeIntervals	Lick
608.19425	0.06674999999995634	TimeIntervals	Lick
608.461	0.1999999999999318	TimeIntervals	Lick
608.69425	0.10000000000013642	TimeIntervals	Lick
608.8275000000001	0.10024999999995998	TimeIntervals	Lick
608.961	0.10000000000002274	TimeIntervals	Lick
609.0945000000002	0.09999999999990905	TimeIntervals	Lick
609.22775	0.10000000000013642	TimeIntervals	Lick
609.3610000000001	0.1999999999999318	TimeIntervals	Lick
609.5945000000002	0.09999999999990905	TimeIntervals	Lick
609.6945000000001	0.09999999999990905	TimeIntervals	Reward
609.72775	0.5335000000000036	TimeIntervals	Lick
610.2945	0.20000000000004547	TimeIntervals	Lick
610.5279999999999	0.10000000000025011	TimeIntervals	Lick
610.66125	0.10000000000002274	TimeIntervals	Lick
610.7945	0.06675000000007003	TimeIntervals	Lick
610.8945000000001	0.09999999999990905	TimeIntervals	Lick
611.0279999999999	0.10000000000025011	TimeIntervals	Lick
611.1615	0.09999999999990905	TimeIntervals	Lick
611.29475	0.10000000000013642	TimeIntervals	Lick
611.428	0.09999999999990905	TimeIntervals	Lick
611.5615	0.10000000000002274	TimeIntervals	Lick
611.6947500000001	0.20000000000004547	TimeIntervals	Lick
611.928	0.6335000000000264	TimeIntervals	Lick
612.595	0.10000000000002274	TimeIntervals	Lick
612.7282500000001	0.13325000000008913	TimeIntervals	Lick
612.8950000000001	0.09999999999990905	TimeIntervals	Lick
613.02825	0.10000000000002274	TimeIntervals	Lick
613.1615	0.13350000000002638	TimeIntervals	Lick
613.3285000000001	0.0665000000000191	TimeIntervals	Lick
613.46175	0.10000000000002274	TimeIntervals	Lick
613.595	0.10000000000002274	TimeIntervals	Lick
613.9285	0.09999999999990905	TimeIntervals	Lick
614.095	0.10000000000002274	TimeIntervals	Lick
614.26175	0.10000000000013642	TimeIntervals	Lick
614.8285000000001	0.13350000000002638	TimeIntervals	Lick
615.0952500000001	0.06675000000007003	TimeIntervals	Lick
615.4285	0.10024999999995998	TimeIntervals	Lick
615.92875	0.09999999999990905	TimeIntervals	Lick
617.7625000000002	0.09999999999990905	TimeIntervals	Lick
618.9292499999999	0.06675000000018372	TimeIntervals	Lick
620.4960000000001	0.1334999999999127	TimeIntervals	Lick
621.6295	0.06674999999995634	TimeIntervals	Lick
621.8295000000002	0.06674999999984266	TimeIntervals	Lick
622.2965	0.10000000000002274	TimeIntervals	Lick
624.7635	0.06650000000013279	TimeIntervals	Lick
627.7640000000001	0.10000000000002274	TimeIntervals	Lick
627.9304999999999	0.06675000000018372	TimeIntervals	Lick
628.0305	0.10000000000013642	TimeIntervals	Lick
628.1640000000001	0.10000000000002274	TimeIntervals	Lick
628.2972500000001	0.09999999999990905	TimeIntervals	Lick
628.4304999999999	0.10000000000002274	TimeIntervals	Lick
628.564	0.06650000000013279	TimeIntervals	Lick
628.6640000000001	0.10000000000002274	TimeIntervals	Lick
628.7975	0.10000000000013642	TimeIntervals	Lick
628.93075	0.09999999999990905	TimeIntervals	Lick
629.064	0.13350000000002638	TimeIntervals	Reward
629.064	0.10000000000013642	TimeIntervals	Lick
629.1975	0.39999999999997726	TimeIntervals	Lick
629.6307500000001	0.30024999999989177	TimeIntervals	Lick
629.96425	0.10000000000002274	TimeIntervals	Lick
630.0975	0.10000000000002274	TimeIntervals	Lick
630.231	0.10000000000002274	TimeIntervals	Lick
630.3642500000002	0.09999999999979536	TimeIntervals	Lick
630.4975000000001	0.1999999999999318	TimeIntervals	Lick
630.731	0.10000000000002274	TimeIntervals	Lick
630.8645000000001	0.09999999999990905	TimeIntervals	Lick
630.9977500000001	0.09999999999979536	TimeIntervals	Lick
631.131	0.10000000000002274	TimeIntervals	Lick
631.2645000000001	0.10000000000002274	TimeIntervals	Lick
631.3977500000001	0.06674999999995634	TimeIntervals	Lick
631.4977500000001	0.09999999999979536	TimeIntervals	Lick
631.631	0.10000000000002274	TimeIntervals	Lick
631.7645000000001	0.10000000000002274	TimeIntervals	Lick
631.8977500000001	0.1334999999999127	TimeIntervals	Lick
632.0645	0.2335000000001628	TimeIntervals	Lick
632.3312500000001	0.09999999999990905	TimeIntervals	Lick
632.4645	0.1334999999999127	TimeIntervals	Lick
632.6312500000001	0.09999999999990905	TimeIntervals	Lick
632.7645000000001	0.10000000000002274	TimeIntervals	Lick
632.898	0.10000000000002274	TimeIntervals	Lick
633.03125	0.2002500000000964	TimeIntervals	Lick
633.2647500000002	0.10000000000002274	TimeIntervals	Lick
633.398	0.1334999999999127	TimeIntervals	Lick
633.56475	0.10000000000013642	TimeIntervals	Lick
634.965	0.13324999999997544	TimeIntervals	Lick
636.13175	0.06674999999995634	TimeIntervals	Lick
637.9655	0.10000000000013642	TimeIntervals	Lick
638.1320000000001	0.06674999999995634	TimeIntervals	Lick
639.5322500000001	0.06674999999995634	TimeIntervals	Lick
640.5325	0.0665000000000191	TimeIntervals	Lick
640.8660000000002	0.06649999999979173	TimeIntervals	Lick
641.3992500000002	0.06674999999984266	TimeIntervals	Lick
644.89975	0.10000000000002274	TimeIntervals	Lick
645.0329999999999	0.06675000000007003	TimeIntervals	Lick
645.1330000000002	0.10024999999995998	TimeIntervals	Lick
645.2665000000001	0.1999999999999318	TimeIntervals	Lick
645.5	0.10000000000002274	TimeIntervals	Lick
645.6332500000001	0.10000000000002274	TimeIntervals	Lick
645.7665000000001	0.10000000000002274	TimeIntervals	Lick
645.9000000000001	0.09999999999990905	TimeIntervals	Lick
646.03325	0.10000000000013642	TimeIntervals	Lick
646.1665000000002	0.10024999999995998	TimeIntervals	Lick
646.3000000000001	0.06674999999995634	TimeIntervals	Lick
646.4335000000001	0.09999999999990905	TimeIntervals	Reward
646.4335000000001	0.06649999999990541	TimeIntervals	Lick
646.5335	1.0335000000000036	TimeIntervals	Lick
647.6002500000001	0.20000000000004547	TimeIntervals	Lick
647.8670000000001	0.0665000000000191	TimeIntervals	Lick
647.9670000000001	0.09999999999990905	TimeIntervals	Lick
648.1334999999999	0.20000000000015916	TimeIntervals	Lick
648.3670000000001	0.10000000000002274	TimeIntervals	Lick
648.5005000000001	0.09999999999990905	TimeIntervals	Lick
648.63375	0.10000000000013642	TimeIntervals	Lick
648.7670000000002	0.09999999999990905	TimeIntervals	Lick
648.9005000000001	0.0665000000000191	TimeIntervals	Lick
649.0005000000001	0.09999999999990905	TimeIntervals	Lick
649.13375	0.10000000000013642	TimeIntervals	Lick
649.2670000000002	0.1334999999999127	TimeIntervals	Lick
649.43375	0.10024999999995998	TimeIntervals	Lick
649.5672500000001	0.10000000000002274	TimeIntervals	Lick
649.7005	0.10000000000013642	TimeIntervals	Lick
649.8340000000002	0.09999999999990905	TimeIntervals	Lick
649.96725	0.10000000000002274	TimeIntervals	Lick
650.1005	0.13350000000002638	TimeIntervals	Lick
650.2672500000001	0.1999999999999318	TimeIntervals	Lick
650.5005000000001	0.09999999999990905	TimeIntervals	Lick
650.634	0.10000000000002274	TimeIntervals	Lick
650.7675	0.10000000000013642	TimeIntervals	Lick
650.9340000000001	0.09999999999990905	TimeIntervals	Lick
651.0675000000001	0.09999999999990905	TimeIntervals	Lick
651.234	0.10000000000013642	TimeIntervals	Lick
651.60075	0.06675000000007003	TimeIntervals	Lick
654.968	0.10000000000013642	TimeIntervals	Lick
655.8015000000001	0.09999999999990905	TimeIntervals	Lick
656.2682500000001	0.06675000000007003	TimeIntervals	Lick
656.3682500000001	0.09999999999990905	TimeIntervals	Lick
657.6685	0.0665000000000191	TimeIntervals	Lick
659.9355	0.06649999999990541	TimeIntervals	Lick
664.8360000000001	0.06699999999989359	TimeIntervals	Lick
665.8695000000001	0.09999999999990905	TimeIntervals	Lick
666.003	0.10000000000002274	TimeIntervals	Lick
667.47	0.10000000000002274	TimeIntervals	Lick
667.60325	0.10000000000013642	TimeIntervals	Lick
667.7700000000001	0.10000000000002274	TimeIntervals	Lick
667.9364999999999	0.10000000000013642	TimeIntervals	Lick
669.5035000000001	0.09999999999990905	TimeIntervals	Lick
669.8035	0.10000000000002274	TimeIntervals	Lick
672.2040000000001	0.0665000000000191	TimeIntervals	Lick
674.5374999999999	0.06675000000007003	TimeIntervals	Lick
674.6375000000002	0.06674999999995634	TimeIntervals	Lick
674.7375000000001	0.20024999999986903	TimeIntervals	Lick
674.971	0.20000000000015916	TimeIntervals	Lick
675.2045000000002	0.09999999999990905	TimeIntervals	Lick
675.3377500000001	0.09999999999979536	TimeIntervals	Lick
675.471	0.09999999999990905	TimeIntervals	Lick
675.6045	0.20000000000004547	TimeIntervals	Lick
675.8377500000001	0.1002499999998463	TimeIntervals	Reward
675.8710000000002	0.0669999999997799	TimeIntervals	Lick
675.97125	0.43325000000004366	TimeIntervals	Lick
676.438	0.09999999999990905	TimeIntervals	Lick
676.57125	0.3332500000001346	TimeIntervals	Lick
676.938	0.09999999999990905	TimeIntervals	Lick
677.0715	0.0665000000000191	TimeIntervals	Lick
677.1715	0.10000000000013642	TimeIntervals	Lick
677.3047500000001	0.09999999999990905	TimeIntervals	Lick
677.438	0.09999999999990905	TimeIntervals	Lick
677.5715	0.20000000000015916	TimeIntervals	Lick
677.8047500000001	0.09999999999990905	TimeIntervals	Lick
677.938	0.09999999999990905	TimeIntervals	Lick
678.0715	0.10000000000002274	TimeIntervals	Lick
678.205	0.2664999999999509	TimeIntervals	Lick
678.5050000000001	0.09999999999979536	TimeIntervals	Lick
678.6382500000001	0.10000000000002274	TimeIntervals	Lick
678.7715000000002	0.09999999999990905	TimeIntervals	Lick
678.9050000000001	0.2664999999999509	TimeIntervals	Lick
679.205	0.10000000000013642	TimeIntervals	Lick
679.3385	0.23325000000011187	TimeIntervals	Lick
679.6049999999999	0.10000000000013642	TimeIntervals	Lick
679.7385000000002	0.2664999999999509	TimeIntervals	Lick
680.0385	0.10000000000002274	TimeIntervals	Lick
680.17175	0.10000000000013642	TimeIntervals	Lick
680.472	0.0665000000000191	TimeIntervals	Lick
680.572	0.10000000000002274	TimeIntervals	Lick
680.7385000000002	0.09999999999979536	TimeIntervals	Lick
681.072	0.0665000000000191	TimeIntervals	Lick
681.2052500000001	0.06674999999995634	TimeIntervals	Lick
681.8055	0.09999999999990905	TimeIntervals	Lick
681.972	0.06674999999995634	TimeIntervals	Lick
682.1055	0.0665000000000191	TimeIntervals	Lick
683.9724999999999	0.06650000000013279	TimeIntervals	Lick
684.1057500000001	0.06674999999995634	TimeIntervals	Lick
684.239	0.10000000000002274	TimeIntervals	Lick
684.439	0.10000000000002274	TimeIntervals	Lick
684.6057500000001	0.10024999999995998	TimeIntervals	Lick
684.8725000000003	0.06674999999972897	TimeIntervals	Lick
688.1065000000001	0.09999999999990905	TimeIntervals	Lick
689.0065	0.10000000000013642	TimeIntervals	Lick
689.17325	0.10000000000013642	TimeIntervals	Lick
695.741	0.06650000000013279	TimeIntervals	Lick
700.3750000000001	0.06649999999979173	TimeIntervals	Lick
700.4749999999999	0.10000000000025011	TimeIntervals	Lick
702.0750000000002	0.09999999999990905	TimeIntervals	Lick
702.2085000000001	0.0665000000000191	TimeIntervals	Lick
702.3085000000002	0.19999999999970441	TimeIntervals	Lick
702.542	0.20000000000004547	TimeIntervals	Lick
702.7752500000001	0.1999999999998181	TimeIntervals	Lick
703.0084999999999	0.06675000000007003	TimeIntervals	Lick
703.1085000000002	0.6334999999999127	TimeIntervals	Lick
703.1419999999999	0.13325000000020282	TimeIntervals	Reward
703.7755000000001	0.10000000000002274	TimeIntervals	Lick
703.90875	0.06674999999984266	TimeIntervals	Lick
704.00875	0.10000000000002274	TimeIntervals	Lick
704.1419999999999	0.10000000000013642	TimeIntervals	Lick
704.2755000000001	0.10000000000002274	TimeIntervals	Lick
704.40875	0.20024999999998272	TimeIntervals	Lick
704.64225	0.10000000000013642	TimeIntervals	Lick
704.7755000000001	0.10000000000002274	TimeIntervals	Lick
704.909	0.10000000000002274	TimeIntervals	Lick
705.0422500000001	0.09999999999990905	TimeIntervals	Lick
705.1755000000002	0.09999999999990905	TimeIntervals	Lick
705.3090000000001	0.1999999999999318	TimeIntervals	Lick
705.5424999999999	0.10000000000013642	TimeIntervals	Lick
705.6757500000001	0.09999999999990905	TimeIntervals	Lick
705.8090000000001	0.09999999999990905	TimeIntervals	Lick
705.9425000000001	0.09999999999979536	TimeIntervals	Lick
706.0757500000001	0.10000000000002274	TimeIntervals	Lick
706.2090000000002	0.09999999999990905	TimeIntervals	Lick
706.3425000000001	0.10000000000002274	TimeIntervals	Lick
706.4757500000001	0.10000000000002274	TimeIntervals	Lick
706.609	0.26700000000016644	TimeIntervals	Lick
706.90925	0.10000000000002274	TimeIntervals	Lick
707.0424999999999	0.13350000000025375	TimeIntervals	Lick
707.2092500000001	0.10000000000013642	TimeIntervals	Lick
707.3425000000001	0.10000000000002274	TimeIntervals	Lick
707.476	0.13324999999997544	TimeIntervals	Lick
707.776	0.13350000000002638	TimeIntervals	Lick
707.976	0.10000000000002274	TimeIntervals	Lick
713.0767500000001	0.06674999999995634	TimeIntervals	Lick
713.4770000000001	0.06649999999990541	TimeIntervals	Reward
713.5770000000001	0.33324999999979354	TimeIntervals	Lick
713.9435	0.06675000000007003	TimeIntervals	Lick
714.0435	0.20000000000004547	TimeIntervals	Lick
714.277	0.10000000000002274	TimeIntervals	Lick
714.4105	0.06650000000013279	TimeIntervals	Lick
714.5105000000001	0.09999999999990905	TimeIntervals	Lick
714.6437500000001	0.20000000000004547	TimeIntervals	Lick
714.8770000000001	0.20000000000004547	TimeIntervals	Lick
715.1105	0.20000000000004547	TimeIntervals	Lick
715.3437500000001	0.1002499999998463	TimeIntervals	Lick
715.47725	0.3332500000000209	TimeIntervals	Lick
715.8440000000002	0.09999999999979536	TimeIntervals	Lick
715.97725	0.23325000000011187	TimeIntervals	Lick
716.244	0.10000000000013642	TimeIntervals	Lick
716.37725	0.10000000000002274	TimeIntervals	Lick
716.5105000000001	0.10024999999995998	TimeIntervals	Lick
716.644	0.13350000000014006	TimeIntervals	Lick
716.8107500000001	0.09999999999990905	TimeIntervals	Lick
716.9775	0.10000000000013642	TimeIntervals	Lick
717.144	0.06675000000018372	TimeIntervals	Lick
717.2775000000001	0.09999999999990905	TimeIntervals	Lick
717.444	0.06674999999995634	TimeIntervals	Lick
717.6775000000001	0.10000000000002274	TimeIntervals	Lick
720.5445	0.06674999999995634	TimeIntervals	Lick
723.2785000000001	0.06649999999990541	TimeIntervals	Lick
723.445	0.06674999999995634	TimeIntervals	Lick
725.24525	0.10025000000007367	TimeIntervals	Lick
725.3787500000002	0.06674999999972897	TimeIntervals	Lick
725.4787500000001	0.09999999999990905	TimeIntervals	Lick
725.612	0.20000000000015916	TimeIntervals	Lick
725.8455000000001	0.09999999999979536	TimeIntervals	Lick
725.9787500000001	0.09999999999990905	TimeIntervals	Lick
726.112	0.06675000000018372	TimeIntervals	Lick
726.2120000000001	0.10000000000002274	TimeIntervals	Lick
726.3455000000001	0.09999999999979536	TimeIntervals	Lick
726.4790000000002	0.09999999999979536	TimeIntervals	Lick
726.5455000000001	0.09999999999990905	TimeIntervals	Reward
726.6455	0.466750000000161	TimeIntervals	Lick
727.1455	0.06675000000007003	TimeIntervals	Lick
727.2455000000001	0.10000000000002274	TimeIntervals	Lick
727.3790000000001	0.10000000000002274	TimeIntervals	Lick
727.5124999999999	0.0665000000000191	TimeIntervals	Lick
727.6125000000001	0.10000000000002274	TimeIntervals	Lick
727.74575	0.1999999999999318	TimeIntervals	Lick
727.9790000000002	0.09999999999979536	TimeIntervals	Lick
728.1125000000001	0.10000000000002274	TimeIntervals	Lick
728.24575	0.10000000000002274	TimeIntervals	Lick
728.3790000000001	0.10000000000002274	TimeIntervals	Lick
728.5124999999999	0.2335000000001628	TimeIntervals	Lick
728.77925	0.36675000000002456	TimeIntervals	Lick
729.17925	0.10000000000002274	TimeIntervals	Lick
729.3125	0.09999999999990905	TimeIntervals	Lick
729.4459999999999	0.10000000000013642	TimeIntervals	Lick
729.5792500000001	0.13324999999997544	TimeIntervals	Lick
729.7460000000001	0.10000000000002274	TimeIntervals	Lick
729.8795000000001	0.09999999999990905	TimeIntervals	Lick
730.01275	0.13325000000008913	TimeIntervals	Lick
730.31275	0.06675000000007003	TimeIntervals	Lick
730.4795	0.033249999999952706	TimeIntervals	Lick
730.61275	0.10000000000013642	TimeIntervals	Lick
732.013	0.06674999999995634	TimeIntervals	Lick
732.1797500000001	0.09999999999990905	TimeIntervals	Lick
732.6797500000001	0.06674999999995634	TimeIntervals	Lick
732.8130000000001	0.06675000000007003	TimeIntervals	Lick
734.2800000000001	0.06674999999995634	TimeIntervals	Lick
738.5475	0.10000000000013642	TimeIntervals	Lick
739.614	0.10024999999995998	TimeIntervals	Lick
740.7145	0.0665000000000191	TimeIntervals	Lick
740.8145000000001	0.1999999999999318	TimeIntervals	Lick
741.0477500000001	0.20000000000004547	TimeIntervals	Lick
741.2810000000001	0.10000000000013642	TimeIntervals	Lick
741.4145000000001	0.06649999999990541	TimeIntervals	Lick
741.5145	0.10000000000002274	TimeIntervals	Lick
741.6477500000001	0.10000000000002274	TimeIntervals	Lick
741.7810000000001	0.06700000000000728	TimeIntervals	Lick
741.8812500000001	0.09999999999979536	TimeIntervals	Lick
741.948	0.10000000000002274	TimeIntervals	Reward
742.0145	0.6335000000001401	TimeIntervals	Lick
742.68125	0.10000000000013642	TimeIntervals	Lick
742.8145000000001	0.20024999999998272	TimeIntervals	Lick
743.048	0.10000000000013642	TimeIntervals	Lick
743.1815	0.10000000000013642	TimeIntervals	Lick
743.31475	0.10000000000002274	TimeIntervals	Lick
743.448	0.20000000000015916	TimeIntervals	Lick
743.6815	0.10000000000013642	TimeIntervals	Lick
743.8480000000001	0.20024999999998272	TimeIntervals	Lick
744.0815	0.10000000000002274	TimeIntervals	Lick
744.2150000000001	0.09999999999990905	TimeIntervals	Lick
744.3482500000001	0.09999999999979536	TimeIntervals	Lick
744.4815000000001	0.09999999999990905	TimeIntervals	Lick
744.615	0.13325000000008913	TimeIntervals	Lick
744.7815000000002	0.09999999999990905	TimeIntervals	Lick
744.915	0.10000000000002274	TimeIntervals	Lick
745.04825	0.13350000000002638	TimeIntervals	Lick
745.2150000000001	0.09999999999990905	TimeIntervals	Lick
745.3485000000002	0.09999999999979536	TimeIntervals	Lick
745.48175	0.09999999999990905	TimeIntervals	Lick
745.615	0.10000000000013642	TimeIntervals	Lick
745.7485000000001	0.10000000000002274	TimeIntervals	Lick
745.8817500000001	0.09999999999990905	TimeIntervals	Lick
746.0485	0.10000000000002274	TimeIntervals	Lick
746.182	0.10000000000013642	TimeIntervals	Lick
747.482	0.06674999999995634	TimeIntervals	Lick
747.682	0.06674999999995634	TimeIntervals	Lick
749.18225	0.06675000000007003	TimeIntervals	Lick
751.6492500000002	0.06674999999984266	TimeIntervals	Lick
753.61625	0.06675000000007003	TimeIntervals	Lick
757.3835000000001	0.09999999999979536	TimeIntervals	Lick
757.5169999999999	0.10000000000013642	TimeIntervals	Lick
757.6502500000001	0.09999999999979536	TimeIntervals	Lick
757.8502500000001	0.09999999999979536	TimeIntervals	Lick
760.3505	0.06675000000007003	TimeIntervals	Lick
761.0840000000002	0.06674999999984266	TimeIntervals	Lick
761.2175000000001	0.2999999999999545	TimeIntervals	Lick
761.551	2.5002499999999372	TimeIntervals	Lick
764.0845	0.09999999999990905	TimeIntervals	Lick
764.218	0.06650000000013279	TimeIntervals	Lick
764.3512500000002	0.06674999999984266	TimeIntervals	Lick
764.4845	0.33350000000018554	TimeIntervals	Lick
766.9182500000001	0.09999999999990905	TimeIntervals	Lick
768.0850000000002	0.03349999999988995	TimeIntervals	Lick
768.2185000000001	0.06675000000007003	TimeIntervals	Lick
768.3520000000001	0.09999999999990905	TimeIntervals	Lick
768.4852500000001	0.10000000000002274	TimeIntervals	Lick
768.8520000000001	0.09999999999990905	TimeIntervals	Lick
770.619	0.10000000000013642	TimeIntervals	Lick
771.98575	0.06674999999995634	TimeIntervals	Lick
772.119	0.06674999999995634	TimeIntervals	Lick
772.2190000000002	0.1999999999999318	TimeIntervals	Lick
772.4525	0.10000000000002274	TimeIntervals	Lick
772.5860000000001	0.33324999999990723	TimeIntervals	Lick
772.9525	0.10000000000002274	TimeIntervals	Lick
773.0860000000001	0.20000000000004547	TimeIntervals	Lick
773.2525	0.10000000000002274	TimeIntervals	Reward
773.31925	0.6335000000000264	TimeIntervals	Lick
774.0195	0.06650000000013279	TimeIntervals	Lick
774.1195	0.0665000000000191	TimeIntervals	Lick
774.2195000000002	0.09999999999990905	TimeIntervals	Lick
774.35275	0.1999999999999318	TimeIntervals	Lick
774.5860000000001	0.09999999999990905	TimeIntervals	Lick
774.7530000000002	0.06649999999990541	TimeIntervals	Lick
774.8530000000001	0.10000000000002274	TimeIntervals	Lick
774.9862499999999	0.10000000000013642	TimeIntervals	Lick
775.1195	0.10000000000013642	TimeIntervals	Lick
775.2530000000002	0.09999999999990905	TimeIntervals	Lick
775.3862500000001	0.09999999999979536	TimeIntervals	Lick
775.5195	0.10000000000002274	TimeIntervals	Lick
775.653	0.10000000000013642	TimeIntervals	Lick
775.78625	0.10025000000007367	TimeIntervals	Lick
775.91975	0.23324999999999818	TimeIntervals	Lick
776.1865	0.10000000000002274	TimeIntervals	Lick
776.3197500000001	0.09999999999990905	TimeIntervals	Lick
776.4530000000001	0.09999999999990905	TimeIntervals	Lick
776.61975	0.10000000000013642	TimeIntervals	Lick
776.8197500000001	0.06674999999995634	TimeIntervals	Lick
776.9530000000001	0.03350000000000364	TimeIntervals	Lick
777.32	0.0665000000000191	TimeIntervals	Lick
777.5200000000001	0.09999999999990905	TimeIntervals	Lick
780.4205000000001	0.09999999999990905	TimeIntervals	Lick
780.5870000000001	0.06674999999984266	TimeIntervals	Lick
780.7870000000001	0.06675000000007003	TimeIntervals	Lick
780.9205000000001	0.09999999999990905	TimeIntervals	Lick
781.05375	0.09999999999990905	TimeIntervals	Lick
783.154	0.10000000000002274	TimeIntervals	Lick
783.6875	0.03350000000000364	TimeIntervals	Lick
786.3545000000001	0.09999999999979536	TimeIntervals	Lick
793.8557500000002	0.06674999999984266	TimeIntervals	Lick
793.95575	0.10000000000002274	TimeIntervals	Lick
794.1225	0.10000000000002274	TimeIntervals	Lick
794.2890000000002	0.06674999999995634	TimeIntervals	Lick
798.123	0.10000000000002274	TimeIntervals	Lick
798.2565000000001	0.10000000000002274	TimeIntervals	Lick
798.3897500000002	0.09999999999979536	TimeIntervals	Lick
798.7565000000001	0.0665000000000191	TimeIntervals	Lick
804.2905000000001	0.30025000000000546	TimeIntervals	Lick
804.624	0.3000000000000682	TimeIntervals	Lick
804.9575000000001	0.09999999999990905	TimeIntervals	Lick
805.0907500000001	0.20000000000004547	TimeIntervals	Lick
805.3240000000001	0.10000000000002274	TimeIntervals	Lick
805.4575000000001	0.09999999999990905	TimeIntervals	Lick
805.591	0.0665000000000191	TimeIntervals	Lick
805.6242500000001	0.09999999999990905	TimeIntervals	Reward
805.6910000000001	0.533249999999839	TimeIntervals	Lick
806.2575	0.09999999999990905	TimeIntervals	Lick
806.3910000000001	0.09999999999990905	TimeIntervals	Lick
806.5242499999999	0.06675000000007003	TimeIntervals	Lick
806.6245	0.10000000000013642	TimeIntervals	Lick
806.7577500000001	0.10000000000002274	TimeIntervals	Lick
806.8910000000001	0.09999999999990905	TimeIntervals	Lick
807.0245	0.10000000000002274	TimeIntervals	Lick
807.1577500000001	0.10000000000002274	TimeIntervals	Lick
807.2910000000002	0.06674999999995634	TimeIntervals	Lick
807.3910000000001	0.09999999999990905	TimeIntervals	Lick
807.5245	0.10000000000002274	TimeIntervals	Lick
807.6577500000001	0.10025000000007367	TimeIntervals	Lick
807.7912500000002	0.09999999999979536	TimeIntervals	Lick
807.9245	0.10000000000002274	TimeIntervals	Lick
808.058	0.10000000000013642	TimeIntervals	Lick
808.19125	0.10000000000025011	TimeIntervals	Lick
808.3245000000002	0.09999999999979536	TimeIntervals	Lick
808.458	0.23324999999999818	TimeIntervals	Lick
808.7245000000001	0.1002499999998463	TimeIntervals	Lick
808.8580000000001	0.09999999999990905	TimeIntervals	Lick
808.9915000000001	0.09999999999990905	TimeIntervals	Lick
809.1247500000001	0.13325000000008913	TimeIntervals	Lick
809.2915000000002	0.09999999999990905	TimeIntervals	Lick
809.7580000000002	0.06674999999984266	TimeIntervals	Lick
809.8580000000001	0.10024999999995998	TimeIntervals	Lick
810.55825	0.06674999999995634	TimeIntervals	Lick
814.7255	0.06675000000007003	TimeIntervals	Lick
816.259	0.10000000000002274	TimeIntervals	Lick
821.7932500000002	0.09999999999990905	TimeIntervals	Lick
827.6610000000002	0.1999999999999318	TimeIntervals	Lick
827.8942499999999	0.20000000000015916	TimeIntervals	Lick
828.1274999999999	0.10000000000013642	TimeIntervals	Lick
828.261	0.10000000000013642	TimeIntervals	Lick
828.3942499999999	0.10000000000013642	TimeIntervals	Lick
828.561	0.10000000000013642	TimeIntervals	Lick
829.8945000000001	0.06674999999995634	TimeIntervals	Lick
829.9945	0.2335000000000491	TimeIntervals	Lick
830.26125	0.20000000000004547	TimeIntervals	Lick
830.528	0.06650000000013279	TimeIntervals	Lick
830.628	0.10000000000002274	TimeIntervals	Lick
830.7615	0.20000000000015916	TimeIntervals	Lick
830.99475	0.10000000000013642	TimeIntervals	Lick
831.028	0.10000000000002274	TimeIntervals	Reward
831.128	0.39999999999997726	TimeIntervals	Lick
831.5615	0.10000000000002274	TimeIntervals	Lick
831.6947500000001	0.06674999999984266	TimeIntervals	Lick
831.79475	0.10025000000007367	TimeIntervals	Lick
831.9615000000001	0.06674999999984266	TimeIntervals	Lick
832.0615	0.1999999999999318	TimeIntervals	Lick
832.295	0.10000000000013642	TimeIntervals	Lick
832.4282499999999	0.10000000000002274	TimeIntervals	Lick
832.5615	0.33350000000007185	TimeIntervals	Lick
832.9282499999999	0.10024999999995998	TimeIntervals	Lick
833.0617500000001	0.09999999999990905	TimeIntervals	Lick
833.2285000000002	0.1999999999998181	TimeIntervals	Lick
833.46175	0.2667500000001155	TimeIntervals	Lick
833.76175	0.10000000000013642	TimeIntervals	Lick
833.8950000000001	0.09999999999990905	TimeIntervals	Lick
834.0284999999999	0.10000000000025011	TimeIntervals	Lick
834.1952500000001	0.06674999999995634	TimeIntervals	Lick
834.2952500000001	0.13324999999986176	TimeIntervals	Lick
834.6285000000001	0.10000000000002274	TimeIntervals	Lick
834.7952500000001	0.06674999999995634	TimeIntervals	Lick
834.99525	0.06674999999995634	TimeIntervals	Lick
835.6955000000002	0.06649999999990541	TimeIntervals	Lick
837.129	0.10000000000013642	TimeIntervals	Lick
837.2955000000001	0.10025000000007367	TimeIntervals	Lick
846.897	0.06674999999995634	TimeIntervals	Lick
847.0305	0.0665000000000191	TimeIntervals	Lick
852.1980000000001	0.0665000000000191	TimeIntervals	Lick
852.2980000000001	0.06649999999990541	TimeIntervals	Lick
852.398	0.1999999999999318	TimeIntervals	Lick
852.6312500000001	0.06674999999995634	TimeIntervals	Lick
852.7315000000001	0.09999999999990905	TimeIntervals	Lick
852.8647500000001	0.09999999999990905	TimeIntervals	Lick
852.998	0.20000000000004547	TimeIntervals	Lick
853.2315000000001	0.09999999999990905	TimeIntervals	Lick
853.3647500000001	0.1999999999998181	TimeIntervals	Lick
853.3647500000001	0.09999999999990905	TimeIntervals	Reward
853.598	0.16675000000020646	TimeIntervals	Lick
853.7980000000001	0.06700000000000728	TimeIntervals	Lick
853.8982500000002	0.06674999999984266	TimeIntervals	Lick
854.0315	0.06674999999995634	TimeIntervals	Lick
854.1315000000001	0.10000000000002274	TimeIntervals	Lick
854.2650000000001	0.10000000000002274	TimeIntervals	Lick
854.3982500000002	0.06674999999984266	TimeIntervals	Lick
854.49825	0.10000000000002274	TimeIntervals	Lick
854.6315000000001	0.10000000000002274	TimeIntervals	Lick
854.7650000000001	0.10000000000002274	TimeIntervals	Lick
854.8982500000002	0.1002499999998463	TimeIntervals	Lick
855.0317500000001	0.1999999999999318	TimeIntervals	Lick
855.2650000000001	0.10000000000002274	TimeIntervals	Lick
855.3985000000001	0.09999999999990905	TimeIntervals	Lick
855.5317500000001	0.2667500000000018	TimeIntervals	Lick
855.8317499999999	0.2335000000000491	TimeIntervals	Lick
856.0985	0.5	TimeIntervals	Lick
856.6320000000001	0.09999999999990905	TimeIntervals	Lick
856.7985000000001	0.06675000000007003	TimeIntervals	Lick
856.8985000000001	0.09999999999990905	TimeIntervals	Lick
857.06525	0.10025000000007367	TimeIntervals	Lick
857.232	0.06675000000007003	TimeIntervals	Lick
857.5655	0.0665000000000191	TimeIntervals	Lick
857.7655000000001	0.033249999999952706	TimeIntervals	Lick
858.499	0.0665000000000191	TimeIntervals	Lick
858.93225	0.03325000000006639	TimeIntervals	Lick
859.599	0.06675000000007003	TimeIntervals	Lick
860.1657500000001	0.06674999999984266	TimeIntervals	Lick
864.2665000000002	0.06649999999990541	TimeIntervals	Lick
864.3665000000001	0.09999999999990905	TimeIntervals	Lick
864.4997500000001	0.09999999999990905	TimeIntervals	Lick
864.6330000000002	0.09999999999990905	TimeIntervals	Lick
864.7665000000002	0.09999999999990905	TimeIntervals	Lick
875.5014999999999	0.06650000000036016	TimeIntervals	Lick
875.6015	0.10000000000013642	TimeIntervals	Lick
875.7347500000001	0.06675000000007003	TimeIntervals	Lick
875.8350000000002	0.3332500000000209	TimeIntervals	Lick
876.2015000000001	0.3334999999997308	TimeIntervals	Lick
876.5682500000001	0.10000000000002274	TimeIntervals	Lick
876.7015000000001	0.10000000000002274	TimeIntervals	Lick
876.735	0.10000000000013642	TimeIntervals	Reward
876.8350000000002	0.36675000000002456	TimeIntervals	Lick
877.235	0.1999999999999318	TimeIntervals	Lick
877.4685	0.06649999999990541	TimeIntervals	Lick
877.5685000000002	0.23324999999999818	TimeIntervals	Lick
877.8350000000002	0.09999999999979536	TimeIntervals	Lick
877.9685	0.10000000000025011	TimeIntervals	Lick
878.1020000000001	0.10000000000002274	TimeIntervals	Lick
878.2352500000001	0.06674999999995634	TimeIntervals	Lick
878.3352500000001	0.09999999999990905	TimeIntervals	Lick
878.4685	0.10000000000025011	TimeIntervals	Lick
878.6020000000001	0.10000000000002274	TimeIntervals	Lick
878.7352500000001	0.10000000000002274	TimeIntervals	Lick
878.8685	0.09999999999990905	TimeIntervals	Lick
879.002	0.10000000000013642	TimeIntervals	Lick
879.1355	0.10000000000002274	TimeIntervals	Lick
879.2687500000001	0.09999999999990905	TimeIntervals	Lick
879.402	0.133499999999799	TimeIntervals	Lick
879.5687500000001	0.10000000000002274	TimeIntervals	Lick
879.902	0.06674999999995634	TimeIntervals	Lick
880.0354999999998	0.20000000000015916	TimeIntervals	Lick
880.269	0.13324999999997544	TimeIntervals	Lick
881.769	0.10000000000002274	TimeIntervals	Lick
883.3692500000001	0.06674999999995634	TimeIntervals	Lick
884.50275	0.06675000000007003	TimeIntervals	Lick
884.63625	0.13325000000008913	TimeIntervals	Lick
885.03625	0.06674999999995634	TimeIntervals	Lick
899.7717500000001	0.10000000000013642	TimeIntervals	Lick
904.7725000000002	0.10000000000013642	TimeIntervals	Lick
904.9060000000001	0.06649999999979173	TimeIntervals	Lick
905.006	0.10000000000002274	TimeIntervals	Lick
905.1392500000001	0.1999999999999318	TimeIntervals	Lick
905.3725000000003	0.20024999999964166	TimeIntervals	Lick
905.606	0.10000000000002274	TimeIntervals	Lick
905.7395	0.10000000000002274	TimeIntervals	Lick
905.8727500000002	0.09999999999968168	TimeIntervals	Lick
906.006	0.06674999999995634	TimeIntervals	Lick
906.106	0.10000000000002274	TimeIntervals	Lick
906.1395000000001	0.09999999999990905	TimeIntervals	Reward
906.2395	0.10000000000002274	TimeIntervals	Lick
906.3727500000002	0.4002499999999145	TimeIntervals	Lick
906.80625	0.06675000000018372	TimeIntervals	Lick
906.9062500000001	0.09999999999990905	TimeIntervals	Lick
907.0395000000001	0.06674999999984266	TimeIntervals	Lick
907.1395000000001	0.09999999999990905	TimeIntervals	Lick
907.2730000000001	0.2332499999998845	TimeIntervals	Lick
907.5395000000001	0.10000000000002274	TimeIntervals	Lick
907.673	0.10000000000013642	TimeIntervals	Lick
907.8065	0.10000000000013642	TimeIntervals	Lick
907.9397499999999	0.20000000000027285	TimeIntervals	Lick
908.173	0.2335000000001628	TimeIntervals	Lick
908.4397499999999	0.10000000000013642	TimeIntervals	Lick
908.573	0.13350000000002638	TimeIntervals	Lick
908.74	0.10000000000013642	TimeIntervals	Lick
908.8732500000001	0.09999999999990905	TimeIntervals	Lick
909.04	0.06650000000013279	TimeIntervals	Lick
909.1400000000001	0.06649999999990541	TimeIntervals	Lick
909.3065	0.033500000000117325	TimeIntervals	Lick
909.5065	0.06674999999995634	TimeIntervals	Lick
909.7732500000002	0.1334999999999127	TimeIntervals	Lick
909.9399999999999	0.10000000000002274	TimeIntervals	Lick
910.2735000000001	0.0665000000000191	TimeIntervals	Lick
913.2405000000001	0.06674999999984266	TimeIntervals	Lick
913.4072500000001	0.10000000000002274	TimeIntervals	Lick
921.44175	0.10000000000002274	TimeIntervals	Reward
921.6417500000001	0.5667499999998427	TimeIntervals	Lick
922.2420000000001	0.1999999999999318	TimeIntervals	Lick
922.47525	0.10000000000002274	TimeIntervals	Lick
922.6084999999999	0.10000000000002274	TimeIntervals	Lick
922.7420000000001	0.1999999999999318	TimeIntervals	Lick
922.97525	0.10025000000007367	TimeIntervals	Lick
923.10875	0.10000000000002274	TimeIntervals	Lick
923.2420000000001	0.10000000000002274	TimeIntervals	Lick
923.3755000000001	0.1999999999999318	TimeIntervals	Lick
923.60875	0.13325000000008913	TimeIntervals	Lick
923.7755000000001	0.10000000000002274	TimeIntervals	Lick
923.90875	0.09999999999990905	TimeIntervals	Lick
924.042	0.10024999999995998	TimeIntervals	Lick
924.1755000000002	0.09999999999990905	TimeIntervals	Lick
924.3090000000001	0.13324999999997544	TimeIntervals	Lick
924.4754999999999	0.10000000000013642	TimeIntervals	Lick
924.609	0.10000000000002274	TimeIntervals	Lick
924.7422500000001	0.09999999999990905	TimeIntervals	Lick
924.9422500000001	0.10000000000002274	TimeIntervals	Lick
925.0755	0.10000000000013642	TimeIntervals	Lick
925.47575	0.13325000000008913	TimeIntervals	Lick
925.6425	0.10000000000013642	TimeIntervals	Lick
926.5092500000001	0.09999999999990905	TimeIntervals	Lick
926.70925	0.10000000000025011	TimeIntervals	Lick
927.076	0.13324999999997544	TimeIntervals	Lick
927.576	0.06675000000007003	TimeIntervals	Lick
930.0765000000001	0.06649999999990541	TimeIntervals	Lick
930.20975	0.06675000000007003	TimeIntervals	Lick
931.1765000000001	0.06674999999995634	TimeIntervals	Lick
936.7775000000001	0.0665000000000191	TimeIntervals	Lick
937.2775000000001	0.09999999999990905	TimeIntervals	Lick
937.411	0.0665000000000191	TimeIntervals	Lick
937.54425	0.20000000000004547	TimeIntervals	Lick
937.8110000000001	0.06649999999990541	TimeIntervals	Lick
937.911	0.10000000000002274	TimeIntervals	Lick
938.04425	0.23325000000011187	TimeIntervals	Lick
938.3110000000001	0.09999999999979536	TimeIntervals	Lick
938.4445000000001	0.09999999999990905	TimeIntervals	Lick
938.47775	0.10000000000002274	TimeIntervals	Reward
938.57775	0.6332500000000891	TimeIntervals	Lick
939.2445	0.06650000000013279	TimeIntervals	Lick
939.3445000000002	0.09999999999990905	TimeIntervals	Lick
939.47775	0.10025000000007367	TimeIntervals	Lick
939.6112499999999	0.20000000000027285	TimeIntervals	Lick
939.8445000000002	0.09999999999990905	TimeIntervals	Lick
939.978	0.20000000000015916	TimeIntervals	Lick
940.2112500000001	0.10000000000013642	TimeIntervals	Lick
940.3445000000002	0.09999999999990905	TimeIntervals	Lick
940.51125	0.33350000000007185	TimeIntervals	Lick
940.8780000000002	0.09999999999979536	TimeIntervals	Lick
941.0115	0.10000000000013642	TimeIntervals	Lick
941.14475	0.13324999999997544	TimeIntervals	Lick
941.3115	0.10000000000002274	TimeIntervals	Lick
941.44475	0.10000000000002274	TimeIntervals	Lick
941.5780000000001	0.13350000000002638	TimeIntervals	Lick
941.7782500000002	0.06674999999984266	TimeIntervals	Lick
942.0782500000001	0.06674999999984266	TimeIntervals	Lick
942.2115000000001	0.06675000000007003	TimeIntervals	Lick
942.4115	0.09999999999990905	TimeIntervals	Lick
942.7115000000001	0.10024999999995998	TimeIntervals	Lick
948.7460000000001	0.10000000000013642	TimeIntervals	Reward
948.97925	0.36675000000025193	TimeIntervals	Lick
949.3795000000001	0.7000000000000455	TimeIntervals	Lick
950.11275	0.7667500000001155	TimeIntervals	Lick
950.9129999999999	0.10000000000013642	TimeIntervals	Lick
951.04625	0.10000000000002274	TimeIntervals	Lick
951.1795000000001	0.10000000000002274	TimeIntervals	Lick
951.3130000000001	0.09999999999979536	TimeIntervals	Lick
951.44625	0.10000000000002274	TimeIntervals	Lick
951.5795000000002	0.10024999999995998	TimeIntervals	Lick
951.7130000000001	0.10000000000002274	TimeIntervals	Lick
951.8797500000002	0.06674999999972897	TimeIntervals	Lick
952.1465000000001	0.10000000000002274	TimeIntervals	Lick
952.3465000000001	0.06649999999979173	TimeIntervals	Lick
952.5464999999999	0.03325000000006639	TimeIntervals	Lick
953.3800000000001	0.09999999999990905	TimeIntervals	Lick
953.6465000000001	0.10000000000002274	TimeIntervals	Lick
954.08	0.06674999999995634	TimeIntervals	Lick
959.7810000000001	0.06650000000013279	TimeIntervals	Lick
959.8810000000002	0.09999999999979536	TimeIntervals	Lick
960.01425	0.10000000000013642	TimeIntervals	Lick
960.1475000000002	0.09999999999990905	TimeIntervals	Lick
960.3142500000001	0.10024999999995998	TimeIntervals	Lick
960.5145	0.10000000000002274	TimeIntervals	Lick
960.6477500000001	0.33324999999990723	TimeIntervals	Lick
961.0145	0.10000000000002274	TimeIntervals	Lick
961.1477500000001	0.20000000000004547	TimeIntervals	Lick
961.3810000000002	0.09999999999979536	TimeIntervals	Lick
961.5145	0.10000000000002274	TimeIntervals	Lick
961.6480000000001	0.06649999999990541	TimeIntervals	Lick
961.7480000000002	0.09999999999990905	TimeIntervals	Lick
961.8480000000001	0.09999999999990905	TimeIntervals	Reward
961.8812500000001	0.5	TimeIntervals	Lick
962.4145000000001	0.09999999999990905	TimeIntervals	Lick
962.548	0.06674999999995634	TimeIntervals	Lick
962.6480000000001	0.10000000000002274	TimeIntervals	Lick
962.7815000000002	0.09999999999990905	TimeIntervals	Lick
962.91475	0.1999999999999318	TimeIntervals	Lick
963.1480000000001	0.10000000000002274	TimeIntervals	Lick
963.2815000000002	0.09999999999990905	TimeIntervals	Lick
963.41475	0.10000000000013642	TimeIntervals	Lick
963.548	0.10000000000013642	TimeIntervals	Lick
963.6815	0.3667499999997972	TimeIntervals	Lick
964.0815	0.10000000000002274	TimeIntervals	Lick
964.2150000000001	0.36649999999985994	TimeIntervals	Lick
964.615	0.10000000000013642	TimeIntervals	Lick
964.7485000000001	0.2664999999999509	TimeIntervals	Lick
965.0484999999999	0.10000000000013642	TimeIntervals	Lick
965.2150000000001	0.06674999999995634	TimeIntervals	Lick
965.3485000000002	0.06649999999990541	TimeIntervals	Lick
965.4485	0.13325000000008913	TimeIntervals	Lick
965.7817500000001	0.06675000000007003	TimeIntervals	Lick
966.8152500000001	0.06675000000007003	TimeIntervals	Lick
967.1487500000001	0.10000000000013642	TimeIntervals	Reward
967.2820000000003	0.29999999999972715	TimeIntervals	Lick
967.6155	0.20000000000015916	TimeIntervals	Lick
967.84875	0.09999999999990905	TimeIntervals	Lick
967.982	0.20024999999998272	TimeIntervals	Lick
968.2155	0.10000000000013642	TimeIntervals	Lick
968.349	0.09999999999979536	TimeIntervals	Lick
968.48225	0.1999999999999318	TimeIntervals	Lick
968.7155	0.10000000000013642	TimeIntervals	Lick
968.849	0.09999999999979536	TimeIntervals	Lick
968.98225	0.06674999999995634	TimeIntervals	Lick
969.0822499999999	0.10025000000018736	TimeIntervals	Lick
969.2157500000001	0.09999999999990905	TimeIntervals	Lick
969.349	0.09999999999979536	TimeIntervals	Lick
969.4825	0.13325000000008913	TimeIntervals	Lick
969.6490000000001	0.09999999999990905	TimeIntervals	Lick
969.7825	0.10000000000025011	TimeIntervals	Lick
969.9825	0.0665000000000191	TimeIntervals	Lick
970.11575	0.06675000000007003	TimeIntervals	Lick
970.416	0.06649999999990541	TimeIntervals	Lick
970.6160000000001	0.16649999999992815	TimeIntervals	Lick
971.3159999999999	0.03350000000023101	TimeIntervals	Lick
972.9829999999998	0.03325000000029377	TimeIntervals	Lick
973.083	0.20000000000015916	TimeIntervals	Lick
973.3495000000001	0.09999999999990905	TimeIntervals	Lick
973.4829999999998	0.10000000000013642	TimeIntervals	Lick
973.6165000000001	0.10000000000002274	TimeIntervals	Lick
973.7497500000001	0.09999999999990905	TimeIntervals	Lick
973.8830000000003	0.09999999999956799	TimeIntervals	Lick
974.0165000000001	0.10000000000002274	TimeIntervals	Lick
974.14975	0.10000000000002274	TimeIntervals	Lick
974.183	0.10000000000013642	TimeIntervals	Reward
974.2830000000001	0.46699999999987085	TimeIntervals	Lick
974.7832500000002	0.10000000000013642	TimeIntervals	Lick
974.9164999999999	0.06675000000018372	TimeIntervals	Lick
975.0500000000001	0.0665000000000191	TimeIntervals	Lick
975.1500000000002	0.09999999999979536	TimeIntervals	Lick
975.2832500000002	0.10000000000013642	TimeIntervals	Lick
975.4164999999999	0.10000000000013642	TimeIntervals	Lick
975.5500000000001	0.10000000000013642	TimeIntervals	Lick
975.68325	0.10024999999995998	TimeIntervals	Lick
975.81675	0.10000000000025011	TimeIntervals	Lick
975.9499999999999	0.10000000000013642	TimeIntervals	Lick
976.0835	0.10000000000013642	TimeIntervals	Lick
976.21675	0.09999999999990905	TimeIntervals	Lick
976.3499999999999	0.10000000000002274	TimeIntervals	Lick
976.4835000000002	0.09999999999979536	TimeIntervals	Lick
976.6167499999999	0.10000000000013642	TimeIntervals	Lick
976.75	0.09999999999990905	TimeIntervals	Lick
976.8835000000001	0.10000000000002274	TimeIntervals	Lick
977.0170000000002	0.09999999999990905	TimeIntervals	Lick
977.1502500000001	0.13324999999986176	TimeIntervals	Lick
977.317	0.10000000000013642	TimeIntervals	Lick
977.4502499999999	0.13325000000008913	TimeIntervals	Lick
977.6170000000001	0.09999999999990905	TimeIntervals	Lick
977.7835	0.10000000000013642	TimeIntervals	Lick
977.9170000000001	0.10000000000002274	TimeIntervals	Lick
978.0505000000002	0.09999999999990905	TimeIntervals	Lick
978.18375	0.23325000000011187	TimeIntervals	Lick
978.48375	0.06675000000018372	TimeIntervals	Lick
978.7837500000003	0.06674999999972897	TimeIntervals	Lick
979.084	0.3999999999998636	TimeIntervals	Lick
979.51725	0.10000000000013642	TimeIntervals	Lick
979.7504999999999	0.10000000000013642	TimeIntervals	Lick
979.8840000000002	0.13324999999974807	TimeIntervals	Lick
980.0505000000002	0.2335000000001628	TimeIntervals	Lick
980.35075	1.6667500000000928	TimeIntervals	Lick
982.0842499999999	0.16675000000032014	TimeIntervals	Lick
982.3175000000001	0.26699999999993906	TimeIntervals	Lick
982.7177500000001	0.36674999999991087	TimeIntervals	Lick
983.1510000000002	0.29999999999961346	TimeIntervals	Lick
983.4845	0.20000000000015916	TimeIntervals	Lick
983.718	0.13325000000008913	TimeIntervals	Lick
984.0845	0.20000000000015916	TimeIntervals	Lick
984.3180000000002	0.09999999999968168	TimeIntervals	Lick
984.518	0.1999999999999318	TimeIntervals	Lick
984.8515	0.20000000000015916	TimeIntervals	Lick
985.1180000000003	0.09999999999968168	TimeIntervals	Lick
985.2515	0.13325000000008913	TimeIntervals	Lick
985.4514999999999	0.10000000000025011	TimeIntervals	Lick
985.58475	0.2002500000002101	TimeIntervals	Lick
985.8182500000001	0.13324999999974807	TimeIntervals	Lick
986.0182500000001	0.1999999999999318	TimeIntervals	Lick
986.4849999999999	0.16650000000015552	TimeIntervals	Lick
986.7185000000001	0.09999999999990905	TimeIntervals	Lick
986.885	0.3000000000000682	TimeIntervals	Lick
987.3185	0.16649999999992815	TimeIntervals	Lick
987.5185000000001	0.13324999999986176	TimeIntervals	Lick
987.8185	0.3667500000003656	TimeIntervals	Lick
988.3852500000003	0.33324999999979354	TimeIntervals	Lick
988.9520000000002	0.09999999999968168	TimeIntervals	Lick
990.2190000000002	0.06649999999990541	TimeIntervals	Lick
990.9855	0.09999999999990905	TimeIntervals	Lick
991.2525000000002	0.06650000000013279	TimeIntervals	Lick
991.38575	0.06675000000007003	TimeIntervals	Lick
991.4857499999998	0.1000000000003638	TimeIntervals	Lick
991.6525	0.20000000000004547	TimeIntervals	Lick
991.9190000000001	0.09999999999990905	TimeIntervals	Lick
992.0525	0.10000000000002274	TimeIntervals	Lick
992.1857500000001	0.10025000000007367	TimeIntervals	Lick
992.3192500000002	0.09999999999979536	TimeIntervals	Lick
992.4859999999999	0.06650000000013279	TimeIntervals	Lick
992.5525	0.10000000000002274	TimeIntervals	Reward
992.586	0.5	TimeIntervals	Lick
993.1192500000001	0.10000000000002274	TimeIntervals	Lick
993.2525000000002	0.1002499999998463	TimeIntervals	Lick
993.3859999999999	0.10000000000002274	TimeIntervals	Lick
993.5195000000001	0.09999999999990905	TimeIntervals	Lick
993.65275	0.33324999999990723	TimeIntervals	Lick
994.0195000000001	0.09999999999990905	TimeIntervals	Lick
994.15275	0.10000000000013642	TimeIntervals	Lick
994.2860000000002	0.09999999999968168	TimeIntervals	Lick
994.4195	0.10000000000013642	TimeIntervals	Lick
994.5530000000001	0.09999999999990905	TimeIntervals	Lick
994.7195000000003	0.09999999999990905	TimeIntervals	Lick
994.853	0.10000000000013642	TimeIntervals	Lick
995.8865000000002	0.06649999999990541	TimeIntervals	Lick
1001.5204999999999	0.10000000000013642	TimeIntervals	Lick
1002.4207499999999	0.10000000000013642	TimeIntervals	Lick
1007.5880000000001	0.10025000000007367	TimeIntervals	Lick
1007.7215000000003	0.09999999999968168	TimeIntervals	Lick
1007.8550000000002	0.19999999999970441	TimeIntervals	Lick
1008.0882500000002	0.09999999999990905	TimeIntervals	Lick
1008.2215000000003	0.09999999999968168	TimeIntervals	Lick
1008.3550000000002	0.06649999999956435	TimeIntervals	Lick
1008.455	0.3334999999998445	TimeIntervals	Lick
1008.8217500000002	0.06674999999984266	TimeIntervals	Lick
1008.8885	0.10000000000002274	TimeIntervals	Reward
1008.9217499999997	0.5	TimeIntervals	Lick
1009.455	0.09999999999990905	TimeIntervals	Lick
1009.5885000000002	0.06649999999979173	TimeIntervals	Lick
1009.6885000000002	0.09999999999968168	TimeIntervals	Lick
1009.8220000000001	0.09999999999990905	TimeIntervals	Lick
1009.95525	0.10000000000002274	TimeIntervals	Lick
1010.0885000000002	0.10000000000002274	TimeIntervals	Lick
1010.2220000000002	0.09999999999990905	TimeIntervals	Lick
1010.3552500000003	0.09999999999968168	TimeIntervals	Lick
1010.4885	0.10000000000013642	TimeIntervals	Lick
1010.6220000000002	0.13324999999986176	TimeIntervals	Lick
1010.7884999999999	0.23349999999993543	TimeIntervals	Lick
1011.0555	0.09999999999990905	TimeIntervals	Lick
1011.18875	0.09999999999990905	TimeIntervals	Lick
1011.3220000000001	0.09999999999990905	TimeIntervals	Lick
1011.4555	0.10000000000002274	TimeIntervals	Lick
1011.58875	0.10000000000002274	TimeIntervals	Lick
1011.7220000000002	0.09999999999990905	TimeIntervals	Lick
1011.8887500000001	0.06674999999995634	TimeIntervals	Lick
1012.02225	0.06675000000007003	TimeIntervals	Lick
1012.1555	0.0667500000002974	TimeIntervals	Lick
1012.289	0.10000000000013642	TimeIntervals	Lick
1012.4555	0.10000000000002274	TimeIntervals	Lick
1019.7567500000002	0.06674999999961528	TimeIntervals	Lick
1038.4262500000002	0.06674999999995634	TimeIntervals	Lick
1038.52625	0.20000000000004547	TimeIntervals	Lick
1038.7595000000003	0.09999999999968168	TimeIntervals	Lick
1038.893	0.20000000000004547	TimeIntervals	Lick
1039.1262499999998	0.10000000000013642	TimeIntervals	Lick
1039.2595000000003	0.09999999999968168	TimeIntervals	Lick
1039.293	0.10000000000013642	TimeIntervals	Reward
1039.393	0.4667499999998199	TimeIntervals	Lick
1039.9265	0.06650000000013279	TimeIntervals	Lick
1040.0265	0.10000000000013642	TimeIntervals	Lick
1040.15975	0.10000000000013642	TimeIntervals	Lick
1040.293	0.10000000000013642	TimeIntervals	Lick
1040.4265	0.09999999999990905	TimeIntervals	Lick
1040.56	0.06650000000013279	TimeIntervals	Lick
1040.66	0.10000000000013642	TimeIntervals	Lick
1040.8265	0.06675000000018372	TimeIntervals	Lick
1040.96	0.09999999999990905	TimeIntervals	Lick
1041.0932500000001	0.09999999999968168	TimeIntervals	Lick
1041.2265	0.09999999999990905	TimeIntervals	Lick
1041.36	0.10000000000013642	TimeIntervals	Lick
1041.49325	0.10000000000013642	TimeIntervals	Lick
1041.6265	0.10024999999973261	TimeIntervals	Lick
1041.7600000000002	0.1334999999999127	TimeIntervals	Lick
1041.92675	0.10000000000013642	TimeIntervals	Lick
1042.2267499999998	0.06675000000041109	TimeIntervals	Lick
1057.39575	0.06675000000018372	TimeIntervals	Lick
1058.5625	0.09999999999968168	TimeIntervals	Reward
1058.796	0.5667499999999563	TimeIntervals	Lick
1059.396	0.1000000000003638	TimeIntervals	Lick
1059.5294999999999	0.4665000000004511	TimeIntervals	Lick
1060.0294999999999	0.09999999999990905	TimeIntervals	Lick
1060.1627499999997	0.2335000000002765	TimeIntervals	Lick
1060.4295000000002	0.09999999999968168	TimeIntervals	Lick
1060.5630000000003	0.0999999999994543	TimeIntervals	Lick
1060.69625	0.10000000000013642	TimeIntervals	Lick
1060.8294999999998	0.06675000000018372	TimeIntervals	Lick
1060.9962500000001	0.06675000000018372	TimeIntervals	Lick
1061.1294999999998	0.06675000000018372	TimeIntervals	Lick
1061.263	0.06649999999990541	TimeIntervals	Lick
1061.4295000000002	0.06700000000000728	TimeIntervals	Lick
1061.5630000000003	0.0667499999995016	TimeIntervals	Lick
1084.8999999999999	0.13325000000008913	TimeIntervals	Reward
1085.0665	0.6002500000001874	TimeIntervals	Lick
1085.6999999999998	0.06675000000018372	TimeIntervals	Lick
1085.8335	0.06649999999990541	TimeIntervals	Lick
1085.96675	0.06674999999995634	TimeIntervals	Lick
1086.06675	0.06674999999995634	TimeIntervals	Lick
1086.1999999999998	0.06675000000018372	TimeIntervals	Lick
1086.3335	0.06649999999990541	TimeIntervals	Lick
1086.46675	0.06674999999995634	TimeIntervals	Lick
1086.56675	0.10000000000013642	TimeIntervals	Lick
1086.7335	0.06674999999995634	TimeIntervals	Lick
1086.8670000000002	0.06649999999990541	TimeIntervals	Lick
1087.0002500000003	0.2332499999997708	TimeIntervals	Lick
1087.2669999999998	0.1000000000003638	TimeIntervals	Lick
1087.4002500000001	0.10000000000013642	TimeIntervals	Lick
1087.5335	0.09999999999990905	TimeIntervals	Lick
1087.7002499999999	0.06674999999995634	TimeIntervals	Lick
1087.83375	0.06675000000018372	TimeIntervals	Lick
1087.9669999999999	0.06675000000018372	TimeIntervals	Lick
1088.1669999999997	0.06675000000063847	TimeIntervals	Lick
1088.3670000000002	0.06674999999995634	TimeIntervals	Lick
1094.0345000000002	0.06675000000018372	TimeIntervals	Lick
1094.468	0.03350000000023101	TimeIntervals	Lick
1095.268	0.1334999999999127	TimeIntervals	Reward
1095.43475	0.5002500000002783	TimeIntervals	Lick
1095.9682500000001	0.06674999999995634	TimeIntervals	Lick
1096.06825	0.09999999999990905	TimeIntervals	Lick
1096.2015	0.06675000000018372	TimeIntervals	Lick
1096.3349999999998	0.06650000000013279	TimeIntervals	Lick
1096.4682500000001	0.06674999999995634	TimeIntervals	Lick
1096.5685	0.09999999999990905	TimeIntervals	Lick
1096.7017500000002	0.09999999999990905	TimeIntervals	Lick
1096.8349999999998	0.2335000000002765	TimeIntervals	Lick
1097.1350000000002	0.06674999999995634	TimeIntervals	Lick
1097.2685000000001	0.5	TimeIntervals	Lick
1098.2020000000002	0.1999999999998181	TimeIntervals	Lick
1098.4352499999998	0.36675000000013824	TimeIntervals	Lick
1098.86875	0.09999999999990905	TimeIntervals	Lick
1099.0355000000002	0.06649999999990541	TimeIntervals	Lick
1099.1355000000003	0.06649999999990541	TimeIntervals	Lick
