onset	duration	nwb_table	event_type
8.25	0.06649999999999956	TimeIntervals	Lick
8.383250000000002	0.09999999999999964	TimeIntervals	Lick
9.55	0.09999999999999964	TimeIntervals	Lick
10.45025	0.09999999999999964	TimeIntervals	Lick
11.4505	0.09999999999999964	TimeIntervals	Lick
12.317	0.10000000000000142	TimeIntervals	Lick
12.61725	0.06674999999999898	TimeIntervals	Lick
12.884	0.10000000000000142	TimeIntervals	Lick
13.01725	0.06675000000000253	TimeIntervals	Lick
13.117249999999999	0.1000000000000032	TimeIntervals	Lick
13.250500000000002	0.09999999999999787	TimeIntervals	Lick
13.384	0.06649999999999956	TimeIntervals	Lick
13.484000000000002	0.10000000000000142	TimeIntervals	Lick
13.617249999999999	0.20025000000000226	TimeIntervals	Lick
13.85075	0.09999999999999964	TimeIntervals	Lick
13.984000000000002	0.10000000000000142	TimeIntervals	Lick
14.1175	0.10000000000000142	TimeIntervals	Lick
14.250750000000002	0.1999999999999975	TimeIntervals	Lick
14.484000000000002	0.10000000000000142	TimeIntervals	Lick
14.617500000000001	0.09999999999999964	TimeIntervals	Lick
14.684000000000001	0.06700000000000017	TimeIntervals	Reward
14.751000000000001	0.23325000000000173	TimeIntervals	Lick
15.0175	0.0667500000000043	TimeIntervals	Lick
15.117500000000001	0.06674999999999898	TimeIntervals	Lick
15.2175	0.0667500000000043	TimeIntervals	Lick
15.3175	0.2334999999999976	TimeIntervals	Lick
15.584250000000004	0.5002499999999941	TimeIntervals	Lick
16.11775	0.09999999999999787	TimeIntervals	Lick
16.251	0.19999999999999574	TimeIntervals	Lick
16.484499999999997	0.10000000000000142	TimeIntervals	Lick
16.61775	0.1999999999999993	TimeIntervals	Lick
16.851	0.09999999999999787	TimeIntervals	Lick
16.984499999999997	0.10000000000000142	TimeIntervals	Lick
17.118	0.10000000000000142	TimeIntervals	Lick
17.251249999999995	0.10000000000000497	TimeIntervals	Lick
17.384500000000003	0.09999999999999787	TimeIntervals	Lick
17.517999999999997	0.10000000000000142	TimeIntervals	Lick
17.651249999999997	0.09999999999999787	TimeIntervals	Lick
17.784499999999998	0.26699999999999946	TimeIntervals	Lick
18.08475	0.10000000000000142	TimeIntervals	Lick
18.218	0.10000000000000142	TimeIntervals	Lick
18.3515	0.10000000000000142	TimeIntervals	Lick
18.484750000000002	0.399999999999995	TimeIntervals	Lick
18.918000000000006	0.09999999999999076	TimeIntervals	Lick
19.08475	0.06675000000000253	TimeIntervals	Lick
19.951500000000003	0.09999999999999432	TimeIntervals	Lick
20.284999999999997	0.2000000000000064	TimeIntervals	Lick
20.6185	0.10000000000000142	TimeIntervals	Lick
21.218500000000002	0.06649999999999423	TimeIntervals	Lick
21.38525	0.10000000000000142	TimeIntervals	Lick
21.618500000000004	0.19999999999999574	TimeIntervals	Lick
21.88525	0.10000000000000142	TimeIntervals	Lick
22.018500000000003	0.06674999999999542	TimeIntervals	Lick
22.218499999999995	0.06675000000000253	TimeIntervals	Lick
22.3185	0.06674999999999898	TimeIntervals	Lick
22.418500000000005	0.10024999999999906	TimeIntervals	Lick
22.5855	0.10000000000000497	TimeIntervals	Lick
22.718750000000004	0.13324999999999676	TimeIntervals	Lick
22.952	0.06675000000000253	TimeIntervals	Lick
23.552249999999997	0.10000000000000142	TimeIntervals	Lick
23.919000000000004	0.06649999999999778	TimeIntervals	Lick
24.15225	0.09999999999999787	TimeIntervals	Lick
24.2855	0.06675000000000253	TimeIntervals	Lick
24.3855	0.10000000000000142	TimeIntervals	Lick
24.719	0.10000000000000142	TimeIntervals	Lick
24.852500000000003	0.09999999999999787	TimeIntervals	Lick
24.98575	0.10000000000000142	TimeIntervals	Lick
25.119000000000003	0.09999999999999787	TimeIntervals	Lick
25.252499999999998	0.06650000000000489	TimeIntervals	Lick
25.385749999999998	0.06675000000000253	TimeIntervals	Lick
25.519000000000002	0.09999999999999787	TimeIntervals	Lick
25.685750000000002	0.10024999999999906	TimeIntervals	Lick
25.81925	0.10000000000000142	TimeIntervals	Lick
25.986	0.06649999999999778	TimeIntervals	Lick
26.11925	0.09999999999999787	TimeIntervals	Lick
26.252499999999998	0.10000000000000497	TimeIntervals	Lick
26.386000000000003	0.09999999999999787	TimeIntervals	Lick
26.51925	0.10000000000000142	TimeIntervals	Lick
26.652500000000003	0.06674999999999542	TimeIntervals	Lick
26.752499999999998	0.06700000000000372	TimeIntervals	Lick
26.852749999999997	0.10000000000000497	TimeIntervals	Lick
26.986	0.09999999999999787	TimeIntervals	Lick
27.119500000000002	0.09999999999999787	TimeIntervals	Lick
27.25275	0.06675000000000253	TimeIntervals	Lick
27.352749999999997	0.23325000000000173	TimeIntervals	Lick
27.619500000000002	0.09999999999999787	TimeIntervals	Lick
27.75275	0.20025000000000404	TimeIntervals	Lick
27.986250000000002	0.09999999999999787	TimeIntervals	Lick
28.119500000000002	0.09999999999999787	TimeIntervals	Lick
28.252999999999997	0.06650000000000489	TimeIntervals	Lick
28.352999999999998	0.10000000000000497	TimeIntervals	Lick
28.486250000000002	0.10000000000000142	TimeIntervals	Lick
28.619500000000002	0.06674999999999898	TimeIntervals	Lick
28.719500000000004	0.10000000000000142	TimeIntervals	Lick
28.852999999999998	0.10000000000000497	TimeIntervals	Lick
28.986250000000002	0.10024999999999906	TimeIntervals	Lick
29.119750000000007	0.09999999999999076	TimeIntervals	Lick
29.252999999999997	0.10000000000000142	TimeIntervals	Lick
29.3865	0.10000000000000142	TimeIntervals	Lick
29.51975	0.10000000000000853	TimeIntervals	Lick
29.653	0.1335000000000015	TimeIntervals	Lick
29.819750000000003	0.09999999999999787	TimeIntervals	Lick
29.986500000000003	0.06649999999999423	TimeIntervals	Lick
30.0865	0.09999999999999787	TimeIntervals	Lick
30.220000000000002	0.09999999999999787	TimeIntervals	Lick
30.353249999999996	0.10000000000000497	TimeIntervals	Lick
30.486500000000007	0.09999999999999432	TimeIntervals	Lick
30.62	0.16649999999999565	TimeIntervals	Lick
30.88650000000001	0.1667499999999933	TimeIntervals	Lick
31.220000000000002	0.06674999999999542	TimeIntervals	Lick
31.686750000000007	0.3667499999999926	TimeIntervals	Lick
32.75350000000001	0.09999999999998721	TimeIntervals	Lick
33.086999999999996	0.10000000000000142	TimeIntervals	Lick
33.22025	0.06674999999999898	TimeIntervals	Lick
33.420500000000004	0.1664999999999921	TimeIntervals	Lick
34.353750000000005	0.06674999999999187	TimeIntervals	Lick
34.45375	0.20024999999999693	TimeIntervals	Lick
34.9205	0.13350000000000506	TimeIntervals	Lick
35.254	0.10000000000000853	TimeIntervals	Lick
36.75425	0.10000000000000142	TimeIntervals	Lick
36.88750000000001	0.06674999999999187	TimeIntervals	Lick
36.98749999999999	0.20000000000000995	TimeIntervals	Lick
37.38750000000001	0.0999999999999801	TimeIntervals	Lick
37.521	0.10000000000000853	TimeIntervals	Lick
37.65425	0.06675000000000608	TimeIntervals	Lick
37.75425	0.10024999999999551	TimeIntervals	Lick
37.88775	0.10000000000000142	TimeIntervals	Lick
38.187749999999994	0.06675000000000608	TimeIntervals	Lick
38.28775	0.09999999999999432	TimeIntervals	Lick
38.4545	0.06649999999999778	TimeIntervals	Lick
38.5545	0.10000000000000142	TimeIntervals	Lick
38.687749999999994	0.06675000000000608	TimeIntervals	Lick
38.7545	0.033250000000002444	TimeIntervals	Reward
38.78775	0.20024999999999693	TimeIntervals	Lick
39.02125	0.19999999999999574	TimeIntervals	Lick
39.2545	0.06675000000000608	TimeIntervals	Lick
39.354499999999994	0.767000000000003	TimeIntervals	Lick
40.15475	0.20000000000000995	TimeIntervals	Lick
40.388	0.10000000000000142	TimeIntervals	Lick
40.521499999999996	0.06650000000000489	TimeIntervals	Lick
40.6215	0.20000000000000995	TimeIntervals	Lick
40.85475000000001	0.09999999999998721	TimeIntervals	Lick
40.988	0.20025000000000404	TimeIntervals	Lick
41.221500000000006	0.10000000000000142	TimeIntervals	Lick
41.35500000000001	0.09999999999998721	TimeIntervals	Lick
41.488249999999994	0.10000000000000853	TimeIntervals	Lick
41.6215	0.10000000000000853	TimeIntervals	Lick
41.755	0.10000000000000853	TimeIntervals	Lick
41.888250000000006	0.09999999999998721	TimeIntervals	Lick
42.021499999999996	0.10000000000000142	TimeIntervals	Lick
42.154999999999994	0.2667500000000089	TimeIntervals	Lick
42.455	0.06674999999999898	TimeIntervals	Lick
42.72175000000001	0.19999999999998863	TimeIntervals	Lick
44.05525	0.3335000000000008	TimeIntervals	Lick
44.65550000000001	0.06649999999999068	TimeIntervals	Lick
46.089	0.10000000000000142	TimeIntervals	Lick
46.355500000000006	0.09999999999998721	TimeIntervals	Lick
46.6225	0.13325000000000387	TimeIntervals	Lick
47.789249999999996	0.06674999999999898	TimeIntervals	Lick
48.3225	0.10000000000000142	TimeIntervals	Lick
48.48924999999999	0.06675000000001319	TimeIntervals	Lick
48.6225	0.06675000000000608	TimeIntervals	Lick
48.722500000000004	0.10024999999999551	TimeIntervals	Lick
48.855999999999995	0.10000000000000142	TimeIntervals	Lick
48.9895	0.10000000000000142	TimeIntervals	Lick
49.122749999999996	0.06675000000001319	TimeIntervals	Lick
49.222750000000005	0.09999999999999432	TimeIntervals	Lick
49.355999999999995	0.10000000000000142	TimeIntervals	Lick
49.4895	0.06650000000000489	TimeIntervals	Lick
49.5895	0.10000000000000853	TimeIntervals	Lick
49.722750000000005	0.09999999999999432	TimeIntervals	Lick
49.855999999999995	0.06700000000000728	TimeIntervals	Lick
49.95625	0.10000000000000142	TimeIntervals	Lick
50.0895	0.10000000000000853	TimeIntervals	Lick
50.22300000000001	0.09999999999998721	TimeIntervals	Lick
50.3895	0.10000000000000142	TimeIntervals	Lick
50.55625	0.06674999999999898	TimeIntervals	Lick
50.65625	0.10000000000000853	TimeIntervals	Lick
50.789500000000004	0.06674999999999898	TimeIntervals	Lick
50.789500000000004	0.03349999999999653	TimeIntervals	Reward
50.8895	0.30025000000000546	TimeIntervals	Lick
51.223	0.06675000000000608	TimeIntervals	Lick
51.323	0.20000000000000284	TimeIntervals	Lick
51.5565	0.06649999999999778	TimeIntervals	Lick
51.656499999999994	0.20000000000000995	TimeIntervals	Lick
51.88975	0.30024999999999125	TimeIntervals	Lick
52.22324999999999	0.30000000000000426	TimeIntervals	Lick
52.5565	0.20000000000000995	TimeIntervals	Lick
52.790000000000006	0.09999999999999432	TimeIntervals	Lick
52.92325	0.20000000000000284	TimeIntervals	Lick
53.156499999999994	0.10025000000000261	TimeIntervals	Lick
53.290000000000006	0.36674999999999613	TimeIntervals	Lick
53.68999999999999	0.36675000000001035	TimeIntervals	Lick
54.09	0.23350000000000648	TimeIntervals	Lick
54.39025	0.06674999999999187	TimeIntervals	Lick
54.5235	0.6999999999999957	TimeIntervals	Lick
55.956999999999994	0.06675000000000608	TimeIntervals	Lick
56.99049999999999	0.10000000000000853	TimeIntervals	Lick
57.2905	0.30024999999999125	TimeIntervals	Lick
57.657500000000006	0.13324999999999676	TimeIntervals	Lick
58.624	0.06700000000000017	TimeIntervals	Lick
58.991	0.09999999999999432	TimeIntervals	Lick
59.95775	0.06674999999999898	TimeIntervals	Lick
60.090999999999994	0.06675000000000608	TimeIntervals	Lick
60.191	0.10000000000000142	TimeIntervals	Lick
60.3245	0.10000000000000142	TimeIntervals	Lick
60.45775	0.06674999999999898	TimeIntervals	Lick
60.55775	0.10000000000000142	TimeIntervals	Lick
60.691	0.06674999999999898	TimeIntervals	Lick
60.791000000000004	0.06699999999999307	TimeIntervals	Lick
60.89125000000001	0.09999999999998721	TimeIntervals	Lick
61.024499999999996	0.10000000000000853	TimeIntervals	Lick
61.158	0.06649999999999068	TimeIntervals	Lick
61.258	0.09999999999999432	TimeIntervals	Lick
61.39125000000001	0.09999999999998721	TimeIntervals	Lick
61.55799999999999	0.10000000000000853	TimeIntervals	Lick
61.69125	0.06675000000000608	TimeIntervals	Lick
61.791250000000005	0.10000000000000142	TimeIntervals	Lick
61.9245	0.10024999999999551	TimeIntervals	Lick
62.05799999999999	0.10000000000000853	TimeIntervals	Lick
62.1915	0.19999999999999574	TimeIntervals	Lick
62.424749999999996	0.10000000000000142	TimeIntervals	Lick
62.55799999999999	0.06675000000001319	TimeIntervals	Lick
62.658	0.10000000000000142	TimeIntervals	Lick
62.7915	0.09999999999999432	TimeIntervals	Lick
62.924749999999996	0.20025000000000404	TimeIntervals	Lick
63.15825000000001	0.09999999999998721	TimeIntervals	Lick
63.2915	0.23350000000000648	TimeIntervals	Lick
63.55825	0.06674999999999898	TimeIntervals	Lick
63.65825000000001	0.09999999999998721	TimeIntervals	Lick
63.7915	0.09999999999999432	TimeIntervals	Lick
63.92499999999999	0.10000000000000142	TimeIntervals	Lick
64.05825	0.10025000000000261	TimeIntervals	Lick
64.4585	0.13324999999998965	TimeIntervals	Lick
65.4585	0.2667500000000018	TimeIntervals	Lick
65.75850000000001	0.06674999999998477	TimeIntervals	Lick
65.89199999999998	0.0665000000000191	TimeIntervals	Lick
66.25850000000001	0.20024999999999693	TimeIntervals	Lick
66.5255	0.06650000000000489	TimeIntervals	Lick
66.62549999999999	0.06650000000000489	TimeIntervals	Lick
66.72550000000001	0.09999999999999432	TimeIntervals	Lick
66.792	0.06674999999999898	TimeIntervals	Reward
66.85875	0.3332499999999925	TimeIntervals	Lick
67.22550000000001	0.19999999999998863	TimeIntervals	Lick
67.459	0.10000000000000853	TimeIntervals	Lick
67.59224999999999	0.5667500000000132	TimeIntervals	Lick
68.19225	1.633749999999992	TimeIntervals	Lick
69.89250000000001	0.09999999999999432	TimeIntervals	Lick
70.026	0.10000000000000853	TimeIntervals	Lick
70.15925000000001	0.09999999999999432	TimeIntervals	Lick
70.2925	0.06674999999999898	TimeIntervals	Lick
70.426	0.06650000000000489	TimeIntervals	Lick
70.526	0.1664999999999992	TimeIntervals	Lick
71.19274999999999	0.26675000000003024	TimeIntervals	Lick
71.69274999999999	0.06675000000001319	TimeIntervals	Lick
71.82624999999999	0.06675000000001319	TimeIntervals	Lick
72.32624999999999	0.10000000000000853	TimeIntervals	Lick
72.49300000000001	0.09999999999999432	TimeIntervals	Lick
73.35974999999999	0.10000000000002274	TimeIntervals	Lick
74.09325000000001	0.13324999999998965	TimeIntervals	Lick
74.26	0.06649999999999068	TimeIntervals	Lick
74.49325	0.10000000000000853	TimeIntervals	Lick
74.62650000000001	0.09999999999999432	TimeIntervals	Lick
74.96000000000002	0.06649999999997647	TimeIntervals	Lick
75.06	0.10000000000000853	TimeIntervals	Lick
75.19350000000001	0.06649999999999068	TimeIntervals	Lick
75.32674999999999	0.06675000000001319	TimeIntervals	Lick
75.46000000000002	0.0999999999999801	TimeIntervals	Lick
75.62675000000002	0.06674999999999898	TimeIntervals	Lick
75.72675000000001	0.06674999999999898	TimeIntervals	Lick
75.82674999999999	0.10000000000000853	TimeIntervals	Lick
75.96000000000002	0.0999999999999801	TimeIntervals	Lick
76.0935	0.10000000000000853	TimeIntervals	Lick
76.22700000000002	0.0999999999999801	TimeIntervals	Lick
76.36025	0.10000000000000853	TimeIntervals	Lick
76.49350000000001	0.09999999999999432	TimeIntervals	Lick
76.627	0.20000000000000284	TimeIntervals	Lick
76.86025	0.10000000000000853	TimeIntervals	Lick
76.99350000000001	0.09999999999999432	TimeIntervals	Lick
77.127	0.0665000000000191	TimeIntervals	Lick
77.22700000000002	0.13349999999998374	TimeIntervals	Lick
77.39375	0.06675000000001319	TimeIntervals	Lick
77.49375	0.13324999999998965	TimeIntervals	Lick
77.66050000000001	0.0999999999999801	TimeIntervals	Lick
77.79375000000002	0.0999999999999801	TimeIntervals	Lick
77.927	0.36675000000001035	TimeIntervals	Lick
78.327	0.13350000000001216	TimeIntervals	Lick
78.9605	0.20000000000001705	TimeIntervals	Lick
79.42725	0.06674999999999898	TimeIntervals	Lick
80.06075	0.03324999999999534	TimeIntervals	Lick
80.26075000000002	0.0999999999999801	TimeIntervals	Lick
80.89425	0.09999999999999432	TimeIntervals	Lick
81.92775	0.09999999999999432	TimeIntervals	Lick
82.0945	0.03325000000000955	TimeIntervals	Lick
82.361	0.06674999999999898	TimeIntervals	Lick
82.49449999999999	0.06650000000000489	TimeIntervals	Lick
82.62775	0.06675000000001319	TimeIntervals	Lick
82.72775	0.10025000000000261	TimeIntervals	Lick
82.86125000000001	0.09999999999999432	TimeIntervals	Lick
82.99449999999999	0.06674999999999898	TimeIntervals	Lick
83.0945	0.10000000000002274	TimeIntervals	Lick
83.22800000000001	0.09999999999999432	TimeIntervals	Lick
83.36125000000001	0.09999999999999432	TimeIntervals	Lick
83.49449999999999	0.10000000000000853	TimeIntervals	Lick
83.66125	0.06675000000001319	TimeIntervals	Lick
83.76125000000002	0.1002499999999742	TimeIntervals	Lick
83.89475	0.06674999999999898	TimeIntervals	Lick
83.99475000000001	0.09999999999999432	TimeIntervals	Lick
84.1615	0.06650000000000489	TimeIntervals	Lick
84.29475000000001	0.20000000000000284	TimeIntervals	Lick
84.528	0.20000000000000284	TimeIntervals	Lick
84.76150000000001	0.19999999999998863	TimeIntervals	Lick
84.995	0.3332499999999783	TimeIntervals	Lick
85.36149999999999	0.20000000000001705	TimeIntervals	Lick
85.59500000000003	0.0999999999999801	TimeIntervals	Lick
85.72825	0.09999999999999432	TimeIntervals	Lick
85.82825	0.10000000000000853	TimeIntervals	Reward
85.86149999999999	0.5335000000000036	TimeIntervals	Lick
86.42850000000001	0.06650000000000489	TimeIntervals	Lick
86.5285	0.2332500000000124	TimeIntervals	Lick
86.795	0.4335000000000093	TimeIntervals	Lick
87.26200000000001	0.0999999999999801	TimeIntervals	Lick
87.39525	0.06674999999999898	TimeIntervals	Lick
87.49525	0.10000000000000853	TimeIntervals	Lick
87.6285	0.10000000000000853	TimeIntervals	Lick
87.76200000000001	0.19999999999998863	TimeIntervals	Lick
87.99525	0.10000000000000853	TimeIntervals	Lick
88.1285	0.20024999999999693	TimeIntervals	Lick
88.362	0.06675000000001319	TimeIntervals	Lick
88.462	0.10000000000000853	TimeIntervals	Lick
88.59550000000002	0.10000000000000853	TimeIntervals	Lick
88.72874999999999	0.20000000000001705	TimeIntervals	Lick
88.962	0.6002500000000026	TimeIntervals	Lick
89.59550000000002	0.10000000000000853	TimeIntervals	Lick
89.729	0.13325000000000387	TimeIntervals	Lick
89.89550000000001	0.3334999999999866	TimeIntervals	Lick
90.26225	0.10000000000000853	TimeIntervals	Lick
90.39550000000001	0.10025000000000261	TimeIntervals	Lick
90.529	0.10000000000002274	TimeIntervals	Lick
90.66250000000001	0.23324999999999818	TimeIntervals	Lick
90.92900000000002	0.46674999999999045	TimeIntervals	Lick
91.42900000000002	0.0999999999999801	TimeIntervals	Lick
91.596	0.06650000000000489	TimeIntervals	Lick
91.996	0.3332500000000067	TimeIntervals	Lick
92.36250000000001	0.10000000000000853	TimeIntervals	Lick
92.8295	0.10000000000002274	TimeIntervals	Lick
93.3295	0.10000000000002274	TimeIntervals	Lick
93.86300000000001	0.09999999999999432	TimeIntervals	Lick
93.99625000000002	0.23324999999998397	TimeIntervals	Lick
94.26300000000002	0.09999999999999432	TimeIntervals	Lick
94.39625000000001	0.06674999999999898	TimeIntervals	Lick
94.49625000000002	0.09999999999999432	TimeIntervals	Lick
94.62950000000001	0.19999999999998863	TimeIntervals	Lick
94.86300000000001	0.09999999999999432	TimeIntervals	Lick
95.02974999999999	0.10000000000000853	TimeIntervals	Lick
95.16300000000001	0.10000000000000853	TimeIntervals	Lick
95.2965	0.10000000000000853	TimeIntervals	Lick
95.42975000000001	0.06674999999999898	TimeIntervals	Lick
95.56299999999999	0.06675000000001319	TimeIntervals	Lick
95.69650000000001	0.19999999999998863	TimeIntervals	Lick
95.92975000000001	0.23350000000000648	TimeIntervals	Lick
96.19650000000001	0.06674999999998477	TimeIntervals	Lick
96.2965	0.06675000000001319	TimeIntervals	Lick
96.43	0.06650000000000489	TimeIntervals	Lick
96.53	0.10000000000000853	TimeIntervals	Lick
96.66325000000002	0.19999999999998863	TimeIntervals	Lick
96.8965	0.10000000000000853	TimeIntervals	Lick
97.03	0.10000000000000853	TimeIntervals	Lick
97.16350000000003	0.0999999999999801	TimeIntervals	Lick
97.29674999999999	0.10000000000002274	TimeIntervals	Lick
97.43	0.09999999999999432	TimeIntervals	Lick
97.56350000000002	0.10000000000000853	TimeIntervals	Lick
97.79674999999999	0.20000000000003126	TimeIntervals	Lick
98.26350000000001	0.09999999999999432	TimeIntervals	Lick
99.13025000000002	0.1002499999999884	TimeIntervals	Lick
99.26375	0.06674999999998477	TimeIntervals	Lick
99.96375000000002	0.10000000000000853	TimeIntervals	Lick
100.5305	0.13350000000001216	TimeIntervals	Lick
100.69725	0.06674999999999898	TimeIntervals	Lick
100.83049999999999	0.06675000000001319	TimeIntervals	Lick
100.93050000000001	0.20000000000000284	TimeIntervals	Lick
101.16400000000002	0.0999999999999801	TimeIntervals	Lick
101.29725	0.09999999999999432	TimeIntervals	Lick
101.46400000000001	0.06674999999999898	TimeIntervals	Lick
101.56400000000002	0.09999999999999432	TimeIntervals	Lick
101.6975	0.09999999999999432	TimeIntervals	Lick
101.83075	0.06675000000001319	TimeIntervals	Lick
101.93075	0.10000000000000853	TimeIntervals	Lick
102.06400000000002	0.06675000000001319	TimeIntervals	Lick
102.16400000000002	0.0999999999999801	TimeIntervals	Lick
102.2975	0.3335000000000008	TimeIntervals	Lick
102.66425000000001	0.09999999999999432	TimeIntervals	Lick
102.7975	0.06674999999999898	TimeIntervals	Lick
102.89750000000001	0.5999999999999943	TimeIntervals	Lick
102.93100000000001	0.09999999999999432	TimeIntervals	Reward
103.531	0.09999999999999432	TimeIntervals	Lick
103.66450000000002	0.19999999999998863	TimeIntervals	Lick
103.89775	0.10000000000000853	TimeIntervals	Lick
104.031	0.09999999999999432	TimeIntervals	Lick
104.19775	0.06675000000001319	TimeIntervals	Lick
104.29775	0.20000000000001705	TimeIntervals	Lick
104.531	0.09999999999999432	TimeIntervals	Lick
104.66450000000002	0.3335000000000008	TimeIntervals	Lick
105.03125	0.10000000000002274	TimeIntervals	Lick
105.16450000000002	0.3335000000000008	TimeIntervals	Lick
105.53125	0.10000000000002274	TimeIntervals	Lick
105.66450000000002	0.09999999999999432	TimeIntervals	Lick
105.79799999999999	0.20000000000003126	TimeIntervals	Lick
106.0315	0.10000000000000853	TimeIntervals	Lick
106.16475000000001	0.09999999999999432	TimeIntervals	Lick
106.29799999999999	0.10000000000002274	TimeIntervals	Lick
106.43150000000001	0.5667499999999848	TimeIntervals	Lick
107.0315	0.10000000000000853	TimeIntervals	Lick
107.16500000000002	0.09999999999999432	TimeIntervals	Lick
107.29825	0.10000000000000853	TimeIntervals	Lick
107.43150000000001	0.3335000000000008	TimeIntervals	Lick
107.79825	0.06674999999999898	TimeIntervals	Lick
107.89825	0.06674999999999898	TimeIntervals	Lick
108.26500000000001	0.13349999999999795	TimeIntervals	Lick
108.7985	0.10000000000000853	TimeIntervals	Lick
108.965	0.06674999999998477	TimeIntervals	Lick
109.49849999999999	0.10000000000000853	TimeIntervals	Lick
109.66525000000001	0.06674999999999898	TimeIntervals	Lick
109.76525000000001	0.09999999999999432	TimeIntervals	Lick
109.89850000000001	0.0999999999999801	TimeIntervals	Lick
110.032	0.10000000000002274	TimeIntervals	Lick
110.16525000000001	0.1002499999999884	TimeIntervals	Lick
110.29875000000001	0.09999999999999432	TimeIntervals	Lick
110.46550000000002	0.06649999999997647	TimeIntervals	Lick
110.56550000000001	0.09999999999999432	TimeIntervals	Lick
110.69875000000002	0.06674999999998477	TimeIntervals	Lick
110.832	0.06675000000001319	TimeIntervals	Lick
110.96550000000002	0.09999999999999432	TimeIntervals	Lick
111.09875	0.06675000000001319	TimeIntervals	Lick
111.33225	0.10000000000000853	TimeIntervals	Lick
111.46550000000002	0.09999999999999432	TimeIntervals	Lick
111.599	0.06650000000000489	TimeIntervals	Lick
111.69900000000003	0.0999999999999659	TimeIntervals	Lick
111.83225	0.433250000000001	TimeIntervals	Lick
112.29899999999999	0.10000000000000853	TimeIntervals	Lick
112.43250000000002	0.0999999999999801	TimeIntervals	Lick
112.56575	0.10000000000000853	TimeIntervals	Lick
112.69900000000003	0.0999999999999659	TimeIntervals	Lick
112.8325	0.10000000000002274	TimeIntervals	Lick
112.96575000000001	0.0999999999999801	TimeIntervals	Lick
113.099	0.23349999999999227	TimeIntervals	Lick
113.36575	0.3335000000000008	TimeIntervals	Lick
113.73249999999999	0.10000000000000853	TimeIntervals	Lick
113.866	0.0665000000000191	TimeIntervals	Lick
114.39925000000001	0.4002499999999998	TimeIntervals	Lick
115.19950000000001	0.06650000000000489	TimeIntervals	Lick
115.733	0.1664999999999992	TimeIntervals	Lick
115.933	0.09999999999999432	TimeIntervals	Lick
116.5995	0.10000000000000853	TimeIntervals	Lick
116.833	0.10000000000000853	TimeIntervals	Lick
116.96650000000001	0.13325000000000387	TimeIntervals	Lick
117.46650000000001	0.10000000000000853	TimeIntervals	Lick
117.633	0.06674999999999898	TimeIntervals	Lick
117.733	0.09999999999999432	TimeIntervals	Lick
117.8665	0.20000000000001705	TimeIntervals	Lick
118.10000000000001	0.09999999999999432	TimeIntervals	Lick
118.26650000000001	0.06674999999998477	TimeIntervals	Lick
118.3665	0.10000000000000853	TimeIntervals	Lick
118.5	0.10000000000000853	TimeIntervals	Lick
118.63325000000002	0.0999999999999801	TimeIntervals	Lick
118.76650000000001	0.09999999999999432	TimeIntervals	Lick
118.93325000000002	0.06674999999998477	TimeIntervals	Lick
119.0	0.10000000000000853	TimeIntervals	Reward
119.0335	0.7332499999999982	TimeIntervals	Lick
119.8	0.10000000000002274	TimeIntervals	Lick
119.9335	0.10000000000000853	TimeIntervals	Lick
120.06675000000001	0.06674999999999898	TimeIntervals	Lick
120.16700000000002	0.0999999999999801	TimeIntervals	Lick
120.30025	0.19999999999998863	TimeIntervals	Lick
120.5335	0.10000000000002274	TimeIntervals	Lick
120.667	0.06650000000000489	TimeIntervals	Lick
120.767	0.10000000000002274	TimeIntervals	Lick
120.90025	0.20000000000000284	TimeIntervals	Lick
121.13350000000003	0.1002499999999742	TimeIntervals	Lick
121.267	0.20000000000001705	TimeIntervals	Lick
121.50049999999999	0.06650000000003331	TimeIntervals	Lick
121.60050000000001	0.10000000000000853	TimeIntervals	Lick
121.73375	0.10000000000000853	TimeIntervals	Lick
121.86700000000002	0.09999999999999432	TimeIntervals	Lick
122.00049999999999	0.10000000000002274	TimeIntervals	Lick
122.13375000000002	0.2002499999999685	TimeIntervals	Lick
122.36725000000001	0.19999999999998863	TimeIntervals	Lick
122.60050000000001	0.10000000000000853	TimeIntervals	Lick
122.734	0.20000000000003126	TimeIntervals	Lick
122.96725	0.20000000000000284	TimeIntervals	Lick
123.20050000000002	0.0999999999999801	TimeIntervals	Lick
123.33399999999999	0.10000000000003695	TimeIntervals	Lick
123.46750000000003	0.46649999999999636	TimeIntervals	Lick
123.96750000000003	0.09999999999995168	TimeIntervals	Lick
124.10075	0.20000000000000284	TimeIntervals	Lick
124.33399999999999	0.10000000000003695	TimeIntervals	Lick
124.50100000000002	0.166499999999985	TimeIntervals	Lick
124.73425000000002	0.06674999999999898	TimeIntervals	Lick
125.101	0.10000000000000853	TimeIntervals	Lick
125.46750000000003	0.09999999999995168	TimeIntervals	Lick
125.6345	0.06650000000000489	TimeIntervals	Lick
125.76775	0.06674999999997056	TimeIntervals	Lick
125.86775000000002	0.13325000000000387	TimeIntervals	Lick
126.0345	0.10000000000000853	TimeIntervals	Lick
126.16775000000003	0.0999999999999801	TimeIntervals	Lick
126.30100000000002	0.0999999999999801	TimeIntervals	Lick
126.46775000000002	0.0999999999999659	TimeIntervals	Lick
126.601	0.06700000000002149	TimeIntervals	Lick
126.70125000000002	0.0999999999999801	TimeIntervals	Lick
126.86800000000001	0.09999999999999432	TimeIntervals	Lick
127.00125000000001	0.06674999999999898	TimeIntervals	Lick
127.10125000000001	0.10000000000000853	TimeIntervals	Lick
127.23450000000003	0.09999999999995168	TimeIntervals	Lick
127.36800000000001	0.13325000000000387	TimeIntervals	Lick
127.5345	0.10000000000000853	TimeIntervals	Lick
127.66800000000002	0.0999999999999801	TimeIntervals	Lick
127.80150000000002	0.23324999999998397	TimeIntervals	Lick
128.068	0.06674999999998477	TimeIntervals	Lick
128.16799999999998	0.10000000000002274	TimeIntervals	Lick
128.3015	0.09999999999999432	TimeIntervals	Lick
128.43475	0.23324999999996976	TimeIntervals	Lick
128.7015	0.23349999999999227	TimeIntervals	Lick
128.96825	0.0999999999999659	TimeIntervals	Lick
129.1015	0.2335000000000491	TimeIntervals	Lick
129.435	0.09999999999999432	TimeIntervals	Lick
129.9685	0.13324999999997544	TimeIntervals	Lick
130.50175	0.09999999999999432	TimeIntervals	Lick
130.6685	0.06649999999999068	TimeIntervals	Lick
130.76850000000002	0.10000000000002274	TimeIntervals	Lick
130.935	0.06674999999998477	TimeIntervals	Lick
131.06850000000003	0.06674999999995634	TimeIntervals	Lick
131.23525	0.06674999999998477	TimeIntervals	Lick
131.33525000000003	0.0999999999999659	TimeIntervals	Lick
131.4685	0.10000000000002274	TimeIntervals	Lick
131.76850000000002	0.06675000000001319	TimeIntervals	Lick
131.86850000000004	0.0999999999999659	TimeIntervals	Lick
132.03525000000002	0.0999999999999659	TimeIntervals	Lick
132.202	0.06675000000001319	TimeIntervals	Lick
132.33550000000002	0.09999999999999432	TimeIntervals	Lick
132.46875	0.06675000000001319	TimeIntervals	Lick
132.56875	0.09999999999999432	TimeIntervals	Lick
132.702	0.09999999999999432	TimeIntervals	Lick
132.83550000000002	0.09999999999999432	TimeIntervals	Lick
133.002	0.0999999999999659	TimeIntervals	Lick
133.1355	0.09999999999999432	TimeIntervals	Lick
133.269	0.10000000000002274	TimeIntervals	Lick
133.43550000000002	0.06674999999998477	TimeIntervals	Lick
133.5355	0.09999999999999432	TimeIntervals	Lick
133.66899999999998	0.10000000000002274	TimeIntervals	Lick
133.80225000000002	0.09999999999999432	TimeIntervals	Lick
133.96900000000002	0.06649999999999068	TimeIntervals	Lick
134.00225	0.09999999999999432	TimeIntervals	Reward
134.06900000000002	3.2005000000000052	TimeIntervals	Lick
137.30275	1.133499999999998	TimeIntervals	Lick
138.4695	0.09999999999999432	TimeIntervals	Lick
138.603	0.09999999999999432	TimeIntervals	Lick
138.7365	0.06649999999999068	TimeIntervals	Lick
138.83650000000003	0.0999999999999659	TimeIntervals	Lick
138.96975	0.10000000000002274	TimeIntervals	Lick
139.103	0.19999999999998863	TimeIntervals	Lick
139.33650000000003	0.0999999999999659	TimeIntervals	Lick
139.46975	0.10000000000002274	TimeIntervals	Lick
139.603	0.09999999999999432	TimeIntervals	Lick
139.7365	0.2335000000000207	TimeIntervals	Lick
140.0365	0.09999999999999432	TimeIntervals	Lick
140.33650000000003	0.0999999999999659	TimeIntervals	Lick
140.63649999999998	0.06675000000001319	TimeIntervals	Lick
141.00349999999997	0.10000000000002274	TimeIntervals	Lick
141.50349999999997	0.06650000000004752	TimeIntervals	Lick
141.63675	0.06674999999998477	TimeIntervals	Lick
141.90350000000004	0.06649999999999068	TimeIntervals	Lick
142.037	0.06649999999999068	TimeIntervals	Lick
142.2035	0.06675000000004161	TimeIntervals	Lick
142.3035	0.10000000000002274	TimeIntervals	Lick
142.437	0.09999999999999432	TimeIntervals	Lick
142.6035	0.06674999999998477	TimeIntervals	Lick
142.7035	0.10000000000002274	TimeIntervals	Lick
142.83700000000002	0.23324999999999818	TimeIntervals	Lick
143.1035	0.10025000000001683	TimeIntervals	Lick
143.23700000000002	0.09999999999999432	TimeIntervals	Lick
143.37050000000002	0.09999999999999432	TimeIntervals	Lick
143.50375000000003	0.0999999999999659	TimeIntervals	Lick
143.637	0.06675000000001319	TimeIntervals	Lick
143.73700000000002	0.09999999999999432	TimeIntervals	Lick
143.87050000000002	0.23324999999996976	TimeIntervals	Lick
144.137	0.06675000000001319	TimeIntervals	Lick
144.23700000000002	0.1002499999999884	TimeIntervals	Lick
144.37050000000002	0.19999999999998863	TimeIntervals	Lick
144.60399999999998	0.10000000000005116	TimeIntervals	Lick
144.73725000000002	0.46675000000001887	TimeIntervals	Lick
145.23725000000002	0.3334999999999866	TimeIntervals	Lick
145.60399999999998	0.36675000000002456	TimeIntervals	Lick
146.03750000000002	0.06649999999996226	TimeIntervals	Lick
146.37075000000002	0.3334999999999866	TimeIntervals	Lick
146.771	0.03325000000000955	TimeIntervals	Lick
146.87100000000004	0.06649999999999068	TimeIntervals	Lick
147.53750000000002	0.10024999999995998	TimeIntervals	Lick
147.671	0.06675000000001319	TimeIntervals	Lick
147.8045	0.06650000000004752	TimeIntervals	Lick
148.3045	0.10000000000002274	TimeIntervals	Lick
148.83800000000002	0.09999999999999432	TimeIntervals	Lick
148.97125000000003	0.23324999999999818	TimeIntervals	Lick
149.3045	0.06674999999998477	TimeIntervals	Lick
149.4045	0.09999999999999432	TimeIntervals	Lick
149.57125	0.10000000000002274	TimeIntervals	Lick
149.70450000000002	0.06699999999997885	TimeIntervals	Lick
149.80475	0.10000000000002274	TimeIntervals	Lick
149.93800000000002	0.09999999999999432	TimeIntervals	Lick
150.07150000000001	0.09999999999999432	TimeIntervals	Lick
150.20475000000002	0.06674999999998477	TimeIntervals	Lick
150.33800000000002	0.09999999999999432	TimeIntervals	Lick
150.4715	0.10000000000002274	TimeIntervals	Lick
150.63799999999998	0.06675000000004161	TimeIntervals	Lick
150.7715	0.06675000000001319	TimeIntervals	Lick
150.87150000000003	0.0999999999999659	TimeIntervals	Lick
151.005	0.09999999999999432	TimeIntervals	Lick
151.13825	0.09999999999999432	TimeIntervals	Lick
151.2715	0.10000000000002274	TimeIntervals	Lick
151.40500000000003	0.0999999999999659	TimeIntervals	Lick
151.53825	0.09999999999999432	TimeIntervals	Lick
151.705	0.09999999999999432	TimeIntervals	Lick
151.83825000000002	0.06675000000001319	TimeIntervals	Lick
152.0385	0.06649999999999068	TimeIntervals	Lick
152.13850000000002	0.06649999999999068	TimeIntervals	Lick
152.5385	0.10000000000002274	TimeIntervals	Lick
153.372	0.09999999999999432	TimeIntervals	Lick
153.50525	0.10000000000002274	TimeIntervals	Lick
153.77200000000002	0.09999999999999432	TimeIntervals	Lick
153.972	0.09999999999999432	TimeIntervals	Lick
154.13875000000002	0.06675000000001319	TimeIntervals	Lick
154.23874999999998	0.10000000000005116	TimeIntervals	Lick
154.372	0.09999999999999432	TimeIntervals	Lick
154.60549999999998	0.0665000000000191	TimeIntervals	Lick
154.70550000000003	0.10000000000002274	TimeIntervals	Lick
154.872	0.06674999999998477	TimeIntervals	Lick
155.03875	0.03325000000000955	TimeIntervals	Lick
155.13875000000002	0.1002499999999884	TimeIntervals	Lick
155.27225	0.09999999999999432	TimeIntervals	Lick
156.039	0.16650000000004184	TimeIntervals	Lick
156.539	0.13349999999999795	TimeIntervals	Lick
157.93925	0.09999999999999432	TimeIntervals	Lick
160.37300000000002	0.06649999999999068	TimeIntervals	Lick
160.50625	0.20025000000001114	TimeIntervals	Lick
160.73975000000002	0.03325000000000955	TimeIntervals	Lick
160.83975	0.23324999999999818	TimeIntervals	Lick
161.10649999999998	0.16650000000004184	TimeIntervals	Lick
161.3065	0.10000000000005116	TimeIntervals	Lick
161.473	0.06674999999998477	TimeIntervals	Lick
161.63975	0.10000000000002274	TimeIntervals	Lick
161.77300000000002	0.10025000000001683	TimeIntervals	Lick
161.90650000000005	0.06674999999998477	TimeIntervals	Lick
162.0065	0.7667500000000302	TimeIntervals	Lick
162.07325	0.06675000000001319	TimeIntervals	Reward
162.8065	0.7334999999999923	TimeIntervals	Lick
163.57350000000002	0.20000000000001705	TimeIntervals	Lick
163.80675000000002	0.5667499999999848	TimeIntervals	Lick
164.407	0.7334999999999638	TimeIntervals	Lick
165.17375	0.10000000000002274	TimeIntervals	Lick
165.30700000000002	0.19999999999998863	TimeIntervals	Lick
165.54050000000004	0.09999999999993747	TimeIntervals	Lick
165.67375	0.06675000000001319	TimeIntervals	Lick
165.77375000000004	0.2667500000000018	TimeIntervals	Lick
166.107	0.1002499999999884	TimeIntervals	Lick
166.30725	1.1002499999999884	TimeIntervals	Lick
167.44075	0.7667500000000018	TimeIntervals	Lick
168.24075000000002	0.6667499999999791	TimeIntervals	Lick
169.04100000000003	0.5334999999999752	TimeIntervals	Lick
169.64099999999996	0.40000000000006253	TimeIntervals	Lick
170.14099999999996	0.366750000000053	TimeIntervals	Lick
170.64125	0.1332500000000323	TimeIntervals	Lick
170.80800000000002	0.0999999999999659	TimeIntervals	Lick
170.9745	0.5335000000000036	TimeIntervals	Lick
171.54125000000002	0.09999999999999432	TimeIntervals	Lick
171.80800000000002	0.3334999999999866	TimeIntervals	Lick
172.30800000000002	0.0999999999999659	TimeIntervals	Lick
172.6415	0.1667500000000075	TimeIntervals	Lick
172.87500000000003	0.06649999999996226	TimeIntervals	Lick
174.04174999999998	0.10000000000005116	TimeIntervals	Lick
174.175	0.06675000000001319	TimeIntervals	Lick
174.27500000000003	0.06674999999998477	TimeIntervals	Lick
174.44175	0.06675000000001319	TimeIntervals	Lick
174.54174999999998	0.10000000000005116	TimeIntervals	Lick
174.675	0.06675000000001319	TimeIntervals	Lick
174.77500000000003	0.09999999999999432	TimeIntervals	Lick
174.9085	0.10000000000002274	TimeIntervals	Lick
175.04199999999997	0.20000000000004547	TimeIntervals	Lick
175.27525000000003	0.0999999999999659	TimeIntervals	Lick
175.4085	0.10000000000002274	TimeIntervals	Lick
175.54199999999997	0.3332500000000209	TimeIntervals	Lick
175.942	0.0665000000000191	TimeIntervals	Lick
176.07549999999998	0.0665000000000191	TimeIntervals	Lick
176.10874999999996	0.10000000000007958	TimeIntervals	Reward
176.1755	0.5	TimeIntervals	Lick
176.70875000000004	0.1999999999999602	TimeIntervals	Lick
176.942	0.19999999999998863	TimeIntervals	Lick
177.1755	0.10000000000005116	TimeIntervals	Lick
177.30900000000003	0.09999999999993747	TimeIntervals	Lick
177.44225	0.06675000000001319	TimeIntervals	Lick
177.54225	0.10000000000002274	TimeIntervals	Lick
177.6755	0.10000000000005116	TimeIntervals	Lick
177.80900000000003	0.09999999999993747	TimeIntervals	Lick
177.94225	0.09999999999999432	TimeIntervals	Lick
178.07549999999998	0.06675000000004161	TimeIntervals	Lick
178.1755	0.20025000000001114	TimeIntervals	Lick
178.40899999999996	0.10000000000005116	TimeIntervals	Lick
178.5425	0.20000000000004547	TimeIntervals	Lick
178.77575000000004	0.1999999999999602	TimeIntervals	Lick
179.00900000000001	0.09999999999999432	TimeIntervals	Lick
179.1425	0.3334999999999866	TimeIntervals	Lick
179.50925	0.09999999999999432	TimeIntervals	Lick
179.6425	0.10000000000002274	TimeIntervals	Lick
179.77600000000004	0.1999999999999602	TimeIntervals	Lick
180.00925	0.09999999999999432	TimeIntervals	Lick
180.1425	0.10000000000002274	TimeIntervals	Lick
180.27600000000004	0.1999999999999602	TimeIntervals	Lick
180.54275	0.3332499999999925	TimeIntervals	Lick
180.94275	0.10000000000002274	TimeIntervals	Lick
181.27600000000004	0.0999999999999659	TimeIntervals	Lick
181.44275	0.06675000000001319	TimeIntervals	Lick
181.57625000000002	0.06675000000001319	TimeIntervals	Lick
181.77625000000003	0.06675000000001319	TimeIntervals	Lick
181.87625	0.16674999999997908	TimeIntervals	Lick
182.64300000000003	0.10000000000002274	TimeIntervals	Lick
182.77650000000006	0.09999999999993747	TimeIntervals	Lick
183.1765	0.10000000000005116	TimeIntervals	Lick
183.60975000000002	0.10000000000002274	TimeIntervals	Lick
183.77650000000006	0.06674999999995634	TimeIntervals	Lick
184.04325	0.13325000000000387	TimeIntervals	Lick
184.6765	0.10000000000005116	TimeIntervals	Lick
185.24350000000004	0.0999999999999659	TimeIntervals	Lick
185.37675	0.06675000000001319	TimeIntervals	Lick
185.51	0.10000000000002274	TimeIntervals	Lick
185.6435	0.10000000000005116	TimeIntervals	Lick
185.77675000000002	0.06674999999998477	TimeIntervals	Lick
185.91	0.1002499999999884	TimeIntervals	Lick
186.0435	0.09999999999999432	TimeIntervals	Lick
186.177	0.10000000000005116	TimeIntervals	Lick
186.3435	0.06674999999998477	TimeIntervals	Lick
186.4435	0.09999999999999432	TimeIntervals	Lick
186.577	0.09999999999999432	TimeIntervals	Lick
186.71025000000003	0.0999999999999659	TimeIntervals	Lick
186.8435	0.06674999999998477	TimeIntervals	Lick
186.9435	0.09999999999999432	TimeIntervals	Lick
187.077	0.13350000000002638	TimeIntervals	Lick
187.24375000000003	0.06674999999998477	TimeIntervals	Lick
187.34375000000003	0.0999999999999659	TimeIntervals	Lick
187.477	0.09999999999999432	TimeIntervals	Lick
187.6105	0.10000000000002274	TimeIntervals	Lick
187.74375000000003	0.09999999999999432	TimeIntervals	Lick
187.87700000000004	0.1999999999999602	TimeIntervals	Lick
188.1105	0.10000000000002274	TimeIntervals	Lick
188.244	0.10000000000005116	TimeIntervals	Lick
188.41049999999998	0.10000000000002274	TimeIntervals	Lick
188.544	0.19999999999998863	TimeIntervals	Lick
188.77725000000004	0.1999999999999602	TimeIntervals	Lick
189.044	0.06649999999999068	TimeIntervals	Lick
189.14399999999998	0.06650000000004752	TimeIntervals	Lick
190.01074999999997	0.10000000000002274	TimeIntervals	Lick
190.511	0.06649999999999068	TimeIntervals	Lick
190.64425	0.1332500000000323	TimeIntervals	Lick
191.1775	0.10000000000002274	TimeIntervals	Lick
191.67775	0.10000000000002274	TimeIntervals	Lick
192.17775	0.23324999999999818	TimeIntervals	Lick
192.74450000000002	0.3334999999999866	TimeIntervals	Lick
193.77800000000002	0.06674999999998477	TimeIntervals	Lick
194.47800000000004	0.1334999999999411	TimeIntervals	Lick
195.41150000000002	0.13349999999996953	TimeIntervals	Lick
197.74525000000003	0.09999999999999432	TimeIntervals	Lick
198.312	0.06675000000001319	TimeIntervals	Lick
200.64575000000002	0.13325000000000387	TimeIntervals	Lick
201.31250000000003	0.13349999999999795	TimeIntervals	Lick
203.44600000000003	0.1002499999999884	TimeIntervals	Lick
203.57950000000002	0.16674999999995066	TimeIntervals	Lick
203.81300000000002	0.06649999999999068	TimeIntervals	Lick
203.91300000000004	0.09999999999993747	TimeIntervals	Lick
204.04625000000001	0.06674999999998477	TimeIntervals	Lick
204.14625	0.20000000000001705	TimeIntervals	Lick
204.3795	0.20000000000001705	TimeIntervals	Lick
204.613	0.10000000000002274	TimeIntervals	Lick
204.74650000000003	0.06649999999999068	TimeIntervals	Lick
204.84650000000002	0.19999999999998863	TimeIntervals	Lick
205.07975000000002	0.0999999999999659	TimeIntervals	Lick
205.21300000000002	0.5335000000000036	TimeIntervals	Lick
205.21300000000002	0.03350000000000364	TimeIntervals	Reward
205.78000000000003	0.6332499999999754	TimeIntervals	Lick
206.44650000000001	0.06675000000001319	TimeIntervals	Lick
206.5465	0.5335000000000036	TimeIntervals	Lick
207.1135	0.4665000000000248	TimeIntervals	Lick
207.6135	0.46675000000001887	TimeIntervals	Lick
208.1135	0.5	TimeIntervals	Lick
208.64699999999996	0.06650000000007594	TimeIntervals	Lick
209.01375000000002	0.0999999999999659	TimeIntervals	Lick
209.21375000000003	0.16674999999997908	TimeIntervals	Lick
209.74700000000004	0.06674999999995634	TimeIntervals	Lick
209.91375	0.06674999999998477	TimeIntervals	Lick
210.04700000000003	0.06699999999995043	TimeIntervals	Lick
210.61399999999998	0.03325000000000955	TimeIntervals	Lick
210.6805	0.06675000000001319	TimeIntervals	Lick
210.814	0.2332500000000266	TimeIntervals	Lick
211.2475	0.8664999999999736	TimeIntervals	Lick
212.1475	0.09999999999999432	TimeIntervals	Lick
212.281	0.09999999999999432	TimeIntervals	Lick
212.41425	0.06674999999998477	TimeIntervals	Lick
212.5475	0.06674999999998477	TimeIntervals	Lick
212.7475	0.10000000000002274	TimeIntervals	Lick
212.881	0.09999999999999432	TimeIntervals	Lick
213.0475	0.06674999999998477	TimeIntervals	Lick
213.1475	0.20000000000001705	TimeIntervals	Lick
213.4145	0.06649999999999068	TimeIntervals	Lick
213.58100000000002	0.09999999999999432	TimeIntervals	Lick
214.14775	0.06675000000001319	TimeIntervals	Lick
215.08125	0.13325000000000387	TimeIntervals	Lick
215.4145	0.06675000000001319	TimeIntervals	Lick
215.88150000000002	0.06649999999999068	TimeIntervals	Lick
215.9815	0.06649999999999068	TimeIntervals	Lick
216.11475000000002	0.06674999999998477	TimeIntervals	Lick
216.21475	0.09999999999999432	TimeIntervals	Lick
216.348	0.06674999999998477	TimeIntervals	Lick
216.448	0.09999999999999432	TimeIntervals	Lick
216.5815	0.06649999999999068	TimeIntervals	Lick
216.6815	0.13350000000002638	TimeIntervals	Lick
216.84825	0.06674999999998477	TimeIntervals	Lick
216.94824999999997	0.2332500000000266	TimeIntervals	Lick
217.215	0.06650000000004752	TimeIntervals	Lick
217.24825000000004	0.03325000000000955	TimeIntervals	Reward
217.31500000000003	0.0999999999999659	TimeIntervals	Lick
217.44824999999997	0.06675000000001319	TimeIntervals	Lick
217.54825000000002	0.0999999999999659	TimeIntervals	Lick
217.6815	0.06700000000000728	TimeIntervals	Lick
217.78175000000002	0.06674999999998477	TimeIntervals	Lick
217.88175	0.19999999999998863	TimeIntervals	Lick
218.115	0.06675000000001319	TimeIntervals	Lick
218.215	0.19999999999998863	TimeIntervals	Lick
218.4485	0.4000000000000057	TimeIntervals	Lick
218.882	0.29999999999998295	TimeIntervals	Lick
219.21525	0.43325000000001523	TimeIntervals	Lick
219.682	0.20000000000001705	TimeIntervals	Lick
219.91525000000001	0.10024999999995998	TimeIntervals	Lick
220.04875	0.46674999999996203	TimeIntervals	Lick
220.54875	0.09999999999999432	TimeIntervals	Lick
220.682	0.20000000000001705	TimeIntervals	Lick
220.91550000000004	0.09999999999993747	TimeIntervals	Lick
221.38225000000003	0.16674999999997908	TimeIntervals	Lick
221.6155	0.09999999999999432	TimeIntervals	Lick
221.81550000000001	0.13349999999999795	TimeIntervals	Lick
222.1825	0.0665000000000191	TimeIntervals	Lick
222.449	0.2667500000000018	TimeIntervals	Lick
222.98250000000004	0.0999999999999659	TimeIntervals	Lick
223.516	0.09999999999999432	TimeIntervals	Lick
223.64925	0.06675000000004161	TimeIntervals	Lick
223.81600000000003	0.06649999999999068	TimeIntervals	Lick
224.016	0.20000000000004547	TimeIntervals	Lick
224.28250000000003	0.13349999999996953	TimeIntervals	Lick
224.71600000000004	0.09999999999999432	TimeIntervals	Lick
225.28275000000002	0.10000000000002274	TimeIntervals	Lick
225.4495	0.06674999999998477	TimeIntervals	Lick
225.8495	0.09999999999999432	TimeIntervals	Lick
225.983	0.10000000000002274	TimeIntervals	Lick
226.3495	0.09999999999999432	TimeIntervals	Lick
226.483	0.0665000000000191	TimeIntervals	Lick
226.58300000000003	0.0999999999999659	TimeIntervals	Lick
226.71650000000002	0.06649999999999068	TimeIntervals	Lick
226.84975	0.06675000000001319	TimeIntervals	Lick
226.94975000000002	0.09999999999993747	TimeIntervals	Lick
227.08300000000003	0.0999999999999659	TimeIntervals	Lick
227.21650000000002	0.0999999999999659	TimeIntervals	Lick
227.34975	0.10000000000002274	TimeIntervals	Lick
227.483	0.06674999999995634	TimeIntervals	Lick
227.61649999999997	0.10000000000005116	TimeIntervals	Lick
227.75	0.10000000000002274	TimeIntervals	Lick
227.88325	0.10000000000002274	TimeIntervals	Lick
228.01649999999998	0.09999999999999432	TimeIntervals	Lick
228.14999999999998	0.20000000000004547	TimeIntervals	Lick
228.38325	0.10000000000002274	TimeIntervals	Lick
228.51649999999998	0.06675000000004161	TimeIntervals	Lick
228.61649999999997	0.20025000000003956	TimeIntervals	Lick
228.85000000000002	0.1999999999999602	TimeIntervals	Lick
229.0835	0.10000000000002274	TimeIntervals	Lick
229.21675000000002	0.09999999999999432	TimeIntervals	Lick
229.35000000000002	0.09999999999999432	TimeIntervals	Lick
229.48350000000002	0.06649999999996226	TimeIntervals	Lick
229.61675	0.10000000000002274	TimeIntervals	Lick
229.98350000000002	0.23349999999999227	TimeIntervals	Lick
230.2835	0.10000000000002274	TimeIntervals	Lick
231.08375	0.0999999999999659	TimeIntervals	Lick
231.317	0.0999999999999659	TimeIntervals	Lick
231.65050000000002	0.166499999999985	TimeIntervals	Lick
231.88375	0.10000000000002274	TimeIntervals	Lick
232.284	0.10000000000002274	TimeIntervals	Lick
233.484	0.09999999999999432	TimeIntervals	Lick
233.71750000000003	0.09999999999999432	TimeIntervals	Lick
234.4175	0.13350000000002638	TimeIntervals	Lick
234.78425000000001	0.06675000000001319	TimeIntervals	Lick
234.98425	0.09999999999999432	TimeIntervals	Lick
238.5515	0.0999999999999659	TimeIntervals	Lick
247.6195	0.06675000000004161	TimeIntervals	Lick
247.7195	0.09999999999999432	TimeIntervals	Lick
247.85300000000004	0.09999999999999432	TimeIntervals	Lick
247.98625	0.06674999999998477	TimeIntervals	Lick
248.08625	0.10000000000002274	TimeIntervals	Lick
248.2195	0.06675000000001319	TimeIntervals	Lick
248.3195	0.20025000000001114	TimeIntervals	Lick
248.553	0.09999999999999432	TimeIntervals	Lick
248.68650000000002	0.06649999999999068	TimeIntervals	Lick
248.78650000000002	0.0999999999999659	TimeIntervals	Lick
248.91975	0.23324999999999818	TimeIntervals	Lick
249.18650000000002	0.7334999999999638	TimeIntervals	Lick
249.28650000000002	0.0999999999999659	TimeIntervals	Reward
249.95325	0.19999999999998863	TimeIntervals	Lick
250.18650000000002	0.1999999999999602	TimeIntervals	Lick
250.42	0.10000000000002274	TimeIntervals	Lick
250.55325000000002	0.06674999999998477	TimeIntervals	Lick
250.65324999999999	0.10025000000004525	TimeIntervals	Lick
250.78675000000007	0.1999999999999602	TimeIntervals	Lick
251.02	0.09999999999999432	TimeIntervals	Lick
251.15349999999998	0.5332500000000095	TimeIntervals	Lick
251.72000000000003	0.1002499999999884	TimeIntervals	Lick
251.8535	0.09999999999999432	TimeIntervals	Lick
251.98700000000002	0.09999999999999432	TimeIntervals	Lick
252.12025	0.10000000000002274	TimeIntervals	Lick
252.25350000000003	0.0999999999999659	TimeIntervals	Lick
252.387	0.10000000000002274	TimeIntervals	Lick
252.52025000000003	0.19999999999998863	TimeIntervals	Lick
252.75350000000003	0.5335000000000036	TimeIntervals	Lick
253.3205	0.23324999999999818	TimeIntervals	Lick
253.58700000000002	0.13349999999996953	TimeIntervals	Lick
253.75375000000003	0.0999999999999659	TimeIntervals	Lick
253.887	0.10000000000002274	TimeIntervals	Lick
254.02050000000003	0.0999999999999659	TimeIntervals	Lick
254.154	0.09999999999999432	TimeIntervals	Lick
254.45400000000004	0.06649999999999068	TimeIntervals	Lick
254.55400000000003	0.0999999999999659	TimeIntervals	Lick
254.7205	0.10000000000002274	TimeIntervals	Lick
254.88725	0.06675000000004161	TimeIntervals	Lick
255.02050000000003	0.10024999999995998	TimeIntervals	Lick
255.28750000000002	0.09999999999993747	TimeIntervals	Lick
255.354	0.10000000000002274	TimeIntervals	Reward
255.42075000000003	0.4667499999999336	TimeIntervals	Lick
255.92075000000003	0.06675000000001319	TimeIntervals	Lick
256.02075	0.10000000000002274	TimeIntervals	Lick
256.154	0.06700000000000728	TimeIntervals	Lick
256.25424999999996	0.19999999999998863	TimeIntervals	Lick
256.4874999999999	0.10000000000007958	TimeIntervals	Lick
256.621	0.0665000000000191	TimeIntervals	Lick
256.721	0.0999999999999659	TimeIntervals	Lick
256.85425	0.3000000000000682	TimeIntervals	Lick
257.1875	0.0999999999999659	TimeIntervals	Lick
257.32099999999997	0.06675000000001319	TimeIntervals	Lick
257.421	0.19999999999998863	TimeIntervals	Lick
257.65450000000004	0.09999999999990905	TimeIntervals	Lick
257.78775	0.06674999999995634	TimeIntervals	Lick
257.88775	0.0999999999999659	TimeIntervals	Lick
258.021	0.06674999999995634	TimeIntervals	Lick
258.121	0.10000000000002274	TimeIntervals	Lick
258.25449999999995	0.19999999999998863	TimeIntervals	Lick
258.48799999999994	0.20000000000004547	TimeIntervals	Lick
258.72125	0.0999999999999659	TimeIntervals	Lick
258.8545	0.20000000000004547	TimeIntervals	Lick
259.088	0.1999999999999318	TimeIntervals	Lick
259.32124999999996	0.10000000000002274	TimeIntervals	Lick
259.45449999999994	0.10025000000007367	TimeIntervals	Lick
259.588	0.06674999999995634	TimeIntervals	Lick
259.688	0.0999999999999659	TimeIntervals	Lick
259.8215	0.19999999999998863	TimeIntervals	Lick
260.088	0.1999999999999318	TimeIntervals	Lick
260.3215	0.09999999999990905	TimeIntervals	Lick
260.45474999999993	0.10025000000001683	TimeIntervals	Lick
260.58825	0.10000000000002274	TimeIntervals	Lick
260.7215	0.10000000000002274	TimeIntervals	Lick
260.855	0.09999999999990905	TimeIntervals	Lick
260.98824999999994	0.06675000000001319	TimeIntervals	Lick
261.08825	0.10000000000002274	TimeIntervals	Lick
261.2215	0.10000000000002274	TimeIntervals	Lick
261.355	0.09999999999990905	TimeIntervals	Lick
261.48824999999994	0.10000000000007958	TimeIntervals	Lick
261.65500000000003	0.0667499999998995	TimeIntervals	Lick
261.75499999999994	0.10000000000007958	TimeIntervals	Lick
261.88849999999996	0.10000000000002274	TimeIntervals	Lick
262.02175	0.23324999999994134	TimeIntervals	Lick
262.2885	0.0999999999999659	TimeIntervals	Lick
262.355	0.09999999999990905	TimeIntervals	Reward
262.4549999999999	0.3670000000000755	TimeIntervals	Lick
262.85524999999996	0.23324999999999818	TimeIntervals	Lick
263.122	0.19999999999998863	TimeIntervals	Lick
263.35524999999996	0.10000000000002274	TimeIntervals	Lick
263.4885	0.0999999999999659	TimeIntervals	Lick
263.622	0.06649999999996226	TimeIntervals	Lick
263.722	0.10000000000002274	TimeIntervals	Lick
263.8555	0.23324999999994134	TimeIntervals	Lick
264.122	0.19999999999998863	TimeIntervals	Lick
264.3555	0.0999999999999659	TimeIntervals	Lick
264.48875	0.06675000000001319	TimeIntervals	Lick
264.58874999999995	0.10000000000002274	TimeIntervals	Lick
264.722	0.19999999999998863	TimeIntervals	Lick
264.9555	0.33350000000007185	TimeIntervals	Lick
265.32225	0.0999999999999659	TimeIntervals	Lick
265.4555	0.10000000000002274	TimeIntervals	Lick
265.58899999999994	0.10000000000007958	TimeIntervals	Lick
265.72225	0.10000000000002274	TimeIntervals	Lick
265.8555	0.333500000000015	TimeIntervals	Lick
266.2225	0.0999999999999659	TimeIntervals	Lick
266.35575	0.19999999999998863	TimeIntervals	Lick
266.58899999999994	0.10000000000007958	TimeIntervals	Lick
266.7225	0.0999999999999659	TimeIntervals	Lick
266.85575	0.0999999999999659	TimeIntervals	Lick
266.989	0.0999999999999659	TimeIntervals	Lick
267.1225	0.06675000000001319	TimeIntervals	Lick
267.2559999999999	0.06650000000007594	TimeIntervals	Lick
267.58925	0.10000000000002274	TimeIntervals	Lick
267.7225	0.0999999999999659	TimeIntervals	Lick
267.856	0.0999999999999659	TimeIntervals	Lick
267.98924999999997	0.16675000000003593	TimeIntervals	Lick
268.18925	0.10025000000001683	TimeIntervals	Lick
268.32275000000004	0.1332499999999186	TimeIntervals	Lick
268.4895	0.0999999999999659	TimeIntervals	Lick
268.62275	0.1332499999999186	TimeIntervals	Lick
269.056	0.06675000000001319	TimeIntervals	Lick
269.28950000000003	0.0999999999999659	TimeIntervals	Lick
269.52299999999997	0.10000000000007958	TimeIntervals	Lick
269.823	0.10000000000002274	TimeIntervals	Lick
269.95625	0.0999999999999659	TimeIntervals	Lick
270.0895	0.0999999999999659	TimeIntervals	Lick
270.22299999999996	0.2667500000000018	TimeIntervals	Lick
270.52299999999997	0.19999999999998863	TimeIntervals	Lick
270.75649999999996	0.10000000000002274	TimeIntervals	Lick
270.88974999999994	0.10000000000002274	TimeIntervals	Lick
271.05649999999997	0.06650000000007594	TimeIntervals	Lick
271.15650000000005	0.09999999999990905	TimeIntervals	Lick
271.323	0.23349999999999227	TimeIntervals	Lick
271.5899999999999	0.10000000000007958	TimeIntervals	Lick
271.75649999999996	0.06675000000007003	TimeIntervals	Lick
271.8565	0.10000000000002274	TimeIntervals	Lick
272.12325	0.16675000000003593	TimeIntervals	Lick
272.39	0.0665000000000191	TimeIntervals	Lick
272.4565	0.06674999999995634	TimeIntervals	Reward
272.55649999999997	0.333500000000015	TimeIntervals	Lick
272.9235	0.30000000000001137	TimeIntervals	Lick
273.2567499999999	0.46675000000010414	TimeIntervals	Lick
273.75699999999995	0.7000000000000455	TimeIntervals	Lick
274.49025	0.19999999999998863	TimeIntervals	Lick
274.7235	0.10000000000002274	TimeIntervals	Lick
274.85699999999997	0.10000000000002274	TimeIntervals	Lick
274.9905	0.10000000000002274	TimeIntervals	Lick
275.12375000000003	0.19999999999998863	TimeIntervals	Lick
275.35699999999997	0.10000000000002274	TimeIntervals	Lick
275.4905	0.10000000000002274	TimeIntervals	Lick
275.62375000000003	0.333500000000015	TimeIntervals	Lick
275.9905	0.10000000000002274	TimeIntervals	Lick
276.124	0.0999999999999659	TimeIntervals	Lick
276.25724999999994	0.10000000000007958	TimeIntervals	Lick
276.3905	0.10000000000002274	TimeIntervals	Lick
276.52399999999994	0.10000000000007958	TimeIntervals	Lick
276.65725	0.26675000000005866	TimeIntervals	Lick
277.5575	0.13324999999997544	TimeIntervals	Lick
277.89074999999997	0.13324999999997544	TimeIntervals	Lick
278.2575	0.10000000000002274	TimeIntervals	Lick
278.4575	0.06674999999995634	TimeIntervals	Lick
278.62425	0.13324999999997544	TimeIntervals	Lick
278.791	0.10000000000002274	TimeIntervals	Lick
278.991	0.09999999999990905	TimeIntervals	Lick
279.1575	0.10024999999995998	TimeIntervals	Lick
279.291	0.10000000000002274	TimeIntervals	Lick
279.4245000000001	0.09999999999990905	TimeIntervals	Lick
279.55775	0.10000000000002274	TimeIntervals	Lick
279.691	0.10000000000002274	TimeIntervals	Lick
280.15775	0.0999999999999659	TimeIntervals	Lick
280.3245	0.10000000000007958	TimeIntervals	Lick
280.79124999999993	0.10000000000002274	TimeIntervals	Lick
280.958	0.0999999999999659	TimeIntervals	Lick
281.4245000000001	0.1002499999998463	TimeIntervals	Lick
281.558	0.06675000000001319	TimeIntervals	Lick
281.69149999999996	0.10000000000002274	TimeIntervals	Lick
281.82475	0.10000000000002274	TimeIntervals	Lick
281.958	0.0999999999999659	TimeIntervals	Lick
282.12475	0.3332500000000209	TimeIntervals	Lick
282.458	0.03350000000000364	TimeIntervals	Reward
282.49150000000003	1.0	TimeIntervals	Lick
283.525	0.10000000000002274	TimeIntervals	Lick
283.6585	0.06649999999996226	TimeIntervals	Lick
283.75849999999997	0.10000000000002274	TimeIntervals	Lick
283.89175	0.06675000000001319	TimeIntervals	Lick
283.99175	0.0999999999999659	TimeIntervals	Lick
284.125	0.19999999999998863	TimeIntervals	Lick
284.3585	0.10000000000002274	TimeIntervals	Lick
284.49175	0.333500000000015	TimeIntervals	Lick
284.8585	0.33349999999995816	TimeIntervals	Lick
285.22524999999996	0.10000000000007958	TimeIntervals	Lick
285.3585	0.46699999999998454	TimeIntervals	Lick
285.89200000000005	0.06675000000001319	TimeIntervals	Lick
285.992	0.09999999999990905	TimeIntervals	Lick
286.12550000000005	0.09999999999990905	TimeIntervals	Lick
286.25874999999996	0.10000000000002274	TimeIntervals	Lick
286.39200000000005	0.23349999999999227	TimeIntervals	Lick
286.65875	0.19999999999998863	TimeIntervals	Lick
286.92550000000006	0.4667499999999336	TimeIntervals	Lick
287.559	0.0665000000000191	TimeIntervals	Lick
287.92550000000006	0.06699999999989359	TimeIntervals	Lick
288.059	0.06675000000001319	TimeIntervals	Lick
288.1925	0.0999999999999659	TimeIntervals	Lick
288.3925	0.0999999999999659	TimeIntervals	Lick
288.659	0.0999999999999659	TimeIntervals	Lick
288.8589999999999	0.10000000000013642	TimeIntervals	Lick
289.15925000000004	0.06674999999995634	TimeIntervals	Lick
289.35925	0.13324999999997544	TimeIntervals	Lick
289.92600000000004	0.0999999999999659	TimeIntervals	Lick
290.29274999999996	0.10000000000007958	TimeIntervals	Lick
290.65950000000004	0.06649999999996226	TimeIntervals	Lick
290.79274999999996	0.10000000000007958	TimeIntervals	Lick
290.95950000000005	0.06649999999996226	TimeIntervals	Lick
291.09275	0.46674999999999045	TimeIntervals	Lick
291.82625	0.0999999999999659	TimeIntervals	Lick
291.95950000000005	0.13349999999996953	TimeIntervals	Lick
292.55974999999995	0.1332500000000323	TimeIntervals	Lick
292.8265	0.1332500000000323	TimeIntervals	Lick
293.55999999999995	0.10000000000002274	TimeIntervals	Lick
294.15999999999997	0.10000000000002274	TimeIntervals	Lick
294.39325	0.0999999999999659	TimeIntervals	Lick
295.46	0.0999999999999659	TimeIntervals	Lick
295.96025	0.13324999999997544	TimeIntervals	Lick
296.22700000000003	0.0999999999999659	TimeIntervals	Lick
296.56025	0.13324999999997544	TimeIntervals	Lick
297.59375	0.1332500000000323	TimeIntervals	Lick
297.96049999999997	0.13350000000002638	TimeIntervals	Lick
298.7939999999999	0.06650000000007594	TimeIntervals	Lick
299.694	0.09999999999990905	TimeIntervals	Lick
299.8275	0.03325000000006639	TimeIntervals	Lick
300.06075	0.10025000000001683	TimeIntervals	Lick
301.561	0.10000000000002274	TimeIntervals	Lick
303.26125	0.10024999999995998	TimeIntervals	Lick
303.39475000000004	0.06674999999995634	TimeIntervals	Lick
304.06149999999997	0.06650000000007594	TimeIntervals	Lick
304.26149999999996	0.13325000000008913	TimeIntervals	Lick
305.22825	0.0999999999999659	TimeIntervals	Lick
307.0285	0.10000000000002274	TimeIntervals	Lick
307.162	0.0999999999999659	TimeIntervals	Lick
307.39525000000003	0.0999999999999659	TimeIntervals	Lick
309.06224999999995	0.10000000000007958	TimeIntervals	Lick
309.1955	0.06675000000001319	TimeIntervals	Lick
310.7625	0.0999999999999659	TimeIntervals	Lick
310.89575	0.16674999999992224	TimeIntervals	Lick
311.096	0.0999999999999659	TimeIntervals	Lick
311.22925	0.06675000000001319	TimeIntervals	Lick
311.32925	0.20000000000004547	TimeIntervals	Lick
311.56249999999994	0.20000000000004547	TimeIntervals	Lick
311.796	0.19999999999998863	TimeIntervals	Lick
312.02925000000005	0.0999999999999659	TimeIntervals	Lick
312.16249999999997	0.20025000000003956	TimeIntervals	Lick
312.396	0.0999999999999659	TimeIntervals	Lick
312.46275	0.0999999999999659	TimeIntervals	Reward
312.5295	0.4000000000000341	TimeIntervals	Lick
312.96275	0.06674999999995634	TimeIntervals	Lick
313.06275	0.43350000000003774	TimeIntervals	Lick
313.5295	0.43350000000003774	TimeIntervals	Lick
313.99625000000003	0.3332499999999641	TimeIntervals	Lick
314.363	0.10000000000002274	TimeIntervals	Lick
314.4965	0.1999999999999318	TimeIntervals	Lick
314.72975	0.0999999999999659	TimeIntervals	Lick
314.863	0.19999999999998863	TimeIntervals	Lick
315.0965	0.10000000000002274	TimeIntervals	Lick
315.22975	0.20024999999998272	TimeIntervals	Lick
315.46325	0.0999999999999659	TimeIntervals	Lick
315.5965	0.10000000000002274	TimeIntervals	Lick
315.73	0.0999999999999659	TimeIntervals	Lick
315.86324999999994	0.4667500000000473	TimeIntervals	Lick
316.36324999999994	0.10000000000007958	TimeIntervals	Lick
316.4965	0.10024999999995998	TimeIntervals	Lick
316.63000000000005	0.23349999999999227	TimeIntervals	Lick
316.89675	0.23325000000005502	TimeIntervals	Lick
317.1635	0.0999999999999659	TimeIntervals	Lick
317.29675	0.10000000000002274	TimeIntervals	Lick
317.43	0.10000000000002274	TimeIntervals	Lick
317.5634999999999	0.10000000000007958	TimeIntervals	Lick
317.697	0.0999999999999659	TimeIntervals	Lick
317.83025	0.06675000000007003	TimeIntervals	Lick
317.93025000000006	0.266749999999945	TimeIntervals	Lick
318.26349999999996	0.06675000000001319	TimeIntervals	Lick
318.5634999999999	0.06675000000007003	TimeIntervals	Lick
318.697	0.13349999999996953	TimeIntervals	Lick
318.86375	0.0999999999999659	TimeIntervals	Lick
319.0305	0.0999999999999659	TimeIntervals	Lick
319.16375	0.09999999999990905	TimeIntervals	Lick
319.3305	0.06650000000007594	TimeIntervals	Lick
319.497	0.23349999999993543	TimeIntervals	Lick
319.99725	0.13324999999997544	TimeIntervals	Lick
320.36400000000003	0.0665000000000191	TimeIntervals	Lick
320.6305	0.0999999999999659	TimeIntervals	Lick
320.79724999999996	0.06675000000007003	TimeIntervals	Lick
320.93050000000005	0.10025000000001683	TimeIntervals	Lick
321.29749999999996	0.1332500000000323	TimeIntervals	Lick
321.63075000000003	0.13324999999986176	TimeIntervals	Lick
321.93075	0.06674999999995634	TimeIntervals	Lick
322.0642499999999	0.10000000000013642	TimeIntervals	Lick
322.23100000000005	0.06649999999990541	TimeIntervals	Lick
322.36424999999997	0.10000000000002274	TimeIntervals	Lick
323.03099999999995	0.10000000000007958	TimeIntervals	Lick
323.46450000000004	0.06649999999990541	TimeIntervals	Lick
323.59774999999996	0.0999999999999659	TimeIntervals	Lick
323.8645	0.10000000000002274	TimeIntervals	Lick
324.13100000000003	0.1334999999999127	TimeIntervals	Lick
324.298	0.0665000000000191	TimeIntervals	Lick
324.63124999999997	0.13324999999997544	TimeIntervals	Lick
325.03125	0.06674999999995634	TimeIntervals	Lick
325.16450000000003	0.09999999999990905	TimeIntervals	Lick
325.298	0.10000000000002274	TimeIntervals	Lick
325.86475	0.10000000000002274	TimeIntervals	Lick
326.16475	0.13324999999997544	TimeIntervals	Lick
326.4315000000001	0.13349999999985585	TimeIntervals	Lick
326.99825	0.10000000000002274	TimeIntervals	Lick
327.39825	0.06675000000001319	TimeIntervals	Lick
327.73175	0.10000000000002274	TimeIntervals	Lick
328.365	0.13349999999996953	TimeIntervals	Lick
329.36525	0.10000000000002274	TimeIntervals	Lick
330.86550000000005	0.06675000000001319	TimeIntervals	Lick
331.43225000000007	0.0999999999999659	TimeIntervals	Lick
331.599	0.06649999999996226	TimeIntervals	Lick
332.16574999999995	0.0999999999999659	TimeIntervals	Lick
332.7989999999999	0.10000000000007958	TimeIntervals	Lick
333.066	0.10000000000002274	TimeIntervals	Lick
333.666	0.1332500000000323	TimeIntervals	Lick
333.966	0.0665000000000191	TimeIntervals	Lick
334.7995	0.1332500000000323	TimeIntervals	Lick
335.59950000000003	0.0999999999999659	TimeIntervals	Lick
336.733	0.13350000000002638	TimeIntervals	Lick
337.79999999999995	0.10000000000007958	TimeIntervals	Lick
339.8335	0.19999999999998863	TimeIntervals	Lick
340.06699999999995	0.06650000000007594	TimeIntervals	Lick
340.167	0.10000000000002274	TimeIntervals	Lick
340.30025	0.06675000000001319	TimeIntervals	Lick
340.40025	0.1999999999999318	TimeIntervals	Lick
340.6335	0.06700000000000728	TimeIntervals	Lick
340.73375	0.10000000000002274	TimeIntervals	Lick
340.9005000000001	0.06649999999996226	TimeIntervals	Lick
341.0005	0.0999999999999659	TimeIntervals	Lick
341.13375	0.0999999999999659	TimeIntervals	Lick
341.267	0.20000000000004547	TimeIntervals	Lick
341.5005	0.10000000000002274	TimeIntervals	Lick
341.56699999999995	0.03350000000006048	TimeIntervals	Reward
341.63375	0.4334999999999809	TimeIntervals	Lick
342.1005	0.06675000000001319	TimeIntervals	Lick
342.2005	0.06674999999995634	TimeIntervals	Lick
342.3005	0.6335000000000264	TimeIntervals	Lick
342.9675	0.20000000000004547	TimeIntervals	Lick
343.20074999999997	0.06674999999995634	TimeIntervals	Lick
343.30074999999994	0.10000000000002274	TimeIntervals	Lick
343.434	0.06675000000001319	TimeIntervals	Lick
343.534	0.19999999999998863	TimeIntervals	Lick
343.7674999999999	0.10000000000007958	TimeIntervals	Lick
343.90074999999996	0.20025000000003956	TimeIntervals	Lick
344.13425000000007	0.33324999999990723	TimeIntervals	Lick
344.501	0.10000000000002274	TimeIntervals	Lick
344.63425000000007	0.23324999999994134	TimeIntervals	Lick
344.901	0.0999999999999659	TimeIntervals	Lick
345.03424999999993	0.2002500000000964	TimeIntervals	Lick
345.26775	0.10000000000007958	TimeIntervals	Lick
345.401	0.0999999999999659	TimeIntervals	Lick
345.5345	0.10000000000002274	TimeIntervals	Lick
345.66774999999996	0.10000000000002274	TimeIntervals	Lick
345.80100000000004	0.0999999999999659	TimeIntervals	Lick
345.9345	0.06649999999996226	TimeIntervals	Lick
346.0345	0.10000000000002274	TimeIntervals	Lick
346.16799999999995	0.06650000000007594	TimeIntervals	Lick
346.30125	0.9332500000000437	TimeIntervals	Lick
347.268	0.13349999999996953	TimeIntervals	Lick
347.5679999999999	0.06675000000012687	TimeIntervals	Lick
348.0015	0.06649999999990541	TimeIntervals	Lick
348.53499999999997	0.06650000000007594	TimeIntervals	Lick
349.36825	0.06675000000007003	TimeIntervals	Lick
349.60175000000004	0.1332499999999186	TimeIntervals	Lick
349.8685	0.1332500000000323	TimeIntervals	Lick
350.3685	0.0999999999999659	TimeIntervals	Lick
350.83525000000003	0.1999999999999318	TimeIntervals	Lick
351.0685	0.10000000000002274	TimeIntervals	Lick
351.3685	0.0999999999999659	TimeIntervals	Lick
351.8355	0.10000000000002274	TimeIntervals	Lick
352.03549999999996	0.10000000000002274	TimeIntervals	Lick
352.2355	0.0665000000000191	TimeIntervals	Lick
352.46875	0.0999999999999659	TimeIntervals	Lick
352.80224999999996	0.10000000000007958	TimeIntervals	Lick
353.3355	0.10000000000002274	TimeIntervals	Lick
353.669	0.0665000000000191	TimeIntervals	Lick
353.76899999999995	0.10000000000007958	TimeIntervals	Lick
353.93575	0.10000000000002274	TimeIntervals	Lick
354.069	0.0999999999999659	TimeIntervals	Lick
354.26899999999995	0.06675000000001319	TimeIntervals	Lick
354.369	0.19999999999998863	TimeIntervals	Lick
354.6025	0.10000000000002274	TimeIntervals	Lick
354.73575	0.06674999999995634	TimeIntervals	Lick
354.83574999999996	0.23349999999999227	TimeIntervals	Lick
355.1025	0.06674999999995634	TimeIntervals	Lick
355.236	0.23324999999999818	TimeIntervals	Lick
355.50250000000005	0.0999999999999659	TimeIntervals	Lick
355.636	0.0665000000000191	TimeIntervals	Lick
355.76925	0.06674999999995634	TimeIntervals	Lick
355.86925	0.0999999999999659	TimeIntervals	Lick
356.03599999999994	0.06675000000012687	TimeIntervals	Lick
356.136	0.0999999999999659	TimeIntervals	Lick
356.2695	0.10000000000002274	TimeIntervals	Lick
356.43600000000004	0.19999999999998863	TimeIntervals	Lick
356.66949999999997	0.10000000000002274	TimeIntervals	Lick
356.80275	0.10000000000002274	TimeIntervals	Lick
356.93600000000004	0.06675000000001319	TimeIntervals	Lick
357.03599999999994	0.10000000000007958	TimeIntervals	Lick
357.16949999999997	0.20000000000004547	TimeIntervals	Lick
357.403	0.0999999999999659	TimeIntervals	Lick
357.53625	0.06674999999995634	TimeIntervals	Lick
357.66949999999997	0.06675000000001319	TimeIntervals	Lick
357.7695	0.10000000000002274	TimeIntervals	Lick
357.903	0.0999999999999659	TimeIntervals	Lick
358.03625	0.10000000000002274	TimeIntervals	Lick
358.16949999999997	0.10000000000002274	TimeIntervals	Lick
358.3365	0.10000000000002274	TimeIntervals	Lick
358.46975000000003	0.06674999999995634	TimeIntervals	Lick
358.60299999999995	0.06675000000001319	TimeIntervals	Lick
358.7364999999999	0.23325000000011187	TimeIntervals	Lick
359.1365	0.06649999999996226	TimeIntervals	Lick
359.2364999999999	0.10000000000007958	TimeIntervals	Lick
359.40325	0.13324999999997544	TimeIntervals	Lick
359.87	0.10000000000002274	TimeIntervals	Lick
360.0365	0.10000000000002274	TimeIntervals	Lick
360.20324999999997	0.06674999999995634	TimeIntervals	Lick
360.47	0.03350000000000364	TimeIntervals	Lick
360.7035	0.06649999999990541	TimeIntervals	Lick
361.43675	0.10024999999990314	TimeIntervals	Lick
361.6035	0.10000000000002274	TimeIntervals	Lick
362.937	0.03350000000006048	TimeIntervals	Lick
363.0704999999999	0.06650000000013279	TimeIntervals	Lick
363.437	0.06675000000001319	TimeIntervals	Lick
363.70374999999996	0.06675000000001319	TimeIntervals	Lick
364.23725	0.0999999999999659	TimeIntervals	Lick
364.5704999999999	0.06675000000012687	TimeIntervals	Lick
365.27074999999996	0.06675000000001319	TimeIntervals	Lick
365.77074999999996	0.10000000000002274	TimeIntervals	Lick
365.971	0.0999999999999659	TimeIntervals	Lick
366.50425	0.0999999999999659	TimeIntervals	Lick
366.6375000000001	0.0667499999998995	TimeIntervals	Lick
366.73749999999995	0.10000000000002274	TimeIntervals	Lick
367.57099999999997	0.13350000000002638	TimeIntervals	Lick
367.83774999999997	0.10000000000002274	TimeIntervals	Lick
368.03775	0.033249999999952706	TimeIntervals	Lick
368.1045	0.13350000000002638	TimeIntervals	Lick
368.27125	0.0999999999999659	TimeIntervals	Lick
368.40450000000004	0.0999999999999659	TimeIntervals	Lick
368.538	0.06649999999996226	TimeIntervals	Lick
368.63800000000003	0.06649999999996226	TimeIntervals	Lick
368.738	0.10000000000002274	TimeIntervals	Lick
368.87125	0.10000000000002274	TimeIntervals	Lick
369.0045	0.0999999999999659	TimeIntervals	Lick
369.13800000000003	0.06649999999996226	TimeIntervals	Lick
369.238	0.10000000000002274	TimeIntervals	Lick
369.3715	0.10000000000002274	TimeIntervals	Lick
369.50475000000006	0.0999999999999659	TimeIntervals	Lick
369.5715	0.0665000000000191	TimeIntervals	Reward
369.63800000000003	0.19999999999998863	TimeIntervals	Lick
369.8715	0.7334999999999923	TimeIntervals	Lick
370.63825	0.5332499999999527	TimeIntervals	Lick
371.205	0.10000000000002274	TimeIntervals	Lick
371.33824999999996	0.20025000000003956	TimeIntervals	Lick
371.57175	0.1999999999999318	TimeIntervals	Lick
371.805	0.19999999999998863	TimeIntervals	Lick
372.0385	0.10000000000002274	TimeIntervals	Lick
372.17175000000003	0.19999999999998863	TimeIntervals	Lick
372.405	0.10000000000002274	TimeIntervals	Lick
372.5385	0.23349999999993543	TimeIntervals	Lick
372.80525000000006	0.0999999999999659	TimeIntervals	Lick
372.9385	0.10000000000002274	TimeIntervals	Lick
373.07199999999995	0.06650000000007594	TimeIntervals	Lick
373.20525	0.10000000000007958	TimeIntervals	Lick
373.3385	0.0999999999999659	TimeIntervals	Lick
373.472	0.0999999999999659	TimeIntervals	Lick
373.60524999999996	0.10025000000001683	TimeIntervals	Lick
373.83874999999995	0.06675000000012687	TimeIntervals	Lick
374.13875	0.30000000000001137	TimeIntervals	Lick
374.63875	0.06674999999995634	TimeIntervals	Lick
375.27224999999993	0.06675000000001319	TimeIntervals	Lick
375.4055000000001	0.06674999999995634	TimeIntervals	Lick
376.0725	0.0665000000000191	TimeIntervals	Lick
377.03925000000004	0.06674999999995634	TimeIntervals	Lick
377.5725	0.0999999999999659	TimeIntervals	Lick
378.2727499999999	0.10000000000007958	TimeIntervals	Lick
380.03950000000003	0.30025000000000546	TimeIntervals	Lick
380.373	0.0999999999999659	TimeIntervals	Lick
380.5065	0.0999999999999659	TimeIntervals	Lick
380.63975000000005	0.0667499999998995	TimeIntervals	Lick
380.73974999999996	0.20000000000010232	TimeIntervals	Lick
380.97299999999996	0.0999999999999659	TimeIntervals	Lick
381.1065	0.0665000000000191	TimeIntervals	Lick
381.20649999999995	0.10000000000007958	TimeIntervals	Lick
381.34000000000003	0.10000000000002274	TimeIntervals	Lick
381.47325	0.0999999999999659	TimeIntervals	Lick
381.6065	0.0999999999999659	TimeIntervals	Reward
381.6065	0.0999999999999659	TimeIntervals	Lick
381.73999999999995	1.1000000000000796	TimeIntervals	Lick
382.8734999999999	0.06650000000013279	TimeIntervals	Lick
382.97350000000006	0.19999999999998863	TimeIntervals	Lick
383.20675	0.10000000000002274	TimeIntervals	Lick
383.34000000000003	0.20024999999992588	TimeIntervals	Lick
383.57349999999997	0.19999999999998863	TimeIntervals	Lick
383.8070000000001	0.09999999999990905	TimeIntervals	Lick
383.94025000000005	0.09999999999990905	TimeIntervals	Lick
384.07349999999997	0.19999999999998863	TimeIntervals	Lick
384.3070000000001	0.19999999999998863	TimeIntervals	Lick
384.54024999999996	0.2002500000000964	TimeIntervals	Lick
384.77374999999995	0.10000000000002274	TimeIntervals	Lick
384.907	0.10000000000007958	TimeIntervals	Lick
385.04049999999995	0.46650000000011005	TimeIntervals	Lick
385.54049999999995	0.10000000000007958	TimeIntervals	Lick
385.67375	0.10025000000001683	TimeIntervals	Lick
385.80725000000007	0.09999999999990905	TimeIntervals	Lick
385.9405	0.333500000000015	TimeIntervals	Lick
386.30725000000007	0.09999999999990905	TimeIntervals	Lick
386.4405	0.0999999999999659	TimeIntervals	Lick
386.57399999999996	0.333500000000015	TimeIntervals	Lick
386.94075000000004	0.09999999999990905	TimeIntervals	Lick
387.1075	0.09999999999990905	TimeIntervals	Lick
387.24075	0.06675000000001319	TimeIntervals	Lick
387.374	0.1999999999999318	TimeIntervals	Lick
387.6075	0.19999999999998863	TimeIntervals	Lick
387.84074999999996	0.3667499999999677	TimeIntervals	Lick
388.341	0.1332500000000323	TimeIntervals	Lick
388.77425	0.13324999999997544	TimeIntervals	Lick
389.0075	0.10024999999995998	TimeIntervals	Lick
389.141	0.13349999999996953	TimeIntervals	Lick
389.341	0.10000000000002274	TimeIntervals	Lick
389.741	0.06675000000001319	TimeIntervals	Lick
389.87449999999995	0.20000000000004547	TimeIntervals	Lick
390.87449999999995	0.10000000000007958	TimeIntervals	Lick
391.37475	0.10000000000002274	TimeIntervals	Lick
391.74150000000003	0.0999999999999659	TimeIntervals	Lick
391.908	0.06675000000001319	TimeIntervals	Lick
392.0415	0.10000000000002274	TimeIntervals	Lick
392.208	0.13349999999996953	TimeIntervals	Lick
392.375	0.0999999999999659	TimeIntervals	Lick
392.50825000000003	0.06674999999995634	TimeIntervals	Lick
392.60825	0.0999999999999659	TimeIntervals	Lick
392.74150000000003	0.0999999999999659	TimeIntervals	Lick
392.875	0.0999999999999659	TimeIntervals	Lick
393.00825000000003	0.06674999999995634	TimeIntervals	Lick
393.10825	0.19999999999998863	TimeIntervals	Lick
393.3415	0.10025000000001683	TimeIntervals	Lick
393.47499999999997	0.10000000000002274	TimeIntervals	Lick
393.6085	0.20000000000004547	TimeIntervals	Lick
393.84175	0.10000000000002274	TimeIntervals	Lick
393.97499999999997	0.26675000000005866	TimeIntervals	Lick
394.275	0.10000000000002274	TimeIntervals	Lick
394.4085	0.19999999999998863	TimeIntervals	Lick
394.64200000000005	0.1999999999999318	TimeIntervals	Lick
394.87525	0.10000000000002274	TimeIntervals	Lick
395.00849999999997	0.10000000000002274	TimeIntervals	Lick
395.14200000000005	0.06649999999996226	TimeIntervals	Lick
395.24199999999996	0.10000000000002274	TimeIntervals	Lick
395.37525	0.10000000000002274	TimeIntervals	Lick
395.50849999999997	0.10025000000001683	TimeIntervals	Lick
395.64200000000005	0.09999999999990905	TimeIntervals	Lick
395.942	0.0999999999999659	TimeIntervals	Lick
396.10875	0.16674999999997908	TimeIntervals	Lick
396.5755	0.06650000000007594	TimeIntervals	Lick
397.009	0.06649999999996226	TimeIntervals	Lick
397.109	0.0665000000000191	TimeIntervals	Lick
397.209	0.06649999999996226	TimeIntervals	Lick
397.3755	0.13350000000002638	TimeIntervals	Lick
397.5755	0.10000000000002274	TimeIntervals	Lick
398.64250000000004	0.06649999999996226	TimeIntervals	Lick
398.8425	0.10000000000002274	TimeIntervals	Lick
399.7425	0.0999999999999659	TimeIntervals	Lick
400.14275000000004	0.1332499999999186	TimeIntervals	Lick
400.74275000000006	0.06674999999995634	TimeIntervals	Lick
401.64300000000003	0.10000000000002274	TimeIntervals	Lick
401.77624999999995	0.06675000000007003	TimeIntervals	Lick
401.87625	0.0999999999999659	TimeIntervals	Lick
402.0095	0.0999999999999659	TimeIntervals	Lick
402.14300000000003	0.10000000000002274	TimeIntervals	Lick
402.27649999999994	0.10000000000002274	TimeIntervals	Lick
402.40975000000003	0.06675000000001319	TimeIntervals	Lick
402.50975000000005	0.10000000000002274	TimeIntervals	Lick
402.64300000000003	0.19999999999998863	TimeIntervals	Lick
402.87649999999996	0.0665000000000191	TimeIntervals	Lick
402.97650000000004	0.09999999999990905	TimeIntervals	Lick
403.1097500000001	0.0999999999999659	TimeIntervals	Lick
403.24300000000005	0.06699999999989359	TimeIntervals	Lick
403.34324999999995	0.10000000000002274	TimeIntervals	Lick
403.47650000000004	0.23349999999993543	TimeIntervals	Lick
403.71	0.0999999999999659	TimeIntervals	Reward
403.74325	0.4000000000000341	TimeIntervals	Lick
404.17650000000003	0.1999999999999318	TimeIntervals	Lick
404.41	0.19999999999998863	TimeIntervals	Lick
404.6435000000001	0.19999999999987494	TimeIntervals	Lick
404.87674999999996	0.20000000000004547	TimeIntervals	Lick
405.11	0.0999999999999659	TimeIntervals	Lick
405.2435	0.0999999999999659	TimeIntervals	Lick
405.37674999999996	0.06675000000007003	TimeIntervals	Lick
405.47700000000003	0.0999999999999659	TimeIntervals	Lick
405.61025000000006	0.19999999999998863	TimeIntervals	Lick
405.84349999999995	0.06675000000007003	TimeIntervals	Lick
405.94350000000003	0.0999999999999659	TimeIntervals	Lick
406.077	0.10000000000002274	TimeIntervals	Lick
406.21025000000003	0.19999999999998863	TimeIntervals	Lick
406.44350000000003	0.0999999999999659	TimeIntervals	Lick
406.577	0.10000000000002274	TimeIntervals	Lick
406.7105	0.10000000000002274	TimeIntervals	Lick
406.84375	0.19999999999998863	TimeIntervals	Lick
407.077	0.10000000000002274	TimeIntervals	Lick
407.2105	0.10000000000002274	TimeIntervals	Lick
407.34375	0.19999999999998863	TimeIntervals	Lick
407.577	0.33349999999995816	TimeIntervals	Lick
407.944	0.0999999999999659	TimeIntervals	Lick
408.07725	0.23325000000005502	TimeIntervals	Lick
408.34400000000005	0.06649999999990541	TimeIntervals	Lick
408.444	0.0999999999999659	TimeIntervals	Lick
408.57725	0.0999999999999659	TimeIntervals	Lick
408.7105	0.10024999999995998	TimeIntervals	Lick
408.84400000000005	0.1999999999999318	TimeIntervals	Lick
409.07750000000004	0.09999999999990905	TimeIntervals	Lick
409.244	0.06674999999995634	TimeIntervals	Lick
409.34400000000005	0.7669999999999959	TimeIntervals	Lick
410.14425000000006	0.6667499999999222	TimeIntervals	Lick
410.87749999999994	0.7002500000000396	TimeIntervals	Lick
411.61100000000005	1.4669999999999845	TimeIntervals	Lick
413.11125000000004	0.23349999999993543	TimeIntervals	Lick
413.378	0.06675000000001319	TimeIntervals	Lick
413.84475	0.19999999999998863	TimeIntervals	Lick
414.07800000000003	0.10000000000002274	TimeIntervals	Lick
414.2115	0.10000000000002274	TimeIntervals	Lick
414.37825	0.06675000000001319	TimeIntervals	Lick
414.47825	0.0999999999999659	TimeIntervals	Lick
414.61150000000004	0.0999999999999659	TimeIntervals	Lick
414.745	0.10000000000002274	TimeIntervals	Lick
414.87825	0.10000000000002274	TimeIntervals	Lick
415.01149999999996	0.10000000000007958	TimeIntervals	Lick
415.145	0.10000000000002274	TimeIntervals	Lick
415.27824999999996	0.10025000000001683	TimeIntervals	Lick
415.445	0.06675000000001319	TimeIntervals	Lick
415.57849999999996	0.23325000000005502	TimeIntervals	Lick
415.7784999999999	0.06650000000013279	TimeIntervals	Reward
415.845	1.10024999999996	TimeIntervals	Lick
416.97850000000005	0.1999999999999318	TimeIntervals	Lick
417.21200000000005	0.06649999999984857	TimeIntervals	Lick
417.312	0.19999999999998863	TimeIntervals	Lick
417.54549999999995	0.20000000000004547	TimeIntervals	Lick
417.77875	0.0999999999999659	TimeIntervals	Lick
417.91200000000003	0.0999999999999659	TimeIntervals	Lick
418.04549999999995	0.10000000000007958	TimeIntervals	Lick
418.17875000000004	0.0999999999999659	TimeIntervals	Lick
418.312	0.10000000000002274	TimeIntervals	Lick
418.44550000000004	0.09999999999990905	TimeIntervals	Lick
418.57874999999996	0.10025000000007367	TimeIntervals	Lick
418.71225	1.1335000000000264	TimeIntervals	Lick
419.87899999999996	0.56675000000007	TimeIntervals	Lick
420.54575	0.6002500000000168	TimeIntervals	Lick
421.2459999999999	0.3332500000000209	TimeIntervals	Lick
421.646	0.36675000000002456	TimeIntervals	Lick
422.0795	0.0665000000000191	TimeIntervals	Lick
422.4795	0.10000000000002274	TimeIntervals	Lick
422.646	0.06674999999995634	TimeIntervals	Lick
422.7794999999999	0.10000000000002274	TimeIntervals	Lick
422.9127500000001	0.0667499999998995	TimeIntervals	Lick
423.013	0.10000000000002274	TimeIntervals	Lick
423.17949999999996	0.0999999999999659	TimeIntervals	Lick
423.313	0.10000000000002274	TimeIntervals	Lick
423.513	0.2664999999999509	TimeIntervals	Lick
423.813	0.19999999999998863	TimeIntervals	Lick
424.04625	0.10025000000001683	TimeIntervals	Lick
424.17975	0.0999999999999659	TimeIntervals	Lick
424.313	0.10000000000002274	TimeIntervals	Lick
424.4465	0.0999999999999659	TimeIntervals	Lick
424.57974999999993	0.06675000000007003	TimeIntervals	Lick
424.67975	0.0999999999999659	TimeIntervals	Lick
424.813	0.10000000000002274	TimeIntervals	Lick
424.9465	0.19999999999998863	TimeIntervals	Lick
425.17975	0.06674999999995634	TimeIntervals	Lick
425.28	0.10000000000002274	TimeIntervals	Lick
425.4465	0.0999999999999659	TimeIntervals	Lick
425.5799999999999	0.10000000000007958	TimeIntervals	Lick
425.78	0.06650000000007594	TimeIntervals	Lick
425.88	0.10000000000007958	TimeIntervals	Lick
426.1465	0.0999999999999659	TimeIntervals	Lick
426.28	0.06675000000001319	TimeIntervals	Lick
426.38	0.10000000000007958	TimeIntervals	Lick
426.71349999999995	0.03325000000006639	TimeIntervals	Lick
427.547	0.10000000000002274	TimeIntervals	Lick
428.5135	0.30025000000000546	TimeIntervals	Lick
428.847	0.10000000000002274	TimeIntervals	Lick
428.98049999999995	0.10000000000002274	TimeIntervals	Lick
429.11375	0.06675000000001319	TimeIntervals	Lick
429.21374999999995	0.23325000000005502	TimeIntervals	Lick
429.48049999999995	0.06650000000007594	TimeIntervals	Lick
429.5805	0.20000000000004547	TimeIntervals	Lick
429.814	0.23324999999999818	TimeIntervals	Lick
429.814	0.06649999999996226	TimeIntervals	Reward
430.0805	0.7669999999999959	TimeIntervals	Lick
430.88075	0.20000000000004547	TimeIntervals	Lick
431.114	0.20000000000004547	TimeIntervals	Lick
431.34749999999997	0.19999999999998863	TimeIntervals	Lick
431.58075	0.1999999999999318	TimeIntervals	Lick
431.814	0.10025000000001683	TimeIntervals	Lick
431.94750000000005	0.09999999999990905	TimeIntervals	Lick
432.08099999999996	0.23325000000005502	TimeIntervals	Lick
432.34749999999997	0.10000000000007958	TimeIntervals	Lick
432.51425	0.23324999999994134	TimeIntervals	Lick
432.78099999999995	0.20000000000004547	TimeIntervals	Lick
433.0145	0.10000000000002274	TimeIntervals	Lick
433.28099999999995	0.06675000000001319	TimeIntervals	Lick
433.38100000000003	0.06675000000001319	TimeIntervals	Lick
433.481	0.19999999999998863	TimeIntervals	Lick
434.08125	0.06675000000007003	TimeIntervals	Lick
434.48125	0.10000000000002274	TimeIntervals	Lick
434.6480000000001	0.09999999999990905	TimeIntervals	Lick
435.3815	0.06649999999996226	TimeIntervals	Lick
435.54799999999994	0.06675000000001319	TimeIntervals	Lick
435.6480000000001	0.09999999999990905	TimeIntervals	Lick
435.81475	0.10000000000002274	TimeIntervals	Lick
436.3815	0.0999999999999659	TimeIntervals	Lick
436.64825	0.0667499999998995	TimeIntervals	Lick
436.9815	0.06675000000001319	TimeIntervals	Lick
437.1815	0.09999999999990905	TimeIntervals	Lick
437.315	0.06674999999995634	TimeIntervals	Lick
437.7149999999999	0.06675000000007003	TimeIntervals	Lick
437.915	0.10000000000002274	TimeIntervals	Lick
438.48199999999997	0.1332500000000323	TimeIntervals	Lick
438.7484999999999	0.13350000000002638	TimeIntervals	Lick
439.1485	0.06674999999995634	TimeIntervals	Lick
439.2819999999999	0.10000000000002274	TimeIntervals	Lick
439.71549999999996	0.1332500000000323	TimeIntervals	Lick
439.9155	0.10000000000002274	TimeIntervals	Lick
440.34875	0.13324999999997544	TimeIntervals	Lick
441.94899999999996	0.0999999999999659	TimeIntervals	Lick
443.01599999999996	0.10000000000002274	TimeIntervals	Lick
443.14925	0.0667499999998995	TimeIntervals	Lick
443.24924999999996	0.20000000000004547	TimeIntervals	Lick
443.4825	0.0999999999999659	TimeIntervals	Lick
443.616	0.0665000000000191	TimeIntervals	Lick
443.7159999999999	0.10000000000013642	TimeIntervals	Lick
443.84925	0.20025000000003956	TimeIntervals	Lick
444.08275	0.1999999999999318	TimeIntervals	Lick
444.31600000000003	0.10000000000002274	TimeIntervals	Lick
444.4495	0.06649999999996226	TimeIntervals	Lick
444.58275	0.10000000000002274	TimeIntervals	Lick
444.7159999999999	0.10000000000013642	TimeIntervals	Lick
444.8495	0.20000000000004547	TimeIntervals	Lick
444.8495	0.06650000000007594	TimeIntervals	Reward
445.083	1.7667500000000018	TimeIntervals	Lick
446.8829999999999	0.20000000000010232	TimeIntervals	Lick
447.11650000000003	0.33349999999995816	TimeIntervals	Lick
447.48325	0.23324999999999818	TimeIntervals	Lick
447.75	0.0999999999999659	TimeIntervals	Lick
447.8832499999999	0.10000000000007958	TimeIntervals	Lick
448.01649999999995	0.10000000000007958	TimeIntervals	Lick
448.18325	0.10025000000001683	TimeIntervals	Lick
448.31675	0.10000000000002274	TimeIntervals	Lick
448.45	0.19999999999998863	TimeIntervals	Lick
448.68350000000004	0.1999999999999318	TimeIntervals	Lick
448.95	0.06674999999995634	TimeIntervals	Lick
449.0835	0.13324999999997544	TimeIntervals	Lick
449.2835	0.19999999999998863	TimeIntervals	Lick
449.517	0.0999999999999659	TimeIntervals	Lick
450.15024999999997	0.06675000000001319	TimeIntervals	Lick
450.2835	0.06675000000007003	TimeIntervals	Lick
450.38349999999997	0.10000000000002274	TimeIntervals	Lick
450.5505	0.06649999999996226	TimeIntervals	Lick
450.98375	0.10000000000002274	TimeIntervals	Lick
451.38374999999996	0.10000000000002274	TimeIntervals	Lick
451.95050000000003	0.0999999999999659	TimeIntervals	Lick
452.31725000000006	0.0999999999999659	TimeIntervals	Lick
452.8175	0.10000000000007958	TimeIntervals	Lick
452.95075	0.09999999999990905	TimeIntervals	Lick
453.15074999999996	0.03325000000006639	TimeIntervals	Lick
453.25075	0.10000000000002274	TimeIntervals	Lick
454.28424999999993	0.10000000000013642	TimeIntervals	Lick
454.951	0.0999999999999659	TimeIntervals	Lick
455.451	0.03350000000006048	TimeIntervals	Lick
456.45125	0.0999999999999659	TimeIntervals	Lick
456.8845	0.13349999999996953	TimeIntervals	Lick
457.0515	0.1332500000000323	TimeIntervals	Lick
457.718	0.0999999999999659	TimeIntervals	Lick
457.85150000000004	0.0999999999999659	TimeIntervals	Lick
458.15150000000006	0.0999999999999659	TimeIntervals	Lick
458.41825	0.06674999999995634	TimeIntervals	Lick
458.585	0.10000000000002274	TimeIntervals	Lick
458.71824999999995	0.10000000000002274	TimeIntervals	Lick
458.85150000000004	0.0999999999999659	TimeIntervals	Lick
459.01825	0.06674999999995634	TimeIntervals	Lick
459.1182500000001	0.09999999999985221	TimeIntervals	Lick
459.2515	0.06700000000000728	TimeIntervals	Lick
459.35175000000004	0.23324999999994134	TimeIntervals	Lick
459.61850000000004	0.06649999999996226	TimeIntervals	Lick
459.71849999999995	0.20000000000010232	TimeIntervals	Lick
459.95175	0.0999999999999659	TimeIntervals	Lick
460.085	0.10000000000002274	TimeIntervals	Lick
460.25175	0.06675000000001319	TimeIntervals	Lick
460.35200000000003	0.23324999999994134	TimeIntervals	Lick
460.61850000000004	0.06674999999995634	TimeIntervals	Lick
460.75199999999995	0.06650000000007594	TimeIntervals	Lick
460.85200000000003	0.0999999999999659	TimeIntervals	Lick
460.98525	0.06675000000001319	TimeIntervals	Lick
461.08525	0.1999999999999318	TimeIntervals	Lick
461.31850000000003	0.10000000000002274	TimeIntervals	Lick
461.452	0.06675000000001319	TimeIntervals	Lick
461.552	0.1999999999999318	TimeIntervals	Lick
461.81874999999997	0.20000000000004547	TimeIntervals	Lick
462.052	0.10000000000002274	TimeIntervals	Lick
462.18550000000005	0.09999999999990905	TimeIntervals	Lick
462.31874999999997	0.06674999999995634	TimeIntervals	Lick
462.78549999999996	0.0999999999999659	TimeIntervals	Lick
463.35225	0.2667500000000018	TimeIntervals	Lick
464.45250000000004	0.06649999999990541	TimeIntervals	Lick
464.95250000000004	0.09999999999990905	TimeIntervals	Lick
465.51925	0.10000000000002274	TimeIntervals	Lick
466.0195	0.06649999999996226	TimeIntervals	Lick
466.45275000000004	0.16675000000003593	TimeIntervals	Lick
468.0195	0.10025000000001683	TimeIntervals	Lick
468.153	0.06674999999995634	TimeIntervals	Lick
468.253	0.0999999999999659	TimeIntervals	Lick
468.38649999999996	0.10000000000002274	TimeIntervals	Lick
468.51975000000004	0.0667499999998995	TimeIntervals	Lick
468.61975	0.0999999999999659	TimeIntervals	Lick
468.753	0.20000000000004547	TimeIntervals	Lick
468.9865	0.0665000000000191	TimeIntervals	Lick
469.08649999999994	0.10000000000007958	TimeIntervals	Lick
469.21999999999997	0.10000000000002274	TimeIntervals	Lick
469.35324999999995	0.06675000000007003	TimeIntervals	Lick
469.45325	0.09999999999990905	TimeIntervals	Lick
469.58649999999994	0.10000000000007958	TimeIntervals	Lick
469.71999999999997	0.0665000000000191	TimeIntervals	Lick
469.82	0.10000000000002274	TimeIntervals	Lick
469.88649999999996	0.10000000000002274	TimeIntervals	Reward
469.95325	3.4672500000000355	TimeIntervals	Lick
473.45375	0.10025000000001683	TimeIntervals	Lick
473.5872499999999	0.3332500000001346	TimeIntervals	Lick
473.954	0.10000000000002274	TimeIntervals	Lick
474.0872499999999	0.10000000000007958	TimeIntervals	Lick
474.2205	0.10000000000002274	TimeIntervals	Lick
474.354	0.10000000000002274	TimeIntervals	Lick
474.48724999999996	0.0999999999999659	TimeIntervals	Lick
474.62050000000005	0.10024999999990314	TimeIntervals	Lick
474.75399999999996	0.10000000000002274	TimeIntervals	Lick
474.88750000000005	0.09999999999990905	TimeIntervals	Lick
475.02074999999996	0.10000000000002274	TimeIntervals	Lick
475.154	0.06674999999995634	TimeIntervals	Lick
475.25399999999996	0.10000000000002274	TimeIntervals	Lick
475.38750000000005	0.09999999999990905	TimeIntervals	Lick
475.52074999999996	0.10000000000002274	TimeIntervals	Lick
475.654	0.20024999999998272	TimeIntervals	Lick
475.88750000000005	0.09999999999990905	TimeIntervals	Lick
476.021	0.36650000000003047	TimeIntervals	Lick
476.421	0.20000000000004547	TimeIntervals	Lick
476.9545	0.0999999999999659	TimeIntervals	Lick
477.421	0.10000000000002274	TimeIntervals	Lick
477.721	0.06675000000001319	TimeIntervals	Lick
477.88775	0.06675000000001319	TimeIntervals	Lick
478.02125	0.06674999999995634	TimeIntervals	Lick
478.15450000000004	0.0667499999998995	TimeIntervals	Lick
478.25449999999995	0.10000000000002274	TimeIntervals	Lick
478.388	0.10000000000002274	TimeIntervals	Lick
478.52125	0.0999999999999659	TimeIntervals	Lick
478.65450000000004	0.266749999999945	TimeIntervals	Lick
478.988	0.23349999999993543	TimeIntervals	Lick
479.25474999999994	0.06675000000007003	TimeIntervals	Lick
479.388	0.10000000000002274	TimeIntervals	Lick
479.55475	0.10000000000002274	TimeIntervals	Lick
479.688	0.0999999999999659	TimeIntervals	Lick
479.8215	0.0999999999999659	TimeIntervals	Lick
480.555	0.19999999999998863	TimeIntervals	Lick
481.355	0.0999999999999659	TimeIntervals	Lick
481.72174999999993	0.06675000000007003	TimeIntervals	Lick
481.88849999999996	0.1332500000000323	TimeIntervals	Lick
483.08849999999995	0.10000000000002274	TimeIntervals	Lick
483.5555	0.10000000000007958	TimeIntervals	Lick
484.2555	0.10000000000002274	TimeIntervals	Lick
484.589	0.10000000000002274	TimeIntervals	Lick
484.7555	0.06675000000007003	TimeIntervals	Lick
485.0555	0.10000000000007958	TimeIntervals	Lick
485.65575	0.06675000000001319	TimeIntervals	Lick
485.82250000000005	0.0999999999999659	TimeIntervals	Lick
486.389	0.0999999999999659	TimeIntervals	Lick
487.0225	0.10000000000002274	TimeIntervals	Lick
488.856	0.10025000000001683	TimeIntervals	Lick
490.3564999999999	0.06650000000018963	TimeIntervals	Lick
490.4565	0.0999999999999659	TimeIntervals	Lick
490.58975	0.0999999999999659	TimeIntervals	Lick
490.72299999999996	0.0999999999999659	TimeIntervals	Lick
490.8564999999999	0.30000000000012506	TimeIntervals	Lick
491.18999999999994	0.20000000000010232	TimeIntervals	Lick
491.42325000000005	0.06674999999995634	TimeIntervals	Lick
491.52324999999996	0.10000000000002274	TimeIntervals	Lick
491.65650000000005	0.0999999999999659	TimeIntervals	Lick
491.79	0.10000000000002274	TimeIntervals	Lick
491.92325000000005	0.06674999999995634	TimeIntervals	Lick
491.9565	0.06674999999995634	TimeIntervals	Reward
492.02324999999996	1.5337500000001114	TimeIntervals	Lick
493.59024999999997	0.06675000000001319	TimeIntervals	Lick
493.69024999999993	0.20000000000010232	TimeIntervals	Lick
493.9235000000001	0.09999999999990905	TimeIntervals	Lick
494.0570000000001	0.19999999999987494	TimeIntervals	Lick
494.29024999999996	0.10025000000007367	TimeIntervals	Lick
494.42375000000004	0.1999999999999318	TimeIntervals	Lick
494.657	0.333500000000015	TimeIntervals	Lick
495.02375000000006	0.09999999999990905	TimeIntervals	Lick
495.157	0.36700000000001864	TimeIntervals	Lick
495.55724999999995	0.10000000000007958	TimeIntervals	Lick
495.6905	0.06675000000001319	TimeIntervals	Lick
495.85724999999996	0.06675000000007003	TimeIntervals	Lick
495.95725000000004	0.19999999999998863	TimeIntervals	Lick
496.25725	0.06674999999995634	TimeIntervals	Lick
496.39050000000003	0.0999999999999659	TimeIntervals	Lick
496.524	0.13350000000008322	TimeIntervals	Lick
496.72400000000005	0.06674999999984266	TimeIntervals	Lick
496.9574999999999	0.0999999999999659	TimeIntervals	Lick
497.2907499999999	0.10000000000007958	TimeIntervals	Lick
497.72425	0.06675000000007003	TimeIntervals	Lick
497.891	0.0999999999999659	TimeIntervals	Lick
498.32425000000006	0.0999999999999659	TimeIntervals	Lick
499.191	0.10000000000007958	TimeIntervals	Lick
499.35775	0.13324999999997544	TimeIntervals	Lick
499.958	0.06650000000007594	TimeIntervals	Lick
500.09125	0.0999999999999659	TimeIntervals	Lick
501.32475	0.1332500000000323	TimeIntervals	Lick
502.0915	0.0999999999999659	TimeIntervals	Lick
502.35824999999994	0.10000000000007958	TimeIntervals	Lick
504.19175	0.06674999999995634	TimeIntervals	Lick
504.692	0.1332500000000323	TimeIntervals	Lick
504.9919999999999	0.0665000000000191	TimeIntervals	Reward
505.1585	0.1999999999999318	TimeIntervals	Lick
505.39199999999994	0.06675000000001319	TimeIntervals	Lick
505.4919999999999	0.4000000000000341	TimeIntervals	Lick
505.92550000000006	0.6334999999998558	TimeIntervals	Lick
506.5922500000001	0.1999999999998181	TimeIntervals	Lick
506.8255	0.30000000000001137	TimeIntervals	Lick
507.159	0.0665000000000191	TimeIntervals	Lick
507.25899999999996	0.10000000000002274	TimeIntervals	Lick
507.39225	0.10000000000002274	TimeIntervals	Lick
507.52550000000014	0.3002499999998349	TimeIntervals	Lick
507.859	0.1999999999999318	TimeIntervals	Lick
508.09250000000003	0.10000000000007958	TimeIntervals	Lick
508.22575	0.33324999999990723	TimeIntervals	Lick
508.59250000000003	0.10000000000007958	TimeIntervals	Lick
508.726	0.20000000000004547	TimeIntervals	Lick
508.95925	0.0999999999999659	TimeIntervals	Lick
509.09250000000003	0.10000000000007958	TimeIntervals	Lick
509.226	0.10000000000007958	TimeIntervals	Lick
509.3925	0.06675000000001319	TimeIntervals	Lick
509.8260000000001	0.0999999999999659	TimeIntervals	Lick
510.52599999999995	0.0999999999999659	TimeIntervals	Lick
510.65950000000004	0.0999999999999659	TimeIntervals	Lick
510.8260000000001	0.06699999999989359	TimeIntervals	Lick
510.95950000000005	0.19999999999998863	TimeIntervals	Lick
511.1929999999999	0.10000000000007958	TimeIntervals	Lick
511.32625	0.1999999999999318	TimeIntervals	Lick
511.5595	0.10000000000002274	TimeIntervals	Lick
511.6929999999999	0.13325000000008913	TimeIntervals	Lick
511.893	0.06650000000007594	TimeIntervals	Lick
511.99300000000005	0.23349999999993543	TimeIntervals	Lick
512.3265	0.0665000000000191	TimeIntervals	Lick
512.4265	0.13325000000008913	TimeIntervals	Lick
512.593	0.13350000000002638	TimeIntervals	Lick
512.75975	0.13324999999997544	TimeIntervals	Lick
512.9265	0.10000000000002274	TimeIntervals	Lick
513.0600000000001	0.09999999999990905	TimeIntervals	Lick
513.1932500000001	0.1999999999998181	TimeIntervals	Lick
513.4265	0.1999999999999318	TimeIntervals	Lick
513.66	0.1999999999999318	TimeIntervals	Lick
513.89325	0.20000000000004547	TimeIntervals	Lick
514.1265	0.10025000000007367	TimeIntervals	Lick
514.2600000000001	0.09999999999979536	TimeIntervals	Lick
514.8599999999999	0.06675000000018372	TimeIntervals	Lick
514.9935	0.0665000000000191	TimeIntervals	Lick
515.12675	0.10000000000002274	TimeIntervals	Lick
515.2600000000001	0.1002499999998463	TimeIntervals	Lick
515.3934999999999	0.10000000000013642	TimeIntervals	Lick
515.5602500000001	0.06674999999995634	TimeIntervals	Lick
515.66025	0.06675000000007003	TimeIntervals	Lick
515.76025	0.09999999999990905	TimeIntervals	Lick
515.8934999999999	0.10000000000013642	TimeIntervals	Lick
516.0269999999999	0.10000000000013642	TimeIntervals	Lick
516.16025	0.06675000000007003	TimeIntervals	Lick
516.26025	0.10024999999995998	TimeIntervals	Lick
516.3937500000001	0.09999999999990905	TimeIntervals	Lick
516.5269999999999	0.10000000000013642	TimeIntervals	Lick
516.6605	0.10000000000013642	TimeIntervals	Lick
516.7937499999999	0.20000000000004547	TimeIntervals	Lick
516.99375	0.06675000000007003	TimeIntervals	Reward
517.0269999999999	0.6670000000001437	TimeIntervals	Lick
517.72725	0.1999999999999318	TimeIntervals	Lick
517.9605	0.10000000000002274	TimeIntervals	Lick
518.094	0.20000000000004547	TimeIntervals	Lick
518.32725	0.1999999999999318	TimeIntervals	Lick
518.5605	0.10024999999995998	TimeIntervals	Lick
518.6940000000001	0.1999999999999318	TimeIntervals	Lick
518.9275	0.10000000000002274	TimeIntervals	Lick
519.06075	0.06675000000007003	TimeIntervals	Lick
519.16075	0.10000000000002274	TimeIntervals	Lick
519.2940000000001	0.1999999999999318	TimeIntervals	Lick
519.5275	0.2335000000000491	TimeIntervals	Lick
519.79425	0.09999999999990905	TimeIntervals	Lick
519.9275	0.33350000000007185	TimeIntervals	Lick
520.29425	0.09999999999990905	TimeIntervals	Lick
520.4275	0.10000000000002274	TimeIntervals	Lick
520.561	0.09999999999990905	TimeIntervals	Lick
520.69425	0.20024999999998272	TimeIntervals	Lick
520.9277500000001	0.09999999999990905	TimeIntervals	Lick
521.061	0.09999999999990905	TimeIntervals	Lick
521.2945	0.40000000000009095	TimeIntervals	Lick
521.861	0.06700000000000728	TimeIntervals	Lick
521.9612500000001	0.06674999999995634	TimeIntervals	Lick
522.1280000000002	0.09999999999990905	TimeIntervals	Lick
522.6280000000002	0.09999999999990905	TimeIntervals	Lick
522.8945	0.10024999999995998	TimeIntervals	Lick
523.2615000000001	0.033249999999952706	TimeIntervals	Lick
523.428	0.3000000000000682	TimeIntervals	Lick
523.928	0.033500000000117325	TimeIntervals	Lick
524.32825	0.06674999999995634	TimeIntervals	Lick
525.195	0.09999999999990905	TimeIntervals	Lick
525.3285	0.10000000000002274	TimeIntervals	Lick
525.86175	0.10000000000002274	TimeIntervals	Lick
526.5285	0.10000000000013642	TimeIntervals	Lick
526.7952500000001	0.09999999999979536	TimeIntervals	Lick
527.1952500000001	0.10000000000002274	TimeIntervals	Lick
527.5955	0.13325000000020282	TimeIntervals	Lick
527.8287499999999	0.10000000000013642	TimeIntervals	Lick
528.1287500000001	0.06675000000007003	TimeIntervals	Lick
528.2955000000001	0.06649999999990541	TimeIntervals	Lick
528.629	0.10000000000013642	TimeIntervals	Lick
528.76225	0.06674999999995634	TimeIntervals	Lick
529.1955000000002	0.09999999999990905	TimeIntervals	Lick
529.9625000000001	0.09999999999990905	TimeIntervals	Lick
531.1625	0.20000000000004547	TimeIntervals	Lick
531.396	0.06650000000013279	TimeIntervals	Lick
531.4960000000001	0.09999999999990905	TimeIntervals	Lick
531.62925	0.10025000000007367	TimeIntervals	Lick
531.76275	0.06674999999995634	TimeIntervals	Lick
531.86275	0.1999999999999318	TimeIntervals	Lick
532.096	0.09999999999990905	TimeIntervals	Lick
532.2295	0.09999999999990905	TimeIntervals	Lick
532.36275	0.06674999999984266	TimeIntervals	Lick
532.4627500000001	0.09999999999979536	TimeIntervals	Lick
532.596	0.09999999999990905	TimeIntervals	Lick
532.7295	0.06649999999990541	TimeIntervals	Lick
532.8294999999999	0.09999999999990905	TimeIntervals	Lick
532.99625	0.06675000000007003	TimeIntervals	Lick
533.0295000000001	0.09999999999990905	TimeIntervals	Reward
533.09625	0.5332499999999527	TimeIntervals	Lick
533.663	0.5335000000000036	TimeIntervals	Lick
534.2297500000001	0.1999999999999318	TimeIntervals	Lick
534.4630000000001	0.1999999999999318	TimeIntervals	Lick
534.6965	0.10000000000002274	TimeIntervals	Lick
534.8297499999999	0.10000000000013642	TimeIntervals	Lick
534.9630000000001	0.10024999999995998	TimeIntervals	Lick
535.0965000000001	0.06674999999984266	TimeIntervals	Lick
535.1965	0.10000000000002274	TimeIntervals	Lick
535.3299999999999	0.20000000000004547	TimeIntervals	Lick
535.56325	0.20000000000004547	TimeIntervals	Lick
535.7965	0.1999999999999318	TimeIntervals	Lick
536.03	0.10000000000013642	TimeIntervals	Lick
536.1635	0.20000000000004547	TimeIntervals	Lick
536.39675	0.10000000000002274	TimeIntervals	Lick
536.53	0.10000000000013642	TimeIntervals	Lick
536.6635	0.20000000000004547	TimeIntervals	Lick
536.89675	0.3332500000000209	TimeIntervals	Lick
537.2635	0.10000000000002274	TimeIntervals	Lick
537.397	0.1999999999999318	TimeIntervals	Lick
537.6635	0.06675000000007003	TimeIntervals	Lick
537.7635	0.10000000000002274	TimeIntervals	Lick
537.897	0.1999999999999318	TimeIntervals	Lick
538.1635	0.06675000000007003	TimeIntervals	Lick
538.2635	0.06700000000000728	TimeIntervals	Lick
538.36375	0.10000000000002274	TimeIntervals	Lick
538.497	0.06675000000007003	TimeIntervals	Lick
538.6305000000001	0.06649999999990541	TimeIntervals	Lick
538.7305000000001	0.09999999999990905	TimeIntervals	Lick
538.86375	0.06674999999995634	TimeIntervals	Lick
539.097	0.06674999999995634	TimeIntervals	Lick
539.197	0.3669999999999618	TimeIntervals	Lick
539.59725	0.10000000000002274	TimeIntervals	Lick
539.9304999999999	0.06675000000007003	TimeIntervals	Lick
540.19725	0.1999999999999318	TimeIntervals	Lick
540.7307500000001	0.09999999999990905	TimeIntervals	Lick
540.9975000000001	0.09999999999990905	TimeIntervals	Lick
541.43075	0.06675000000007003	TimeIntervals	Lick
541.5975	0.10000000000013642	TimeIntervals	Lick
541.731	0.09999999999990905	TimeIntervals	Lick
542.0975	0.10000000000013642	TimeIntervals	Lick
543.1645000000001	0.13324999999997544	TimeIntervals	Lick
543.3309999999999	0.06675000000007003	TimeIntervals	Lick
543.5645000000001	0.10000000000002274	TimeIntervals	Lick
544.0645000000001	0.10000000000002274	TimeIntervals	Lick
544.33125	0.09999999999990905	TimeIntervals	Lick
545.3314999999999	0.13325000000020282	TimeIntervals	Lick
546.7315000000001	0.13350000000002638	TimeIntervals	Lick
547.565	0.10000000000002274	TimeIntervals	Lick
547.7985000000001	0.0665000000000191	TimeIntervals	Lick
548.8985	0.10000000000002274	TimeIntervals	Lick
549.0985	0.06675000000007003	TimeIntervals	Reward
549.2985000000001	1.4004999999998518	TimeIntervals	Lick
550.73225	0.39999999999997726	TimeIntervals	Lick
551.1655000000001	0.10000000000002274	TimeIntervals	Lick
551.2990000000001	0.1999999999999318	TimeIntervals	Lick
551.5325	0.20000000000004547	TimeIntervals	Lick
551.7657500000001	0.33324999999990723	TimeIntervals	Lick
552.1325	0.10000000000002274	TimeIntervals	Lick
552.2657500000001	0.1999999999999318	TimeIntervals	Lick
552.499	0.46699999999998454	TimeIntervals	Lick
552.9992500000001	0.09999999999990905	TimeIntervals	Lick
553.1325	0.10000000000002274	TimeIntervals	Lick
553.266	0.10000000000025011	TimeIntervals	Lick
553.4992500000001	0.06675000000007003	TimeIntervals	Lick
553.6325	0.10025000000007367	TimeIntervals	Lick
554.0327500000001	0.09999999999990905	TimeIntervals	Lick
554.5327500000001	0.09999999999990905	TimeIntervals	Lick
554.766	0.10025000000018736	TimeIntervals	Lick
554.96625	0.10000000000013642	TimeIntervals	Lick
555.0995000000001	0.23349999999993543	TimeIntervals	Lick
555.3662500000002	0.1999999999999318	TimeIntervals	Lick
555.5995000000001	0.09999999999990905	TimeIntervals	Lick
555.7330000000001	0.10000000000002274	TimeIntervals	Lick
555.8995000000001	0.10024999999995998	TimeIntervals	Lick
556.033	0.13350000000014006	TimeIntervals	Lick
556.1997500000001	0.10000000000002274	TimeIntervals	Lick
556.3330000000001	0.09999999999990905	TimeIntervals	Lick
556.4997500000001	0.09999999999990905	TimeIntervals	Lick
556.633	0.10000000000002274	TimeIntervals	Lick
556.7665000000001	0.10000000000002274	TimeIntervals	Lick
556.89975	0.10024999999995998	TimeIntervals	Lick
557.0665	0.10000000000013642	TimeIntervals	Lick
557.2332500000001	0.06674999999995634	TimeIntervals	Lick
557.3332500000001	0.13324999999986176	TimeIntervals	Lick
558.03325	0.10024999999995998	TimeIntervals	Lick
558.56675	0.10000000000013642	TimeIntervals	Lick
559.0	0.10000000000002274	TimeIntervals	Lick
560.4670000000001	0.09999999999990905	TimeIntervals	Lick
561.6005	0.10000000000013642	TimeIntervals	Lick
562.0672500000001	0.13325000000008913	TimeIntervals	Lick
563.10075	0.16675000000020646	TimeIntervals	Lick
563.3007500000001	0.1999999999998181	TimeIntervals	Lick
563.534	0.10025000000007367	TimeIntervals	Lick
563.6675000000001	0.06674999999984266	TimeIntervals	Lick
563.7675000000002	0.06674999999995634	TimeIntervals	Lick
563.8675000000001	0.10000000000002274	TimeIntervals	Lick
564.001	0.20000000000004547	TimeIntervals	Lick
564.23425	0.06675000000018372	TimeIntervals	Lick
564.3342500000001	0.09999999999990905	TimeIntervals	Lick
564.4675000000001	0.10000000000002274	TimeIntervals	Lick
564.601	0.33349999999995816	TimeIntervals	Lick
564.96775	0.10000000000013642	TimeIntervals	Lick
565.101	0.5	TimeIntervals	Lick
565.101	0.10000000000002274	TimeIntervals	Reward
565.6345	0.0665000000000191	TimeIntervals	Lick
565.7345	0.4335000000000946	TimeIntervals	Lick
566.2012500000001	0.10000000000002274	TimeIntervals	Lick
566.3345000000002	0.09999999999979536	TimeIntervals	Lick
566.468	0.20000000000015916	TimeIntervals	Lick
566.7012500000001	0.10000000000002274	TimeIntervals	Lick
566.8345000000002	0.06699999999989359	TimeIntervals	Lick
566.93475	0.10000000000002274	TimeIntervals	Lick
567.0680000000001	0.1999999999999318	TimeIntervals	Lick
567.3015000000001	0.1999999999998181	TimeIntervals	Lick
567.53475	0.10000000000002274	TimeIntervals	Lick
567.6680000000001	0.1999999999999318	TimeIntervals	Lick
567.9015	0.09999999999990905	TimeIntervals	Lick
568.0349999999999	0.3332500000002483	TimeIntervals	Lick
568.4015	0.09999999999990905	TimeIntervals	Lick
568.5349999999999	0.3332500000002483	TimeIntervals	Lick
568.9015	0.09999999999990905	TimeIntervals	Lick
569.0349999999999	0.2335000000001628	TimeIntervals	Lick
569.3017500000001	0.1999999999999318	TimeIntervals	Lick
569.5685	0.3332500000000209	TimeIntervals	Lick
569.935	0.09999999999990905	TimeIntervals	Lick
570.0685	0.10000000000002274	TimeIntervals	Lick
570.2020000000001	0.09999999999990905	TimeIntervals	Lick
570.3352500000001	0.09999999999990905	TimeIntervals	Lick
570.4685	0.10000000000002274	TimeIntervals	Lick
570.6020000000001	0.10000000000002274	TimeIntervals	Lick
570.802	0.16649999999992815	TimeIntervals	Lick
571.002	0.10000000000013642	TimeIntervals	Lick
571.2020000000001	0.06649999999990541	TimeIntervals	Lick
571.3687500000001	0.09999999999990905	TimeIntervals	Lick
571.96875	0.2667500000001155	TimeIntervals	Lick
572.4022500000001	0.06674999999995634	TimeIntervals	Lick
572.9022500000001	0.09999999999979536	TimeIntervals	Lick
573.1355	0.13350000000002638	TimeIntervals	Lick
573.6690000000001	0.06674999999995634	TimeIntervals	Lick
573.769	0.3000000000000682	TimeIntervals	Lick
574.2025000000001	0.09999999999990905	TimeIntervals	Lick
574.469	0.13350000000002638	TimeIntervals	Lick
575.136	0.13324999999997544	TimeIntervals	Lick
575.9695	0.10000000000002274	TimeIntervals	Lick
576.50275	0.06675000000007003	TimeIntervals	Lick
576.903	0.10000000000002274	TimeIntervals	Lick
577.53625	0.13324999999997544	TimeIntervals	Lick
578.2030000000001	0.10000000000002274	TimeIntervals	Lick
579.4365	0.13350000000002638	TimeIntervals	Lick
579.7700000000001	0.10000000000002274	TimeIntervals	Lick
581.5035000000001	0.10000000000002274	TimeIntervals	Lick
581.9369999999999	0.13325000000020282	TimeIntervals	Lick
583.0037500000001	0.13324999999997544	TimeIntervals	Lick
585.1040000000002	0.09999999999990905	TimeIntervals	Lick
585.2375000000001	0.0665000000000191	TimeIntervals	Lick
585.3375000000001	0.09999999999990905	TimeIntervals	Lick
585.47075	0.10024999999995998	TimeIntervals	Lick
585.6042500000001	0.2999999999999545	TimeIntervals	Lick
585.9375	0.20000000000004547	TimeIntervals	Lick
586.1710000000002	0.09999999999990905	TimeIntervals	Lick
586.30425	0.06675000000018372	TimeIntervals	Lick
586.40425	0.20000000000004547	TimeIntervals	Lick
586.6375	0.10024999999995998	TimeIntervals	Lick
586.7710000000001	0.10000000000013642	TimeIntervals	Lick
586.9045000000001	0.1999999999999318	TimeIntervals	Lick
587.13775	0.10000000000002274	TimeIntervals	Lick
587.2045000000002	0.06649999999990541	TimeIntervals	Reward
587.3045000000001	1.06675000000007	TimeIntervals	Lick
588.4045000000001	0.09999999999990905	TimeIntervals	Lick
588.538	0.20000000000015916	TimeIntervals	Lick
588.7712500000001	0.06674999999995634	TimeIntervals	Lick
588.8715000000001	0.1999999999999318	TimeIntervals	Lick
589.1047500000001	0.20000000000004547	TimeIntervals	Lick
589.3380000000001	0.1999999999999318	TimeIntervals	Lick
589.5715	0.10000000000002274	TimeIntervals	Lick
589.7047500000001	0.10000000000002274	TimeIntervals	Lick
589.8380000000001	0.20024999999986903	TimeIntervals	Lick
590.0715	0.10000000000002274	TimeIntervals	Lick
590.2050000000002	0.36649999999985994	TimeIntervals	Lick
590.605	0.10000000000013642	TimeIntervals	Lick
590.7382500000001	0.09999999999990905	TimeIntervals	Lick
590.8715000000001	0.10000000000002274	TimeIntervals	Lick
591.0050000000001	0.09999999999990905	TimeIntervals	Lick
591.1385	0.10000000000013642	TimeIntervals	Lick
591.2717500000001	0.23324999999999818	TimeIntervals	Lick
591.5385	0.10000000000002274	TimeIntervals	Lick
591.7050000000002	0.09999999999990905	TimeIntervals	Lick
591.8385000000001	0.09999999999990905	TimeIntervals	Lick
592.0385	0.16675000000009277	TimeIntervals	Lick
592.7052500000001	0.09999999999990905	TimeIntervals	Lick
592.9052500000001	0.10000000000002274	TimeIntervals	Lick
593.2052500000001	0.16675000000009277	TimeIntervals	Lick
594.3055	0.09999999999990905	TimeIntervals	Lick
594.8722500000001	0.09999999999990905	TimeIntervals	Lick
595.3055	0.06675000000007003	TimeIntervals	Lick
595.8057500000001	0.09999999999990905	TimeIntervals	Lick
596.339	0.09999999999990905	TimeIntervals	Lick
596.606	0.10000000000002274	TimeIntervals	Lick
597.3725000000002	0.09999999999979536	TimeIntervals	Lick
598.3395	0.13324999999986176	TimeIntervals	Lick
598.6727500000001	0.06674999999995634	TimeIntervals	Lick
598.9062500000001	0.09999999999990905	TimeIntervals	Lick
600.4065000000002	0.06649999999979173	TimeIntervals	Lick
600.8730000000002	0.1002499999998463	TimeIntervals	Lick
601.6065000000001	0.09999999999990905	TimeIntervals	Lick
602.5735	0.13324999999997544	TimeIntervals	Lick
603.2735000000001	0.10000000000002274	TimeIntervals	Lick
603.5070000000001	0.09999999999990905	TimeIntervals	Lick
603.64025	0.10000000000002274	TimeIntervals	Lick
603.7735000000001	0.10000000000002274	TimeIntervals	Lick
603.9070000000002	0.06649999999979173	TimeIntervals	Lick
604.0070000000001	0.09999999999990905	TimeIntervals	Lick
604.14025	0.10024999999995998	TimeIntervals	Lick
604.3405	0.23324999999999818	TimeIntervals	Lick
604.607	0.06674999999995634	TimeIntervals	Lick
604.7405	0.0665000000000191	TimeIntervals	Lick
604.8405	0.10000000000002274	TimeIntervals	Lick
604.97375	0.10000000000002274	TimeIntervals	Lick
605.107	0.10000000000002274	TimeIntervals	Lick
605.2405	0.2335000000000491	TimeIntervals	Lick
605.50725	0.06674999999995634	TimeIntervals	Lick
605.6072499999999	0.10000000000013642	TimeIntervals	Lick
605.7405	0.10000000000002274	TimeIntervals	Lick
605.874	0.10000000000002274	TimeIntervals	Lick
606.00725	0.09999999999990905	TimeIntervals	Lick
606.1740000000001	0.10000000000002274	TimeIntervals	Lick
606.30725	0.06675000000007003	TimeIntervals	Lick
606.4075	0.10000000000002274	TimeIntervals	Lick
606.574	0.10000000000013642	TimeIntervals	Lick
606.7075000000001	0.10000000000002274	TimeIntervals	Lick
606.8407500000001	0.09999999999979536	TimeIntervals	Lick
606.974	0.09999999999990905	TimeIntervals	Lick
607.1075	0.10000000000013642	TimeIntervals	Lick
607.2407499999999	0.06675000000018372	TimeIntervals	Lick
607.8742500000001	0.09999999999990905	TimeIntervals	Lick
609.8745000000001	0.06674999999984266	TimeIntervals	Lick
609.9744999999999	0.10000000000013642	TimeIntervals	Lick
610.108	0.10000000000002274	TimeIntervals	Lick
610.4080000000001	0.09999999999990905	TimeIntervals	Lick
610.5412500000001	0.09999999999990905	TimeIntervals	Lick
610.6745	0.10000000000013642	TimeIntervals	Lick
610.8080000000001	0.1999999999999318	TimeIntervals	Lick
611.0415000000002	0.13324999999997544	TimeIntervals	Lick
611.208	0.06675000000007003	TimeIntervals	Lick
611.2415000000001	0.09999999999990905	TimeIntervals	Reward
611.3080000000001	0.4667499999999336	TimeIntervals	Lick
611.8415	0.20000000000015916	TimeIntervals	Lick
612.0750000000002	0.06649999999990541	TimeIntervals	Lick
612.1750000000001	0.4332499999998163	TimeIntervals	Lick
612.6415000000001	0.3334999999998445	TimeIntervals	Lick
613.0084999999999	0.20000000000015916	TimeIntervals	Lick
613.24175	0.06675000000018372	TimeIntervals	Lick
613.34175	0.466750000000161	TimeIntervals	Lick
613.84175	0.09999999999990905	TimeIntervals	Lick
613.9749999999999	0.2002500000002101	TimeIntervals	Lick
614.2085000000001	0.1999999999999318	TimeIntervals	Lick
614.442	0.10000000000002274	TimeIntervals	Lick
614.57525	0.06674999999995634	TimeIntervals	Lick
614.6752500000001	0.10000000000002274	TimeIntervals	Lick
614.8085000000002	0.3334999999997308	TimeIntervals	Lick
615.1752500000001	0.10024999999995998	TimeIntervals	Lick
615.3087500000001	0.09999999999990905	TimeIntervals	Lick
615.442	0.1999999999999318	TimeIntervals	Lick
615.6755000000002	0.13324999999997544	TimeIntervals	Lick
615.8420000000001	0.06674999999995634	TimeIntervals	Lick
615.942	0.13350000000014006	TimeIntervals	Lick
616.10875	0.4335000000000946	TimeIntervals	Lick
616.609	0.5665000000001328	TimeIntervals	Lick
617.2090000000002	0.13324999999986176	TimeIntervals	Lick
617.3755000000001	0.30025000000000546	TimeIntervals	Lick
617.7090000000002	0.09999999999990905	TimeIntervals	Lick
618.1425	0.09999999999990905	TimeIntervals	Lick
618.6760000000002	0.06649999999979173	TimeIntervals	Lick
618.8425000000001	0.06674999999995634	TimeIntervals	Lick
619.0425	0.10000000000002274	TimeIntervals	Lick
619.40925	0.06674999999995634	TimeIntervals	Lick
620.0427500000001	0.09999999999990905	TimeIntervals	Lick
620.5427500000001	0.06674999999995634	TimeIntervals	Lick
620.87625	0.10000000000002274	TimeIntervals	Lick
621.643	0.10000000000002274	TimeIntervals	Lick
621.943	0.10000000000002274	TimeIntervals	Lick
622.20975	0.10000000000013642	TimeIntervals	Lick
622.8765000000001	0.03349999999988995	TimeIntervals	Lick
623.0432500000001	0.13325000000008913	TimeIntervals	Lick
623.2765	0.06674999999995634	TimeIntervals	Lick
623.94325	0.06674999999995634	TimeIntervals	Lick
624.8100000000002	0.09999999999979536	TimeIntervals	Lick
625.8102500000001	0.13324999999986176	TimeIntervals	Lick
626.277	0.10000000000002274	TimeIntervals	Lick
627.0105	0.10000000000013642	TimeIntervals	Lick
627.5440000000001	0.13324999999986176	TimeIntervals	Lick
628.2772500000001	0.06675000000007003	TimeIntervals	Lick
628.7107500000002	0.06674999999995634	TimeIntervals	Lick
628.9775000000001	0.10000000000002274	TimeIntervals	Lick
629.8442500000001	0.06674999999984266	TimeIntervals	Lick
630.3442500000001	0.09999999999990905	TimeIntervals	Lick
631.6110000000001	0.13350000000002638	TimeIntervals	Lick
632.4445	0.06675000000007003	TimeIntervals	Lick
632.7112500000001	0.23349999999993543	TimeIntervals	Lick
637.0120000000001	0.033249999999952706	TimeIntervals	Lick
637.5120000000001	0.06675000000007003	TimeIntervals	Lick
639.6457500000001	0.1999999999999318	TimeIntervals	Lick
639.8790000000001	0.06674999999984266	TimeIntervals	Lick
639.979	0.10000000000002274	TimeIntervals	Lick
640.1125000000001	0.10000000000002274	TimeIntervals	Lick
640.24575	0.30024999999989177	TimeIntervals	Lick
640.5792500000001	0.09999999999990905	TimeIntervals	Lick
640.7125000000001	0.06674999999995634	TimeIntervals	Lick
640.8125000000001	0.1999999999999318	TimeIntervals	Lick
641.0459999999999	0.10000000000013642	TimeIntervals	Lick
641.17925	0.20000000000004547	TimeIntervals	Lick
641.3125000000001	0.09999999999979536	TimeIntervals	Reward
641.4124999999999	0.4002500000001419	TimeIntervals	Lick
641.8460000000001	0.06674999999984266	TimeIntervals	Lick
641.9459999999999	0.20000000000015916	TimeIntervals	Lick
642.1795	0.10000000000013642	TimeIntervals	Lick
642.31275	0.06675000000007003	TimeIntervals	Lick
642.41275	0.10000000000002274	TimeIntervals	Lick
642.5459999999999	0.2002500000000964	TimeIntervals	Lick
642.7795000000001	0.1999999999999318	TimeIntervals	Lick
643.013	0.10000000000013642	TimeIntervals	Lick
643.1462500000001	0.06674999999995634	TimeIntervals	Lick
643.24625	0.1999999999999318	TimeIntervals	Lick
643.4795	0.10000000000013642	TimeIntervals	Lick
643.6130000000002	0.1999999999999318	TimeIntervals	Lick
643.8465000000001	0.1999999999998181	TimeIntervals	Lick
644.0797500000001	0.10000000000002274	TimeIntervals	Lick
644.2130000000001	0.1999999999998181	TimeIntervals	Lick
644.4464999999999	0.10000000000002274	TimeIntervals	Lick
644.5797500000001	0.3334999999998445	TimeIntervals	Lick
644.9464999999999	0.10000000000002274	TimeIntervals	Lick
645.08	0.10000000000013642	TimeIntervals	Lick
645.21325	0.10000000000013642	TimeIntervals	Lick
645.3465000000001	0.09999999999979536	TimeIntervals	Lick
645.4799999999999	0.10000000000013642	TimeIntervals	Lick
645.6132500000001	0.09999999999990905	TimeIntervals	Lick
645.7465000000001	0.10000000000002274	TimeIntervals	Lick
645.8800000000001	0.09999999999979536	TimeIntervals	Lick
646.04675	0.06675000000007003	TimeIntervals	Lick
646.2135	0.10000000000025011	TimeIntervals	Lick
646.34675	0.09999999999990905	TimeIntervals	Lick
647.3135000000002	0.06674999999995634	TimeIntervals	Lick
647.4469999999999	0.06650000000013279	TimeIntervals	Lick
647.9469999999999	0.10000000000002274	TimeIntervals	Lick
648.147	0.09999999999990905	TimeIntervals	Lick
648.2805	0.10000000000025011	TimeIntervals	Lick
648.61375	0.10000000000013642	TimeIntervals	Lick
648.8470000000001	0.1334999999999127	TimeIntervals	Lick
649.147	0.09999999999990905	TimeIntervals	Lick
649.3805000000002	0.09999999999979536	TimeIntervals	Reward
649.4805	0.33350000000018554	TimeIntervals	Lick
649.8472500000001	0.06674999999984266	TimeIntervals	Lick
649.9472499999999	0.5667500000001837	TimeIntervals	Lick
650.5475	0.0665000000000191	TimeIntervals	Lick
650.6475000000002	0.09999999999990905	TimeIntervals	Lick
650.78075	0.20000000000004547	TimeIntervals	Lick
651.0140000000001	0.09999999999990905	TimeIntervals	Lick
651.1475000000002	0.06649999999990541	TimeIntervals	Lick
651.2475000000001	0.1999999999999318	TimeIntervals	Lick
651.481	0.20000000000004547	TimeIntervals	Lick
651.71425	0.10000000000013642	TimeIntervals	Lick
651.8475	0.10000000000002274	TimeIntervals	Lick
651.981	0.20000000000004547	TimeIntervals	Lick
652.21425	0.1999999999999318	TimeIntervals	Lick
652.4475	0.33350000000007185	TimeIntervals	Lick
652.8145000000001	0.10000000000002274	TimeIntervals	Lick
652.94775	0.10000000000002274	TimeIntervals	Lick
653.081	0.20000000000004547	TimeIntervals	Lick
653.3145000000001	0.10000000000002274	TimeIntervals	Lick
653.44775	0.4667500000000473	TimeIntervals	Lick
653.948	0.10000000000002274	TimeIntervals	Lick
654.0812500000001	0.10000000000002274	TimeIntervals	Lick
654.2145	0.10000000000002274	TimeIntervals	Lick
654.3480000000001	0.3332500000000209	TimeIntervals	Lick
654.7145	0.13350000000002638	TimeIntervals	Lick
654.948	0.06675000000007003	TimeIntervals	Lick
655.0815	0.13325000000008913	TimeIntervals	Lick
655.2815000000002	0.09999999999990905	TimeIntervals	Lick
655.41475	0.4667500000000473	TimeIntervals	Lick
655.915	0.10000000000002274	TimeIntervals	Lick
656.04825	0.23325000000011187	TimeIntervals	Lick
656.315	0.1999999999999318	TimeIntervals	Lick
656.54825	0.10000000000013642	TimeIntervals	Lick
656.6815	0.10000000000013642	TimeIntervals	Lick
656.815	0.09999999999990905	TimeIntervals	Lick
656.9485	0.10000000000002274	TimeIntervals	Lick
657.0817499999999	0.10000000000025011	TimeIntervals	Lick
657.2150000000001	0.09999999999990905	TimeIntervals	Lick
657.3817500000001	0.06674999999984266	TimeIntervals	Lick
657.3817500000001	0.06674999999984266	TimeIntervals	Reward
657.48175	0.09999999999990905	TimeIntervals	Lick
657.615	0.06675000000018372	TimeIntervals	Lick
657.7150000000001	0.3334999999998445	TimeIntervals	Lick
658.082	0.20000000000015916	TimeIntervals	Lick
658.3152500000001	0.1999999999999318	TimeIntervals	Lick
658.5485	0.20000000000015916	TimeIntervals	Lick
658.7820000000002	0.0665000000000191	TimeIntervals	Lick
658.8820000000001	0.09999999999990905	TimeIntervals	Lick
659.01525	0.20024999999998272	TimeIntervals	Lick
659.2487500000002	0.09999999999979536	TimeIntervals	Lick
659.3820000000001	0.09999999999990905	TimeIntervals	Lick
659.5155000000001	0.09999999999990905	TimeIntervals	Lick
659.6487500000001	0.06674999999995634	TimeIntervals	Lick
659.7820000000002	0.06674999999984266	TimeIntervals	Lick
659.8820000000001	0.09999999999990905	TimeIntervals	Lick
660.0155000000001	0.09999999999990905	TimeIntervals	Lick
660.1487500000001	0.20024999999998272	TimeIntervals	Lick
660.3822500000001	0.09999999999990905	TimeIntervals	Lick
660.5155000000001	0.09999999999990905	TimeIntervals	Lick
660.6490000000001	0.09999999999990905	TimeIntervals	Lick
660.7822500000001	0.10000000000002274	TimeIntervals	Lick
660.9155	0.10000000000013642	TimeIntervals	Lick
661.0490000000001	0.10000000000002274	TimeIntervals	Lick
661.1822500000001	0.10000000000002274	TimeIntervals	Lick
661.3155000000002	0.20024999999986903	TimeIntervals	Lick
661.5490000000001	0.10000000000002274	TimeIntervals	Lick
661.7157500000001	0.10000000000002274	TimeIntervals	Lick
661.849	0.09999999999990905	TimeIntervals	Lick
661.9825	0.10000000000013642	TimeIntervals	Lick
662.1157499999999	0.10000000000013642	TimeIntervals	Lick
662.4825	0.13350000000002638	TimeIntervals	Lick
662.6825000000001	0.09999999999990905	TimeIntervals	Lick
662.94925	0.10000000000002274	TimeIntervals	Lick
663.3160000000001	0.09999999999990905	TimeIntervals	Lick
663.516	0.10000000000002274	TimeIntervals	Lick
663.68275	0.06674999999995634	TimeIntervals	Lick
663.8160000000001	0.09999999999990905	TimeIntervals	Lick
663.98275	0.10000000000002274	TimeIntervals	Lick
664.116	0.20000000000015916	TimeIntervals	Lick
664.3495000000001	0.09999999999990905	TimeIntervals	Lick
664.48275	0.10000000000002274	TimeIntervals	Lick
664.6495000000001	0.06674999999984266	TimeIntervals	Lick
664.7830000000001	0.0665000000000191	TimeIntervals	Lick
664.9162500000001	0.09999999999979536	TimeIntervals	Lick
665.0495	0.10000000000013642	TimeIntervals	Lick
665.1830000000001	0.06649999999990541	TimeIntervals	Lick
665.2830000000001	0.10000000000002274	TimeIntervals	Lick
665.4162500000001	0.09999999999979536	TimeIntervals	Lick
665.5495	0.13350000000014006	TimeIntervals	Lick
665.7165	0.10000000000002274	TimeIntervals	Lick
665.84975	0.10000000000002274	TimeIntervals	Lick
665.9830000000001	0.09999999999990905	TimeIntervals	Lick
666.1165000000001	0.0665000000000191	TimeIntervals	Lick
666.2165	0.10000000000002274	TimeIntervals	Lick
666.34975	0.10000000000002274	TimeIntervals	Lick
666.4830000000001	0.20000000000004547	TimeIntervals	Lick
666.7165	0.06650000000013279	TimeIntervals	Lick
666.8165	0.10000000000013642	TimeIntervals	Lick
666.9499999999999	0.10000000000013642	TimeIntervals	Lick
667.0832500000001	0.26674999999988813	TimeIntervals	Lick
667.3832500000001	0.09999999999979536	TimeIntervals	Lick
667.5164999999998	0.2335000000001628	TimeIntervals	Lick
668.0500000000001	0.13350000000002638	TimeIntervals	Lick
668.6167499999999	0.10000000000013642	TimeIntervals	Lick
669.0169999999999	0.10000000000013642	TimeIntervals	Lick
669.3835000000001	0.09999999999979536	TimeIntervals	Lick
669.8170000000001	0.09999999999990905	TimeIntervals	Lick
669.95025	0.06674999999995634	TimeIntervals	Lick
670.05025	0.13350000000002638	TimeIntervals	Lick
670.2505000000001	0.09999999999990905	TimeIntervals	Lick
670.417	0.09999999999990905	TimeIntervals	Lick
670.5505000000002	0.06649999999990541	TimeIntervals	Lick
670.6505000000001	0.0665000000000191	TimeIntervals	Lick
670.7837500000002	0.09999999999979536	TimeIntervals	Lick
670.917	0.09999999999990905	TimeIntervals	Lick
671.0837500000001	0.09999999999990905	TimeIntervals	Lick
671.2170000000001	0.10024999999995998	TimeIntervals	Lick
671.384	0.10000000000002274	TimeIntervals	Lick
671.5505000000002	0.06674999999995634	TimeIntervals	Lick
672.2505000000001	0.10024999999995998	TimeIntervals	Lick
672.4174999999999	0.06650000000013279	TimeIntervals	Lick
672.5507500000001	0.09999999999990905	TimeIntervals	Lick
672.6840000000001	0.10000000000002274	TimeIntervals	Lick
672.8175000000001	0.13324999999986176	TimeIntervals	Lick
672.984	0.06675000000007003	TimeIntervals	Lick
673.0840000000002	0.06674999999984266	TimeIntervals	Lick
673.1840000000001	0.10000000000002274	TimeIntervals	Lick
673.3175000000001	0.133499999999799	TimeIntervals	Lick
673.48425	0.10000000000013642	TimeIntervals	Lick
673.6175	0.10000000000013642	TimeIntervals	Lick
673.751	0.10000000000013642	TimeIntervals	Lick
673.8842500000001	0.5	TimeIntervals	Lick
674.4174999999999	0.06675000000007003	TimeIntervals	Lick
674.4509999999999	0.0665000000000191	TimeIntervals	Reward
674.5174999999999	0.5002500000000509	TimeIntervals	Lick
675.051	0.1999999999999318	TimeIntervals	Lick
675.2845000000001	0.10000000000002274	TimeIntervals	Lick
675.41775	0.06675000000007003	TimeIntervals	Lick
675.51775	0.10024999999995998	TimeIntervals	Lick
675.65125	0.10000000000002274	TimeIntervals	Lick
675.7845000000001	0.10000000000002274	TimeIntervals	Lick
675.918	0.10000000000002274	TimeIntervals	Lick
676.05125	0.10000000000002274	TimeIntervals	Lick
676.1845	0.20000000000015916	TimeIntervals	Lick
676.418	0.10000000000002274	TimeIntervals	Lick
676.55125	0.20024999999998272	TimeIntervals	Lick
676.78475	0.20000000000004547	TimeIntervals	Lick
677.018	0.09999999999990905	TimeIntervals	Lick
677.1515	0.09999999999990905	TimeIntervals	Lick
677.28475	0.10000000000002274	TimeIntervals	Lick
677.418	0.33349999999995816	TimeIntervals	Lick
677.78475	0.10025000000018736	TimeIntervals	Lick
677.9182500000001	0.33324999999990723	TimeIntervals	Lick
678.285	0.10000000000025011	TimeIntervals	Lick
678.4182500000001	0.09999999999990905	TimeIntervals	Lick
678.5515	0.10000000000002274	TimeIntervals	Lick
678.685	0.10000000000002274	TimeIntervals	Lick
678.8182500000001	0.23349999999993543	TimeIntervals	Lick
679.0850000000002	0.09999999999979536	TimeIntervals	Lick
679.2185000000001	0.3332500000000209	TimeIntervals	Lick
679.5850000000002	0.09999999999979536	TimeIntervals	Lick
679.7517500000001	0.03324999999983902	TimeIntervals	Lick
679.95175	0.10025000000007367	TimeIntervals	Lick
680.0852500000001	0.13324999999997544	TimeIntervals	Lick
680.3185	0.033500000000117325	TimeIntervals	Lick
680.5852500000001	0.10000000000002274	TimeIntervals	Lick
680.9185	0.06675000000007003	TimeIntervals	Lick
681.0184999999999	0.10000000000013642	TimeIntervals	Lick
681.152	0.10000000000002274	TimeIntervals	Lick
681.2855000000001	0.10000000000002274	TimeIntervals	Lick
681.4187499999999	0.10000000000013642	TimeIntervals	Lick
681.5855	0.0665000000000191	TimeIntervals	Lick
681.6855	0.10000000000002274	TimeIntervals	Lick
681.8520000000001	0.09999999999990905	TimeIntervals	Lick
682.0187500000001	0.06674999999995634	TimeIntervals	Lick
682.152	0.10024999999995998	TimeIntervals	Lick
682.2855000000001	0.13350000000002638	TimeIntervals	Lick
683.019	0.13325000000008913	TimeIntervals	Lick
683.2190000000002	0.09999999999990905	TimeIntervals	Lick
683.3525000000001	0.09999999999990905	TimeIntervals	Lick
683.519	0.10000000000002274	TimeIntervals	Lick
684.019	0.10000000000002274	TimeIntervals	Lick
684.2525	0.0665000000000191	TimeIntervals	Lick
684.3525000000001	0.09999999999990905	TimeIntervals	Lick
684.5525	0.10000000000013642	TimeIntervals	Lick
684.686	0.13324999999997544	TimeIntervals	Lick
685.2860000000002	0.09999999999990905	TimeIntervals	Lick
685.6195	0.0665000000000191	TimeIntervals	Lick
686.15275	0.10000000000013642	TimeIntervals	Lick
686.3195000000001	0.0665000000000191	TimeIntervals	Lick
686.9530000000001	0.09999999999990905	TimeIntervals	Lick
687.3862500000001	0.06674999999995634	TimeIntervals	Lick
687.7865000000002	0.13324999999986176	TimeIntervals	Lick
688.2865000000002	0.06649999999990541	TimeIntervals	Lick
688.51975	0.16674999999997908	TimeIntervals	Lick
688.8532500000001	0.09999999999990905	TimeIntervals	Lick
689.3865000000001	0.06674999999995634	TimeIntervals	Lick
689.8532500000001	0.1334999999999127	TimeIntervals	Lick
690.2535000000001	0.06649999999990541	TimeIntervals	Lick
690.987	0.10000000000013642	TimeIntervals	Lick
691.487	0.0665000000000191	TimeIntervals	Lick
692.0202499999999	0.06675000000018372	TimeIntervals	Lick
692.687	0.10000000000013642	TimeIntervals	Lick
693.8872500000001	0.10000000000002274	TimeIntervals	Lick
694.1872500000001	0.10024999999995998	TimeIntervals	Lick
694.8875000000002	0.13324999999986176	TimeIntervals	Lick
696.5545000000001	0.10000000000002274	TimeIntervals	Lick
697.0877500000001	0.09999999999990905	TimeIntervals	Lick
698.7547500000001	0.2999999999999545	TimeIntervals	Lick
699.0880000000001	0.10000000000002274	TimeIntervals	Lick
699.2215	0.10000000000002274	TimeIntervals	Lick
699.3547500000001	0.1999999999999318	TimeIntervals	Lick
699.5880000000001	0.06674999999995634	TimeIntervals	Lick
699.6880000000001	0.09999999999990905	TimeIntervals	Lick
699.8215	0.09999999999990905	TimeIntervals	Lick
699.9549999999999	0.0665000000000191	TimeIntervals	Lick
700.055	0.20000000000015916	TimeIntervals	Lick
700.2882500000001	0.10000000000002274	TimeIntervals	Lick
700.4214999999999	0.10000000000002274	TimeIntervals	Lick
700.5215	0.10000000000013642	TimeIntervals	Reward
700.555	0.8667500000000246	TimeIntervals	Lick
701.4549999999999	0.10000000000002274	TimeIntervals	Lick
701.5885	0.20000000000015916	TimeIntervals	Lick
701.8217500000001	0.09999999999990905	TimeIntervals	Lick
701.9549999999999	0.2002500000002101	TimeIntervals	Lick
702.1885000000002	0.5667499999999563	TimeIntervals	Lick
702.7885000000001	0.09999999999990905	TimeIntervals	Lick
702.9219999999999	0.2335000000000491	TimeIntervals	Lick
703.18875	0.20000000000004547	TimeIntervals	Lick
703.4219999999999	0.10000000000013642	TimeIntervals	Lick
703.5554999999999	0.10000000000002274	TimeIntervals	Lick
703.68875	0.10000000000013642	TimeIntervals	Lick
703.8220000000001	0.1999999999999318	TimeIntervals	Lick
704.0554999999999	0.10000000000002274	TimeIntervals	Lick
704.189	0.10000000000025011	TimeIntervals	Lick
704.32225	0.10000000000002274	TimeIntervals	Lick
704.4555	0.33350000000018554	TimeIntervals	Lick
704.82225	0.2332499999998845	TimeIntervals	Lick
705.089	0.09999999999990905	TimeIntervals	Lick
705.22225	0.10024999999995998	TimeIntervals	Lick
705.3557500000002	0.09999999999979536	TimeIntervals	Lick
705.489	0.10000000000002274	TimeIntervals	Lick
705.6225	0.10000000000002274	TimeIntervals	Lick
705.7557500000001	0.10000000000002274	TimeIntervals	Lick
705.8890000000001	0.09999999999990905	TimeIntervals	Lick
706.0225	0.1999999999999318	TimeIntervals	Lick
706.2890000000002	0.06699999999989359	TimeIntervals	Lick
706.3892500000002	0.09999999999990905	TimeIntervals	Lick
706.6560000000001	0.06649999999990541	TimeIntervals	Lick
706.7560000000002	0.06649999999979173	TimeIntervals	Lick
706.8892500000002	0.09999999999990905	TimeIntervals	Lick
707.3560000000001	0.1334999999999127	TimeIntervals	Lick
707.5895	0.09999999999990905	TimeIntervals	Reward
707.6895	0.7664999999999509	TimeIntervals	Lick
708.4895	0.10000000000002274	TimeIntervals	Lick
708.623	0.20000000000004547	TimeIntervals	Lick
708.8562500000002	0.33324999999979354	TimeIntervals	Lick
709.2230000000001	0.1999999999999318	TimeIntervals	Lick
709.4562500000001	0.2002500000000964	TimeIntervals	Lick
709.68975	0.10000000000002274	TimeIntervals	Lick
709.8230000000001	0.1999999999998181	TimeIntervals	Lick
710.0565	0.20000000000004547	TimeIntervals	Lick
710.28975	0.1999999999999318	TimeIntervals	Lick
710.5229999999999	0.10000000000013642	TimeIntervals	Lick
710.6565000000002	0.09999999999990905	TimeIntervals	Lick
710.7900000000001	0.33324999999990723	TimeIntervals	Lick
711.1565000000002	0.09999999999990905	TimeIntervals	Lick
711.2900000000001	0.1999999999999318	TimeIntervals	Lick
711.52325	0.10000000000002274	TimeIntervals	Lick
711.6565000000002	0.09999999999990905	TimeIntervals	Lick
711.7900000000001	0.10000000000002274	TimeIntervals	Lick
711.9235	0.10000000000002274	TimeIntervals	Lick
712.0567500000001	0.10000000000002274	TimeIntervals	Lick
712.19	0.10000000000002274	TimeIntervals	Lick
712.3235	0.10000000000002274	TimeIntervals	Lick
712.4567499999999	0.10000000000013642	TimeIntervals	Lick
712.5900000000001	0.09999999999990905	TimeIntervals	Lick
712.75675	0.10000000000013642	TimeIntervals	Lick
712.9235	0.10000000000002274	TimeIntervals	Lick
713.057	0.10000000000013642	TimeIntervals	Lick
713.2235000000002	0.06674999999984266	TimeIntervals	Lick
713.3235	0.20000000000004547	TimeIntervals	Lick
713.59025	0.06675000000018372	TimeIntervals	Lick
713.6902500000001	0.09999999999990905	TimeIntervals	Lick
713.8235	0.10000000000002274	TimeIntervals	Lick
713.99025	0.06675000000007003	TimeIntervals	Lick
714.0905	0.10000000000013642	TimeIntervals	Lick
714.2237500000001	0.09999999999990905	TimeIntervals	Lick
714.357	0.10000000000002274	TimeIntervals	Lick
714.52375	0.10000000000002274	TimeIntervals	Lick
714.5905	0.10000000000013642	TimeIntervals	Reward
714.6570000000002	0.5	TimeIntervals	Lick
715.1905000000002	0.3334999999998445	TimeIntervals	Lick
715.55725	0.20000000000015916	TimeIntervals	Lick
715.7905000000001	0.10000000000002274	TimeIntervals	Lick
715.9240000000001	0.1999999999999318	TimeIntervals	Lick
716.1572500000001	0.10024999999995998	TimeIntervals	Lick
716.2907500000001	0.10000000000002274	TimeIntervals	Lick
716.4240000000001	0.1999999999999318	TimeIntervals	Lick
716.6575	0.10000000000002274	TimeIntervals	Lick
716.7907500000001	0.10000000000002274	TimeIntervals	Lick
716.9240000000001	0.09999999999990905	TimeIntervals	Lick
717.0575	0.0665000000000191	TimeIntervals	Lick
717.1575	0.10000000000002274	TimeIntervals	Lick
717.2907500000001	0.06674999999995634	TimeIntervals	Lick
717.3910000000001	0.09999999999990905	TimeIntervals	Lick
717.5242499999999	0.20000000000027285	TimeIntervals	Lick
717.7575	0.10000000000002274	TimeIntervals	Lick
717.8910000000001	0.3332500000001346	TimeIntervals	Lick
718.2575	0.4670000000000982	TimeIntervals	Lick
718.7577500000001	0.10000000000002274	TimeIntervals	Lick
718.8910000000001	0.09999999999990905	TimeIntervals	Lick
719.0245	0.10000000000002274	TimeIntervals	Lick
719.1577500000001	0.10000000000002274	TimeIntervals	Lick
719.2910000000002	0.3334999999998445	TimeIntervals	Lick
719.6580000000001	0.10000000000002274	TimeIntervals	Lick
719.8245000000002	0.06674999999984266	TimeIntervals	Lick
719.9245	0.06675000000007003	TimeIntervals	Lick
720.058	0.20000000000015916	TimeIntervals	Lick
720.3245000000002	0.09999999999979536	TimeIntervals	Lick
720.49125	0.09999999999990905	TimeIntervals	Lick
720.6580000000001	0.10000000000002274	TimeIntervals	Lick
720.7915000000002	0.09999999999990905	TimeIntervals	Lick
720.958	0.06674999999995634	TimeIntervals	Lick
721.0915	0.10000000000002274	TimeIntervals	Lick
721.2580000000002	0.06674999999984266	TimeIntervals	Lick
721.3580000000001	0.09999999999990905	TimeIntervals	Lick
721.4915000000001	0.09999999999990905	TimeIntervals	Lick
721.7580000000002	0.10024999999995998	TimeIntervals	Lick
721.8915000000001	0.10000000000002274	TimeIntervals	Lick
722.05825	0.10000000000002274	TimeIntervals	Lick
722.1915	0.2335000000000491	TimeIntervals	Lick
722.525	0.0665000000000191	TimeIntervals	Lick
722.6582500000001	0.10000000000002274	TimeIntervals	Lick
722.8250000000002	0.09999999999990905	TimeIntervals	Lick
722.9585000000001	0.10000000000002274	TimeIntervals	Lick
723.09175	0.13324999999997544	TimeIntervals	Lick
723.2584999999999	0.10000000000025011	TimeIntervals	Lick
723.4250000000001	0.06674999999984266	TimeIntervals	Lick
723.5585000000001	0.10000000000002274	TimeIntervals	Lick
723.7584999999999	0.10000000000025011	TimeIntervals	Lick
723.8917500000001	0.10024999999995998	TimeIntervals	Lick
724.0252499999999	0.10000000000013642	TimeIntervals	Lick
724.1585000000001	0.09999999999979536	TimeIntervals	Lick
724.2920000000001	0.09999999999990905	TimeIntervals	Lick
724.4585000000001	0.10000000000002274	TimeIntervals	Lick
724.5920000000001	0.09999999999990905	TimeIntervals	Lick
724.7252500000001	0.09999999999990905	TimeIntervals	Lick
724.892	0.10000000000002274	TimeIntervals	Lick
725.0254999999999	0.10000000000025011	TimeIntervals	Lick
725.15875	0.09999999999990905	TimeIntervals	Lick
725.3587500000001	0.06675000000007003	TimeIntervals	Lick
725.4587499999999	0.10000000000013642	TimeIntervals	Lick
725.6255000000001	0.09999999999990905	TimeIntervals	Lick
725.7920000000001	0.09999999999990905	TimeIntervals	Lick
726.0920000000001	0.10024999999995998	TimeIntervals	Lick
726.2922500000001	0.06675000000007003	TimeIntervals	Lick
726.6255000000001	0.09999999999990905	TimeIntervals	Lick
727.0590000000001	0.10000000000002274	TimeIntervals	Lick
727.1922500000001	0.10024999999995998	TimeIntervals	Lick
727.3257500000001	0.10000000000002274	TimeIntervals	Lick
727.459	0.10000000000013642	TimeIntervals	Lick
727.5925000000001	0.10000000000002274	TimeIntervals	Lick
727.7257500000001	0.10000000000002274	TimeIntervals	Lick
727.8590000000002	0.09999999999979536	TimeIntervals	Lick
728.0590000000001	0.10000000000002274	TimeIntervals	Lick
728.1925000000001	0.09999999999990905	TimeIntervals	Lick
728.35925	0.10000000000002274	TimeIntervals	Lick
728.4925	0.10000000000013642	TimeIntervals	Lick
728.6260000000002	0.09999999999979536	TimeIntervals	Lick
728.7592500000001	0.09999999999990905	TimeIntervals	Lick
728.9925	0.10000000000013642	TimeIntervals	Lick
729.15925	0.10000000000002274	TimeIntervals	Lick
729.4927499999999	0.10000000000025011	TimeIntervals	Lick
729.6260000000002	0.06674999999995634	TimeIntervals	Lick
729.7595000000001	0.16649999999992815	TimeIntervals	Lick
729.9595	0.09999999999990905	TimeIntervals	Lick
730.5595	0.10000000000013642	TimeIntervals	Lick
730.9929999999999	0.10000000000002274	TimeIntervals	Lick
731.3262500000001	0.09999999999990905	TimeIntervals	Lick
731.4929999999999	0.0665000000000191	TimeIntervals	Lick
731.593	0.10000000000013642	TimeIntervals	Lick
731.7265000000001	0.10000000000002274	TimeIntervals	Lick
731.893	0.06674999999995634	TimeIntervals	Lick
732.4929999999999	0.13350000000002638	TimeIntervals	Lick
732.65975	0.10024999999995998	TimeIntervals	Lick
733.4265	0.1334999999999127	TimeIntervals	Lick
733.9267500000001	0.06674999999995634	TimeIntervals	Lick
734.5935000000001	0.06649999999990541	TimeIntervals	Lick
734.8935000000001	0.09999999999990905	TimeIntervals	Lick
735.8270000000001	0.09999999999990905	TimeIntervals	Lick
736.3937500000001	0.09999999999990905	TimeIntervals	Lick
736.527	0.09999999999990905	TimeIntervals	Lick
736.6605000000001	0.10000000000002274	TimeIntervals	Lick
736.7937500000002	0.06674999999995634	TimeIntervals	Lick
736.927	0.10000000000002274	TimeIntervals	Lick
737.0605	0.20000000000004547	TimeIntervals	Lick
737.2940000000001	0.0665000000000191	TimeIntervals	Lick
737.394	0.10000000000002274	TimeIntervals	Lick
737.5272500000001	0.09999999999990905	TimeIntervals	Lick
737.6605000000001	0.20000000000004547	TimeIntervals	Lick
737.6605000000001	0.06674999999995634	TimeIntervals	Reward
737.894	0.0665000000000191	TimeIntervals	Lick
737.994	0.4334999999999809	TimeIntervals	Lick
738.4607500000002	0.1999999999999318	TimeIntervals	Lick
738.694	0.10000000000013642	TimeIntervals	Lick
738.8275000000001	0.1999999999999318	TimeIntervals	Lick
739.06075	0.06675000000007003	TimeIntervals	Lick
739.1607500000001	0.20024999999998272	TimeIntervals	Lick
739.3942499999999	0.20000000000015916	TimeIntervals	Lick
739.6275	0.10000000000002274	TimeIntervals	Lick
739.761	0.20000000000004547	TimeIntervals	Lick
739.9942500000001	0.10000000000002274	TimeIntervals	Lick
740.1275	0.4670000000000982	TimeIntervals	Lick
740.6277500000001	0.33324999999990723	TimeIntervals	Lick
740.9945	0.10000000000013642	TimeIntervals	Lick
741.1277500000001	0.09999999999990905	TimeIntervals	Lick
741.261	0.10000000000013642	TimeIntervals	Lick
741.42775	0.06675000000007003	TimeIntervals	Lick
741.528	0.10000000000013642	TimeIntervals	Lick
741.6612500000001	0.09999999999990905	TimeIntervals	Lick
741.8280000000001	0.0665000000000191	TimeIntervals	Lick
742.0945000000002	0.09999999999990905	TimeIntervals	Lick
742.36125	0.09999999999990905	TimeIntervals	Lick
742.528	0.06650000000013279	TimeIntervals	Lick
742.89475	0.06674999999995634	TimeIntervals	Lick
743.2615000000001	0.10000000000013642	TimeIntervals	Lick
743.5615	0.06650000000013279	TimeIntervals	Lick
743.7280000000001	0.06700000000000728	TimeIntervals	Lick
743.8950000000001	0.09999999999990905	TimeIntervals	Lick
744.02825	0.10000000000002274	TimeIntervals	Lick
744.1615000000002	0.09999999999990905	TimeIntervals	Lick
744.2950000000001	0.06650000000013279	TimeIntervals	Lick
744.4282499999999	0.10000000000002274	TimeIntervals	Lick
744.5615	0.10000000000013642	TimeIntervals	Lick
744.8950000000001	0.06674999999995634	TimeIntervals	Lick
744.995	0.10000000000002274	TimeIntervals	Lick
745.2285000000002	0.16649999999992815	TimeIntervals	Lick
745.8950000000001	0.10024999999995998	TimeIntervals	Lick
746.7285000000002	0.09999999999979536	TimeIntervals	Lick
747.1620000000001	0.1667499999998654	TimeIntervals	Lick
748.0955	0.06674999999995634	TimeIntervals	Lick
748.96225	0.06674999999995634	TimeIntervals	Lick
749.49575	0.06674999999995634	TimeIntervals	Lick
750.129	0.10000000000013642	TimeIntervals	Lick
750.4625	0.06675000000007003	TimeIntervals	Lick
751.6627500000001	0.09999999999990905	TimeIntervals	Lick
752.7295	0.09999999999990905	TimeIntervals	Lick
753.5630000000001	0.16674999999997908	TimeIntervals	Lick
754.263	0.06674999999995634	TimeIntervals	Lick
754.83	0.09999999999990905	TimeIntervals	Lick
755.5632499999999	0.10000000000013642	TimeIntervals	Lick
755.99675	0.13325000000008913	TimeIntervals	Lick
756.9302499999999	0.06675000000007003	TimeIntervals	Lick
757.297	0.10000000000002274	TimeIntervals	Lick
757.4635	0.10000000000002274	TimeIntervals	Lick
758.7305	0.10000000000002274	TimeIntervals	Lick
758.8637500000001	0.1667499999998654	TimeIntervals	Lick
759.0970000000001	0.06700000000012096	TimeIntervals	Lick
759.19725	0.10000000000002274	TimeIntervals	Lick
759.3305	0.09999999999990905	TimeIntervals	Lick
759.464	0.06649999999990541	TimeIntervals	Lick
759.5639999999999	0.1000000000003638	TimeIntervals	Lick
759.69725	0.06675000000007003	TimeIntervals	Lick
759.7972500000001	0.1999999999999318	TimeIntervals	Lick
760.0305	0.2002500000002101	TimeIntervals	Lick
760.2640000000001	0.10000000000002274	TimeIntervals	Lick
760.43075	0.06674999999995634	TimeIntervals	Lick
760.5307499999999	0.1332500000003165	TimeIntervals	Lick
760.6975	0.06650000000013279	TimeIntervals	Lick
760.6975	0.06650000000013279	TimeIntervals	Reward
760.7975	0.10000000000013642	TimeIntervals	Lick
760.93075	0.06674999999995634	TimeIntervals	Lick
761.0307499999999	0.5335000000001173	TimeIntervals	Lick
761.5975	0.20000000000004547	TimeIntervals	Lick
761.831	0.2999999999999545	TimeIntervals	Lick
762.16425	0.4334999999999809	TimeIntervals	Lick
762.631	0.20000000000004547	TimeIntervals	Lick
762.8645	0.1999999999999318	TimeIntervals	Lick
763.09775	0.06675000000007003	TimeIntervals	Lick
763.19775	0.20000000000004547	TimeIntervals	Lick
763.431	0.10024999999995998	TimeIntervals	Lick
763.5645	0.33350000000007185	TimeIntervals	Lick
763.93125	0.10000000000002274	TimeIntervals	Lick
764.0645	0.10000000000013642	TimeIntervals	Lick
764.23125	0.06675000000007003	TimeIntervals	Lick
764.3645	0.06674999999995634	TimeIntervals	Lick
764.4645	0.06674999999995634	TimeIntervals	Lick
764.6980000000001	0.06675000000007003	TimeIntervals	Lick
765.1980000000001	0.10000000000002274	TimeIntervals	Lick
765.5315	0.09999999999990905	TimeIntervals	Lick
765.69825	0.10000000000002274	TimeIntervals	Lick
765.8982500000002	0.03324999999983902	TimeIntervals	Lick
766.0315	0.09999999999990905	TimeIntervals	Lick
766.3315	0.10000000000002274	TimeIntervals	Lick
766.465	0.10000000000002274	TimeIntervals	Lick
766.59825	0.06675000000007003	TimeIntervals	Lick
766.7315000000001	0.1002499999998463	TimeIntervals	Lick
766.8985	0.10000000000002274	TimeIntervals	Lick
767.065	0.03349999999988995	TimeIntervals	Lick
767.5985	0.13325000000008913	TimeIntervals	Lick
768.232	0.06650000000013279	TimeIntervals	Lick
768.3320000000001	0.09999999999990905	TimeIntervals	Lick
769.19875	0.06675000000007003	TimeIntervals	Lick
769.6320000000001	0.09999999999990905	TimeIntervals	Lick
770.099	0.0665000000000191	TimeIntervals	Lick
770.4655	0.03350000000000364	TimeIntervals	Lick
770.7990000000002	0.06649999999990541	TimeIntervals	Lick
771.8990000000001	0.09999999999990905	TimeIntervals	Lick
772.8660000000002	0.13324999999986176	TimeIntervals	Lick
773.5660000000001	0.13350000000002638	TimeIntervals	Lick
774.933	0.09999999999990905	TimeIntervals	Lick
775.06625	0.3000000000001819	TimeIntervals	Lick
775.3995000000001	0.09999999999990905	TimeIntervals	Lick
775.5329999999999	0.10000000000025011	TimeIntervals	Lick
775.6665000000002	0.06649999999990541	TimeIntervals	Lick
775.7665	0.10000000000013642	TimeIntervals	Lick
775.89975	0.10000000000002274	TimeIntervals	Lick
776.0329999999999	0.10000000000025011	TimeIntervals	Lick
776.1665000000002	0.06649999999990541	TimeIntervals	Lick
776.2665	0.10000000000013642	TimeIntervals	Lick
776.39975	0.10000000000002274	TimeIntervals	Lick
776.5329999999999	0.06675000000007003	TimeIntervals	Lick
776.6665000000002	0.09999999999979536	TimeIntervals	Lick
776.7332500000001	0.10000000000002274	TimeIntervals	Reward
776.8000000000001	0.40000000000009095	TimeIntervals	Lick
777.2332500000001	0.06674999999995634	TimeIntervals	Lick
777.3332500000001	0.06674999999995634	TimeIntervals	Lick
777.43325	0.09999999999990905	TimeIntervals	Lick
777.5665	0.10000000000013642	TimeIntervals	Lick
777.7000000000002	0.06649999999979173	TimeIntervals	Lick
777.8000000000001	0.10000000000002274	TimeIntervals	Lick
777.9335000000001	0.1999999999998181	TimeIntervals	Lick
778.1667500000001	1.3002500000000055	TimeIntervals	Lick
779.5002499999999	0.10000000000013642	TimeIntervals	Lick
779.6334999999999	0.20000000000015916	TimeIntervals	Lick
779.8670000000001	0.10000000000002274	TimeIntervals	Lick
780.0005000000001	0.09999999999990905	TimeIntervals	Lick
780.13375	0.10000000000002274	TimeIntervals	Lick
780.2669999999999	0.20000000000015916	TimeIntervals	Lick
780.5005000000001	0.09999999999990905	TimeIntervals	Lick
780.63375	0.4667500000000473	TimeIntervals	Lick
781.1672500000001	0.09999999999990905	TimeIntervals	Lick
781.3005000000002	0.09999999999990905	TimeIntervals	Lick
781.4340000000001	0.09999999999990905	TimeIntervals	Lick
781.5672500000001	0.10000000000002274	TimeIntervals	Lick
781.7005	0.20000000000004547	TimeIntervals	Lick
781.9672499999999	0.33350000000018554	TimeIntervals	Lick
782.3340000000002	1.200249999999869	TimeIntervals	Lick
783.5675000000001	0.09999999999990905	TimeIntervals	Lick
783.8675000000002	0.09999999999979536	TimeIntervals	Lick
784.1675	0.30024999999989177	TimeIntervals	Lick
784.6677500000001	0.06674999999995634	TimeIntervals	Lick
784.86775	0.06674999999995634	TimeIntervals	Lick
785.101	0.10000000000002274	TimeIntervals	Lick
785.468	0.10000000000013642	TimeIntervals	Lick
785.60125	0.10000000000002274	TimeIntervals	Lick
786.268	0.10000000000002274	TimeIntervals	Lick
786.468	0.10000000000013642	TimeIntervals	Lick
786.63475	0.1999999999999318	TimeIntervals	Lick
786.83475	0.03325000000006639	TimeIntervals	Reward
787.0014999999999	0.10000000000025011	TimeIntervals	Lick
787.13475	0.06675000000007003	TimeIntervals	Lick
787.2347500000001	0.4002499999999145	TimeIntervals	Lick
787.6682500000002	0.1999999999999318	TimeIntervals	Lick
787.9015	0.20000000000004547	TimeIntervals	Lick
788.135	0.20000000000015916	TimeIntervals	Lick
788.3682500000001	0.20000000000004547	TimeIntervals	Lick
788.6015000000001	0.20024999999998272	TimeIntervals	Lick
788.8350000000002	0.19999999999970441	TimeIntervals	Lick
789.0685	0.20000000000004547	TimeIntervals	Lick
789.3017500000001	0.09999999999990905	TimeIntervals	Lick
789.435	0.20000000000004547	TimeIntervals	Lick
789.6685000000001	0.09999999999990905	TimeIntervals	Lick
789.8017500000001	0.10024999999995998	TimeIntervals	Lick
789.93525	0.1999999999999318	TimeIntervals	Lick
790.1685000000001	0.3334999999998445	TimeIntervals	Lick
790.5352499999999	0.10000000000002274	TimeIntervals	Lick
790.6685000000001	0.09999999999990905	TimeIntervals	Lick
790.802	0.10000000000002274	TimeIntervals	Lick
790.9354999999999	0.20000000000004547	TimeIntervals	Lick
791.1687500000002	0.13324999999986176	TimeIntervals	Lick
791.3687500000001	0.06674999999984266	TimeIntervals	Lick
791.502	0.13350000000002638	TimeIntervals	Lick
791.6687500000002	0.09999999999990905	TimeIntervals	Lick
791.8355000000001	0.09999999999979536	TimeIntervals	Lick
792.1690000000001	0.1999999999999318	TimeIntervals	Lick
792.40225	0.20000000000004547	TimeIntervals	Lick
792.6355	0.10000000000013642	TimeIntervals	Lick
792.8022500000001	0.06674999999995634	TimeIntervals	Lick
792.90225	0.13324999999986176	TimeIntervals	Lick
793.069	0.0665000000000191	TimeIntervals	Lick
793.269	0.06675000000018372	TimeIntervals	Lick
793.43575	0.03325000000006639	TimeIntervals	Lick
793.6025000000001	0.10000000000002274	TimeIntervals	Lick
793.8357500000002	0.09999999999979536	TimeIntervals	Lick
793.969	0.09999999999990905	TimeIntervals	Lick
794.1025000000001	0.0665000000000191	TimeIntervals	Lick
794.2025000000001	0.10000000000002274	TimeIntervals	Lick
794.3360000000001	0.09999999999990905	TimeIntervals	Lick
794.4692500000001	0.06674999999984266	TimeIntervals	Lick
794.6025000000001	0.10000000000002274	TimeIntervals	Lick
794.7360000000001	0.1999999999999318	TimeIntervals	Lick
794.9692500000001	0.09999999999990905	TimeIntervals	Lick
795.1025000000001	0.10000000000002274	TimeIntervals	Lick
795.2360000000001	0.10000000000002274	TimeIntervals	Lick
795.3695000000001	0.06649999999990541	TimeIntervals	Lick
795.4695	0.10000000000002274	TimeIntervals	Lick
795.60275	0.10000000000002274	TimeIntervals	Lick
795.7360000000001	0.10000000000002274	TimeIntervals	Lick
795.8360000000001	0.09999999999990905	TimeIntervals	Reward
795.8695000000001	0.43325000000004366	TimeIntervals	Lick
796.3360000000001	0.06674999999984266	TimeIntervals	Lick
796.436	0.06700000000012096	TimeIntervals	Lick
796.53625	0.10000000000002274	TimeIntervals	Lick
796.6695	0.20000000000015916	TimeIntervals	Lick
796.903	0.10000000000013642	TimeIntervals	Lick
797.03625	0.10000000000002274	TimeIntervals	Lick
797.1695	0.4335000000000946	TimeIntervals	Lick
797.6365000000001	0.10000000000002274	TimeIntervals	Lick
797.76975	0.20000000000004547	TimeIntervals	Lick
798.0030000000002	0.1999999999999318	TimeIntervals	Lick
798.2365000000001	0.10000000000002274	TimeIntervals	Lick
798.3697500000002	0.09999999999990905	TimeIntervals	Lick
798.5030000000002	0.20024999999998272	TimeIntervals	Lick
798.7365000000001	0.10000000000002274	TimeIntervals	Lick
798.8700000000001	0.09999999999990905	TimeIntervals	Lick
799.00325	0.20000000000015916	TimeIntervals	Lick
799.2365000000001	0.10000000000002274	TimeIntervals	Lick
799.3700000000001	0.09999999999990905	TimeIntervals	Lick
799.50325	0.10000000000002274	TimeIntervals	Lick
799.6365000000001	0.10000000000002274	TimeIntervals	Lick
799.7700000000001	0.10000000000002274	TimeIntervals	Lick
799.9035	0.10000000000013642	TimeIntervals	Lick
800.03675	0.20000000000004547	TimeIntervals	Lick
800.2700000000001	0.1999999999999318	TimeIntervals	Lick
800.5035000000001	0.09999999999990905	TimeIntervals	Lick
800.67	0.2335000000000491	TimeIntervals	Lick
801.0369999999999	0.06650000000013279	TimeIntervals	Lick
801.2035	0.10000000000025011	TimeIntervals	Lick
801.437	0.06650000000013279	TimeIntervals	Lick
801.7035	0.06675000000007003	TimeIntervals	Lick
801.8370000000001	0.1334999999999127	TimeIntervals	Lick
802.00375	0.10000000000013642	TimeIntervals	Lick
802.1370000000001	0.09999999999990905	TimeIntervals	Lick
802.2705000000001	0.10000000000002274	TimeIntervals	Lick
802.40375	0.10000000000002274	TimeIntervals	Lick
802.5369999999999	0.06675000000018372	TimeIntervals	Lick
802.6370000000001	0.09999999999990905	TimeIntervals	Lick
802.8037500000002	0.09999999999979536	TimeIntervals	Lick
802.937	0.09999999999990905	TimeIntervals	Lick
803.0705000000002	0.1999999999999318	TimeIntervals	Lick
803.33725	0.06674999999995634	TimeIntervals	Lick
803.4372500000001	0.13325000000008913	TimeIntervals	Lick
803.63725	0.06674999999995634	TimeIntervals	Lick
803.7372500000001	0.09999999999990905	TimeIntervals	Lick
803.904	0.10000000000002274	TimeIntervals	Lick
804.03725	0.10025000000018736	TimeIntervals	Lick
804.1707500000001	0.10000000000002274	TimeIntervals	Lick
804.3040000000001	0.23349999999982174	TimeIntervals	Lick
804.5707500000001	0.13324999999986176	TimeIntervals	Lick
804.7707500000001	0.09999999999990905	TimeIntervals	Lick
804.904	0.10000000000002274	TimeIntervals	Lick
805.0374999999999	0.2667500000002292	TimeIntervals	Lick
805.5709999999999	0.10000000000025011	TimeIntervals	Lick
806.0709999999999	0.10000000000025011	TimeIntervals	Lick
806.3375000000001	0.1002499999998463	TimeIntervals	Lick
806.6045	0.09999999999990905	TimeIntervals	Lick
806.7710000000001	0.06675000000007003	TimeIntervals	Lick
806.9377499999999	0.13324999999997544	TimeIntervals	Lick
807.57125	0.10000000000002274	TimeIntervals	Lick
807.8712500000001	0.06674999999984266	TimeIntervals	Lick
808.07125	0.10000000000002274	TimeIntervals	Lick
808.2044999999999	0.10000000000013642	TimeIntervals	Lick
808.7380000000002	0.09999999999990905	TimeIntervals	Lick
808.8715000000001	0.09999999999990905	TimeIntervals	Lick
809.0047500000001	0.10000000000002274	TimeIntervals	Lick
809.3715000000001	0.09999999999990905	TimeIntervals	Lick
810.0382500000001	0.10000000000002274	TimeIntervals	Lick
810.33825	0.03325000000006639	TimeIntervals	Lick
810.4382499999999	0.10000000000013642	TimeIntervals	Lick
810.7385000000002	0.16649999999992815	TimeIntervals	Lick
811.205	0.06675000000007003	TimeIntervals	Lick
811.5385	0.16650000000004184	TimeIntervals	Lick
811.7385000000002	0.09999999999979536	TimeIntervals	Lick
813.072	0.10000000000002274	TimeIntervals	Lick
813.6387500000001	0.09999999999990905	TimeIntervals	Lick
814.8055	0.09999999999990905	TimeIntervals	Lick
815.339	0.06674999999995634	TimeIntervals	Lick
816.2725000000002	0.06674999999984266	TimeIntervals	Lick
816.3725000000003	0.09999999999956799	TimeIntervals	Lick
816.506	0.10000000000002274	TimeIntervals	Lick
816.9060000000001	0.09999999999990905	TimeIntervals	Lick
817.0392499999999	0.06675000000007003	TimeIntervals	Lick
817.2725000000002	0.10025000000007367	TimeIntervals	Lick
817.8727500000002	0.09999999999968168	TimeIntervals	Lick
818.50625	0.09999999999990905	TimeIntervals	Lick
819.9729999999998	0.06675000000018372	TimeIntervals	Lick
820.7732500000002	0.06674999999995634	TimeIntervals	Lick
820.8732500000001	0.06674999999984266	TimeIntervals	Lick
820.97325	0.09999999999990905	TimeIntervals	Lick
821.1400000000001	0.06649999999990541	TimeIntervals	Lick
821.24	0.10000000000013642	TimeIntervals	Lick
821.3732500000001	0.09999999999990905	TimeIntervals	Lick
821.5065	0.06674999999995634	TimeIntervals	Lick
821.6065000000001	0.20024999999998272	TimeIntervals	Lick
821.8400000000001	0.09999999999979536	TimeIntervals	Lick
821.9735	0.20000000000004547	TimeIntervals	Lick
822.2067499999999	0.06675000000018372	TimeIntervals	Lick
822.3067500000001	0.10000000000002274	TimeIntervals	Lick
822.4399999999999	0.10000000000002274	TimeIntervals	Lick
822.60675	0.20024999999998272	TimeIntervals	Lick
822.84025	0.09999999999990905	TimeIntervals	Lick
822.9070000000002	0.03324999999972533	TimeIntervals	Reward
823.0070000000001	0.1999999999999318	TimeIntervals	Lick
823.24025	0.3000000000000682	TimeIntervals	Lick
823.5735	0.33350000000018554	TimeIntervals	Lick
823.9405	0.20000000000004547	TimeIntervals	Lick
824.1737499999999	0.06675000000007003	TimeIntervals	Lick
824.2737500000001	0.10000000000013642	TimeIntervals	Lick
824.4070000000002	0.06674999999984266	TimeIntervals	Lick
824.5070000000001	0.09999999999990905	TimeIntervals	Lick
824.6405000000001	0.09999999999990905	TimeIntervals	Lick
824.7737500000001	0.1999999999999318	TimeIntervals	Lick
825.0070000000001	0.10024999999995998	TimeIntervals	Lick
825.1405000000001	0.1999999999999318	TimeIntervals	Lick
825.3740000000001	0.09999999999990905	TimeIntervals	Lick
825.5072500000001	0.1999999999999318	TimeIntervals	Lick
825.7405	0.10000000000002274	TimeIntervals	Lick
825.8740000000001	0.09999999999990905	TimeIntervals	Lick
826.0072500000001	0.20024999999986903	TimeIntervals	Lick
826.2407499999999	0.10000000000013642	TimeIntervals	Lick
826.4075	0.10000000000002274	TimeIntervals	Lick
826.5407500000001	0.06674999999984266	TimeIntervals	Lick
826.6407500000001	0.39999999999997726	TimeIntervals	Lick
827.074	0.30025000000011914	TimeIntervals	Lick
827.4075	0.10000000000002274	TimeIntervals	Lick
827.641	2.000250000000051	TimeIntervals	Lick
829.6745	2.000500000000102	TimeIntervals	Lick
831.8750000000001	0.09999999999979536	TimeIntervals	Lick
832.0082500000001	0.1999999999999318	TimeIntervals	Lick
832.2415000000001	0.23349999999982174	TimeIntervals	Lick
832.5415000000002	0.09999999999979536	TimeIntervals	Lick
832.6750000000001	0.10000000000002274	TimeIntervals	Lick
832.8085000000002	0.06649999999990541	TimeIntervals	Lick
832.9085	0.09999999999990905	TimeIntervals	Lick
833.0417500000001	0.10000000000002274	TimeIntervals	Lick
833.3085000000002	0.09999999999979536	TimeIntervals	Lick
833.4749999999999	0.06675000000018372	TimeIntervals	Lick
833.87525	0.1999999999999318	TimeIntervals	Lick
834.1084999999999	0.10000000000002274	TimeIntervals	Lick
834.2420000000001	0.2332499999998845	TimeIntervals	Lick
834.5084999999999	0.10000000000002274	TimeIntervals	Lick
834.6419999999999	0.10000000000013642	TimeIntervals	Lick
834.7752500000001	0.10024999999995998	TimeIntervals	Lick
834.90875	0.13324999999997544	TimeIntervals	Lick
835.0755	0.10000000000013642	TimeIntervals	Lick
835.2087500000001	0.10000000000002274	TimeIntervals	Lick
835.3420000000001	0.1999999999999318	TimeIntervals	Lick
835.60875	0.10000000000013642	TimeIntervals	Lick
835.7420000000001	0.23349999999982174	TimeIntervals	Lick
836.009	0.10000000000002274	TimeIntervals	Lick
836.14225	0.10000000000013642	TimeIntervals	Lick
836.2755000000001	0.10000000000002274	TimeIntervals	Lick
836.409	0.10000000000002274	TimeIntervals	Lick
836.5422500000001	0.09999999999990905	TimeIntervals	Lick
836.6755000000002	0.09999999999990905	TimeIntervals	Lick
836.84225	0.06674999999995634	TimeIntervals	Lick
836.9754999999999	0.2335000000002765	TimeIntervals	Lick
837.509	0.10000000000002274	TimeIntervals	Lick
837.77575	0.10000000000013642	TimeIntervals	Lick
837.909	0.16675000000009277	TimeIntervals	Lick
838.1425	0.1334999999999127	TimeIntervals	Lick
838.5424999999999	0.06675000000007003	TimeIntervals	Lick
838.776	0.06650000000013279	TimeIntervals	Lick
839.10925	0.0667500000002974	TimeIntervals	Lick
839.44275	0.06674999999995634	TimeIntervals	Lick
839.8427500000001	0.09999999999990905	TimeIntervals	Lick
840.4095	0.06674999999995634	TimeIntervals	Lick
840.8095000000002	0.09999999999979536	TimeIntervals	Lick
840.9762499999999	0.10000000000013642	TimeIntervals	Lick
841.1094999999999	0.10000000000013642	TimeIntervals	Lick
841.3095000000002	0.09999999999979536	TimeIntervals	Lick
841.443	0.10000000000002274	TimeIntervals	Lick
841.6097500000001	0.06675000000007003	TimeIntervals	Lick
841.70975	0.10000000000013642	TimeIntervals	Lick
841.9765	0.20000000000015916	TimeIntervals	Lick
842.443	0.10000000000002274	TimeIntervals	Lick
842.5765000000001	0.10000000000002274	TimeIntervals	Lick
842.7100000000002	0.09999999999990905	TimeIntervals	Lick
842.8765000000002	0.09999999999979536	TimeIntervals	Lick
843.01	0.20000000000015916	TimeIntervals	Lick
843.2432500000001	0.09999999999990905	TimeIntervals	Lick
843.4099999999999	0.10000000000013642	TimeIntervals	Lick
843.5432500000001	0.10000000000002274	TimeIntervals	Lick
843.6765000000001	0.1002499999998463	TimeIntervals	Lick
843.8435000000001	0.06649999999979173	TimeIntervals	Lick
843.9435	0.10000000000002274	TimeIntervals	Lick
844.11	0.10000000000013642	TimeIntervals	Lick
844.27675	0.10000000000013642	TimeIntervals	Lick
844.4099999999999	0.10000000000013642	TimeIntervals	Lick
844.5435	0.10000000000002274	TimeIntervals	Lick
844.7100000000002	0.06699999999989359	TimeIntervals	Lick
844.8102500000001	0.13324999999986176	TimeIntervals	Lick
844.9435	0.10000000000002274	TimeIntervals	Reward
844.9770000000001	0.39999999999997726	TimeIntervals	Lick
845.4102499999999	0.06675000000018372	TimeIntervals	Lick
845.5435	0.06675000000007003	TimeIntervals	Lick
845.6435	0.10000000000002274	TimeIntervals	Lick
845.777	0.0665000000000191	TimeIntervals	Lick
845.9104999999998	0.06650000000024647	TimeIntervals	Lick
846.0105	0.10000000000002274	TimeIntervals	Lick
846.1437500000001	0.06675000000007003	TimeIntervals	Lick
846.24375	0.10000000000013642	TimeIntervals	Lick
846.3770000000001	0.10000000000002274	TimeIntervals	Lick
846.5105	0.06650000000013279	TimeIntervals	Lick
846.6105	0.466750000000161	TimeIntervals	Lick
847.1105	0.10000000000013642	TimeIntervals	Lick
847.244	0.10000000000013642	TimeIntervals	Lick
847.37725	0.06674999999995634	TimeIntervals	Lick
847.47725	0.10000000000013642	TimeIntervals	Lick
847.6105	0.10000000000013642	TimeIntervals	Lick
847.744	0.1999999999999318	TimeIntervals	Lick
847.97725	0.10025000000007367	TimeIntervals	Lick
848.11075	0.20000000000004547	TimeIntervals	Lick
848.3440000000002	0.09999999999979536	TimeIntervals	Lick
848.4775	0.20000000000004547	TimeIntervals	Lick
848.7107500000002	0.09999999999990905	TimeIntervals	Lick
848.8440000000002	0.09999999999979536	TimeIntervals	Lick
848.9775	0.10000000000013642	TimeIntervals	Lick
849.11075	0.10025000000007367	TimeIntervals	Lick
849.2442500000001	0.06675000000007003	TimeIntervals	Lick
849.3442500000001	0.09999999999990905	TimeIntervals	Lick
849.4775	0.10000000000013642	TimeIntervals	Lick
849.611	0.0665000000000191	TimeIntervals	Lick
849.7442500000001	0.10000000000002274	TimeIntervals	Lick
849.911	0.0665000000000191	TimeIntervals	Lick
850.04425	0.09999999999990905	TimeIntervals	Lick
850.3777500000001	0.2332499999998845	TimeIntervals	Lick
850.67775	0.10000000000002274	TimeIntervals	Lick
850.8445000000002	0.09999999999990905	TimeIntervals	Lick
850.97775	0.10000000000013642	TimeIntervals	Lick
851.1445	0.10000000000002274	TimeIntervals	Lick
851.3110000000001	0.1002499999998463	TimeIntervals	Lick
851.6445	0.06675000000007003	TimeIntervals	Lick
851.7445	0.10000000000013642	TimeIntervals	Lick
851.8780000000002	0.09999999999979536	TimeIntervals	Lick
852.01125	0.09999999999990905	TimeIntervals	Lick
852.178	0.0665000000000191	TimeIntervals	Lick
852.278	0.13324999999997544	TimeIntervals	Lick
852.478	0.10000000000013642	TimeIntervals	Lick
852.6115000000001	0.10000000000002274	TimeIntervals	Lick
852.74475	0.13325000000020282	TimeIntervals	Lick
852.94475	0.033249999999952706	TimeIntervals	Lick
853.04475	0.06675000000007003	TimeIntervals	Lick
853.178	0.10000000000002274	TimeIntervals	Lick
853.5782500000001	0.09999999999979536	TimeIntervals	Lick
854.145	0.06650000000013279	TimeIntervals	Lick
854.2450000000001	0.10000000000002274	TimeIntervals	Lick
854.3782500000001	0.10000000000002274	TimeIntervals	Lick
854.5115	0.10000000000013642	TimeIntervals	Lick
854.6785	0.06650000000013279	TimeIntervals	Lick
854.8117500000001	0.09999999999990905	TimeIntervals	Lick
854.945	0.09999999999990905	TimeIntervals	Lick
855.41175	0.10000000000002274	TimeIntervals	Lick
855.7117500000002	0.23349999999970805	TimeIntervals	Lick
856.3785000000001	0.09999999999990905	TimeIntervals	Lick
856.74525	0.10025000000007367	TimeIntervals	Lick
857.17875	0.09999999999990905	TimeIntervals	Lick
857.5455000000001	0.09999999999990905	TimeIntervals	Lick
858.3455000000001	0.09999999999979536	TimeIntervals	Lick
858.71225	0.10000000000002274	TimeIntervals	Lick
859.01225	0.10025000000007367	TimeIntervals	Lick
859.14575	0.10000000000002274	TimeIntervals	Lick
860.079	0.033500000000117325	TimeIntervals	Lick
860.2460000000001	0.10000000000002274	TimeIntervals	Lick
860.5124999999999	0.10000000000013642	TimeIntervals	Lick
861.91275	0.09999999999990905	TimeIntervals	Lick
862.4129999999999	0.06650000000013279	TimeIntervals	Lick
862.6130000000002	0.09999999999990905	TimeIntervals	Lick
863.1462500000001	0.10000000000002274	TimeIntervals	Lick
864.1130000000002	0.09999999999990905	TimeIntervals	Lick
864.6132500000001	0.16674999999997908	TimeIntervals	Lick
864.81325	0.06675000000007003	TimeIntervals	Lick
866.0135	0.10000000000002274	TimeIntervals	Lick
867.2802500000001	0.06674999999995634	TimeIntervals	Lick
867.7470000000002	0.06649999999990541	TimeIntervals	Lick
868.31375	0.09999999999990905	TimeIntervals	Lick
869.5140000000001	0.06649999999990541	TimeIntervals	Lick
869.64725	0.06675000000007003	TimeIntervals	Lick
870.914	0.06675000000007003	TimeIntervals	Lick
872.1475000000002	0.09999999999990905	TimeIntervals	Lick
872.2810000000001	0.10000000000013642	TimeIntervals	Lick
873.8812500000001	0.09999999999979536	TimeIntervals	Lick
875.3480000000001	0.06674999999995634	TimeIntervals	Lick
875.448	0.06700000000012096	TimeIntervals	Lick
875.54825	0.10000000000013642	TimeIntervals	Lick
875.6815	0.10000000000013642	TimeIntervals	Lick
875.815	0.0665000000000191	TimeIntervals	Lick
875.915	0.3000000000001819	TimeIntervals	Lick
876.2482500000001	0.1999999999998181	TimeIntervals	Lick
876.4815000000001	0.06674999999995634	TimeIntervals	Lick
876.5815	0.10025000000007367	TimeIntervals	Lick
876.7150000000001	0.09999999999990905	TimeIntervals	Lick
876.8485000000002	0.06649999999979173	TimeIntervals	Lick
876.9485	0.10000000000002274	TimeIntervals	Lick
877.0150000000001	0.06674999999984266	TimeIntervals	Reward
877.0817499999999	0.10000000000013642	TimeIntervals	Lick
877.2150000000001	0.26674999999988813	TimeIntervals	Lick
877.5150000000001	0.20000000000004547	TimeIntervals	Lick
877.7485000000001	0.1999999999998181	TimeIntervals	Lick
877.982	0.3000000000001819	TimeIntervals	Lick
878.3152500000001	0.1999999999999318	TimeIntervals	Lick
878.5485	0.20000000000015916	TimeIntervals	Lick
878.7820000000002	0.1999999999998181	TimeIntervals	Lick
879.0155000000001	0.1999999999999318	TimeIntervals	Lick
879.2487500000002	0.1999999999998181	TimeIntervals	Lick
879.482	0.10000000000002274	TimeIntervals	Lick
879.6155	0.33349999999995816	TimeIntervals	Lick
879.98225	0.10000000000002274	TimeIntervals	Lick
880.1155	0.10000000000002274	TimeIntervals	Lick
880.249	0.10000000000002274	TimeIntervals	Lick
880.3822500000001	0.33324999999990723	TimeIntervals	Lick
880.749	0.10000000000002274	TimeIntervals	Lick
880.9155	0.10000000000013642	TimeIntervals	Lick
881.0490000000001	0.26674999999988813	TimeIntervals	Lick
881.349	0.09999999999990905	TimeIntervals	Lick
881.5825	0.13325000000008913	TimeIntervals	Lick
881.7825000000001	0.10000000000002274	TimeIntervals	Lick
882.0825	0.10000000000013642	TimeIntervals	Lick
882.216	0.06650000000013279	TimeIntervals	Lick
882.34925	0.13324999999997544	TimeIntervals	Lick
882.6825000000001	0.10000000000002274	TimeIntervals	Lick
882.8160000000001	0.13324999999986176	TimeIntervals	Lick
884.216	0.10000000000013642	TimeIntervals	Lick
884.81625	0.06675000000018372	TimeIntervals	Lick
884.9495000000001	0.06674999999984266	TimeIntervals	Lick
885.21625	0.06675000000018372	TimeIntervals	Lick
885.4830000000001	0.06675000000007003	TimeIntervals	Lick
886.7832500000001	0.10000000000002274	TimeIntervals	Lick
889.1502500000001	0.09999999999979536	TimeIntervals	Lick
889.7502499999999	0.06675000000007003	TimeIntervals	Lick
890.1170000000001	0.06675000000007003	TimeIntervals	Lick
890.8837500000002	0.1002499999998463	TimeIntervals	Lick
891.9172500000001	0.1002499999998463	TimeIntervals	Lick
892.5507500000002	0.09999999999979536	TimeIntervals	Lick
892.6840000000001	0.20000000000004547	TimeIntervals	Lick
892.9174999999999	0.10000000000002274	TimeIntervals	Lick
893.0507500000002	0.13350000000002638	TimeIntervals	Lick
893.251	0.20000000000004547	TimeIntervals	Lick
893.48425	0.10000000000013642	TimeIntervals	Lick
893.6175	0.0667500000002974	TimeIntervals	Lick
893.7175000000001	0.10000000000002274	TimeIntervals	Lick
893.851	0.06649999999990541	TimeIntervals	Lick
893.951	0.10000000000002274	TimeIntervals	Lick
894.0842500000001	0.10000000000013642	TimeIntervals	Lick
894.2175000000001	0.10025000000007367	TimeIntervals	Lick
894.351	0.10000000000002274	TimeIntervals	Lick
894.51775	0.09999999999990905	TimeIntervals	Lick
894.651	0.06675000000018372	TimeIntervals	Lick
894.751	0.20000000000004547	TimeIntervals	Lick
894.9844999999999	0.10000000000013642	TimeIntervals	Lick
895.1177499999999	0.10000000000025011	TimeIntervals	Lick
895.251	0.10025000000007367	TimeIntervals	Lick
895.3845000000001	0.09999999999979536	TimeIntervals	Lick
895.518	0.09999999999990905	TimeIntervals	Lick
895.65125	0.10000000000002274	TimeIntervals	Lick
895.7845000000001	0.10000000000002274	TimeIntervals	Lick
895.9512500000001	0.09999999999990905	TimeIntervals	Lick
897.1515	0.09999999999990905	TimeIntervals	Lick
897.6850000000001	0.06649999999990541	TimeIntervals	Lick
897.785	0.10000000000025011	TimeIntervals	Lick
897.9182500000001	0.599999999999909	TimeIntervals	Lick
898.0515	0.10000000000002274	TimeIntervals	Reward
898.5515	0.10024999999995998	TimeIntervals	Lick
898.6850000000001	0.2999999999999545	TimeIntervals	Lick
899.0184999999999	0.10000000000013642	TimeIntervals	Lick
899.15175	0.2999999999999545	TimeIntervals	Lick
899.485	0.10000000000013642	TimeIntervals	Lick
899.6185	0.20000000000015916	TimeIntervals	Lick
899.8520000000001	0.1999999999999318	TimeIntervals	Lick
900.0852500000001	0.10000000000002274	TimeIntervals	Lick
900.2185000000001	0.1999999999999318	TimeIntervals	Lick
900.452	0.06649999999990541	TimeIntervals	Lick
900.552	0.10000000000002274	TimeIntervals	Lick
900.6852500000001	0.10024999999995998	TimeIntervals	Lick
900.8187500000001	0.1999999999999318	TimeIntervals	Lick
901.052	0.10000000000002274	TimeIntervals	Lick
901.1855	0.20000000000004547	TimeIntervals	Lick
901.4187499999999	0.20000000000004547	TimeIntervals	Lick
901.652	0.10000000000002274	TimeIntervals	Lick
901.7855000000001	0.10000000000002274	TimeIntervals	Lick
901.9190000000001	0.1999999999999318	TimeIntervals	Lick
902.1522500000001	0.09999999999990905	TimeIntervals	Lick
902.2855000000001	0.1999999999999318	TimeIntervals	Lick
902.519	0.10000000000002274	TimeIntervals	Lick
902.6522500000001	0.09999999999990905	TimeIntervals	Lick
902.7855000000001	0.06674999999995634	TimeIntervals	Lick
902.8855000000001	0.09999999999990905	TimeIntervals	Lick
903.019	0.06675000000018372	TimeIntervals	Lick
903.119	0.10000000000013642	TimeIntervals	Lick
903.2525	0.13324999999997544	TimeIntervals	Lick
903.4190000000001	0.09999999999990905	TimeIntervals	Lick
904.1192500000001	0.10000000000002274	TimeIntervals	Lick
904.3525000000001	0.10000000000002274	TimeIntervals	Lick
904.486	0.10000000000013642	TimeIntervals	Lick
904.6525000000001	0.09999999999990905	TimeIntervals	Lick
904.8192500000001	0.09999999999990905	TimeIntervals	Lick
904.986	0.0665000000000191	TimeIntervals	Lick
905.1525000000001	0.13350000000002638	TimeIntervals	Lick
905.3195000000001	0.09999999999990905	TimeIntervals	Lick
905.8195000000001	0.06649999999990541	TimeIntervals	Lick
906.0860000000001	0.06674999999984266	TimeIntervals	Lick
906.3195000000001	0.1999999999999318	TimeIntervals	Lick
906.7195000000002	0.09999999999990905	TimeIntervals	Lick
907.4865000000001	0.2999999999999545	TimeIntervals	Lick
908.0865000000001	0.09999999999990905	TimeIntervals	Lick
908.41975	0.10024999999995998	TimeIntervals	Lick
908.6532500000001	0.09999999999990905	TimeIntervals	Lick
908.92	0.06650000000013279	TimeIntervals	Lick
909.0532499999999	0.10000000000013642	TimeIntervals	Lick
909.6535	0.0665000000000191	TimeIntervals	Lick
909.7535000000001	0.10000000000002274	TimeIntervals	Lick
910.0535	0.10000000000002274	TimeIntervals	Lick
910.28675	0.13324999999997544	TimeIntervals	Lick
911.1535	0.10000000000013642	TimeIntervals	Lick
912.2205000000001	0.10000000000002274	TimeIntervals	Lick
912.75375	0.30025000000011914	TimeIntervals	Lick
913.08725	0.10000000000002274	TimeIntervals	Lick
913.2205000000001	0.1999999999999318	TimeIntervals	Lick
913.4540000000001	0.06649999999990541	TimeIntervals	Lick
913.5540000000001	0.09999999999990905	TimeIntervals	Lick
913.6872500000001	0.06674999999995634	TimeIntervals	Lick
913.78725	0.10000000000002274	TimeIntervals	Lick
913.9205000000001	0.10024999999995998	TimeIntervals	Lick
914.0540000000001	0.09999999999990905	TimeIntervals	Lick
914.154	0.03350000000000364	TimeIntervals	Reward
914.1875	0.10000000000002274	TimeIntervals	Lick
914.3207500000001	0.06675000000007003	TimeIntervals	Lick
914.4207499999999	0.20000000000015916	TimeIntervals	Lick
914.654	0.33350000000007185	TimeIntervals	Lick
915.02075	0.4335000000000946	TimeIntervals	Lick
915.4875000000001	0.06674999999984266	TimeIntervals	Lick
915.5875000000002	0.1999999999998181	TimeIntervals	Lick
915.8210000000001	0.19999999999970441	TimeIntervals	Lick
916.0542499999999	0.2002500000000964	TimeIntervals	Lick
916.28775	0.06675000000018372	TimeIntervals	Lick
916.3877500000001	0.09999999999990905	TimeIntervals	Lick
916.5209999999998	0.10000000000025011	TimeIntervals	Lick
916.6545000000001	0.06650000000013279	TimeIntervals	Lick
916.7545	0.10000000000013642	TimeIntervals	Lick
916.8877500000001	0.09999999999990905	TimeIntervals	Lick
917.0209999999998	0.3335000000002992	TimeIntervals	Lick
917.3880000000001	0.10000000000002274	TimeIntervals	Lick
917.5212499999999	0.10000000000013642	TimeIntervals	Lick
917.6880000000001	0.09999999999990905	TimeIntervals	Lick
917.82125	0.1999999999999318	TimeIntervals	Lick
918.0545000000001	0.16675000000009277	TimeIntervals	Lick
918.288	0.4667500000000473	TimeIntervals	Lick
918.9214999999999	0.20000000000015916	TimeIntervals	Lick
919.4214999999999	0.0667500000002974	TimeIntervals	Lick
919.78825	0.10000000000013642	TimeIntervals	Lick
920.055	0.10000000000013642	TimeIntervals	Lick
920.4882500000002	0.10024999999973261	TimeIntervals	Lick
920.8885	0.10000000000002274	TimeIntervals	Lick
921.2217500000002	0.06674999999984266	TimeIntervals	Lick
921.3217500000001	0.09999999999979536	TimeIntervals	Lick
922.6885	0.06700000000023465	TimeIntervals	Lick
923.8220000000001	0.1002499999998463	TimeIntervals	Lick
925.489	0.06674999999995634	TimeIntervals	Lick
925.7557500000001	0.06675000000007003	TimeIntervals	Lick
926.6225000000001	0.10000000000013642	TimeIntervals	Lick
927.4895	0.0665000000000191	TimeIntervals	Lick
927.7895000000001	0.0665000000000191	TimeIntervals	Lick
927.956	0.06674999999995634	TimeIntervals	Lick
928.55625	0.06675000000007003	TimeIntervals	Lick
930.0229999999999	0.10000000000013642	TimeIntervals	Lick
930.9565	0.10000000000002274	TimeIntervals	Lick
931.0900000000001	0.0665000000000191	TimeIntervals	Lick
931.2232500000001	0.09999999999990905	TimeIntervals	Lick
931.3900000000001	0.06649999999990541	TimeIntervals	Lick
931.49	0.10000000000013642	TimeIntervals	Lick
931.6235000000001	0.06649999999990541	TimeIntervals	Lick
931.7235000000002	0.1999999999998181	TimeIntervals	Lick
931.9567499999999	0.3000000000002956	TimeIntervals	Lick
932.2900000000001	0.1999999999999318	TimeIntervals	Lick
932.5235	0.10000000000013642	TimeIntervals	Lick
932.6570000000002	0.10000000000002274	TimeIntervals	Lick
932.79025	0.10000000000025011	TimeIntervals	Lick
932.9235	0.06674999999995634	TimeIntervals	Lick
933.0235	0.10000000000013642	TimeIntervals	Lick
933.1570000000002	0.10000000000002274	TimeIntervals	Lick
933.1902500000001	0.03325000000006639	TimeIntervals	Reward
933.29025	0.2999999999999545	TimeIntervals	Lick
933.6235000000001	0.06674999999995634	TimeIntervals	Lick
933.7235000000002	0.20024999999975535	TimeIntervals	Lick
933.957	0.20000000000015916	TimeIntervals	Lick
934.1905000000002	0.0665000000000191	TimeIntervals	Lick
934.2905000000001	0.10000000000002274	TimeIntervals	Lick
934.4237499999999	0.06675000000007003	TimeIntervals	Lick
934.5237500000001	0.06674999999995634	TimeIntervals	Lick
934.6237500000002	0.1999999999998181	TimeIntervals	Lick
934.857	0.20024999999998272	TimeIntervals	Lick
935.0905	0.20000000000004547	TimeIntervals	Lick
935.324	0.20000000000015916	TimeIntervals	Lick
935.55725	0.20000000000015916	TimeIntervals	Lick
935.7905000000001	0.10000000000002274	TimeIntervals	Lick
935.9240000000001	0.10000000000002274	TimeIntervals	Lick
936.0575	0.23325000000011187	TimeIntervals	Lick
936.324	0.10000000000013642	TimeIntervals	Lick
936.4575	0.10000000000002274	TimeIntervals	Lick
936.5907500000001	0.09999999999990905	TimeIntervals	Lick
936.7575000000002	0.16649999999992815	TimeIntervals	Lick
936.9575	0.10000000000002274	TimeIntervals	Lick
937.091	0.16650000000015552	TimeIntervals	Lick
937.32425	0.23324999999999818	TimeIntervals	Lick
937.591	0.13324999999997544	TimeIntervals	Lick
937.7575000000002	0.29999999999984084	TimeIntervals	Lick
938.691	0.06675000000007003	TimeIntervals	Lick
939.1245	0.2667500000002292	TimeIntervals	Lick
939.5245	0.06674999999995634	TimeIntervals	Lick
939.8245000000001	0.1334999999999127	TimeIntervals	Lick
939.99125	0.23325000000011187	TimeIntervals	Lick
940.4247500000001	0.06674999999995634	TimeIntervals	Lick
940.8580000000001	0.06675000000007003	TimeIntervals	Lick
940.9915000000001	0.06649999999990541	TimeIntervals	Lick
941.0915	0.09999999999990905	TimeIntervals	Lick
941.4250000000001	0.10000000000013642	TimeIntervals	Lick
942.125	0.06649999999990541	TimeIntervals	Lick
942.5250000000002	0.09999999999979536	TimeIntervals	Lick
942.8249999999999	0.1334999999999127	TimeIntervals	Lick
943.4917499999999	0.10000000000013642	TimeIntervals	Lick
944.0920000000001	0.09999999999990905	TimeIntervals	Lick
944.5585000000001	0.06674999999984266	TimeIntervals	Lick
944.9255000000002	0.06649999999990541	TimeIntervals	Lick
945.3920000000002	0.06674999999972897	TimeIntervals	Lick
946.39225	0.10000000000002274	TimeIntervals	Lick
946.89225	0.06674999999995634	TimeIntervals	Lick
947.5590000000001	0.03350000000000364	TimeIntervals	Lick
947.7925	0.10000000000002274	TimeIntervals	Lick
948.2925	0.10000000000002274	TimeIntervals	Lick
949.6595000000002	0.033249999999952706	TimeIntervals	Lick
949.7595000000001	0.13324999999997544	TimeIntervals	Lick
952.2265	0.10000000000013642	TimeIntervals	Lick
954.9602500000001	0.06674999999984266	TimeIntervals	Lick
955.2935000000001	0.09999999999990905	TimeIntervals	Lick
957.7605000000001	0.06675000000007003	TimeIntervals	Lick
958.894	0.10000000000002274	TimeIntervals	Lick
959.0275	0.06675000000007003	TimeIntervals	Lick
959.1610000000002	0.06649999999990541	TimeIntervals	Lick
959.261	0.10000000000013642	TimeIntervals	Lick
959.3942499999999	0.10000000000013642	TimeIntervals	Lick
959.5275	0.06675000000007003	TimeIntervals	Lick
959.6274999999999	0.3000000000000682	TimeIntervals	Lick
959.961	0.10000000000013642	TimeIntervals	Lick
960.0942500000001	0.06675000000007003	TimeIntervals	Lick
960.1945000000001	0.20000000000004547	TimeIntervals	Lick
960.42775	0.06675000000007003	TimeIntervals	Lick
960.52775	0.10000000000002274	TimeIntervals	Lick
960.6610000000002	0.1999999999999318	TimeIntervals	Lick
960.8945000000001	0.09999999999990905	TimeIntervals	Lick
961.02775	0.06675000000018372	TimeIntervals	Lick
961.12775	0.10025000000007367	TimeIntervals	Lick
961.2280000000001	0.033249999999952706	TimeIntervals	Reward
961.26125	0.20000000000004547	TimeIntervals	Lick
961.4945	0.6335000000000264	TimeIntervals	Lick
962.16125	0.06675000000007003	TimeIntervals	Lick
962.26125	0.2002500000000964	TimeIntervals	Lick
962.49475	0.20000000000015916	TimeIntervals	Lick
962.7280000000001	0.1999999999999318	TimeIntervals	Lick
962.9615000000001	0.1999999999999318	TimeIntervals	Lick
963.1947500000001	0.09999999999990905	TimeIntervals	Lick
963.3280000000001	0.20024999999986903	TimeIntervals	Lick
963.5615	0.10000000000002274	TimeIntervals	Lick
963.6950000000002	0.1999999999998181	TimeIntervals	Lick
963.92825	0.10000000000002274	TimeIntervals	Lick
964.0615	0.10000000000002274	TimeIntervals	Lick
964.1950000000002	0.09999999999979536	TimeIntervals	Lick
964.3615000000001	0.06674999999995634	TimeIntervals	Lick
964.4614999999999	0.10025000000018736	TimeIntervals	Lick
964.595	0.10000000000013642	TimeIntervals	Lick
964.7285000000002	0.13324999999997544	TimeIntervals	Lick
964.895	0.10000000000013642	TimeIntervals	Lick
965.0285	0.03325000000006639	TimeIntervals	Lick
965.1950000000002	0.1334999999999127	TimeIntervals	Lick
965.9620000000002	0.06649999999979173	TimeIntervals	Lick
966.7955000000001	0.16650000000015552	TimeIntervals	Lick
967.562	0.06674999999995634	TimeIntervals	Lick
968.2290000000002	0.10000000000002274	TimeIntervals	Lick
969.2957500000001	0.06674999999995634	TimeIntervals	Lick
971.1627500000001	0.09999999999979536	TimeIntervals	Lick
973.063	0.06649999999990541	TimeIntervals	Lick
973.6965	0.0665000000000191	TimeIntervals	Lick
974.4965	0.06675000000018372	TimeIntervals	Lick
975.3965	0.06675000000007003	TimeIntervals	Lick
977.0302499999999	0.10000000000025011	TimeIntervals	Lick
977.1635	0.06675000000018372	TimeIntervals	Lick
977.2635	0.06675000000007003	TimeIntervals	Lick
977.3969999999999	0.06650000000013279	TimeIntervals	Lick
977.5302499999999	0.2002500000002101	TimeIntervals	Lick
977.7637500000001	0.10000000000025011	TimeIntervals	Lick
977.8969999999999	0.06675000000007003	TimeIntervals	Lick
977.9970000000002	0.06674999999972897	TimeIntervals	Lick
978.0970000000002	0.09999999999990905	TimeIntervals	Lick
978.2305000000001	0.06649999999990541	TimeIntervals	Lick
978.3305	0.1999999999999318	TimeIntervals	Lick
978.5637499999999	0.10000000000013642	TimeIntervals	Lick
978.6970000000001	0.06674999999995634	TimeIntervals	Lick
978.8305	0.06674999999995634	TimeIntervals	Lick
978.9305	0.1334999999999127	TimeIntervals	Lick
979.09725	0.10000000000002274	TimeIntervals	Lick
979.2305000000001	0.6335000000001401	TimeIntervals	Lick
979.2639999999999	0.1000000000003638	TimeIntervals	Reward
979.8975000000002	0.43324999999992997	TimeIntervals	Lick
980.3640000000003	2.967249999999808	TimeIntervals	Lick
983.3644999999999	0.10000000000002274	TimeIntervals	Lick
983.4980000000002	0.09999999999990905	TimeIntervals	Lick
983.6312500000001	0.09999999999979536	TimeIntervals	Lick
983.7645000000002	0.09999999999968168	TimeIntervals	Lick
983.8979999999999	0.10000000000025011	TimeIntervals	Lick
984.03125	0.10000000000013642	TimeIntervals	Lick
984.1980000000001	0.06650000000013279	TimeIntervals	Lick
984.298	0.09999999999990905	TimeIntervals	Lick
984.4647500000001	0.3000000000000682	TimeIntervals	Lick
984.9647500000001	0.6667499999999791	TimeIntervals	Lick
985.6650000000001	0.3332500000000209	TimeIntervals	Lick
986.4985	0.10000000000013642	TimeIntervals	Lick
986.6317500000001	0.06674999999972897	TimeIntervals	Lick
986.7650000000001	0.06675000000007003	TimeIntervals	Lick
986.8650000000002	0.09999999999979536	TimeIntervals	Lick
986.9985	0.10000000000013642	TimeIntervals	Lick
987.1317500000001	0.09999999999990905	TimeIntervals	Lick
987.2650000000001	0.06675000000007003	TimeIntervals	Lick
987.3650000000002	0.09999999999979536	TimeIntervals	Lick
987.4985	0.10000000000013642	TimeIntervals	Lick
987.6320000000002	0.09999999999979536	TimeIntervals	Lick
987.7652500000003	0.06674999999984266	TimeIntervals	Lick
987.8985	0.10000000000002274	TimeIntervals	Lick
988.06525	0.10000000000002274	TimeIntervals	Lick
988.3652500000002	0.06674999999984266	TimeIntervals	Lick
988.4985	0.06674999999995634	TimeIntervals	Lick
988.69875	0.09999999999990905	TimeIntervals	Lick
989.532	0.06674999999995634	TimeIntervals	Lick
989.9655	0.06675000000007003	TimeIntervals	Lick
990.5654999999998	0.10000000000013642	TimeIntervals	Lick
990.699	0.10000000000025011	TimeIntervals	Lick
990.83225	0.06675000000007003	TimeIntervals	Lick
991.3325	0.06650000000013279	TimeIntervals	Lick
991.3325	0.06650000000013279	TimeIntervals	Reward
991.5657499999999	0.06675000000018372	TimeIntervals	Lick
991.6657500000001	0.2667500000000018	TimeIntervals	Lick
991.9660000000001	0.3000000000000682	TimeIntervals	Lick
992.2992500000001	0.3000000000000682	TimeIntervals	Lick
992.6325	0.1999999999999318	TimeIntervals	Lick
992.8660000000002	0.06649999999990541	TimeIntervals	Lick
992.9660000000001	0.1999999999999318	TimeIntervals	Lick
993.1995000000001	0.20000000000015916	TimeIntervals	Lick
993.4327499999999	0.20000000000015916	TimeIntervals	Lick
993.666	0.06674999999995634	TimeIntervals	Lick
993.7660000000002	0.1999999999999318	TimeIntervals	Lick
993.9995000000001	0.10000000000002274	TimeIntervals	Lick
994.1327500000001	0.10024999999995998	TimeIntervals	Lick
994.2662500000001	0.19999999999970441	TimeIntervals	Lick
994.4995000000001	0.10000000000002274	TimeIntervals	Lick
994.6330000000002	0.09999999999990905	TimeIntervals	Lick
994.7662500000001	0.10000000000013642	TimeIntervals	Lick
995.0330000000001	0.0665000000000191	TimeIntervals	Lick
995.1662500000001	0.10024999999995998	TimeIntervals	Lick
995.5997500000001	0.09999999999990905	TimeIntervals	Lick
995.7997500000001	0.10000000000002274	TimeIntervals	Lick
996.1330000000002	0.09999999999990905	TimeIntervals	Lick
996.2997500000001	0.10025000000007367	TimeIntervals	Lick
996.5	0.09999999999990905	TimeIntervals	Lick
996.6332500000001	0.13324999999997544	TimeIntervals	Lick
996.83325	0.10000000000002274	TimeIntervals	Lick
996.9665	0.09999999999990905	TimeIntervals	Lick
997.1332500000001	0.10000000000002274	TimeIntervals	Lick
997.2665000000001	0.10000000000013642	TimeIntervals	Lick
997.96675	0.09999999999990905	TimeIntervals	Lick
998.1335000000001	0.10000000000002274	TimeIntervals	Lick
998.3000000000001	0.10000000000013642	TimeIntervals	Lick
999.067	0.10000000000013642	TimeIntervals	Lick
999.3670000000001	0.09999999999979536	TimeIntervals	Lick
1000.3670000000001	0.3000000000000682	TimeIntervals	Lick
1000.7005	0.10000000000013642	TimeIntervals	Lick
1000.8672500000001	0.06674999999972897	TimeIntervals	Lick
1000.9672499999999	0.10000000000013642	TimeIntervals	Lick
1001.1005	0.06675000000018372	TimeIntervals	Lick
1001.2005	0.10000000000013642	TimeIntervals	Lick
1001.334	0.09999999999990905	TimeIntervals	Lick
1001.4672499999999	0.10000000000013642	TimeIntervals	Lick
1001.6005	0.10000000000002274	TimeIntervals	Lick
1001.76725	0.06674999999995634	TimeIntervals	Lick
1001.8675	0.10000000000002274	TimeIntervals	Lick
1002.0007500000002	0.09999999999979536	TimeIntervals	Lick
1002.134	0.10000000000002274	TimeIntervals	Lick
1002.2675	0.09999999999990905	TimeIntervals	Lick
1002.334	0.0667500000002974	TimeIntervals	Reward
1002.4007500000002	0.7334999999999354	TimeIntervals	Lick
1003.1675000000002	0.19999999999970441	TimeIntervals	Lick
1003.4010000000002	0.29999999999984084	TimeIntervals	Lick
1003.73425	0.06675000000007003	TimeIntervals	Lick
1003.8342499999999	0.20000000000015916	TimeIntervals	Lick
1004.0675000000001	0.20024999999986903	TimeIntervals	Lick
1004.301	0.20000000000015916	TimeIntervals	Lick
1004.5345	0.10000000000013642	TimeIntervals	Lick
1004.6677500000003	0.33324999999990723	TimeIntervals	Lick
1005.0345	0.10000000000013642	TimeIntervals	Lick
1005.1680000000001	0.2665000000000646	TimeIntervals	Lick
1005.468	0.10000000000002274	TimeIntervals	Lick
1005.768	0.10000000000025011	TimeIntervals	Lick
1005.9345000000002	0.4335000000000946	TimeIntervals	Lick
1006.468	0.06675000000007003	TimeIntervals	Lick
1006.768	0.13350000000002638	TimeIntervals	Lick
1006.9347500000001	0.23324999999999818	TimeIntervals	Lick
1007.535	0.10000000000002274	TimeIntervals	Lick
1007.8015000000003	0.29999999999972715	TimeIntervals	Lick
1008.135	0.13325000000008913	TimeIntervals	Lick
1008.3015000000003	0.23349999999970805	TimeIntervals	Lick
1008.5685	0.10000000000025011	TimeIntervals	Lick
1008.8685000000002	0.06649999999990541	TimeIntervals	Lick
1009.6020000000001	0.10000000000013642	TimeIntervals	Lick
1009.9352500000003	0.0667499999995016	TimeIntervals	Lick
1010.0685	0.10000000000025011	TimeIntervals	Lick
1010.2685000000001	0.10000000000002274	TimeIntervals	Lick
1010.9019999999999	0.1334999999999127	TimeIntervals	Lick
1011.6020000000001	0.06675000000007003	TimeIntervals	Lick
1011.7355	0.06675000000018372	TimeIntervals	Lick
1011.8354999999999	0.10000000000025011	TimeIntervals	Lick
1012.0354999999998	0.06675000000018372	TimeIntervals	Lick
1012.1355000000001	0.09999999999990905	TimeIntervals	Lick
1012.3354999999999	0.10000000000025011	TimeIntervals	Lick
1012.4690000000002	0.09999999999990905	TimeIntervals	Lick
1012.60225	0.10000000000013642	TimeIntervals	Lick
1012.7355	0.09999999999990905	TimeIntervals	Lick
1012.9025	0.09999999999990905	TimeIntervals	Lick
1013.0690000000001	0.06674999999984266	TimeIntervals	Lick
1013.1690000000001	0.09999999999990905	TimeIntervals	Lick
1013.3025000000002	0.09999999999979536	TimeIntervals	Lick
1013.4690000000002	0.06674999999972897	TimeIntervals	Lick
1013.5690000000001	0.10000000000002274	TimeIntervals	Lick
1013.73575	0.10000000000013642	TimeIntervals	Lick
1013.869	0.06700000000000728	TimeIntervals	Lick
1014.0024999999999	0.10000000000013642	TimeIntervals	Lick
1014.2025000000001	0.06675000000007003	TimeIntervals	Lick
1014.336	0.10000000000002274	TimeIntervals	Lick
1014.46925	0.06674999999995634	TimeIntervals	Lick
1014.6025000000001	0.10000000000002274	TimeIntervals	Lick
1014.836	0.10000000000002274	TimeIntervals	Lick
1015.7695000000001	0.09999999999990905	TimeIntervals	Lick
1016.2695000000001	0.09999999999990905	TimeIntervals	Lick
1017.1695000000001	0.10025000000007367	TimeIntervals	Lick
1017.7697500000002	0.06674999999995634	TimeIntervals	Lick
1018.2030000000001	0.10000000000002274	TimeIntervals	Lick
1019.6035	0.16649999999992815	TimeIntervals	Lick
1019.8035000000002	0.09999999999990905	TimeIntervals	Lick
1019.9367499999998	0.1000000000003638	TimeIntervals	Lick
1020.07	0.09999999999990905	TimeIntervals	Lick
1020.2035000000002	0.29999999999972715	TimeIntervals	Lick
1020.5370000000001	0.06649999999990541	TimeIntervals	Lick
1020.6370000000001	0.09999999999990905	TimeIntervals	Lick
1020.77025	0.06675000000018372	TimeIntervals	Lick
1020.8702499999999	0.1000000000003638	TimeIntervals	Lick
1021.0034999999999	0.10000000000013642	TimeIntervals	Lick
1021.1370000000001	0.09999999999990905	TimeIntervals	Lick
1021.27025	0.06675000000018372	TimeIntervals	Lick
1021.3702499999999	0.1000000000003638	TimeIntervals	Lick
1021.3702499999999	0.1000000000003638	TimeIntervals	Reward
1021.5034999999999	0.4002499999999145	TimeIntervals	Lick
1021.9369999999999	0.20000000000015916	TimeIntervals	Lick
1022.1705000000001	0.06649999999990541	TimeIntervals	Lick
1022.2705000000002	0.1999999999999318	TimeIntervals	Lick
1022.50375	0.10000000000013642	TimeIntervals	Lick
1022.6370000000001	0.20025000000032378	TimeIntervals	Lick
1022.8705	0.20000000000015916	TimeIntervals	Lick
1023.1039999999999	0.20000000000027285	TimeIntervals	Lick
1023.3372500000004	0.09999999999968168	TimeIntervals	Lick
1023.4705000000001	0.06674999999995634	TimeIntervals	Lick
1023.5705000000002	0.09999999999990905	TimeIntervals	Lick
1023.7040000000001	0.1999999999999318	TimeIntervals	Lick
1023.9375	0.10000000000013642	TimeIntervals	Lick
1024.07075	0.1999999999998181	TimeIntervals	Lick
1024.3040000000003	0.09999999999968168	TimeIntervals	Lick
1024.4375000000002	0.19999999999936335	TimeIntervals	Lick
1024.67075	0.09999999999990905	TimeIntervals	Lick
1024.8040000000003	0.09999999999968168	TimeIntervals	Lick
1024.9375000000002	0.09999999999990905	TimeIntervals	Lick
1025.0710000000001	0.09999999999968168	TimeIntervals	Lick
1025.2042499999998	0.1000000000003638	TimeIntervals	Lick
1025.3374999999999	0.1000000000003638	TimeIntervals	Lick
1025.471	0.10000000000013642	TimeIntervals	Lick
1025.60425	0.09999999999968168	TimeIntervals	Lick
1025.7375000000002	0.09999999999968168	TimeIntervals	Lick
1025.871	0.09999999999990905	TimeIntervals	Lick
1026.00425	0.10024999999973261	TimeIntervals	Lick
1026.1377499999999	0.23325000000022555	TimeIntervals	Lick
1026.4044999999999	0.10000000000013642	TimeIntervals	Lick
1026.5710000000001	0.20000000000004547	TimeIntervals	Lick
1026.8045000000002	0.3334999999995034	TimeIntervals	Lick
1027.6379999999997	0.13325000000054388	TimeIntervals	Lick
1028.2715	0.09999999999990905	TimeIntervals	Lick
1028.6379999999997	0.1000000000003638	TimeIntervals	Lick
1028.8380000000002	0.10000000000013642	TimeIntervals	Lick
1029.5715	0.03350000000000364	TimeIntervals	Lick
1030.1714999999997	0.1000000000003638	TimeIntervals	Lick
1031.005	0.06674999999995634	TimeIntervals	Lick
1031.90525	0.06675000000018372	TimeIntervals	Lick
1033.53875	0.10000000000013642	TimeIntervals	Lick
1034.0722500000002	0.06674999999972897	TimeIntervals	Lick
1034.4390000000003	0.033249999999952706	TimeIntervals	Lick
1034.639	0.10000000000013642	TimeIntervals	Lick
1034.77225	0.10024999999995998	TimeIntervals	Lick
1035.30575	0.10000000000013642	TimeIntervals	Lick
1035.739	0.09999999999990905	TimeIntervals	Lick
1035.9060000000002	0.06650000000013279	TimeIntervals	Lick
1036.4392500000001	0.06674999999995634	TimeIntervals	Reward
1036.4725000000003	0.09999999999990905	TimeIntervals	Lick
1036.606	0.5	TimeIntervals	Lick
1037.1394999999998	0.3000000000004093	TimeIntervals	Lick
1037.4727500000001	0.06674999999995634	TimeIntervals	Lick
1037.5727500000003	0.1999999999998181	TimeIntervals	Lick
1037.806	0.06674999999995634	TimeIntervals	Lick
1037.9060000000002	0.1999999999998181	TimeIntervals	Lick
1038.1394999999998	0.06675000000018372	TimeIntervals	Lick
1038.2395	0.10000000000013642	TimeIntervals	Lick
1038.373	0.06650000000013279	TimeIntervals	Lick
1038.4730000000002	0.10000000000013642	TimeIntervals	Lick
1038.60625	0.1999999999998181	TimeIntervals	Lick
1038.8395	0.20000000000004547	TimeIntervals	Lick
1039.0730000000003	0.1999999999998181	TimeIntervals	Lick
1039.3065	0.09999999999990905	TimeIntervals	Lick
1039.4397500000002	0.19999999999959073	TimeIntervals	Lick
1039.673	0.10000000000013642	TimeIntervals	Lick
1039.8065	0.33324999999990723	TimeIntervals	Lick
1040.2065	0.1999999999998181	TimeIntervals	Lick
1040.44	0.09999999999990905	TimeIntervals	Lick
1040.57325	0.13325000000008913	TimeIntervals	Lick
1040.7732500000002	0.06674999999972897	TimeIntervals	Lick
1041.14	0.10000000000013642	TimeIntervals	Lick
1042.0735000000002	0.09999999999968168	TimeIntervals	Lick
1042.54025	0.09999999999990905	TimeIntervals	Lick
1043.0735000000002	0.09999999999968168	TimeIntervals	Lick
1044.207	0.09999999999990905	TimeIntervals	Lick
1044.3405	0.09999999999990905	TimeIntervals	Lick
1044.9740000000002	0.10000000000013642	TimeIntervals	Lick
1045.50725	0.09999999999990905	TimeIntervals	Lick
1046.174	0.10000000000013642	TimeIntervals	Lick
1046.9410000000003	0.09999999999968168	TimeIntervals	Lick
1047.0742500000001	0.06674999999995634	TimeIntervals	Lick
1047.17425	0.06675000000018372	TimeIntervals	Lick
1048.141	0.10000000000013642	TimeIntervals	Lick
1048.2745	0.10000000000013642	TimeIntervals	Lick
1048.40775	0.1999999999998181	TimeIntervals	Lick
1048.641	0.10000000000013642	TimeIntervals	Lick
1048.7745	0.10000000000013642	TimeIntervals	Lick
1048.90775	0.2002500000000964	TimeIntervals	Lick
1049.14125	0.20000000000004547	TimeIntervals	Lick
1049.3745000000001	0.10000000000013642	TimeIntervals	Lick
1049.508	0.10000000000013642	TimeIntervals	Lick
1049.64125	0.1000000000003638	TimeIntervals	Lick
1049.7745	0.10000000000013642	TimeIntervals	Lick
1049.9080000000001	0.09999999999990905	TimeIntervals	Lick
1050.04125	0.09999999999990905	TimeIntervals	Lick
1050.1744999999999	0.06700000000046202	TimeIntervals	Lick
1050.308	0.06674999999995634	TimeIntervals	Lick
1050.4415000000001	0.09999999999968168	TimeIntervals	Lick
1050.4747500000003	0.09999999999968168	TimeIntervals	Reward
1050.57475	0.8667500000001382	TimeIntervals	Lick
1051.4750000000004	0.0999999999994543	TimeIntervals	Lick
1051.6082500000002	0.19999999999959073	TimeIntervals	Lick
1051.8415	0.10000000000013642	TimeIntervals	Lick
1051.9750000000004	0.3332499999994525	TimeIntervals	Lick
1052.3415	0.33349999999995816	TimeIntervals	Lick
1052.7085	0.10000000000013642	TimeIntervals	Lick
1052.84175	0.33324999999990723	TimeIntervals	Lick
1053.2085	0.10000000000013642	TimeIntervals	Lick
1053.34175	0.10000000000013642	TimeIntervals	Lick
1053.4750000000004	0.23349999999959437	TimeIntervals	Lick
1053.7420000000002	0.33324999999967986	TimeIntervals	Lick
1054.1085	0.23349999999982174	TimeIntervals	Lick
1054.37525	0.09999999999990905	TimeIntervals	Lick
1054.5085000000001	0.10024999999973261	TimeIntervals	Lick
1054.6419999999998	0.1000000000003638	TimeIntervals	Lick
1054.7755000000002	0.09999999999990905	TimeIntervals	Lick
1054.90875	0.09999999999990905	TimeIntervals	Lick
1055.0419999999997	0.23350000000050386	TimeIntervals	Lick
1055.3087500000001	0.09999999999990905	TimeIntervals	Lick
1055.4420000000002	0.0999999999994543	TimeIntervals	Lick
1055.5755	0.10000000000013642	TimeIntervals	Lick
1055.709	0.09999999999990905	TimeIntervals	Lick
1055.8422499999997	0.1000000000003638	TimeIntervals	Lick
1055.9755	0.09999999999990905	TimeIntervals	Lick
1056.14225	0.23324999999999818	TimeIntervals	Lick
1056.4090000000003	0.19999999999936335	TimeIntervals	Lick
1056.64225	0.09999999999990905	TimeIntervals	Lick
1056.7755000000002	0.13350000000014006	TimeIntervals	Lick
1056.9425	0.09999999999990905	TimeIntervals	Lick
1057.07575	0.09999999999990905	TimeIntervals	Lick
1057.2425000000003	0.2664999999997235	TimeIntervals	Lick
1057.6425	0.1000000000003638	TimeIntervals	Lick
1057.7757500000002	0.10024999999995998	TimeIntervals	Lick
1057.9425	0.06674999999995634	TimeIntervals	Lick
1058.1425	0.16675000000009277	TimeIntervals	Lick
1058.3424999999997	0.1000000000003638	TimeIntervals	Lick
1058.5425	0.06674999999995634	TimeIntervals	Lick
1058.7425000000003	0.0999999999994543	TimeIntervals	Lick
1059.2094999999997	0.1000000000003638	TimeIntervals	Lick
1059.8760000000002	0.10000000000013642	TimeIntervals	Lick
1060.343	0.06650000000013279	TimeIntervals	Lick
1060.7094999999997	0.1000000000003638	TimeIntervals	Lick
1061.1095	0.10024999999995998	TimeIntervals	Lick
1061.5765	0.09999999999990905	TimeIntervals	Lick
1061.9765000000002	0.09999999999968168	TimeIntervals	Lick
1062.143	0.06674999999995634	TimeIntervals	Lick
1062.7099999999998	0.10000000000013642	TimeIntervals	Lick
1063.9100000000003	0.09999999999968168	TimeIntervals	Lick
1064.2435	0.09999999999990905	TimeIntervals	Lick
1064.677	0.10000000000013642	TimeIntervals	Lick
1065.31025	0.10000000000013642	TimeIntervals	Lick
1066.1105	0.09999999999990905	TimeIntervals	Lick
1067.244	0.06650000000013279	TimeIntervals	Lick
1069.311	0.10000000000013642	TimeIntervals	Lick
1071.5445000000002	0.09999999999990905	TimeIntervals	Lick
1072.74475	0.06674999999995634	TimeIntervals	Lick
1072.84475	0.20000000000004547	TimeIntervals	Lick
1073.078	0.10000000000013642	TimeIntervals	Lick
1073.2115	0.10000000000013642	TimeIntervals	Lick
1073.3449999999998	0.06650000000013279	TimeIntervals	Lick
1073.445	0.20000000000004547	TimeIntervals	Lick
1073.6782500000002	0.19999999999959073	TimeIntervals	Lick
1073.9115	0.20000000000004547	TimeIntervals	Lick
1074.145	0.10000000000013642	TimeIntervals	Lick
1074.27825	0.10024999999973261	TimeIntervals	Lick
1074.4117500000002	0.06674999999972897	TimeIntervals	Lick
1074.545	0.09999999999990905	TimeIntervals	Reward
1074.545	0.06674999999995634	TimeIntervals	Lick
1074.645	2.466999999999871	TimeIntervals	Lick
1077.1454999999999	0.3665000000000873	TimeIntervals	Lick
1077.5455000000002	0.36674999999991087	TimeIntervals	Lick
1077.9455	0.2335000000000491	TimeIntervals	Lick
1078.21225	0.09999999999990905	TimeIntervals	Lick
1078.3454999999997	0.1000000000003638	TimeIntervals	Lick
1078.51225	0.10000000000013642	TimeIntervals	Lick
1078.6454999999999	0.10000000000013642	TimeIntervals	Lick
1078.779	0.09999999999990905	TimeIntervals	Lick
1078.9125000000001	0.09999999999968168	TimeIntervals	Lick
1079.0457500000002	0.09999999999968168	TimeIntervals	Lick
1079.2125	0.06649999999990541	TimeIntervals	Lick
1079.34575	0.06675000000018372	TimeIntervals	Lick
1079.4457500000003	0.13324999999986176	TimeIntervals	Lick
1079.6125000000002	0.09999999999990905	TimeIntervals	Lick
1079.7457499999998	0.10025000000018736	TimeIntervals	Lick
1079.87925	0.1000000000003638	TimeIntervals	Lick
1080.1792500000001	0.033249999999952706	TimeIntervals	Lick
1080.27925	0.06674999999995634	TimeIntervals	Lick
1080.37925	0.13324999999986176	TimeIntervals	Lick
1080.546	0.06650000000013279	TimeIntervals	Lick
1080.6792500000001	0.09999999999990905	TimeIntervals	Lick
1080.9460000000001	0.2667500000000018	TimeIntervals	Lick
1081.5794999999998	0.06650000000013279	TimeIntervals	Lick
1081.81275	0.566749999999729	TimeIntervals	Lick
1082.6795000000002	0.06674999999995634	TimeIntervals	Lick
1082.813	0.06649999999967804	TimeIntervals	Lick
1082.913	0.1332500000003165	TimeIntervals	Lick
1083.0794999999998	0.06700000000023465	TimeIntervals	Lick
1083.2465	0.06650000000013279	TimeIntervals	Lick
1083.3464999999999	0.1000000000003638	TimeIntervals	Lick
1083.513	0.06675000000018372	TimeIntervals	Lick
